source_row,season,week,away,home,picker,candidate_matches,reason
0,2023,1,Florida International,Louisiana Tech,Beta_Rank,0,no_match
1,2023,1,Florida International,Louisiana Tech,Blake Atkinson,0,no_match
2,2023,1,Florida International,Louisiana Tech,CBCR2: Power,0,no_match
3,2023,1,Florida International,Louisiana Tech,CBCR2: Sam,0,no_match
4,2023,1,Florida International,Louisiana Tech,CFB Geek,0,no_match
5,2023,1,Florida International,Louisiana Tech,CFB Graphs,0,no_match
6,2023,1,Florida International,Louisiana Tech,Congrove,0,no_match
7,2023,1,Florida International,Louisiana Tech,DRatings,0,no_match
8,2023,1,Florida International,Louisiana Tech,Dokter Entropy,0,no_match
9,2023,1,Florida International,Louisiana Tech,ESPN FPI,0,no_match
10,2023,1,Florida International,Louisiana Tech,FEI,0,no_match
11,2023,1,Florida International,Louisiana Tech,Harville,0,no_match
12,2023,1,Florida International,Louisiana Tech,JP+,0,no_match
13,2023,1,Florida International,Louisiana Tech,KFord,0,no_match
14,2023,1,Florida International,Louisiana Tech,Keeper,0,no_match
15,2023,1,Florida International,Louisiana Tech,Massey,0,no_match
16,2023,1,Florida International,Louisiana Tech,Moore Ratings,0,no_match
17,2023,1,Florida International,Louisiana Tech,OddsTrader AI,0,no_match
18,2023,1,Florida International,Louisiana Tech,PiRate,0,no_match
19,2023,1,Florida International,Louisiana Tech,PiRate: Bias,0,no_match
20,2023,1,Florida International,Louisiana Tech,PiRate: Mean,0,no_match
21,2023,1,Florida International,Louisiana Tech,Power Rank,0,no_match
22,2023,1,Florida International,Louisiana Tech,Power Rank: Free,0,no_match
23,2023,1,Florida International,Louisiana Tech,Professor Sides,0,no_match
24,2023,1,Florida International,Louisiana Tech,Room44 Bets,0,no_match
25,2023,1,Florida International,Louisiana Tech,SP+,0,no_match
26,2023,1,Florida International,Louisiana Tech,Sagarin,0,no_match
27,2023,1,Florida International,Louisiana Tech,Sagarin: Golden,0,no_match
28,2023,1,Florida International,Louisiana Tech,Sagarin: Predictor,0,no_match
29,2023,1,Florida International,Louisiana Tech,Sagarin: Recent,0,no_match
30,2023,1,Florida International,Louisiana Tech,SportsLine,0,no_match
31,2023,1,Florida International,Louisiana Tech,TShoe Index,0,no_match
32,2023,1,Florida International,Louisiana Tech,TeamRankings,0,no_match
33,2023,1,Florida International,Louisiana Tech,Wilson Ratings,0,no_match
507,2023,2,Central Michigan,Michigan State,Beta_Rank,0,no_match
508,2023,2,Central Michigan,Michigan State,Blake Atkinson,0,no_match
509,2023,2,Central Michigan,Michigan State,CBCR2: Power,0,no_match
510,2023,2,Central Michigan,Michigan State,CBCR2: Sam,0,no_match
511,2023,2,Central Michigan,Michigan State,CFB Geek,0,no_match
512,2023,2,Central Michigan,Michigan State,CFB Graphs,0,no_match
513,2023,2,Central Michigan,Michigan State,Congrove,0,no_match
514,2023,2,Central Michigan,Michigan State,DRatings,0,no_match
515,2023,2,Central Michigan,Michigan State,Dokter Entropy,0,no_match
516,2023,2,Central Michigan,Michigan State,ESPN FPI,0,no_match
517,2023,2,Central Michigan,Michigan State,FEI,0,no_match
518,2023,2,Central Michigan,Michigan State,Harville,0,no_match
519,2023,2,Central Michigan,Michigan State,JP+,0,no_match
520,2023,2,Central Michigan,Michigan State,KFord,0,no_match
521,2023,2,Central Michigan,Michigan State,Keeper,0,no_match
522,2023,2,Central Michigan,Michigan State,Massey,0,no_match
523,2023,2,Central Michigan,Michigan State,Moore Ratings,0,no_match
524,2023,2,Central Michigan,Michigan State,OddsTrader AI,0,no_match
525,2023,2,Central Michigan,Michigan State,PiRate,0,no_match
526,2023,2,Central Michigan,Michigan State,PiRate: Bias,0,no_match
527,2023,2,Central Michigan,Michigan State,PiRate: Mean,0,no_match
528,2023,2,Central Michigan,Michigan State,Power Rank,0,no_match
529,2023,2,Central Michigan,Michigan State,Power Rank: Free,0,no_match
530,2023,2,Central Michigan,Michigan State,Professor Sides,0,no_match
531,2023,2,Central Michigan,Michigan State,Room44 Bets,0,no_match
532,2023,2,Central Michigan,Michigan State,SP+,0,no_match
533,2023,2,Central Michigan,Michigan State,Sagarin,0,no_match
534,2023,2,Central Michigan,Michigan State,Sagarin: Golden,0,no_match
535,2023,2,Central Michigan,Michigan State,Sagarin: Predictor,0,no_match
536,2023,2,Central Michigan,Michigan State,Sagarin: Recent,0,no_match
537,2023,2,Central Michigan,Michigan State,SportsLine,0,no_match
538,2023,2,Central Michigan,Michigan State,TShoe Index,0,no_match
539,2023,2,Central Michigan,Michigan State,TeamRankings,0,no_match
540,2023,2,Central Michigan,Michigan State,Wilson Ratings,0,no_match
677,2023,2,Kent State,UCF,Beta_Rank,0,no_match
678,2023,2,Kent State,UCF,Blake Atkinson,0,no_match
679,2023,2,Kent State,UCF,CBCR2: Power,0,no_match
680,2023,2,Kent State,UCF,CBCR2: Sam,0,no_match
681,2023,2,Kent State,UCF,CFB Geek,0,no_match
682,2023,2,Kent State,UCF,CFB Graphs,0,no_match
683,2023,2,Kent State,UCF,Congrove,0,no_match
684,2023,2,Kent State,UCF,DRatings,0,no_match
685,2023,2,Kent State,UCF,Dokter Entropy,0,no_match
686,2023,2,Kent State,UCF,ESPN FPI,0,no_match
687,2023,2,Kent State,UCF,FEI,0,no_match
688,2023,2,Kent State,UCF,Harville,0,no_match
689,2023,2,Kent State,UCF,JP+,0,no_match
690,2023,2,Kent State,UCF,KFord,0,no_match
691,2023,2,Kent State,UCF,Keeper,0,no_match
692,2023,2,Kent State,UCF,Massey,0,no_match
693,2023,2,Kent State,UCF,Moore Ratings,0,no_match
694,2023,2,Kent State,UCF,OddsTrader AI,0,no_match
695,2023,2,Kent State,UCF,PiRate,0,no_match
696,2023,2,Kent State,UCF,PiRate: Bias,0,no_match
697,2023,2,Kent State,UCF,PiRate: Mean,0,no_match
698,2023,2,Kent State,UCF,Power Rank,0,no_match
699,2023,2,Kent State,UCF,Power Rank: Free,0,no_match
700,2023,2,Kent State,UCF,Professor Sides,0,no_match
701,2023,2,Kent State,UCF,Room44 Bets,0,no_match
702,2023,2,Kent State,UCF,SP+,0,no_match
703,2023,2,Kent State,UCF,Sagarin,0,no_match
704,2023,2,Kent State,UCF,Sagarin: Golden,0,no_match
705,2023,2,Kent State,UCF,Sagarin: Predictor,0,no_match
706,2023,2,Kent State,UCF,Sagarin: Recent,0,no_match
707,2023,2,Kent State,UCF,SportsLine,0,no_match
708,2023,2,Kent State,UCF,TShoe Index,0,no_match
709,2023,2,Kent State,UCF,TeamRankings,0,no_match
710,2023,2,Kent State,UCF,Wilson Ratings,0,no_match
813,2023,2,Miami OH,Miami,Beta_Rank,0,no_match
814,2023,2,Miami OH,Miami,Blake Atkinson,0,no_match
815,2023,2,Miami OH,Miami,CBCR2: Power,0,no_match
816,2023,2,Miami OH,Miami,CBCR2: Sam,0,no_match
817,2023,2,Miami OH,Miami,CFB Geek,0,no_match
818,2023,2,Miami OH,Miami,CFB Graphs,0,no_match
819,2023,2,Miami OH,Miami,Congrove,0,no_match
820,2023,2,Miami OH,Miami,DRatings,0,no_match
821,2023,2,Miami OH,Miami,Dokter Entropy,0,no_match
822,2023,2,Miami OH,Miami,ESPN FPI,0,no_match
823,2023,2,Miami OH,Miami,FEI,0,no_match
824,2023,2,Miami OH,Miami,Harville,0,no_match
825,2023,2,Miami OH,Miami,JP+,0,no_match
826,2023,2,Miami OH,Miami,KFord,0,no_match
827,2023,2,Miami OH,Miami,Keeper,0,no_match
828,2023,2,Miami OH,Miami,Massey,0,no_match
829,2023,2,Miami OH,Miami,Moore Ratings,0,no_match
830,2023,2,Miami OH,Miami,OddsTrader AI,0,no_match
831,2023,2,Miami OH,Miami,PiRate,0,no_match
832,2023,2,Miami OH,Miami,PiRate: Bias,0,no_match
833,2023,2,Miami OH,Miami,PiRate: Mean,0,no_match
834,2023,2,Miami OH,Miami,Power Rank,0,no_match
835,2023,2,Miami OH,Miami,Power Rank: Free,0,no_match
836,2023,2,Miami OH,Miami,Professor Sides,0,no_match
837,2023,2,Miami OH,Miami,Room44 Bets,0,no_match
838,2023,2,Miami OH,Miami,SP+,0,no_match
839,2023,2,Miami OH,Miami,Sagarin,0,no_match
840,2023,2,Miami OH,Miami,Sagarin: Golden,0,no_match
841,2023,2,Miami OH,Miami,Sagarin: Predictor,0,no_match
842,2023,2,Miami OH,Miami,Sagarin: Recent,0,no_match
843,2023,2,Miami OH,Miami,SportsLine,0,no_match
844,2023,2,Miami OH,Miami,TShoe Index,0,no_match
845,2023,2,Miami OH,Miami,TeamRankings,0,no_match
846,2023,2,Miami OH,Miami,Wilson Ratings,0,no_match
847,2023,2,Middle Tennessee,Alabama,Beta_Rank,0,no_match
848,2023,2,Middle Tennessee,Alabama,Blake Atkinson,0,no_match
849,2023,2,Middle Tennessee,Alabama,CBCR2: Power,0,no_match
850,2023,2,Middle Tennessee,Alabama,CBCR2: Sam,0,no_match
851,2023,2,Middle Tennessee,Alabama,CFB Geek,0,no_match
852,2023,2,Middle Tennessee,Alabama,CFB Graphs,0,no_match
853,2023,2,Middle Tennessee,Alabama,Congrove,0,no_match
854,2023,2,Middle Tennessee,Alabama,DRatings,0,no_match
855,2023,2,Middle Tennessee,Alabama,Dokter Entropy,0,no_match
856,2023,2,Middle Tennessee,Alabama,ESPN FPI,0,no_match
857,2023,2,Middle Tennessee,Alabama,FEI,0,no_match
858,2023,2,Middle Tennessee,Alabama,Harville,0,no_match
859,2023,2,Middle Tennessee,Alabama,JP+,0,no_match
860,2023,2,Middle Tennessee,Alabama,KFord,0,no_match
861,2023,2,Middle Tennessee,Alabama,Keeper,0,no_match
862,2023,2,Middle Tennessee,Alabama,Massey,0,no_match
863,2023,2,Middle Tennessee,Alabama,Moore Ratings,0,no_match
864,2023,2,Middle Tennessee,Alabama,OddsTrader AI,0,no_match
865,2023,2,Middle Tennessee,Alabama,PiRate,0,no_match
866,2023,2,Middle Tennessee,Alabama,PiRate: Bias,0,no_match
867,2023,2,Middle Tennessee,Alabama,PiRate: Mean,0,no_match
868,2023,2,Middle Tennessee,Alabama,Power Rank,0,no_match
869,2023,2,Middle Tennessee,Alabama,Power Rank: Free,0,no_match
870,2023,2,Middle Tennessee,Alabama,Professor Sides,0,no_match
871,2023,2,Middle Tennessee,Alabama,Room44 Bets,0,no_match
872,2023,2,Middle Tennessee,Alabama,SP+,0,no_match
873,2023,2,Middle Tennessee,Alabama,Sagarin,0,no_match
874,2023,2,Middle Tennessee,Alabama,Sagarin: Golden,0,no_match
875,2023,2,Middle Tennessee,Alabama,Sagarin: Predictor,0,no_match
876,2023,2,Middle Tennessee,Alabama,Sagarin: Recent,0,no_match
877,2023,2,Middle Tennessee,Alabama,SportsLine,0,no_match
878,2023,2,Middle Tennessee,Alabama,TShoe Index,0,no_match
879,2023,2,Middle Tennessee,Alabama,TeamRankings,0,no_match
880,2023,2,Middle Tennessee,Alabama,Wilson Ratings,0,no_match
1051,2023,2,Northern Illinois,Boston College,Beta_Rank,0,no_match
1052,2023,2,Northern Illinois,Boston College,Blake Atkinson,0,no_match
1053,2023,2,Northern Illinois,Boston College,CBCR2: Power,0,no_match
1054,2023,2,Northern Illinois,Boston College,CBCR2: Sam,0,no_match
1055,2023,2,Northern Illinois,Boston College,CFB Geek,0,no_match
1056,2023,2,Northern Illinois,Boston College,CFB Graphs,0,no_match
1057,2023,2,Northern Illinois,Boston College,Congrove,0,no_match
1058,2023,2,Northern Illinois,Boston College,DRatings,0,no_match
1059,2023,2,Northern Illinois,Boston College,Dokter Entropy,0,no_match
1060,2023,2,Northern Illinois,Boston College,ESPN FPI,0,no_match
1061,2023,2,Northern Illinois,Boston College,FEI,0,no_match
1062,2023,2,Northern Illinois,Boston College,Harville,0,no_match
1063,2023,2,Northern Illinois,Boston College,JP+,0,no_match
1064,2023,2,Northern Illinois,Boston College,KFord,0,no_match
1065,2023,2,Northern Illinois,Boston College,Keeper,0,no_match
1066,2023,2,Northern Illinois,Boston College,Massey,0,no_match
1067,2023,2,Northern Illinois,Boston College,Moore Ratings,0,no_match
1068,2023,2,Northern Illinois,Boston College,OddsTrader AI,0,no_match
1069,2023,2,Northern Illinois,Boston College,PiRate,0,no_match
1070,2023,2,Northern Illinois,Boston College,PiRate: Bias,0,no_match
1071,2023,2,Northern Illinois,Boston College,PiRate: Mean,0,no_match
1072,2023,2,Northern Illinois,Boston College,Power Rank,0,no_match
1073,2023,2,Northern Illinois,Boston College,Power Rank: Free,0,no_match
1074,2023,2,Northern Illinois,Boston College,Professor Sides,0,no_match
1075,2023,2,Northern Illinois,Boston College,Room44 Bets,0,no_match
1076,2023,2,Northern Illinois,Boston College,SP+,0,no_match
1077,2023,2,Northern Illinois,Boston College,Sagarin,0,no_match
1078,2023,2,Northern Illinois,Boston College,Sagarin: Golden,0,no_match
1079,2023,2,Northern Illinois,Boston College,Sagarin: Predictor,0,no_match
1080,2023,2,Northern Illinois,Boston College,Sagarin: Recent,0,no_match
1081,2023,2,Northern Illinois,Boston College,SportsLine,0,no_match
1082,2023,2,Northern Illinois,Boston College,TShoe Index,0,no_match
1083,2023,2,Northern Illinois,Boston College,TeamRankings,0,no_match
1084,2023,2,Northern Illinois,Boston College,Wilson Ratings,0,no_match
1730,2023,3,Kent State,Arkansas,Beta_Rank,0,no_match
1731,2023,3,Kent State,Arkansas,Blake Atkinson,0,no_match
1732,2023,3,Kent State,Arkansas,CBCR2: Power,0,no_match
1733,2023,3,Kent State,Arkansas,CBCR2: Sam,0,no_match
1734,2023,3,Kent State,Arkansas,CFB Geek,0,no_match
1735,2023,3,Kent State,Arkansas,CFB Graphs,0,no_match
1736,2023,3,Kent State,Arkansas,Congrove,0,no_match
1737,2023,3,Kent State,Arkansas,DRatings,0,no_match
1738,2023,3,Kent State,Arkansas,Dokter Entropy,0,no_match
1739,2023,3,Kent State,Arkansas,ESPN FPI,0,no_match
1740,2023,3,Kent State,Arkansas,FEI,0,no_match
1741,2023,3,Kent State,Arkansas,Harville,0,no_match
1742,2023,3,Kent State,Arkansas,JP+,0,no_match
1743,2023,3,Kent State,Arkansas,KFord,0,no_match
1744,2023,3,Kent State,Arkansas,Keeper,0,no_match
1745,2023,3,Kent State,Arkansas,Massey,0,no_match
1746,2023,3,Kent State,Arkansas,Moore Ratings,0,no_match
1747,2023,3,Kent State,Arkansas,OddsTrader AI,0,no_match
1748,2023,3,Kent State,Arkansas,PiRate,0,no_match
1749,2023,3,Kent State,Arkansas,PiRate: Bias,0,no_match
1750,2023,3,Kent State,Arkansas,PiRate: Mean,0,no_match
1751,2023,3,Kent State,Arkansas,Power Rank,0,no_match
1752,2023,3,Kent State,Arkansas,Power Rank: Free,0,no_match
1753,2023,3,Kent State,Arkansas,Professor Sides,0,no_match
1754,2023,3,Kent State,Arkansas,Room44 Bets,0,no_match
1755,2023,3,Kent State,Arkansas,SP+,0,no_match
1756,2023,3,Kent State,Arkansas,Sagarin,0,no_match
1757,2023,3,Kent State,Arkansas,Sagarin: Golden,0,no_match
1758,2023,3,Kent State,Arkansas,Sagarin: Predictor,0,no_match
1759,2023,3,Kent State,Arkansas,Sagarin: Recent,0,no_match
1760,2023,3,Kent State,Arkansas,SportsLine,0,no_match
1761,2023,3,Kent State,Arkansas,TShoe Index,0,no_match
1762,2023,3,Kent State,Arkansas,TeamRankings,0,no_match
1763,2023,3,Kent State,Arkansas,Wilson Ratings,0,no_match
1866,2023,3,Miami OH,Massachusetts,Beta_Rank,0,no_match
1867,2023,3,Miami OH,Massachusetts,Blake Atkinson,0,no_match
1868,2023,3,Miami OH,Massachusetts,CBCR2: Power,0,no_match
1869,2023,3,Miami OH,Massachusetts,CBCR2: Sam,0,no_match
1870,2023,3,Miami OH,Massachusetts,CFB Geek,0,no_match
1871,2023,3,Miami OH,Massachusetts,CFB Graphs,0,no_match
1872,2023,3,Miami OH,Massachusetts,Congrove,0,no_match
1873,2023,3,Miami OH,Massachusetts,DRatings,0,no_match
1874,2023,3,Miami OH,Massachusetts,Dokter Entropy,0,no_match
1875,2023,3,Miami OH,Massachusetts,ESPN FPI,0,no_match
1876,2023,3,Miami OH,Massachusetts,FEI,0,no_match
1877,2023,3,Miami OH,Massachusetts,Harville,0,no_match
1878,2023,3,Miami OH,Massachusetts,JP+,0,no_match
1879,2023,3,Miami OH,Massachusetts,KFord,0,no_match
1880,2023,3,Miami OH,Massachusetts,Keeper,0,no_match
1881,2023,3,Miami OH,Massachusetts,Massey,0,no_match
1882,2023,3,Miami OH,Massachusetts,Moore Ratings,0,no_match
1883,2023,3,Miami OH,Massachusetts,OddsTrader AI,0,no_match
1884,2023,3,Miami OH,Massachusetts,PiRate,0,no_match
1885,2023,3,Miami OH,Massachusetts,PiRate: Bias,0,no_match
1886,2023,3,Miami OH,Massachusetts,PiRate: Mean,0,no_match
1887,2023,3,Miami OH,Massachusetts,Power Rank,0,no_match
1888,2023,3,Miami OH,Massachusetts,Power Rank: Free,0,no_match
1889,2023,3,Miami OH,Massachusetts,Professor Sides,0,no_match
1890,2023,3,Miami OH,Massachusetts,Room44 Bets,0,no_match
1891,2023,3,Miami OH,Massachusetts,SP+,0,no_match
1892,2023,3,Miami OH,Massachusetts,Sagarin,0,no_match
1893,2023,3,Miami OH,Massachusetts,Sagarin: Golden,0,no_match
1894,2023,3,Miami OH,Massachusetts,Sagarin: Predictor,0,no_match
1895,2023,3,Miami OH,Massachusetts,Sagarin: Recent,0,no_match
1896,2023,3,Miami OH,Massachusetts,SportsLine,0,no_match
1897,2023,3,Miami OH,Massachusetts,TShoe Index,0,no_match
1898,2023,3,Miami OH,Massachusetts,TeamRankings,0,no_match
1899,2023,3,Miami OH,Massachusetts,Wilson Ratings,0,no_match
1900,2023,3,Middle Tennessee,Missouri,Beta_Rank,0,no_match
1901,2023,3,Middle Tennessee,Missouri,Blake Atkinson,0,no_match
1902,2023,3,Middle Tennessee,Missouri,CBCR2: Power,0,no_match
1903,2023,3,Middle Tennessee,Missouri,CBCR2: Sam,0,no_match
1904,2023,3,Middle Tennessee,Missouri,CFB Geek,0,no_match
1905,2023,3,Middle Tennessee,Missouri,CFB Graphs,0,no_match
1906,2023,3,Middle Tennessee,Missouri,Congrove,0,no_match
1907,2023,3,Middle Tennessee,Missouri,DRatings,0,no_match
1908,2023,3,Middle Tennessee,Missouri,Dokter Entropy,0,no_match
1909,2023,3,Middle Tennessee,Missouri,ESPN FPI,0,no_match
1910,2023,3,Middle Tennessee,Missouri,FEI,0,no_match
1911,2023,3,Middle Tennessee,Missouri,Harville,0,no_match
1912,2023,3,Middle Tennessee,Missouri,JP+,0,no_match
1913,2023,3,Middle Tennessee,Missouri,KFord,0,no_match
1914,2023,3,Middle Tennessee,Missouri,Keeper,0,no_match
1915,2023,3,Middle Tennessee,Missouri,Massey,0,no_match
1916,2023,3,Middle Tennessee,Missouri,Moore Ratings,0,no_match
1917,2023,3,Middle Tennessee,Missouri,OddsTrader AI,0,no_match
1918,2023,3,Middle Tennessee,Missouri,PiRate,0,no_match
1919,2023,3,Middle Tennessee,Missouri,PiRate: Bias,0,no_match
1920,2023,3,Middle Tennessee,Missouri,PiRate: Mean,0,no_match
1921,2023,3,Middle Tennessee,Missouri,Power Rank,0,no_match
1922,2023,3,Middle Tennessee,Missouri,Power Rank: Free,0,no_match
1923,2023,3,Middle Tennessee,Missouri,Professor Sides,0,no_match
1924,2023,3,Middle Tennessee,Missouri,Room44 Bets,0,no_match
1925,2023,3,Middle Tennessee,Missouri,SP+,0,no_match
1926,2023,3,Middle Tennessee,Missouri,Sagarin,0,no_match
1927,2023,3,Middle Tennessee,Missouri,Sagarin: Golden,0,no_match
1928,2023,3,Middle Tennessee,Missouri,Sagarin: Predictor,0,no_match
1929,2023,3,Middle Tennessee,Missouri,Sagarin: Recent,0,no_match
1930,2023,3,Middle Tennessee,Missouri,SportsLine,0,no_match
1931,2023,3,Middle Tennessee,Missouri,TShoe Index,0,no_match
1932,2023,3,Middle Tennessee,Missouri,TeamRankings,0,no_match
1933,2023,3,Middle Tennessee,Missouri,Wilson Ratings,0,no_match
2036,2023,3,North Texas,Florida International,Beta_Rank,0,no_match
2037,2023,3,North Texas,Florida International,Blake Atkinson,0,no_match
2038,2023,3,North Texas,Florida International,CBCR2: Power,0,no_match
2039,2023,3,North Texas,Florida International,CBCR2: Sam,0,no_match
2040,2023,3,North Texas,Florida International,CFB Geek,0,no_match
2041,2023,3,North Texas,Florida International,CFB Graphs,0,no_match
2042,2023,3,North Texas,Florida International,Congrove,0,no_match
2043,2023,3,North Texas,Florida International,DRatings,0,no_match
2044,2023,3,North Texas,Florida International,Dokter Entropy,0,no_match
2045,2023,3,North Texas,Florida International,ESPN FPI,0,no_match
2046,2023,3,North Texas,Florida International,FEI,0,no_match
2047,2023,3,North Texas,Florida International,Harville,0,no_match
2048,2023,3,North Texas,Florida International,JP+,0,no_match
2049,2023,3,North Texas,Florida International,KFord,0,no_match
2050,2023,3,North Texas,Florida International,Keeper,0,no_match
2051,2023,3,North Texas,Florida International,Massey,0,no_match
2052,2023,3,North Texas,Florida International,Moore Ratings,0,no_match
2053,2023,3,North Texas,Florida International,OddsTrader AI,0,no_match
2054,2023,3,North Texas,Florida International,PiRate,0,no_match
2055,2023,3,North Texas,Florida International,PiRate: Bias,0,no_match
2056,2023,3,North Texas,Florida International,PiRate: Mean,0,no_match
2057,2023,3,North Texas,Florida International,Power Rank,0,no_match
2058,2023,3,North Texas,Florida International,Power Rank: Free,0,no_match
2059,2023,3,North Texas,Florida International,Professor Sides,0,no_match
2060,2023,3,North Texas,Florida International,Room44 Bets,0,no_match
2061,2023,3,North Texas,Florida International,SP+,0,no_match
2062,2023,3,North Texas,Florida International,Sagarin,0,no_match
2063,2023,3,North Texas,Florida International,Sagarin: Golden,0,no_match
2064,2023,3,North Texas,Florida International,Sagarin: Predictor,0,no_match
2065,2023,3,North Texas,Florida International,Sagarin: Recent,0,no_match
2066,2023,3,North Texas,Florida International,SportsLine,0,no_match
2067,2023,3,North Texas,Florida International,TShoe Index,0,no_match
2068,2023,3,North Texas,Florida International,TeamRankings,0,no_match
2069,2023,3,North Texas,Florida International,Wilson Ratings,0,no_match
2274,2023,3,Texas A&M,Miami,Beta_Rank,0,no_match
2275,2023,3,Texas A&M,Miami,Blake Atkinson,0,no_match
2276,2023,3,Texas A&M,Miami,CBCR2: Power,0,no_match
2277,2023,3,Texas A&M,Miami,CBCR2: Sam,0,no_match
2278,2023,3,Texas A&M,Miami,CFB Geek,0,no_match
2279,2023,3,Texas A&M,Miami,CFB Graphs,0,no_match
2280,2023,3,Texas A&M,Miami,Congrove,0,no_match
2281,2023,3,Texas A&M,Miami,DRatings,0,no_match
2282,2023,3,Texas A&M,Miami,Dokter Entropy,0,no_match
2283,2023,3,Texas A&M,Miami,ESPN FPI,0,no_match
2284,2023,3,Texas A&M,Miami,FEI,0,no_match
2285,2023,3,Texas A&M,Miami,Harville,0,no_match
2286,2023,3,Texas A&M,Miami,JP+,0,no_match
2287,2023,3,Texas A&M,Miami,KFord,0,no_match
2288,2023,3,Texas A&M,Miami,Keeper,0,no_match
2289,2023,3,Texas A&M,Miami,Massey,0,no_match
2290,2023,3,Texas A&M,Miami,Moore Ratings,0,no_match
2291,2023,3,Texas A&M,Miami,OddsTrader AI,0,no_match
2292,2023,3,Texas A&M,Miami,PiRate,0,no_match
2293,2023,3,Texas A&M,Miami,PiRate: Bias,0,no_match
2294,2023,3,Texas A&M,Miami,PiRate: Mean,0,no_match
2295,2023,3,Texas A&M,Miami,Power Rank,0,no_match
2296,2023,3,Texas A&M,Miami,Power Rank: Free,0,no_match
2297,2023,3,Texas A&M,Miami,Professor Sides,0,no_match
2298,2023,3,Texas A&M,Miami,Room44 Bets,0,no_match
2299,2023,3,Texas A&M,Miami,SP+,0,no_match
2300,2023,3,Texas A&M,Miami,Sagarin,0,no_match
2301,2023,3,Texas A&M,Miami,Sagarin: Golden,0,no_match
2302,2023,3,Texas A&M,Miami,Sagarin: Predictor,0,no_match
2303,2023,3,Texas A&M,Miami,Sagarin: Recent,0,no_match
2304,2023,3,Texas A&M,Miami,SportsLine,0,no_match
2305,2023,3,Texas A&M,Miami,TShoe Index,0,no_match
2306,2023,3,Texas A&M,Miami,TeamRankings,0,no_match
2307,2023,3,Texas A&M,Miami,Wilson Ratings,0,no_match
2342,2023,3,Troy,Kansas State,Beta_Rank,0,no_match
2343,2023,3,Troy,Kansas State,Blake Atkinson,0,no_match
2344,2023,3,Troy,Kansas State,CBCR2: Power,0,no_match
2345,2023,3,Troy,Kansas State,CBCR2: Sam,0,no_match
2346,2023,3,Troy,Kansas State,CFB Geek,0,no_match
2347,2023,3,Troy,Kansas State,CFB Graphs,0,no_match
2348,2023,3,Troy,Kansas State,Congrove,0,no_match
2349,2023,3,Troy,Kansas State,DRatings,0,no_match
2350,2023,3,Troy,Kansas State,Dokter Entropy,0,no_match
2351,2023,3,Troy,Kansas State,ESPN FPI,0,no_match
2352,2023,3,Troy,Kansas State,FEI,0,no_match
2353,2023,3,Troy,Kansas State,Harville,0,no_match
2354,2023,3,Troy,Kansas State,JP+,0,no_match
2355,2023,3,Troy,Kansas State,KFord,0,no_match
2356,2023,3,Troy,Kansas State,Keeper,0,no_match
2357,2023,3,Troy,Kansas State,Massey,0,no_match
2358,2023,3,Troy,Kansas State,Moore Ratings,0,no_match
2359,2023,3,Troy,Kansas State,OddsTrader AI,0,no_match
2360,2023,3,Troy,Kansas State,PiRate,0,no_match
2361,2023,3,Troy,Kansas State,PiRate: Bias,0,no_match
2362,2023,3,Troy,Kansas State,PiRate: Mean,0,no_match
2363,2023,3,Troy,Kansas State,Power Rank,0,no_match
2364,2023,3,Troy,Kansas State,Power Rank: Free,0,no_match
2365,2023,3,Troy,Kansas State,Professor Sides,0,no_match
2366,2023,3,Troy,Kansas State,Room44 Bets,0,no_match
2367,2023,3,Troy,Kansas State,SP+,0,no_match
2368,2023,3,Troy,Kansas State,Sagarin,0,no_match
2369,2023,3,Troy,Kansas State,Sagarin: Golden,0,no_match
2370,2023,3,Troy,Kansas State,Sagarin: Predictor,0,no_match
2371,2023,3,Troy,Kansas State,Sagarin: Recent,0,no_match
2372,2023,3,Troy,Kansas State,SportsLine,0,no_match
2373,2023,3,Troy,Kansas State,TShoe Index,0,no_match
2374,2023,3,Troy,Kansas State,TeamRankings,0,no_match
2375,2023,3,Troy,Kansas State,Wilson Ratings,0,no_match
2581,2023,3,Western Michigan,Syracuse,Beta_Rank,0,no_match
2582,2023,3,Western Michigan,Syracuse,Blake Atkinson,0,no_match
2583,2023,3,Western Michigan,Syracuse,CBCR2: Power,0,no_match
2584,2023,3,Western Michigan,Syracuse,CBCR2: Sam,0,no_match
2585,2023,3,Western Michigan,Syracuse,CFB Geek,0,no_match
2586,2023,3,Western Michigan,Syracuse,CFB Graphs,0,no_match
2587,2023,3,Western Michigan,Syracuse,Congrove,0,no_match
2588,2023,3,Western Michigan,Syracuse,DRatings,0,no_match
2589,2023,3,Western Michigan,Syracuse,Dokter Entropy,0,no_match
2590,2023,3,Western Michigan,Syracuse,ESPN FPI,0,no_match
2591,2023,3,Western Michigan,Syracuse,FEI,0,no_match
2592,2023,3,Western Michigan,Syracuse,Harville,0,no_match
2593,2023,3,Western Michigan,Syracuse,JP+,0,no_match
2594,2023,3,Western Michigan,Syracuse,KFord,0,no_match
2595,2023,3,Western Michigan,Syracuse,Keeper,0,no_match
2596,2023,3,Western Michigan,Syracuse,Massey,0,no_match
2597,2023,3,Western Michigan,Syracuse,Moore Ratings,0,no_match
2598,2023,3,Western Michigan,Syracuse,OddsTrader AI,0,no_match
2599,2023,3,Western Michigan,Syracuse,PiRate,0,no_match
2600,2023,3,Western Michigan,Syracuse,PiRate: Bias,0,no_match
2601,2023,3,Western Michigan,Syracuse,PiRate: Mean,0,no_match
2602,2023,3,Western Michigan,Syracuse,Power Rank,0,no_match
2603,2023,3,Western Michigan,Syracuse,Power Rank: Free,0,no_match
2604,2023,3,Western Michigan,Syracuse,Professor Sides,0,no_match
2605,2023,3,Western Michigan,Syracuse,Room44 Bets,0,no_match
2606,2023,3,Western Michigan,Syracuse,SP+,0,no_match
2607,2023,3,Western Michigan,Syracuse,Sagarin,0,no_match
2608,2023,3,Western Michigan,Syracuse,Sagarin: Golden,0,no_match
2609,2023,3,Western Michigan,Syracuse,Sagarin: Predictor,0,no_match
2610,2023,3,Western Michigan,Syracuse,Sagarin: Recent,0,no_match
2611,2023,3,Western Michigan,Syracuse,SportsLine,0,no_match
2612,2023,3,Western Michigan,Syracuse,TShoe Index,0,no_match
2613,2023,3,Western Michigan,Syracuse,TeamRankings,0,no_match
2614,2023,3,Western Michigan,Syracuse,Wilson Ratings,0,no_match
2683,2023,4,Central Michigan,Notre Dame,Beta_Rank,0,no_match
2684,2023,4,Central Michigan,Notre Dame,Blake Atkinson,0,no_match
2685,2023,4,Central Michigan,Notre Dame,CBCR2: Power,0,no_match
2686,2023,4,Central Michigan,Notre Dame,CBCR2: Sam,0,no_match
2687,2023,4,Central Michigan,Notre Dame,CFB Geek,0,no_match
2688,2023,4,Central Michigan,Notre Dame,CFB Graphs,0,no_match
2689,2023,4,Central Michigan,Notre Dame,Congrove,0,no_match
2690,2023,4,Central Michigan,Notre Dame,DRatings,0,no_match
2691,2023,4,Central Michigan,Notre Dame,Dokter Entropy,0,no_match
2692,2023,4,Central Michigan,Notre Dame,ESPN FPI,0,no_match
2693,2023,4,Central Michigan,Notre Dame,FEI,0,no_match
2694,2023,4,Central Michigan,Notre Dame,Harville,0,no_match
2695,2023,4,Central Michigan,Notre Dame,JP+,0,no_match
2696,2023,4,Central Michigan,Notre Dame,KFord,0,no_match
2697,2023,4,Central Michigan,Notre Dame,Keeper,0,no_match
2698,2023,4,Central Michigan,Notre Dame,Massey,0,no_match
2699,2023,4,Central Michigan,Notre Dame,Moore Ratings,0,no_match
2700,2023,4,Central Michigan,Notre Dame,OddsTrader AI,0,no_match
2701,2023,4,Central Michigan,Notre Dame,PiRate,0,no_match
2702,2023,4,Central Michigan,Notre Dame,PiRate: Bias,0,no_match
2703,2023,4,Central Michigan,Notre Dame,PiRate: Mean,0,no_match
2704,2023,4,Central Michigan,Notre Dame,Power Rank,0,no_match
2705,2023,4,Central Michigan,Notre Dame,Power Rank: Free,0,no_match
2706,2023,4,Central Michigan,Notre Dame,Professor Sides,0,no_match
2707,2023,4,Central Michigan,Notre Dame,Room44 Bets,0,no_match
2708,2023,4,Central Michigan,Notre Dame,SP+,0,no_match
2709,2023,4,Central Michigan,Notre Dame,Sagarin,0,no_match
2710,2023,4,Central Michigan,Notre Dame,Sagarin: Golden,0,no_match
2711,2023,4,Central Michigan,Notre Dame,Sagarin: Predictor,0,no_match
2712,2023,4,Central Michigan,Notre Dame,Sagarin: Recent,0,no_match
2713,2023,4,Central Michigan,Notre Dame,SportsLine,0,no_match
2714,2023,4,Central Michigan,Notre Dame,TShoe Index,0,no_match
2715,2023,4,Central Michigan,Notre Dame,TeamRankings,0,no_match
2716,2023,4,Central Michigan,Notre Dame,Wilson Ratings,0,no_match
2751,2023,4,Florida International,Connecticut,Beta_Rank,0,no_match
2752,2023,4,Florida International,Connecticut,Blake Atkinson,0,no_match
2753,2023,4,Florida International,Connecticut,CBCR2: Power,0,no_match
2754,2023,4,Florida International,Connecticut,CBCR2: Sam,0,no_match
2755,2023,4,Florida International,Connecticut,CFB Geek,0,no_match
2756,2023,4,Florida International,Connecticut,CFB Graphs,0,no_match
2757,2023,4,Florida International,Connecticut,Congrove,0,no_match
2758,2023,4,Florida International,Connecticut,DRatings,0,no_match
2759,2023,4,Florida International,Connecticut,Dokter Entropy,0,no_match
2760,2023,4,Florida International,Connecticut,ESPN FPI,0,no_match
2761,2023,4,Florida International,Connecticut,FEI,0,no_match
2762,2023,4,Florida International,Connecticut,Harville,0,no_match
2763,2023,4,Florida International,Connecticut,JP+,0,no_match
2764,2023,4,Florida International,Connecticut,KFord,0,no_match
2765,2023,4,Florida International,Connecticut,Keeper,0,no_match
2766,2023,4,Florida International,Connecticut,Massey,0,no_match
2767,2023,4,Florida International,Connecticut,Moore Ratings,0,no_match
2768,2023,4,Florida International,Connecticut,OddsTrader AI,0,no_match
2769,2023,4,Florida International,Connecticut,PiRate,0,no_match
2770,2023,4,Florida International,Connecticut,PiRate: Bias,0,no_match
2771,2023,4,Florida International,Connecticut,PiRate: Mean,0,no_match
2772,2023,4,Florida International,Connecticut,Power Rank,0,no_match
2773,2023,4,Florida International,Connecticut,Power Rank: Free,0,no_match
2774,2023,4,Florida International,Connecticut,Professor Sides,0,no_match
2775,2023,4,Florida International,Connecticut,Room44 Bets,0,no_match
2776,2023,4,Florida International,Connecticut,SP+,0,no_match
2777,2023,4,Florida International,Connecticut,Sagarin,0,no_match
2778,2023,4,Florida International,Connecticut,Sagarin: Golden,0,no_match
2779,2023,4,Florida International,Connecticut,Sagarin: Predictor,0,no_match
2780,2023,4,Florida International,Connecticut,Sagarin: Recent,0,no_match
2781,2023,4,Florida International,Connecticut,SportsLine,0,no_match
2782,2023,4,Florida International,Connecticut,TShoe Index,0,no_match
2783,2023,4,Florida International,Connecticut,TeamRankings,0,no_match
2784,2023,4,Florida International,Connecticut,Wilson Ratings,0,no_match
2921,2023,4,James Madison,Troy,Beta_Rank,0,no_match
2922,2023,4,James Madison,Troy,Blake Atkinson,0,no_match
2923,2023,4,James Madison,Troy,CBCR2: Power,0,no_match
2924,2023,4,James Madison,Troy,CBCR2: Sam,0,no_match
2925,2023,4,James Madison,Troy,CFB Geek,0,no_match
2926,2023,4,James Madison,Troy,CFB Graphs,0,no_match
2927,2023,4,James Madison,Troy,Congrove,0,no_match
2928,2023,4,James Madison,Troy,DRatings,0,no_match
2929,2023,4,James Madison,Troy,Dokter Entropy,0,no_match
2930,2023,4,James Madison,Troy,ESPN FPI,0,no_match
2931,2023,4,James Madison,Troy,FEI,0,no_match
2932,2023,4,James Madison,Troy,Harville,0,no_match
2933,2023,4,James Madison,Troy,JP+,0,no_match
2934,2023,4,James Madison,Troy,KFord,0,no_match
2935,2023,4,James Madison,Troy,Keeper,0,no_match
2936,2023,4,James Madison,Troy,Massey,0,no_match
2937,2023,4,James Madison,Troy,Moore Ratings,0,no_match
2938,2023,4,James Madison,Troy,OddsTrader AI,0,no_match
2939,2023,4,James Madison,Troy,PiRate,0,no_match
2940,2023,4,James Madison,Troy,PiRate: Bias,0,no_match
2941,2023,4,James Madison,Troy,PiRate: Mean,0,no_match
2942,2023,4,James Madison,Troy,Power Rank,0,no_match
2943,2023,4,James Madison,Troy,Power Rank: Free,0,no_match
2944,2023,4,James Madison,Troy,Professor Sides,0,no_match
2945,2023,4,James Madison,Troy,Room44 Bets,0,no_match
2946,2023,4,James Madison,Troy,SP+,0,no_match
2947,2023,4,James Madison,Troy,Sagarin,0,no_match
2948,2023,4,James Madison,Troy,Sagarin: Golden,0,no_match
2949,2023,4,James Madison,Troy,Sagarin: Predictor,0,no_match
2950,2023,4,James Madison,Troy,Sagarin: Recent,0,no_match
2951,2023,4,James Madison,Troy,SportsLine,0,no_match
2952,2023,4,James Madison,Troy,TShoe Index,0,no_match
2953,2023,4,James Madison,Troy,TeamRankings,0,no_match
2954,2023,4,James Madison,Troy,Wilson Ratings,0,no_match
3125,2023,4,Massachusetts,Eastern Michigan,Beta_Rank,0,no_match
3126,2023,4,Massachusetts,Eastern Michigan,Blake Atkinson,0,no_match
3127,2023,4,Massachusetts,Eastern Michigan,CBCR2: Power,0,no_match
3128,2023,4,Massachusetts,Eastern Michigan,CBCR2: Sam,0,no_match
3129,2023,4,Massachusetts,Eastern Michigan,CFB Geek,0,no_match
3130,2023,4,Massachusetts,Eastern Michigan,CFB Graphs,0,no_match
3131,2023,4,Massachusetts,Eastern Michigan,Congrove,0,no_match
3132,2023,4,Massachusetts,Eastern Michigan,DRatings,0,no_match
3133,2023,4,Massachusetts,Eastern Michigan,Dokter Entropy,0,no_match
3134,2023,4,Massachusetts,Eastern Michigan,ESPN FPI,0,no_match
3135,2023,4,Massachusetts,Eastern Michigan,FEI,0,no_match
3136,2023,4,Massachusetts,Eastern Michigan,Harville,0,no_match
3137,2023,4,Massachusetts,Eastern Michigan,JP+,0,no_match
3138,2023,4,Massachusetts,Eastern Michigan,KFord,0,no_match
3139,2023,4,Massachusetts,Eastern Michigan,Keeper,0,no_match
3140,2023,4,Massachusetts,Eastern Michigan,Massey,0,no_match
3141,2023,4,Massachusetts,Eastern Michigan,Moore Ratings,0,no_match
3142,2023,4,Massachusetts,Eastern Michigan,OddsTrader AI,0,no_match
3143,2023,4,Massachusetts,Eastern Michigan,PiRate,0,no_match
3144,2023,4,Massachusetts,Eastern Michigan,PiRate: Bias,0,no_match
3145,2023,4,Massachusetts,Eastern Michigan,PiRate: Mean,0,no_match
3146,2023,4,Massachusetts,Eastern Michigan,Power Rank,0,no_match
3147,2023,4,Massachusetts,Eastern Michigan,Power Rank: Free,0,no_match
3148,2023,4,Massachusetts,Eastern Michigan,Professor Sides,0,no_match
3149,2023,4,Massachusetts,Eastern Michigan,Room44 Bets,0,no_match
3150,2023,4,Massachusetts,Eastern Michigan,SP+,0,no_match
3151,2023,4,Massachusetts,Eastern Michigan,Sagarin,0,no_match
3152,2023,4,Massachusetts,Eastern Michigan,Sagarin: Golden,0,no_match
3153,2023,4,Massachusetts,Eastern Michigan,Sagarin: Predictor,0,no_match
3154,2023,4,Massachusetts,Eastern Michigan,Sagarin: Recent,0,no_match
3155,2023,4,Massachusetts,Eastern Michigan,SportsLine,0,no_match
3156,2023,4,Massachusetts,Eastern Michigan,TShoe Index,0,no_match
3157,2023,4,Massachusetts,Eastern Michigan,TeamRankings,0,no_match
3158,2023,4,Massachusetts,Eastern Michigan,Wilson Ratings,0,no_match
3159,2023,4,Miami OH,Cincinnati,Beta_Rank,0,no_match
3160,2023,4,Miami OH,Cincinnati,Blake Atkinson,0,no_match
3161,2023,4,Miami OH,Cincinnati,CBCR2: Power,0,no_match
3162,2023,4,Miami OH,Cincinnati,CBCR2: Sam,0,no_match
3163,2023,4,Miami OH,Cincinnati,CFB Geek,0,no_match
3164,2023,4,Miami OH,Cincinnati,CFB Graphs,0,no_match
3165,2023,4,Miami OH,Cincinnati,Congrove,0,no_match
3166,2023,4,Miami OH,Cincinnati,DRatings,0,no_match
3167,2023,4,Miami OH,Cincinnati,Dokter Entropy,0,no_match
3168,2023,4,Miami OH,Cincinnati,ESPN FPI,0,no_match
3169,2023,4,Miami OH,Cincinnati,FEI,0,no_match
3170,2023,4,Miami OH,Cincinnati,Harville,0,no_match
3171,2023,4,Miami OH,Cincinnati,JP+,0,no_match
3172,2023,4,Miami OH,Cincinnati,KFord,0,no_match
3173,2023,4,Miami OH,Cincinnati,Keeper,0,no_match
3174,2023,4,Miami OH,Cincinnati,Massey,0,no_match
3175,2023,4,Miami OH,Cincinnati,Moore Ratings,0,no_match
3176,2023,4,Miami OH,Cincinnati,OddsTrader AI,0,no_match
3177,2023,4,Miami OH,Cincinnati,PiRate,0,no_match
3178,2023,4,Miami OH,Cincinnati,PiRate: Bias,0,no_match
3179,2023,4,Miami OH,Cincinnati,PiRate: Mean,0,no_match
3180,2023,4,Miami OH,Cincinnati,Power Rank,0,no_match
3181,2023,4,Miami OH,Cincinnati,Power Rank: Free,0,no_match
3182,2023,4,Miami OH,Cincinnati,Professor Sides,0,no_match
3183,2023,4,Miami OH,Cincinnati,Room44 Bets,0,no_match
3184,2023,4,Miami OH,Cincinnati,SP+,0,no_match
3185,2023,4,Miami OH,Cincinnati,Sagarin,0,no_match
3186,2023,4,Miami OH,Cincinnati,Sagarin: Golden,0,no_match
3187,2023,4,Miami OH,Cincinnati,Sagarin: Predictor,0,no_match
3188,2023,4,Miami OH,Cincinnati,Sagarin: Recent,0,no_match
3189,2023,4,Miami OH,Cincinnati,SportsLine,0,no_match
3190,2023,4,Miami OH,Cincinnati,TShoe Index,0,no_match
3191,2023,4,Miami OH,Cincinnati,TeamRankings,0,no_match
3192,2023,4,Miami OH,Cincinnati,Wilson Ratings,0,no_match
3295,2023,4,Northern Illinois,Nebraska,Beta_Rank,0,no_match
3296,2023,4,Northern Illinois,Nebraska,Blake Atkinson,0,no_match
3297,2023,4,Northern Illinois,Nebraska,CBCR2: Power,0,no_match
3298,2023,4,Northern Illinois,Nebraska,CBCR2: Sam,0,no_match
3299,2023,4,Northern Illinois,Nebraska,CFB Geek,0,no_match
3300,2023,4,Northern Illinois,Nebraska,CFB Graphs,0,no_match
3301,2023,4,Northern Illinois,Nebraska,Congrove,0,no_match
3302,2023,4,Northern Illinois,Nebraska,DRatings,0,no_match
3303,2023,4,Northern Illinois,Nebraska,Dokter Entropy,0,no_match
3304,2023,4,Northern Illinois,Nebraska,ESPN FPI,0,no_match
3305,2023,4,Northern Illinois,Nebraska,FEI,0,no_match
3306,2023,4,Northern Illinois,Nebraska,Harville,0,no_match
3307,2023,4,Northern Illinois,Nebraska,JP+,0,no_match
3308,2023,4,Northern Illinois,Nebraska,KFord,0,no_match
3309,2023,4,Northern Illinois,Nebraska,Keeper,0,no_match
3310,2023,4,Northern Illinois,Nebraska,Massey,0,no_match
3311,2023,4,Northern Illinois,Nebraska,Moore Ratings,0,no_match
3312,2023,4,Northern Illinois,Nebraska,OddsTrader AI,0,no_match
3313,2023,4,Northern Illinois,Nebraska,PiRate,0,no_match
3314,2023,4,Northern Illinois,Nebraska,PiRate: Bias,0,no_match
3315,2023,4,Northern Illinois,Nebraska,PiRate: Mean,0,no_match
3316,2023,4,Northern Illinois,Nebraska,Power Rank,0,no_match
3317,2023,4,Northern Illinois,Nebraska,Power Rank: Free,0,no_match
3318,2023,4,Northern Illinois,Nebraska,Professor Sides,0,no_match
3319,2023,4,Northern Illinois,Nebraska,Room44 Bets,0,no_match
3320,2023,4,Northern Illinois,Nebraska,SP+,0,no_match
3321,2023,4,Northern Illinois,Nebraska,Sagarin,0,no_match
3322,2023,4,Northern Illinois,Nebraska,Sagarin: Golden,0,no_match
3323,2023,4,Northern Illinois,Nebraska,Sagarin: Predictor,0,no_match
3324,2023,4,Northern Illinois,Nebraska,Sagarin: Recent,0,no_match
3325,2023,4,Northern Illinois,Nebraska,SportsLine,0,no_match
3326,2023,4,Northern Illinois,Nebraska,TShoe Index,0,no_match
3327,2023,4,Northern Illinois,Nebraska,TeamRankings,0,no_match
3328,2023,4,Northern Illinois,Nebraska,Wilson Ratings,0,no_match
3499,2023,4,Tulane,Southern Mississippi,Beta_Rank,0,no_match
3500,2023,4,Tulane,Southern Mississippi,Blake Atkinson,0,no_match
3501,2023,4,Tulane,Southern Mississippi,CBCR2: Power,0,no_match
3502,2023,4,Tulane,Southern Mississippi,CBCR2: Sam,0,no_match
3503,2023,4,Tulane,Southern Mississippi,CFB Geek,0,no_match
3504,2023,4,Tulane,Southern Mississippi,CFB Graphs,0,no_match
3505,2023,4,Tulane,Southern Mississippi,Congrove,0,no_match
3506,2023,4,Tulane,Southern Mississippi,DRatings,0,no_match
3507,2023,4,Tulane,Southern Mississippi,Dokter Entropy,0,no_match
3508,2023,4,Tulane,Southern Mississippi,ESPN FPI,0,no_match
3509,2023,4,Tulane,Southern Mississippi,FEI,0,no_match
3510,2023,4,Tulane,Southern Mississippi,Harville,0,no_match
3511,2023,4,Tulane,Southern Mississippi,JP+,0,no_match
3512,2023,4,Tulane,Southern Mississippi,KFord,0,no_match
3513,2023,4,Tulane,Southern Mississippi,Keeper,0,no_match
3514,2023,4,Tulane,Southern Mississippi,Massey,0,no_match
3515,2023,4,Tulane,Southern Mississippi,Moore Ratings,0,no_match
3516,2023,4,Tulane,Southern Mississippi,OddsTrader AI,0,no_match
3517,2023,4,Tulane,Southern Mississippi,PiRate,0,no_match
3518,2023,4,Tulane,Southern Mississippi,PiRate: Bias,0,no_match
3519,2023,4,Tulane,Southern Mississippi,PiRate: Mean,0,no_match
3520,2023,4,Tulane,Southern Mississippi,Power Rank,0,no_match
3521,2023,4,Tulane,Southern Mississippi,Power Rank: Free,0,no_match
3522,2023,4,Tulane,Southern Mississippi,Professor Sides,0,no_match
3523,2023,4,Tulane,Southern Mississippi,Room44 Bets,0,no_match
3524,2023,4,Tulane,Southern Mississippi,SP+,0,no_match
3525,2023,4,Tulane,Southern Mississippi,Sagarin,0,no_match
3526,2023,4,Tulane,Southern Mississippi,Sagarin: Golden,0,no_match
3527,2023,4,Tulane,Southern Mississippi,Sagarin: Predictor,0,no_match
3528,2023,4,Tulane,Southern Mississippi,Sagarin: Recent,0,no_match
3529,2023,4,Tulane,Southern Mississippi,SportsLine,0,no_match
3530,2023,4,Tulane,Southern Mississippi,TShoe Index,0,no_match
3531,2023,4,Tulane,Southern Mississippi,TeamRankings,0,no_match
3532,2023,4,Tulane,Southern Mississippi,Wilson Ratings,0,no_match
3771,2023,4,Western Michigan,Iowa,Beta_Rank,0,no_match
3772,2023,4,Western Michigan,Iowa,Blake Atkinson,0,no_match
3773,2023,4,Western Michigan,Iowa,CBCR2: Power,0,no_match
3774,2023,4,Western Michigan,Iowa,CBCR2: Sam,0,no_match
3775,2023,4,Western Michigan,Iowa,CFB Geek,0,no_match
3776,2023,4,Western Michigan,Iowa,CFB Graphs,0,no_match
3777,2023,4,Western Michigan,Iowa,Congrove,0,no_match
3778,2023,4,Western Michigan,Iowa,DRatings,0,no_match
3779,2023,4,Western Michigan,Iowa,Dokter Entropy,0,no_match
3780,2023,4,Western Michigan,Iowa,ESPN FPI,0,no_match
3781,2023,4,Western Michigan,Iowa,FEI,0,no_match
3782,2023,4,Western Michigan,Iowa,Harville,0,no_match
3783,2023,4,Western Michigan,Iowa,JP+,0,no_match
3784,2023,4,Western Michigan,Iowa,KFord,0,no_match
3785,2023,4,Western Michigan,Iowa,Keeper,0,no_match
3786,2023,4,Western Michigan,Iowa,Massey,0,no_match
3787,2023,4,Western Michigan,Iowa,Moore Ratings,0,no_match
3788,2023,4,Western Michigan,Iowa,OddsTrader AI,0,no_match
3789,2023,4,Western Michigan,Iowa,PiRate,0,no_match
3790,2023,4,Western Michigan,Iowa,PiRate: Bias,0,no_match
3791,2023,4,Western Michigan,Iowa,PiRate: Mean,0,no_match
3792,2023,4,Western Michigan,Iowa,Power Rank,0,no_match
3793,2023,4,Western Michigan,Iowa,Power Rank: Free,0,no_match
3794,2023,4,Western Michigan,Iowa,Professor Sides,0,no_match
3795,2023,4,Western Michigan,Iowa,Room44 Bets,0,no_match
3796,2023,4,Western Michigan,Iowa,SP+,0,no_match
3797,2023,4,Western Michigan,Iowa,Sagarin,0,no_match
3798,2023,4,Western Michigan,Iowa,Sagarin: Golden,0,no_match
3799,2023,4,Western Michigan,Iowa,Sagarin: Predictor,0,no_match
3800,2023,4,Western Michigan,Iowa,Sagarin: Recent,0,no_match
3801,2023,4,Western Michigan,Iowa,SportsLine,0,no_match
3802,2023,4,Western Michigan,Iowa,TShoe Index,0,no_match
3803,2023,4,Western Michigan,Iowa,TeamRankings,0,no_match
3804,2023,4,Western Michigan,Iowa,Wilson Ratings,0,no_match
4009,2023,5,Central Michigan,South Alabama,Beta_Rank,0,no_match
4010,2023,5,Central Michigan,South Alabama,Blake Atkinson,0,no_match
4011,2023,5,Central Michigan,South Alabama,CBCR2: Power,0,no_match
4012,2023,5,Central Michigan,South Alabama,CBCR2: Sam,0,no_match
4013,2023,5,Central Michigan,South Alabama,CFB Geek,0,no_match
4014,2023,5,Central Michigan,South Alabama,CFB Graphs,0,no_match
4015,2023,5,Central Michigan,South Alabama,Congrove,0,no_match
4016,2023,5,Central Michigan,South Alabama,DRatings,0,no_match
4017,2023,5,Central Michigan,South Alabama,Dokter Entropy,0,no_match
4018,2023,5,Central Michigan,South Alabama,ESPN FPI,0,no_match
4019,2023,5,Central Michigan,South Alabama,FEI,0,no_match
4020,2023,5,Central Michigan,South Alabama,Harville,0,no_match
4021,2023,5,Central Michigan,South Alabama,JP+,0,no_match
4022,2023,5,Central Michigan,South Alabama,KFord,0,no_match
4023,2023,5,Central Michigan,South Alabama,Keeper,0,no_match
4024,2023,5,Central Michigan,South Alabama,Massey,0,no_match
4025,2023,5,Central Michigan,South Alabama,Moore Ratings,0,no_match
4026,2023,5,Central Michigan,South Alabama,OddsTrader AI,0,no_match
4027,2023,5,Central Michigan,South Alabama,PiRate,0,no_match
4028,2023,5,Central Michigan,South Alabama,PiRate: Bias,0,no_match
4029,2023,5,Central Michigan,South Alabama,PiRate: Mean,0,no_match
4030,2023,5,Central Michigan,South Alabama,Power Rank,0,no_match
4031,2023,5,Central Michigan,South Alabama,Power Rank: Free,0,no_match
4032,2023,5,Central Michigan,South Alabama,Professor Sides,0,no_match
4033,2023,5,Central Michigan,South Alabama,Room44 Bets,0,no_match
4034,2023,5,Central Michigan,South Alabama,SP+,0,no_match
4035,2023,5,Central Michigan,South Alabama,Sagarin,0,no_match
4036,2023,5,Central Michigan,South Alabama,Sagarin: Golden,0,no_match
4037,2023,5,Central Michigan,South Alabama,Sagarin: Predictor,0,no_match
4038,2023,5,Central Michigan,South Alabama,Sagarin: Recent,0,no_match
4039,2023,5,Central Michigan,South Alabama,SportsLine,0,no_match
4040,2023,5,Central Michigan,South Alabama,TShoe Index,0,no_match
4041,2023,5,Central Michigan,South Alabama,TeamRankings,0,no_match
4042,2023,5,Central Michigan,South Alabama,Wilson Ratings,0,no_match
4111,2023,5,Eastern Michigan,Jacksonville State,Beta_Rank,0,no_match
4112,2023,5,Eastern Michigan,Jacksonville State,Blake Atkinson,0,no_match
4113,2023,5,Eastern Michigan,Jacksonville State,CBCR2: Power,0,no_match
4114,2023,5,Eastern Michigan,Jacksonville State,CBCR2: Sam,0,no_match
4115,2023,5,Eastern Michigan,Jacksonville State,CFB Geek,0,no_match
4116,2023,5,Eastern Michigan,Jacksonville State,CFB Graphs,0,no_match
4117,2023,5,Eastern Michigan,Jacksonville State,Congrove,0,no_match
4118,2023,5,Eastern Michigan,Jacksonville State,DRatings,0,no_match
4119,2023,5,Eastern Michigan,Jacksonville State,Dokter Entropy,0,no_match
4120,2023,5,Eastern Michigan,Jacksonville State,ESPN FPI,0,no_match
4121,2023,5,Eastern Michigan,Jacksonville State,FEI,0,no_match
4122,2023,5,Eastern Michigan,Jacksonville State,Harville,0,no_match
4123,2023,5,Eastern Michigan,Jacksonville State,JP+,0,no_match
4124,2023,5,Eastern Michigan,Jacksonville State,KFord,0,no_match
4125,2023,5,Eastern Michigan,Jacksonville State,Keeper,0,no_match
4126,2023,5,Eastern Michigan,Jacksonville State,Massey,0,no_match
4127,2023,5,Eastern Michigan,Jacksonville State,Moore Ratings,0,no_match
4128,2023,5,Eastern Michigan,Jacksonville State,OddsTrader AI,0,no_match
4129,2023,5,Eastern Michigan,Jacksonville State,PiRate,0,no_match
4130,2023,5,Eastern Michigan,Jacksonville State,PiRate: Bias,0,no_match
4131,2023,5,Eastern Michigan,Jacksonville State,PiRate: Mean,0,no_match
4132,2023,5,Eastern Michigan,Jacksonville State,Power Rank,0,no_match
4133,2023,5,Eastern Michigan,Jacksonville State,Power Rank: Free,0,no_match
4134,2023,5,Eastern Michigan,Jacksonville State,Professor Sides,0,no_match
4135,2023,5,Eastern Michigan,Jacksonville State,Room44 Bets,0,no_match
4136,2023,5,Eastern Michigan,Jacksonville State,SP+,0,no_match
4137,2023,5,Eastern Michigan,Jacksonville State,Sagarin,0,no_match
4138,2023,5,Eastern Michigan,Jacksonville State,Sagarin: Golden,0,no_match
4139,2023,5,Eastern Michigan,Jacksonville State,Sagarin: Predictor,0,no_match
4140,2023,5,Eastern Michigan,Jacksonville State,Sagarin: Recent,0,no_match
4141,2023,5,Eastern Michigan,Jacksonville State,SportsLine,0,no_match
4142,2023,5,Eastern Michigan,Jacksonville State,TShoe Index,0,no_match
4143,2023,5,Eastern Michigan,Jacksonville State,TeamRankings,0,no_match
4144,2023,5,Eastern Michigan,Jacksonville State,Wilson Ratings,0,no_match
4383,2023,5,Miami,Temple,Beta_Rank,0,no_match
4384,2023,5,Miami,Temple,Blake Atkinson,0,no_match
4385,2023,5,Miami,Temple,CBCR2: Power,0,no_match
4386,2023,5,Miami,Temple,CBCR2: Sam,0,no_match
4387,2023,5,Miami,Temple,CFB Geek,0,no_match
4388,2023,5,Miami,Temple,CFB Graphs,0,no_match
4389,2023,5,Miami,Temple,Congrove,0,no_match
4390,2023,5,Miami,Temple,DRatings,0,no_match
4391,2023,5,Miami,Temple,Dokter Entropy,0,no_match
4392,2023,5,Miami,Temple,ESPN FPI,0,no_match
4393,2023,5,Miami,Temple,FEI,0,no_match
4394,2023,5,Miami,Temple,Harville,0,no_match
4395,2023,5,Miami,Temple,JP+,0,no_match
4396,2023,5,Miami,Temple,KFord,0,no_match
4397,2023,5,Miami,Temple,Keeper,0,no_match
4398,2023,5,Miami,Temple,Massey,0,no_match
4399,2023,5,Miami,Temple,Moore Ratings,0,no_match
4400,2023,5,Miami,Temple,OddsTrader AI,0,no_match
4401,2023,5,Miami,Temple,PiRate,0,no_match
4402,2023,5,Miami,Temple,PiRate: Bias,0,no_match
4403,2023,5,Miami,Temple,PiRate: Mean,0,no_match
4404,2023,5,Miami,Temple,Power Rank,0,no_match
4405,2023,5,Miami,Temple,Power Rank: Free,0,no_match
4406,2023,5,Miami,Temple,Professor Sides,0,no_match
4407,2023,5,Miami,Temple,Room44 Bets,0,no_match
4408,2023,5,Miami,Temple,SP+,0,no_match
4409,2023,5,Miami,Temple,Sagarin,0,no_match
4410,2023,5,Miami,Temple,Sagarin: Golden,0,no_match
4411,2023,5,Miami,Temple,Sagarin: Predictor,0,no_match
4412,2023,5,Miami,Temple,Sagarin: Recent,0,no_match
4413,2023,5,Miami,Temple,SportsLine,0,no_match
4414,2023,5,Miami,Temple,TShoe Index,0,no_match
4415,2023,5,Miami,Temple,TeamRankings,0,no_match
4416,2023,5,Miami,Temple,Wilson Ratings,0,no_match
4723,2023,5,Texas Tech,West Virginia,Beta_Rank,0,no_match
4724,2023,5,Texas Tech,West Virginia,Blake Atkinson,0,no_match
4725,2023,5,Texas Tech,West Virginia,CBCR2: Power,0,no_match
4726,2023,5,Texas Tech,West Virginia,CBCR2: Sam,0,no_match
4727,2023,5,Texas Tech,West Virginia,CFB Geek,0,no_match
4728,2023,5,Texas Tech,West Virginia,CFB Graphs,0,no_match
4729,2023,5,Texas Tech,West Virginia,Congrove,0,no_match
4730,2023,5,Texas Tech,West Virginia,DRatings,0,no_match
4731,2023,5,Texas Tech,West Virginia,Dokter Entropy,0,no_match
4732,2023,5,Texas Tech,West Virginia,ESPN FPI,0,no_match
4733,2023,5,Texas Tech,West Virginia,FEI,0,no_match
4734,2023,5,Texas Tech,West Virginia,Harville,0,no_match
4735,2023,5,Texas Tech,West Virginia,JP+,0,no_match
4736,2023,5,Texas Tech,West Virginia,KFord,0,no_match
4737,2023,5,Texas Tech,West Virginia,Keeper,0,no_match
4738,2023,5,Texas Tech,West Virginia,Massey,0,no_match
4739,2023,5,Texas Tech,West Virginia,Moore Ratings,0,no_match
4740,2023,5,Texas Tech,West Virginia,OddsTrader AI,0,no_match
4741,2023,5,Texas Tech,West Virginia,PiRate,0,no_match
4742,2023,5,Texas Tech,West Virginia,PiRate: Bias,0,no_match
4743,2023,5,Texas Tech,West Virginia,PiRate: Mean,0,no_match
4744,2023,5,Texas Tech,West Virginia,Power Rank,0,no_match
4745,2023,5,Texas Tech,West Virginia,Power Rank: Free,0,no_match
4746,2023,5,Texas Tech,West Virginia,Professor Sides,0,no_match
4747,2023,5,Texas Tech,West Virginia,Room44 Bets,0,no_match
4748,2023,5,Texas Tech,West Virginia,SP+,0,no_match
4749,2023,5,Texas Tech,West Virginia,Sagarin,0,no_match
4750,2023,5,Texas Tech,West Virginia,Sagarin: Golden,0,no_match
4751,2023,5,Texas Tech,West Virginia,Sagarin: Predictor,0,no_match
4752,2023,5,Texas Tech,West Virginia,Sagarin: Recent,0,no_match
4753,2023,5,Texas Tech,West Virginia,SportsLine,0,no_match
4754,2023,5,Texas Tech,West Virginia,TShoe Index,0,no_match
4755,2023,5,Texas Tech,West Virginia,TeamRankings,0,no_match
4756,2023,5,Texas Tech,West Virginia,Wilson Ratings,0,no_match
4757,2023,5,Tulsa,Northern Illinois,Beta_Rank,0,no_match
4758,2023,5,Tulsa,Northern Illinois,Blake Atkinson,0,no_match
4759,2023,5,Tulsa,Northern Illinois,CBCR2: Power,0,no_match
4760,2023,5,Tulsa,Northern Illinois,CBCR2: Sam,0,no_match
4761,2023,5,Tulsa,Northern Illinois,CFB Geek,0,no_match
4762,2023,5,Tulsa,Northern Illinois,CFB Graphs,0,no_match
4763,2023,5,Tulsa,Northern Illinois,Congrove,0,no_match
4764,2023,5,Tulsa,Northern Illinois,DRatings,0,no_match
4765,2023,5,Tulsa,Northern Illinois,Dokter Entropy,0,no_match
4766,2023,5,Tulsa,Northern Illinois,ESPN FPI,0,no_match
4767,2023,5,Tulsa,Northern Illinois,FEI,0,no_match
4768,2023,5,Tulsa,Northern Illinois,Harville,0,no_match
4769,2023,5,Tulsa,Northern Illinois,JP+,0,no_match
4770,2023,5,Tulsa,Northern Illinois,KFord,0,no_match
4771,2023,5,Tulsa,Northern Illinois,Keeper,0,no_match
4772,2023,5,Tulsa,Northern Illinois,Massey,0,no_match
4773,2023,5,Tulsa,Northern Illinois,Moore Ratings,0,no_match
4774,2023,5,Tulsa,Northern Illinois,OddsTrader AI,0,no_match
4775,2023,5,Tulsa,Northern Illinois,PiRate,0,no_match
4776,2023,5,Tulsa,Northern Illinois,PiRate: Bias,0,no_match
4777,2023,5,Tulsa,Northern Illinois,PiRate: Mean,0,no_match
4778,2023,5,Tulsa,Northern Illinois,Power Rank,0,no_match
4779,2023,5,Tulsa,Northern Illinois,Power Rank: Free,0,no_match
4780,2023,5,Tulsa,Northern Illinois,Professor Sides,0,no_match
4781,2023,5,Tulsa,Northern Illinois,Room44 Bets,0,no_match
4782,2023,5,Tulsa,Northern Illinois,SP+,0,no_match
4783,2023,5,Tulsa,Northern Illinois,Sagarin,0,no_match
4784,2023,5,Tulsa,Northern Illinois,Sagarin: Golden,0,no_match
4785,2023,5,Tulsa,Northern Illinois,Sagarin: Predictor,0,no_match
4786,2023,5,Tulsa,Northern Illinois,Sagarin: Recent,0,no_match
4787,2023,5,Tulsa,Northern Illinois,SportsLine,0,no_match
4788,2023,5,Tulsa,Northern Illinois,TShoe Index,0,no_match
4789,2023,5,Tulsa,Northern Illinois,TeamRankings,0,no_match
4790,2023,5,Tulsa,Northern Illinois,Wilson Ratings,0,no_match
4893,2023,5,Western Kentucky,Troy,Beta_Rank,0,no_match
4894,2023,5,Western Kentucky,Troy,Blake Atkinson,0,no_match
4895,2023,5,Western Kentucky,Troy,CBCR2: Power,0,no_match
4896,2023,5,Western Kentucky,Troy,CBCR2: Sam,0,no_match
4897,2023,5,Western Kentucky,Troy,CFB Geek,0,no_match
4898,2023,5,Western Kentucky,Troy,CFB Graphs,0,no_match
4899,2023,5,Western Kentucky,Troy,Congrove,0,no_match
4900,2023,5,Western Kentucky,Troy,DRatings,0,no_match
4901,2023,5,Western Kentucky,Troy,Dokter Entropy,0,no_match
4902,2023,5,Western Kentucky,Troy,ESPN FPI,0,no_match
4903,2023,5,Western Kentucky,Troy,FEI,0,no_match
4904,2023,5,Western Kentucky,Troy,Harville,0,no_match
4905,2023,5,Western Kentucky,Troy,JP+,0,no_match
4906,2023,5,Western Kentucky,Troy,KFord,0,no_match
4907,2023,5,Western Kentucky,Troy,Keeper,0,no_match
4908,2023,5,Western Kentucky,Troy,Massey,0,no_match
4909,2023,5,Western Kentucky,Troy,Moore Ratings,0,no_match
4910,2023,5,Western Kentucky,Troy,OddsTrader AI,0,no_match
4911,2023,5,Western Kentucky,Troy,PiRate,0,no_match
4912,2023,5,Western Kentucky,Troy,PiRate: Bias,0,no_match
4913,2023,5,Western Kentucky,Troy,PiRate: Mean,0,no_match
4914,2023,5,Western Kentucky,Troy,Power Rank,0,no_match
4915,2023,5,Western Kentucky,Troy,Power Rank: Free,0,no_match
4916,2023,5,Western Kentucky,Troy,Professor Sides,0,no_match
4917,2023,5,Western Kentucky,Troy,Room44 Bets,0,no_match
4918,2023,5,Western Kentucky,Troy,SP+,0,no_match
4919,2023,5,Western Kentucky,Troy,Sagarin,0,no_match
4920,2023,5,Western Kentucky,Troy,Sagarin: Golden,0,no_match
4921,2023,5,Western Kentucky,Troy,Sagarin: Predictor,0,no_match
4922,2023,5,Western Kentucky,Troy,Sagarin: Recent,0,no_match
4923,2023,5,Western Kentucky,Troy,SportsLine,0,no_match
4924,2023,5,Western Kentucky,Troy,TShoe Index,0,no_match
4925,2023,5,Western Kentucky,Troy,TeamRankings,0,no_match
4926,2023,5,Western Kentucky,Troy,Wilson Ratings,0,no_match
4927,2023,5,Western Michigan,Toledo,Beta_Rank,0,no_match
4928,2023,5,Western Michigan,Toledo,Blake Atkinson,0,no_match
4929,2023,5,Western Michigan,Toledo,CBCR2: Power,0,no_match
4930,2023,5,Western Michigan,Toledo,CBCR2: Sam,0,no_match
4931,2023,5,Western Michigan,Toledo,CFB Geek,0,no_match
4932,2023,5,Western Michigan,Toledo,CFB Graphs,0,no_match
4933,2023,5,Western Michigan,Toledo,Congrove,0,no_match
4934,2023,5,Western Michigan,Toledo,DRatings,0,no_match
4935,2023,5,Western Michigan,Toledo,Dokter Entropy,0,no_match
4936,2023,5,Western Michigan,Toledo,ESPN FPI,0,no_match
4937,2023,5,Western Michigan,Toledo,FEI,0,no_match
4938,2023,5,Western Michigan,Toledo,Harville,0,no_match
4939,2023,5,Western Michigan,Toledo,JP+,0,no_match
4940,2023,5,Western Michigan,Toledo,KFord,0,no_match
4941,2023,5,Western Michigan,Toledo,Keeper,0,no_match
4942,2023,5,Western Michigan,Toledo,Massey,0,no_match
4943,2023,5,Western Michigan,Toledo,Moore Ratings,0,no_match
4944,2023,5,Western Michigan,Toledo,OddsTrader AI,0,no_match
4945,2023,5,Western Michigan,Toledo,PiRate,0,no_match
4946,2023,5,Western Michigan,Toledo,PiRate: Bias,0,no_match
4947,2023,5,Western Michigan,Toledo,PiRate: Mean,0,no_match
4948,2023,5,Western Michigan,Toledo,Power Rank,0,no_match
4949,2023,5,Western Michigan,Toledo,Power Rank: Free,0,no_match
4950,2023,5,Western Michigan,Toledo,Professor Sides,0,no_match
4951,2023,5,Western Michigan,Toledo,Room44 Bets,0,no_match
4952,2023,5,Western Michigan,Toledo,SP+,0,no_match
4953,2023,5,Western Michigan,Toledo,Sagarin,0,no_match
4954,2023,5,Western Michigan,Toledo,Sagarin: Golden,0,no_match
4955,2023,5,Western Michigan,Toledo,Sagarin: Predictor,0,no_match
4956,2023,5,Western Michigan,Toledo,Sagarin: Recent,0,no_match
4957,2023,5,Western Michigan,Toledo,SportsLine,0,no_match
4958,2023,5,Western Michigan,Toledo,TShoe Index,0,no_match
4959,2023,5,Western Michigan,Toledo,TeamRankings,0,no_match
4960,2023,5,Western Michigan,Toledo,Wilson Ratings,0,no_match
5063,2023,6,Ball State,Western Michigan,Beta_Rank,0,no_match
5064,2023,6,Ball State,Western Michigan,Blake Atkinson,0,no_match
5065,2023,6,Ball State,Western Michigan,CBCR2: Power,0,no_match
5066,2023,6,Ball State,Western Michigan,CBCR2: Sam,0,no_match
5067,2023,6,Ball State,Western Michigan,CFB Geek,0,no_match
5068,2023,6,Ball State,Western Michigan,CFB Graphs,0,no_match
5069,2023,6,Ball State,Western Michigan,Congrove,0,no_match
5070,2023,6,Ball State,Western Michigan,DRatings,0,no_match
5071,2023,6,Ball State,Western Michigan,Dokter Entropy,0,no_match
5072,2023,6,Ball State,Western Michigan,ESPN FPI,0,no_match
5073,2023,6,Ball State,Western Michigan,FEI,0,no_match
5074,2023,6,Ball State,Western Michigan,Harville,0,no_match
5075,2023,6,Ball State,Western Michigan,JP+,0,no_match
5076,2023,6,Ball State,Western Michigan,KFord,0,no_match
5077,2023,6,Ball State,Western Michigan,Keeper,0,no_match
5078,2023,6,Ball State,Western Michigan,Massey,0,no_match
5079,2023,6,Ball State,Western Michigan,Moore Ratings,0,no_match
5080,2023,6,Ball State,Western Michigan,OddsTrader AI,0,no_match
5081,2023,6,Ball State,Western Michigan,PiRate,0,no_match
5082,2023,6,Ball State,Western Michigan,PiRate: Bias,0,no_match
5083,2023,6,Ball State,Western Michigan,PiRate: Mean,0,no_match
5084,2023,6,Ball State,Western Michigan,Power Rank,0,no_match
5085,2023,6,Ball State,Western Michigan,Power Rank: Free,0,no_match
5086,2023,6,Ball State,Western Michigan,Professor Sides,0,no_match
5087,2023,6,Ball State,Western Michigan,Room44 Bets,0,no_match
5088,2023,6,Ball State,Western Michigan,SP+,0,no_match
5089,2023,6,Ball State,Western Michigan,Sagarin,0,no_match
5090,2023,6,Ball State,Western Michigan,Sagarin: Golden,0,no_match
5091,2023,6,Ball State,Western Michigan,Sagarin: Predictor,0,no_match
5092,2023,6,Ball State,Western Michigan,Sagarin: Recent,0,no_match
5093,2023,6,Ball State,Western Michigan,SportsLine,0,no_match
5094,2023,6,Ball State,Western Michigan,TShoe Index,0,no_match
5095,2023,6,Ball State,Western Michigan,TeamRankings,0,no_match
5096,2023,6,Ball State,Western Michigan,Wilson Ratings,0,no_match
5301,2023,6,Eastern Michigan,Central Michigan,Beta_Rank,0,no_match
5302,2023,6,Eastern Michigan,Central Michigan,Blake Atkinson,0,no_match
5303,2023,6,Eastern Michigan,Central Michigan,CBCR2: Power,0,no_match
5304,2023,6,Eastern Michigan,Central Michigan,CBCR2: Sam,0,no_match
5305,2023,6,Eastern Michigan,Central Michigan,CFB Geek,0,no_match
5306,2023,6,Eastern Michigan,Central Michigan,CFB Graphs,0,no_match
5307,2023,6,Eastern Michigan,Central Michigan,Congrove,0,no_match
5308,2023,6,Eastern Michigan,Central Michigan,DRatings,0,no_match
5309,2023,6,Eastern Michigan,Central Michigan,Dokter Entropy,0,no_match
5310,2023,6,Eastern Michigan,Central Michigan,ESPN FPI,0,no_match
5311,2023,6,Eastern Michigan,Central Michigan,FEI,0,no_match
5312,2023,6,Eastern Michigan,Central Michigan,Harville,0,no_match
5313,2023,6,Eastern Michigan,Central Michigan,JP+,0,no_match
5314,2023,6,Eastern Michigan,Central Michigan,KFord,0,no_match
5315,2023,6,Eastern Michigan,Central Michigan,Keeper,0,no_match
5316,2023,6,Eastern Michigan,Central Michigan,Massey,0,no_match
5317,2023,6,Eastern Michigan,Central Michigan,Moore Ratings,0,no_match
5318,2023,6,Eastern Michigan,Central Michigan,OddsTrader AI,0,no_match
5319,2023,6,Eastern Michigan,Central Michigan,PiRate,0,no_match
5320,2023,6,Eastern Michigan,Central Michigan,PiRate: Bias,0,no_match
5321,2023,6,Eastern Michigan,Central Michigan,PiRate: Mean,0,no_match
5322,2023,6,Eastern Michigan,Central Michigan,Power Rank,0,no_match
5323,2023,6,Eastern Michigan,Central Michigan,Power Rank: Free,0,no_match
5324,2023,6,Eastern Michigan,Central Michigan,Professor Sides,0,no_match
5325,2023,6,Eastern Michigan,Central Michigan,Room44 Bets,0,no_match
5326,2023,6,Eastern Michigan,Central Michigan,SP+,0,no_match
5327,2023,6,Eastern Michigan,Central Michigan,Sagarin,0,no_match
5328,2023,6,Eastern Michigan,Central Michigan,Sagarin: Golden,0,no_match
5329,2023,6,Eastern Michigan,Central Michigan,Sagarin: Predictor,0,no_match
5330,2023,6,Eastern Michigan,Central Michigan,Sagarin: Recent,0,no_match
5331,2023,6,Eastern Michigan,Central Michigan,SportsLine,0,no_match
5332,2023,6,Eastern Michigan,Central Michigan,TShoe Index,0,no_match
5333,2023,6,Eastern Michigan,Central Michigan,TeamRankings,0,no_match
5334,2023,6,Eastern Michigan,Central Michigan,Wilson Ratings,0,no_match
5505,2023,6,Jacksonville State,Sam Houston,Beta_Rank,0,no_match
5506,2023,6,Jacksonville State,Sam Houston,Blake Atkinson,0,no_match
5507,2023,6,Jacksonville State,Sam Houston,CBCR2: Power,0,no_match
5508,2023,6,Jacksonville State,Sam Houston,CBCR2: Sam,0,no_match
5509,2023,6,Jacksonville State,Sam Houston,CFB Geek,0,no_match
5510,2023,6,Jacksonville State,Sam Houston,CFB Graphs,0,no_match
5511,2023,6,Jacksonville State,Sam Houston,Congrove,0,no_match
5512,2023,6,Jacksonville State,Sam Houston,DRatings,0,no_match
5513,2023,6,Jacksonville State,Sam Houston,Dokter Entropy,0,no_match
5514,2023,6,Jacksonville State,Sam Houston,ESPN FPI,0,no_match
5515,2023,6,Jacksonville State,Sam Houston,FEI,0,no_match
5516,2023,6,Jacksonville State,Sam Houston,Harville,0,no_match
5517,2023,6,Jacksonville State,Sam Houston,JP+,0,no_match
5518,2023,6,Jacksonville State,Sam Houston,KFord,0,no_match
5519,2023,6,Jacksonville State,Sam Houston,Keeper,0,no_match
5520,2023,6,Jacksonville State,Sam Houston,Massey,0,no_match
5521,2023,6,Jacksonville State,Sam Houston,Moore Ratings,0,no_match
5522,2023,6,Jacksonville State,Sam Houston,OddsTrader AI,0,no_match
5523,2023,6,Jacksonville State,Sam Houston,PiRate,0,no_match
5524,2023,6,Jacksonville State,Sam Houston,PiRate: Bias,0,no_match
5525,2023,6,Jacksonville State,Sam Houston,PiRate: Mean,0,no_match
5526,2023,6,Jacksonville State,Sam Houston,Power Rank,0,no_match
5527,2023,6,Jacksonville State,Sam Houston,Power Rank: Free,0,no_match
5528,2023,6,Jacksonville State,Sam Houston,Professor Sides,0,no_match
5529,2023,6,Jacksonville State,Sam Houston,Room44 Bets,0,no_match
5530,2023,6,Jacksonville State,Sam Houston,SP+,0,no_match
5531,2023,6,Jacksonville State,Sam Houston,Sagarin,0,no_match
5532,2023,6,Jacksonville State,Sam Houston,Sagarin: Golden,0,no_match
5533,2023,6,Jacksonville State,Sam Houston,Sagarin: Predictor,0,no_match
5534,2023,6,Jacksonville State,Sam Houston,Sagarin: Recent,0,no_match
5535,2023,6,Jacksonville State,Sam Houston,SportsLine,0,no_match
5536,2023,6,Jacksonville State,Sam Houston,TShoe Index,0,no_match
5537,2023,6,Jacksonville State,Sam Houston,TeamRankings,0,no_match
5538,2023,6,Jacksonville State,Sam Houston,Wilson Ratings,0,no_match
5675,2023,6,Miami OH,Kent State,Beta_Rank,0,no_match
5676,2023,6,Miami OH,Kent State,Blake Atkinson,0,no_match
5677,2023,6,Miami OH,Kent State,CBCR2: Power,0,no_match
5678,2023,6,Miami OH,Kent State,CBCR2: Sam,0,no_match
5679,2023,6,Miami OH,Kent State,CFB Geek,0,no_match
5680,2023,6,Miami OH,Kent State,CFB Graphs,0,no_match
5681,2023,6,Miami OH,Kent State,Congrove,0,no_match
5682,2023,6,Miami OH,Kent State,DRatings,0,no_match
5683,2023,6,Miami OH,Kent State,Dokter Entropy,0,no_match
5684,2023,6,Miami OH,Kent State,ESPN FPI,0,no_match
5685,2023,6,Miami OH,Kent State,FEI,0,no_match
5686,2023,6,Miami OH,Kent State,Harville,0,no_match
5687,2023,6,Miami OH,Kent State,JP+,0,no_match
5688,2023,6,Miami OH,Kent State,KFord,0,no_match
5689,2023,6,Miami OH,Kent State,Keeper,0,no_match
5690,2023,6,Miami OH,Kent State,Massey,0,no_match
5691,2023,6,Miami OH,Kent State,Moore Ratings,0,no_match
5692,2023,6,Miami OH,Kent State,OddsTrader AI,0,no_match
5693,2023,6,Miami OH,Kent State,PiRate,0,no_match
5694,2023,6,Miami OH,Kent State,PiRate: Bias,0,no_match
5695,2023,6,Miami OH,Kent State,PiRate: Mean,0,no_match
5696,2023,6,Miami OH,Kent State,Power Rank,0,no_match
5697,2023,6,Miami OH,Kent State,Power Rank: Free,0,no_match
5698,2023,6,Miami OH,Kent State,Professor Sides,0,no_match
5699,2023,6,Miami OH,Kent State,Room44 Bets,0,no_match
5700,2023,6,Miami OH,Kent State,SP+,0,no_match
5701,2023,6,Miami OH,Kent State,Sagarin,0,no_match
5702,2023,6,Miami OH,Kent State,Sagarin: Golden,0,no_match
5703,2023,6,Miami OH,Kent State,Sagarin: Predictor,0,no_match
5704,2023,6,Miami OH,Kent State,Sagarin: Recent,0,no_match
5705,2023,6,Miami OH,Kent State,SportsLine,0,no_match
5706,2023,6,Miami OH,Kent State,TShoe Index,0,no_match
5707,2023,6,Miami OH,Kent State,TeamRankings,0,no_match
5708,2023,6,Miami OH,Kent State,Wilson Ratings,0,no_match
5743,2023,6,Middle Tennessee,Western Kentucky,Beta_Rank,0,no_match
5744,2023,6,Middle Tennessee,Western Kentucky,Blake Atkinson,0,no_match
5745,2023,6,Middle Tennessee,Western Kentucky,CBCR2: Power,0,no_match
5746,2023,6,Middle Tennessee,Western Kentucky,CBCR2: Sam,0,no_match
5747,2023,6,Middle Tennessee,Western Kentucky,CFB Geek,0,no_match
5748,2023,6,Middle Tennessee,Western Kentucky,CFB Graphs,0,no_match
5749,2023,6,Middle Tennessee,Western Kentucky,Congrove,0,no_match
5750,2023,6,Middle Tennessee,Western Kentucky,DRatings,0,no_match
5751,2023,6,Middle Tennessee,Western Kentucky,Dokter Entropy,0,no_match
5752,2023,6,Middle Tennessee,Western Kentucky,ESPN FPI,0,no_match
5753,2023,6,Middle Tennessee,Western Kentucky,FEI,0,no_match
5754,2023,6,Middle Tennessee,Western Kentucky,Harville,0,no_match
5755,2023,6,Middle Tennessee,Western Kentucky,JP+,0,no_match
5756,2023,6,Middle Tennessee,Western Kentucky,KFord,0,no_match
5757,2023,6,Middle Tennessee,Western Kentucky,Keeper,0,no_match
5758,2023,6,Middle Tennessee,Western Kentucky,Massey,0,no_match
5759,2023,6,Middle Tennessee,Western Kentucky,Moore Ratings,0,no_match
5760,2023,6,Middle Tennessee,Western Kentucky,OddsTrader AI,0,no_match
5761,2023,6,Middle Tennessee,Western Kentucky,PiRate,0,no_match
5762,2023,6,Middle Tennessee,Western Kentucky,PiRate: Bias,0,no_match
5763,2023,6,Middle Tennessee,Western Kentucky,PiRate: Mean,0,no_match
5764,2023,6,Middle Tennessee,Western Kentucky,Power Rank,0,no_match
5765,2023,6,Middle Tennessee,Western Kentucky,Power Rank: Free,0,no_match
5766,2023,6,Middle Tennessee,Western Kentucky,Professor Sides,0,no_match
5767,2023,6,Middle Tennessee,Western Kentucky,Room44 Bets,0,no_match
5768,2023,6,Middle Tennessee,Western Kentucky,SP+,0,no_match
5769,2023,6,Middle Tennessee,Western Kentucky,Sagarin,0,no_match
5770,2023,6,Middle Tennessee,Western Kentucky,Sagarin: Golden,0,no_match
5771,2023,6,Middle Tennessee,Western Kentucky,Sagarin: Predictor,0,no_match
5772,2023,6,Middle Tennessee,Western Kentucky,Sagarin: Recent,0,no_match
5773,2023,6,Middle Tennessee,Western Kentucky,SportsLine,0,no_match
5774,2023,6,Middle Tennessee,Western Kentucky,TShoe Index,0,no_match
5775,2023,6,Middle Tennessee,Western Kentucky,TeamRankings,0,no_match
5776,2023,6,Middle Tennessee,Western Kentucky,Wilson Ratings,0,no_match
5777,2023,6,Northern Illinois,Toledo,Beta_Rank,0,no_match
5778,2023,6,Northern Illinois,Toledo,Blake Atkinson,0,no_match
5779,2023,6,Northern Illinois,Toledo,CBCR2: Power,0,no_match
5780,2023,6,Northern Illinois,Toledo,CBCR2: Sam,0,no_match
5781,2023,6,Northern Illinois,Toledo,CFB Geek,0,no_match
5782,2023,6,Northern Illinois,Toledo,CFB Graphs,0,no_match
5783,2023,6,Northern Illinois,Toledo,Congrove,0,no_match
5784,2023,6,Northern Illinois,Toledo,DRatings,0,no_match
5785,2023,6,Northern Illinois,Toledo,Dokter Entropy,0,no_match
5786,2023,6,Northern Illinois,Toledo,ESPN FPI,0,no_match
5787,2023,6,Northern Illinois,Toledo,FEI,0,no_match
5788,2023,6,Northern Illinois,Toledo,Harville,0,no_match
5789,2023,6,Northern Illinois,Toledo,JP+,0,no_match
5790,2023,6,Northern Illinois,Toledo,KFord,0,no_match
5791,2023,6,Northern Illinois,Toledo,Keeper,0,no_match
5792,2023,6,Northern Illinois,Toledo,Massey,0,no_match
5793,2023,6,Northern Illinois,Toledo,Moore Ratings,0,no_match
5794,2023,6,Northern Illinois,Toledo,OddsTrader AI,0,no_match
5795,2023,6,Northern Illinois,Toledo,PiRate,0,no_match
5796,2023,6,Northern Illinois,Toledo,PiRate: Bias,0,no_match
5797,2023,6,Northern Illinois,Toledo,PiRate: Mean,0,no_match
5798,2023,6,Northern Illinois,Toledo,Power Rank,0,no_match
5799,2023,6,Northern Illinois,Toledo,Power Rank: Free,0,no_match
5800,2023,6,Northern Illinois,Toledo,Professor Sides,0,no_match
5801,2023,6,Northern Illinois,Toledo,Room44 Bets,0,no_match
5802,2023,6,Northern Illinois,Toledo,SP+,0,no_match
5803,2023,6,Northern Illinois,Toledo,Sagarin,0,no_match
5804,2023,6,Northern Illinois,Toledo,Sagarin: Golden,0,no_match
5805,2023,6,Northern Illinois,Toledo,Sagarin: Predictor,0,no_match
5806,2023,6,Northern Illinois,Toledo,Sagarin: Recent,0,no_match
5807,2023,6,Northern Illinois,Toledo,SportsLine,0,no_match
5808,2023,6,Northern Illinois,Toledo,TShoe Index,0,no_match
5809,2023,6,Northern Illinois,Toledo,TeamRankings,0,no_match
5810,2023,6,Northern Illinois,Toledo,Wilson Ratings,0,no_match
6219,2023,7,Arkansas State,Troy,Beta_Rank,0,no_match
6220,2023,7,Arkansas State,Troy,Blake Atkinson,0,no_match
6221,2023,7,Arkansas State,Troy,CBCR2: Power,0,no_match
6222,2023,7,Arkansas State,Troy,CBCR2: Sam,0,no_match
6223,2023,7,Arkansas State,Troy,CFB Geek,0,no_match
6224,2023,7,Arkansas State,Troy,CFB Graphs,0,no_match
6225,2023,7,Arkansas State,Troy,Congrove,0,no_match
6226,2023,7,Arkansas State,Troy,DRatings,0,no_match
6227,2023,7,Arkansas State,Troy,Dokter Entropy,0,no_match
6228,2023,7,Arkansas State,Troy,ESPN FPI,0,no_match
6229,2023,7,Arkansas State,Troy,FEI,0,no_match
6230,2023,7,Arkansas State,Troy,Harville,0,no_match
6231,2023,7,Arkansas State,Troy,JP+,0,no_match
6232,2023,7,Arkansas State,Troy,KFord,0,no_match
6233,2023,7,Arkansas State,Troy,Keeper,0,no_match
6234,2023,7,Arkansas State,Troy,Massey,0,no_match
6235,2023,7,Arkansas State,Troy,Moore Ratings,0,no_match
6236,2023,7,Arkansas State,Troy,OddsTrader AI,0,no_match
6237,2023,7,Arkansas State,Troy,PiRate,0,no_match
6238,2023,7,Arkansas State,Troy,PiRate: Bias,0,no_match
6239,2023,7,Arkansas State,Troy,PiRate: Mean,0,no_match
6240,2023,7,Arkansas State,Troy,Power Rank,0,no_match
6241,2023,7,Arkansas State,Troy,Power Rank: Free,0,no_match
6242,2023,7,Arkansas State,Troy,Professor Sides,0,no_match
6243,2023,7,Arkansas State,Troy,Room44 Bets,0,no_match
6244,2023,7,Arkansas State,Troy,SP+,0,no_match
6245,2023,7,Arkansas State,Troy,Sagarin,0,no_match
6246,2023,7,Arkansas State,Troy,Sagarin: Golden,0,no_match
6247,2023,7,Arkansas State,Troy,Sagarin: Predictor,0,no_match
6248,2023,7,Arkansas State,Troy,Sagarin: Recent,0,no_match
6249,2023,7,Arkansas State,Troy,SportsLine,0,no_match
6250,2023,7,Arkansas State,Troy,TShoe Index,0,no_match
6251,2023,7,Arkansas State,Troy,TeamRankings,0,no_match
6252,2023,7,Arkansas State,Troy,Wilson Ratings,0,no_match
6253,2023,7,Ball State,Eastern Michigan,Beta_Rank,0,no_match
6254,2023,7,Ball State,Eastern Michigan,Blake Atkinson,0,no_match
6255,2023,7,Ball State,Eastern Michigan,CBCR2: Power,0,no_match
6256,2023,7,Ball State,Eastern Michigan,CBCR2: Sam,0,no_match
6257,2023,7,Ball State,Eastern Michigan,CFB Geek,0,no_match
6258,2023,7,Ball State,Eastern Michigan,CFB Graphs,0,no_match
6259,2023,7,Ball State,Eastern Michigan,Congrove,0,no_match
6260,2023,7,Ball State,Eastern Michigan,DRatings,0,no_match
6261,2023,7,Ball State,Eastern Michigan,Dokter Entropy,0,no_match
6262,2023,7,Ball State,Eastern Michigan,ESPN FPI,0,no_match
6263,2023,7,Ball State,Eastern Michigan,FEI,0,no_match
6264,2023,7,Ball State,Eastern Michigan,Harville,0,no_match
6265,2023,7,Ball State,Eastern Michigan,JP+,0,no_match
6266,2023,7,Ball State,Eastern Michigan,KFord,0,no_match
6267,2023,7,Ball State,Eastern Michigan,Keeper,0,no_match
6268,2023,7,Ball State,Eastern Michigan,Massey,0,no_match
6269,2023,7,Ball State,Eastern Michigan,Moore Ratings,0,no_match
6270,2023,7,Ball State,Eastern Michigan,OddsTrader AI,0,no_match
6271,2023,7,Ball State,Eastern Michigan,PiRate,0,no_match
6272,2023,7,Ball State,Eastern Michigan,PiRate: Bias,0,no_match
6273,2023,7,Ball State,Eastern Michigan,PiRate: Mean,0,no_match
6274,2023,7,Ball State,Eastern Michigan,Power Rank,0,no_match
6275,2023,7,Ball State,Eastern Michigan,Power Rank: Free,0,no_match
6276,2023,7,Ball State,Eastern Michigan,Professor Sides,0,no_match
6277,2023,7,Ball State,Eastern Michigan,Room44 Bets,0,no_match
6278,2023,7,Ball State,Eastern Michigan,SP+,0,no_match
6279,2023,7,Ball State,Eastern Michigan,Sagarin,0,no_match
6280,2023,7,Ball State,Eastern Michigan,Sagarin: Golden,0,no_match
6281,2023,7,Ball State,Eastern Michigan,Sagarin: Predictor,0,no_match
6282,2023,7,Ball State,Eastern Michigan,Sagarin: Recent,0,no_match
6283,2023,7,Ball State,Eastern Michigan,SportsLine,0,no_match
6284,2023,7,Ball State,Eastern Michigan,TShoe Index,0,no_match
6285,2023,7,Ball State,Eastern Michigan,TeamRankings,0,no_match
6286,2023,7,Ball State,Eastern Michigan,Wilson Ratings,0,no_match
6321,2023,7,Bowling Green,Miami OH,Beta_Rank,0,no_match
6322,2023,7,Bowling Green,Miami OH,Blake Atkinson,0,no_match
6323,2023,7,Bowling Green,Miami OH,CBCR2: Power,0,no_match
6324,2023,7,Bowling Green,Miami OH,CBCR2: Sam,0,no_match
6325,2023,7,Bowling Green,Miami OH,CFB Geek,0,no_match
6326,2023,7,Bowling Green,Miami OH,CFB Graphs,0,no_match
6327,2023,7,Bowling Green,Miami OH,Congrove,0,no_match
6328,2023,7,Bowling Green,Miami OH,DRatings,0,no_match
6329,2023,7,Bowling Green,Miami OH,Dokter Entropy,0,no_match
6330,2023,7,Bowling Green,Miami OH,ESPN FPI,0,no_match
6331,2023,7,Bowling Green,Miami OH,FEI,0,no_match
6332,2023,7,Bowling Green,Miami OH,Harville,0,no_match
6333,2023,7,Bowling Green,Miami OH,JP+,0,no_match
6334,2023,7,Bowling Green,Miami OH,KFord,0,no_match
6335,2023,7,Bowling Green,Miami OH,Keeper,0,no_match
6336,2023,7,Bowling Green,Miami OH,Massey,0,no_match
6337,2023,7,Bowling Green,Miami OH,Moore Ratings,0,no_match
6338,2023,7,Bowling Green,Miami OH,OddsTrader AI,0,no_match
6339,2023,7,Bowling Green,Miami OH,PiRate,0,no_match
6340,2023,7,Bowling Green,Miami OH,PiRate: Bias,0,no_match
6341,2023,7,Bowling Green,Miami OH,PiRate: Mean,0,no_match
6342,2023,7,Bowling Green,Miami OH,Power Rank,0,no_match
6343,2023,7,Bowling Green,Miami OH,Power Rank: Free,0,no_match
6344,2023,7,Bowling Green,Miami OH,Professor Sides,0,no_match
6345,2023,7,Bowling Green,Miami OH,Room44 Bets,0,no_match
6346,2023,7,Bowling Green,Miami OH,SP+,0,no_match
6347,2023,7,Bowling Green,Miami OH,Sagarin,0,no_match
6348,2023,7,Bowling Green,Miami OH,Sagarin: Golden,0,no_match
6349,2023,7,Bowling Green,Miami OH,Sagarin: Predictor,0,no_match
6350,2023,7,Bowling Green,Miami OH,Sagarin: Recent,0,no_match
6351,2023,7,Bowling Green,Miami OH,SportsLine,0,no_match
6352,2023,7,Bowling Green,Miami OH,TShoe Index,0,no_match
6353,2023,7,Bowling Green,Miami OH,TeamRankings,0,no_match
6354,2023,7,Bowling Green,Miami OH,Wilson Ratings,0,no_match
6355,2023,7,Central Michigan,Buffalo,Beta_Rank,0,no_match
6356,2023,7,Central Michigan,Buffalo,Blake Atkinson,0,no_match
6357,2023,7,Central Michigan,Buffalo,CBCR2: Power,0,no_match
6358,2023,7,Central Michigan,Buffalo,CBCR2: Sam,0,no_match
6359,2023,7,Central Michigan,Buffalo,CFB Geek,0,no_match
6360,2023,7,Central Michigan,Buffalo,CFB Graphs,0,no_match
6361,2023,7,Central Michigan,Buffalo,Congrove,0,no_match
6362,2023,7,Central Michigan,Buffalo,DRatings,0,no_match
6363,2023,7,Central Michigan,Buffalo,Dokter Entropy,0,no_match
6364,2023,7,Central Michigan,Buffalo,ESPN FPI,0,no_match
6365,2023,7,Central Michigan,Buffalo,FEI,0,no_match
6366,2023,7,Central Michigan,Buffalo,Harville,0,no_match
6367,2023,7,Central Michigan,Buffalo,JP+,0,no_match
6368,2023,7,Central Michigan,Buffalo,KFord,0,no_match
6369,2023,7,Central Michigan,Buffalo,Keeper,0,no_match
6370,2023,7,Central Michigan,Buffalo,Massey,0,no_match
6371,2023,7,Central Michigan,Buffalo,Moore Ratings,0,no_match
6372,2023,7,Central Michigan,Buffalo,OddsTrader AI,0,no_match
6373,2023,7,Central Michigan,Buffalo,PiRate,0,no_match
6374,2023,7,Central Michigan,Buffalo,PiRate: Bias,0,no_match
6375,2023,7,Central Michigan,Buffalo,PiRate: Mean,0,no_match
6376,2023,7,Central Michigan,Buffalo,Power Rank,0,no_match
6377,2023,7,Central Michigan,Buffalo,Power Rank: Free,0,no_match
6378,2023,7,Central Michigan,Buffalo,Professor Sides,0,no_match
6379,2023,7,Central Michigan,Buffalo,Room44 Bets,0,no_match
6380,2023,7,Central Michigan,Buffalo,SP+,0,no_match
6381,2023,7,Central Michigan,Buffalo,Sagarin,0,no_match
6382,2023,7,Central Michigan,Buffalo,Sagarin: Golden,0,no_match
6383,2023,7,Central Michigan,Buffalo,Sagarin: Predictor,0,no_match
6384,2023,7,Central Michigan,Buffalo,Sagarin: Recent,0,no_match
6385,2023,7,Central Michigan,Buffalo,SportsLine,0,no_match
6386,2023,7,Central Michigan,Buffalo,TShoe Index,0,no_match
6387,2023,7,Central Michigan,Buffalo,TeamRankings,0,no_match
6388,2023,7,Central Michigan,Buffalo,Wilson Ratings,0,no_match
6457,2023,7,Florida International,New Mexico State,Beta_Rank,0,no_match
6458,2023,7,Florida International,New Mexico State,Blake Atkinson,0,no_match
6459,2023,7,Florida International,New Mexico State,CBCR2: Power,0,no_match
6460,2023,7,Florida International,New Mexico State,CBCR2: Sam,0,no_match
6461,2023,7,Florida International,New Mexico State,CFB Geek,0,no_match
6462,2023,7,Florida International,New Mexico State,CFB Graphs,0,no_match
6463,2023,7,Florida International,New Mexico State,Congrove,0,no_match
6464,2023,7,Florida International,New Mexico State,DRatings,0,no_match
6465,2023,7,Florida International,New Mexico State,Dokter Entropy,0,no_match
6466,2023,7,Florida International,New Mexico State,ESPN FPI,0,no_match
6467,2023,7,Florida International,New Mexico State,FEI,0,no_match
6468,2023,7,Florida International,New Mexico State,Harville,0,no_match
6469,2023,7,Florida International,New Mexico State,JP+,0,no_match
6470,2023,7,Florida International,New Mexico State,KFord,0,no_match
6471,2023,7,Florida International,New Mexico State,Keeper,0,no_match
6472,2023,7,Florida International,New Mexico State,Massey,0,no_match
6473,2023,7,Florida International,New Mexico State,Moore Ratings,0,no_match
6474,2023,7,Florida International,New Mexico State,OddsTrader AI,0,no_match
6475,2023,7,Florida International,New Mexico State,PiRate,0,no_match
6476,2023,7,Florida International,New Mexico State,PiRate: Bias,0,no_match
6477,2023,7,Florida International,New Mexico State,PiRate: Mean,0,no_match
6478,2023,7,Florida International,New Mexico State,Power Rank,0,no_match
6479,2023,7,Florida International,New Mexico State,Power Rank: Free,0,no_match
6480,2023,7,Florida International,New Mexico State,Professor Sides,0,no_match
6481,2023,7,Florida International,New Mexico State,Room44 Bets,0,no_match
6482,2023,7,Florida International,New Mexico State,SP+,0,no_match
6483,2023,7,Florida International,New Mexico State,Sagarin,0,no_match
6484,2023,7,Florida International,New Mexico State,Sagarin: Golden,0,no_match
6485,2023,7,Florida International,New Mexico State,Sagarin: Predictor,0,no_match
6486,2023,7,Florida International,New Mexico State,Sagarin: Recent,0,no_match
6487,2023,7,Florida International,New Mexico State,SportsLine,0,no_match
6488,2023,7,Florida International,New Mexico State,TShoe Index,0,no_match
6489,2023,7,Florida International,New Mexico State,TeamRankings,0,no_match
6490,2023,7,Florida International,New Mexico State,Wilson Ratings,0,no_match
6491,2023,7,Jacksonville State,Middle Tennessee,Beta_Rank,0,no_match
6492,2023,7,Jacksonville State,Middle Tennessee,Blake Atkinson,0,no_match
6493,2023,7,Jacksonville State,Middle Tennessee,CBCR2: Power,0,no_match
6494,2023,7,Jacksonville State,Middle Tennessee,CBCR2: Sam,0,no_match
6495,2023,7,Jacksonville State,Middle Tennessee,CFB Geek,0,no_match
6496,2023,7,Jacksonville State,Middle Tennessee,CFB Graphs,0,no_match
6497,2023,7,Jacksonville State,Middle Tennessee,Congrove,0,no_match
6498,2023,7,Jacksonville State,Middle Tennessee,DRatings,0,no_match
6499,2023,7,Jacksonville State,Middle Tennessee,Dokter Entropy,0,no_match
6500,2023,7,Jacksonville State,Middle Tennessee,ESPN FPI,0,no_match
6501,2023,7,Jacksonville State,Middle Tennessee,FEI,0,no_match
6502,2023,7,Jacksonville State,Middle Tennessee,Harville,0,no_match
6503,2023,7,Jacksonville State,Middle Tennessee,JP+,0,no_match
6504,2023,7,Jacksonville State,Middle Tennessee,KFord,0,no_match
6505,2023,7,Jacksonville State,Middle Tennessee,Keeper,0,no_match
6506,2023,7,Jacksonville State,Middle Tennessee,Massey,0,no_match
6507,2023,7,Jacksonville State,Middle Tennessee,Moore Ratings,0,no_match
6508,2023,7,Jacksonville State,Middle Tennessee,OddsTrader AI,0,no_match
6509,2023,7,Jacksonville State,Middle Tennessee,PiRate,0,no_match
6510,2023,7,Jacksonville State,Middle Tennessee,PiRate: Bias,0,no_match
6511,2023,7,Jacksonville State,Middle Tennessee,PiRate: Mean,0,no_match
6512,2023,7,Jacksonville State,Middle Tennessee,Power Rank,0,no_match
6513,2023,7,Jacksonville State,Middle Tennessee,Power Rank: Free,0,no_match
6514,2023,7,Jacksonville State,Middle Tennessee,Professor Sides,0,no_match
6515,2023,7,Jacksonville State,Middle Tennessee,Room44 Bets,0,no_match
6516,2023,7,Jacksonville State,Middle Tennessee,SP+,0,no_match
6517,2023,7,Jacksonville State,Middle Tennessee,Sagarin,0,no_match
6518,2023,7,Jacksonville State,Middle Tennessee,Sagarin: Golden,0,no_match
6519,2023,7,Jacksonville State,Middle Tennessee,Sagarin: Predictor,0,no_match
6520,2023,7,Jacksonville State,Middle Tennessee,Sagarin: Recent,0,no_match
6521,2023,7,Jacksonville State,Middle Tennessee,SportsLine,0,no_match
6522,2023,7,Jacksonville State,Middle Tennessee,TShoe Index,0,no_match
6523,2023,7,Jacksonville State,Middle Tennessee,TeamRankings,0,no_match
6524,2023,7,Jacksonville State,Middle Tennessee,Wilson Ratings,0,no_match
6559,2023,7,Kent State,Ohio,Beta_Rank,0,no_match
6560,2023,7,Kent State,Ohio,Blake Atkinson,0,no_match
6561,2023,7,Kent State,Ohio,CBCR2: Power,0,no_match
6562,2023,7,Kent State,Ohio,CBCR2: Sam,0,no_match
6563,2023,7,Kent State,Ohio,CFB Geek,0,no_match
6564,2023,7,Kent State,Ohio,CFB Graphs,0,no_match
6565,2023,7,Kent State,Ohio,Congrove,0,no_match
6566,2023,7,Kent State,Ohio,DRatings,0,no_match
6567,2023,7,Kent State,Ohio,Dokter Entropy,0,no_match
6568,2023,7,Kent State,Ohio,ESPN FPI,0,no_match
6569,2023,7,Kent State,Ohio,FEI,0,no_match
6570,2023,7,Kent State,Ohio,Harville,0,no_match
6571,2023,7,Kent State,Ohio,JP+,0,no_match
6572,2023,7,Kent State,Ohio,KFord,0,no_match
6573,2023,7,Kent State,Ohio,Keeper,0,no_match
6574,2023,7,Kent State,Ohio,Massey,0,no_match
6575,2023,7,Kent State,Ohio,Moore Ratings,0,no_match
6576,2023,7,Kent State,Ohio,OddsTrader AI,0,no_match
6577,2023,7,Kent State,Ohio,PiRate,0,no_match
6578,2023,7,Kent State,Ohio,PiRate: Bias,0,no_match
6579,2023,7,Kent State,Ohio,PiRate: Mean,0,no_match
6580,2023,7,Kent State,Ohio,Power Rank,0,no_match
6581,2023,7,Kent State,Ohio,Power Rank: Free,0,no_match
6582,2023,7,Kent State,Ohio,Professor Sides,0,no_match
6583,2023,7,Kent State,Ohio,Room44 Bets,0,no_match
6584,2023,7,Kent State,Ohio,SP+,0,no_match
6585,2023,7,Kent State,Ohio,Sagarin,0,no_match
6586,2023,7,Kent State,Ohio,Sagarin: Golden,0,no_match
6587,2023,7,Kent State,Ohio,Sagarin: Predictor,0,no_match
6588,2023,7,Kent State,Ohio,Sagarin: Recent,0,no_match
6589,2023,7,Kent State,Ohio,SportsLine,0,no_match
6590,2023,7,Kent State,Ohio,TShoe Index,0,no_match
6591,2023,7,Kent State,Ohio,TeamRankings,0,no_match
6592,2023,7,Kent State,Ohio,Wilson Ratings,0,no_match
6763,2023,7,Northern Illinois,Akron,Beta_Rank,0,no_match
6764,2023,7,Northern Illinois,Akron,Blake Atkinson,0,no_match
6765,2023,7,Northern Illinois,Akron,CBCR2: Power,0,no_match
6766,2023,7,Northern Illinois,Akron,CBCR2: Sam,0,no_match
6767,2023,7,Northern Illinois,Akron,CFB Geek,0,no_match
6768,2023,7,Northern Illinois,Akron,CFB Graphs,0,no_match
6769,2023,7,Northern Illinois,Akron,Congrove,0,no_match
6770,2023,7,Northern Illinois,Akron,DRatings,0,no_match
6771,2023,7,Northern Illinois,Akron,Dokter Entropy,0,no_match
6772,2023,7,Northern Illinois,Akron,ESPN FPI,0,no_match
6773,2023,7,Northern Illinois,Akron,FEI,0,no_match
6774,2023,7,Northern Illinois,Akron,Harville,0,no_match
6775,2023,7,Northern Illinois,Akron,JP+,0,no_match
6776,2023,7,Northern Illinois,Akron,KFord,0,no_match
6777,2023,7,Northern Illinois,Akron,Keeper,0,no_match
6778,2023,7,Northern Illinois,Akron,Massey,0,no_match
6779,2023,7,Northern Illinois,Akron,Moore Ratings,0,no_match
6780,2023,7,Northern Illinois,Akron,OddsTrader AI,0,no_match
6781,2023,7,Northern Illinois,Akron,PiRate,0,no_match
6782,2023,7,Northern Illinois,Akron,PiRate: Bias,0,no_match
6783,2023,7,Northern Illinois,Akron,PiRate: Mean,0,no_match
6784,2023,7,Northern Illinois,Akron,Power Rank,0,no_match
6785,2023,7,Northern Illinois,Akron,Power Rank: Free,0,no_match
6786,2023,7,Northern Illinois,Akron,Professor Sides,0,no_match
6787,2023,7,Northern Illinois,Akron,Room44 Bets,0,no_match
6788,2023,7,Northern Illinois,Akron,SP+,0,no_match
6789,2023,7,Northern Illinois,Akron,Sagarin,0,no_match
6790,2023,7,Northern Illinois,Akron,Sagarin: Golden,0,no_match
6791,2023,7,Northern Illinois,Akron,Sagarin: Predictor,0,no_match
6792,2023,7,Northern Illinois,Akron,Sagarin: Recent,0,no_match
6793,2023,7,Northern Illinois,Akron,SportsLine,0,no_match
6794,2023,7,Northern Illinois,Akron,TShoe Index,0,no_match
6795,2023,7,Northern Illinois,Akron,TeamRankings,0,no_match
6796,2023,7,Northern Illinois,Akron,Wilson Ratings,0,no_match
6899,2023,7,Sam Houston,Liberty,Beta_Rank,0,no_match
6900,2023,7,Sam Houston,Liberty,Blake Atkinson,0,no_match
6901,2023,7,Sam Houston,Liberty,CBCR2: Power,0,no_match
6902,2023,7,Sam Houston,Liberty,CBCR2: Sam,0,no_match
6903,2023,7,Sam Houston,Liberty,CFB Geek,0,no_match
6904,2023,7,Sam Houston,Liberty,CFB Graphs,0,no_match
6905,2023,7,Sam Houston,Liberty,Congrove,0,no_match
6906,2023,7,Sam Houston,Liberty,DRatings,0,no_match
6907,2023,7,Sam Houston,Liberty,Dokter Entropy,0,no_match
6908,2023,7,Sam Houston,Liberty,ESPN FPI,0,no_match
6909,2023,7,Sam Houston,Liberty,FEI,0,no_match
6910,2023,7,Sam Houston,Liberty,Harville,0,no_match
6911,2023,7,Sam Houston,Liberty,JP+,0,no_match
6912,2023,7,Sam Houston,Liberty,KFord,0,no_match
6913,2023,7,Sam Houston,Liberty,Keeper,0,no_match
6914,2023,7,Sam Houston,Liberty,Massey,0,no_match
6915,2023,7,Sam Houston,Liberty,Moore Ratings,0,no_match
6916,2023,7,Sam Houston,Liberty,OddsTrader AI,0,no_match
6917,2023,7,Sam Houston,Liberty,PiRate,0,no_match
6918,2023,7,Sam Houston,Liberty,PiRate: Bias,0,no_match
6919,2023,7,Sam Houston,Liberty,PiRate: Mean,0,no_match
6920,2023,7,Sam Houston,Liberty,Power Rank,0,no_match
6921,2023,7,Sam Houston,Liberty,Power Rank: Free,0,no_match
6922,2023,7,Sam Houston,Liberty,Professor Sides,0,no_match
6923,2023,7,Sam Houston,Liberty,Room44 Bets,0,no_match
6924,2023,7,Sam Houston,Liberty,SP+,0,no_match
6925,2023,7,Sam Houston,Liberty,Sagarin,0,no_match
6926,2023,7,Sam Houston,Liberty,Sagarin: Golden,0,no_match
6927,2023,7,Sam Houston,Liberty,Sagarin: Predictor,0,no_match
6928,2023,7,Sam Houston,Liberty,Sagarin: Recent,0,no_match
6929,2023,7,Sam Houston,Liberty,SportsLine,0,no_match
6930,2023,7,Sam Houston,Liberty,TShoe Index,0,no_match
6931,2023,7,Sam Houston,Liberty,TeamRankings,0,no_match
6932,2023,7,Sam Houston,Liberty,Wilson Ratings,0,no_match
7341,2023,7,Western Michigan,Mississippi State,Beta_Rank,0,no_match
7342,2023,7,Western Michigan,Mississippi State,Blake Atkinson,0,no_match
7343,2023,7,Western Michigan,Mississippi State,CBCR2: Power,0,no_match
7344,2023,7,Western Michigan,Mississippi State,CBCR2: Sam,0,no_match
7345,2023,7,Western Michigan,Mississippi State,CFB Geek,0,no_match
7346,2023,7,Western Michigan,Mississippi State,CFB Graphs,0,no_match
7347,2023,7,Western Michigan,Mississippi State,Congrove,0,no_match
7348,2023,7,Western Michigan,Mississippi State,DRatings,0,no_match
7349,2023,7,Western Michigan,Mississippi State,Dokter Entropy,0,no_match
7350,2023,7,Western Michigan,Mississippi State,ESPN FPI,0,no_match
7351,2023,7,Western Michigan,Mississippi State,FEI,0,no_match
7352,2023,7,Western Michigan,Mississippi State,Harville,0,no_match
7353,2023,7,Western Michigan,Mississippi State,JP+,0,no_match
7354,2023,7,Western Michigan,Mississippi State,KFord,0,no_match
7355,2023,7,Western Michigan,Mississippi State,Keeper,0,no_match
7356,2023,7,Western Michigan,Mississippi State,Massey,0,no_match
7357,2023,7,Western Michigan,Mississippi State,Moore Ratings,0,no_match
7358,2023,7,Western Michigan,Mississippi State,OddsTrader AI,0,no_match
7359,2023,7,Western Michigan,Mississippi State,PiRate,0,no_match
7360,2023,7,Western Michigan,Mississippi State,PiRate: Bias,0,no_match
7361,2023,7,Western Michigan,Mississippi State,PiRate: Mean,0,no_match
7362,2023,7,Western Michigan,Mississippi State,Power Rank,0,no_match
7363,2023,7,Western Michigan,Mississippi State,Power Rank: Free,0,no_match
7364,2023,7,Western Michigan,Mississippi State,Professor Sides,0,no_match
7365,2023,7,Western Michigan,Mississippi State,Room44 Bets,0,no_match
7366,2023,7,Western Michigan,Mississippi State,SP+,0,no_match
7367,2023,7,Western Michigan,Mississippi State,Sagarin,0,no_match
7368,2023,7,Western Michigan,Mississippi State,Sagarin: Golden,0,no_match
7369,2023,7,Western Michigan,Mississippi State,Sagarin: Predictor,0,no_match
7370,2023,7,Western Michigan,Mississippi State,Sagarin: Recent,0,no_match
7371,2023,7,Western Michigan,Mississippi State,SportsLine,0,no_match
7372,2023,7,Western Michigan,Mississippi State,TShoe Index,0,no_match
7373,2023,7,Western Michigan,Mississippi State,TeamRankings,0,no_match
7374,2023,7,Western Michigan,Mississippi State,Wilson Ratings,0,no_match
7375,2023,8,Akron,Central Michigan,Beta_Rank,0,no_match
7376,2023,8,Akron,Central Michigan,Blake Atkinson,0,no_match
7377,2023,8,Akron,Central Michigan,CBCR2: Power,0,no_match
7378,2023,8,Akron,Central Michigan,CBCR2: Sam,0,no_match
7379,2023,8,Akron,Central Michigan,CFB Geek,0,no_match
7380,2023,8,Akron,Central Michigan,CFB Graphs,0,no_match
7381,2023,8,Akron,Central Michigan,Congrove,0,no_match
7382,2023,8,Akron,Central Michigan,DRatings,0,no_match
7383,2023,8,Akron,Central Michigan,Dokter Entropy,0,no_match
7384,2023,8,Akron,Central Michigan,ESPN FPI,0,no_match
7385,2023,8,Akron,Central Michigan,FEI,0,no_match
7386,2023,8,Akron,Central Michigan,Harville,0,no_match
7387,2023,8,Akron,Central Michigan,JP+,0,no_match
7388,2023,8,Akron,Central Michigan,KFord,0,no_match
7389,2023,8,Akron,Central Michigan,Keeper,0,no_match
7390,2023,8,Akron,Central Michigan,Massey,0,no_match
7391,2023,8,Akron,Central Michigan,Moore Ratings,0,no_match
7392,2023,8,Akron,Central Michigan,OddsTrader AI,0,no_match
7393,2023,8,Akron,Central Michigan,PiRate,0,no_match
7394,2023,8,Akron,Central Michigan,PiRate: Bias,0,no_match
7395,2023,8,Akron,Central Michigan,PiRate: Mean,0,no_match
7396,2023,8,Akron,Central Michigan,Power Rank,0,no_match
7397,2023,8,Akron,Central Michigan,Power Rank: Free,0,no_match
7398,2023,8,Akron,Central Michigan,Professor Sides,0,no_match
7399,2023,8,Akron,Central Michigan,Room44 Bets,0,no_match
7400,2023,8,Akron,Central Michigan,SP+,0,no_match
7401,2023,8,Akron,Central Michigan,Sagarin,0,no_match
7402,2023,8,Akron,Central Michigan,Sagarin: Golden,0,no_match
7403,2023,8,Akron,Central Michigan,Sagarin: Predictor,0,no_match
7404,2023,8,Akron,Central Michigan,Sagarin: Recent,0,no_match
7405,2023,8,Akron,Central Michigan,SportsLine,0,no_match
7406,2023,8,Akron,Central Michigan,TShoe Index,0,no_match
7407,2023,8,Akron,Central Michigan,TeamRankings,0,no_match
7408,2023,8,Akron,Central Michigan,Wilson Ratings,0,no_match
7885,2023,8,Kent State,Eastern Michigan,Beta_Rank,0,no_match
7886,2023,8,Kent State,Eastern Michigan,Blake Atkinson,0,no_match
7887,2023,8,Kent State,Eastern Michigan,CBCR2: Power,0,no_match
7888,2023,8,Kent State,Eastern Michigan,CBCR2: Sam,0,no_match
7889,2023,8,Kent State,Eastern Michigan,CFB Geek,0,no_match
7890,2023,8,Kent State,Eastern Michigan,CFB Graphs,0,no_match
7891,2023,8,Kent State,Eastern Michigan,Congrove,0,no_match
7892,2023,8,Kent State,Eastern Michigan,DRatings,0,no_match
7893,2023,8,Kent State,Eastern Michigan,Dokter Entropy,0,no_match
7894,2023,8,Kent State,Eastern Michigan,ESPN FPI,0,no_match
7895,2023,8,Kent State,Eastern Michigan,FEI,0,no_match
7896,2023,8,Kent State,Eastern Michigan,Harville,0,no_match
7897,2023,8,Kent State,Eastern Michigan,JP+,0,no_match
7898,2023,8,Kent State,Eastern Michigan,KFord,0,no_match
7899,2023,8,Kent State,Eastern Michigan,Keeper,0,no_match
7900,2023,8,Kent State,Eastern Michigan,Massey,0,no_match
7901,2023,8,Kent State,Eastern Michigan,Moore Ratings,0,no_match
7902,2023,8,Kent State,Eastern Michigan,OddsTrader AI,0,no_match
7903,2023,8,Kent State,Eastern Michigan,PiRate,0,no_match
7904,2023,8,Kent State,Eastern Michigan,PiRate: Bias,0,no_match
7905,2023,8,Kent State,Eastern Michigan,PiRate: Mean,0,no_match
7906,2023,8,Kent State,Eastern Michigan,Power Rank,0,no_match
7907,2023,8,Kent State,Eastern Michigan,Power Rank: Free,0,no_match
7908,2023,8,Kent State,Eastern Michigan,Professor Sides,0,no_match
7909,2023,8,Kent State,Eastern Michigan,Room44 Bets,0,no_match
7910,2023,8,Kent State,Eastern Michigan,SP+,0,no_match
7911,2023,8,Kent State,Eastern Michigan,Sagarin,0,no_match
7912,2023,8,Kent State,Eastern Michigan,Sagarin: Golden,0,no_match
7913,2023,8,Kent State,Eastern Michigan,Sagarin: Predictor,0,no_match
7914,2023,8,Kent State,Eastern Michigan,Sagarin: Recent,0,no_match
7915,2023,8,Kent State,Eastern Michigan,SportsLine,0,no_match
7916,2023,8,Kent State,Eastern Michigan,TShoe Index,0,no_match
7917,2023,8,Kent State,Eastern Michigan,TeamRankings,0,no_match
7918,2023,8,Kent State,Eastern Michigan,Wilson Ratings,0,no_match
7953,2023,8,Louisiana Tech,Middle Tennessee,Beta_Rank,0,no_match
7954,2023,8,Louisiana Tech,Middle Tennessee,Blake Atkinson,0,no_match
7955,2023,8,Louisiana Tech,Middle Tennessee,CBCR2: Power,0,no_match
7956,2023,8,Louisiana Tech,Middle Tennessee,CBCR2: Sam,0,no_match
7957,2023,8,Louisiana Tech,Middle Tennessee,CFB Geek,0,no_match
7958,2023,8,Louisiana Tech,Middle Tennessee,CFB Graphs,0,no_match
7959,2023,8,Louisiana Tech,Middle Tennessee,Congrove,0,no_match
7960,2023,8,Louisiana Tech,Middle Tennessee,DRatings,0,no_match
7961,2023,8,Louisiana Tech,Middle Tennessee,Dokter Entropy,0,no_match
7962,2023,8,Louisiana Tech,Middle Tennessee,ESPN FPI,0,no_match
7963,2023,8,Louisiana Tech,Middle Tennessee,FEI,0,no_match
7964,2023,8,Louisiana Tech,Middle Tennessee,Harville,0,no_match
7965,2023,8,Louisiana Tech,Middle Tennessee,JP+,0,no_match
7966,2023,8,Louisiana Tech,Middle Tennessee,KFord,0,no_match
7967,2023,8,Louisiana Tech,Middle Tennessee,Keeper,0,no_match
7968,2023,8,Louisiana Tech,Middle Tennessee,Massey,0,no_match
7969,2023,8,Louisiana Tech,Middle Tennessee,Moore Ratings,0,no_match
7970,2023,8,Louisiana Tech,Middle Tennessee,OddsTrader AI,0,no_match
7971,2023,8,Louisiana Tech,Middle Tennessee,PiRate,0,no_match
7972,2023,8,Louisiana Tech,Middle Tennessee,PiRate: Bias,0,no_match
7973,2023,8,Louisiana Tech,Middle Tennessee,PiRate: Mean,0,no_match
7974,2023,8,Louisiana Tech,Middle Tennessee,Power Rank,0,no_match
7975,2023,8,Louisiana Tech,Middle Tennessee,Power Rank: Free,0,no_match
7976,2023,8,Louisiana Tech,Middle Tennessee,Professor Sides,0,no_match
7977,2023,8,Louisiana Tech,Middle Tennessee,Room44 Bets,0,no_match
7978,2023,8,Louisiana Tech,Middle Tennessee,SP+,0,no_match
7979,2023,8,Louisiana Tech,Middle Tennessee,Sagarin,0,no_match
7980,2023,8,Louisiana Tech,Middle Tennessee,Sagarin: Golden,0,no_match
7981,2023,8,Louisiana Tech,Middle Tennessee,Sagarin: Predictor,0,no_match
7982,2023,8,Louisiana Tech,Middle Tennessee,Sagarin: Recent,0,no_match
7983,2023,8,Louisiana Tech,Middle Tennessee,TShoe Index,0,no_match
7984,2023,8,Louisiana Tech,Middle Tennessee,TeamRankings,0,no_match
7985,2023,8,Louisiana Tech,Middle Tennessee,Wilson Ratings,0,no_match
8020,2023,8,Miami OH,Western Michigan,Beta_Rank,0,no_match
8021,2023,8,Miami OH,Western Michigan,Blake Atkinson,0,no_match
8022,2023,8,Miami OH,Western Michigan,CBCR2: Power,0,no_match
8023,2023,8,Miami OH,Western Michigan,CBCR2: Sam,0,no_match
8024,2023,8,Miami OH,Western Michigan,CFB Geek,0,no_match
8025,2023,8,Miami OH,Western Michigan,CFB Graphs,0,no_match
8026,2023,8,Miami OH,Western Michigan,Congrove,0,no_match
8027,2023,8,Miami OH,Western Michigan,DRatings,0,no_match
8028,2023,8,Miami OH,Western Michigan,Dokter Entropy,0,no_match
8029,2023,8,Miami OH,Western Michigan,ESPN FPI,0,no_match
8030,2023,8,Miami OH,Western Michigan,FEI,0,no_match
8031,2023,8,Miami OH,Western Michigan,Harville,0,no_match
8032,2023,8,Miami OH,Western Michigan,JP+,0,no_match
8033,2023,8,Miami OH,Western Michigan,KFord,0,no_match
8034,2023,8,Miami OH,Western Michigan,Keeper,0,no_match
8035,2023,8,Miami OH,Western Michigan,Massey,0,no_match
8036,2023,8,Miami OH,Western Michigan,Moore Ratings,0,no_match
8037,2023,8,Miami OH,Western Michigan,OddsTrader AI,0,no_match
8038,2023,8,Miami OH,Western Michigan,PiRate,0,no_match
8039,2023,8,Miami OH,Western Michigan,PiRate: Bias,0,no_match
8040,2023,8,Miami OH,Western Michigan,PiRate: Mean,0,no_match
8041,2023,8,Miami OH,Western Michigan,Power Rank,0,no_match
8042,2023,8,Miami OH,Western Michigan,Power Rank: Free,0,no_match
8043,2023,8,Miami OH,Western Michigan,Professor Sides,0,no_match
8044,2023,8,Miami OH,Western Michigan,Room44 Bets,0,no_match
8045,2023,8,Miami OH,Western Michigan,SP+,0,no_match
8046,2023,8,Miami OH,Western Michigan,Sagarin,0,no_match
8047,2023,8,Miami OH,Western Michigan,Sagarin: Golden,0,no_match
8048,2023,8,Miami OH,Western Michigan,Sagarin: Predictor,0,no_match
8049,2023,8,Miami OH,Western Michigan,Sagarin: Recent,0,no_match
8050,2023,8,Miami OH,Western Michigan,SportsLine,0,no_match
8051,2023,8,Miami OH,Western Michigan,TShoe Index,0,no_match
8052,2023,8,Miami OH,Western Michigan,TeamRankings,0,no_match
8053,2023,8,Miami OH,Western Michigan,Wilson Ratings,0,no_match
8224,2023,8,Sam Houston,New Mexico State,Beta_Rank,0,no_match
8225,2023,8,Sam Houston,New Mexico State,Blake Atkinson,0,no_match
8226,2023,8,Sam Houston,New Mexico State,CBCR2: Power,0,no_match
8227,2023,8,Sam Houston,New Mexico State,CBCR2: Sam,0,no_match
8228,2023,8,Sam Houston,New Mexico State,CFB Geek,0,no_match
8229,2023,8,Sam Houston,New Mexico State,CFB Graphs,0,no_match
8230,2023,8,Sam Houston,New Mexico State,Congrove,0,no_match
8231,2023,8,Sam Houston,New Mexico State,DRatings,0,no_match
8232,2023,8,Sam Houston,New Mexico State,Dokter Entropy,0,no_match
8233,2023,8,Sam Houston,New Mexico State,ESPN FPI,0,no_match
8234,2023,8,Sam Houston,New Mexico State,FEI,0,no_match
8235,2023,8,Sam Houston,New Mexico State,Harville,0,no_match
8236,2023,8,Sam Houston,New Mexico State,JP+,0,no_match
8237,2023,8,Sam Houston,New Mexico State,KFord,0,no_match
8238,2023,8,Sam Houston,New Mexico State,Keeper,0,no_match
8239,2023,8,Sam Houston,New Mexico State,Massey,0,no_match
8240,2023,8,Sam Houston,New Mexico State,Moore Ratings,0,no_match
8241,2023,8,Sam Houston,New Mexico State,OddsTrader AI,0,no_match
8242,2023,8,Sam Houston,New Mexico State,PiRate,0,no_match
8243,2023,8,Sam Houston,New Mexico State,PiRate: Bias,0,no_match
8244,2023,8,Sam Houston,New Mexico State,PiRate: Mean,0,no_match
8245,2023,8,Sam Houston,New Mexico State,Power Rank,0,no_match
8246,2023,8,Sam Houston,New Mexico State,Power Rank: Free,0,no_match
8247,2023,8,Sam Houston,New Mexico State,Professor Sides,0,no_match
8248,2023,8,Sam Houston,New Mexico State,Room44 Bets,0,no_match
8249,2023,8,Sam Houston,New Mexico State,SP+,0,no_match
8250,2023,8,Sam Houston,New Mexico State,Sagarin,0,no_match
8251,2023,8,Sam Houston,New Mexico State,Sagarin: Golden,0,no_match
8252,2023,8,Sam Houston,New Mexico State,Sagarin: Predictor,0,no_match
8253,2023,8,Sam Houston,New Mexico State,Sagarin: Recent,0,no_match
8254,2023,8,Sam Houston,New Mexico State,SportsLine,0,no_match
8255,2023,8,Sam Houston,New Mexico State,TShoe Index,0,no_match
8256,2023,8,Sam Houston,New Mexico State,TeamRankings,0,no_match
8257,2023,8,Sam Houston,New Mexico State,Wilson Ratings,0,no_match
8428,2023,8,Troy,Army,Beta_Rank,0,no_match
8429,2023,8,Troy,Army,Blake Atkinson,0,no_match
8430,2023,8,Troy,Army,CBCR2: Power,0,no_match
8431,2023,8,Troy,Army,CBCR2: Sam,0,no_match
8432,2023,8,Troy,Army,CFB Geek,0,no_match
8433,2023,8,Troy,Army,CFB Graphs,0,no_match
8434,2023,8,Troy,Army,Congrove,0,no_match
8435,2023,8,Troy,Army,DRatings,0,no_match
8436,2023,8,Troy,Army,Dokter Entropy,0,no_match
8437,2023,8,Troy,Army,ESPN FPI,0,no_match
8438,2023,8,Troy,Army,FEI,0,no_match
8439,2023,8,Troy,Army,Harville,0,no_match
8440,2023,8,Troy,Army,JP+,0,no_match
8441,2023,8,Troy,Army,KFord,0,no_match
8442,2023,8,Troy,Army,Keeper,0,no_match
8443,2023,8,Troy,Army,Massey,0,no_match
8444,2023,8,Troy,Army,Moore Ratings,0,no_match
8445,2023,8,Troy,Army,OddsTrader AI,0,no_match
8446,2023,8,Troy,Army,PiRate,0,no_match
8447,2023,8,Troy,Army,PiRate: Bias,0,no_match
8448,2023,8,Troy,Army,PiRate: Mean,0,no_match
8449,2023,8,Troy,Army,Power Rank,0,no_match
8450,2023,8,Troy,Army,Power Rank: Free,0,no_match
8451,2023,8,Troy,Army,Professor Sides,0,no_match
8452,2023,8,Troy,Army,Room44 Bets,0,no_match
8453,2023,8,Troy,Army,SP+,0,no_match
8454,2023,8,Troy,Army,Sagarin,0,no_match
8455,2023,8,Troy,Army,Sagarin: Golden,0,no_match
8456,2023,8,Troy,Army,Sagarin: Predictor,0,no_match
8457,2023,8,Troy,Army,Sagarin: Recent,0,no_match
8458,2023,8,Troy,Army,SportsLine,0,no_match
8459,2023,8,Troy,Army,TShoe Index,0,no_match
8460,2023,8,Troy,Army,TeamRankings,0,no_match
8461,2023,8,Troy,Army,Wilson Ratings,0,no_match
8496,2023,8,UTEP,Florida International,Beta_Rank,0,no_match
8497,2023,8,UTEP,Florida International,Blake Atkinson,0,no_match
8498,2023,8,UTEP,Florida International,CBCR2: Power,0,no_match
8499,2023,8,UTEP,Florida International,CBCR2: Sam,0,no_match
8500,2023,8,UTEP,Florida International,CFB Geek,0,no_match
8501,2023,8,UTEP,Florida International,CFB Graphs,0,no_match
8502,2023,8,UTEP,Florida International,Congrove,0,no_match
8503,2023,8,UTEP,Florida International,DRatings,0,no_match
8504,2023,8,UTEP,Florida International,Dokter Entropy,0,no_match
8505,2023,8,UTEP,Florida International,ESPN FPI,0,no_match
8506,2023,8,UTEP,Florida International,FEI,0,no_match
8507,2023,8,UTEP,Florida International,Harville,0,no_match
8508,2023,8,UTEP,Florida International,JP+,0,no_match
8509,2023,8,UTEP,Florida International,KFord,0,no_match
8510,2023,8,UTEP,Florida International,Keeper,0,no_match
8511,2023,8,UTEP,Florida International,Massey,0,no_match
8512,2023,8,UTEP,Florida International,Moore Ratings,0,no_match
8513,2023,8,UTEP,Florida International,OddsTrader AI,0,no_match
8514,2023,8,UTEP,Florida International,PiRate,0,no_match
8515,2023,8,UTEP,Florida International,PiRate: Bias,0,no_match
8516,2023,8,UTEP,Florida International,PiRate: Mean,0,no_match
8517,2023,8,UTEP,Florida International,Power Rank,0,no_match
8518,2023,8,UTEP,Florida International,Power Rank: Free,0,no_match
8519,2023,8,UTEP,Florida International,Professor Sides,0,no_match
8520,2023,8,UTEP,Florida International,Room44 Bets,0,no_match
8521,2023,8,UTEP,Florida International,SP+,0,no_match
8522,2023,8,UTEP,Florida International,Sagarin,0,no_match
8523,2023,8,UTEP,Florida International,Sagarin: Golden,0,no_match
8524,2023,8,UTEP,Florida International,Sagarin: Predictor,0,no_match
8525,2023,8,UTEP,Florida International,Sagarin: Recent,0,no_match
8526,2023,8,UTEP,Florida International,SportsLine,0,no_match
8527,2023,8,UTEP,Florida International,TShoe Index,0,no_match
8528,2023,8,UTEP,Florida International,TeamRankings,0,no_match
8529,2023,8,UTEP,Florida International,Wilson Ratings,0,no_match
8531,2023,8,West Virginia,Houston,Beta_Rank,0,no_match
8532,2023,8,West Virginia,Houston,Blake Atkinson,0,no_match
8533,2023,8,West Virginia,Houston,CBCR2: Power,0,no_match
8534,2023,8,West Virginia,Houston,CBCR2: Sam,0,no_match
8535,2023,8,West Virginia,Houston,CFB Geek,0,no_match
8536,2023,8,West Virginia,Houston,CFB Graphs,0,no_match
8537,2023,8,West Virginia,Houston,Congrove,0,no_match
8538,2023,8,West Virginia,Houston,DRatings,0,no_match
8539,2023,8,West Virginia,Houston,Dokter Entropy,0,no_match
8540,2023,8,West Virginia,Houston,ESPN FPI,0,no_match
8541,2023,8,West Virginia,Houston,FEI,0,no_match
8542,2023,8,West Virginia,Houston,Harville,0,no_match
8543,2023,8,West Virginia,Houston,JP+,0,no_match
8544,2023,8,West Virginia,Houston,KFord,0,no_match
8545,2023,8,West Virginia,Houston,Keeper,0,no_match
8546,2023,8,West Virginia,Houston,Massey,0,no_match
8547,2023,8,West Virginia,Houston,Moore Ratings,0,no_match
8548,2023,8,West Virginia,Houston,OddsTrader AI,0,no_match
8549,2023,8,West Virginia,Houston,PiRate,0,no_match
8550,2023,8,West Virginia,Houston,PiRate: Bias,0,no_match
8551,2023,8,West Virginia,Houston,PiRate: Mean,0,no_match
8552,2023,8,West Virginia,Houston,Power Rank,0,no_match
8553,2023,8,West Virginia,Houston,Power Rank: Free,0,no_match
8554,2023,8,West Virginia,Houston,Professor Sides,0,no_match
8555,2023,8,West Virginia,Houston,Room44 Bets,0,no_match
8556,2023,8,West Virginia,Houston,SP+,0,no_match
8557,2023,8,West Virginia,Houston,Sagarin,0,no_match
8558,2023,8,West Virginia,Houston,Sagarin: Golden,0,no_match
8559,2023,8,West Virginia,Houston,Sagarin: Predictor,0,no_match
8560,2023,8,West Virginia,Houston,Sagarin: Recent,0,no_match
8561,2023,8,West Virginia,Houston,SportsLine,0,no_match
8562,2023,8,West Virginia,Houston,TShoe Index,0,no_match
8563,2023,8,West Virginia,Houston,TeamRankings,0,no_match
8564,2023,8,West Virginia,Houston,Wilson Ratings,0,no_match
8701,2023,9,Buffalo,Kent State,Beta_Rank,0,no_match
8702,2023,9,Buffalo,Kent State,Blake Atkinson,0,no_match
8703,2023,9,Buffalo,Kent State,CBCR2: Power,0,no_match
8704,2023,9,Buffalo,Kent State,CBCR2: Sam,0,no_match
8705,2023,9,Buffalo,Kent State,CFB Geek,0,no_match
8706,2023,9,Buffalo,Kent State,CFB Graphs,0,no_match
8707,2023,9,Buffalo,Kent State,Congrove,0,no_match
8708,2023,9,Buffalo,Kent State,DRatings,0,no_match
8709,2023,9,Buffalo,Kent State,Dokter Entropy,0,no_match
8710,2023,9,Buffalo,Kent State,ESPN FPI,0,no_match
8711,2023,9,Buffalo,Kent State,FEI,0,no_match
8712,2023,9,Buffalo,Kent State,Harville,0,no_match
8713,2023,9,Buffalo,Kent State,JP+,0,no_match
8714,2023,9,Buffalo,Kent State,KFord,0,no_match
8715,2023,9,Buffalo,Kent State,Keeper,0,no_match
8716,2023,9,Buffalo,Kent State,Massey,0,no_match
8717,2023,9,Buffalo,Kent State,Moore Ratings,0,no_match
8718,2023,9,Buffalo,Kent State,OddsTrader AI,0,no_match
8719,2023,9,Buffalo,Kent State,PiRate,0,no_match
8720,2023,9,Buffalo,Kent State,PiRate: Bias,0,no_match
8721,2023,9,Buffalo,Kent State,PiRate: Mean,0,no_match
8722,2023,9,Buffalo,Kent State,Power Rank,0,no_match
8723,2023,9,Buffalo,Kent State,Power Rank: Free,0,no_match
8724,2023,9,Buffalo,Kent State,Professor Sides,0,no_match
8725,2023,9,Buffalo,Kent State,Room44 Bets,0,no_match
8726,2023,9,Buffalo,Kent State,SP+,0,no_match
8727,2023,9,Buffalo,Kent State,Sagarin,0,no_match
8728,2023,9,Buffalo,Kent State,Sagarin: Golden,0,no_match
8729,2023,9,Buffalo,Kent State,Sagarin: Predictor,0,no_match
8730,2023,9,Buffalo,Kent State,Sagarin: Recent,0,no_match
8731,2023,9,Buffalo,Kent State,SportsLine,0,no_match
8732,2023,9,Buffalo,Kent State,TShoe Index,0,no_match
8733,2023,9,Buffalo,Kent State,TeamRankings,0,no_match
8734,2023,9,Buffalo,Kent State,Wilson Ratings,0,no_match
8735,2023,9,Central Michigan,Ball State,Beta_Rank,0,no_match
8736,2023,9,Central Michigan,Ball State,Blake Atkinson,0,no_match
8737,2023,9,Central Michigan,Ball State,CBCR2: Power,0,no_match
8738,2023,9,Central Michigan,Ball State,CBCR2: Sam,0,no_match
8739,2023,9,Central Michigan,Ball State,CFB Geek,0,no_match
8740,2023,9,Central Michigan,Ball State,CFB Graphs,0,no_match
8741,2023,9,Central Michigan,Ball State,Congrove,0,no_match
8742,2023,9,Central Michigan,Ball State,DRatings,0,no_match
8743,2023,9,Central Michigan,Ball State,Dokter Entropy,0,no_match
8744,2023,9,Central Michigan,Ball State,ESPN FPI,0,no_match
8745,2023,9,Central Michigan,Ball State,FEI,0,no_match
8746,2023,9,Central Michigan,Ball State,Harville,0,no_match
8747,2023,9,Central Michigan,Ball State,JP+,0,no_match
8748,2023,9,Central Michigan,Ball State,KFord,0,no_match
8749,2023,9,Central Michigan,Ball State,Keeper,0,no_match
8750,2023,9,Central Michigan,Ball State,Massey,0,no_match
8751,2023,9,Central Michigan,Ball State,Moore Ratings,0,no_match
8752,2023,9,Central Michigan,Ball State,OddsTrader AI,0,no_match
8753,2023,9,Central Michigan,Ball State,PiRate,0,no_match
8754,2023,9,Central Michigan,Ball State,PiRate: Bias,0,no_match
8755,2023,9,Central Michigan,Ball State,PiRate: Mean,0,no_match
8756,2023,9,Central Michigan,Ball State,Power Rank,0,no_match
8757,2023,9,Central Michigan,Ball State,Power Rank: Free,0,no_match
8758,2023,9,Central Michigan,Ball State,Professor Sides,0,no_match
8759,2023,9,Central Michigan,Ball State,Room44 Bets,0,no_match
8760,2023,9,Central Michigan,Ball State,SP+,0,no_match
8761,2023,9,Central Michigan,Ball State,Sagarin,0,no_match
8762,2023,9,Central Michigan,Ball State,Sagarin: Golden,0,no_match
8763,2023,9,Central Michigan,Ball State,Sagarin: Predictor,0,no_match
8764,2023,9,Central Michigan,Ball State,Sagarin: Recent,0,no_match
8765,2023,9,Central Michigan,Ball State,SportsLine,0,no_match
8766,2023,9,Central Michigan,Ball State,TShoe Index,0,no_match
8767,2023,9,Central Michigan,Ball State,TeamRankings,0,no_match
8768,2023,9,Central Michigan,Ball State,Wilson Ratings,0,no_match
8803,2023,9,Eastern Michigan,Northern Illinois,Beta_Rank,0,no_match
8804,2023,9,Eastern Michigan,Northern Illinois,Blake Atkinson,0,no_match
8805,2023,9,Eastern Michigan,Northern Illinois,CBCR2: Power,0,no_match
8806,2023,9,Eastern Michigan,Northern Illinois,CBCR2: Sam,0,no_match
8807,2023,9,Eastern Michigan,Northern Illinois,CFB Geek,0,no_match
8808,2023,9,Eastern Michigan,Northern Illinois,CFB Graphs,0,no_match
8809,2023,9,Eastern Michigan,Northern Illinois,Congrove,0,no_match
8810,2023,9,Eastern Michigan,Northern Illinois,DRatings,0,no_match
8811,2023,9,Eastern Michigan,Northern Illinois,Dokter Entropy,0,no_match
8812,2023,9,Eastern Michigan,Northern Illinois,ESPN FPI,0,no_match
8813,2023,9,Eastern Michigan,Northern Illinois,FEI,0,no_match
8814,2023,9,Eastern Michigan,Northern Illinois,Harville,0,no_match
8815,2023,9,Eastern Michigan,Northern Illinois,JP+,0,no_match
8816,2023,9,Eastern Michigan,Northern Illinois,KFord,0,no_match
8817,2023,9,Eastern Michigan,Northern Illinois,Keeper,0,no_match
8818,2023,9,Eastern Michigan,Northern Illinois,Massey,0,no_match
8819,2023,9,Eastern Michigan,Northern Illinois,Moore Ratings,0,no_match
8820,2023,9,Eastern Michigan,Northern Illinois,OddsTrader AI,0,no_match
8821,2023,9,Eastern Michigan,Northern Illinois,PiRate,0,no_match
8822,2023,9,Eastern Michigan,Northern Illinois,PiRate: Bias,0,no_match
8823,2023,9,Eastern Michigan,Northern Illinois,PiRate: Mean,0,no_match
8824,2023,9,Eastern Michigan,Northern Illinois,Power Rank,0,no_match
8825,2023,9,Eastern Michigan,Northern Illinois,Power Rank: Free,0,no_match
8826,2023,9,Eastern Michigan,Northern Illinois,Professor Sides,0,no_match
8827,2023,9,Eastern Michigan,Northern Illinois,Room44 Bets,0,no_match
8828,2023,9,Eastern Michigan,Northern Illinois,SP+,0,no_match
8829,2023,9,Eastern Michigan,Northern Illinois,Sagarin,0,no_match
8830,2023,9,Eastern Michigan,Northern Illinois,Sagarin: Golden,0,no_match
8831,2023,9,Eastern Michigan,Northern Illinois,Sagarin: Predictor,0,no_match
8832,2023,9,Eastern Michigan,Northern Illinois,Sagarin: Recent,0,no_match
8833,2023,9,Eastern Michigan,Northern Illinois,SportsLine,0,no_match
8834,2023,9,Eastern Michigan,Northern Illinois,TShoe Index,0,no_match
8835,2023,9,Eastern Michigan,Northern Illinois,TeamRankings,0,no_match
8836,2023,9,Eastern Michigan,Northern Illinois,Wilson Ratings,0,no_match
8837,2023,9,Florida International,Sam Houston,Beta_Rank,0,no_match
8838,2023,9,Florida International,Sam Houston,Blake Atkinson,0,no_match
8839,2023,9,Florida International,Sam Houston,CBCR2: Power,0,no_match
8840,2023,9,Florida International,Sam Houston,CBCR2: Sam,0,no_match
8841,2023,9,Florida International,Sam Houston,CFB Geek,0,no_match
8842,2023,9,Florida International,Sam Houston,CFB Graphs,0,no_match
8843,2023,9,Florida International,Sam Houston,Congrove,0,no_match
8844,2023,9,Florida International,Sam Houston,DRatings,0,no_match
8845,2023,9,Florida International,Sam Houston,Dokter Entropy,0,no_match
8846,2023,9,Florida International,Sam Houston,ESPN FPI,0,no_match
8847,2023,9,Florida International,Sam Houston,FEI,0,no_match
8848,2023,9,Florida International,Sam Houston,Harville,0,no_match
8849,2023,9,Florida International,Sam Houston,JP+,0,no_match
8850,2023,9,Florida International,Sam Houston,KFord,0,no_match
8851,2023,9,Florida International,Sam Houston,Keeper,0,no_match
8852,2023,9,Florida International,Sam Houston,Massey,0,no_match
8853,2023,9,Florida International,Sam Houston,Moore Ratings,0,no_match
8854,2023,9,Florida International,Sam Houston,OddsTrader AI,0,no_match
8855,2023,9,Florida International,Sam Houston,PiRate,0,no_match
8856,2023,9,Florida International,Sam Houston,PiRate: Bias,0,no_match
8857,2023,9,Florida International,Sam Houston,PiRate: Mean,0,no_match
8858,2023,9,Florida International,Sam Houston,Power Rank,0,no_match
8859,2023,9,Florida International,Sam Houston,Power Rank: Free,0,no_match
8860,2023,9,Florida International,Sam Houston,Professor Sides,0,no_match
8861,2023,9,Florida International,Sam Houston,Room44 Bets,0,no_match
8862,2023,9,Florida International,Sam Houston,SP+,0,no_match
8863,2023,9,Florida International,Sam Houston,Sagarin,0,no_match
8864,2023,9,Florida International,Sam Houston,Sagarin: Golden,0,no_match
8865,2023,9,Florida International,Sam Houston,Sagarin: Predictor,0,no_match
8866,2023,9,Florida International,Sam Houston,Sagarin: Recent,0,no_match
8867,2023,9,Florida International,Sam Houston,SportsLine,0,no_match
8868,2023,9,Florida International,Sam Houston,TShoe Index,0,no_match
8869,2023,9,Florida International,Sam Houston,TeamRankings,0,no_match
8870,2023,9,Florida International,Sam Houston,Wilson Ratings,0,no_match
8940,2023,9,Middle Tennessee,Liberty,Beta_Rank,0,no_match
8941,2023,9,Middle Tennessee,Liberty,Blake Atkinson,0,no_match
8942,2023,9,Middle Tennessee,Liberty,CBCR2: Power,0,no_match
8943,2023,9,Middle Tennessee,Liberty,CBCR2: Sam,0,no_match
8944,2023,9,Middle Tennessee,Liberty,CFB Geek,0,no_match
8945,2023,9,Middle Tennessee,Liberty,Congrove,0,no_match
8946,2023,9,Middle Tennessee,Liberty,DRatings,0,no_match
8947,2023,9,Middle Tennessee,Liberty,Dokter Entropy,0,no_match
8948,2023,9,Middle Tennessee,Liberty,ESPN FPI,0,no_match
8949,2023,9,Middle Tennessee,Liberty,FEI,0,no_match
8950,2023,9,Middle Tennessee,Liberty,Harville,0,no_match
8951,2023,9,Middle Tennessee,Liberty,JP+,0,no_match
8952,2023,9,Middle Tennessee,Liberty,KFord,0,no_match
8953,2023,9,Middle Tennessee,Liberty,Keeper,0,no_match
8954,2023,9,Middle Tennessee,Liberty,Massey,0,no_match
8955,2023,9,Middle Tennessee,Liberty,Moore Ratings,0,no_match
8956,2023,9,Middle Tennessee,Liberty,OddsTrader AI,0,no_match
8957,2023,9,Middle Tennessee,Liberty,PiRate,0,no_match
8958,2023,9,Middle Tennessee,Liberty,PiRate: Bias,0,no_match
8959,2023,9,Middle Tennessee,Liberty,PiRate: Mean,0,no_match
8960,2023,9,Middle Tennessee,Liberty,Power Rank,0,no_match
8961,2023,9,Middle Tennessee,Liberty,Power Rank: Free,0,no_match
8962,2023,9,Middle Tennessee,Liberty,Professor Sides,0,no_match
8963,2023,9,Middle Tennessee,Liberty,Room44 Bets,0,no_match
8964,2023,9,Middle Tennessee,Liberty,SP+,0,no_match
8965,2023,9,Middle Tennessee,Liberty,Sagarin,0,no_match
8966,2023,9,Middle Tennessee,Liberty,Sagarin: Golden,0,no_match
8967,2023,9,Middle Tennessee,Liberty,Sagarin: Predictor,0,no_match
8968,2023,9,Middle Tennessee,Liberty,Sagarin: Recent,0,no_match
8969,2023,9,Middle Tennessee,Liberty,SportsLine,0,no_match
8970,2023,9,Middle Tennessee,Liberty,TShoe Index,0,no_match
8971,2023,9,Middle Tennessee,Liberty,TeamRankings,0,no_match
8972,2023,9,Middle Tennessee,Liberty,Wilson Ratings,0,no_match
9143,2023,9,Oklahoma State,West Virginia,Beta_Rank,0,no_match
9144,2023,9,Oklahoma State,West Virginia,Blake Atkinson,0,no_match
9145,2023,9,Oklahoma State,West Virginia,CBCR2: Power,0,no_match
9146,2023,9,Oklahoma State,West Virginia,CBCR2: Sam,0,no_match
9147,2023,9,Oklahoma State,West Virginia,CFB Geek,0,no_match
9148,2023,9,Oklahoma State,West Virginia,CFB Graphs,0,no_match
9149,2023,9,Oklahoma State,West Virginia,Congrove,0,no_match
9150,2023,9,Oklahoma State,West Virginia,DRatings,0,no_match
9151,2023,9,Oklahoma State,West Virginia,Dokter Entropy,0,no_match
9152,2023,9,Oklahoma State,West Virginia,ESPN FPI,0,no_match
9153,2023,9,Oklahoma State,West Virginia,FEI,0,no_match
9154,2023,9,Oklahoma State,West Virginia,Harville,0,no_match
9155,2023,9,Oklahoma State,West Virginia,JP+,0,no_match
9156,2023,9,Oklahoma State,West Virginia,KFord,0,no_match
9157,2023,9,Oklahoma State,West Virginia,Keeper,0,no_match
9158,2023,9,Oklahoma State,West Virginia,Massey,0,no_match
9159,2023,9,Oklahoma State,West Virginia,Moore Ratings,0,no_match
9160,2023,9,Oklahoma State,West Virginia,OddsTrader AI,0,no_match
9161,2023,9,Oklahoma State,West Virginia,PiRate,0,no_match
9162,2023,9,Oklahoma State,West Virginia,PiRate: Bias,0,no_match
9163,2023,9,Oklahoma State,West Virginia,PiRate: Mean,0,no_match
9164,2023,9,Oklahoma State,West Virginia,Power Rank,0,no_match
9165,2023,9,Oklahoma State,West Virginia,Power Rank: Free,0,no_match
9166,2023,9,Oklahoma State,West Virginia,Professor Sides,0,no_match
9167,2023,9,Oklahoma State,West Virginia,Room44 Bets,0,no_match
9168,2023,9,Oklahoma State,West Virginia,SP+,0,no_match
9169,2023,9,Oklahoma State,West Virginia,Sagarin,0,no_match
9170,2023,9,Oklahoma State,West Virginia,Sagarin: Golden,0,no_match
9171,2023,9,Oklahoma State,West Virginia,Sagarin: Predictor,0,no_match
9172,2023,9,Oklahoma State,West Virginia,Sagarin: Recent,0,no_match
9173,2023,9,Oklahoma State,West Virginia,SportsLine,0,no_match
9174,2023,9,Oklahoma State,West Virginia,TShoe Index,0,no_match
9175,2023,9,Oklahoma State,West Virginia,TeamRankings,0,no_match
9176,2023,9,Oklahoma State,West Virginia,Wilson Ratings,0,no_match
9415,2023,9,Southern Mississippi,South Alabama,Beta_Rank,0,no_match
9416,2023,9,Southern Mississippi,South Alabama,Blake Atkinson,0,no_match
9417,2023,9,Southern Mississippi,South Alabama,CBCR2: Power,0,no_match
9418,2023,9,Southern Mississippi,South Alabama,CBCR2: Sam,0,no_match
9419,2023,9,Southern Mississippi,South Alabama,CFB Geek,0,no_match
9420,2023,9,Southern Mississippi,South Alabama,Congrove,0,no_match
9421,2023,9,Southern Mississippi,South Alabama,DRatings,0,no_match
9422,2023,9,Southern Mississippi,South Alabama,Dokter Entropy,0,no_match
9423,2023,9,Southern Mississippi,South Alabama,ESPN FPI,0,no_match
9424,2023,9,Southern Mississippi,South Alabama,FEI,0,no_match
9425,2023,9,Southern Mississippi,South Alabama,Harville,0,no_match
9426,2023,9,Southern Mississippi,South Alabama,JP+,0,no_match
9427,2023,9,Southern Mississippi,South Alabama,KFord,0,no_match
9428,2023,9,Southern Mississippi,South Alabama,Keeper,0,no_match
9429,2023,9,Southern Mississippi,South Alabama,Massey,0,no_match
9430,2023,9,Southern Mississippi,South Alabama,Moore Ratings,0,no_match
9431,2023,9,Southern Mississippi,South Alabama,OddsTrader AI,0,no_match
9432,2023,9,Southern Mississippi,South Alabama,PiRate,0,no_match
9433,2023,9,Southern Mississippi,South Alabama,PiRate: Bias,0,no_match
9434,2023,9,Southern Mississippi,South Alabama,PiRate: Mean,0,no_match
9435,2023,9,Southern Mississippi,South Alabama,Power Rank,0,no_match
9436,2023,9,Southern Mississippi,South Alabama,Power Rank: Free,0,no_match
9437,2023,9,Southern Mississippi,South Alabama,Professor Sides,0,no_match
9438,2023,9,Southern Mississippi,South Alabama,Room44 Bets,0,no_match
9439,2023,9,Southern Mississippi,South Alabama,SP+,0,no_match
9440,2023,9,Southern Mississippi,South Alabama,Sagarin,0,no_match
9441,2023,9,Southern Mississippi,South Alabama,Sagarin: Golden,0,no_match
9442,2023,9,Southern Mississippi,South Alabama,Sagarin: Predictor,0,no_match
9443,2023,9,Southern Mississippi,South Alabama,Sagarin: Recent,0,no_match
9444,2023,9,Southern Mississippi,South Alabama,SportsLine,0,no_match
9445,2023,9,Southern Mississippi,South Alabama,TShoe Index,0,no_match
9446,2023,9,Southern Mississippi,South Alabama,TeamRankings,0,no_match
9447,2023,9,Southern Mississippi,South Alabama,Wilson Ratings,0,no_match
9516,2023,9,Toledo,Miami OH,Beta_Rank,0,no_match
9517,2023,9,Toledo,Miami OH,Blake Atkinson,0,no_match
9518,2023,9,Toledo,Miami OH,CBCR2: Power,0,no_match
9519,2023,9,Toledo,Miami OH,CBCR2: Sam,0,no_match
9520,2023,9,Toledo,Miami OH,CFB Geek,0,no_match
9521,2023,9,Toledo,Miami OH,CFB Graphs,0,no_match
9522,2023,9,Toledo,Miami OH,Congrove,0,no_match
9523,2023,9,Toledo,Miami OH,DRatings,0,no_match
9524,2023,9,Toledo,Miami OH,Dokter Entropy,0,no_match
9525,2023,9,Toledo,Miami OH,ESPN FPI,0,no_match
9526,2023,9,Toledo,Miami OH,FEI,0,no_match
9527,2023,9,Toledo,Miami OH,Harville,0,no_match
9528,2023,9,Toledo,Miami OH,JP+,0,no_match
9529,2023,9,Toledo,Miami OH,KFord,0,no_match
9530,2023,9,Toledo,Miami OH,Keeper,0,no_match
9531,2023,9,Toledo,Miami OH,Massey,0,no_match
9532,2023,9,Toledo,Miami OH,Moore Ratings,0,no_match
9533,2023,9,Toledo,Miami OH,OddsTrader AI,0,no_match
9534,2023,9,Toledo,Miami OH,PiRate,0,no_match
9535,2023,9,Toledo,Miami OH,PiRate: Bias,0,no_match
9536,2023,9,Toledo,Miami OH,PiRate: Mean,0,no_match
9537,2023,9,Toledo,Miami OH,Power Rank,0,no_match
9538,2023,9,Toledo,Miami OH,Power Rank: Free,0,no_match
9539,2023,9,Toledo,Miami OH,Professor Sides,0,no_match
9540,2023,9,Toledo,Miami OH,Room44 Bets,0,no_match
9541,2023,9,Toledo,Miami OH,SP+,0,no_match
9542,2023,9,Toledo,Miami OH,Sagarin,0,no_match
9543,2023,9,Toledo,Miami OH,Sagarin: Golden,0,no_match
9544,2023,9,Toledo,Miami OH,Sagarin: Predictor,0,no_match
9545,2023,9,Toledo,Miami OH,Sagarin: Recent,0,no_match
9546,2023,9,Toledo,Miami OH,SportsLine,0,no_match
9547,2023,9,Toledo,Miami OH,TShoe Index,0,no_match
9548,2023,9,Toledo,Miami OH,TeamRankings,0,no_match
9549,2023,9,Toledo,Miami OH,Wilson Ratings,0,no_match
9687,2023,9,Western Michigan,Ohio,Beta_Rank,0,no_match
9688,2023,9,Western Michigan,Ohio,Blake Atkinson,0,no_match
9689,2023,9,Western Michigan,Ohio,CBCR2: Power,0,no_match
9690,2023,9,Western Michigan,Ohio,CBCR2: Sam,0,no_match
9691,2023,9,Western Michigan,Ohio,CFB Geek,0,no_match
9692,2023,9,Western Michigan,Ohio,CFB Graphs,0,no_match
9693,2023,9,Western Michigan,Ohio,Congrove,0,no_match
9694,2023,9,Western Michigan,Ohio,DRatings,0,no_match
9695,2023,9,Western Michigan,Ohio,Dokter Entropy,0,no_match
9696,2023,9,Western Michigan,Ohio,ESPN FPI,0,no_match
9697,2023,9,Western Michigan,Ohio,FEI,0,no_match
9698,2023,9,Western Michigan,Ohio,Harville,0,no_match
9699,2023,9,Western Michigan,Ohio,JP+,0,no_match
9700,2023,9,Western Michigan,Ohio,KFord,0,no_match
9701,2023,9,Western Michigan,Ohio,Keeper,0,no_match
9702,2023,9,Western Michigan,Ohio,Massey,0,no_match
9703,2023,9,Western Michigan,Ohio,Moore Ratings,0,no_match
9704,2023,9,Western Michigan,Ohio,OddsTrader AI,0,no_match
9705,2023,9,Western Michigan,Ohio,PiRate,0,no_match
9706,2023,9,Western Michigan,Ohio,PiRate: Bias,0,no_match
9707,2023,9,Western Michigan,Ohio,PiRate: Mean,0,no_match
9708,2023,9,Western Michigan,Ohio,Power Rank,0,no_match
9709,2023,9,Western Michigan,Ohio,Power Rank: Free,0,no_match
9710,2023,9,Western Michigan,Ohio,Professor Sides,0,no_match
9711,2023,9,Western Michigan,Ohio,Room44 Bets,0,no_match
9712,2023,9,Western Michigan,Ohio,SP+,0,no_match
9713,2023,9,Western Michigan,Ohio,Sagarin,0,no_match
9714,2023,9,Western Michigan,Ohio,Sagarin: Golden,0,no_match
9715,2023,9,Western Michigan,Ohio,Sagarin: Predictor,0,no_match
9716,2023,9,Western Michigan,Ohio,Sagarin: Recent,0,no_match
9717,2023,9,Western Michigan,Ohio,SportsLine,0,no_match
9718,2023,9,Western Michigan,Ohio,TShoe Index,0,no_match
9719,2023,9,Western Michigan,Ohio,TeamRankings,0,no_match
9720,2023,9,Western Michigan,Ohio,Wilson Ratings,0,no_match
10164,2023,10,Jacksonville State,Florida International,Beta_Rank,0,no_match
10165,2023,10,Jacksonville State,Florida International,Blake Atkinson,0,no_match
10166,2023,10,Jacksonville State,Florida International,CBCR2: Power,0,no_match
10167,2023,10,Jacksonville State,Florida International,CBCR2: Sam,0,no_match
10168,2023,10,Jacksonville State,Florida International,CFB Geek,0,no_match
10169,2023,10,Jacksonville State,Florida International,CFB Graphs,0,no_match
10170,2023,10,Jacksonville State,Florida International,Congrove,0,no_match
10171,2023,10,Jacksonville State,Florida International,DRatings,0,no_match
10172,2023,10,Jacksonville State,Florida International,Dokter Entropy,0,no_match
10173,2023,10,Jacksonville State,Florida International,ESPN FPI,0,no_match
10174,2023,10,Jacksonville State,Florida International,FEI,0,no_match
10175,2023,10,Jacksonville State,Florida International,Harville,0,no_match
10176,2023,10,Jacksonville State,Florida International,JP+,0,no_match
10177,2023,10,Jacksonville State,Florida International,KFord,0,no_match
10178,2023,10,Jacksonville State,Florida International,Keeper,0,no_match
10179,2023,10,Jacksonville State,Florida International,Massey,0,no_match
10180,2023,10,Jacksonville State,Florida International,Moore Ratings,0,no_match
10181,2023,10,Jacksonville State,Florida International,OddsTrader AI,0,no_match
10182,2023,10,Jacksonville State,Florida International,PiRate,0,no_match
10183,2023,10,Jacksonville State,Florida International,PiRate: Bias,0,no_match
10184,2023,10,Jacksonville State,Florida International,PiRate: Mean,0,no_match
10185,2023,10,Jacksonville State,Florida International,Power Rank,0,no_match
10186,2023,10,Jacksonville State,Florida International,Power Rank: Free,0,no_match
10187,2023,10,Jacksonville State,Florida International,Professor Sides,0,no_match
10188,2023,10,Jacksonville State,Florida International,Room44 Bets,0,no_match
10189,2023,10,Jacksonville State,Florida International,SP+,0,no_match
10190,2023,10,Jacksonville State,Florida International,Sagarin,0,no_match
10191,2023,10,Jacksonville State,Florida International,Sagarin: Golden,0,no_match
10192,2023,10,Jacksonville State,Florida International,Sagarin: Predictor,0,no_match
10193,2023,10,Jacksonville State,Florida International,Sagarin: Recent,0,no_match
10194,2023,10,Jacksonville State,Florida International,SportsLine,0,no_match
10195,2023,10,Jacksonville State,Florida International,TShoe Index,0,no_match
10196,2023,10,Jacksonville State,Florida International,TeamRankings,0,no_match
10197,2023,10,Jacksonville State,Florida International,Wilson Ratings,0,no_match
10334,2023,10,Miami OH,Ohio,Beta_Rank,0,no_match
10335,2023,10,Miami OH,Ohio,Blake Atkinson,0,no_match
10336,2023,10,Miami OH,Ohio,CBCR2: Power,0,no_match
10337,2023,10,Miami OH,Ohio,CBCR2: Sam,0,no_match
10338,2023,10,Miami OH,Ohio,CFB Geek,0,no_match
10339,2023,10,Miami OH,Ohio,CFB Graphs,0,no_match
10340,2023,10,Miami OH,Ohio,Congrove,0,no_match
10341,2023,10,Miami OH,Ohio,DRatings,0,no_match
10342,2023,10,Miami OH,Ohio,Dokter Entropy,0,no_match
10343,2023,10,Miami OH,Ohio,ESPN FPI,0,no_match
10344,2023,10,Miami OH,Ohio,FEI,0,no_match
10345,2023,10,Miami OH,Ohio,Harville,0,no_match
10346,2023,10,Miami OH,Ohio,JP+,0,no_match
10347,2023,10,Miami OH,Ohio,KFord,0,no_match
10348,2023,10,Miami OH,Ohio,Keeper,0,no_match
10349,2023,10,Miami OH,Ohio,Massey,0,no_match
10350,2023,10,Miami OH,Ohio,Moore Ratings,0,no_match
10351,2023,10,Miami OH,Ohio,OddsTrader AI,0,no_match
10352,2023,10,Miami OH,Ohio,PiRate,0,no_match
10353,2023,10,Miami OH,Ohio,PiRate: Bias,0,no_match
10354,2023,10,Miami OH,Ohio,PiRate: Mean,0,no_match
10355,2023,10,Miami OH,Ohio,Power Rank,0,no_match
10356,2023,10,Miami OH,Ohio,Power Rank: Free,0,no_match
10357,2023,10,Miami OH,Ohio,Professor Sides,0,no_match
10358,2023,10,Miami OH,Ohio,Room44 Bets,0,no_match
10359,2023,10,Miami OH,Ohio,SP+,0,no_match
10360,2023,10,Miami OH,Ohio,Sagarin,0,no_match
10361,2023,10,Miami OH,Ohio,Sagarin: Golden,0,no_match
10362,2023,10,Miami OH,Ohio,Sagarin: Predictor,0,no_match
10363,2023,10,Miami OH,Ohio,Sagarin: Recent,0,no_match
10364,2023,10,Miami OH,Ohio,SportsLine,0,no_match
10365,2023,10,Miami OH,Ohio,TShoe Index,0,no_match
10366,2023,10,Miami OH,Ohio,TeamRankings,0,no_match
10367,2023,10,Miami OH,Ohio,Wilson Ratings,0,no_match
10640,2023,10,Southern Mississippi,Appalachian State,Beta_Rank,0,no_match
10641,2023,10,Southern Mississippi,Appalachian State,Blake Atkinson,0,no_match
10642,2023,10,Southern Mississippi,Appalachian State,CBCR2: Power,0,no_match
10643,2023,10,Southern Mississippi,Appalachian State,CBCR2: Sam,0,no_match
10644,2023,10,Southern Mississippi,Appalachian State,CFB Geek,0,no_match
10645,2023,10,Southern Mississippi,Appalachian State,CFB Graphs,0,no_match
10646,2023,10,Southern Mississippi,Appalachian State,Congrove,0,no_match
10647,2023,10,Southern Mississippi,Appalachian State,DRatings,0,no_match
10648,2023,10,Southern Mississippi,Appalachian State,Dokter Entropy,0,no_match
10649,2023,10,Southern Mississippi,Appalachian State,ESPN FPI,0,no_match
10650,2023,10,Southern Mississippi,Appalachian State,FEI,0,no_match
10651,2023,10,Southern Mississippi,Appalachian State,Harville,0,no_match
10652,2023,10,Southern Mississippi,Appalachian State,JP+,0,no_match
10653,2023,10,Southern Mississippi,Appalachian State,KFord,0,no_match
10654,2023,10,Southern Mississippi,Appalachian State,Keeper,0,no_match
10655,2023,10,Southern Mississippi,Appalachian State,Massey,0,no_match
10656,2023,10,Southern Mississippi,Appalachian State,Moore Ratings,0,no_match
10657,2023,10,Southern Mississippi,Appalachian State,OddsTrader AI,0,no_match
10658,2023,10,Southern Mississippi,Appalachian State,PiRate,0,no_match
10659,2023,10,Southern Mississippi,Appalachian State,PiRate: Bias,0,no_match
10660,2023,10,Southern Mississippi,Appalachian State,PiRate: Mean,0,no_match
10661,2023,10,Southern Mississippi,Appalachian State,Power Rank,0,no_match
10662,2023,10,Southern Mississippi,Appalachian State,Power Rank: Free,0,no_match
10663,2023,10,Southern Mississippi,Appalachian State,Professor Sides,0,no_match
10664,2023,10,Southern Mississippi,Appalachian State,Room44 Bets,0,no_match
10665,2023,10,Southern Mississippi,Appalachian State,SP+,0,no_match
10666,2023,10,Southern Mississippi,Appalachian State,Sagarin,0,no_match
10667,2023,10,Southern Mississippi,Appalachian State,Sagarin: Golden,0,no_match
10668,2023,10,Southern Mississippi,Appalachian State,Sagarin: Predictor,0,no_match
10669,2023,10,Southern Mississippi,Appalachian State,Sagarin: Recent,0,no_match
10670,2023,10,Southern Mississippi,Appalachian State,SportsLine,0,no_match
10671,2023,10,Southern Mississippi,Appalachian State,TShoe Index,0,no_match
10672,2023,10,Southern Mississippi,Appalachian State,TeamRankings,0,no_match
10673,2023,10,Southern Mississippi,Appalachian State,Wilson Ratings,0,no_match
10810,2023,10,UTEP,Sam Houston,Beta_Rank,0,no_match
10811,2023,10,UTEP,Sam Houston,Blake Atkinson,0,no_match
10812,2023,10,UTEP,Sam Houston,CBCR2: Power,0,no_match
10813,2023,10,UTEP,Sam Houston,CBCR2: Sam,0,no_match
10814,2023,10,UTEP,Sam Houston,CFB Geek,0,no_match
10815,2023,10,UTEP,Sam Houston,CFB Graphs,0,no_match
10816,2023,10,UTEP,Sam Houston,Congrove,0,no_match
10817,2023,10,UTEP,Sam Houston,DRatings,0,no_match
10818,2023,10,UTEP,Sam Houston,Dokter Entropy,0,no_match
10819,2023,10,UTEP,Sam Houston,ESPN FPI,0,no_match
10820,2023,10,UTEP,Sam Houston,FEI,0,no_match
10821,2023,10,UTEP,Sam Houston,Harville,0,no_match
10822,2023,10,UTEP,Sam Houston,JP+,0,no_match
10823,2023,10,UTEP,Sam Houston,KFord,0,no_match
10824,2023,10,UTEP,Sam Houston,Keeper,0,no_match
10825,2023,10,UTEP,Sam Houston,Massey,0,no_match
10826,2023,10,UTEP,Sam Houston,Moore Ratings,0,no_match
10827,2023,10,UTEP,Sam Houston,OddsTrader AI,0,no_match
10828,2023,10,UTEP,Sam Houston,PiRate,0,no_match
10829,2023,10,UTEP,Sam Houston,PiRate: Bias,0,no_match
10830,2023,10,UTEP,Sam Houston,PiRate: Mean,0,no_match
10831,2023,10,UTEP,Sam Houston,Power Rank,0,no_match
10832,2023,10,UTEP,Sam Houston,Power Rank: Free,0,no_match
10833,2023,10,UTEP,Sam Houston,Professor Sides,0,no_match
10834,2023,10,UTEP,Sam Houston,Room44 Bets,0,no_match
10835,2023,10,UTEP,Sam Houston,SP+,0,no_match
10836,2023,10,UTEP,Sam Houston,Sagarin,0,no_match
10837,2023,10,UTEP,Sam Houston,Sagarin: Golden,0,no_match
10838,2023,10,UTEP,Sam Houston,Sagarin: Predictor,0,no_match
10839,2023,10,UTEP,Sam Houston,Sagarin: Recent,0,no_match
10840,2023,10,UTEP,Sam Houston,SportsLine,0,no_match
10841,2023,10,UTEP,Sam Houston,TShoe Index,0,no_match
10842,2023,10,UTEP,Sam Houston,TeamRankings,0,no_match
10843,2023,10,UTEP,Sam Houston,Wilson Ratings,0,no_match
10844,2023,10,Virginia,Miami,Beta_Rank,0,no_match
10845,2023,10,Virginia,Miami,Blake Atkinson,0,no_match
10846,2023,10,Virginia,Miami,CBCR2: Power,0,no_match
10847,2023,10,Virginia,Miami,CBCR2: Sam,0,no_match
10848,2023,10,Virginia,Miami,CFB Geek,0,no_match
10849,2023,10,Virginia,Miami,CFB Graphs,0,no_match
10850,2023,10,Virginia,Miami,Congrove,0,no_match
10851,2023,10,Virginia,Miami,DRatings,0,no_match
10852,2023,10,Virginia,Miami,Dokter Entropy,0,no_match
10853,2023,10,Virginia,Miami,ESPN FPI,0,no_match
10854,2023,10,Virginia,Miami,FEI,0,no_match
10855,2023,10,Virginia,Miami,Harville,0,no_match
10856,2023,10,Virginia,Miami,JP+,0,no_match
10857,2023,10,Virginia,Miami,KFord,0,no_match
10858,2023,10,Virginia,Miami,Keeper,0,no_match
10859,2023,10,Virginia,Miami,Massey,0,no_match
10860,2023,10,Virginia,Miami,Moore Ratings,0,no_match
10861,2023,10,Virginia,Miami,OddsTrader AI,0,no_match
10862,2023,10,Virginia,Miami,PiRate,0,no_match
10863,2023,10,Virginia,Miami,PiRate: Bias,0,no_match
10864,2023,10,Virginia,Miami,PiRate: Mean,0,no_match
10865,2023,10,Virginia,Miami,Power Rank,0,no_match
10866,2023,10,Virginia,Miami,Power Rank: Free,0,no_match
10867,2023,10,Virginia,Miami,Professor Sides,0,no_match
10868,2023,10,Virginia,Miami,Room44 Bets,0,no_match
10869,2023,10,Virginia,Miami,SP+,0,no_match
10870,2023,10,Virginia,Miami,Sagarin,0,no_match
10871,2023,10,Virginia,Miami,Sagarin: Golden,0,no_match
10872,2023,10,Virginia,Miami,Sagarin: Predictor,0,no_match
10873,2023,10,Virginia,Miami,Sagarin: Recent,0,no_match
10874,2023,10,Virginia,Miami,SportsLine,0,no_match
10875,2023,10,Virginia,Miami,TShoe Index,0,no_match
10876,2023,10,Virginia,Miami,TeamRankings,0,no_match
10877,2023,10,Virginia,Miami,Wilson Ratings,0,no_match
10878,2023,10,West Virginia,UCF,Beta_Rank,0,no_match
10879,2023,10,West Virginia,UCF,Blake Atkinson,0,no_match
10880,2023,10,West Virginia,UCF,CBCR2: Power,0,no_match
10881,2023,10,West Virginia,UCF,CBCR2: Sam,0,no_match
10882,2023,10,West Virginia,UCF,CFB Geek,0,no_match
10883,2023,10,West Virginia,UCF,CFB Graphs,0,no_match
10884,2023,10,West Virginia,UCF,Congrove,0,no_match
10885,2023,10,West Virginia,UCF,DRatings,0,no_match
10886,2023,10,West Virginia,UCF,Dokter Entropy,0,no_match
10887,2023,10,West Virginia,UCF,ESPN FPI,0,no_match
10888,2023,10,West Virginia,UCF,FEI,0,no_match
10889,2023,10,West Virginia,UCF,Harville,0,no_match
10890,2023,10,West Virginia,UCF,JP+,0,no_match
10891,2023,10,West Virginia,UCF,KFord,0,no_match
10892,2023,10,West Virginia,UCF,Keeper,0,no_match
10893,2023,10,West Virginia,UCF,Massey,0,no_match
10894,2023,10,West Virginia,UCF,Moore Ratings,0,no_match
10895,2023,10,West Virginia,UCF,OddsTrader AI,0,no_match
10896,2023,10,West Virginia,UCF,PiRate,0,no_match
10897,2023,10,West Virginia,UCF,PiRate: Bias,0,no_match
10898,2023,10,West Virginia,UCF,PiRate: Mean,0,no_match
10899,2023,10,West Virginia,UCF,Power Rank,0,no_match
10900,2023,10,West Virginia,UCF,Power Rank: Free,0,no_match
10901,2023,10,West Virginia,UCF,Professor Sides,0,no_match
10902,2023,10,West Virginia,UCF,Room44 Bets,0,no_match
10903,2023,10,West Virginia,UCF,SP+,0,no_match
10904,2023,10,West Virginia,UCF,Sagarin,0,no_match
10905,2023,10,West Virginia,UCF,Sagarin: Golden,0,no_match
10906,2023,10,West Virginia,UCF,Sagarin: Predictor,0,no_match
10907,2023,10,West Virginia,UCF,Sagarin: Recent,0,no_match
10908,2023,10,West Virginia,UCF,SportsLine,0,no_match
10909,2023,10,West Virginia,UCF,TShoe Index,0,no_match
10910,2023,10,West Virginia,UCF,TeamRankings,0,no_match
10911,2023,10,West Virginia,UCF,Wilson Ratings,0,no_match
10912,2023,10,Western Michigan,Eastern Michigan,Beta_Rank,0,no_match
10913,2023,10,Western Michigan,Eastern Michigan,Blake Atkinson,0,no_match
10914,2023,10,Western Michigan,Eastern Michigan,CBCR2: Power,0,no_match
10915,2023,10,Western Michigan,Eastern Michigan,CBCR2: Sam,0,no_match
10916,2023,10,Western Michigan,Eastern Michigan,CFB Geek,0,no_match
10917,2023,10,Western Michigan,Eastern Michigan,CFB Graphs,0,no_match
10918,2023,10,Western Michigan,Eastern Michigan,Congrove,0,no_match
10919,2023,10,Western Michigan,Eastern Michigan,DRatings,0,no_match
10920,2023,10,Western Michigan,Eastern Michigan,Dokter Entropy,0,no_match
10921,2023,10,Western Michigan,Eastern Michigan,ESPN FPI,0,no_match
10922,2023,10,Western Michigan,Eastern Michigan,FEI,0,no_match
10923,2023,10,Western Michigan,Eastern Michigan,Harville,0,no_match
10924,2023,10,Western Michigan,Eastern Michigan,JP+,0,no_match
10925,2023,10,Western Michigan,Eastern Michigan,KFord,0,no_match
10926,2023,10,Western Michigan,Eastern Michigan,Keeper,0,no_match
10927,2023,10,Western Michigan,Eastern Michigan,Massey,0,no_match
10928,2023,10,Western Michigan,Eastern Michigan,Moore Ratings,0,no_match
10929,2023,10,Western Michigan,Eastern Michigan,PiRate,0,no_match
10930,2023,10,Western Michigan,Eastern Michigan,PiRate: Bias,0,no_match
10931,2023,10,Western Michigan,Eastern Michigan,PiRate: Mean,0,no_match
10932,2023,10,Western Michigan,Eastern Michigan,Power Rank,0,no_match
10933,2023,10,Western Michigan,Eastern Michigan,Power Rank: Free,0,no_match
10934,2023,10,Western Michigan,Eastern Michigan,Professor Sides,0,no_match
10935,2023,10,Western Michigan,Eastern Michigan,Room44 Bets,0,no_match
10936,2023,10,Western Michigan,Eastern Michigan,SP+,0,no_match
10937,2023,10,Western Michigan,Eastern Michigan,Sagarin,0,no_match
10938,2023,10,Western Michigan,Eastern Michigan,Sagarin: Golden,0,no_match
10939,2023,10,Western Michigan,Eastern Michigan,Sagarin: Predictor,0,no_match
10940,2023,10,Western Michigan,Eastern Michigan,Sagarin: Recent,0,no_match
10941,2023,10,Western Michigan,Eastern Michigan,SportsLine,0,no_match
10942,2023,10,Western Michigan,Eastern Michigan,TShoe Index,0,no_match
10943,2023,10,Western Michigan,Eastern Michigan,TeamRankings,0,no_match
10944,2023,10,Western Michigan,Eastern Michigan,Wilson Ratings,0,no_match
11557,2023,11,Kent State,Akron,Beta_Rank,0,no_match
11558,2023,11,Kent State,Akron,Blake Atkinson,0,no_match
11559,2023,11,Kent State,Akron,CBCR2: Power,0,no_match
11560,2023,11,Kent State,Akron,CBCR2: Sam,0,no_match
11561,2023,11,Kent State,Akron,CFB Geek,0,no_match
11562,2023,11,Kent State,Akron,CFB Graphs,0,no_match
11563,2023,11,Kent State,Akron,Congrove,0,no_match
11564,2023,11,Kent State,Akron,DRatings,0,no_match
11565,2023,11,Kent State,Akron,Dokter Entropy,0,no_match
11566,2023,11,Kent State,Akron,ESPN FPI,0,no_match
11567,2023,11,Kent State,Akron,FEI,0,no_match
11568,2023,11,Kent State,Akron,Harville,0,no_match
11569,2023,11,Kent State,Akron,JP+,0,no_match
11570,2023,11,Kent State,Akron,KFord,0,no_match
11571,2023,11,Kent State,Akron,Keeper,0,no_match
11572,2023,11,Kent State,Akron,Massey,0,no_match
11573,2023,11,Kent State,Akron,Moore Ratings,0,no_match
11574,2023,11,Kent State,Akron,OddsTrader AI,0,no_match
11575,2023,11,Kent State,Akron,PiRate,0,no_match
11576,2023,11,Kent State,Akron,PiRate: Bias,0,no_match
11577,2023,11,Kent State,Akron,PiRate: Mean,0,no_match
11578,2023,11,Kent State,Akron,Power Rank,0,no_match
11579,2023,11,Kent State,Akron,Power Rank: Free,0,no_match
11580,2023,11,Kent State,Akron,Professor Sides,0,no_match
11581,2023,11,Kent State,Akron,Room44 Bets,0,no_match
11582,2023,11,Kent State,Akron,SP+,0,no_match
11583,2023,11,Kent State,Akron,Sagarin,0,no_match
11584,2023,11,Kent State,Akron,Sagarin: Golden,0,no_match
11585,2023,11,Kent State,Akron,Sagarin: Predictor,0,no_match
11586,2023,11,Kent State,Akron,Sagarin: Recent,0,no_match
11587,2023,11,Kent State,Akron,SportsLine,0,no_match
11588,2023,11,Kent State,Akron,TShoe Index,0,no_match
11589,2023,11,Kent State,Akron,TeamRankings,0,no_match
11590,2023,11,Kent State,Akron,Wilson Ratings,0,no_match
11727,2023,11,Northern Illinois,Central Michigan,Beta_Rank,0,no_match
11728,2023,11,Northern Illinois,Central Michigan,Blake Atkinson,0,no_match
11729,2023,11,Northern Illinois,Central Michigan,CBCR2: Power,0,no_match
11730,2023,11,Northern Illinois,Central Michigan,CBCR2: Sam,0,no_match
11731,2023,11,Northern Illinois,Central Michigan,CFB Geek,0,no_match
11732,2023,11,Northern Illinois,Central Michigan,CFB Graphs,0,no_match
11733,2023,11,Northern Illinois,Central Michigan,Congrove,0,no_match
11734,2023,11,Northern Illinois,Central Michigan,DRatings,0,no_match
11735,2023,11,Northern Illinois,Central Michigan,Dokter Entropy,0,no_match
11736,2023,11,Northern Illinois,Central Michigan,ESPN FPI,0,no_match
11737,2023,11,Northern Illinois,Central Michigan,FEI,0,no_match
11738,2023,11,Northern Illinois,Central Michigan,Harville,0,no_match
11739,2023,11,Northern Illinois,Central Michigan,JP+,0,no_match
11740,2023,11,Northern Illinois,Central Michigan,KFord,0,no_match
11741,2023,11,Northern Illinois,Central Michigan,Keeper,0,no_match
11742,2023,11,Northern Illinois,Central Michigan,Massey,0,no_match
11743,2023,11,Northern Illinois,Central Michigan,Moore Ratings,0,no_match
11744,2023,11,Northern Illinois,Central Michigan,OddsTrader AI,0,no_match
11745,2023,11,Northern Illinois,Central Michigan,PiRate,0,no_match
11746,2023,11,Northern Illinois,Central Michigan,PiRate: Bias,0,no_match
11747,2023,11,Northern Illinois,Central Michigan,PiRate: Mean,0,no_match
11748,2023,11,Northern Illinois,Central Michigan,Power Rank,0,no_match
11749,2023,11,Northern Illinois,Central Michigan,Power Rank: Free,0,no_match
11750,2023,11,Northern Illinois,Central Michigan,Professor Sides,0,no_match
11751,2023,11,Northern Illinois,Central Michigan,Room44 Bets,0,no_match
11752,2023,11,Northern Illinois,Central Michigan,SP+,0,no_match
11753,2023,11,Northern Illinois,Central Michigan,Sagarin,0,no_match
11754,2023,11,Northern Illinois,Central Michigan,Sagarin: Golden,0,no_match
11755,2023,11,Northern Illinois,Central Michigan,Sagarin: Predictor,0,no_match
11756,2023,11,Northern Illinois,Central Michigan,Sagarin: Recent,0,no_match
11757,2023,11,Northern Illinois,Central Michigan,SportsLine,0,no_match
11758,2023,11,Northern Illinois,Central Michigan,TShoe Index,0,no_match
11759,2023,11,Northern Illinois,Central Michigan,TeamRankings,0,no_match
11760,2023,11,Northern Illinois,Central Michigan,Wilson Ratings,0,no_match
11897,2023,11,South Alabama,Troy,Beta_Rank,0,no_match
11898,2023,11,South Alabama,Troy,Blake Atkinson,0,no_match
11899,2023,11,South Alabama,Troy,CBCR2: Power,0,no_match
11900,2023,11,South Alabama,Troy,CBCR2: Sam,0,no_match
11901,2023,11,South Alabama,Troy,CFB Geek,0,no_match
11902,2023,11,South Alabama,Troy,CFB Graphs,0,no_match
11903,2023,11,South Alabama,Troy,Congrove,0,no_match
11904,2023,11,South Alabama,Troy,DRatings,0,no_match
11905,2023,11,South Alabama,Troy,Dokter Entropy,0,no_match
11906,2023,11,South Alabama,Troy,ESPN FPI,0,no_match
11907,2023,11,South Alabama,Troy,FEI,0,no_match
11908,2023,11,South Alabama,Troy,Harville,0,no_match
11909,2023,11,South Alabama,Troy,JP+,0,no_match
11910,2023,11,South Alabama,Troy,KFord,0,no_match
11911,2023,11,South Alabama,Troy,Keeper,0,no_match
11912,2023,11,South Alabama,Troy,Massey,0,no_match
11913,2023,11,South Alabama,Troy,Moore Ratings,0,no_match
11914,2023,11,South Alabama,Troy,OddsTrader AI,0,no_match
11915,2023,11,South Alabama,Troy,PiRate,0,no_match
11916,2023,11,South Alabama,Troy,PiRate: Bias,0,no_match
11917,2023,11,South Alabama,Troy,PiRate: Mean,0,no_match
11918,2023,11,South Alabama,Troy,Power Rank,0,no_match
11919,2023,11,South Alabama,Troy,Power Rank: Free,0,no_match
11920,2023,11,South Alabama,Troy,Professor Sides,0,no_match
11921,2023,11,South Alabama,Troy,Room44 Bets,0,no_match
11922,2023,11,South Alabama,Troy,SP+,0,no_match
11923,2023,11,South Alabama,Troy,Sagarin,0,no_match
11924,2023,11,South Alabama,Troy,Sagarin: Golden,0,no_match
11925,2023,11,South Alabama,Troy,Sagarin: Predictor,0,no_match
11926,2023,11,South Alabama,Troy,Sagarin: Recent,0,no_match
11927,2023,11,South Alabama,Troy,SportsLine,0,no_match
11928,2023,11,South Alabama,Troy,TShoe Index,0,no_match
11929,2023,11,South Alabama,Troy,TeamRankings,0,no_match
11930,2023,11,South Alabama,Troy,Wilson Ratings,0,no_match
12135,2023,12,Akron,Miami OH,Beta_Rank,0,no_match
12136,2023,12,Akron,Miami OH,Blake Atkinson,0,no_match
12137,2023,12,Akron,Miami OH,CBCR2: Power,0,no_match
12138,2023,12,Akron,Miami OH,CBCR2: Sam,0,no_match
12139,2023,12,Akron,Miami OH,CFB Geek,0,no_match
12140,2023,12,Akron,Miami OH,CFB Graphs,0,no_match
12141,2023,12,Akron,Miami OH,Congrove,0,no_match
12142,2023,12,Akron,Miami OH,DRatings,0,no_match
12143,2023,12,Akron,Miami OH,Dokter Entropy,0,no_match
12144,2023,12,Akron,Miami OH,ESPN FPI,0,no_match
12145,2023,12,Akron,Miami OH,FEI,0,no_match
12146,2023,12,Akron,Miami OH,Harville,0,no_match
12147,2023,12,Akron,Miami OH,JP+,0,no_match
12148,2023,12,Akron,Miami OH,KFord,0,no_match
12149,2023,12,Akron,Miami OH,Keeper,0,no_match
12150,2023,12,Akron,Miami OH,Massey,0,no_match
12151,2023,12,Akron,Miami OH,Moore Ratings,0,no_match
12152,2023,12,Akron,Miami OH,OddsTrader AI,0,no_match
12153,2023,12,Akron,Miami OH,PiRate,0,no_match
12154,2023,12,Akron,Miami OH,PiRate: Bias,0,no_match
12155,2023,12,Akron,Miami OH,PiRate: Mean,0,no_match
12156,2023,12,Akron,Miami OH,Power Rank,0,no_match
12157,2023,12,Akron,Miami OH,Power Rank: Free,0,no_match
12158,2023,12,Akron,Miami OH,Professor Sides,0,no_match
12159,2023,12,Akron,Miami OH,Room44 Bets,0,no_match
12160,2023,12,Akron,Miami OH,SP+,0,no_match
12161,2023,12,Akron,Miami OH,Sagarin,0,no_match
12162,2023,12,Akron,Miami OH,Sagarin: Golden,0,no_match
12163,2023,12,Akron,Miami OH,Sagarin: Predictor,0,no_match
12164,2023,12,Akron,Miami OH,Sagarin: Recent,0,no_match
12165,2023,12,Akron,Miami OH,SportsLine,0,no_match
12166,2023,12,Akron,Miami OH,TShoe Index,0,no_match
12167,2023,12,Akron,Miami OH,TeamRankings,0,no_match
12168,2023,12,Akron,Miami OH,Wilson Ratings,0,no_match
12271,2023,12,Ball State,Northern Illinois,Beta_Rank,0,no_match
12272,2023,12,Ball State,Northern Illinois,Blake Atkinson,0,no_match
12273,2023,12,Ball State,Northern Illinois,CBCR2: Power,0,no_match
12274,2023,12,Ball State,Northern Illinois,CBCR2: Sam,0,no_match
12275,2023,12,Ball State,Northern Illinois,CFB Geek,0,no_match
12276,2023,12,Ball State,Northern Illinois,CFB Graphs,0,no_match
12277,2023,12,Ball State,Northern Illinois,Congrove,0,no_match
12278,2023,12,Ball State,Northern Illinois,DRatings,0,no_match
12279,2023,12,Ball State,Northern Illinois,Dokter Entropy,0,no_match
12280,2023,12,Ball State,Northern Illinois,ESPN FPI,0,no_match
12281,2023,12,Ball State,Northern Illinois,FEI,0,no_match
12282,2023,12,Ball State,Northern Illinois,Harville,0,no_match
12283,2023,12,Ball State,Northern Illinois,JP+,0,no_match
12284,2023,12,Ball State,Northern Illinois,KFord,0,no_match
12285,2023,12,Ball State,Northern Illinois,Keeper,0,no_match
12286,2023,12,Ball State,Northern Illinois,Massey,0,no_match
12287,2023,12,Ball State,Northern Illinois,Moore Ratings,0,no_match
12288,2023,12,Ball State,Northern Illinois,OddsTrader AI,0,no_match
12289,2023,12,Ball State,Northern Illinois,PiRate,0,no_match
12290,2023,12,Ball State,Northern Illinois,PiRate: Bias,0,no_match
12291,2023,12,Ball State,Northern Illinois,PiRate: Mean,0,no_match
12292,2023,12,Ball State,Northern Illinois,Power Rank,0,no_match
12293,2023,12,Ball State,Northern Illinois,Power Rank: Free,0,no_match
12294,2023,12,Ball State,Northern Illinois,Professor Sides,0,no_match
12295,2023,12,Ball State,Northern Illinois,Room44 Bets,0,no_match
12296,2023,12,Ball State,Northern Illinois,SP+,0,no_match
12297,2023,12,Ball State,Northern Illinois,Sagarin,0,no_match
12298,2023,12,Ball State,Northern Illinois,Sagarin: Golden,0,no_match
12299,2023,12,Ball State,Northern Illinois,Sagarin: Predictor,0,no_match
12300,2023,12,Ball State,Northern Illinois,Sagarin: Recent,0,no_match
12301,2023,12,Ball State,Northern Illinois,SportsLine,0,no_match
12302,2023,12,Ball State,Northern Illinois,TShoe Index,0,no_match
12303,2023,12,Ball State,Northern Illinois,TeamRankings,0,no_match
12304,2023,12,Ball State,Northern Illinois,Wilson Ratings,0,no_match
12339,2023,12,Bowling Green,Kent State,Beta_Rank,0,no_match
12340,2023,12,Bowling Green,Kent State,Blake Atkinson,0,no_match
12341,2023,12,Bowling Green,Kent State,CBCR2: Power,0,no_match
12342,2023,12,Bowling Green,Kent State,CBCR2: Sam,0,no_match
12343,2023,12,Bowling Green,Kent State,CFB Geek,0,no_match
12344,2023,12,Bowling Green,Kent State,CFB Graphs,0,no_match
12345,2023,12,Bowling Green,Kent State,Congrove,0,no_match
12346,2023,12,Bowling Green,Kent State,DRatings,0,no_match
12347,2023,12,Bowling Green,Kent State,Dokter Entropy,0,no_match
12348,2023,12,Bowling Green,Kent State,ESPN FPI,0,no_match
12349,2023,12,Bowling Green,Kent State,FEI,0,no_match
12350,2023,12,Bowling Green,Kent State,Harville,0,no_match
12351,2023,12,Bowling Green,Kent State,JP+,0,no_match
12352,2023,12,Bowling Green,Kent State,KFord,0,no_match
12353,2023,12,Bowling Green,Kent State,Keeper,0,no_match
12354,2023,12,Bowling Green,Kent State,Massey,0,no_match
12355,2023,12,Bowling Green,Kent State,Moore Ratings,0,no_match
12356,2023,12,Bowling Green,Kent State,OddsTrader AI,0,no_match
12357,2023,12,Bowling Green,Kent State,PiRate,0,no_match
12358,2023,12,Bowling Green,Kent State,PiRate: Bias,0,no_match
12359,2023,12,Bowling Green,Kent State,PiRate: Mean,0,no_match
12360,2023,12,Bowling Green,Kent State,Power Rank,0,no_match
12361,2023,12,Bowling Green,Kent State,Power Rank: Free,0,no_match
12362,2023,12,Bowling Green,Kent State,Professor Sides,0,no_match
12363,2023,12,Bowling Green,Kent State,Room44 Bets,0,no_match
12364,2023,12,Bowling Green,Kent State,SP+,0,no_match
12365,2023,12,Bowling Green,Kent State,Sagarin,0,no_match
12366,2023,12,Bowling Green,Kent State,Sagarin: Golden,0,no_match
12367,2023,12,Bowling Green,Kent State,Sagarin: Predictor,0,no_match
12368,2023,12,Bowling Green,Kent State,Sagarin: Recent,0,no_match
12369,2023,12,Bowling Green,Kent State,SportsLine,0,no_match
12370,2023,12,Bowling Green,Kent State,TShoe Index,0,no_match
12371,2023,12,Bowling Green,Kent State,TeamRankings,0,no_match
12372,2023,12,Bowling Green,Kent State,Wilson Ratings,0,no_match
12373,2023,12,Central Michigan,Western Michigan,Beta_Rank,0,no_match
12374,2023,12,Central Michigan,Western Michigan,Blake Atkinson,0,no_match
12375,2023,12,Central Michigan,Western Michigan,CBCR2: Power,0,no_match
12376,2023,12,Central Michigan,Western Michigan,CBCR2: Sam,0,no_match
12377,2023,12,Central Michigan,Western Michigan,CFB Geek,0,no_match
12378,2023,12,Central Michigan,Western Michigan,CFB Graphs,0,no_match
12379,2023,12,Central Michigan,Western Michigan,Congrove,0,no_match
12380,2023,12,Central Michigan,Western Michigan,DRatings,0,no_match
12381,2023,12,Central Michigan,Western Michigan,Dokter Entropy,0,no_match
12382,2023,12,Central Michigan,Western Michigan,ESPN FPI,0,no_match
12383,2023,12,Central Michigan,Western Michigan,FEI,0,no_match
12384,2023,12,Central Michigan,Western Michigan,Harville,0,no_match
12385,2023,12,Central Michigan,Western Michigan,JP+,0,no_match
12386,2023,12,Central Michigan,Western Michigan,KFord,0,no_match
12387,2023,12,Central Michigan,Western Michigan,Keeper,0,no_match
12388,2023,12,Central Michigan,Western Michigan,Massey,0,no_match
12389,2023,12,Central Michigan,Western Michigan,Moore Ratings,0,no_match
12390,2023,12,Central Michigan,Western Michigan,OddsTrader AI,0,no_match
12391,2023,12,Central Michigan,Western Michigan,PiRate,0,no_match
12392,2023,12,Central Michigan,Western Michigan,PiRate: Bias,0,no_match
12393,2023,12,Central Michigan,Western Michigan,PiRate: Mean,0,no_match
12394,2023,12,Central Michigan,Western Michigan,Power Rank,0,no_match
12395,2023,12,Central Michigan,Western Michigan,Power Rank: Free,0,no_match
12396,2023,12,Central Michigan,Western Michigan,Professor Sides,0,no_match
12397,2023,12,Central Michigan,Western Michigan,Room44 Bets,0,no_match
12398,2023,12,Central Michigan,Western Michigan,SP+,0,no_match
12399,2023,12,Central Michigan,Western Michigan,Sagarin,0,no_match
12400,2023,12,Central Michigan,Western Michigan,Sagarin: Golden,0,no_match
12401,2023,12,Central Michigan,Western Michigan,Sagarin: Predictor,0,no_match
12402,2023,12,Central Michigan,Western Michigan,Sagarin: Recent,0,no_match
12403,2023,12,Central Michigan,Western Michigan,SportsLine,0,no_match
12404,2023,12,Central Michigan,Western Michigan,TShoe Index,0,no_match
12405,2023,12,Central Michigan,Western Michigan,TeamRankings,0,no_match
12406,2023,12,Central Michigan,Western Michigan,Wilson Ratings,0,no_match
12441,2023,12,Eastern Michigan,Toledo,Beta_Rank,0,no_match
12442,2023,12,Eastern Michigan,Toledo,Blake Atkinson,0,no_match
12443,2023,12,Eastern Michigan,Toledo,CBCR2: Power,0,no_match
12444,2023,12,Eastern Michigan,Toledo,CBCR2: Sam,0,no_match
12445,2023,12,Eastern Michigan,Toledo,CFB Geek,0,no_match
12446,2023,12,Eastern Michigan,Toledo,CFB Graphs,0,no_match
12447,2023,12,Eastern Michigan,Toledo,Congrove,0,no_match
12448,2023,12,Eastern Michigan,Toledo,DRatings,0,no_match
12449,2023,12,Eastern Michigan,Toledo,Dokter Entropy,0,no_match
12450,2023,12,Eastern Michigan,Toledo,ESPN FPI,0,no_match
12451,2023,12,Eastern Michigan,Toledo,FEI,0,no_match
12452,2023,12,Eastern Michigan,Toledo,Harville,0,no_match
12453,2023,12,Eastern Michigan,Toledo,JP+,0,no_match
12454,2023,12,Eastern Michigan,Toledo,KFord,0,no_match
12455,2023,12,Eastern Michigan,Toledo,Keeper,0,no_match
12456,2023,12,Eastern Michigan,Toledo,Massey,0,no_match
12457,2023,12,Eastern Michigan,Toledo,Moore Ratings,0,no_match
12458,2023,12,Eastern Michigan,Toledo,OddsTrader AI,0,no_match
12459,2023,12,Eastern Michigan,Toledo,PiRate,0,no_match
12460,2023,12,Eastern Michigan,Toledo,PiRate: Bias,0,no_match
12461,2023,12,Eastern Michigan,Toledo,PiRate: Mean,0,no_match
12462,2023,12,Eastern Michigan,Toledo,Power Rank,0,no_match
12463,2023,12,Eastern Michigan,Toledo,Power Rank: Free,0,no_match
12464,2023,12,Eastern Michigan,Toledo,Professor Sides,0,no_match
12465,2023,12,Eastern Michigan,Toledo,Room44 Bets,0,no_match
12466,2023,12,Eastern Michigan,Toledo,SP+,0,no_match
12467,2023,12,Eastern Michigan,Toledo,Sagarin,0,no_match
12468,2023,12,Eastern Michigan,Toledo,Sagarin: Golden,0,no_match
12469,2023,12,Eastern Michigan,Toledo,Sagarin: Predictor,0,no_match
12470,2023,12,Eastern Michigan,Toledo,Sagarin: Recent,0,no_match
12471,2023,12,Eastern Michigan,Toledo,SportsLine,0,no_match
12472,2023,12,Eastern Michigan,Toledo,TShoe Index,0,no_match
12473,2023,12,Eastern Michigan,Toledo,TeamRankings,0,no_match
12474,2023,12,Eastern Michigan,Toledo,Wilson Ratings,0,no_match
12475,2023,12,Florida International,Middle Tennessee,Beta_Rank,0,no_match
12476,2023,12,Florida International,Middle Tennessee,Blake Atkinson,0,no_match
12477,2023,12,Florida International,Middle Tennessee,CBCR2: Power,0,no_match
12478,2023,12,Florida International,Middle Tennessee,CBCR2: Sam,0,no_match
12479,2023,12,Florida International,Middle Tennessee,CFB Geek,0,no_match
12480,2023,12,Florida International,Middle Tennessee,CFB Graphs,0,no_match
12481,2023,12,Florida International,Middle Tennessee,Congrove,0,no_match
12482,2023,12,Florida International,Middle Tennessee,DRatings,0,no_match
12483,2023,12,Florida International,Middle Tennessee,Dokter Entropy,0,no_match
12484,2023,12,Florida International,Middle Tennessee,ESPN FPI,0,no_match
12485,2023,12,Florida International,Middle Tennessee,FEI,0,no_match
12486,2023,12,Florida International,Middle Tennessee,Harville,0,no_match
12487,2023,12,Florida International,Middle Tennessee,JP+,0,no_match
12488,2023,12,Florida International,Middle Tennessee,KFord,0,no_match
12489,2023,12,Florida International,Middle Tennessee,Keeper,0,no_match
12490,2023,12,Florida International,Middle Tennessee,Massey,0,no_match
12491,2023,12,Florida International,Middle Tennessee,Moore Ratings,0,no_match
12492,2023,12,Florida International,Middle Tennessee,OddsTrader AI,0,no_match
12493,2023,12,Florida International,Middle Tennessee,PiRate,0,no_match
12494,2023,12,Florida International,Middle Tennessee,PiRate: Bias,0,no_match
12495,2023,12,Florida International,Middle Tennessee,PiRate: Mean,0,no_match
12496,2023,12,Florida International,Middle Tennessee,Power Rank,0,no_match
12497,2023,12,Florida International,Middle Tennessee,Power Rank: Free,0,no_match
12498,2023,12,Florida International,Middle Tennessee,Professor Sides,0,no_match
12499,2023,12,Florida International,Middle Tennessee,Room44 Bets,0,no_match
12500,2023,12,Florida International,Middle Tennessee,SP+,0,no_match
12501,2023,12,Florida International,Middle Tennessee,Sagarin,0,no_match
12502,2023,12,Florida International,Middle Tennessee,Sagarin: Golden,0,no_match
12503,2023,12,Florida International,Middle Tennessee,Sagarin: Predictor,0,no_match
12504,2023,12,Florida International,Middle Tennessee,Sagarin: Recent,0,no_match
12505,2023,12,Florida International,Middle Tennessee,SportsLine,0,no_match
12506,2023,12,Florida International,Middle Tennessee,TShoe Index,0,no_match
12507,2023,12,Florida International,Middle Tennessee,TeamRankings,0,no_match
12508,2023,12,Florida International,Middle Tennessee,Wilson Ratings,0,no_match
12645,2023,12,Miami,Florida State,Beta_Rank,0,no_match
12646,2023,12,Miami,Florida State,Blake Atkinson,0,no_match
12647,2023,12,Miami,Florida State,CBCR2: Power,0,no_match
12648,2023,12,Miami,Florida State,CBCR2: Sam,0,no_match
12649,2023,12,Miami,Florida State,CFB Geek,0,no_match
12650,2023,12,Miami,Florida State,CFB Graphs,0,no_match
12651,2023,12,Miami,Florida State,Congrove,0,no_match
12652,2023,12,Miami,Florida State,DRatings,0,no_match
12653,2023,12,Miami,Florida State,Dokter Entropy,0,no_match
12654,2023,12,Miami,Florida State,ESPN FPI,0,no_match
12655,2023,12,Miami,Florida State,FEI,0,no_match
12656,2023,12,Miami,Florida State,Harville,0,no_match
12657,2023,12,Miami,Florida State,JP+,0,no_match
12658,2023,12,Miami,Florida State,KFord,0,no_match
12659,2023,12,Miami,Florida State,Keeper,0,no_match
12660,2023,12,Miami,Florida State,Massey,0,no_match
12661,2023,12,Miami,Florida State,Moore Ratings,0,no_match
12662,2023,12,Miami,Florida State,OddsTrader AI,0,no_match
12663,2023,12,Miami,Florida State,PiRate,0,no_match
12664,2023,12,Miami,Florida State,PiRate: Bias,0,no_match
12665,2023,12,Miami,Florida State,PiRate: Mean,0,no_match
12666,2023,12,Miami,Florida State,Power Rank,0,no_match
12667,2023,12,Miami,Florida State,Power Rank: Free,0,no_match
12668,2023,12,Miami,Florida State,Professor Sides,0,no_match
12669,2023,12,Miami,Florida State,Room44 Bets,0,no_match
12670,2023,12,Miami,Florida State,SP+,0,no_match
12671,2023,12,Miami,Florida State,Sagarin,0,no_match
12672,2023,12,Miami,Florida State,Sagarin: Golden,0,no_match
12673,2023,12,Miami,Florida State,Sagarin: Predictor,0,no_match
12674,2023,12,Miami,Florida State,Sagarin: Recent,0,no_match
12675,2023,12,Miami,Florida State,SportsLine,0,no_match
12676,2023,12,Miami,Florida State,TShoe Index,0,no_match
12677,2023,12,Miami,Florida State,TeamRankings,0,no_match
12678,2023,12,Miami,Florida State,Wilson Ratings,0,no_match
12985,2023,12,Sam Houston,Louisiana Tech,Beta_Rank,0,no_match
12986,2023,12,Sam Houston,Louisiana Tech,Blake Atkinson,0,no_match
12987,2023,12,Sam Houston,Louisiana Tech,CBCR2: Power,0,no_match
12988,2023,12,Sam Houston,Louisiana Tech,CBCR2: Sam,0,no_match
12989,2023,12,Sam Houston,Louisiana Tech,CFB Geek,0,no_match
12990,2023,12,Sam Houston,Louisiana Tech,CFB Graphs,0,no_match
12991,2023,12,Sam Houston,Louisiana Tech,Congrove,0,no_match
12992,2023,12,Sam Houston,Louisiana Tech,DRatings,0,no_match
12993,2023,12,Sam Houston,Louisiana Tech,Dokter Entropy,0,no_match
12994,2023,12,Sam Houston,Louisiana Tech,ESPN FPI,0,no_match
12995,2023,12,Sam Houston,Louisiana Tech,FEI,0,no_match
12996,2023,12,Sam Houston,Louisiana Tech,Harville,0,no_match
12997,2023,12,Sam Houston,Louisiana Tech,JP+,0,no_match
12998,2023,12,Sam Houston,Louisiana Tech,KFord,0,no_match
12999,2023,12,Sam Houston,Louisiana Tech,Keeper,0,no_match
13000,2023,12,Sam Houston,Louisiana Tech,Massey,0,no_match
13001,2023,12,Sam Houston,Louisiana Tech,Moore Ratings,0,no_match
13002,2023,12,Sam Houston,Louisiana Tech,OddsTrader AI,0,no_match
13003,2023,12,Sam Houston,Louisiana Tech,PiRate,0,no_match
13004,2023,12,Sam Houston,Louisiana Tech,PiRate: Bias,0,no_match
13005,2023,12,Sam Houston,Louisiana Tech,PiRate: Mean,0,no_match
13006,2023,12,Sam Houston,Louisiana Tech,Power Rank,0,no_match
13007,2023,12,Sam Houston,Louisiana Tech,Power Rank: Free,0,no_match
13008,2023,12,Sam Houston,Louisiana Tech,Professor Sides,0,no_match
13009,2023,12,Sam Houston,Louisiana Tech,Room44 Bets,0,no_match
13010,2023,12,Sam Houston,Louisiana Tech,SP+,0,no_match
13011,2023,12,Sam Houston,Louisiana Tech,Sagarin,0,no_match
13012,2023,12,Sam Houston,Louisiana Tech,Sagarin: Golden,0,no_match
13013,2023,12,Sam Houston,Louisiana Tech,Sagarin: Predictor,0,no_match
13014,2023,12,Sam Houston,Louisiana Tech,Sagarin: Recent,0,no_match
13015,2023,12,Sam Houston,Louisiana Tech,SportsLine,0,no_match
13016,2023,12,Sam Houston,Louisiana Tech,TShoe Index,0,no_match
13017,2023,12,Sam Houston,Louisiana Tech,TeamRankings,0,no_match
13018,2023,12,Sam Houston,Louisiana Tech,Wilson Ratings,0,no_match
13019,2023,12,Southern Mississippi,Louisiana,Beta_Rank,0,no_match
13020,2023,12,Southern Mississippi,Louisiana,Blake Atkinson,0,no_match
13021,2023,12,Southern Mississippi,Louisiana,CBCR2: Power,0,no_match
13022,2023,12,Southern Mississippi,Louisiana,CBCR2: Sam,0,no_match
13023,2023,12,Southern Mississippi,Louisiana,CFB Geek,0,no_match
13024,2023,12,Southern Mississippi,Louisiana,CFB Graphs,0,no_match
13025,2023,12,Southern Mississippi,Louisiana,Congrove,0,no_match
13026,2023,12,Southern Mississippi,Louisiana,DRatings,0,no_match
13027,2023,12,Southern Mississippi,Louisiana,Dokter Entropy,0,no_match
13028,2023,12,Southern Mississippi,Louisiana,ESPN FPI,0,no_match
13029,2023,12,Southern Mississippi,Louisiana,FEI,0,no_match
13030,2023,12,Southern Mississippi,Louisiana,Harville,0,no_match
13031,2023,12,Southern Mississippi,Louisiana,JP+,0,no_match
13032,2023,12,Southern Mississippi,Louisiana,KFord,0,no_match
13033,2023,12,Southern Mississippi,Louisiana,Keeper,0,no_match
13034,2023,12,Southern Mississippi,Louisiana,Massey,0,no_match
13035,2023,12,Southern Mississippi,Louisiana,Moore Ratings,0,no_match
13036,2023,12,Southern Mississippi,Louisiana,OddsTrader AI,0,no_match
13037,2023,12,Southern Mississippi,Louisiana,PiRate,0,no_match
13038,2023,12,Southern Mississippi,Louisiana,PiRate: Bias,0,no_match
13039,2023,12,Southern Mississippi,Louisiana,PiRate: Mean,0,no_match
13040,2023,12,Southern Mississippi,Louisiana,Power Rank,0,no_match
13041,2023,12,Southern Mississippi,Louisiana,Power Rank: Free,0,no_match
13042,2023,12,Southern Mississippi,Louisiana,Professor Sides,0,no_match
13043,2023,12,Southern Mississippi,Louisiana,Room44 Bets,0,no_match
13044,2023,12,Southern Mississippi,Louisiana,SP+,0,no_match
13045,2023,12,Southern Mississippi,Louisiana,Sagarin,0,no_match
13046,2023,12,Southern Mississippi,Louisiana,Sagarin: Golden,0,no_match
13047,2023,12,Southern Mississippi,Louisiana,Sagarin: Predictor,0,no_match
13048,2023,12,Southern Mississippi,Louisiana,Sagarin: Recent,0,no_match
13049,2023,12,Southern Mississippi,Louisiana,SportsLine,0,no_match
13050,2023,12,Southern Mississippi,Louisiana,TShoe Index,0,no_match
13051,2023,12,Southern Mississippi,Louisiana,TeamRankings,0,no_match
13052,2023,12,Southern Mississippi,Louisiana,Wilson Ratings,0,no_match
13121,2023,12,Troy,ULM,Beta_Rank,0,no_match
13122,2023,12,Troy,ULM,Blake Atkinson,0,no_match
13123,2023,12,Troy,ULM,CBCR2: Power,0,no_match
13124,2023,12,Troy,ULM,CBCR2: Sam,0,no_match
13125,2023,12,Troy,ULM,CFB Geek,0,no_match
13126,2023,12,Troy,ULM,CFB Graphs,0,no_match
13127,2023,12,Troy,ULM,Congrove,0,no_match
13128,2023,12,Troy,ULM,DRatings,0,no_match
13129,2023,12,Troy,ULM,Dokter Entropy,0,no_match
13130,2023,12,Troy,ULM,ESPN FPI,0,no_match
13131,2023,12,Troy,ULM,FEI,0,no_match
13132,2023,12,Troy,ULM,Harville,0,no_match
13133,2023,12,Troy,ULM,JP+,0,no_match
13134,2023,12,Troy,ULM,KFord,0,no_match
13135,2023,12,Troy,ULM,Keeper,0,no_match
13136,2023,12,Troy,ULM,Massey,0,no_match
13137,2023,12,Troy,ULM,Moore Ratings,0,no_match
13138,2023,12,Troy,ULM,OddsTrader AI,0,no_match
13139,2023,12,Troy,ULM,PiRate,0,no_match
13140,2023,12,Troy,ULM,PiRate: Bias,0,no_match
13141,2023,12,Troy,ULM,PiRate: Mean,0,no_match
13142,2023,12,Troy,ULM,Power Rank,0,no_match
13143,2023,12,Troy,ULM,Power Rank: Free,0,no_match
13144,2023,12,Troy,ULM,Professor Sides,0,no_match
13145,2023,12,Troy,ULM,Room44 Bets,0,no_match
13146,2023,12,Troy,ULM,SP+,0,no_match
13147,2023,12,Troy,ULM,Sagarin,0,no_match
13148,2023,12,Troy,ULM,Sagarin: Golden,0,no_match
13149,2023,12,Troy,ULM,Sagarin: Predictor,0,no_match
13150,2023,12,Troy,ULM,Sagarin: Recent,0,no_match
13151,2023,12,Troy,ULM,SportsLine,0,no_match
13152,2023,12,Troy,ULM,TShoe Index,0,no_match
13153,2023,12,Troy,ULM,TeamRankings,0,no_match
13154,2023,12,Troy,ULM,Wilson Ratings,0,no_match
13325,2023,13,Akron,Eastern Michigan,Beta_Rank,0,no_match
13326,2023,13,Akron,Eastern Michigan,Blake Atkinson,0,no_match
13327,2023,13,Akron,Eastern Michigan,CBCR2: Power,0,no_match
13328,2023,13,Akron,Eastern Michigan,CBCR2: Sam,0,no_match
13329,2023,13,Akron,Eastern Michigan,CFB Geek,0,no_match
13330,2023,13,Akron,Eastern Michigan,CFB Graphs,0,no_match
13331,2023,13,Akron,Eastern Michigan,Congrove,0,no_match
13332,2023,13,Akron,Eastern Michigan,DRatings,0,no_match
13333,2023,13,Akron,Eastern Michigan,Dokter Entropy,0,no_match
13334,2023,13,Akron,Eastern Michigan,ESPN FPI,0,no_match
13335,2023,13,Akron,Eastern Michigan,FEI,0,no_match
13336,2023,13,Akron,Eastern Michigan,Harville,0,no_match
13337,2023,13,Akron,Eastern Michigan,JP+,0,no_match
13338,2023,13,Akron,Eastern Michigan,KFord,0,no_match
13339,2023,13,Akron,Eastern Michigan,Keeper,0,no_match
13340,2023,13,Akron,Eastern Michigan,Massey,0,no_match
13341,2023,13,Akron,Eastern Michigan,Moore Ratings,0,no_match
13342,2023,13,Akron,Eastern Michigan,OddsTrader AI,0,no_match
13343,2023,13,Akron,Eastern Michigan,PiRate,0,no_match
13344,2023,13,Akron,Eastern Michigan,PiRate: Bias,0,no_match
13345,2023,13,Akron,Eastern Michigan,PiRate: Mean,0,no_match
13346,2023,13,Akron,Eastern Michigan,Power Rank,0,no_match
13347,2023,13,Akron,Eastern Michigan,Power Rank: Free,0,no_match
13348,2023,13,Akron,Eastern Michigan,Professor Sides,0,no_match
13349,2023,13,Akron,Eastern Michigan,Room44 Bets,0,no_match
13350,2023,13,Akron,Eastern Michigan,SP+,0,no_match
13351,2023,13,Akron,Eastern Michigan,Sagarin,0,no_match
13352,2023,13,Akron,Eastern Michigan,Sagarin: Golden,0,no_match
13353,2023,13,Akron,Eastern Michigan,Sagarin: Predictor,0,no_match
13354,2023,13,Akron,Eastern Michigan,Sagarin: Recent,0,no_match
13355,2023,13,Akron,Eastern Michigan,SportsLine,0,no_match
13356,2023,13,Akron,Eastern Michigan,TShoe Index,0,no_match
13357,2023,13,Akron,Eastern Michigan,TeamRankings,0,no_match
13358,2023,13,Akron,Eastern Michigan,Wilson Ratings,0,no_match
13461,2023,13,Buffalo,Miami OH,Beta_Rank,0,no_match
13462,2023,13,Buffalo,Miami OH,Blake Atkinson,0,no_match
13463,2023,13,Buffalo,Miami OH,CBCR2: Power,0,no_match
13464,2023,13,Buffalo,Miami OH,CBCR2: Sam,0,no_match
13465,2023,13,Buffalo,Miami OH,CFB Geek,0,no_match
13466,2023,13,Buffalo,Miami OH,CFB Graphs,0,no_match
13467,2023,13,Buffalo,Miami OH,Congrove,0,no_match
13468,2023,13,Buffalo,Miami OH,DRatings,0,no_match
13469,2023,13,Buffalo,Miami OH,Dokter Entropy,0,no_match
13470,2023,13,Buffalo,Miami OH,ESPN FPI,0,no_match
13471,2023,13,Buffalo,Miami OH,FEI,0,no_match
13472,2023,13,Buffalo,Miami OH,Harville,0,no_match
13473,2023,13,Buffalo,Miami OH,JP+,0,no_match
13474,2023,13,Buffalo,Miami OH,KFord,0,no_match
13475,2023,13,Buffalo,Miami OH,Keeper,0,no_match
13476,2023,13,Buffalo,Miami OH,Massey,0,no_match
13477,2023,13,Buffalo,Miami OH,Moore Ratings,0,no_match
13478,2023,13,Buffalo,Miami OH,OddsTrader AI,0,no_match
13479,2023,13,Buffalo,Miami OH,PiRate,0,no_match
13480,2023,13,Buffalo,Miami OH,PiRate: Bias,0,no_match
13481,2023,13,Buffalo,Miami OH,PiRate: Mean,0,no_match
13482,2023,13,Buffalo,Miami OH,Power Rank,0,no_match
13483,2023,13,Buffalo,Miami OH,Power Rank: Free,0,no_match
13484,2023,13,Buffalo,Miami OH,Professor Sides,0,no_match
13485,2023,13,Buffalo,Miami OH,Room44 Bets,0,no_match
13486,2023,13,Buffalo,Miami OH,SP+,0,no_match
13487,2023,13,Buffalo,Miami OH,Sagarin,0,no_match
13488,2023,13,Buffalo,Miami OH,Sagarin: Golden,0,no_match
13489,2023,13,Buffalo,Miami OH,Sagarin: Predictor,0,no_match
13490,2023,13,Buffalo,Miami OH,Sagarin: Recent,0,no_match
13491,2023,13,Buffalo,Miami OH,SportsLine,0,no_match
13492,2023,13,Buffalo,Miami OH,TShoe Index,0,no_match
13493,2023,13,Buffalo,Miami OH,TeamRankings,0,no_match
13494,2023,13,Buffalo,Miami OH,Wilson Ratings,0,no_match
13495,2023,13,Central Michigan,Ohio,Beta_Rank,0,no_match
13496,2023,13,Central Michigan,Ohio,Blake Atkinson,0,no_match
13497,2023,13,Central Michigan,Ohio,CBCR2: Power,0,no_match
13498,2023,13,Central Michigan,Ohio,CBCR2: Sam,0,no_match
13499,2023,13,Central Michigan,Ohio,CFB Geek,0,no_match
13500,2023,13,Central Michigan,Ohio,CFB Graphs,0,no_match
13501,2023,13,Central Michigan,Ohio,Congrove,0,no_match
13502,2023,13,Central Michigan,Ohio,DRatings,0,no_match
13503,2023,13,Central Michigan,Ohio,Dokter Entropy,0,no_match
13504,2023,13,Central Michigan,Ohio,ESPN FPI,0,no_match
13505,2023,13,Central Michigan,Ohio,FEI,0,no_match
13506,2023,13,Central Michigan,Ohio,Harville,0,no_match
13507,2023,13,Central Michigan,Ohio,JP+,0,no_match
13508,2023,13,Central Michigan,Ohio,KFord,0,no_match
13509,2023,13,Central Michigan,Ohio,Keeper,0,no_match
13510,2023,13,Central Michigan,Ohio,Massey,0,no_match
13511,2023,13,Central Michigan,Ohio,Moore Ratings,0,no_match
13512,2023,13,Central Michigan,Ohio,OddsTrader AI,0,no_match
13513,2023,13,Central Michigan,Ohio,PiRate,0,no_match
13514,2023,13,Central Michigan,Ohio,PiRate: Bias,0,no_match
13515,2023,13,Central Michigan,Ohio,PiRate: Mean,0,no_match
13516,2023,13,Central Michigan,Ohio,Power Rank,0,no_match
13517,2023,13,Central Michigan,Ohio,Power Rank: Free,0,no_match
13518,2023,13,Central Michigan,Ohio,Professor Sides,0,no_match
13519,2023,13,Central Michigan,Ohio,Room44 Bets,0,no_match
13520,2023,13,Central Michigan,Ohio,SP+,0,no_match
13521,2023,13,Central Michigan,Ohio,Sagarin,0,no_match
13522,2023,13,Central Michigan,Ohio,Sagarin: Golden,0,no_match
13523,2023,13,Central Michigan,Ohio,Sagarin: Predictor,0,no_match
13524,2023,13,Central Michigan,Ohio,Sagarin: Recent,0,no_match
13525,2023,13,Central Michigan,Ohio,SportsLine,0,no_match
13526,2023,13,Central Michigan,Ohio,TShoe Index,0,no_match
13527,2023,13,Central Michigan,Ohio,TeamRankings,0,no_match
13528,2023,13,Central Michigan,Ohio,Wilson Ratings,0,no_match
13529,2023,13,Cincinnati,West Virginia,Beta_Rank,0,no_match
13530,2023,13,Cincinnati,West Virginia,Blake Atkinson,0,no_match
13531,2023,13,Cincinnati,West Virginia,CBCR2: Power,0,no_match
13532,2023,13,Cincinnati,West Virginia,CBCR2: Sam,0,no_match
13533,2023,13,Cincinnati,West Virginia,CFB Geek,0,no_match
13534,2023,13,Cincinnati,West Virginia,CFB Graphs,0,no_match
13535,2023,13,Cincinnati,West Virginia,Congrove,0,no_match
13536,2023,13,Cincinnati,West Virginia,DRatings,0,no_match
13537,2023,13,Cincinnati,West Virginia,Dokter Entropy,0,no_match
13538,2023,13,Cincinnati,West Virginia,ESPN FPI,0,no_match
13539,2023,13,Cincinnati,West Virginia,FEI,0,no_match
13540,2023,13,Cincinnati,West Virginia,Harville,0,no_match
13541,2023,13,Cincinnati,West Virginia,JP+,0,no_match
13542,2023,13,Cincinnati,West Virginia,KFord,0,no_match
13543,2023,13,Cincinnati,West Virginia,Keeper,0,no_match
13544,2023,13,Cincinnati,West Virginia,Massey,0,no_match
13545,2023,13,Cincinnati,West Virginia,Moore Ratings,0,no_match
13546,2023,13,Cincinnati,West Virginia,OddsTrader AI,0,no_match
13547,2023,13,Cincinnati,West Virginia,PiRate,0,no_match
13548,2023,13,Cincinnati,West Virginia,PiRate: Bias,0,no_match
13549,2023,13,Cincinnati,West Virginia,PiRate: Mean,0,no_match
13550,2023,13,Cincinnati,West Virginia,Power Rank,0,no_match
13551,2023,13,Cincinnati,West Virginia,Power Rank: Free,0,no_match
13552,2023,13,Cincinnati,West Virginia,Professor Sides,0,no_match
13553,2023,13,Cincinnati,West Virginia,Room44 Bets,0,no_match
13554,2023,13,Cincinnati,West Virginia,SP+,0,no_match
13555,2023,13,Cincinnati,West Virginia,Sagarin,0,no_match
13556,2023,13,Cincinnati,West Virginia,Sagarin: Golden,0,no_match
13557,2023,13,Cincinnati,West Virginia,Sagarin: Predictor,0,no_match
13558,2023,13,Cincinnati,West Virginia,Sagarin: Recent,0,no_match
13559,2023,13,Cincinnati,West Virginia,SportsLine,0,no_match
13560,2023,13,Cincinnati,West Virginia,TShoe Index,0,no_match
13561,2023,13,Cincinnati,West Virginia,TeamRankings,0,no_match
13562,2023,13,Cincinnati,West Virginia,Wilson Ratings,0,no_match
13734,2023,13,Kent State,Ball State,Beta_Rank,0,no_match
13735,2023,13,Kent State,Ball State,Blake Atkinson,0,no_match
13736,2023,13,Kent State,Ball State,CBCR2: Power,0,no_match
13737,2023,13,Kent State,Ball State,CBCR2: Sam,0,no_match
13738,2023,13,Kent State,Ball State,CFB Geek,0,no_match
13739,2023,13,Kent State,Ball State,CFB Graphs,0,no_match
13740,2023,13,Kent State,Ball State,Congrove,0,no_match
13741,2023,13,Kent State,Ball State,DRatings,0,no_match
13742,2023,13,Kent State,Ball State,Dokter Entropy,0,no_match
13743,2023,13,Kent State,Ball State,ESPN FPI,0,no_match
13744,2023,13,Kent State,Ball State,FEI,0,no_match
13745,2023,13,Kent State,Ball State,Harville,0,no_match
13746,2023,13,Kent State,Ball State,JP+,0,no_match
13747,2023,13,Kent State,Ball State,KFord,0,no_match
13748,2023,13,Kent State,Ball State,Keeper,0,no_match
13749,2023,13,Kent State,Ball State,Massey,0,no_match
13750,2023,13,Kent State,Ball State,Moore Ratings,0,no_match
13751,2023,13,Kent State,Ball State,OddsTrader AI,0,no_match
13752,2023,13,Kent State,Ball State,PiRate,0,no_match
13753,2023,13,Kent State,Ball State,PiRate: Bias,0,no_match
13754,2023,13,Kent State,Ball State,PiRate: Mean,0,no_match
13755,2023,13,Kent State,Ball State,Power Rank,0,no_match
13756,2023,13,Kent State,Ball State,Power Rank: Free,0,no_match
13757,2023,13,Kent State,Ball State,Professor Sides,0,no_match
13758,2023,13,Kent State,Ball State,Room44 Bets,0,no_match
13759,2023,13,Kent State,Ball State,SP+,0,no_match
13760,2023,13,Kent State,Ball State,Sagarin,0,no_match
13761,2023,13,Kent State,Ball State,Sagarin: Golden,0,no_match
13762,2023,13,Kent State,Ball State,Sagarin: Predictor,0,no_match
13763,2023,13,Kent State,Ball State,Sagarin: Recent,0,no_match
13764,2023,13,Kent State,Ball State,SportsLine,0,no_match
13765,2023,13,Kent State,Ball State,TShoe Index,0,no_match
13766,2023,13,Kent State,Ball State,TeamRankings,0,no_match
13767,2023,13,Kent State,Ball State,Wilson Ratings,0,no_match
13802,2023,13,Louisville,Miami,Beta_Rank,0,no_match
13803,2023,13,Louisville,Miami,Blake Atkinson,0,no_match
13804,2023,13,Louisville,Miami,CBCR2: Power,0,no_match
13805,2023,13,Louisville,Miami,CBCR2: Sam,0,no_match
13806,2023,13,Louisville,Miami,CFB Geek,0,no_match
13807,2023,13,Louisville,Miami,CFB Graphs,0,no_match
13808,2023,13,Louisville,Miami,Congrove,0,no_match
13809,2023,13,Louisville,Miami,DRatings,0,no_match
13810,2023,13,Louisville,Miami,Dokter Entropy,0,no_match
13811,2023,13,Louisville,Miami,ESPN FPI,0,no_match
13812,2023,13,Louisville,Miami,FEI,0,no_match
13813,2023,13,Louisville,Miami,Harville,0,no_match
13814,2023,13,Louisville,Miami,JP+,0,no_match
13815,2023,13,Louisville,Miami,KFord,0,no_match
13816,2023,13,Louisville,Miami,Keeper,0,no_match
13817,2023,13,Louisville,Miami,Massey,0,no_match
13818,2023,13,Louisville,Miami,Moore Ratings,0,no_match
13819,2023,13,Louisville,Miami,OddsTrader AI,0,no_match
13820,2023,13,Louisville,Miami,PiRate,0,no_match
13821,2023,13,Louisville,Miami,PiRate: Bias,0,no_match
13822,2023,13,Louisville,Miami,PiRate: Mean,0,no_match
13823,2023,13,Louisville,Miami,Power Rank,0,no_match
13824,2023,13,Louisville,Miami,Power Rank: Free,0,no_match
13825,2023,13,Louisville,Miami,Professor Sides,0,no_match
13826,2023,13,Louisville,Miami,Room44 Bets,0,no_match
13827,2023,13,Louisville,Miami,SP+,0,no_match
13828,2023,13,Louisville,Miami,Sagarin,0,no_match
13829,2023,13,Louisville,Miami,Sagarin: Golden,0,no_match
13830,2023,13,Louisville,Miami,Sagarin: Predictor,0,no_match
13831,2023,13,Louisville,Miami,Sagarin: Recent,0,no_match
13832,2023,13,Louisville,Miami,SportsLine,0,no_match
13833,2023,13,Louisville,Miami,TShoe Index,0,no_match
13834,2023,13,Louisville,Miami,TeamRankings,0,no_match
13835,2023,13,Louisville,Miami,Wilson Ratings,0,no_match
14210,2023,13,Southern Mississippi,Mississippi State,Beta_Rank,0,no_match
14211,2023,13,Southern Mississippi,Mississippi State,Blake Atkinson,0,no_match
14212,2023,13,Southern Mississippi,Mississippi State,CBCR2: Power,0,no_match
14213,2023,13,Southern Mississippi,Mississippi State,CBCR2: Sam,0,no_match
14214,2023,13,Southern Mississippi,Mississippi State,CFB Geek,0,no_match
14215,2023,13,Southern Mississippi,Mississippi State,CFB Graphs,0,no_match
14216,2023,13,Southern Mississippi,Mississippi State,Congrove,0,no_match
14217,2023,13,Southern Mississippi,Mississippi State,DRatings,0,no_match
14218,2023,13,Southern Mississippi,Mississippi State,Dokter Entropy,0,no_match
14219,2023,13,Southern Mississippi,Mississippi State,ESPN FPI,0,no_match
14220,2023,13,Southern Mississippi,Mississippi State,FEI,0,no_match
14221,2023,13,Southern Mississippi,Mississippi State,Harville,0,no_match
14222,2023,13,Southern Mississippi,Mississippi State,JP+,0,no_match
14223,2023,13,Southern Mississippi,Mississippi State,KFord,0,no_match
14224,2023,13,Southern Mississippi,Mississippi State,Keeper,0,no_match
14225,2023,13,Southern Mississippi,Mississippi State,Massey,0,no_match
14226,2023,13,Southern Mississippi,Mississippi State,Moore Ratings,0,no_match
14227,2023,13,Southern Mississippi,Mississippi State,OddsTrader AI,0,no_match
14228,2023,13,Southern Mississippi,Mississippi State,PiRate,0,no_match
14229,2023,13,Southern Mississippi,Mississippi State,PiRate: Bias,0,no_match
14230,2023,13,Southern Mississippi,Mississippi State,PiRate: Mean,0,no_match
14231,2023,13,Southern Mississippi,Mississippi State,Power Rank,0,no_match
14232,2023,13,Southern Mississippi,Mississippi State,Power Rank: Free,0,no_match
14233,2023,13,Southern Mississippi,Mississippi State,Professor Sides,0,no_match
14234,2023,13,Southern Mississippi,Mississippi State,Room44 Bets,0,no_match
14235,2023,13,Southern Mississippi,Mississippi State,SP+,0,no_match
14236,2023,13,Southern Mississippi,Mississippi State,Sagarin,0,no_match
14237,2023,13,Southern Mississippi,Mississippi State,Sagarin: Golden,0,no_match
14238,2023,13,Southern Mississippi,Mississippi State,Sagarin: Predictor,0,no_match
14239,2023,13,Southern Mississippi,Mississippi State,Sagarin: Recent,0,no_match
14240,2023,13,Southern Mississippi,Mississippi State,SportsLine,0,no_match
14241,2023,13,Southern Mississippi,Mississippi State,TShoe Index,0,no_match
14242,2023,13,Southern Mississippi,Mississippi State,TeamRankings,0,no_match
14243,2023,13,Southern Mississippi,Mississippi State,Wilson Ratings,0,no_match
14413,2023,13,UTEP,Middle Tennessee,Beta_Rank,0,no_match
14414,2023,13,UTEP,Middle Tennessee,Blake Atkinson,0,no_match
14415,2023,13,UTEP,Middle Tennessee,CBCR2: Power,0,no_match
14416,2023,13,UTEP,Middle Tennessee,CBCR2: Sam,0,no_match
14417,2023,13,UTEP,Middle Tennessee,CFB Geek,0,no_match
14418,2023,13,UTEP,Middle Tennessee,CFB Graphs,0,no_match
14419,2023,13,UTEP,Middle Tennessee,Congrove,0,no_match
14420,2023,13,UTEP,Middle Tennessee,DRatings,0,no_match
14421,2023,13,UTEP,Middle Tennessee,Dokter Entropy,0,no_match
14422,2023,13,UTEP,Middle Tennessee,ESPN FPI,0,no_match
14423,2023,13,UTEP,Middle Tennessee,FEI,0,no_match
14424,2023,13,UTEP,Middle Tennessee,Harville,0,no_match
14425,2023,13,UTEP,Middle Tennessee,JP+,0,no_match
14426,2023,13,UTEP,Middle Tennessee,KFord,0,no_match
14427,2023,13,UTEP,Middle Tennessee,Keeper,0,no_match
14428,2023,13,UTEP,Middle Tennessee,Massey,0,no_match
14429,2023,13,UTEP,Middle Tennessee,Moore Ratings,0,no_match
14430,2023,13,UTEP,Middle Tennessee,OddsTrader AI,0,no_match
14431,2023,13,UTEP,Middle Tennessee,PiRate,0,no_match
14432,2023,13,UTEP,Middle Tennessee,PiRate: Bias,0,no_match
14433,2023,13,UTEP,Middle Tennessee,PiRate: Mean,0,no_match
14434,2023,13,UTEP,Middle Tennessee,Power Rank,0,no_match
14435,2023,13,UTEP,Middle Tennessee,Power Rank: Free,0,no_match
14436,2023,13,UTEP,Middle Tennessee,Professor Sides,0,no_match
14437,2023,13,UTEP,Middle Tennessee,Room44 Bets,0,no_match
14438,2023,13,UTEP,Middle Tennessee,SP+,0,no_match
14439,2023,13,UTEP,Middle Tennessee,Sagarin,0,no_match
14440,2023,13,UTEP,Middle Tennessee,Sagarin: Golden,0,no_match
14441,2023,13,UTEP,Middle Tennessee,Sagarin: Predictor,0,no_match
14442,2023,13,UTEP,Middle Tennessee,Sagarin: Recent,0,no_match
14443,2023,13,UTEP,Middle Tennessee,SportsLine,0,no_match
14444,2023,13,UTEP,Middle Tennessee,TShoe Index,0,no_match
14445,2023,13,UTEP,Middle Tennessee,TeamRankings,0,no_match
14446,2023,13,UTEP,Middle Tennessee,Wilson Ratings,0,no_match
14481,2023,13,Western Michigan,Northern Illinois,Beta_Rank,0,no_match
14482,2023,13,Western Michigan,Northern Illinois,Blake Atkinson,0,no_match
14483,2023,13,Western Michigan,Northern Illinois,CBCR2: Power,0,no_match
14484,2023,13,Western Michigan,Northern Illinois,CBCR2: Sam,0,no_match
14485,2023,13,Western Michigan,Northern Illinois,CFB Geek,0,no_match
14486,2023,13,Western Michigan,Northern Illinois,CFB Graphs,0,no_match
14487,2023,13,Western Michigan,Northern Illinois,Congrove,0,no_match
14488,2023,13,Western Michigan,Northern Illinois,DRatings,0,no_match
14489,2023,13,Western Michigan,Northern Illinois,Dokter Entropy,0,no_match
14490,2023,13,Western Michigan,Northern Illinois,ESPN FPI,0,no_match
14491,2023,13,Western Michigan,Northern Illinois,FEI,0,no_match
14492,2023,13,Western Michigan,Northern Illinois,Harville,0,no_match
14493,2023,13,Western Michigan,Northern Illinois,JP+,0,no_match
14494,2023,13,Western Michigan,Northern Illinois,KFord,0,no_match
14495,2023,13,Western Michigan,Northern Illinois,Keeper,0,no_match
14496,2023,13,Western Michigan,Northern Illinois,Massey,0,no_match
14497,2023,13,Western Michigan,Northern Illinois,Moore Ratings,0,no_match
14498,2023,13,Western Michigan,Northern Illinois,OddsTrader AI,0,no_match
14499,2023,13,Western Michigan,Northern Illinois,PiRate,0,no_match
14500,2023,13,Western Michigan,Northern Illinois,PiRate: Bias,0,no_match
14501,2023,13,Western Michigan,Northern Illinois,PiRate: Mean,0,no_match
14502,2023,13,Western Michigan,Northern Illinois,Power Rank,0,no_match
14503,2023,13,Western Michigan,Northern Illinois,Power Rank: Free,0,no_match
14504,2023,13,Western Michigan,Northern Illinois,Professor Sides,0,no_match
14505,2023,13,Western Michigan,Northern Illinois,Room44 Bets,0,no_match
14506,2023,13,Western Michigan,Northern Illinois,SP+,0,no_match
14507,2023,13,Western Michigan,Northern Illinois,Sagarin,0,no_match
14508,2023,13,Western Michigan,Northern Illinois,Sagarin: Golden,0,no_match
14509,2023,13,Western Michigan,Northern Illinois,Sagarin: Predictor,0,no_match
14510,2023,13,Western Michigan,Northern Illinois,Sagarin: Recent,0,no_match
14511,2023,13,Western Michigan,Northern Illinois,SportsLine,0,no_match
14512,2023,13,Western Michigan,Northern Illinois,TShoe Index,0,no_match
14513,2023,13,Western Michigan,Northern Illinois,TeamRankings,0,no_match
14514,2023,13,Western Michigan,Northern Illinois,Wilson Ratings,0,no_match
14549,2023,14,Bowling Green,Western Michigan,Beta_Rank,0,no_match
14550,2023,14,Bowling Green,Western Michigan,Blake Atkinson,0,no_match
14551,2023,14,Bowling Green,Western Michigan,CBCR2: Power,0,no_match
14552,2023,14,Bowling Green,Western Michigan,CBCR2: Sam,0,no_match
14553,2023,14,Bowling Green,Western Michigan,CFB Geek,0,no_match
14554,2023,14,Bowling Green,Western Michigan,CFB Graphs,0,no_match
14555,2023,14,Bowling Green,Western Michigan,Congrove,0,no_match
14556,2023,14,Bowling Green,Western Michigan,DRatings,0,no_match
14557,2023,14,Bowling Green,Western Michigan,Dokter Entropy,0,no_match
14558,2023,14,Bowling Green,Western Michigan,ESPN FPI,0,no_match
14559,2023,14,Bowling Green,Western Michigan,FEI,0,no_match
14560,2023,14,Bowling Green,Western Michigan,Harville,0,no_match
14561,2023,14,Bowling Green,Western Michigan,JP+,0,no_match
14562,2023,14,Bowling Green,Western Michigan,KFord,0,no_match
14563,2023,14,Bowling Green,Western Michigan,Keeper,0,no_match
14564,2023,14,Bowling Green,Western Michigan,Massey,0,no_match
14565,2023,14,Bowling Green,Western Michigan,Moore Ratings,0,no_match
14566,2023,14,Bowling Green,Western Michigan,OddsTrader AI,0,no_match
14567,2023,14,Bowling Green,Western Michigan,PiRate,0,no_match
14568,2023,14,Bowling Green,Western Michigan,PiRate: Bias,0,no_match
14569,2023,14,Bowling Green,Western Michigan,PiRate: Mean,0,no_match
14570,2023,14,Bowling Green,Western Michigan,Power Rank,0,no_match
14571,2023,14,Bowling Green,Western Michigan,Power Rank: Free,0,no_match
14572,2023,14,Bowling Green,Western Michigan,Professor Sides,0,no_match
14573,2023,14,Bowling Green,Western Michigan,Room44 Bets,0,no_match
14574,2023,14,Bowling Green,Western Michigan,SP+,0,no_match
14575,2023,14,Bowling Green,Western Michigan,Sagarin,0,no_match
14576,2023,14,Bowling Green,Western Michigan,Sagarin: Golden,0,no_match
14577,2023,14,Bowling Green,Western Michigan,Sagarin: Predictor,0,no_match
14578,2023,14,Bowling Green,Western Michigan,Sagarin: Recent,0,no_match
14579,2023,14,Bowling Green,Western Michigan,SportsLine,0,no_match
14580,2023,14,Bowling Green,Western Michigan,TShoe Index,0,no_match
14581,2023,14,Bowling Green,Western Michigan,TeamRankings,0,no_match
14582,2023,14,Bowling Green,Western Michigan,Wilson Ratings,0,no_match
14651,2023,14,Eastern Michigan,Buffalo,Beta_Rank,0,no_match
14652,2023,14,Eastern Michigan,Buffalo,Blake Atkinson,0,no_match
14653,2023,14,Eastern Michigan,Buffalo,CBCR2: Power,0,no_match
14654,2023,14,Eastern Michigan,Buffalo,CBCR2: Sam,0,no_match
14655,2023,14,Eastern Michigan,Buffalo,CFB Geek,0,no_match
14656,2023,14,Eastern Michigan,Buffalo,CFB Graphs,0,no_match
14657,2023,14,Eastern Michigan,Buffalo,Congrove,0,no_match
14658,2023,14,Eastern Michigan,Buffalo,DRatings,0,no_match
14659,2023,14,Eastern Michigan,Buffalo,Dokter Entropy,0,no_match
14660,2023,14,Eastern Michigan,Buffalo,ESPN FPI,0,no_match
14661,2023,14,Eastern Michigan,Buffalo,FEI,0,no_match
14662,2023,14,Eastern Michigan,Buffalo,Harville,0,no_match
14663,2023,14,Eastern Michigan,Buffalo,JP+,0,no_match
14664,2023,14,Eastern Michigan,Buffalo,KFord,0,no_match
14665,2023,14,Eastern Michigan,Buffalo,Keeper,0,no_match
14666,2023,14,Eastern Michigan,Buffalo,Massey,0,no_match
14667,2023,14,Eastern Michigan,Buffalo,Moore Ratings,0,no_match
14668,2023,14,Eastern Michigan,Buffalo,OddsTrader AI,0,no_match
14669,2023,14,Eastern Michigan,Buffalo,PiRate,0,no_match
14670,2023,14,Eastern Michigan,Buffalo,PiRate: Bias,0,no_match
14671,2023,14,Eastern Michigan,Buffalo,PiRate: Mean,0,no_match
14672,2023,14,Eastern Michigan,Buffalo,Power Rank,0,no_match
14673,2023,14,Eastern Michigan,Buffalo,Power Rank: Free,0,no_match
14674,2023,14,Eastern Michigan,Buffalo,Professor Sides,0,no_match
14675,2023,14,Eastern Michigan,Buffalo,Room44 Bets,0,no_match
14676,2023,14,Eastern Michigan,Buffalo,SP+,0,no_match
14677,2023,14,Eastern Michigan,Buffalo,Sagarin,0,no_match
14678,2023,14,Eastern Michigan,Buffalo,Sagarin: Golden,0,no_match
14679,2023,14,Eastern Michigan,Buffalo,Sagarin: Predictor,0,no_match
14680,2023,14,Eastern Michigan,Buffalo,Sagarin: Recent,0,no_match
14681,2023,14,Eastern Michigan,Buffalo,SportsLine,0,no_match
14682,2023,14,Eastern Michigan,Buffalo,TShoe Index,0,no_match
14683,2023,14,Eastern Michigan,Buffalo,TeamRankings,0,no_match
14684,2023,14,Eastern Michigan,Buffalo,Wilson Ratings,0,no_match
14923,2023,14,Miami,Boston College,Beta_Rank,0,no_match
14924,2023,14,Miami,Boston College,Blake Atkinson,0,no_match
14925,2023,14,Miami,Boston College,CBCR2: Power,0,no_match
14926,2023,14,Miami,Boston College,CBCR2: Sam,0,no_match
14927,2023,14,Miami,Boston College,CFB Geek,0,no_match
14928,2023,14,Miami,Boston College,CFB Graphs,0,no_match
14929,2023,14,Miami,Boston College,Congrove,0,no_match
14930,2023,14,Miami,Boston College,DRatings,0,no_match
14931,2023,14,Miami,Boston College,Dokter Entropy,0,no_match
14932,2023,14,Miami,Boston College,ESPN FPI,0,no_match
14933,2023,14,Miami,Boston College,FEI,0,no_match
14934,2023,14,Miami,Boston College,Harville,0,no_match
14935,2023,14,Miami,Boston College,JP+,0,no_match
14936,2023,14,Miami,Boston College,KFord,0,no_match
14937,2023,14,Miami,Boston College,Keeper,0,no_match
14938,2023,14,Miami,Boston College,Massey,0,no_match
14939,2023,14,Miami,Boston College,Moore Ratings,0,no_match
14940,2023,14,Miami,Boston College,OddsTrader AI,0,no_match
14941,2023,14,Miami,Boston College,PiRate,0,no_match
14942,2023,14,Miami,Boston College,PiRate: Bias,0,no_match
14943,2023,14,Miami,Boston College,PiRate: Mean,0,no_match
14944,2023,14,Miami,Boston College,Power Rank,0,no_match
14945,2023,14,Miami,Boston College,Power Rank: Free,0,no_match
14946,2023,14,Miami,Boston College,Professor Sides,0,no_match
14947,2023,14,Miami,Boston College,Room44 Bets,0,no_match
14948,2023,14,Miami,Boston College,SP+,0,no_match
14949,2023,14,Miami,Boston College,Sagarin,0,no_match
14950,2023,14,Miami,Boston College,Sagarin: Golden,0,no_match
14951,2023,14,Miami,Boston College,Sagarin: Predictor,0,no_match
14952,2023,14,Miami,Boston College,Sagarin: Recent,0,no_match
14953,2023,14,Miami,Boston College,SportsLine,0,no_match
14954,2023,14,Miami,Boston College,TShoe Index,0,no_match
14955,2023,14,Miami,Boston College,TeamRankings,0,no_match
14956,2023,14,Miami,Boston College,Wilson Ratings,0,no_match
14957,2023,14,Miami OH,Ball State,Beta_Rank,0,no_match
14958,2023,14,Miami OH,Ball State,Blake Atkinson,0,no_match
14959,2023,14,Miami OH,Ball State,CBCR2: Power,0,no_match
14960,2023,14,Miami OH,Ball State,CBCR2: Sam,0,no_match
14961,2023,14,Miami OH,Ball State,CFB Geek,0,no_match
14962,2023,14,Miami OH,Ball State,CFB Graphs,0,no_match
14963,2023,14,Miami OH,Ball State,Congrove,0,no_match
14964,2023,14,Miami OH,Ball State,DRatings,0,no_match
14965,2023,14,Miami OH,Ball State,Dokter Entropy,0,no_match
14966,2023,14,Miami OH,Ball State,ESPN FPI,0,no_match
14967,2023,14,Miami OH,Ball State,FEI,0,no_match
14968,2023,14,Miami OH,Ball State,Harville,0,no_match
14969,2023,14,Miami OH,Ball State,JP+,0,no_match
14970,2023,14,Miami OH,Ball State,KFord,0,no_match
14971,2023,14,Miami OH,Ball State,Keeper,0,no_match
14972,2023,14,Miami OH,Ball State,Massey,0,no_match
14973,2023,14,Miami OH,Ball State,Moore Ratings,0,no_match
14974,2023,14,Miami OH,Ball State,OddsTrader AI,0,no_match
14975,2023,14,Miami OH,Ball State,PiRate,0,no_match
14976,2023,14,Miami OH,Ball State,PiRate: Bias,0,no_match
14977,2023,14,Miami OH,Ball State,PiRate: Mean,0,no_match
14978,2023,14,Miami OH,Ball State,Power Rank,0,no_match
14979,2023,14,Miami OH,Ball State,Power Rank: Free,0,no_match
14980,2023,14,Miami OH,Ball State,Professor Sides,0,no_match
14981,2023,14,Miami OH,Ball State,Room44 Bets,0,no_match
14982,2023,14,Miami OH,Ball State,SP+,0,no_match
14983,2023,14,Miami OH,Ball State,Sagarin,0,no_match
14984,2023,14,Miami OH,Ball State,Sagarin: Golden,0,no_match
14985,2023,14,Miami OH,Ball State,Sagarin: Predictor,0,no_match
14986,2023,14,Miami OH,Ball State,Sagarin: Recent,0,no_match
14987,2023,14,Miami OH,Ball State,SportsLine,0,no_match
14988,2023,14,Miami OH,Ball State,TShoe Index,0,no_match
14989,2023,14,Miami OH,Ball State,TeamRankings,0,no_match
14990,2023,14,Miami OH,Ball State,Wilson Ratings,0,no_match
14991,2023,14,Middle Tennessee,Sam Houston,Beta_Rank,0,no_match
14992,2023,14,Middle Tennessee,Sam Houston,Blake Atkinson,0,no_match
14993,2023,14,Middle Tennessee,Sam Houston,CBCR2: Power,0,no_match
14994,2023,14,Middle Tennessee,Sam Houston,CBCR2: Sam,0,no_match
14995,2023,14,Middle Tennessee,Sam Houston,CFB Geek,0,no_match
14996,2023,14,Middle Tennessee,Sam Houston,CFB Graphs,0,no_match
14997,2023,14,Middle Tennessee,Sam Houston,Congrove,0,no_match
14998,2023,14,Middle Tennessee,Sam Houston,DRatings,0,no_match
14999,2023,14,Middle Tennessee,Sam Houston,Dokter Entropy,0,no_match
15000,2023,14,Middle Tennessee,Sam Houston,ESPN FPI,0,no_match
15001,2023,14,Middle Tennessee,Sam Houston,FEI,0,no_match
15002,2023,14,Middle Tennessee,Sam Houston,Harville,0,no_match
15003,2023,14,Middle Tennessee,Sam Houston,JP+,0,no_match
15004,2023,14,Middle Tennessee,Sam Houston,KFord,0,no_match
15005,2023,14,Middle Tennessee,Sam Houston,Keeper,0,no_match
15006,2023,14,Middle Tennessee,Sam Houston,Massey,0,no_match
15007,2023,14,Middle Tennessee,Sam Houston,Moore Ratings,0,no_match
15008,2023,14,Middle Tennessee,Sam Houston,OddsTrader AI,0,no_match
15009,2023,14,Middle Tennessee,Sam Houston,PiRate,0,no_match
15010,2023,14,Middle Tennessee,Sam Houston,PiRate: Bias,0,no_match
15011,2023,14,Middle Tennessee,Sam Houston,PiRate: Mean,0,no_match
15012,2023,14,Middle Tennessee,Sam Houston,Power Rank,0,no_match
15013,2023,14,Middle Tennessee,Sam Houston,Power Rank: Free,0,no_match
15014,2023,14,Middle Tennessee,Sam Houston,Professor Sides,0,no_match
15015,2023,14,Middle Tennessee,Sam Houston,Room44 Bets,0,no_match
15016,2023,14,Middle Tennessee,Sam Houston,SP+,0,no_match
15017,2023,14,Middle Tennessee,Sam Houston,Sagarin,0,no_match
15018,2023,14,Middle Tennessee,Sam Houston,Sagarin: Golden,0,no_match
15019,2023,14,Middle Tennessee,Sam Houston,Sagarin: Predictor,0,no_match
15020,2023,14,Middle Tennessee,Sam Houston,Sagarin: Recent,0,no_match
15021,2023,14,Middle Tennessee,Sam Houston,SportsLine,0,no_match
15022,2023,14,Middle Tennessee,Sam Houston,TShoe Index,0,no_match
15023,2023,14,Middle Tennessee,Sam Houston,TeamRankings,0,no_match
15024,2023,14,Middle Tennessee,Sam Houston,Wilson Ratings,0,no_match
15127,2023,14,Northern Illinois,Kent State,Beta_Rank,0,no_match
15128,2023,14,Northern Illinois,Kent State,Blake Atkinson,0,no_match
15129,2023,14,Northern Illinois,Kent State,CBCR2: Power,0,no_match
15130,2023,14,Northern Illinois,Kent State,CBCR2: Sam,0,no_match
15131,2023,14,Northern Illinois,Kent State,CFB Geek,0,no_match
15132,2023,14,Northern Illinois,Kent State,CFB Graphs,0,no_match
15133,2023,14,Northern Illinois,Kent State,Congrove,0,no_match
15134,2023,14,Northern Illinois,Kent State,DRatings,0,no_match
15135,2023,14,Northern Illinois,Kent State,Dokter Entropy,0,no_match
15136,2023,14,Northern Illinois,Kent State,ESPN FPI,0,no_match
15137,2023,14,Northern Illinois,Kent State,FEI,0,no_match
15138,2023,14,Northern Illinois,Kent State,Harville,0,no_match
15139,2023,14,Northern Illinois,Kent State,JP+,0,no_match
15140,2023,14,Northern Illinois,Kent State,KFord,0,no_match
15141,2023,14,Northern Illinois,Kent State,Keeper,0,no_match
15142,2023,14,Northern Illinois,Kent State,Massey,0,no_match
15143,2023,14,Northern Illinois,Kent State,Moore Ratings,0,no_match
15144,2023,14,Northern Illinois,Kent State,OddsTrader AI,0,no_match
15145,2023,14,Northern Illinois,Kent State,PiRate,0,no_match
15146,2023,14,Northern Illinois,Kent State,PiRate: Bias,0,no_match
15147,2023,14,Northern Illinois,Kent State,PiRate: Mean,0,no_match
15148,2023,14,Northern Illinois,Kent State,Power Rank,0,no_match
15149,2023,14,Northern Illinois,Kent State,Power Rank: Free,0,no_match
15150,2023,14,Northern Illinois,Kent State,Professor Sides,0,no_match
15151,2023,14,Northern Illinois,Kent State,Room44 Bets,0,no_match
15152,2023,14,Northern Illinois,Kent State,SP+,0,no_match
15153,2023,14,Northern Illinois,Kent State,Sagarin,0,no_match
15154,2023,14,Northern Illinois,Kent State,Sagarin: Golden,0,no_match
15155,2023,14,Northern Illinois,Kent State,Sagarin: Predictor,0,no_match
15156,2023,14,Northern Illinois,Kent State,Sagarin: Recent,0,no_match
15157,2023,14,Northern Illinois,Kent State,SportsLine,0,no_match
15158,2023,14,Northern Illinois,Kent State,TShoe Index,0,no_match
15159,2023,14,Northern Illinois,Kent State,TeamRankings,0,no_match
15160,2023,14,Northern Illinois,Kent State,Wilson Ratings,0,no_match
15467,2023,14,Toledo,Central Michigan,Beta_Rank,0,no_match
15468,2023,14,Toledo,Central Michigan,Blake Atkinson,0,no_match
15469,2023,14,Toledo,Central Michigan,CBCR2: Power,0,no_match
15470,2023,14,Toledo,Central Michigan,CBCR2: Sam,0,no_match
15471,2023,14,Toledo,Central Michigan,CFB Geek,0,no_match
15472,2023,14,Toledo,Central Michigan,CFB Graphs,0,no_match
15473,2023,14,Toledo,Central Michigan,Congrove,0,no_match
15474,2023,14,Toledo,Central Michigan,DRatings,0,no_match
15475,2023,14,Toledo,Central Michigan,Dokter Entropy,0,no_match
15476,2023,14,Toledo,Central Michigan,ESPN FPI,0,no_match
15477,2023,14,Toledo,Central Michigan,FEI,0,no_match
15478,2023,14,Toledo,Central Michigan,Harville,0,no_match
15479,2023,14,Toledo,Central Michigan,JP+,0,no_match
15480,2023,14,Toledo,Central Michigan,KFord,0,no_match
15481,2023,14,Toledo,Central Michigan,Keeper,0,no_match
15482,2023,14,Toledo,Central Michigan,Massey,0,no_match
15483,2023,14,Toledo,Central Michigan,Moore Ratings,0,no_match
15484,2023,14,Toledo,Central Michigan,OddsTrader AI,0,no_match
15485,2023,14,Toledo,Central Michigan,PiRate,0,no_match
15486,2023,14,Toledo,Central Michigan,PiRate: Bias,0,no_match
15487,2023,14,Toledo,Central Michigan,PiRate: Mean,0,no_match
15488,2023,14,Toledo,Central Michigan,Power Rank,0,no_match
15489,2023,14,Toledo,Central Michigan,Power Rank: Free,0,no_match
15490,2023,14,Toledo,Central Michigan,Professor Sides,0,no_match
15491,2023,14,Toledo,Central Michigan,Room44 Bets,0,no_match
15492,2023,14,Toledo,Central Michigan,SP+,0,no_match
15493,2023,14,Toledo,Central Michigan,Sagarin,0,no_match
15494,2023,14,Toledo,Central Michigan,Sagarin: Golden,0,no_match
15495,2023,14,Toledo,Central Michigan,Sagarin: Predictor,0,no_match
15496,2023,14,Toledo,Central Michigan,Sagarin: Recent,0,no_match
15497,2023,14,Toledo,Central Michigan,SportsLine,0,no_match
15498,2023,14,Toledo,Central Michigan,TShoe Index,0,no_match
15499,2023,14,Toledo,Central Michigan,TeamRankings,0,no_match
15500,2023,14,Toledo,Central Michigan,Wilson Ratings,0,no_match
15501,2023,14,Troy,Southern Mississippi,Beta_Rank,0,no_match
15502,2023,14,Troy,Southern Mississippi,Blake Atkinson,0,no_match
15503,2023,14,Troy,Southern Mississippi,CBCR2: Power,0,no_match
15504,2023,14,Troy,Southern Mississippi,CBCR2: Sam,0,no_match
15505,2023,14,Troy,Southern Mississippi,CFB Geek,0,no_match
15506,2023,14,Troy,Southern Mississippi,CFB Graphs,0,no_match
15507,2023,14,Troy,Southern Mississippi,Congrove,0,no_match
15508,2023,14,Troy,Southern Mississippi,DRatings,0,no_match
15509,2023,14,Troy,Southern Mississippi,Dokter Entropy,0,no_match
15510,2023,14,Troy,Southern Mississippi,ESPN FPI,0,no_match
15511,2023,14,Troy,Southern Mississippi,FEI,0,no_match
15512,2023,14,Troy,Southern Mississippi,Harville,0,no_match
15513,2023,14,Troy,Southern Mississippi,JP+,0,no_match
15514,2023,14,Troy,Southern Mississippi,KFord,0,no_match
15515,2023,14,Troy,Southern Mississippi,Keeper,0,no_match
15516,2023,14,Troy,Southern Mississippi,Massey,0,no_match
15517,2023,14,Troy,Southern Mississippi,Moore Ratings,0,no_match
15518,2023,14,Troy,Southern Mississippi,OddsTrader AI,0,no_match
15519,2023,14,Troy,Southern Mississippi,PiRate,0,no_match
15520,2023,14,Troy,Southern Mississippi,PiRate: Bias,0,no_match
15521,2023,14,Troy,Southern Mississippi,PiRate: Mean,0,no_match
15522,2023,14,Troy,Southern Mississippi,Power Rank,0,no_match
15523,2023,14,Troy,Southern Mississippi,Power Rank: Free,0,no_match
15524,2023,14,Troy,Southern Mississippi,Professor Sides,0,no_match
15525,2023,14,Troy,Southern Mississippi,Room44 Bets,0,no_match
15526,2023,14,Troy,Southern Mississippi,SP+,0,no_match
15527,2023,14,Troy,Southern Mississippi,Sagarin,0,no_match
15528,2023,14,Troy,Southern Mississippi,Sagarin: Golden,0,no_match
15529,2023,14,Troy,Southern Mississippi,Sagarin: Predictor,0,no_match
15530,2023,14,Troy,Southern Mississippi,Sagarin: Recent,0,no_match
15531,2023,14,Troy,Southern Mississippi,SportsLine,0,no_match
15532,2023,14,Troy,Southern Mississippi,TShoe Index,0,no_match
15533,2023,14,Troy,Southern Mississippi,TeamRankings,0,no_match
15534,2023,14,Troy,Southern Mississippi,Wilson Ratings,0,no_match
15705,2023,15,Appalachian State,Troy,Beta_Rank,0,no_match
15706,2023,15,Appalachian State,Troy,Blake Atkinson,0,no_match
15707,2023,15,Appalachian State,Troy,CBCR2: Power,0,no_match
15708,2023,15,Appalachian State,Troy,CBCR2: Sam,0,no_match
15709,2023,15,Appalachian State,Troy,CFB Geek,0,no_match
15710,2023,15,Appalachian State,Troy,CFB Graphs,0,no_match
15711,2023,15,Appalachian State,Troy,Congrove,0,no_match
15712,2023,15,Appalachian State,Troy,DRatings,0,no_match
15713,2023,15,Appalachian State,Troy,Dokter Entropy,0,no_match
15714,2023,15,Appalachian State,Troy,ESPN FPI,0,no_match
15715,2023,15,Appalachian State,Troy,FEI,0,no_match
15716,2023,15,Appalachian State,Troy,Harville,0,no_match
15717,2023,15,Appalachian State,Troy,JP+,0,no_match
15718,2023,15,Appalachian State,Troy,KFord,0,no_match
15719,2023,15,Appalachian State,Troy,Keeper,0,no_match
15720,2023,15,Appalachian State,Troy,Massey,0,no_match
15721,2023,15,Appalachian State,Troy,Moore Ratings,0,no_match
15722,2023,15,Appalachian State,Troy,OddsTrader AI,0,no_match
15723,2023,15,Appalachian State,Troy,PiRate,0,no_match
15724,2023,15,Appalachian State,Troy,PiRate: Bias,0,no_match
15725,2023,15,Appalachian State,Troy,PiRate: Mean,0,no_match
15726,2023,15,Appalachian State,Troy,Power Rank,0,no_match
15727,2023,15,Appalachian State,Troy,Power Rank: Free,0,no_match
15728,2023,15,Appalachian State,Troy,Professor Sides,0,no_match
15729,2023,15,Appalachian State,Troy,Room44 Bets,0,no_match
15730,2023,15,Appalachian State,Troy,SP+,0,no_match
15731,2023,15,Appalachian State,Troy,Sagarin,0,no_match
15732,2023,15,Appalachian State,Troy,Sagarin: Golden,0,no_match
15733,2023,15,Appalachian State,Troy,Sagarin: Predictor,0,no_match
15734,2023,15,Appalachian State,Troy,Sagarin: Recent,0,no_match
15735,2023,15,Appalachian State,Troy,SportsLine,0,no_match
15736,2023,15,Appalachian State,Troy,TShoe Index,0,no_match
15737,2023,15,Appalachian State,Troy,TeamRankings,0,no_match
15738,2023,15,Appalachian State,Troy,Wilson Ratings,0,no_match
15841,2023,15,Miami OH,Toledo,Beta_Rank,0,no_match
15842,2023,15,Miami OH,Toledo,Blake Atkinson,0,no_match
15843,2023,15,Miami OH,Toledo,CBCR2: Power,0,no_match
15844,2023,15,Miami OH,Toledo,CBCR2: Sam,0,no_match
15845,2023,15,Miami OH,Toledo,CFB Geek,0,no_match
15846,2023,15,Miami OH,Toledo,CFB Graphs,0,no_match
15847,2023,15,Miami OH,Toledo,Congrove,0,no_match
15848,2023,15,Miami OH,Toledo,DRatings,0,no_match
15849,2023,15,Miami OH,Toledo,Dokter Entropy,0,no_match
15850,2023,15,Miami OH,Toledo,ESPN FPI,0,no_match
15851,2023,15,Miami OH,Toledo,FEI,0,no_match
15852,2023,15,Miami OH,Toledo,Harville,0,no_match
15853,2023,15,Miami OH,Toledo,JP+,0,no_match
15854,2023,15,Miami OH,Toledo,KFord,0,no_match
15855,2023,15,Miami OH,Toledo,Keeper,0,no_match
15856,2023,15,Miami OH,Toledo,Massey,0,no_match
15857,2023,15,Miami OH,Toledo,Moore Ratings,0,no_match
15858,2023,15,Miami OH,Toledo,OddsTrader AI,0,no_match
15859,2023,15,Miami OH,Toledo,PiRate,0,no_match
15860,2023,15,Miami OH,Toledo,PiRate: Bias,0,no_match
15861,2023,15,Miami OH,Toledo,PiRate: Mean,0,no_match
15862,2023,15,Miami OH,Toledo,Power Rank,0,no_match
15863,2023,15,Miami OH,Toledo,Power Rank: Free,0,no_match
15864,2023,15,Miami OH,Toledo,Professor Sides,0,no_match
15865,2023,15,Miami OH,Toledo,Room44 Bets,0,no_match
15866,2023,15,Miami OH,Toledo,SP+,0,no_match
15867,2023,15,Miami OH,Toledo,Sagarin,0,no_match
15868,2023,15,Miami OH,Toledo,Sagarin: Golden,0,no_match
15869,2023,15,Miami OH,Toledo,Sagarin: Predictor,0,no_match
15870,2023,15,Miami OH,Toledo,Sagarin: Recent,0,no_match
15871,2023,15,Miami OH,Toledo,SportsLine,0,no_match
15872,2023,15,Miami OH,Toledo,TShoe Index,0,no_match
15873,2023,15,Miami OH,Toledo,TeamRankings,0,no_match
15874,2023,15,Miami OH,Toledo,Wilson Ratings,0,no_match
16181,2023,17,Miami OH,Appalachian State,Beta_Rank,0,no_match
16182,2023,17,Miami OH,Appalachian State,Blake Atkinson,0,no_match
16183,2023,17,Miami OH,Appalachian State,CBCR2: Power,0,no_match
16184,2023,17,Miami OH,Appalachian State,CBCR2: Sam,0,no_match
16185,2023,17,Miami OH,Appalachian State,CFB Geek,0,no_match
16186,2023,17,Miami OH,Appalachian State,CFB Graphs,0,no_match
16187,2023,17,Miami OH,Appalachian State,Congrove,0,no_match
16188,2023,17,Miami OH,Appalachian State,DRatings,0,no_match
16189,2023,17,Miami OH,Appalachian State,Dokter Entropy,0,no_match
16190,2023,17,Miami OH,Appalachian State,ESPN FPI,0,no_match
16191,2023,17,Miami OH,Appalachian State,FEI,0,no_match
16192,2023,17,Miami OH,Appalachian State,Harville,0,no_match
16193,2023,17,Miami OH,Appalachian State,JP+,0,no_match
16194,2023,17,Miami OH,Appalachian State,KFord,0,no_match
16195,2023,17,Miami OH,Appalachian State,Keeper,0,no_match
16196,2023,17,Miami OH,Appalachian State,Massey,0,no_match
16197,2023,17,Miami OH,Appalachian State,Moore Ratings,0,no_match
16198,2023,17,Miami OH,Appalachian State,OddsTrader AI,0,no_match
16199,2023,17,Miami OH,Appalachian State,PiRate,0,no_match
16200,2023,17,Miami OH,Appalachian State,PiRate: Bias,0,no_match
16201,2023,17,Miami OH,Appalachian State,PiRate: Mean,0,no_match
16202,2023,17,Miami OH,Appalachian State,Power Rank,0,no_match
16203,2023,17,Miami OH,Appalachian State,Power Rank: Free,0,no_match
16204,2023,17,Miami OH,Appalachian State,Professor Sides,0,no_match
16205,2023,17,Miami OH,Appalachian State,Room44 Bets,0,no_match
16206,2023,17,Miami OH,Appalachian State,SP+,0,no_match
16207,2023,17,Miami OH,Appalachian State,Sagarin,0,no_match
16208,2023,17,Miami OH,Appalachian State,Sagarin: Golden,0,no_match
16209,2023,17,Miami OH,Appalachian State,Sagarin: Predictor,0,no_match
16210,2023,17,Miami OH,Appalachian State,Sagarin: Recent,0,no_match
16211,2023,17,Miami OH,Appalachian State,SportsLine,0,no_match
16212,2023,17,Miami OH,Appalachian State,TShoe Index,0,no_match
16213,2023,17,Miami OH,Appalachian State,TeamRankings,0,no_match
16214,2023,17,Miami OH,Appalachian State,Wilson Ratings,0,no_match
16317,2023,18,Arkansas State,Northern Illinois,Beta_Rank,0,no_match
16318,2023,18,Arkansas State,Northern Illinois,Blake Atkinson,0,no_match
16319,2023,18,Arkansas State,Northern Illinois,CBCR2: Power,0,no_match
16320,2023,18,Arkansas State,Northern Illinois,CBCR2: Sam,0,no_match
16321,2023,18,Arkansas State,Northern Illinois,CFB Geek,0,no_match
16322,2023,18,Arkansas State,Northern Illinois,CFB Graphs,0,no_match
16323,2023,18,Arkansas State,Northern Illinois,Congrove,0,no_match
16324,2023,18,Arkansas State,Northern Illinois,DRatings,0,no_match
16325,2023,18,Arkansas State,Northern Illinois,Dokter Entropy,0,no_match
16326,2023,18,Arkansas State,Northern Illinois,ESPN FPI,0,no_match
16327,2023,18,Arkansas State,Northern Illinois,FEI,0,no_match
16328,2023,18,Arkansas State,Northern Illinois,Harville,0,no_match
16329,2023,18,Arkansas State,Northern Illinois,JP+,0,no_match
16330,2023,18,Arkansas State,Northern Illinois,KFord,0,no_match
16331,2023,18,Arkansas State,Northern Illinois,Keeper,0,no_match
16332,2023,18,Arkansas State,Northern Illinois,Massey,0,no_match
16333,2023,18,Arkansas State,Northern Illinois,Moore Ratings,0,no_match
16334,2023,18,Arkansas State,Northern Illinois,OddsTrader AI,0,no_match
16335,2023,18,Arkansas State,Northern Illinois,PiRate,0,no_match
16336,2023,18,Arkansas State,Northern Illinois,PiRate: Bias,0,no_match
16337,2023,18,Arkansas State,Northern Illinois,PiRate: Mean,0,no_match
16338,2023,18,Arkansas State,Northern Illinois,Power Rank,0,no_match
16339,2023,18,Arkansas State,Northern Illinois,Power Rank: Free,0,no_match
16340,2023,18,Arkansas State,Northern Illinois,Professor Sides,0,no_match
16341,2023,18,Arkansas State,Northern Illinois,Room44 Bets,0,no_match
16342,2023,18,Arkansas State,Northern Illinois,SP+,0,no_match
16343,2023,18,Arkansas State,Northern Illinois,Sagarin,0,no_match
16344,2023,18,Arkansas State,Northern Illinois,Sagarin: Golden,0,no_match
16345,2023,18,Arkansas State,Northern Illinois,Sagarin: Predictor,0,no_match
16346,2023,18,Arkansas State,Northern Illinois,Sagarin: Recent,0,no_match
16347,2023,18,Arkansas State,Northern Illinois,SportsLine,0,no_match
16348,2023,18,Arkansas State,Northern Illinois,TShoe Index,0,no_match
16349,2023,18,Arkansas State,Northern Illinois,TeamRankings,0,no_match
16350,2023,18,Arkansas State,Northern Illinois,Wilson Ratings,0,no_match
16487,2023,18,South Alabama,Eastern Michigan,Beta_Rank,0,no_match
16488,2023,18,South Alabama,Eastern Michigan,Blake Atkinson,0,no_match
16489,2023,18,South Alabama,Eastern Michigan,CBCR2: Power,0,no_match
16490,2023,18,South Alabama,Eastern Michigan,CBCR2: Sam,0,no_match
16491,2023,18,South Alabama,Eastern Michigan,CFB Geek,0,no_match
16492,2023,18,South Alabama,Eastern Michigan,CFB Graphs,0,no_match
16493,2023,18,South Alabama,Eastern Michigan,Congrove,0,no_match
16494,2023,18,South Alabama,Eastern Michigan,DRatings,0,no_match
16495,2023,18,South Alabama,Eastern Michigan,Dokter Entropy,0,no_match
16496,2023,18,South Alabama,Eastern Michigan,ESPN FPI,0,no_match
16497,2023,18,South Alabama,Eastern Michigan,FEI,0,no_match
16498,2023,18,South Alabama,Eastern Michigan,Harville,0,no_match
16499,2023,18,South Alabama,Eastern Michigan,JP+,0,no_match
16500,2023,18,South Alabama,Eastern Michigan,KFord,0,no_match
16501,2023,18,South Alabama,Eastern Michigan,Keeper,0,no_match
16502,2023,18,South Alabama,Eastern Michigan,Massey,0,no_match
16503,2023,18,South Alabama,Eastern Michigan,Moore Ratings,0,no_match
16504,2023,18,South Alabama,Eastern Michigan,OddsTrader AI,0,no_match
16505,2023,18,South Alabama,Eastern Michigan,PiRate,0,no_match
16506,2023,18,South Alabama,Eastern Michigan,PiRate: Bias,0,no_match
16507,2023,18,South Alabama,Eastern Michigan,PiRate: Mean,0,no_match
16508,2023,18,South Alabama,Eastern Michigan,Power Rank,0,no_match
16509,2023,18,South Alabama,Eastern Michigan,Power Rank: Free,0,no_match
16510,2023,18,South Alabama,Eastern Michigan,Professor Sides,0,no_match
16511,2023,18,South Alabama,Eastern Michigan,Room44 Bets,0,no_match
16512,2023,18,South Alabama,Eastern Michigan,SP+,0,no_match
16513,2023,18,South Alabama,Eastern Michigan,Sagarin,0,no_match
16514,2023,18,South Alabama,Eastern Michigan,Sagarin: Golden,0,no_match
16515,2023,18,South Alabama,Eastern Michigan,Sagarin: Predictor,0,no_match
16516,2023,18,South Alabama,Eastern Michigan,Sagarin: Recent,0,no_match
16517,2023,18,South Alabama,Eastern Michigan,SportsLine,0,no_match
16518,2023,18,South Alabama,Eastern Michigan,TShoe Index,0,no_match
16519,2023,18,South Alabama,Eastern Michigan,TeamRankings,0,no_match
16520,2023,18,South Alabama,Eastern Michigan,Wilson Ratings,0,no_match
16555,2023,18,Troy,Duke,Beta_Rank,0,no_match
16556,2023,18,Troy,Duke,Blake Atkinson,0,no_match
16557,2023,18,Troy,Duke,CBCR2: Power,0,no_match
16558,2023,18,Troy,Duke,CBCR2: Sam,0,no_match
16559,2023,18,Troy,Duke,CFB Geek,0,no_match
16560,2023,18,Troy,Duke,CFB Graphs,0,no_match
16561,2023,18,Troy,Duke,Congrove,0,no_match
16562,2023,18,Troy,Duke,DRatings,0,no_match
16563,2023,18,Troy,Duke,Dokter Entropy,0,no_match
16564,2023,18,Troy,Duke,ESPN FPI,0,no_match
16565,2023,18,Troy,Duke,FEI,0,no_match
16566,2023,18,Troy,Duke,Harville,0,no_match
16567,2023,18,Troy,Duke,JP+,0,no_match
16568,2023,18,Troy,Duke,KFord,0,no_match
16569,2023,18,Troy,Duke,Keeper,0,no_match
16570,2023,18,Troy,Duke,Massey,0,no_match
16571,2023,18,Troy,Duke,Moore Ratings,0,no_match
16572,2023,18,Troy,Duke,OddsTrader AI,0,no_match
16573,2023,18,Troy,Duke,PiRate,0,no_match
16574,2023,18,Troy,Duke,PiRate: Bias,0,no_match
16575,2023,18,Troy,Duke,PiRate: Mean,0,no_match
16576,2023,18,Troy,Duke,Power Rank,0,no_match
16577,2023,18,Troy,Duke,Power Rank: Free,0,no_match
16578,2023,18,Troy,Duke,Professor Sides,0,no_match
16579,2023,18,Troy,Duke,Room44 Bets,0,no_match
16580,2023,18,Troy,Duke,SP+,0,no_match
16581,2023,18,Troy,Duke,Sagarin,0,no_match
16582,2023,18,Troy,Duke,Sagarin: Golden,0,no_match
16583,2023,18,Troy,Duke,Sagarin: Predictor,0,no_match
16584,2023,18,Troy,Duke,Sagarin: Recent,0,no_match
16585,2023,18,Troy,Duke,SportsLine,0,no_match
16586,2023,18,Troy,Duke,TShoe Index,0,no_match
16587,2023,18,Troy,Duke,TeamRankings,0,no_match
16588,2023,18,Troy,Duke,Wilson Ratings,0,no_match
17133,2023,19,North Carolina,West Virginia,Beta_Rank,0,no_match
17134,2023,19,North Carolina,West Virginia,Blake Atkinson,0,no_match
17135,2023,19,North Carolina,West Virginia,CBCR2: Power,0,no_match
17136,2023,19,North Carolina,West Virginia,CBCR2: Sam,0,no_match
17137,2023,19,North Carolina,West Virginia,CFB Geek,0,no_match
17138,2023,19,North Carolina,West Virginia,CFB Graphs,0,no_match
17139,2023,19,North Carolina,West Virginia,Congrove,0,no_match
17140,2023,19,North Carolina,West Virginia,DRatings,0,no_match
17141,2023,19,North Carolina,West Virginia,Dokter Entropy,0,no_match
17142,2023,19,North Carolina,West Virginia,ESPN FPI,0,no_match
17143,2023,19,North Carolina,West Virginia,FEI,0,no_match
17144,2023,19,North Carolina,West Virginia,Harville,0,no_match
17145,2023,19,North Carolina,West Virginia,JP+,0,no_match
17146,2023,19,North Carolina,West Virginia,KFord,0,no_match
17147,2023,19,North Carolina,West Virginia,Keeper,0,no_match
17148,2023,19,North Carolina,West Virginia,Massey,0,no_match
17149,2023,19,North Carolina,West Virginia,Moore Ratings,0,no_match
17150,2023,19,North Carolina,West Virginia,OddsTrader AI,0,no_match
17151,2023,19,North Carolina,West Virginia,PiRate,0,no_match
17152,2023,19,North Carolina,West Virginia,PiRate: Bias,0,no_match
17153,2023,19,North Carolina,West Virginia,PiRate: Mean,0,no_match
17154,2023,19,North Carolina,West Virginia,Power Rank,0,no_match
17155,2023,19,North Carolina,West Virginia,Power Rank: Free,0,no_match
17156,2023,19,North Carolina,West Virginia,Professor Sides,0,no_match
17157,2023,19,North Carolina,West Virginia,Room44 Bets,0,no_match
17158,2023,19,North Carolina,West Virginia,SP+,0,no_match
17159,2023,19,North Carolina,West Virginia,Sagarin,0,no_match
17160,2023,19,North Carolina,West Virginia,Sagarin: Golden,0,no_match
17161,2023,19,North Carolina,West Virginia,Sagarin: Predictor,0,no_match
17162,2023,19,North Carolina,West Virginia,Sagarin: Recent,0,no_match
17163,2023,19,North Carolina,West Virginia,SportsLine,0,no_match
17164,2023,19,North Carolina,West Virginia,TShoe Index,0,no_match
17165,2023,19,North Carolina,West Virginia,TeamRankings,0,no_match
17166,2023,19,North Carolina,West Virginia,Wilson Ratings,0,no_match
17201,2023,19,Rutgers,Miami,Beta_Rank,0,no_match
17202,2023,19,Rutgers,Miami,Blake Atkinson,0,no_match
17203,2023,19,Rutgers,Miami,CBCR2: Power,0,no_match
17204,2023,19,Rutgers,Miami,CBCR2: Sam,0,no_match
17205,2023,19,Rutgers,Miami,CFB Geek,0,no_match
17206,2023,19,Rutgers,Miami,CFB Graphs,0,no_match
17207,2023,19,Rutgers,Miami,Congrove,0,no_match
17208,2023,19,Rutgers,Miami,DRatings,0,no_match
17209,2023,19,Rutgers,Miami,Dokter Entropy,0,no_match
17210,2023,19,Rutgers,Miami,ESPN FPI,0,no_match
17211,2023,19,Rutgers,Miami,FEI,0,no_match
17212,2023,19,Rutgers,Miami,Harville,0,no_match
17213,2023,19,Rutgers,Miami,JP+,0,no_match
17214,2023,19,Rutgers,Miami,KFord,0,no_match
17215,2023,19,Rutgers,Miami,Keeper,0,no_match
17216,2023,19,Rutgers,Miami,Massey,0,no_match
17217,2023,19,Rutgers,Miami,Moore Ratings,0,no_match
17218,2023,19,Rutgers,Miami,OddsTrader AI,0,no_match
17219,2023,19,Rutgers,Miami,PiRate,0,no_match
17220,2023,19,Rutgers,Miami,PiRate: Bias,0,no_match
17221,2023,19,Rutgers,Miami,PiRate: Mean,0,no_match
17222,2023,19,Rutgers,Miami,Power Rank,0,no_match
17223,2023,19,Rutgers,Miami,Power Rank: Free,0,no_match
17224,2023,19,Rutgers,Miami,Professor Sides,0,no_match
17225,2023,19,Rutgers,Miami,Room44 Bets,0,no_match
17226,2023,19,Rutgers,Miami,SP+,0,no_match
17227,2023,19,Rutgers,Miami,Sagarin,0,no_match
17228,2023,19,Rutgers,Miami,Sagarin: Golden,0,no_match
17229,2023,19,Rutgers,Miami,Sagarin: Predictor,0,no_match
17230,2023,19,Rutgers,Miami,Sagarin: Recent,0,no_match
17231,2023,19,Rutgers,Miami,SportsLine,0,no_match
17232,2023,19,Rutgers,Miami,TShoe Index,0,no_match
17233,2023,19,Rutgers,Miami,TeamRankings,0,no_match
17234,2023,19,Rutgers,Miami,Wilson Ratings,0,no_match
17786,2024,2,Eastern Michigan,Massachusetts,Beta_Rank,0,no_match
17787,2024,2,Eastern Michigan,Massachusetts,CBCR2: Power,0,no_match
17788,2024,2,Eastern Michigan,Massachusetts,CFB Geek,0,no_match
17789,2024,2,Eastern Michigan,Massachusetts,CFB Graphs,0,no_match
17790,2024,2,Eastern Michigan,Massachusetts,CFB Victory,0,no_match
17791,2024,2,Eastern Michigan,Massachusetts,Congrove,0,no_match
17792,2024,2,Eastern Michigan,Massachusetts,DRatings,0,no_match
17793,2024,2,Eastern Michigan,Massachusetts,Dokter Entropy,0,no_match
17794,2024,2,Eastern Michigan,Massachusetts,ESPN FPI,0,no_match
17795,2024,2,Eastern Michigan,Massachusetts,FEI,0,no_match
17796,2024,2,Eastern Michigan,Massachusetts,Harville,0,no_match
17797,2024,2,Eastern Michigan,Massachusetts,JP+,0,no_match
17798,2024,2,Eastern Michigan,Massachusetts,John Harris,0,no_match
17799,2024,2,Eastern Michigan,Massachusetts,KFord,0,no_match
17800,2024,2,Eastern Michigan,Massachusetts,Keeper,0,no_match
17801,2024,2,Eastern Michigan,Massachusetts,Massey,0,no_match
17802,2024,2,Eastern Michigan,Massachusetts,Matt Grissom,0,no_match
17803,2024,2,Eastern Michigan,Massachusetts,Moore Ratings,0,no_match
17804,2024,2,Eastern Michigan,Massachusetts,PiRate,0,no_match
17805,2024,2,Eastern Michigan,Massachusetts,PiRate: Bias,0,no_match
17806,2024,2,Eastern Michigan,Massachusetts,PiRate: Mean,0,no_match
17807,2024,2,Eastern Michigan,Massachusetts,Power Rank,0,no_match
17808,2024,2,Eastern Michigan,Massachusetts,Power Rank: Free,0,no_match
17809,2024,2,Eastern Michigan,Massachusetts,Professor Sides,0,no_match
17810,2024,2,Eastern Michigan,Massachusetts,Room44 Bets,0,no_match
17811,2024,2,Eastern Michigan,Massachusetts,SP+,0,no_match
17812,2024,2,Eastern Michigan,Massachusetts,Sagarin,0,no_match
17813,2024,2,Eastern Michigan,Massachusetts,Sagarin: Golden,0,no_match
17814,2024,2,Eastern Michigan,Massachusetts,Sagarin: Predictor,0,no_match
17815,2024,2,Eastern Michigan,Massachusetts,Sagarin: Recent,0,no_match
17816,2024,2,Eastern Michigan,Massachusetts,SportsLine,0,no_match
17817,2024,2,Eastern Michigan,Massachusetts,TShoe Index,0,no_match
17818,2024,2,Eastern Michigan,Massachusetts,TeamRankings,0,no_match
17819,2024,2,Eastern Michigan,Massachusetts,Trent Sorensen,0,no_match
17820,2024,2,Eastern Michigan,Massachusetts,Wilson Ratings,0,no_match
17856,2024,2,Florida International,Indiana,Beta_Rank,0,no_match
17857,2024,2,Florida International,Indiana,CBCR2: Power,0,no_match
17858,2024,2,Florida International,Indiana,CFB Geek,0,no_match
17859,2024,2,Florida International,Indiana,CFB Graphs,0,no_match
17860,2024,2,Florida International,Indiana,CFB Victory,0,no_match
17861,2024,2,Florida International,Indiana,Congrove,0,no_match
17862,2024,2,Florida International,Indiana,DRatings,0,no_match
17863,2024,2,Florida International,Indiana,Dokter Entropy,0,no_match
17864,2024,2,Florida International,Indiana,ESPN FPI,0,no_match
17865,2024,2,Florida International,Indiana,FEI,0,no_match
17866,2024,2,Florida International,Indiana,Harville,0,no_match
17867,2024,2,Florida International,Indiana,JP+,0,no_match
17868,2024,2,Florida International,Indiana,John Harris,0,no_match
17869,2024,2,Florida International,Indiana,KFord,0,no_match
17870,2024,2,Florida International,Indiana,Keeper,0,no_match
17871,2024,2,Florida International,Indiana,Massey,0,no_match
17872,2024,2,Florida International,Indiana,Matt Grissom,0,no_match
17873,2024,2,Florida International,Indiana,Moore Ratings,0,no_match
17874,2024,2,Florida International,Indiana,PiRate,0,no_match
17875,2024,2,Florida International,Indiana,PiRate: Bias,0,no_match
17876,2024,2,Florida International,Indiana,PiRate: Mean,0,no_match
17877,2024,2,Florida International,Indiana,Power Rank,0,no_match
17878,2024,2,Florida International,Indiana,Power Rank: Free,0,no_match
17879,2024,2,Florida International,Indiana,Professor Sides,0,no_match
17880,2024,2,Florida International,Indiana,Room44 Bets,0,no_match
17881,2024,2,Florida International,Indiana,SP+,0,no_match
17882,2024,2,Florida International,Indiana,Sagarin,0,no_match
17883,2024,2,Florida International,Indiana,Sagarin: Golden,0,no_match
17884,2024,2,Florida International,Indiana,Sagarin: Predictor,0,no_match
17885,2024,2,Florida International,Indiana,Sagarin: Recent,0,no_match
17886,2024,2,Florida International,Indiana,SportsLine,0,no_match
17887,2024,2,Florida International,Indiana,TShoe Index,0,no_match
17888,2024,2,Florida International,Indiana,TeamRankings,0,no_match
17889,2024,2,Florida International,Indiana,Trent Sorensen,0,no_match
17890,2024,2,Florida International,Indiana,Wilson Ratings,0,no_match
18029,2024,2,Kent State,Pittsburgh,Beta_Rank,0,no_match
18030,2024,2,Kent State,Pittsburgh,CBCR2: Power,0,no_match
18031,2024,2,Kent State,Pittsburgh,CFB Geek,0,no_match
18032,2024,2,Kent State,Pittsburgh,CFB Graphs,0,no_match
18033,2024,2,Kent State,Pittsburgh,CFB Victory,0,no_match
18034,2024,2,Kent State,Pittsburgh,Congrove,0,no_match
18035,2024,2,Kent State,Pittsburgh,DRatings,0,no_match
18036,2024,2,Kent State,Pittsburgh,Dokter Entropy,0,no_match
18037,2024,2,Kent State,Pittsburgh,ESPN FPI,0,no_match
18038,2024,2,Kent State,Pittsburgh,FEI,0,no_match
18039,2024,2,Kent State,Pittsburgh,Harville,0,no_match
18040,2024,2,Kent State,Pittsburgh,JP+,0,no_match
18041,2024,2,Kent State,Pittsburgh,John Harris,0,no_match
18042,2024,2,Kent State,Pittsburgh,KFord,0,no_match
18043,2024,2,Kent State,Pittsburgh,Keeper,0,no_match
18044,2024,2,Kent State,Pittsburgh,Massey,0,no_match
18045,2024,2,Kent State,Pittsburgh,Matt Grissom,0,no_match
18046,2024,2,Kent State,Pittsburgh,Moore Ratings,0,no_match
18047,2024,2,Kent State,Pittsburgh,PiRate,0,no_match
18048,2024,2,Kent State,Pittsburgh,PiRate: Bias,0,no_match
18049,2024,2,Kent State,Pittsburgh,PiRate: Mean,0,no_match
18050,2024,2,Kent State,Pittsburgh,Power Rank,0,no_match
18051,2024,2,Kent State,Pittsburgh,Power Rank: Free,0,no_match
18052,2024,2,Kent State,Pittsburgh,Professor Sides,0,no_match
18053,2024,2,Kent State,Pittsburgh,Room44 Bets,0,no_match
18054,2024,2,Kent State,Pittsburgh,SP+,0,no_match
18055,2024,2,Kent State,Pittsburgh,Sagarin,0,no_match
18056,2024,2,Kent State,Pittsburgh,Sagarin: Golden,0,no_match
18057,2024,2,Kent State,Pittsburgh,Sagarin: Predictor,0,no_match
18058,2024,2,Kent State,Pittsburgh,Sagarin: Recent,0,no_match
18059,2024,2,Kent State,Pittsburgh,SportsLine,0,no_match
18060,2024,2,Kent State,Pittsburgh,TShoe Index,0,no_match
18061,2024,2,Kent State,Pittsburgh,TeamRankings,0,no_match
18062,2024,2,Kent State,Pittsburgh,Trent Sorensen,0,no_match
18063,2024,2,Kent State,Pittsburgh,Wilson Ratings,0,no_match
18066,2024,2,Miami,Florida,Beta_Rank,0,no_match
18067,2024,2,Miami,Florida,CBCR2: Power,0,no_match
18068,2024,2,Miami,Florida,CFB Geek,0,no_match
18069,2024,2,Miami,Florida,CFB Graphs,0,no_match
18070,2024,2,Miami,Florida,CFB Victory,0,no_match
18071,2024,2,Miami,Florida,Congrove,0,no_match
18072,2024,2,Miami,Florida,DRatings,0,no_match
18073,2024,2,Miami,Florida,Dokter Entropy,0,no_match
18074,2024,2,Miami,Florida,ESPN FPI,0,no_match
18075,2024,2,Miami,Florida,FEI,0,no_match
18076,2024,2,Miami,Florida,Harville,0,no_match
18077,2024,2,Miami,Florida,JP+,0,no_match
18078,2024,2,Miami,Florida,John Harris,0,no_match
18079,2024,2,Miami,Florida,KFord,0,no_match
18080,2024,2,Miami,Florida,Keeper,0,no_match
18081,2024,2,Miami,Florida,Massey,0,no_match
18082,2024,2,Miami,Florida,Matt Grissom,0,no_match
18083,2024,2,Miami,Florida,Moore Ratings,0,no_match
18084,2024,2,Miami,Florida,PiRate,0,no_match
18085,2024,2,Miami,Florida,PiRate: Bias,0,no_match
18086,2024,2,Miami,Florida,PiRate: Mean,0,no_match
18087,2024,2,Miami,Florida,Power Rank,0,no_match
18088,2024,2,Miami,Florida,Power Rank: Free,0,no_match
18089,2024,2,Miami,Florida,Professor Sides,0,no_match
18090,2024,2,Miami,Florida,Room44 Bets,0,no_match
18091,2024,2,Miami,Florida,SP+,0,no_match
18092,2024,2,Miami,Florida,Sagarin,0,no_match
18093,2024,2,Miami,Florida,Sagarin: Golden,0,no_match
18094,2024,2,Miami,Florida,Sagarin: Predictor,0,no_match
18095,2024,2,Miami,Florida,Sagarin: Recent,0,no_match
18096,2024,2,Miami,Florida,SportsLine,0,no_match
18097,2024,2,Miami,Florida,TShoe Index,0,no_match
18098,2024,2,Miami,Florida,TeamRankings,0,no_match
18099,2024,2,Miami,Florida,Trent Sorensen,0,no_match
18100,2024,2,Miami,Florida,Wilson Ratings,0,no_match
18101,2024,2,Miami OH,Northwestern,Beta_Rank,0,no_match
18102,2024,2,Miami OH,Northwestern,CBCR2: Power,0,no_match
18103,2024,2,Miami OH,Northwestern,CFB Geek,0,no_match
18104,2024,2,Miami OH,Northwestern,CFB Graphs,0,no_match
18105,2024,2,Miami OH,Northwestern,CFB Victory,0,no_match
18106,2024,2,Miami OH,Northwestern,Congrove,0,no_match
18107,2024,2,Miami OH,Northwestern,DRatings,0,no_match
18108,2024,2,Miami OH,Northwestern,Dokter Entropy,0,no_match
18109,2024,2,Miami OH,Northwestern,ESPN FPI,0,no_match
18110,2024,2,Miami OH,Northwestern,FEI,0,no_match
18111,2024,2,Miami OH,Northwestern,Harville,0,no_match
18112,2024,2,Miami OH,Northwestern,JP+,0,no_match
18113,2024,2,Miami OH,Northwestern,John Harris,0,no_match
18114,2024,2,Miami OH,Northwestern,KFord,0,no_match
18115,2024,2,Miami OH,Northwestern,Keeper,0,no_match
18116,2024,2,Miami OH,Northwestern,Massey,0,no_match
18117,2024,2,Miami OH,Northwestern,Matt Grissom,0,no_match
18118,2024,2,Miami OH,Northwestern,Moore Ratings,0,no_match
18119,2024,2,Miami OH,Northwestern,PiRate,0,no_match
18120,2024,2,Miami OH,Northwestern,PiRate: Bias,0,no_match
18121,2024,2,Miami OH,Northwestern,PiRate: Mean,0,no_match
18122,2024,2,Miami OH,Northwestern,Power Rank,0,no_match
18123,2024,2,Miami OH,Northwestern,Power Rank: Free,0,no_match
18124,2024,2,Miami OH,Northwestern,Professor Sides,0,no_match
18125,2024,2,Miami OH,Northwestern,Room44 Bets,0,no_match
18126,2024,2,Miami OH,Northwestern,SP+,0,no_match
18127,2024,2,Miami OH,Northwestern,Sagarin,0,no_match
18128,2024,2,Miami OH,Northwestern,Sagarin: Golden,0,no_match
18129,2024,2,Miami OH,Northwestern,Sagarin: Predictor,0,no_match
18130,2024,2,Miami OH,Northwestern,Sagarin: Recent,0,no_match
18131,2024,2,Miami OH,Northwestern,SportsLine,0,no_match
18132,2024,2,Miami OH,Northwestern,TShoe Index,0,no_match
18133,2024,2,Miami OH,Northwestern,TeamRankings,0,no_match
18134,2024,2,Miami OH,Northwestern,Trent Sorensen,0,no_match
18135,2024,2,Miami OH,Northwestern,Wilson Ratings,0,no_match
18136,2024,2,Nevada,Troy,Beta_Rank,0,no_match
18137,2024,2,Nevada,Troy,CBCR2: Power,0,no_match
18138,2024,2,Nevada,Troy,CFB Geek,0,no_match
18139,2024,2,Nevada,Troy,CFB Graphs,0,no_match
18140,2024,2,Nevada,Troy,CFB Victory,0,no_match
18141,2024,2,Nevada,Troy,Congrove,0,no_match
18142,2024,2,Nevada,Troy,DRatings,0,no_match
18143,2024,2,Nevada,Troy,Dokter Entropy,0,no_match
18144,2024,2,Nevada,Troy,ESPN FPI,0,no_match
18145,2024,2,Nevada,Troy,FEI,0,no_match
18146,2024,2,Nevada,Troy,Harville,0,no_match
18147,2024,2,Nevada,Troy,JP+,0,no_match
18148,2024,2,Nevada,Troy,John Harris,0,no_match
18149,2024,2,Nevada,Troy,KFord,0,no_match
18150,2024,2,Nevada,Troy,Keeper,0,no_match
18151,2024,2,Nevada,Troy,Massey,0,no_match
18152,2024,2,Nevada,Troy,Matt Grissom,0,no_match
18153,2024,2,Nevada,Troy,Moore Ratings,0,no_match
18154,2024,2,Nevada,Troy,PiRate,0,no_match
18155,2024,2,Nevada,Troy,PiRate: Bias,0,no_match
18156,2024,2,Nevada,Troy,PiRate: Mean,0,no_match
18157,2024,2,Nevada,Troy,Power Rank,0,no_match
18158,2024,2,Nevada,Troy,Power Rank: Free,0,no_match
18159,2024,2,Nevada,Troy,Professor Sides,0,no_match
18160,2024,2,Nevada,Troy,Room44 Bets,0,no_match
18161,2024,2,Nevada,Troy,SP+,0,no_match
18162,2024,2,Nevada,Troy,Sagarin,0,no_match
18163,2024,2,Nevada,Troy,Sagarin: Golden,0,no_match
18164,2024,2,Nevada,Troy,Sagarin: Predictor,0,no_match
18165,2024,2,Nevada,Troy,Sagarin: Recent,0,no_match
18166,2024,2,Nevada,Troy,SportsLine,0,no_match
18167,2024,2,Nevada,Troy,TShoe Index,0,no_match
18168,2024,2,Nevada,Troy,TeamRankings,0,no_match
18169,2024,2,Nevada,Troy,Trent Sorensen,0,no_match
18170,2024,2,Nevada,Troy,Wilson Ratings,0,no_match
18381,2024,2,Penn State,West Virginia,Beta_Rank,0,no_match
18382,2024,2,Penn State,West Virginia,CBCR2: Power,0,no_match
18383,2024,2,Penn State,West Virginia,CFB Geek,0,no_match
18384,2024,2,Penn State,West Virginia,CFB Graphs,0,no_match
18385,2024,2,Penn State,West Virginia,CFB Victory,0,no_match
18386,2024,2,Penn State,West Virginia,Congrove,0,no_match
18387,2024,2,Penn State,West Virginia,DRatings,0,no_match
18388,2024,2,Penn State,West Virginia,Dokter Entropy,0,no_match
18389,2024,2,Penn State,West Virginia,ESPN FPI,0,no_match
18390,2024,2,Penn State,West Virginia,FEI,0,no_match
18391,2024,2,Penn State,West Virginia,Harville,0,no_match
18392,2024,2,Penn State,West Virginia,JP+,0,no_match
18393,2024,2,Penn State,West Virginia,John Harris,0,no_match
18394,2024,2,Penn State,West Virginia,KFord,0,no_match
18395,2024,2,Penn State,West Virginia,Keeper,0,no_match
18396,2024,2,Penn State,West Virginia,Massey,0,no_match
18397,2024,2,Penn State,West Virginia,Matt Grissom,0,no_match
18398,2024,2,Penn State,West Virginia,Moore Ratings,0,no_match
18399,2024,2,Penn State,West Virginia,PiRate,0,no_match
18400,2024,2,Penn State,West Virginia,PiRate: Bias,0,no_match
18401,2024,2,Penn State,West Virginia,PiRate: Mean,0,no_match
18402,2024,2,Penn State,West Virginia,Power Rank,0,no_match
18403,2024,2,Penn State,West Virginia,Power Rank: Free,0,no_match
18404,2024,2,Penn State,West Virginia,Professor Sides,0,no_match
18405,2024,2,Penn State,West Virginia,Room44 Bets,0,no_match
18406,2024,2,Penn State,West Virginia,SP+,0,no_match
18407,2024,2,Penn State,West Virginia,Sagarin,0,no_match
18408,2024,2,Penn State,West Virginia,Sagarin: Golden,0,no_match
18409,2024,2,Penn State,West Virginia,Sagarin: Predictor,0,no_match
18410,2024,2,Penn State,West Virginia,Sagarin: Recent,0,no_match
18411,2024,2,Penn State,West Virginia,SportsLine,0,no_match
18412,2024,2,Penn State,West Virginia,TShoe Index,0,no_match
18413,2024,2,Penn State,West Virginia,TeamRankings,0,no_match
18414,2024,2,Penn State,West Virginia,Trent Sorensen,0,no_match
18415,2024,2,Penn State,West Virginia,Wilson Ratings,0,no_match
18416,2024,2,Sam Houston,Rice,Beta_Rank,0,no_match
18417,2024,2,Sam Houston,Rice,CBCR2: Power,0,no_match
18418,2024,2,Sam Houston,Rice,CFB Geek,0,no_match
18419,2024,2,Sam Houston,Rice,CFB Graphs,0,no_match
18420,2024,2,Sam Houston,Rice,CFB Victory,0,no_match
18421,2024,2,Sam Houston,Rice,Congrove,0,no_match
18422,2024,2,Sam Houston,Rice,DRatings,0,no_match
18423,2024,2,Sam Houston,Rice,Dokter Entropy,0,no_match
18424,2024,2,Sam Houston,Rice,ESPN FPI,0,no_match
18425,2024,2,Sam Houston,Rice,FEI,0,no_match
18426,2024,2,Sam Houston,Rice,Harville,0,no_match
18427,2024,2,Sam Houston,Rice,JP+,0,no_match
18428,2024,2,Sam Houston,Rice,John Harris,0,no_match
18429,2024,2,Sam Houston,Rice,KFord,0,no_match
18430,2024,2,Sam Houston,Rice,Keeper,0,no_match
18431,2024,2,Sam Houston,Rice,Massey,0,no_match
18432,2024,2,Sam Houston,Rice,Matt Grissom,0,no_match
18433,2024,2,Sam Houston,Rice,Moore Ratings,0,no_match
18434,2024,2,Sam Houston,Rice,PiRate,0,no_match
18435,2024,2,Sam Houston,Rice,PiRate: Bias,0,no_match
18436,2024,2,Sam Houston,Rice,PiRate: Mean,0,no_match
18437,2024,2,Sam Houston,Rice,Power Rank,0,no_match
18438,2024,2,Sam Houston,Rice,Power Rank: Free,0,no_match
18439,2024,2,Sam Houston,Rice,Professor Sides,0,no_match
18440,2024,2,Sam Houston,Rice,Room44 Bets,0,no_match
18441,2024,2,Sam Houston,Rice,SP+,0,no_match
18442,2024,2,Sam Houston,Rice,Sagarin,0,no_match
18443,2024,2,Sam Houston,Rice,Sagarin: Golden,0,no_match
18444,2024,2,Sam Houston,Rice,Sagarin: Predictor,0,no_match
18445,2024,2,Sam Houston,Rice,Sagarin: Recent,0,no_match
18446,2024,2,Sam Houston,Rice,SportsLine,0,no_match
18447,2024,2,Sam Houston,Rice,TShoe Index,0,no_match
18448,2024,2,Sam Houston,Rice,TeamRankings,0,no_match
18449,2024,2,Sam Houston,Rice,Trent Sorensen,0,no_match
18450,2024,2,Sam Houston,Rice,Wilson Ratings,0,no_match
18451,2024,2,Southern Mississippi,Kentucky,Beta_Rank,0,no_match
18452,2024,2,Southern Mississippi,Kentucky,CBCR2: Power,0,no_match
18453,2024,2,Southern Mississippi,Kentucky,CFB Geek,0,no_match
18454,2024,2,Southern Mississippi,Kentucky,CFB Graphs,0,no_match
18455,2024,2,Southern Mississippi,Kentucky,CFB Victory,0,no_match
18456,2024,2,Southern Mississippi,Kentucky,Congrove,0,no_match
18457,2024,2,Southern Mississippi,Kentucky,DRatings,0,no_match
18458,2024,2,Southern Mississippi,Kentucky,Dokter Entropy,0,no_match
18459,2024,2,Southern Mississippi,Kentucky,ESPN FPI,0,no_match
18460,2024,2,Southern Mississippi,Kentucky,FEI,0,no_match
18461,2024,2,Southern Mississippi,Kentucky,Harville,0,no_match
18462,2024,2,Southern Mississippi,Kentucky,JP+,0,no_match
18463,2024,2,Southern Mississippi,Kentucky,John Harris,0,no_match
18464,2024,2,Southern Mississippi,Kentucky,KFord,0,no_match
18465,2024,2,Southern Mississippi,Kentucky,Keeper,0,no_match
18466,2024,2,Southern Mississippi,Kentucky,Massey,0,no_match
18467,2024,2,Southern Mississippi,Kentucky,Matt Grissom,0,no_match
18468,2024,2,Southern Mississippi,Kentucky,Moore Ratings,0,no_match
18469,2024,2,Southern Mississippi,Kentucky,PiRate,0,no_match
18470,2024,2,Southern Mississippi,Kentucky,PiRate: Bias,0,no_match
18471,2024,2,Southern Mississippi,Kentucky,PiRate: Mean,0,no_match
18472,2024,2,Southern Mississippi,Kentucky,Power Rank,0,no_match
18473,2024,2,Southern Mississippi,Kentucky,Power Rank: Free,0,no_match
18474,2024,2,Southern Mississippi,Kentucky,Professor Sides,0,no_match
18475,2024,2,Southern Mississippi,Kentucky,Room44 Bets,0,no_match
18476,2024,2,Southern Mississippi,Kentucky,SP+,0,no_match
18477,2024,2,Southern Mississippi,Kentucky,Sagarin,0,no_match
18478,2024,2,Southern Mississippi,Kentucky,Sagarin: Golden,0,no_match
18479,2024,2,Southern Mississippi,Kentucky,Sagarin: Predictor,0,no_match
18480,2024,2,Southern Mississippi,Kentucky,Sagarin: Recent,0,no_match
18481,2024,2,Southern Mississippi,Kentucky,SportsLine,0,no_match
18482,2024,2,Southern Mississippi,Kentucky,TShoe Index,0,no_match
18483,2024,2,Southern Mississippi,Kentucky,TeamRankings,0,no_match
18484,2024,2,Southern Mississippi,Kentucky,Trent Sorensen,0,no_match
18485,2024,2,Southern Mississippi,Kentucky,Wilson Ratings,0,no_match
18731,2024,2,Western Michigan,Wisconsin,Beta_Rank,0,no_match
18732,2024,2,Western Michigan,Wisconsin,CBCR2: Power,0,no_match
18733,2024,2,Western Michigan,Wisconsin,CFB Geek,0,no_match
18734,2024,2,Western Michigan,Wisconsin,CFB Graphs,0,no_match
18735,2024,2,Western Michigan,Wisconsin,CFB Victory,0,no_match
18736,2024,2,Western Michigan,Wisconsin,Congrove,0,no_match
18737,2024,2,Western Michigan,Wisconsin,DRatings,0,no_match
18738,2024,2,Western Michigan,Wisconsin,Dokter Entropy,0,no_match
18739,2024,2,Western Michigan,Wisconsin,ESPN FPI,0,no_match
18740,2024,2,Western Michigan,Wisconsin,FEI,0,no_match
18741,2024,2,Western Michigan,Wisconsin,Harville,0,no_match
18742,2024,2,Western Michigan,Wisconsin,JP+,0,no_match
18743,2024,2,Western Michigan,Wisconsin,John Harris,0,no_match
18744,2024,2,Western Michigan,Wisconsin,KFord,0,no_match
18745,2024,2,Western Michigan,Wisconsin,Keeper,0,no_match
18746,2024,2,Western Michigan,Wisconsin,Massey,0,no_match
18747,2024,2,Western Michigan,Wisconsin,Matt Grissom,0,no_match
18748,2024,2,Western Michigan,Wisconsin,Moore Ratings,0,no_match
18749,2024,2,Western Michigan,Wisconsin,PiRate,0,no_match
18750,2024,2,Western Michigan,Wisconsin,PiRate: Bias,0,no_match
18751,2024,2,Western Michigan,Wisconsin,PiRate: Mean,0,no_match
18752,2024,2,Western Michigan,Wisconsin,Power Rank,0,no_match
18753,2024,2,Western Michigan,Wisconsin,Power Rank: Free,0,no_match
18754,2024,2,Western Michigan,Wisconsin,Professor Sides,0,no_match
18755,2024,2,Western Michigan,Wisconsin,Room44 Bets,0,no_match
18756,2024,2,Western Michigan,Wisconsin,SP+,0,no_match
18757,2024,2,Western Michigan,Wisconsin,Sagarin,0,no_match
18758,2024,2,Western Michigan,Wisconsin,Sagarin: Golden,0,no_match
18759,2024,2,Western Michigan,Wisconsin,Sagarin: Predictor,0,no_match
18760,2024,2,Western Michigan,Wisconsin,Sagarin: Recent,0,no_match
18761,2024,2,Western Michigan,Wisconsin,SportsLine,0,no_match
18762,2024,2,Western Michigan,Wisconsin,TShoe Index,0,no_match
18763,2024,2,Western Michigan,Wisconsin,TeamRankings,0,no_match
18764,2024,2,Western Michigan,Wisconsin,Trent Sorensen,0,no_match
18765,2024,2,Western Michigan,Wisconsin,Wilson Ratings,0,no_match
19081,2024,3,Central Michigan,Florida International,Beta_Rank,0,no_match
19082,2024,3,Central Michigan,Florida International,CBCR2: Power,0,no_match
19083,2024,3,Central Michigan,Florida International,CFB Geek,0,no_match
19084,2024,3,Central Michigan,Florida International,CFB Graphs,0,no_match
19085,2024,3,Central Michigan,Florida International,CFB Victory,0,no_match
19086,2024,3,Central Michigan,Florida International,Congrove,0,no_match
19087,2024,3,Central Michigan,Florida International,DRatings,0,no_match
19088,2024,3,Central Michigan,Florida International,Dokter Entropy,0,no_match
19089,2024,3,Central Michigan,Florida International,ESPN FPI,0,no_match
19090,2024,3,Central Michigan,Florida International,FEI,0,no_match
19091,2024,3,Central Michigan,Florida International,Harville,0,no_match
19092,2024,3,Central Michigan,Florida International,JP+,0,no_match
19093,2024,3,Central Michigan,Florida International,John Harris,0,no_match
19094,2024,3,Central Michigan,Florida International,KFord,0,no_match
19095,2024,3,Central Michigan,Florida International,Keeper,0,no_match
19096,2024,3,Central Michigan,Florida International,Massey,0,no_match
19097,2024,3,Central Michigan,Florida International,Matt Grissom,0,no_match
19098,2024,3,Central Michigan,Florida International,Moore Ratings,0,no_match
19099,2024,3,Central Michigan,Florida International,PiRate,0,no_match
19100,2024,3,Central Michigan,Florida International,PiRate: Bias,0,no_match
19101,2024,3,Central Michigan,Florida International,PiRate: Mean,0,no_match
19102,2024,3,Central Michigan,Florida International,Power Rank,0,no_match
19103,2024,3,Central Michigan,Florida International,Power Rank: Free,0,no_match
19104,2024,3,Central Michigan,Florida International,Professor Sides,0,no_match
19105,2024,3,Central Michigan,Florida International,Room44 Bets,0,no_match
19106,2024,3,Central Michigan,Florida International,SP+,0,no_match
19107,2024,3,Central Michigan,Florida International,Sagarin,0,no_match
19108,2024,3,Central Michigan,Florida International,Sagarin: Golden,0,no_match
19109,2024,3,Central Michigan,Florida International,Sagarin: Predictor,0,no_match
19110,2024,3,Central Michigan,Florida International,Sagarin: Recent,0,no_match
19111,2024,3,Central Michigan,Florida International,SportsLine,0,no_match
19112,2024,3,Central Michigan,Florida International,TShoe Index,0,no_match
19113,2024,3,Central Michigan,Florida International,TeamRankings,0,no_match
19114,2024,3,Central Michigan,Florida International,Trent Sorensen,0,no_match
19115,2024,3,Central Michigan,Florida International,Wilson Ratings,0,no_match
19221,2024,3,Eastern Michigan,Washington,Beta_Rank,0,no_match
19222,2024,3,Eastern Michigan,Washington,CBCR2: Power,0,no_match
19223,2024,3,Eastern Michigan,Washington,CFB Geek,0,no_match
19224,2024,3,Eastern Michigan,Washington,CFB Graphs,0,no_match
19225,2024,3,Eastern Michigan,Washington,CFB Victory,0,no_match
19226,2024,3,Eastern Michigan,Washington,Congrove,0,no_match
19227,2024,3,Eastern Michigan,Washington,DRatings,0,no_match
19228,2024,3,Eastern Michigan,Washington,Dokter Entropy,0,no_match
19229,2024,3,Eastern Michigan,Washington,ESPN FPI,0,no_match
19230,2024,3,Eastern Michigan,Washington,FEI,0,no_match
19231,2024,3,Eastern Michigan,Washington,Harville,0,no_match
19232,2024,3,Eastern Michigan,Washington,JP+,0,no_match
19233,2024,3,Eastern Michigan,Washington,John Harris,0,no_match
19234,2024,3,Eastern Michigan,Washington,KFord,0,no_match
19235,2024,3,Eastern Michigan,Washington,Keeper,0,no_match
19236,2024,3,Eastern Michigan,Washington,Massey,0,no_match
19237,2024,3,Eastern Michigan,Washington,Matt Grissom,0,no_match
19238,2024,3,Eastern Michigan,Washington,Moore Ratings,0,no_match
19239,2024,3,Eastern Michigan,Washington,PiRate,0,no_match
19240,2024,3,Eastern Michigan,Washington,PiRate: Bias,0,no_match
19241,2024,3,Eastern Michigan,Washington,PiRate: Mean,0,no_match
19242,2024,3,Eastern Michigan,Washington,Power Rank,0,no_match
19243,2024,3,Eastern Michigan,Washington,Power Rank: Free,0,no_match
19244,2024,3,Eastern Michigan,Washington,Professor Sides,0,no_match
19245,2024,3,Eastern Michigan,Washington,Room44 Bets,0,no_match
19246,2024,3,Eastern Michigan,Washington,SP+,0,no_match
19247,2024,3,Eastern Michigan,Washington,Sagarin,0,no_match
19248,2024,3,Eastern Michigan,Washington,Sagarin: Golden,0,no_match
19249,2024,3,Eastern Michigan,Washington,Sagarin: Predictor,0,no_match
19250,2024,3,Eastern Michigan,Washington,Sagarin: Recent,0,no_match
19251,2024,3,Eastern Michigan,Washington,SportsLine,0,no_match
19252,2024,3,Eastern Michigan,Washington,TShoe Index,0,no_match
19253,2024,3,Eastern Michigan,Washington,TeamRankings,0,no_match
19254,2024,3,Eastern Michigan,Washington,Trent Sorensen,0,no_match
19255,2024,3,Eastern Michigan,Washington,Wilson Ratings,0,no_match
19605,2024,3,Middle Tennessee,Mississippi,Beta_Rank,0,no_match
19606,2024,3,Middle Tennessee,Mississippi,CBCR2: Power,0,no_match
19607,2024,3,Middle Tennessee,Mississippi,CFB Geek,0,no_match
19608,2024,3,Middle Tennessee,Mississippi,CFB Graphs,0,no_match
19609,2024,3,Middle Tennessee,Mississippi,CFB Victory,0,no_match
19610,2024,3,Middle Tennessee,Mississippi,Congrove,0,no_match
19611,2024,3,Middle Tennessee,Mississippi,DRatings,0,no_match
19612,2024,3,Middle Tennessee,Mississippi,Dokter Entropy,0,no_match
19613,2024,3,Middle Tennessee,Mississippi,ESPN FPI,0,no_match
19614,2024,3,Middle Tennessee,Mississippi,FEI,0,no_match
19615,2024,3,Middle Tennessee,Mississippi,Harville,0,no_match
19616,2024,3,Middle Tennessee,Mississippi,JP+,0,no_match
19617,2024,3,Middle Tennessee,Mississippi,John Harris,0,no_match
19618,2024,3,Middle Tennessee,Mississippi,KFord,0,no_match
19619,2024,3,Middle Tennessee,Mississippi,Keeper,0,no_match
19620,2024,3,Middle Tennessee,Mississippi,Massey,0,no_match
19621,2024,3,Middle Tennessee,Mississippi,Matt Grissom,0,no_match
19622,2024,3,Middle Tennessee,Mississippi,Moore Ratings,0,no_match
19623,2024,3,Middle Tennessee,Mississippi,PiRate,0,no_match
19624,2024,3,Middle Tennessee,Mississippi,PiRate: Bias,0,no_match
19625,2024,3,Middle Tennessee,Mississippi,PiRate: Mean,0,no_match
19626,2024,3,Middle Tennessee,Mississippi,Power Rank,0,no_match
19627,2024,3,Middle Tennessee,Mississippi,Power Rank: Free,0,no_match
19628,2024,3,Middle Tennessee,Mississippi,Professor Sides,0,no_match
19629,2024,3,Middle Tennessee,Mississippi,Room44 Bets,0,no_match
19630,2024,3,Middle Tennessee,Mississippi,SP+,0,no_match
19631,2024,3,Middle Tennessee,Mississippi,Sagarin,0,no_match
19632,2024,3,Middle Tennessee,Mississippi,Sagarin: Golden,0,no_match
19633,2024,3,Middle Tennessee,Mississippi,Sagarin: Predictor,0,no_match
19634,2024,3,Middle Tennessee,Mississippi,Sagarin: Recent,0,no_match
19635,2024,3,Middle Tennessee,Mississippi,SportsLine,0,no_match
19636,2024,3,Middle Tennessee,Mississippi,TShoe Index,0,no_match
19637,2024,3,Middle Tennessee,Mississippi,TeamRankings,0,no_match
19638,2024,3,Middle Tennessee,Mississippi,Trent Sorensen,0,no_match
19639,2024,3,Middle Tennessee,Mississippi,Wilson Ratings,0,no_match
19640,2024,3,Northern Illinois,Notre Dame,Beta_Rank,0,no_match
19641,2024,3,Northern Illinois,Notre Dame,CBCR2: Power,0,no_match
19642,2024,3,Northern Illinois,Notre Dame,CFB Geek,0,no_match
19643,2024,3,Northern Illinois,Notre Dame,CFB Graphs,0,no_match
19644,2024,3,Northern Illinois,Notre Dame,CFB Victory,0,no_match
19645,2024,3,Northern Illinois,Notre Dame,Congrove,0,no_match
19646,2024,3,Northern Illinois,Notre Dame,DRatings,0,no_match
19647,2024,3,Northern Illinois,Notre Dame,Dokter Entropy,0,no_match
19648,2024,3,Northern Illinois,Notre Dame,ESPN FPI,0,no_match
19649,2024,3,Northern Illinois,Notre Dame,FEI,0,no_match
19650,2024,3,Northern Illinois,Notre Dame,Harville,0,no_match
19651,2024,3,Northern Illinois,Notre Dame,JP+,0,no_match
19652,2024,3,Northern Illinois,Notre Dame,John Harris,0,no_match
19653,2024,3,Northern Illinois,Notre Dame,KFord,0,no_match
19654,2024,3,Northern Illinois,Notre Dame,Keeper,0,no_match
19655,2024,3,Northern Illinois,Notre Dame,Massey,0,no_match
19656,2024,3,Northern Illinois,Notre Dame,Matt Grissom,0,no_match
19657,2024,3,Northern Illinois,Notre Dame,Moore Ratings,0,no_match
19658,2024,3,Northern Illinois,Notre Dame,PiRate,0,no_match
19659,2024,3,Northern Illinois,Notre Dame,PiRate: Bias,0,no_match
19660,2024,3,Northern Illinois,Notre Dame,PiRate: Mean,0,no_match
19661,2024,3,Northern Illinois,Notre Dame,Power Rank,0,no_match
19662,2024,3,Northern Illinois,Notre Dame,Power Rank: Free,0,no_match
19663,2024,3,Northern Illinois,Notre Dame,Professor Sides,0,no_match
19664,2024,3,Northern Illinois,Notre Dame,Room44 Bets,0,no_match
19665,2024,3,Northern Illinois,Notre Dame,SP+,0,no_match
19666,2024,3,Northern Illinois,Notre Dame,Sagarin,0,no_match
19667,2024,3,Northern Illinois,Notre Dame,Sagarin: Golden,0,no_match
19668,2024,3,Northern Illinois,Notre Dame,Sagarin: Predictor,0,no_match
19669,2024,3,Northern Illinois,Notre Dame,Sagarin: Recent,0,no_match
19670,2024,3,Northern Illinois,Notre Dame,SportsLine,0,no_match
19671,2024,3,Northern Illinois,Notre Dame,TShoe Index,0,no_match
19672,2024,3,Northern Illinois,Notre Dame,TeamRankings,0,no_match
19673,2024,3,Northern Illinois,Notre Dame,Trent Sorensen,0,no_match
19674,2024,3,Northern Illinois,Notre Dame,Wilson Ratings,0,no_match
19710,2024,3,Sam Houston,UCF,Beta_Rank,0,no_match
19711,2024,3,Sam Houston,UCF,CBCR2: Power,0,no_match
19712,2024,3,Sam Houston,UCF,CFB Geek,0,no_match
19713,2024,3,Sam Houston,UCF,CFB Graphs,0,no_match
19714,2024,3,Sam Houston,UCF,CFB Victory,0,no_match
19715,2024,3,Sam Houston,UCF,Congrove,0,no_match
19716,2024,3,Sam Houston,UCF,DRatings,0,no_match
19717,2024,3,Sam Houston,UCF,Dokter Entropy,0,no_match
19718,2024,3,Sam Houston,UCF,ESPN FPI,0,no_match
19719,2024,3,Sam Houston,UCF,FEI,0,no_match
19720,2024,3,Sam Houston,UCF,Harville,0,no_match
19721,2024,3,Sam Houston,UCF,JP+,0,no_match
19722,2024,3,Sam Houston,UCF,John Harris,0,no_match
19723,2024,3,Sam Houston,UCF,KFord,0,no_match
19724,2024,3,Sam Houston,UCF,Keeper,0,no_match
19725,2024,3,Sam Houston,UCF,Massey,0,no_match
19726,2024,3,Sam Houston,UCF,Matt Grissom,0,no_match
19727,2024,3,Sam Houston,UCF,Moore Ratings,0,no_match
19728,2024,3,Sam Houston,UCF,PiRate,0,no_match
19729,2024,3,Sam Houston,UCF,PiRate: Bias,0,no_match
19730,2024,3,Sam Houston,UCF,PiRate: Mean,0,no_match
19731,2024,3,Sam Houston,UCF,Power Rank,0,no_match
19732,2024,3,Sam Houston,UCF,Power Rank: Free,0,no_match
19733,2024,3,Sam Houston,UCF,Professor Sides,0,no_match
19734,2024,3,Sam Houston,UCF,Room44 Bets,0,no_match
19735,2024,3,Sam Houston,UCF,SP+,0,no_match
19736,2024,3,Sam Houston,UCF,Sagarin,0,no_match
19737,2024,3,Sam Houston,UCF,Sagarin: Golden,0,no_match
19738,2024,3,Sam Houston,UCF,Sagarin: Predictor,0,no_match
19739,2024,3,Sam Houston,UCF,Sagarin: Recent,0,no_match
19740,2024,3,Sam Houston,UCF,SportsLine,0,no_match
19741,2024,3,Sam Houston,UCF,TShoe Index,0,no_match
19742,2024,3,Sam Houston,UCF,TeamRankings,0,no_match
19743,2024,3,Sam Houston,UCF,Trent Sorensen,0,no_match
19744,2024,3,Sam Houston,UCF,Wilson Ratings,0,no_match
19955,2024,3,Troy,Memphis,Beta_Rank,0,no_match
19956,2024,3,Troy,Memphis,CBCR2: Power,0,no_match
19957,2024,3,Troy,Memphis,CFB Geek,0,no_match
19958,2024,3,Troy,Memphis,CFB Graphs,0,no_match
19959,2024,3,Troy,Memphis,CFB Victory,0,no_match
19960,2024,3,Troy,Memphis,Congrove,0,no_match
19961,2024,3,Troy,Memphis,DRatings,0,no_match
19962,2024,3,Troy,Memphis,Dokter Entropy,0,no_match
19963,2024,3,Troy,Memphis,ESPN FPI,0,no_match
19964,2024,3,Troy,Memphis,FEI,0,no_match
19965,2024,3,Troy,Memphis,Harville,0,no_match
19966,2024,3,Troy,Memphis,JP+,0,no_match
19967,2024,3,Troy,Memphis,John Harris,0,no_match
19968,2024,3,Troy,Memphis,KFord,0,no_match
19969,2024,3,Troy,Memphis,Keeper,0,no_match
19970,2024,3,Troy,Memphis,Massey,0,no_match
19971,2024,3,Troy,Memphis,Matt Grissom,0,no_match
19972,2024,3,Troy,Memphis,Moore Ratings,0,no_match
19973,2024,3,Troy,Memphis,PiRate,0,no_match
19974,2024,3,Troy,Memphis,PiRate: Bias,0,no_match
19975,2024,3,Troy,Memphis,PiRate: Mean,0,no_match
19976,2024,3,Troy,Memphis,Power Rank,0,no_match
19977,2024,3,Troy,Memphis,Power Rank: Free,0,no_match
19978,2024,3,Troy,Memphis,Professor Sides,0,no_match
19979,2024,3,Troy,Memphis,Room44 Bets,0,no_match
19980,2024,3,Troy,Memphis,SP+,0,no_match
19981,2024,3,Troy,Memphis,Sagarin,0,no_match
19982,2024,3,Troy,Memphis,Sagarin: Golden,0,no_match
19983,2024,3,Troy,Memphis,Sagarin: Predictor,0,no_match
19984,2024,3,Troy,Memphis,Sagarin: Recent,0,no_match
19985,2024,3,Troy,Memphis,SportsLine,0,no_match
19986,2024,3,Troy,Memphis,TShoe Index,0,no_match
19987,2024,3,Troy,Memphis,TeamRankings,0,no_match
19988,2024,3,Troy,Memphis,Trent Sorensen,0,no_match
19989,2024,3,Troy,Memphis,Wilson Ratings,0,no_match
20201,2024,4,Ball State,Miami,Beta_Rank,0,no_match
20202,2024,4,Ball State,Miami,CBCR2: Power,0,no_match
20203,2024,4,Ball State,Miami,CFB Geek,0,no_match
20204,2024,4,Ball State,Miami,CFB Graphs,0,no_match
20205,2024,4,Ball State,Miami,CFB Victory,0,no_match
20206,2024,4,Ball State,Miami,Congrove,0,no_match
20207,2024,4,Ball State,Miami,DRatings,0,no_match
20208,2024,4,Ball State,Miami,Dokter Entropy,0,no_match
20209,2024,4,Ball State,Miami,ESPN FPI,0,no_match
20210,2024,4,Ball State,Miami,FEI,0,no_match
20211,2024,4,Ball State,Miami,Harville,0,no_match
20212,2024,4,Ball State,Miami,JP+,0,no_match
20213,2024,4,Ball State,Miami,John Harris,0,no_match
20214,2024,4,Ball State,Miami,KFord,0,no_match
20215,2024,4,Ball State,Miami,Keeper,0,no_match
20216,2024,4,Ball State,Miami,Massey,0,no_match
20217,2024,4,Ball State,Miami,Matt Grissom,0,no_match
20218,2024,4,Ball State,Miami,Moore Ratings,0,no_match
20219,2024,4,Ball State,Miami,PiRate,0,no_match
20220,2024,4,Ball State,Miami,PiRate: Bias,0,no_match
20221,2024,4,Ball State,Miami,PiRate: Mean,0,no_match
20222,2024,4,Ball State,Miami,Power Rank,0,no_match
20223,2024,4,Ball State,Miami,Power Rank: Free,0,no_match
20224,2024,4,Ball State,Miami,Professor Sides,0,no_match
20225,2024,4,Ball State,Miami,Room44 Bets,0,no_match
20226,2024,4,Ball State,Miami,SP+,0,no_match
20227,2024,4,Ball State,Miami,Sagarin,0,no_match
20228,2024,4,Ball State,Miami,Sagarin: Golden,0,no_match
20229,2024,4,Ball State,Miami,Sagarin: Predictor,0,no_match
20230,2024,4,Ball State,Miami,Sagarin: Recent,0,no_match
20231,2024,4,Ball State,Miami,SportsLine,0,no_match
20232,2024,4,Ball State,Miami,TShoe Index,0,no_match
20233,2024,4,Ball State,Miami,TeamRankings,0,no_match
20234,2024,4,Ball State,Miami,Trent Sorensen,0,no_match
20235,2024,4,Ball State,Miami,Wilson Ratings,0,no_match
20271,2024,4,Central Michigan,Illinois,Beta_Rank,0,no_match
20272,2024,4,Central Michigan,Illinois,CBCR2: Power,0,no_match
20273,2024,4,Central Michigan,Illinois,CFB Geek,0,no_match
20274,2024,4,Central Michigan,Illinois,CFB Graphs,0,no_match
20275,2024,4,Central Michigan,Illinois,CFB Victory,0,no_match
20276,2024,4,Central Michigan,Illinois,Congrove,0,no_match
20277,2024,4,Central Michigan,Illinois,DRatings,0,no_match
20278,2024,4,Central Michigan,Illinois,Dokter Entropy,0,no_match
20279,2024,4,Central Michigan,Illinois,ESPN FPI,0,no_match
20280,2024,4,Central Michigan,Illinois,FEI,0,no_match
20281,2024,4,Central Michigan,Illinois,Harville,0,no_match
20282,2024,4,Central Michigan,Illinois,JP+,0,no_match
20283,2024,4,Central Michigan,Illinois,John Harris,0,no_match
20284,2024,4,Central Michigan,Illinois,KFord,0,no_match
20285,2024,4,Central Michigan,Illinois,Keeper,0,no_match
20286,2024,4,Central Michigan,Illinois,Massey,0,no_match
20287,2024,4,Central Michigan,Illinois,Matt Grissom,0,no_match
20288,2024,4,Central Michigan,Illinois,Moore Ratings,0,no_match
20289,2024,4,Central Michigan,Illinois,PiRate,0,no_match
20290,2024,4,Central Michigan,Illinois,PiRate: Bias,0,no_match
20291,2024,4,Central Michigan,Illinois,PiRate: Mean,0,no_match
20292,2024,4,Central Michigan,Illinois,Power Rank,0,no_match
20293,2024,4,Central Michigan,Illinois,Power Rank: Free,0,no_match
20294,2024,4,Central Michigan,Illinois,Professor Sides,0,no_match
20295,2024,4,Central Michigan,Illinois,Room44 Bets,0,no_match
20296,2024,4,Central Michigan,Illinois,SP+,0,no_match
20297,2024,4,Central Michigan,Illinois,Sagarin,0,no_match
20298,2024,4,Central Michigan,Illinois,Sagarin: Golden,0,no_match
20299,2024,4,Central Michigan,Illinois,Sagarin: Predictor,0,no_match
20300,2024,4,Central Michigan,Illinois,Sagarin: Recent,0,no_match
20301,2024,4,Central Michigan,Illinois,SportsLine,0,no_match
20302,2024,4,Central Michigan,Illinois,TShoe Index,0,no_match
20303,2024,4,Central Michigan,Illinois,TeamRankings,0,no_match
20304,2024,4,Central Michigan,Illinois,Trent Sorensen,0,no_match
20305,2024,4,Central Michigan,Illinois,Wilson Ratings,0,no_match
20306,2024,4,Cincinnati,Miami OH,Beta_Rank,0,no_match
20307,2024,4,Cincinnati,Miami OH,CBCR2: Power,0,no_match
20308,2024,4,Cincinnati,Miami OH,CFB Geek,0,no_match
20309,2024,4,Cincinnati,Miami OH,CFB Graphs,0,no_match
20310,2024,4,Cincinnati,Miami OH,CFB Victory,0,no_match
20311,2024,4,Cincinnati,Miami OH,Congrove,0,no_match
20312,2024,4,Cincinnati,Miami OH,DRatings,0,no_match
20313,2024,4,Cincinnati,Miami OH,Dokter Entropy,0,no_match
20314,2024,4,Cincinnati,Miami OH,ESPN FPI,0,no_match
20315,2024,4,Cincinnati,Miami OH,FEI,0,no_match
20316,2024,4,Cincinnati,Miami OH,Harville,0,no_match
20317,2024,4,Cincinnati,Miami OH,JP+,0,no_match
20318,2024,4,Cincinnati,Miami OH,John Harris,0,no_match
20319,2024,4,Cincinnati,Miami OH,KFord,0,no_match
20320,2024,4,Cincinnati,Miami OH,Keeper,0,no_match
20321,2024,4,Cincinnati,Miami OH,Massey,0,no_match
20322,2024,4,Cincinnati,Miami OH,Matt Grissom,0,no_match
20323,2024,4,Cincinnati,Miami OH,Moore Ratings,0,no_match
20324,2024,4,Cincinnati,Miami OH,PiRate,0,no_match
20325,2024,4,Cincinnati,Miami OH,PiRate: Bias,0,no_match
20326,2024,4,Cincinnati,Miami OH,PiRate: Mean,0,no_match
20327,2024,4,Cincinnati,Miami OH,Power Rank,0,no_match
20328,2024,4,Cincinnati,Miami OH,Power Rank: Free,0,no_match
20329,2024,4,Cincinnati,Miami OH,Professor Sides,0,no_match
20330,2024,4,Cincinnati,Miami OH,Room44 Bets,0,no_match
20331,2024,4,Cincinnati,Miami OH,SP+,0,no_match
20332,2024,4,Cincinnati,Miami OH,Sagarin,0,no_match
20333,2024,4,Cincinnati,Miami OH,Sagarin: Golden,0,no_match
20334,2024,4,Cincinnati,Miami OH,Sagarin: Predictor,0,no_match
20335,2024,4,Cincinnati,Miami OH,Sagarin: Recent,0,no_match
20336,2024,4,Cincinnati,Miami OH,SportsLine,0,no_match
20337,2024,4,Cincinnati,Miami OH,TShoe Index,0,no_match
20338,2024,4,Cincinnati,Miami OH,TeamRankings,0,no_match
20339,2024,4,Cincinnati,Miami OH,Trent Sorensen,0,no_match
20340,2024,4,Cincinnati,Miami OH,Wilson Ratings,0,no_match
20411,2024,4,Florida International,Florida Atlantic,Beta_Rank,0,no_match
20412,2024,4,Florida International,Florida Atlantic,CBCR2: Power,0,no_match
20413,2024,4,Florida International,Florida Atlantic,CFB Geek,0,no_match
20414,2024,4,Florida International,Florida Atlantic,CFB Graphs,0,no_match
20415,2024,4,Florida International,Florida Atlantic,CFB Victory,0,no_match
20416,2024,4,Florida International,Florida Atlantic,Congrove,0,no_match
20417,2024,4,Florida International,Florida Atlantic,DRatings,0,no_match
20418,2024,4,Florida International,Florida Atlantic,Dokter Entropy,0,no_match
20419,2024,4,Florida International,Florida Atlantic,ESPN FPI,0,no_match
20420,2024,4,Florida International,Florida Atlantic,FEI,0,no_match
20421,2024,4,Florida International,Florida Atlantic,Harville,0,no_match
20422,2024,4,Florida International,Florida Atlantic,JP+,0,no_match
20423,2024,4,Florida International,Florida Atlantic,John Harris,0,no_match
20424,2024,4,Florida International,Florida Atlantic,KFord,0,no_match
20425,2024,4,Florida International,Florida Atlantic,Keeper,0,no_match
20426,2024,4,Florida International,Florida Atlantic,Massey,0,no_match
20427,2024,4,Florida International,Florida Atlantic,Matt Grissom,0,no_match
20428,2024,4,Florida International,Florida Atlantic,Moore Ratings,0,no_match
20429,2024,4,Florida International,Florida Atlantic,PiRate,0,no_match
20430,2024,4,Florida International,Florida Atlantic,PiRate: Bias,0,no_match
20431,2024,4,Florida International,Florida Atlantic,PiRate: Mean,0,no_match
20432,2024,4,Florida International,Florida Atlantic,Power Rank,0,no_match
20433,2024,4,Florida International,Florida Atlantic,Power Rank: Free,0,no_match
20434,2024,4,Florida International,Florida Atlantic,Professor Sides,0,no_match
20435,2024,4,Florida International,Florida Atlantic,Room44 Bets,0,no_match
20436,2024,4,Florida International,Florida Atlantic,SP+,0,no_match
20437,2024,4,Florida International,Florida Atlantic,Sagarin,0,no_match
20438,2024,4,Florida International,Florida Atlantic,Sagarin: Golden,0,no_match
20439,2024,4,Florida International,Florida Atlantic,Sagarin: Predictor,0,no_match
20440,2024,4,Florida International,Florida Atlantic,Sagarin: Recent,0,no_match
20441,2024,4,Florida International,Florida Atlantic,SportsLine,0,no_match
20442,2024,4,Florida International,Florida Atlantic,TShoe Index,0,no_match
20443,2024,4,Florida International,Florida Atlantic,TeamRankings,0,no_match
20444,2024,4,Florida International,Florida Atlantic,Trent Sorensen,0,no_match
20445,2024,4,Florida International,Florida Atlantic,Wilson Ratings,0,no_match
20446,2024,4,Hawaii,Sam Houston,Beta_Rank,0,no_match
20447,2024,4,Hawaii,Sam Houston,CBCR2: Power,0,no_match
20448,2024,4,Hawaii,Sam Houston,CFB Geek,0,no_match
20449,2024,4,Hawaii,Sam Houston,CFB Graphs,0,no_match
20450,2024,4,Hawaii,Sam Houston,CFB Victory,0,no_match
20451,2024,4,Hawaii,Sam Houston,Congrove,0,no_match
20452,2024,4,Hawaii,Sam Houston,DRatings,0,no_match
20453,2024,4,Hawaii,Sam Houston,Dokter Entropy,0,no_match
20454,2024,4,Hawaii,Sam Houston,ESPN FPI,0,no_match
20455,2024,4,Hawaii,Sam Houston,FEI,0,no_match
20456,2024,4,Hawaii,Sam Houston,Harville,0,no_match
20457,2024,4,Hawaii,Sam Houston,JP+,0,no_match
20458,2024,4,Hawaii,Sam Houston,John Harris,0,no_match
20459,2024,4,Hawaii,Sam Houston,KFord,0,no_match
20460,2024,4,Hawaii,Sam Houston,Keeper,0,no_match
20461,2024,4,Hawaii,Sam Houston,Massey,0,no_match
20462,2024,4,Hawaii,Sam Houston,Matt Grissom,0,no_match
20463,2024,4,Hawaii,Sam Houston,Moore Ratings,0,no_match
20464,2024,4,Hawaii,Sam Houston,PiRate,0,no_match
20465,2024,4,Hawaii,Sam Houston,PiRate: Bias,0,no_match
20466,2024,4,Hawaii,Sam Houston,PiRate: Mean,0,no_match
20467,2024,4,Hawaii,Sam Houston,Power Rank,0,no_match
20468,2024,4,Hawaii,Sam Houston,Power Rank: Free,0,no_match
20469,2024,4,Hawaii,Sam Houston,Professor Sides,0,no_match
20470,2024,4,Hawaii,Sam Houston,Room44 Bets,0,no_match
20471,2024,4,Hawaii,Sam Houston,SP+,0,no_match
20472,2024,4,Hawaii,Sam Houston,Sagarin,0,no_match
20473,2024,4,Hawaii,Sam Houston,Sagarin: Golden,0,no_match
20474,2024,4,Hawaii,Sam Houston,Sagarin: Predictor,0,no_match
20475,2024,4,Hawaii,Sam Houston,Sagarin: Recent,0,no_match
20476,2024,4,Hawaii,Sam Houston,SportsLine,0,no_match
20477,2024,4,Hawaii,Sam Houston,TShoe Index,0,no_match
20478,2024,4,Hawaii,Sam Houston,TeamRankings,0,no_match
20479,2024,4,Hawaii,Sam Houston,Trent Sorensen,0,no_match
20480,2024,4,Hawaii,Sam Houston,Wilson Ratings,0,no_match
20481,2024,4,Jacksonville State,Eastern Michigan,Beta_Rank,0,no_match
20482,2024,4,Jacksonville State,Eastern Michigan,CBCR2: Power,0,no_match
20483,2024,4,Jacksonville State,Eastern Michigan,CFB Geek,0,no_match
20484,2024,4,Jacksonville State,Eastern Michigan,CFB Graphs,0,no_match
20485,2024,4,Jacksonville State,Eastern Michigan,CFB Victory,0,no_match
20486,2024,4,Jacksonville State,Eastern Michigan,Congrove,0,no_match
20487,2024,4,Jacksonville State,Eastern Michigan,DRatings,0,no_match
20488,2024,4,Jacksonville State,Eastern Michigan,Dokter Entropy,0,no_match
20489,2024,4,Jacksonville State,Eastern Michigan,ESPN FPI,0,no_match
20490,2024,4,Jacksonville State,Eastern Michigan,FEI,0,no_match
20491,2024,4,Jacksonville State,Eastern Michigan,Harville,0,no_match
20492,2024,4,Jacksonville State,Eastern Michigan,JP+,0,no_match
20493,2024,4,Jacksonville State,Eastern Michigan,John Harris,0,no_match
20494,2024,4,Jacksonville State,Eastern Michigan,KFord,0,no_match
20495,2024,4,Jacksonville State,Eastern Michigan,Keeper,0,no_match
20496,2024,4,Jacksonville State,Eastern Michigan,Massey,0,no_match
20497,2024,4,Jacksonville State,Eastern Michigan,Matt Grissom,0,no_match
20498,2024,4,Jacksonville State,Eastern Michigan,Moore Ratings,0,no_match
20499,2024,4,Jacksonville State,Eastern Michigan,PiRate,0,no_match
20500,2024,4,Jacksonville State,Eastern Michigan,PiRate: Bias,0,no_match
20501,2024,4,Jacksonville State,Eastern Michigan,PiRate: Mean,0,no_match
20502,2024,4,Jacksonville State,Eastern Michigan,Power Rank,0,no_match
20503,2024,4,Jacksonville State,Eastern Michigan,Power Rank: Free,0,no_match
20504,2024,4,Jacksonville State,Eastern Michigan,Professor Sides,0,no_match
20505,2024,4,Jacksonville State,Eastern Michigan,Room44 Bets,0,no_match
20506,2024,4,Jacksonville State,Eastern Michigan,SP+,0,no_match
20507,2024,4,Jacksonville State,Eastern Michigan,Sagarin,0,no_match
20508,2024,4,Jacksonville State,Eastern Michigan,Sagarin: Golden,0,no_match
20509,2024,4,Jacksonville State,Eastern Michigan,Sagarin: Predictor,0,no_match
20510,2024,4,Jacksonville State,Eastern Michigan,Sagarin: Recent,0,no_match
20511,2024,4,Jacksonville State,Eastern Michigan,SportsLine,0,no_match
20512,2024,4,Jacksonville State,Eastern Michigan,TShoe Index,0,no_match
20513,2024,4,Jacksonville State,Eastern Michigan,TeamRankings,0,no_match
20514,2024,4,Jacksonville State,Eastern Michigan,Trent Sorensen,0,no_match
20515,2024,4,Jacksonville State,Eastern Michigan,Wilson Ratings,0,no_match
20936,2024,4,Troy,Iowa,Beta_Rank,0,no_match
20937,2024,4,Troy,Iowa,CBCR2: Power,0,no_match
20938,2024,4,Troy,Iowa,CFB Geek,0,no_match
20939,2024,4,Troy,Iowa,CFB Graphs,0,no_match
20940,2024,4,Troy,Iowa,CFB Victory,0,no_match
20941,2024,4,Troy,Iowa,Congrove,0,no_match
20942,2024,4,Troy,Iowa,DRatings,0,no_match
20943,2024,4,Troy,Iowa,Dokter Entropy,0,no_match
20944,2024,4,Troy,Iowa,ESPN FPI,0,no_match
20945,2024,4,Troy,Iowa,FEI,0,no_match
20946,2024,4,Troy,Iowa,Harville,0,no_match
20947,2024,4,Troy,Iowa,JP+,0,no_match
20948,2024,4,Troy,Iowa,John Harris,0,no_match
20949,2024,4,Troy,Iowa,KFord,0,no_match
20950,2024,4,Troy,Iowa,Keeper,0,no_match
20951,2024,4,Troy,Iowa,Massey,0,no_match
20952,2024,4,Troy,Iowa,Matt Grissom,0,no_match
20953,2024,4,Troy,Iowa,Moore Ratings,0,no_match
20954,2024,4,Troy,Iowa,PiRate,0,no_match
20955,2024,4,Troy,Iowa,PiRate: Bias,0,no_match
20956,2024,4,Troy,Iowa,PiRate: Mean,0,no_match
20957,2024,4,Troy,Iowa,Power Rank,0,no_match
20958,2024,4,Troy,Iowa,Power Rank: Free,0,no_match
20959,2024,4,Troy,Iowa,Professor Sides,0,no_match
20960,2024,4,Troy,Iowa,Room44 Bets,0,no_match
20961,2024,4,Troy,Iowa,SP+,0,no_match
20962,2024,4,Troy,Iowa,Sagarin,0,no_match
20963,2024,4,Troy,Iowa,Sagarin: Golden,0,no_match
20964,2024,4,Troy,Iowa,Sagarin: Predictor,0,no_match
20965,2024,4,Troy,Iowa,Sagarin: Recent,0,no_match
20966,2024,4,Troy,Iowa,SportsLine,0,no_match
20967,2024,4,Troy,Iowa,TShoe Index,0,no_match
20968,2024,4,Troy,Iowa,TeamRankings,0,no_match
20969,2024,4,Troy,Iowa,Trent Sorensen,0,no_match
20970,2024,4,Troy,Iowa,Wilson Ratings,0,no_match
21216,2024,4,West Virginia,Pittsburgh,Beta_Rank,0,no_match
21217,2024,4,West Virginia,Pittsburgh,CBCR2: Power,0,no_match
21218,2024,4,West Virginia,Pittsburgh,CFB Geek,0,no_match
21219,2024,4,West Virginia,Pittsburgh,CFB Graphs,0,no_match
21220,2024,4,West Virginia,Pittsburgh,CFB Victory,0,no_match
21221,2024,4,West Virginia,Pittsburgh,Congrove,0,no_match
21222,2024,4,West Virginia,Pittsburgh,DRatings,0,no_match
21223,2024,4,West Virginia,Pittsburgh,Dokter Entropy,0,no_match
21224,2024,4,West Virginia,Pittsburgh,ESPN FPI,0,no_match
21225,2024,4,West Virginia,Pittsburgh,FEI,0,no_match
21226,2024,4,West Virginia,Pittsburgh,Harville,0,no_match
21227,2024,4,West Virginia,Pittsburgh,JP+,0,no_match
21228,2024,4,West Virginia,Pittsburgh,John Harris,0,no_match
21229,2024,4,West Virginia,Pittsburgh,KFord,0,no_match
21230,2024,4,West Virginia,Pittsburgh,Keeper,0,no_match
21231,2024,4,West Virginia,Pittsburgh,Massey,0,no_match
21232,2024,4,West Virginia,Pittsburgh,Matt Grissom,0,no_match
21233,2024,4,West Virginia,Pittsburgh,Moore Ratings,0,no_match
21234,2024,4,West Virginia,Pittsburgh,PiRate,0,no_match
21235,2024,4,West Virginia,Pittsburgh,PiRate: Bias,0,no_match
21236,2024,4,West Virginia,Pittsburgh,PiRate: Mean,0,no_match
21237,2024,4,West Virginia,Pittsburgh,Power Rank,0,no_match
21238,2024,4,West Virginia,Pittsburgh,Power Rank: Free,0,no_match
21239,2024,4,West Virginia,Pittsburgh,Professor Sides,0,no_match
21240,2024,4,West Virginia,Pittsburgh,Room44 Bets,0,no_match
21241,2024,4,West Virginia,Pittsburgh,SP+,0,no_match
21242,2024,4,West Virginia,Pittsburgh,Sagarin,0,no_match
21243,2024,4,West Virginia,Pittsburgh,Sagarin: Golden,0,no_match
21244,2024,4,West Virginia,Pittsburgh,Sagarin: Predictor,0,no_match
21245,2024,4,West Virginia,Pittsburgh,Sagarin: Recent,0,no_match
21246,2024,4,West Virginia,Pittsburgh,SportsLine,0,no_match
21247,2024,4,West Virginia,Pittsburgh,TShoe Index,0,no_match
21248,2024,4,West Virginia,Pittsburgh,TeamRankings,0,no_match
21249,2024,4,West Virginia,Pittsburgh,Trent Sorensen,0,no_match
21250,2024,4,West Virginia,Pittsburgh,Wilson Ratings,0,no_match
21356,2024,5,Ball State,Central Michigan,Beta_Rank,0,no_match
21357,2024,5,Ball State,Central Michigan,CBCR2: Power,0,no_match
21358,2024,5,Ball State,Central Michigan,CFB Geek,0,no_match
21359,2024,5,Ball State,Central Michigan,CFB Graphs,0,no_match
21360,2024,5,Ball State,Central Michigan,CFB Victory,0,no_match
21361,2024,5,Ball State,Central Michigan,Congrove,0,no_match
21362,2024,5,Ball State,Central Michigan,DRatings,0,no_match
21363,2024,5,Ball State,Central Michigan,Dokter Entropy,0,no_match
21364,2024,5,Ball State,Central Michigan,ESPN FPI,0,no_match
21365,2024,5,Ball State,Central Michigan,FEI,0,no_match
21366,2024,5,Ball State,Central Michigan,Harville,0,no_match
21367,2024,5,Ball State,Central Michigan,JP+,0,no_match
21368,2024,5,Ball State,Central Michigan,John Harris,0,no_match
21369,2024,5,Ball State,Central Michigan,KFord,0,no_match
21370,2024,5,Ball State,Central Michigan,Keeper,0,no_match
21371,2024,5,Ball State,Central Michigan,Massey,0,no_match
21372,2024,5,Ball State,Central Michigan,Matt Grissom,0,no_match
21373,2024,5,Ball State,Central Michigan,Moore Ratings,0,no_match
21374,2024,5,Ball State,Central Michigan,PiRate,0,no_match
21375,2024,5,Ball State,Central Michigan,PiRate: Bias,0,no_match
21376,2024,5,Ball State,Central Michigan,PiRate: Mean,0,no_match
21377,2024,5,Ball State,Central Michigan,Power Rank,0,no_match
21378,2024,5,Ball State,Central Michigan,Power Rank: Free,0,no_match
21379,2024,5,Ball State,Central Michigan,Professor Sides,0,no_match
21380,2024,5,Ball State,Central Michigan,Room44 Bets,0,no_match
21381,2024,5,Ball State,Central Michigan,SP+,0,no_match
21382,2024,5,Ball State,Central Michigan,Sagarin,0,no_match
21383,2024,5,Ball State,Central Michigan,Sagarin: Golden,0,no_match
21384,2024,5,Ball State,Central Michigan,Sagarin: Predictor,0,no_match
21385,2024,5,Ball State,Central Michigan,Sagarin: Recent,0,no_match
21386,2024,5,Ball State,Central Michigan,SportsLine,0,no_match
21387,2024,5,Ball State,Central Michigan,TShoe Index,0,no_match
21388,2024,5,Ball State,Central Michigan,TeamRankings,0,no_match
21389,2024,5,Ball State,Central Michigan,Trent Sorensen,0,no_match
21390,2024,5,Ball State,Central Michigan,Wilson Ratings,0,no_match
21391,2024,5,Buffalo,Northern Illinois,Beta_Rank,0,no_match
21392,2024,5,Buffalo,Northern Illinois,CBCR2: Power,0,no_match
21393,2024,5,Buffalo,Northern Illinois,CFB Geek,0,no_match
21394,2024,5,Buffalo,Northern Illinois,CFB Graphs,0,no_match
21395,2024,5,Buffalo,Northern Illinois,CFB Victory,0,no_match
21396,2024,5,Buffalo,Northern Illinois,Congrove,0,no_match
21397,2024,5,Buffalo,Northern Illinois,DRatings,0,no_match
21398,2024,5,Buffalo,Northern Illinois,Dokter Entropy,0,no_match
21399,2024,5,Buffalo,Northern Illinois,ESPN FPI,0,no_match
21400,2024,5,Buffalo,Northern Illinois,FEI,0,no_match
21401,2024,5,Buffalo,Northern Illinois,Harville,0,no_match
21402,2024,5,Buffalo,Northern Illinois,JP+,0,no_match
21403,2024,5,Buffalo,Northern Illinois,John Harris,0,no_match
21404,2024,5,Buffalo,Northern Illinois,KFord,0,no_match
21405,2024,5,Buffalo,Northern Illinois,Keeper,0,no_match
21406,2024,5,Buffalo,Northern Illinois,Massey,0,no_match
21407,2024,5,Buffalo,Northern Illinois,Matt Grissom,0,no_match
21408,2024,5,Buffalo,Northern Illinois,Moore Ratings,0,no_match
21409,2024,5,Buffalo,Northern Illinois,PiRate,0,no_match
21410,2024,5,Buffalo,Northern Illinois,PiRate: Bias,0,no_match
21411,2024,5,Buffalo,Northern Illinois,PiRate: Mean,0,no_match
21412,2024,5,Buffalo,Northern Illinois,Power Rank,0,no_match
21413,2024,5,Buffalo,Northern Illinois,Power Rank: Free,0,no_match
21414,2024,5,Buffalo,Northern Illinois,Professor Sides,0,no_match
21415,2024,5,Buffalo,Northern Illinois,Room44 Bets,0,no_match
21416,2024,5,Buffalo,Northern Illinois,SP+,0,no_match
21417,2024,5,Buffalo,Northern Illinois,Sagarin,0,no_match
21418,2024,5,Buffalo,Northern Illinois,Sagarin: Golden,0,no_match
21419,2024,5,Buffalo,Northern Illinois,Sagarin: Predictor,0,no_match
21420,2024,5,Buffalo,Northern Illinois,Sagarin: Recent,0,no_match
21421,2024,5,Buffalo,Northern Illinois,SportsLine,0,no_match
21422,2024,5,Buffalo,Northern Illinois,TShoe Index,0,no_match
21423,2024,5,Buffalo,Northern Illinois,TeamRankings,0,no_match
21424,2024,5,Buffalo,Northern Illinois,Trent Sorensen,0,no_match
21425,2024,5,Buffalo,Northern Illinois,Wilson Ratings,0,no_match
21461,2024,5,Duke,Middle Tennessee,Beta_Rank,0,no_match
21462,2024,5,Duke,Middle Tennessee,CBCR2: Power,0,no_match
21463,2024,5,Duke,Middle Tennessee,CFB Geek,0,no_match
21464,2024,5,Duke,Middle Tennessee,CFB Graphs,0,no_match
21465,2024,5,Duke,Middle Tennessee,CFB Victory,0,no_match
21466,2024,5,Duke,Middle Tennessee,Congrove,0,no_match
21467,2024,5,Duke,Middle Tennessee,DRatings,0,no_match
21468,2024,5,Duke,Middle Tennessee,Dokter Entropy,0,no_match
21469,2024,5,Duke,Middle Tennessee,ESPN FPI,0,no_match
21470,2024,5,Duke,Middle Tennessee,FEI,0,no_match
21471,2024,5,Duke,Middle Tennessee,Harville,0,no_match
21472,2024,5,Duke,Middle Tennessee,JP+,0,no_match
21473,2024,5,Duke,Middle Tennessee,John Harris,0,no_match
21474,2024,5,Duke,Middle Tennessee,KFord,0,no_match
21475,2024,5,Duke,Middle Tennessee,Keeper,0,no_match
21476,2024,5,Duke,Middle Tennessee,Massey,0,no_match
21477,2024,5,Duke,Middle Tennessee,Matt Grissom,0,no_match
21478,2024,5,Duke,Middle Tennessee,Moore Ratings,0,no_match
21479,2024,5,Duke,Middle Tennessee,PiRate,0,no_match
21480,2024,5,Duke,Middle Tennessee,PiRate: Bias,0,no_match
21481,2024,5,Duke,Middle Tennessee,PiRate: Mean,0,no_match
21482,2024,5,Duke,Middle Tennessee,Power Rank,0,no_match
21483,2024,5,Duke,Middle Tennessee,Power Rank: Free,0,no_match
21484,2024,5,Duke,Middle Tennessee,Professor Sides,0,no_match
21485,2024,5,Duke,Middle Tennessee,Room44 Bets,0,no_match
21486,2024,5,Duke,Middle Tennessee,SP+,0,no_match
21487,2024,5,Duke,Middle Tennessee,Sagarin,0,no_match
21488,2024,5,Duke,Middle Tennessee,Sagarin: Golden,0,no_match
21489,2024,5,Duke,Middle Tennessee,Sagarin: Predictor,0,no_match
21490,2024,5,Duke,Middle Tennessee,Sagarin: Recent,0,no_match
21491,2024,5,Duke,Middle Tennessee,SportsLine,0,no_match
21492,2024,5,Duke,Middle Tennessee,TShoe Index,0,no_match
21493,2024,5,Duke,Middle Tennessee,TeamRankings,0,no_match
21494,2024,5,Duke,Middle Tennessee,Trent Sorensen,0,no_match
21495,2024,5,Duke,Middle Tennessee,Wilson Ratings,0,no_match
21706,2024,5,Kansas,West Virginia,Beta_Rank,0,no_match
21707,2024,5,Kansas,West Virginia,CBCR2: Power,0,no_match
21708,2024,5,Kansas,West Virginia,CFB Geek,0,no_match
21709,2024,5,Kansas,West Virginia,CFB Graphs,0,no_match
21710,2024,5,Kansas,West Virginia,CFB Victory,0,no_match
21711,2024,5,Kansas,West Virginia,Congrove,0,no_match
21712,2024,5,Kansas,West Virginia,DRatings,0,no_match
21713,2024,5,Kansas,West Virginia,Dokter Entropy,0,no_match
21714,2024,5,Kansas,West Virginia,ESPN FPI,0,no_match
21715,2024,5,Kansas,West Virginia,FEI,0,no_match
21716,2024,5,Kansas,West Virginia,Harville,0,no_match
21717,2024,5,Kansas,West Virginia,JP+,0,no_match
21718,2024,5,Kansas,West Virginia,John Harris,0,no_match
21719,2024,5,Kansas,West Virginia,KFord,0,no_match
21720,2024,5,Kansas,West Virginia,Keeper,0,no_match
21721,2024,5,Kansas,West Virginia,Massey,0,no_match
21722,2024,5,Kansas,West Virginia,Matt Grissom,0,no_match
21723,2024,5,Kansas,West Virginia,Moore Ratings,0,no_match
21724,2024,5,Kansas,West Virginia,PiRate,0,no_match
21725,2024,5,Kansas,West Virginia,PiRate: Bias,0,no_match
21726,2024,5,Kansas,West Virginia,PiRate: Mean,0,no_match
21727,2024,5,Kansas,West Virginia,Power Rank,0,no_match
21728,2024,5,Kansas,West Virginia,Power Rank: Free,0,no_match
21729,2024,5,Kansas,West Virginia,Professor Sides,0,no_match
21730,2024,5,Kansas,West Virginia,Room44 Bets,0,no_match
21731,2024,5,Kansas,West Virginia,SP+,0,no_match
21732,2024,5,Kansas,West Virginia,Sagarin,0,no_match
21733,2024,5,Kansas,West Virginia,Sagarin: Golden,0,no_match
21734,2024,5,Kansas,West Virginia,Sagarin: Predictor,0,no_match
21735,2024,5,Kansas,West Virginia,Sagarin: Recent,0,no_match
21736,2024,5,Kansas,West Virginia,SportsLine,0,no_match
21737,2024,5,Kansas,West Virginia,TShoe Index,0,no_match
21738,2024,5,Kansas,West Virginia,TeamRankings,0,no_match
21739,2024,5,Kansas,West Virginia,Trent Sorensen,0,no_match
21740,2024,5,Kansas,West Virginia,Wilson Ratings,0,no_match
21741,2024,5,Kent State,Penn State,Beta_Rank,0,no_match
21742,2024,5,Kent State,Penn State,CBCR2: Power,0,no_match
21743,2024,5,Kent State,Penn State,CFB Geek,0,no_match
21744,2024,5,Kent State,Penn State,CFB Graphs,0,no_match
21745,2024,5,Kent State,Penn State,CFB Victory,0,no_match
21746,2024,5,Kent State,Penn State,Congrove,0,no_match
21747,2024,5,Kent State,Penn State,DRatings,0,no_match
21748,2024,5,Kent State,Penn State,Dokter Entropy,0,no_match
21749,2024,5,Kent State,Penn State,ESPN FPI,0,no_match
21750,2024,5,Kent State,Penn State,FEI,0,no_match
21751,2024,5,Kent State,Penn State,Harville,0,no_match
21752,2024,5,Kent State,Penn State,JP+,0,no_match
21753,2024,5,Kent State,Penn State,John Harris,0,no_match
21754,2024,5,Kent State,Penn State,KFord,0,no_match
21755,2024,5,Kent State,Penn State,Keeper,0,no_match
21756,2024,5,Kent State,Penn State,Massey,0,no_match
21757,2024,5,Kent State,Penn State,Matt Grissom,0,no_match
21758,2024,5,Kent State,Penn State,Moore Ratings,0,no_match
21759,2024,5,Kent State,Penn State,PiRate,0,no_match
21760,2024,5,Kent State,Penn State,PiRate: Bias,0,no_match
21761,2024,5,Kent State,Penn State,PiRate: Mean,0,no_match
21762,2024,5,Kent State,Penn State,Power Rank,0,no_match
21763,2024,5,Kent State,Penn State,Power Rank: Free,0,no_match
21764,2024,5,Kent State,Penn State,Professor Sides,0,no_match
21765,2024,5,Kent State,Penn State,Room44 Bets,0,no_match
21766,2024,5,Kent State,Penn State,SP+,0,no_match
21767,2024,5,Kent State,Penn State,Sagarin,0,no_match
21768,2024,5,Kent State,Penn State,Sagarin: Golden,0,no_match
21769,2024,5,Kent State,Penn State,Sagarin: Predictor,0,no_match
21770,2024,5,Kent State,Penn State,Sagarin: Recent,0,no_match
21771,2024,5,Kent State,Penn State,SportsLine,0,no_match
21772,2024,5,Kent State,Penn State,TShoe Index,0,no_match
21773,2024,5,Kent State,Penn State,TeamRankings,0,no_match
21774,2024,5,Kent State,Penn State,Trent Sorensen,0,no_match
21775,2024,5,Kent State,Penn State,Wilson Ratings,0,no_match
21846,2024,5,Miami OH,Notre Dame,Beta_Rank,0,no_match
21847,2024,5,Miami OH,Notre Dame,CBCR2: Power,0,no_match
21848,2024,5,Miami OH,Notre Dame,CFB Geek,0,no_match
21849,2024,5,Miami OH,Notre Dame,CFB Graphs,0,no_match
21850,2024,5,Miami OH,Notre Dame,CFB Victory,0,no_match
21851,2024,5,Miami OH,Notre Dame,Congrove,0,no_match
21852,2024,5,Miami OH,Notre Dame,DRatings,0,no_match
21853,2024,5,Miami OH,Notre Dame,Dokter Entropy,0,no_match
21854,2024,5,Miami OH,Notre Dame,ESPN FPI,0,no_match
21855,2024,5,Miami OH,Notre Dame,FEI,0,no_match
21856,2024,5,Miami OH,Notre Dame,Harville,0,no_match
21857,2024,5,Miami OH,Notre Dame,JP+,0,no_match
21858,2024,5,Miami OH,Notre Dame,John Harris,0,no_match
21859,2024,5,Miami OH,Notre Dame,KFord,0,no_match
21860,2024,5,Miami OH,Notre Dame,Keeper,0,no_match
21861,2024,5,Miami OH,Notre Dame,Massey,0,no_match
21862,2024,5,Miami OH,Notre Dame,Matt Grissom,0,no_match
21863,2024,5,Miami OH,Notre Dame,Moore Ratings,0,no_match
21864,2024,5,Miami OH,Notre Dame,PiRate,0,no_match
21865,2024,5,Miami OH,Notre Dame,PiRate: Bias,0,no_match
21866,2024,5,Miami OH,Notre Dame,PiRate: Mean,0,no_match
21867,2024,5,Miami OH,Notre Dame,Power Rank,0,no_match
21868,2024,5,Miami OH,Notre Dame,Power Rank: Free,0,no_match
21869,2024,5,Miami OH,Notre Dame,Professor Sides,0,no_match
21870,2024,5,Miami OH,Notre Dame,Room44 Bets,0,no_match
21871,2024,5,Miami OH,Notre Dame,SP+,0,no_match
21872,2024,5,Miami OH,Notre Dame,Sagarin,0,no_match
21873,2024,5,Miami OH,Notre Dame,Sagarin: Golden,0,no_match
21874,2024,5,Miami OH,Notre Dame,Sagarin: Predictor,0,no_match
21875,2024,5,Miami OH,Notre Dame,Sagarin: Recent,0,no_match
21876,2024,5,Miami OH,Notre Dame,SportsLine,0,no_match
21877,2024,5,Miami OH,Notre Dame,TShoe Index,0,no_match
21878,2024,5,Miami OH,Notre Dame,TeamRankings,0,no_match
21879,2024,5,Miami OH,Notre Dame,Trent Sorensen,0,no_match
21880,2024,5,Miami OH,Notre Dame,Wilson Ratings,0,no_match
22091,2024,5,Southern Mississippi,Jacksonville State,Beta_Rank,0,no_match
22092,2024,5,Southern Mississippi,Jacksonville State,CBCR2: Power,0,no_match
22093,2024,5,Southern Mississippi,Jacksonville State,CFB Geek,0,no_match
22094,2024,5,Southern Mississippi,Jacksonville State,CFB Graphs,0,no_match
22095,2024,5,Southern Mississippi,Jacksonville State,CFB Victory,0,no_match
22096,2024,5,Southern Mississippi,Jacksonville State,Congrove,0,no_match
22097,2024,5,Southern Mississippi,Jacksonville State,DRatings,0,no_match
22098,2024,5,Southern Mississippi,Jacksonville State,Dokter Entropy,0,no_match
22099,2024,5,Southern Mississippi,Jacksonville State,ESPN FPI,0,no_match
22100,2024,5,Southern Mississippi,Jacksonville State,FEI,0,no_match
22101,2024,5,Southern Mississippi,Jacksonville State,Harville,0,no_match
22102,2024,5,Southern Mississippi,Jacksonville State,JP+,0,no_match
22103,2024,5,Southern Mississippi,Jacksonville State,John Harris,0,no_match
22104,2024,5,Southern Mississippi,Jacksonville State,KFord,0,no_match
22105,2024,5,Southern Mississippi,Jacksonville State,Keeper,0,no_match
22106,2024,5,Southern Mississippi,Jacksonville State,Massey,0,no_match
22107,2024,5,Southern Mississippi,Jacksonville State,Matt Grissom,0,no_match
22108,2024,5,Southern Mississippi,Jacksonville State,Moore Ratings,0,no_match
22109,2024,5,Southern Mississippi,Jacksonville State,PiRate,0,no_match
22110,2024,5,Southern Mississippi,Jacksonville State,PiRate: Bias,0,no_match
22111,2024,5,Southern Mississippi,Jacksonville State,PiRate: Mean,0,no_match
22112,2024,5,Southern Mississippi,Jacksonville State,Power Rank,0,no_match
22113,2024,5,Southern Mississippi,Jacksonville State,Power Rank: Free,0,no_match
22114,2024,5,Southern Mississippi,Jacksonville State,Professor Sides,0,no_match
22115,2024,5,Southern Mississippi,Jacksonville State,Room44 Bets,0,no_match
22116,2024,5,Southern Mississippi,Jacksonville State,SP+,0,no_match
22117,2024,5,Southern Mississippi,Jacksonville State,Sagarin,0,no_match
22118,2024,5,Southern Mississippi,Jacksonville State,Sagarin: Golden,0,no_match
22119,2024,5,Southern Mississippi,Jacksonville State,Sagarin: Predictor,0,no_match
22120,2024,5,Southern Mississippi,Jacksonville State,Sagarin: Recent,0,no_match
22121,2024,5,Southern Mississippi,Jacksonville State,SportsLine,0,no_match
22122,2024,5,Southern Mississippi,Jacksonville State,TShoe Index,0,no_match
22123,2024,5,Southern Mississippi,Jacksonville State,TeamRankings,0,no_match
22124,2024,5,Southern Mississippi,Jacksonville State,Trent Sorensen,0,no_match
22125,2024,5,Southern Mississippi,Jacksonville State,Wilson Ratings,0,no_match
22721,2024,6,Eastern Michigan,Kent State,Beta_Rank,0,no_match
22722,2024,6,Eastern Michigan,Kent State,CBCR2: Power,0,no_match
22723,2024,6,Eastern Michigan,Kent State,CFB Geek,0,no_match
22724,2024,6,Eastern Michigan,Kent State,CFB Graphs,0,no_match
22725,2024,6,Eastern Michigan,Kent State,CFB Victory,0,no_match
22726,2024,6,Eastern Michigan,Kent State,Congrove,0,no_match
22727,2024,6,Eastern Michigan,Kent State,DRatings,0,no_match
22728,2024,6,Eastern Michigan,Kent State,Dokter Entropy,0,no_match
22729,2024,6,Eastern Michigan,Kent State,ESPN FPI,0,no_match
22730,2024,6,Eastern Michigan,Kent State,FEI,0,no_match
22731,2024,6,Eastern Michigan,Kent State,Harville,0,no_match
22732,2024,6,Eastern Michigan,Kent State,JP+,0,no_match
22733,2024,6,Eastern Michigan,Kent State,John Harris,0,no_match
22734,2024,6,Eastern Michigan,Kent State,KFord,0,no_match
22735,2024,6,Eastern Michigan,Kent State,Keeper,0,no_match
22736,2024,6,Eastern Michigan,Kent State,Massey,0,no_match
22737,2024,6,Eastern Michigan,Kent State,Matt Grissom,0,no_match
22738,2024,6,Eastern Michigan,Kent State,Moore Ratings,0,no_match
22739,2024,6,Eastern Michigan,Kent State,PiRate,0,no_match
22740,2024,6,Eastern Michigan,Kent State,PiRate: Bias,0,no_match
22741,2024,6,Eastern Michigan,Kent State,PiRate: Mean,0,no_match
22742,2024,6,Eastern Michigan,Kent State,Power Rank,0,no_match
22743,2024,6,Eastern Michigan,Kent State,Power Rank: Free,0,no_match
22744,2024,6,Eastern Michigan,Kent State,Professor Sides,0,no_match
22745,2024,6,Eastern Michigan,Kent State,Room44 Bets,0,no_match
22746,2024,6,Eastern Michigan,Kent State,SP+,0,no_match
22747,2024,6,Eastern Michigan,Kent State,Sagarin,0,no_match
22748,2024,6,Eastern Michigan,Kent State,Sagarin: Golden,0,no_match
22749,2024,6,Eastern Michigan,Kent State,Sagarin: Predictor,0,no_match
22750,2024,6,Eastern Michigan,Kent State,Sagarin: Recent,0,no_match
22751,2024,6,Eastern Michigan,Kent State,SportsLine,0,no_match
22752,2024,6,Eastern Michigan,Kent State,TShoe Index,0,no_match
22753,2024,6,Eastern Michigan,Kent State,TeamRankings,0,no_match
22754,2024,6,Eastern Michigan,Kent State,Trent Sorensen,0,no_match
22755,2024,6,Eastern Michigan,Kent State,Wilson Ratings,0,no_match
22896,2024,6,Louisiana Tech,Florida International,Beta_Rank,0,no_match
22897,2024,6,Louisiana Tech,Florida International,CBCR2: Power,0,no_match
22898,2024,6,Louisiana Tech,Florida International,CFB Geek,0,no_match
22899,2024,6,Louisiana Tech,Florida International,CFB Graphs,0,no_match
22900,2024,6,Louisiana Tech,Florida International,CFB Victory,0,no_match
22901,2024,6,Louisiana Tech,Florida International,Congrove,0,no_match
22902,2024,6,Louisiana Tech,Florida International,DRatings,0,no_match
22903,2024,6,Louisiana Tech,Florida International,Dokter Entropy,0,no_match
22904,2024,6,Louisiana Tech,Florida International,ESPN FPI,0,no_match
22905,2024,6,Louisiana Tech,Florida International,FEI,0,no_match
22906,2024,6,Louisiana Tech,Florida International,Harville,0,no_match
22907,2024,6,Louisiana Tech,Florida International,JP+,0,no_match
22908,2024,6,Louisiana Tech,Florida International,John Harris,0,no_match
22909,2024,6,Louisiana Tech,Florida International,KFord,0,no_match
22910,2024,6,Louisiana Tech,Florida International,Keeper,0,no_match
22911,2024,6,Louisiana Tech,Florida International,Massey,0,no_match
22912,2024,6,Louisiana Tech,Florida International,Matt Grissom,0,no_match
22913,2024,6,Louisiana Tech,Florida International,Moore Ratings,0,no_match
22914,2024,6,Louisiana Tech,Florida International,PiRate,0,no_match
22915,2024,6,Louisiana Tech,Florida International,PiRate: Bias,0,no_match
22916,2024,6,Louisiana Tech,Florida International,PiRate: Mean,0,no_match
22917,2024,6,Louisiana Tech,Florida International,Power Rank,0,no_match
22918,2024,6,Louisiana Tech,Florida International,Power Rank: Free,0,no_match
22919,2024,6,Louisiana Tech,Florida International,Professor Sides,0,no_match
22920,2024,6,Louisiana Tech,Florida International,Room44 Bets,0,no_match
22921,2024,6,Louisiana Tech,Florida International,SP+,0,no_match
22922,2024,6,Louisiana Tech,Florida International,Sagarin,0,no_match
22923,2024,6,Louisiana Tech,Florida International,Sagarin: Golden,0,no_match
22924,2024,6,Louisiana Tech,Florida International,Sagarin: Predictor,0,no_match
22925,2024,6,Louisiana Tech,Florida International,Sagarin: Recent,0,no_match
22926,2024,6,Louisiana Tech,Florida International,SportsLine,0,no_match
22927,2024,6,Louisiana Tech,Florida International,TShoe Index,0,no_match
22928,2024,6,Louisiana Tech,Florida International,TeamRankings,0,no_match
22929,2024,6,Louisiana Tech,Florida International,Trent Sorensen,0,no_match
22930,2024,6,Louisiana Tech,Florida International,Wilson Ratings,0,no_match
23001,2024,6,Massachusetts,Miami OH,Beta_Rank,0,no_match
23002,2024,6,Massachusetts,Miami OH,CBCR2: Power,0,no_match
23003,2024,6,Massachusetts,Miami OH,CFB Geek,0,no_match
23004,2024,6,Massachusetts,Miami OH,CFB Graphs,0,no_match
23005,2024,6,Massachusetts,Miami OH,CFB Victory,0,no_match
23006,2024,6,Massachusetts,Miami OH,Congrove,0,no_match
23007,2024,6,Massachusetts,Miami OH,DRatings,0,no_match
23008,2024,6,Massachusetts,Miami OH,Dokter Entropy,0,no_match
23009,2024,6,Massachusetts,Miami OH,ESPN FPI,0,no_match
23010,2024,6,Massachusetts,Miami OH,FEI,0,no_match
23011,2024,6,Massachusetts,Miami OH,Harville,0,no_match
23012,2024,6,Massachusetts,Miami OH,JP+,0,no_match
23013,2024,6,Massachusetts,Miami OH,John Harris,0,no_match
23014,2024,6,Massachusetts,Miami OH,KFord,0,no_match
23015,2024,6,Massachusetts,Miami OH,Keeper,0,no_match
23016,2024,6,Massachusetts,Miami OH,Massey,0,no_match
23017,2024,6,Massachusetts,Miami OH,Matt Grissom,0,no_match
23018,2024,6,Massachusetts,Miami OH,Moore Ratings,0,no_match
23019,2024,6,Massachusetts,Miami OH,PiRate,0,no_match
23020,2024,6,Massachusetts,Miami OH,PiRate: Bias,0,no_match
23021,2024,6,Massachusetts,Miami OH,PiRate: Mean,0,no_match
23022,2024,6,Massachusetts,Miami OH,Power Rank,0,no_match
23023,2024,6,Massachusetts,Miami OH,Power Rank: Free,0,no_match
23024,2024,6,Massachusetts,Miami OH,Professor Sides,0,no_match
23025,2024,6,Massachusetts,Miami OH,Room44 Bets,0,no_match
23026,2024,6,Massachusetts,Miami OH,SP+,0,no_match
23027,2024,6,Massachusetts,Miami OH,Sagarin,0,no_match
23028,2024,6,Massachusetts,Miami OH,Sagarin: Golden,0,no_match
23029,2024,6,Massachusetts,Miami OH,Sagarin: Predictor,0,no_match
23030,2024,6,Massachusetts,Miami OH,Sagarin: Recent,0,no_match
23031,2024,6,Massachusetts,Miami OH,SportsLine,0,no_match
23032,2024,6,Massachusetts,Miami OH,TShoe Index,0,no_match
23033,2024,6,Massachusetts,Miami OH,TeamRankings,0,no_match
23034,2024,6,Massachusetts,Miami OH,Trent Sorensen,0,no_match
23035,2024,6,Massachusetts,Miami OH,Wilson Ratings,0,no_match
23211,2024,6,Northern Illinois,NC State,Beta_Rank,0,no_match
23212,2024,6,Northern Illinois,NC State,CBCR2: Power,0,no_match
23213,2024,6,Northern Illinois,NC State,CFB Geek,0,no_match
23214,2024,6,Northern Illinois,NC State,CFB Graphs,0,no_match
23215,2024,6,Northern Illinois,NC State,CFB Victory,0,no_match
23216,2024,6,Northern Illinois,NC State,Congrove,0,no_match
23217,2024,6,Northern Illinois,NC State,DRatings,0,no_match
23218,2024,6,Northern Illinois,NC State,Dokter Entropy,0,no_match
23219,2024,6,Northern Illinois,NC State,ESPN FPI,0,no_match
23220,2024,6,Northern Illinois,NC State,FEI,0,no_match
23221,2024,6,Northern Illinois,NC State,Harville,0,no_match
23222,2024,6,Northern Illinois,NC State,JP+,0,no_match
23223,2024,6,Northern Illinois,NC State,John Harris,0,no_match
23224,2024,6,Northern Illinois,NC State,KFord,0,no_match
23225,2024,6,Northern Illinois,NC State,Keeper,0,no_match
23226,2024,6,Northern Illinois,NC State,Massey,0,no_match
23227,2024,6,Northern Illinois,NC State,Matt Grissom,0,no_match
23228,2024,6,Northern Illinois,NC State,Moore Ratings,0,no_match
23229,2024,6,Northern Illinois,NC State,PiRate,0,no_match
23230,2024,6,Northern Illinois,NC State,PiRate: Bias,0,no_match
23231,2024,6,Northern Illinois,NC State,PiRate: Mean,0,no_match
23232,2024,6,Northern Illinois,NC State,Power Rank,0,no_match
23233,2024,6,Northern Illinois,NC State,Power Rank: Free,0,no_match
23234,2024,6,Northern Illinois,NC State,Professor Sides,0,no_match
23235,2024,6,Northern Illinois,NC State,Room44 Bets,0,no_match
23236,2024,6,Northern Illinois,NC State,SP+,0,no_match
23237,2024,6,Northern Illinois,NC State,Sagarin,0,no_match
23238,2024,6,Northern Illinois,NC State,Sagarin: Golden,0,no_match
23239,2024,6,Northern Illinois,NC State,Sagarin: Predictor,0,no_match
23240,2024,6,Northern Illinois,NC State,Sagarin: Recent,0,no_match
23241,2024,6,Northern Illinois,NC State,SportsLine,0,no_match
23242,2024,6,Northern Illinois,NC State,TShoe Index,0,no_match
23243,2024,6,Northern Illinois,NC State,TeamRankings,0,no_match
23244,2024,6,Northern Illinois,NC State,Trent Sorensen,0,no_match
23245,2024,6,Northern Illinois,NC State,Wilson Ratings,0,no_match
23351,2024,6,Sam Houston,Texas State,Beta_Rank,0,no_match
23352,2024,6,Sam Houston,Texas State,CBCR2: Power,0,no_match
23353,2024,6,Sam Houston,Texas State,CFB Geek,0,no_match
23354,2024,6,Sam Houston,Texas State,CFB Graphs,0,no_match
23355,2024,6,Sam Houston,Texas State,CFB Victory,0,no_match
23356,2024,6,Sam Houston,Texas State,Congrove,0,no_match
23357,2024,6,Sam Houston,Texas State,DRatings,0,no_match
23358,2024,6,Sam Houston,Texas State,Dokter Entropy,0,no_match
23359,2024,6,Sam Houston,Texas State,ESPN FPI,0,no_match
23360,2024,6,Sam Houston,Texas State,FEI,0,no_match
23361,2024,6,Sam Houston,Texas State,Harville,0,no_match
23362,2024,6,Sam Houston,Texas State,JP+,0,no_match
23363,2024,6,Sam Houston,Texas State,John Harris,0,no_match
23364,2024,6,Sam Houston,Texas State,KFord,0,no_match
23365,2024,6,Sam Houston,Texas State,Keeper,0,no_match
23366,2024,6,Sam Houston,Texas State,Massey,0,no_match
23367,2024,6,Sam Houston,Texas State,Matt Grissom,0,no_match
23368,2024,6,Sam Houston,Texas State,Moore Ratings,0,no_match
23369,2024,6,Sam Houston,Texas State,PiRate,0,no_match
23370,2024,6,Sam Houston,Texas State,PiRate: Bias,0,no_match
23371,2024,6,Sam Houston,Texas State,PiRate: Mean,0,no_match
23372,2024,6,Sam Houston,Texas State,Power Rank,0,no_match
23373,2024,6,Sam Houston,Texas State,Power Rank: Free,0,no_match
23374,2024,6,Sam Houston,Texas State,Professor Sides,0,no_match
23375,2024,6,Sam Houston,Texas State,Room44 Bets,0,no_match
23376,2024,6,Sam Houston,Texas State,SP+,0,no_match
23377,2024,6,Sam Houston,Texas State,Sagarin,0,no_match
23378,2024,6,Sam Houston,Texas State,Sagarin: Golden,0,no_match
23379,2024,6,Sam Houston,Texas State,Sagarin: Predictor,0,no_match
23380,2024,6,Sam Houston,Texas State,Sagarin: Recent,0,no_match
23381,2024,6,Sam Houston,Texas State,SportsLine,0,no_match
23382,2024,6,Sam Houston,Texas State,TShoe Index,0,no_match
23383,2024,6,Sam Houston,Texas State,TeamRankings,0,no_match
23384,2024,6,Sam Houston,Texas State,Trent Sorensen,0,no_match
23385,2024,6,Sam Houston,Texas State,Wilson Ratings,0,no_match
23386,2024,6,San Diego State,Central Michigan,Beta_Rank,0,no_match
23387,2024,6,San Diego State,Central Michigan,CBCR2: Power,0,no_match
23388,2024,6,San Diego State,Central Michigan,CFB Geek,0,no_match
23389,2024,6,San Diego State,Central Michigan,CFB Graphs,0,no_match
23390,2024,6,San Diego State,Central Michigan,CFB Victory,0,no_match
23391,2024,6,San Diego State,Central Michigan,Congrove,0,no_match
23392,2024,6,San Diego State,Central Michigan,DRatings,0,no_match
23393,2024,6,San Diego State,Central Michigan,Dokter Entropy,0,no_match
23394,2024,6,San Diego State,Central Michigan,ESPN FPI,0,no_match
23395,2024,6,San Diego State,Central Michigan,FEI,0,no_match
23396,2024,6,San Diego State,Central Michigan,Harville,0,no_match
23397,2024,6,San Diego State,Central Michigan,JP+,0,no_match
23398,2024,6,San Diego State,Central Michigan,John Harris,0,no_match
23399,2024,6,San Diego State,Central Michigan,KFord,0,no_match
23400,2024,6,San Diego State,Central Michigan,Keeper,0,no_match
23401,2024,6,San Diego State,Central Michigan,Massey,0,no_match
23402,2024,6,San Diego State,Central Michigan,Matt Grissom,0,no_match
23403,2024,6,San Diego State,Central Michigan,Moore Ratings,0,no_match
23404,2024,6,San Diego State,Central Michigan,PiRate,0,no_match
23405,2024,6,San Diego State,Central Michigan,PiRate: Bias,0,no_match
23406,2024,6,San Diego State,Central Michigan,PiRate: Mean,0,no_match
23407,2024,6,San Diego State,Central Michigan,Power Rank,0,no_match
23408,2024,6,San Diego State,Central Michigan,Power Rank: Free,0,no_match
23409,2024,6,San Diego State,Central Michigan,Professor Sides,0,no_match
23410,2024,6,San Diego State,Central Michigan,Room44 Bets,0,no_match
23411,2024,6,San Diego State,Central Michigan,SP+,0,no_match
23412,2024,6,San Diego State,Central Michigan,Sagarin,0,no_match
23413,2024,6,San Diego State,Central Michigan,Sagarin: Golden,0,no_match
23414,2024,6,San Diego State,Central Michigan,Sagarin: Predictor,0,no_match
23415,2024,6,San Diego State,Central Michigan,Sagarin: Recent,0,no_match
23416,2024,6,San Diego State,Central Michigan,SportsLine,0,no_match
23417,2024,6,San Diego State,Central Michigan,TShoe Index,0,no_match
23418,2024,6,San Diego State,Central Michigan,TeamRankings,0,no_match
23419,2024,6,San Diego State,Central Michigan,Trent Sorensen,0,no_match
23420,2024,6,San Diego State,Central Michigan,Wilson Ratings,0,no_match
23526,2024,6,Virginia Tech,Miami,Beta_Rank,0,no_match
23527,2024,6,Virginia Tech,Miami,CBCR2: Power,0,no_match
23528,2024,6,Virginia Tech,Miami,CFB Geek,0,no_match
23529,2024,6,Virginia Tech,Miami,CFB Graphs,0,no_match
23530,2024,6,Virginia Tech,Miami,CFB Victory,0,no_match
23531,2024,6,Virginia Tech,Miami,Congrove,0,no_match
23532,2024,6,Virginia Tech,Miami,DRatings,0,no_match
23533,2024,6,Virginia Tech,Miami,Dokter Entropy,0,no_match
23534,2024,6,Virginia Tech,Miami,ESPN FPI,0,no_match
23535,2024,6,Virginia Tech,Miami,FEI,0,no_match
23536,2024,6,Virginia Tech,Miami,Harville,0,no_match
23537,2024,6,Virginia Tech,Miami,JP+,0,no_match
23538,2024,6,Virginia Tech,Miami,John Harris,0,no_match
23539,2024,6,Virginia Tech,Miami,KFord,0,no_match
23540,2024,6,Virginia Tech,Miami,Keeper,0,no_match
23541,2024,6,Virginia Tech,Miami,Massey,0,no_match
23542,2024,6,Virginia Tech,Miami,Matt Grissom,0,no_match
23543,2024,6,Virginia Tech,Miami,Moore Ratings,0,no_match
23544,2024,6,Virginia Tech,Miami,PiRate,0,no_match
23545,2024,6,Virginia Tech,Miami,PiRate: Bias,0,no_match
23546,2024,6,Virginia Tech,Miami,PiRate: Mean,0,no_match
23547,2024,6,Virginia Tech,Miami,Power Rank,0,no_match
23548,2024,6,Virginia Tech,Miami,Power Rank: Free,0,no_match
23549,2024,6,Virginia Tech,Miami,Professor Sides,0,no_match
23550,2024,6,Virginia Tech,Miami,Room44 Bets,0,no_match
23551,2024,6,Virginia Tech,Miami,SP+,0,no_match
23552,2024,6,Virginia Tech,Miami,Sagarin,0,no_match
23553,2024,6,Virginia Tech,Miami,Sagarin: Golden,0,no_match
23554,2024,6,Virginia Tech,Miami,Sagarin: Predictor,0,no_match
23555,2024,6,Virginia Tech,Miami,Sagarin: Recent,0,no_match
23556,2024,6,Virginia Tech,Miami,SportsLine,0,no_match
23557,2024,6,Virginia Tech,Miami,TShoe Index,0,no_match
23558,2024,6,Virginia Tech,Miami,TeamRankings,0,no_match
23559,2024,6,Virginia Tech,Miami,Trent Sorensen,0,no_match
23560,2024,6,Virginia Tech,Miami,Wilson Ratings,0,no_match
23631,2024,6,Western Michigan,Marshall,Beta_Rank,0,no_match
23632,2024,6,Western Michigan,Marshall,CBCR2: Power,0,no_match
23633,2024,6,Western Michigan,Marshall,CFB Geek,0,no_match
23634,2024,6,Western Michigan,Marshall,CFB Graphs,0,no_match
23635,2024,6,Western Michigan,Marshall,CFB Victory,0,no_match
23636,2024,6,Western Michigan,Marshall,Congrove,0,no_match
23637,2024,6,Western Michigan,Marshall,DRatings,0,no_match
23638,2024,6,Western Michigan,Marshall,Dokter Entropy,0,no_match
23639,2024,6,Western Michigan,Marshall,ESPN FPI,0,no_match
23640,2024,6,Western Michigan,Marshall,FEI,0,no_match
23641,2024,6,Western Michigan,Marshall,Harville,0,no_match
23642,2024,6,Western Michigan,Marshall,JP+,0,no_match
23643,2024,6,Western Michigan,Marshall,John Harris,0,no_match
23644,2024,6,Western Michigan,Marshall,KFord,0,no_match
23645,2024,6,Western Michigan,Marshall,Keeper,0,no_match
23646,2024,6,Western Michigan,Marshall,Massey,0,no_match
23647,2024,6,Western Michigan,Marshall,Matt Grissom,0,no_match
23648,2024,6,Western Michigan,Marshall,Moore Ratings,0,no_match
23649,2024,6,Western Michigan,Marshall,PiRate,0,no_match
23650,2024,6,Western Michigan,Marshall,PiRate: Bias,0,no_match
23651,2024,6,Western Michigan,Marshall,PiRate: Mean,0,no_match
23652,2024,6,Western Michigan,Marshall,Power Rank,0,no_match
23653,2024,6,Western Michigan,Marshall,Power Rank: Free,0,no_match
23654,2024,6,Western Michigan,Marshall,Professor Sides,0,no_match
23655,2024,6,Western Michigan,Marshall,Room44 Bets,0,no_match
23656,2024,6,Western Michigan,Marshall,SP+,0,no_match
23657,2024,6,Western Michigan,Marshall,Sagarin,0,no_match
23658,2024,6,Western Michigan,Marshall,Sagarin: Golden,0,no_match
23659,2024,6,Western Michigan,Marshall,Sagarin: Predictor,0,no_match
23660,2024,6,Western Michigan,Marshall,Sagarin: Recent,0,no_match
23661,2024,6,Western Michigan,Marshall,SportsLine,0,no_match
23662,2024,6,Western Michigan,Marshall,TShoe Index,0,no_match
23663,2024,6,Western Michigan,Marshall,TeamRankings,0,no_match
23664,2024,6,Western Michigan,Marshall,Trent Sorensen,0,no_match
23665,2024,6,Western Michigan,Marshall,Wilson Ratings,0,no_match
24191,2024,7,Louisiana,Southern Mississippi,Beta_Rank,0,no_match
24192,2024,7,Louisiana,Southern Mississippi,CBCR2: Power,0,no_match
24193,2024,7,Louisiana,Southern Mississippi,CFB Geek,0,no_match
24194,2024,7,Louisiana,Southern Mississippi,CFB Graphs,0,no_match
24195,2024,7,Louisiana,Southern Mississippi,CFB Victory,0,no_match
24196,2024,7,Louisiana,Southern Mississippi,Congrove,0,no_match
24197,2024,7,Louisiana,Southern Mississippi,DRatings,0,no_match
24198,2024,7,Louisiana,Southern Mississippi,Dokter Entropy,0,no_match
24199,2024,7,Louisiana,Southern Mississippi,ESPN FPI,0,no_match
24200,2024,7,Louisiana,Southern Mississippi,FEI,0,no_match
24201,2024,7,Louisiana,Southern Mississippi,Harville,0,no_match
24202,2024,7,Louisiana,Southern Mississippi,JP+,0,no_match
24203,2024,7,Louisiana,Southern Mississippi,John Harris,0,no_match
24204,2024,7,Louisiana,Southern Mississippi,KFord,0,no_match
24205,2024,7,Louisiana,Southern Mississippi,Keeper,0,no_match
24206,2024,7,Louisiana,Southern Mississippi,Massey,0,no_match
24207,2024,7,Louisiana,Southern Mississippi,Matt Grissom,0,no_match
24208,2024,7,Louisiana,Southern Mississippi,Moore Ratings,0,no_match
24209,2024,7,Louisiana,Southern Mississippi,PiRate,0,no_match
24210,2024,7,Louisiana,Southern Mississippi,PiRate: Bias,0,no_match
24211,2024,7,Louisiana,Southern Mississippi,PiRate: Mean,0,no_match
24212,2024,7,Louisiana,Southern Mississippi,Power Rank,0,no_match
24213,2024,7,Louisiana,Southern Mississippi,Power Rank: Free,0,no_match
24214,2024,7,Louisiana,Southern Mississippi,Professor Sides,0,no_match
24215,2024,7,Louisiana,Southern Mississippi,Room44 Bets,0,no_match
24216,2024,7,Louisiana,Southern Mississippi,SP+,0,no_match
24217,2024,7,Louisiana,Southern Mississippi,Sagarin,0,no_match
24218,2024,7,Louisiana,Southern Mississippi,Sagarin: Golden,0,no_match
24219,2024,7,Louisiana,Southern Mississippi,Sagarin: Predictor,0,no_match
24220,2024,7,Louisiana,Southern Mississippi,Sagarin: Recent,0,no_match
24221,2024,7,Louisiana,Southern Mississippi,SportsLine,0,no_match
24222,2024,7,Louisiana,Southern Mississippi,TShoe Index,0,no_match
24223,2024,7,Louisiana,Southern Mississippi,TeamRankings,0,no_match
24224,2024,7,Louisiana,Southern Mississippi,Trent Sorensen,0,no_match
24225,2024,7,Louisiana,Southern Mississippi,Wilson Ratings,0,no_match
24226,2024,7,Massachusetts,Northern Illinois,Beta_Rank,0,no_match
24227,2024,7,Massachusetts,Northern Illinois,CBCR2: Power,0,no_match
24228,2024,7,Massachusetts,Northern Illinois,CFB Geek,0,no_match
24229,2024,7,Massachusetts,Northern Illinois,CFB Graphs,0,no_match
24230,2024,7,Massachusetts,Northern Illinois,CFB Victory,0,no_match
24231,2024,7,Massachusetts,Northern Illinois,Congrove,0,no_match
24232,2024,7,Massachusetts,Northern Illinois,DRatings,0,no_match
24233,2024,7,Massachusetts,Northern Illinois,Dokter Entropy,0,no_match
24234,2024,7,Massachusetts,Northern Illinois,ESPN FPI,0,no_match
24235,2024,7,Massachusetts,Northern Illinois,FEI,0,no_match
24236,2024,7,Massachusetts,Northern Illinois,Harville,0,no_match
24237,2024,7,Massachusetts,Northern Illinois,JP+,0,no_match
24238,2024,7,Massachusetts,Northern Illinois,John Harris,0,no_match
24239,2024,7,Massachusetts,Northern Illinois,KFord,0,no_match
24240,2024,7,Massachusetts,Northern Illinois,Keeper,0,no_match
24241,2024,7,Massachusetts,Northern Illinois,Massey,0,no_match
24242,2024,7,Massachusetts,Northern Illinois,Matt Grissom,0,no_match
24243,2024,7,Massachusetts,Northern Illinois,Moore Ratings,0,no_match
24244,2024,7,Massachusetts,Northern Illinois,PiRate,0,no_match
24245,2024,7,Massachusetts,Northern Illinois,PiRate: Bias,0,no_match
24246,2024,7,Massachusetts,Northern Illinois,PiRate: Mean,0,no_match
24247,2024,7,Massachusetts,Northern Illinois,Power Rank,0,no_match
24248,2024,7,Massachusetts,Northern Illinois,Power Rank: Free,0,no_match
24249,2024,7,Massachusetts,Northern Illinois,Professor Sides,0,no_match
24250,2024,7,Massachusetts,Northern Illinois,Room44 Bets,0,no_match
24251,2024,7,Massachusetts,Northern Illinois,SP+,0,no_match
24252,2024,7,Massachusetts,Northern Illinois,Sagarin,0,no_match
24253,2024,7,Massachusetts,Northern Illinois,Sagarin: Golden,0,no_match
24254,2024,7,Massachusetts,Northern Illinois,Sagarin: Predictor,0,no_match
24255,2024,7,Massachusetts,Northern Illinois,Sagarin: Recent,0,no_match
24256,2024,7,Massachusetts,Northern Illinois,SportsLine,0,no_match
24257,2024,7,Massachusetts,Northern Illinois,TShoe Index,0,no_match
24258,2024,7,Massachusetts,Northern Illinois,TeamRankings,0,no_match
24259,2024,7,Massachusetts,Northern Illinois,Trent Sorensen,0,no_match
24260,2024,7,Massachusetts,Northern Illinois,Wilson Ratings,0,no_match
24261,2024,7,Miami OH,Toledo,Beta_Rank,0,no_match
24262,2024,7,Miami OH,Toledo,CBCR2: Power,0,no_match
24263,2024,7,Miami OH,Toledo,CFB Geek,0,no_match
24264,2024,7,Miami OH,Toledo,CFB Graphs,0,no_match
24265,2024,7,Miami OH,Toledo,CFB Victory,0,no_match
24266,2024,7,Miami OH,Toledo,Congrove,0,no_match
24267,2024,7,Miami OH,Toledo,DRatings,0,no_match
24268,2024,7,Miami OH,Toledo,Dokter Entropy,0,no_match
24269,2024,7,Miami OH,Toledo,ESPN FPI,0,no_match
24270,2024,7,Miami OH,Toledo,FEI,0,no_match
24271,2024,7,Miami OH,Toledo,Harville,0,no_match
24272,2024,7,Miami OH,Toledo,JP+,0,no_match
24273,2024,7,Miami OH,Toledo,John Harris,0,no_match
24274,2024,7,Miami OH,Toledo,KFord,0,no_match
24275,2024,7,Miami OH,Toledo,Keeper,0,no_match
24276,2024,7,Miami OH,Toledo,Massey,0,no_match
24277,2024,7,Miami OH,Toledo,Matt Grissom,0,no_match
24278,2024,7,Miami OH,Toledo,Moore Ratings,0,no_match
24279,2024,7,Miami OH,Toledo,PiRate,0,no_match
24280,2024,7,Miami OH,Toledo,PiRate: Bias,0,no_match
24281,2024,7,Miami OH,Toledo,PiRate: Mean,0,no_match
24282,2024,7,Miami OH,Toledo,Power Rank,0,no_match
24283,2024,7,Miami OH,Toledo,Power Rank: Free,0,no_match
24284,2024,7,Miami OH,Toledo,Professor Sides,0,no_match
24285,2024,7,Miami OH,Toledo,Room44 Bets,0,no_match
24286,2024,7,Miami OH,Toledo,SP+,0,no_match
24287,2024,7,Miami OH,Toledo,Sagarin,0,no_match
24288,2024,7,Miami OH,Toledo,Sagarin: Golden,0,no_match
24289,2024,7,Miami OH,Toledo,Sagarin: Predictor,0,no_match
24290,2024,7,Miami OH,Toledo,Sagarin: Recent,0,no_match
24291,2024,7,Miami OH,Toledo,SportsLine,0,no_match
24292,2024,7,Miami OH,Toledo,TShoe Index,0,no_match
24293,2024,7,Miami OH,Toledo,TeamRankings,0,no_match
24294,2024,7,Miami OH,Toledo,Trent Sorensen,0,no_match
24295,2024,7,Miami OH,Toledo,Wilson Ratings,0,no_match
24576,2024,7,Sam Houston,UTEP,Beta_Rank,0,no_match
24577,2024,7,Sam Houston,UTEP,CBCR2: Power,0,no_match
24578,2024,7,Sam Houston,UTEP,CFB Geek,0,no_match
24579,2024,7,Sam Houston,UTEP,CFB Graphs,0,no_match
24580,2024,7,Sam Houston,UTEP,CFB Victory,0,no_match
24581,2024,7,Sam Houston,UTEP,Congrove,0,no_match
24582,2024,7,Sam Houston,UTEP,DRatings,0,no_match
24583,2024,7,Sam Houston,UTEP,Dokter Entropy,0,no_match
24584,2024,7,Sam Houston,UTEP,ESPN FPI,0,no_match
24585,2024,7,Sam Houston,UTEP,FEI,0,no_match
24586,2024,7,Sam Houston,UTEP,Harville,0,no_match
24587,2024,7,Sam Houston,UTEP,JP+,0,no_match
24588,2024,7,Sam Houston,UTEP,John Harris,0,no_match
24589,2024,7,Sam Houston,UTEP,KFord,0,no_match
24590,2024,7,Sam Houston,UTEP,Keeper,0,no_match
24591,2024,7,Sam Houston,UTEP,Massey,0,no_match
24592,2024,7,Sam Houston,UTEP,Matt Grissom,0,no_match
24593,2024,7,Sam Houston,UTEP,Moore Ratings,0,no_match
24594,2024,7,Sam Houston,UTEP,PiRate,0,no_match
24595,2024,7,Sam Houston,UTEP,PiRate: Bias,0,no_match
24596,2024,7,Sam Houston,UTEP,PiRate: Mean,0,no_match
24597,2024,7,Sam Houston,UTEP,Power Rank,0,no_match
24598,2024,7,Sam Houston,UTEP,Power Rank: Free,0,no_match
24599,2024,7,Sam Houston,UTEP,Professor Sides,0,no_match
24600,2024,7,Sam Houston,UTEP,Room44 Bets,0,no_match
24601,2024,7,Sam Houston,UTEP,SP+,0,no_match
24602,2024,7,Sam Houston,UTEP,Sagarin,0,no_match
24603,2024,7,Sam Houston,UTEP,Sagarin: Golden,0,no_match
24604,2024,7,Sam Houston,UTEP,Sagarin: Predictor,0,no_match
24605,2024,7,Sam Houston,UTEP,Sagarin: Recent,0,no_match
24606,2024,7,Sam Houston,UTEP,SportsLine,0,no_match
24607,2024,7,Sam Houston,UTEP,TShoe Index,0,no_match
24608,2024,7,Sam Houston,UTEP,TeamRankings,0,no_match
24609,2024,7,Sam Houston,UTEP,Trent Sorensen,0,no_match
24610,2024,7,Sam Houston,UTEP,Wilson Ratings,0,no_match
24681,2024,7,Texas State,Troy,Beta_Rank,0,no_match
24682,2024,7,Texas State,Troy,CBCR2: Power,0,no_match
24683,2024,7,Texas State,Troy,CFB Geek,0,no_match
24684,2024,7,Texas State,Troy,CFB Graphs,0,no_match
24685,2024,7,Texas State,Troy,CFB Victory,0,no_match
24686,2024,7,Texas State,Troy,Congrove,0,no_match
24687,2024,7,Texas State,Troy,DRatings,0,no_match
24688,2024,7,Texas State,Troy,Dokter Entropy,0,no_match
24689,2024,7,Texas State,Troy,ESPN FPI,0,no_match
24690,2024,7,Texas State,Troy,FEI,0,no_match
24691,2024,7,Texas State,Troy,Harville,0,no_match
24692,2024,7,Texas State,Troy,JP+,0,no_match
24693,2024,7,Texas State,Troy,John Harris,0,no_match
24694,2024,7,Texas State,Troy,KFord,0,no_match
24695,2024,7,Texas State,Troy,Keeper,0,no_match
24696,2024,7,Texas State,Troy,Massey,0,no_match
24697,2024,7,Texas State,Troy,Matt Grissom,0,no_match
24698,2024,7,Texas State,Troy,Moore Ratings,0,no_match
24699,2024,7,Texas State,Troy,PiRate,0,no_match
24700,2024,7,Texas State,Troy,PiRate: Bias,0,no_match
24701,2024,7,Texas State,Troy,PiRate: Mean,0,no_match
24702,2024,7,Texas State,Troy,Power Rank,0,no_match
24703,2024,7,Texas State,Troy,Power Rank: Free,0,no_match
24704,2024,7,Texas State,Troy,Professor Sides,0,no_match
24705,2024,7,Texas State,Troy,Room44 Bets,0,no_match
24706,2024,7,Texas State,Troy,SP+,0,no_match
24707,2024,7,Texas State,Troy,Sagarin,0,no_match
24708,2024,7,Texas State,Troy,Sagarin: Golden,0,no_match
24709,2024,7,Texas State,Troy,Sagarin: Predictor,0,no_match
24710,2024,7,Texas State,Troy,Sagarin: Recent,0,no_match
24711,2024,7,Texas State,Troy,SportsLine,0,no_match
24712,2024,7,Texas State,Troy,TShoe Index,0,no_match
24713,2024,7,Texas State,Troy,TeamRankings,0,no_match
24714,2024,7,Texas State,Troy,Trent Sorensen,0,no_match
24715,2024,7,Texas State,Troy,Wilson Ratings,0,no_match
24856,2024,7,West Virginia,Oklahoma State,Beta_Rank,0,no_match
24857,2024,7,West Virginia,Oklahoma State,CBCR2: Power,0,no_match
24858,2024,7,West Virginia,Oklahoma State,CFB Geek,0,no_match
24859,2024,7,West Virginia,Oklahoma State,CFB Graphs,0,no_match
24860,2024,7,West Virginia,Oklahoma State,CFB Victory,0,no_match
24861,2024,7,West Virginia,Oklahoma State,Congrove,0,no_match
24862,2024,7,West Virginia,Oklahoma State,DRatings,0,no_match
24863,2024,7,West Virginia,Oklahoma State,Dokter Entropy,0,no_match
24864,2024,7,West Virginia,Oklahoma State,ESPN FPI,0,no_match
24865,2024,7,West Virginia,Oklahoma State,FEI,0,no_match
24866,2024,7,West Virginia,Oklahoma State,Harville,0,no_match
24867,2024,7,West Virginia,Oklahoma State,JP+,0,no_match
24868,2024,7,West Virginia,Oklahoma State,John Harris,0,no_match
24869,2024,7,West Virginia,Oklahoma State,KFord,0,no_match
24870,2024,7,West Virginia,Oklahoma State,Keeper,0,no_match
24871,2024,7,West Virginia,Oklahoma State,Massey,0,no_match
24872,2024,7,West Virginia,Oklahoma State,Matt Grissom,0,no_match
24873,2024,7,West Virginia,Oklahoma State,Moore Ratings,0,no_match
24874,2024,7,West Virginia,Oklahoma State,PiRate,0,no_match
24875,2024,7,West Virginia,Oklahoma State,PiRate: Bias,0,no_match
24876,2024,7,West Virginia,Oklahoma State,PiRate: Mean,0,no_match
24877,2024,7,West Virginia,Oklahoma State,Power Rank,0,no_match
24878,2024,7,West Virginia,Oklahoma State,Power Rank: Free,0,no_match
24879,2024,7,West Virginia,Oklahoma State,Professor Sides,0,no_match
24880,2024,7,West Virginia,Oklahoma State,Room44 Bets,0,no_match
24881,2024,7,West Virginia,Oklahoma State,SP+,0,no_match
24882,2024,7,West Virginia,Oklahoma State,Sagarin,0,no_match
24883,2024,7,West Virginia,Oklahoma State,Sagarin: Golden,0,no_match
24884,2024,7,West Virginia,Oklahoma State,Sagarin: Predictor,0,no_match
24885,2024,7,West Virginia,Oklahoma State,Sagarin: Recent,0,no_match
24886,2024,7,West Virginia,Oklahoma State,SportsLine,0,no_match
24887,2024,7,West Virginia,Oklahoma State,TShoe Index,0,no_match
24888,2024,7,West Virginia,Oklahoma State,TeamRankings,0,no_match
24889,2024,7,West Virginia,Oklahoma State,Trent Sorensen,0,no_match
24890,2024,7,West Virginia,Oklahoma State,Wilson Ratings,0,no_match
24891,2024,7,Western Michigan,Ball State,Beta_Rank,0,no_match
24892,2024,7,Western Michigan,Ball State,CBCR2: Power,0,no_match
24893,2024,7,Western Michigan,Ball State,CFB Geek,0,no_match
24894,2024,7,Western Michigan,Ball State,CFB Graphs,0,no_match
24895,2024,7,Western Michigan,Ball State,CFB Victory,0,no_match
24896,2024,7,Western Michigan,Ball State,Congrove,0,no_match
24897,2024,7,Western Michigan,Ball State,DRatings,0,no_match
24898,2024,7,Western Michigan,Ball State,Dokter Entropy,0,no_match
24899,2024,7,Western Michigan,Ball State,ESPN FPI,0,no_match
24900,2024,7,Western Michigan,Ball State,FEI,0,no_match
24901,2024,7,Western Michigan,Ball State,Harville,0,no_match
24902,2024,7,Western Michigan,Ball State,JP+,0,no_match
24903,2024,7,Western Michigan,Ball State,John Harris,0,no_match
24904,2024,7,Western Michigan,Ball State,KFord,0,no_match
24905,2024,7,Western Michigan,Ball State,Keeper,0,no_match
24906,2024,7,Western Michigan,Ball State,Massey,0,no_match
24907,2024,7,Western Michigan,Ball State,Matt Grissom,0,no_match
24908,2024,7,Western Michigan,Ball State,Moore Ratings,0,no_match
24909,2024,7,Western Michigan,Ball State,PiRate,0,no_match
24910,2024,7,Western Michigan,Ball State,PiRate: Bias,0,no_match
24911,2024,7,Western Michigan,Ball State,PiRate: Mean,0,no_match
24912,2024,7,Western Michigan,Ball State,Power Rank,0,no_match
24913,2024,7,Western Michigan,Ball State,Power Rank: Free,0,no_match
24914,2024,7,Western Michigan,Ball State,Professor Sides,0,no_match
24915,2024,7,Western Michigan,Ball State,Room44 Bets,0,no_match
24916,2024,7,Western Michigan,Ball State,SP+,0,no_match
24917,2024,7,Western Michigan,Ball State,Sagarin,0,no_match
24918,2024,7,Western Michigan,Ball State,Sagarin: Golden,0,no_match
24919,2024,7,Western Michigan,Ball State,Sagarin: Predictor,0,no_match
24920,2024,7,Western Michigan,Ball State,Sagarin: Recent,0,no_match
24921,2024,7,Western Michigan,Ball State,SportsLine,0,no_match
24922,2024,7,Western Michigan,Ball State,TShoe Index,0,no_match
24923,2024,7,Western Michigan,Ball State,TeamRankings,0,no_match
24924,2024,7,Western Michigan,Ball State,Trent Sorensen,0,no_match
24925,2024,7,Western Michigan,Ball State,Wilson Ratings,0,no_match
24926,2024,8,Akron,Western Michigan,Beta_Rank,0,no_match
24927,2024,8,Akron,Western Michigan,CBCR2: Power,0,no_match
24928,2024,8,Akron,Western Michigan,CFB Geek,0,no_match
24929,2024,8,Akron,Western Michigan,CFB Graphs,0,no_match
24930,2024,8,Akron,Western Michigan,CFB Victory,0,no_match
24931,2024,8,Akron,Western Michigan,Congrove,0,no_match
24932,2024,8,Akron,Western Michigan,DRatings,0,no_match
24933,2024,8,Akron,Western Michigan,Dokter Entropy,0,no_match
24934,2024,8,Akron,Western Michigan,ESPN FPI,0,no_match
24935,2024,8,Akron,Western Michigan,FEI,0,no_match
24936,2024,8,Akron,Western Michigan,Harville,0,no_match
24937,2024,8,Akron,Western Michigan,JP+,0,no_match
24938,2024,8,Akron,Western Michigan,John Harris,0,no_match
24939,2024,8,Akron,Western Michigan,KFord,0,no_match
24940,2024,8,Akron,Western Michigan,Keeper,0,no_match
24941,2024,8,Akron,Western Michigan,Massey,0,no_match
24942,2024,8,Akron,Western Michigan,Matt Grissom,0,no_match
24943,2024,8,Akron,Western Michigan,Moore Ratings,0,no_match
24944,2024,8,Akron,Western Michigan,PiRate,0,no_match
24945,2024,8,Akron,Western Michigan,PiRate: Bias,0,no_match
24946,2024,8,Akron,Western Michigan,PiRate: Mean,0,no_match
24947,2024,8,Akron,Western Michigan,Power Rank,0,no_match
24948,2024,8,Akron,Western Michigan,Power Rank: Free,0,no_match
24949,2024,8,Akron,Western Michigan,Professor Sides,0,no_match
24950,2024,8,Akron,Western Michigan,Room44 Bets,0,no_match
24951,2024,8,Akron,Western Michigan,SP+,0,no_match
24952,2024,8,Akron,Western Michigan,Sagarin,0,no_match
24953,2024,8,Akron,Western Michigan,Sagarin: Golden,0,no_match
24954,2024,8,Akron,Western Michigan,Sagarin: Predictor,0,no_match
24955,2024,8,Akron,Western Michigan,Sagarin: Recent,0,no_match
24956,2024,8,Akron,Western Michigan,SportsLine,0,no_match
24957,2024,8,Akron,Western Michigan,TShoe Index,0,no_match
24958,2024,8,Akron,Western Michigan,TeamRankings,0,no_match
24959,2024,8,Akron,Western Michigan,Trent Sorensen,0,no_match
24960,2024,8,Akron,Western Michigan,Wilson Ratings,0,no_match
24996,2024,8,Ball State,Kent State,Beta_Rank,0,no_match
24997,2024,8,Ball State,Kent State,CBCR2: Power,0,no_match
24998,2024,8,Ball State,Kent State,CFB Geek,0,no_match
24999,2024,8,Ball State,Kent State,CFB Graphs,0,no_match
25000,2024,8,Ball State,Kent State,CFB Victory,0,no_match
25001,2024,8,Ball State,Kent State,Congrove,0,no_match
25002,2024,8,Ball State,Kent State,DRatings,0,no_match
25003,2024,8,Ball State,Kent State,Dokter Entropy,0,no_match
25004,2024,8,Ball State,Kent State,ESPN FPI,0,no_match
25005,2024,8,Ball State,Kent State,FEI,0,no_match
25006,2024,8,Ball State,Kent State,Harville,0,no_match
25007,2024,8,Ball State,Kent State,JP+,0,no_match
25008,2024,8,Ball State,Kent State,John Harris,0,no_match
25009,2024,8,Ball State,Kent State,KFord,0,no_match
25010,2024,8,Ball State,Kent State,Keeper,0,no_match
25011,2024,8,Ball State,Kent State,Massey,0,no_match
25012,2024,8,Ball State,Kent State,Matt Grissom,0,no_match
25013,2024,8,Ball State,Kent State,Moore Ratings,0,no_match
25014,2024,8,Ball State,Kent State,PiRate,0,no_match
25015,2024,8,Ball State,Kent State,PiRate: Bias,0,no_match
25016,2024,8,Ball State,Kent State,PiRate: Mean,0,no_match
25017,2024,8,Ball State,Kent State,Power Rank,0,no_match
25018,2024,8,Ball State,Kent State,Power Rank: Free,0,no_match
25019,2024,8,Ball State,Kent State,Professor Sides,0,no_match
25020,2024,8,Ball State,Kent State,Room44 Bets,0,no_match
25021,2024,8,Ball State,Kent State,SP+,0,no_match
25022,2024,8,Ball State,Kent State,Sagarin,0,no_match
25023,2024,8,Ball State,Kent State,Sagarin: Golden,0,no_match
25024,2024,8,Ball State,Kent State,Sagarin: Predictor,0,no_match
25025,2024,8,Ball State,Kent State,Sagarin: Recent,0,no_match
25026,2024,8,Ball State,Kent State,SportsLine,0,no_match
25027,2024,8,Ball State,Kent State,TShoe Index,0,no_match
25028,2024,8,Ball State,Kent State,TeamRankings,0,no_match
25029,2024,8,Ball State,Kent State,Trent Sorensen,0,no_match
25030,2024,8,Ball State,Kent State,Wilson Ratings,0,no_match
25171,2024,8,Florida International,Liberty,Beta_Rank,0,no_match
25172,2024,8,Florida International,Liberty,CBCR2: Power,0,no_match
25173,2024,8,Florida International,Liberty,CFB Geek,0,no_match
25174,2024,8,Florida International,Liberty,CFB Graphs,0,no_match
25175,2024,8,Florida International,Liberty,CFB Victory,0,no_match
25176,2024,8,Florida International,Liberty,Congrove,0,no_match
25177,2024,8,Florida International,Liberty,DRatings,0,no_match
25178,2024,8,Florida International,Liberty,Dokter Entropy,0,no_match
25179,2024,8,Florida International,Liberty,ESPN FPI,0,no_match
25180,2024,8,Florida International,Liberty,FEI,0,no_match
25181,2024,8,Florida International,Liberty,Harville,0,no_match
25182,2024,8,Florida International,Liberty,JP+,0,no_match
25183,2024,8,Florida International,Liberty,John Harris,0,no_match
25184,2024,8,Florida International,Liberty,KFord,0,no_match
25185,2024,8,Florida International,Liberty,Keeper,0,no_match
25186,2024,8,Florida International,Liberty,Massey,0,no_match
25187,2024,8,Florida International,Liberty,Matt Grissom,0,no_match
25188,2024,8,Florida International,Liberty,Moore Ratings,0,no_match
25189,2024,8,Florida International,Liberty,PiRate,0,no_match
25190,2024,8,Florida International,Liberty,PiRate: Bias,0,no_match
25191,2024,8,Florida International,Liberty,PiRate: Mean,0,no_match
25192,2024,8,Florida International,Liberty,Power Rank,0,no_match
25193,2024,8,Florida International,Liberty,Power Rank: Free,0,no_match
25194,2024,8,Florida International,Liberty,Professor Sides,0,no_match
25195,2024,8,Florida International,Liberty,Room44 Bets,0,no_match
25196,2024,8,Florida International,Liberty,SP+,0,no_match
25197,2024,8,Florida International,Liberty,Sagarin,0,no_match
25198,2024,8,Florida International,Liberty,Sagarin: Golden,0,no_match
25199,2024,8,Florida International,Liberty,Sagarin: Predictor,0,no_match
25200,2024,8,Florida International,Liberty,Sagarin: Recent,0,no_match
25201,2024,8,Florida International,Liberty,SportsLine,0,no_match
25202,2024,8,Florida International,Liberty,TShoe Index,0,no_match
25203,2024,8,Florida International,Liberty,TeamRankings,0,no_match
25204,2024,8,Florida International,Liberty,Trent Sorensen,0,no_match
25205,2024,8,Florida International,Liberty,Wilson Ratings,0,no_match
25311,2024,8,Miami OH,Eastern Michigan,Beta_Rank,0,no_match
25312,2024,8,Miami OH,Eastern Michigan,CBCR2: Power,0,no_match
25313,2024,8,Miami OH,Eastern Michigan,CFB Geek,0,no_match
25314,2024,8,Miami OH,Eastern Michigan,CFB Graphs,0,no_match
25315,2024,8,Miami OH,Eastern Michigan,CFB Victory,0,no_match
25316,2024,8,Miami OH,Eastern Michigan,Congrove,0,no_match
25317,2024,8,Miami OH,Eastern Michigan,DRatings,0,no_match
25318,2024,8,Miami OH,Eastern Michigan,Dokter Entropy,0,no_match
25319,2024,8,Miami OH,Eastern Michigan,ESPN FPI,0,no_match
25320,2024,8,Miami OH,Eastern Michigan,FEI,0,no_match
25321,2024,8,Miami OH,Eastern Michigan,Harville,0,no_match
25322,2024,8,Miami OH,Eastern Michigan,JP+,0,no_match
25323,2024,8,Miami OH,Eastern Michigan,John Harris,0,no_match
25324,2024,8,Miami OH,Eastern Michigan,KFord,0,no_match
25325,2024,8,Miami OH,Eastern Michigan,Keeper,0,no_match
25326,2024,8,Miami OH,Eastern Michigan,Massey,0,no_match
25327,2024,8,Miami OH,Eastern Michigan,Matt Grissom,0,no_match
25328,2024,8,Miami OH,Eastern Michigan,Moore Ratings,0,no_match
25329,2024,8,Miami OH,Eastern Michigan,PiRate,0,no_match
25330,2024,8,Miami OH,Eastern Michigan,PiRate: Bias,0,no_match
25331,2024,8,Miami OH,Eastern Michigan,PiRate: Mean,0,no_match
25332,2024,8,Miami OH,Eastern Michigan,Power Rank,0,no_match
25333,2024,8,Miami OH,Eastern Michigan,Power Rank: Free,0,no_match
25334,2024,8,Miami OH,Eastern Michigan,Professor Sides,0,no_match
25335,2024,8,Miami OH,Eastern Michigan,Room44 Bets,0,no_match
25336,2024,8,Miami OH,Eastern Michigan,SP+,0,no_match
25337,2024,8,Miami OH,Eastern Michigan,Sagarin,0,no_match
25338,2024,8,Miami OH,Eastern Michigan,Sagarin: Golden,0,no_match
25339,2024,8,Miami OH,Eastern Michigan,Sagarin: Predictor,0,no_match
25340,2024,8,Miami OH,Eastern Michigan,Sagarin: Recent,0,no_match
25341,2024,8,Miami OH,Eastern Michigan,SportsLine,0,no_match
25342,2024,8,Miami OH,Eastern Michigan,TShoe Index,0,no_match
25343,2024,8,Miami OH,Eastern Michigan,TeamRankings,0,no_match
25344,2024,8,Miami OH,Eastern Michigan,Trent Sorensen,0,no_match
25345,2024,8,Miami OH,Eastern Michigan,Wilson Ratings,0,no_match
25346,2024,8,Middle Tennessee,Louisiana Tech,Beta_Rank,0,no_match
25347,2024,8,Middle Tennessee,Louisiana Tech,CBCR2: Power,0,no_match
25348,2024,8,Middle Tennessee,Louisiana Tech,CFB Geek,0,no_match
25349,2024,8,Middle Tennessee,Louisiana Tech,CFB Graphs,0,no_match
25350,2024,8,Middle Tennessee,Louisiana Tech,CFB Victory,0,no_match
25351,2024,8,Middle Tennessee,Louisiana Tech,Congrove,0,no_match
25352,2024,8,Middle Tennessee,Louisiana Tech,DRatings,0,no_match
25353,2024,8,Middle Tennessee,Louisiana Tech,Dokter Entropy,0,no_match
25354,2024,8,Middle Tennessee,Louisiana Tech,ESPN FPI,0,no_match
25355,2024,8,Middle Tennessee,Louisiana Tech,FEI,0,no_match
25356,2024,8,Middle Tennessee,Louisiana Tech,Harville,0,no_match
25357,2024,8,Middle Tennessee,Louisiana Tech,JP+,0,no_match
25358,2024,8,Middle Tennessee,Louisiana Tech,John Harris,0,no_match
25359,2024,8,Middle Tennessee,Louisiana Tech,KFord,0,no_match
25360,2024,8,Middle Tennessee,Louisiana Tech,Keeper,0,no_match
25361,2024,8,Middle Tennessee,Louisiana Tech,Massey,0,no_match
25362,2024,8,Middle Tennessee,Louisiana Tech,Matt Grissom,0,no_match
25363,2024,8,Middle Tennessee,Louisiana Tech,Moore Ratings,0,no_match
25364,2024,8,Middle Tennessee,Louisiana Tech,PiRate,0,no_match
25365,2024,8,Middle Tennessee,Louisiana Tech,PiRate: Bias,0,no_match
25366,2024,8,Middle Tennessee,Louisiana Tech,PiRate: Mean,0,no_match
25367,2024,8,Middle Tennessee,Louisiana Tech,Power Rank,0,no_match
25368,2024,8,Middle Tennessee,Louisiana Tech,Power Rank: Free,0,no_match
25369,2024,8,Middle Tennessee,Louisiana Tech,Professor Sides,0,no_match
25370,2024,8,Middle Tennessee,Louisiana Tech,Room44 Bets,0,no_match
25371,2024,8,Middle Tennessee,Louisiana Tech,SP+,0,no_match
25372,2024,8,Middle Tennessee,Louisiana Tech,Sagarin,0,no_match
25373,2024,8,Middle Tennessee,Louisiana Tech,Sagarin: Golden,0,no_match
25374,2024,8,Middle Tennessee,Louisiana Tech,Sagarin: Predictor,0,no_match
25375,2024,8,Middle Tennessee,Louisiana Tech,Sagarin: Recent,0,no_match
25376,2024,8,Middle Tennessee,Louisiana Tech,SportsLine,0,no_match
25377,2024,8,Middle Tennessee,Louisiana Tech,TShoe Index,0,no_match
25378,2024,8,Middle Tennessee,Louisiana Tech,TeamRankings,0,no_match
25379,2024,8,Middle Tennessee,Louisiana Tech,Trent Sorensen,0,no_match
25380,2024,8,Middle Tennessee,Louisiana Tech,Wilson Ratings,0,no_match
25486,2024,8,Northern Illinois,Bowling Green,Beta_Rank,0,no_match
25487,2024,8,Northern Illinois,Bowling Green,CBCR2: Power,0,no_match
25488,2024,8,Northern Illinois,Bowling Green,CFB Geek,0,no_match
25489,2024,8,Northern Illinois,Bowling Green,CFB Graphs,0,no_match
25490,2024,8,Northern Illinois,Bowling Green,CFB Victory,0,no_match
25491,2024,8,Northern Illinois,Bowling Green,Congrove,0,no_match
25492,2024,8,Northern Illinois,Bowling Green,DRatings,0,no_match
25493,2024,8,Northern Illinois,Bowling Green,Dokter Entropy,0,no_match
25494,2024,8,Northern Illinois,Bowling Green,ESPN FPI,0,no_match
25495,2024,8,Northern Illinois,Bowling Green,FEI,0,no_match
25496,2024,8,Northern Illinois,Bowling Green,Harville,0,no_match
25497,2024,8,Northern Illinois,Bowling Green,JP+,0,no_match
25498,2024,8,Northern Illinois,Bowling Green,John Harris,0,no_match
25499,2024,8,Northern Illinois,Bowling Green,KFord,0,no_match
25500,2024,8,Northern Illinois,Bowling Green,Keeper,0,no_match
25501,2024,8,Northern Illinois,Bowling Green,Massey,0,no_match
25502,2024,8,Northern Illinois,Bowling Green,Matt Grissom,0,no_match
25503,2024,8,Northern Illinois,Bowling Green,Moore Ratings,0,no_match
25504,2024,8,Northern Illinois,Bowling Green,PiRate,0,no_match
25505,2024,8,Northern Illinois,Bowling Green,PiRate: Bias,0,no_match
25506,2024,8,Northern Illinois,Bowling Green,PiRate: Mean,0,no_match
25507,2024,8,Northern Illinois,Bowling Green,Power Rank,0,no_match
25508,2024,8,Northern Illinois,Bowling Green,Power Rank: Free,0,no_match
25509,2024,8,Northern Illinois,Bowling Green,Professor Sides,0,no_match
25510,2024,8,Northern Illinois,Bowling Green,Room44 Bets,0,no_match
25511,2024,8,Northern Illinois,Bowling Green,SP+,0,no_match
25512,2024,8,Northern Illinois,Bowling Green,Sagarin,0,no_match
25513,2024,8,Northern Illinois,Bowling Green,Sagarin: Golden,0,no_match
25514,2024,8,Northern Illinois,Bowling Green,Sagarin: Predictor,0,no_match
25515,2024,8,Northern Illinois,Bowling Green,Sagarin: Recent,0,no_match
25516,2024,8,Northern Illinois,Bowling Green,SportsLine,0,no_match
25517,2024,8,Northern Illinois,Bowling Green,TShoe Index,0,no_match
25518,2024,8,Northern Illinois,Bowling Green,TeamRankings,0,no_match
25519,2024,8,Northern Illinois,Bowling Green,Trent Sorensen,0,no_match
25520,2024,8,Northern Illinois,Bowling Green,Wilson Ratings,0,no_match
25556,2024,8,Ohio,Central Michigan,Beta_Rank,0,no_match
25557,2024,8,Ohio,Central Michigan,CBCR2: Power,0,no_match
25558,2024,8,Ohio,Central Michigan,CFB Geek,0,no_match
25559,2024,8,Ohio,Central Michigan,CFB Graphs,0,no_match
25560,2024,8,Ohio,Central Michigan,CFB Victory,0,no_match
25561,2024,8,Ohio,Central Michigan,Congrove,0,no_match
25562,2024,8,Ohio,Central Michigan,DRatings,0,no_match
25563,2024,8,Ohio,Central Michigan,Dokter Entropy,0,no_match
25564,2024,8,Ohio,Central Michigan,ESPN FPI,0,no_match
25565,2024,8,Ohio,Central Michigan,FEI,0,no_match
25566,2024,8,Ohio,Central Michigan,Harville,0,no_match
25567,2024,8,Ohio,Central Michigan,JP+,0,no_match
25568,2024,8,Ohio,Central Michigan,John Harris,0,no_match
25569,2024,8,Ohio,Central Michigan,KFord,0,no_match
25570,2024,8,Ohio,Central Michigan,Keeper,0,no_match
25571,2024,8,Ohio,Central Michigan,Massey,0,no_match
25572,2024,8,Ohio,Central Michigan,Matt Grissom,0,no_match
25573,2024,8,Ohio,Central Michigan,Moore Ratings,0,no_match
25574,2024,8,Ohio,Central Michigan,PiRate,0,no_match
25575,2024,8,Ohio,Central Michigan,PiRate: Bias,0,no_match
25576,2024,8,Ohio,Central Michigan,PiRate: Mean,0,no_match
25577,2024,8,Ohio,Central Michigan,Power Rank,0,no_match
25578,2024,8,Ohio,Central Michigan,Power Rank: Free,0,no_match
25579,2024,8,Ohio,Central Michigan,Professor Sides,0,no_match
25580,2024,8,Ohio,Central Michigan,Room44 Bets,0,no_match
25581,2024,8,Ohio,Central Michigan,SP+,0,no_match
25582,2024,8,Ohio,Central Michigan,Sagarin,0,no_match
25583,2024,8,Ohio,Central Michigan,Sagarin: Golden,0,no_match
25584,2024,8,Ohio,Central Michigan,Sagarin: Predictor,0,no_match
25585,2024,8,Ohio,Central Michigan,Sagarin: Recent,0,no_match
25586,2024,8,Ohio,Central Michigan,SportsLine,0,no_match
25587,2024,8,Ohio,Central Michigan,TShoe Index,0,no_match
25588,2024,8,Ohio,Central Michigan,TeamRankings,0,no_match
25589,2024,8,Ohio,Central Michigan,Trent Sorensen,0,no_match
25590,2024,8,Ohio,Central Michigan,Wilson Ratings,0,no_match
25801,2024,8,Southern Mississippi,ULM,Beta_Rank,0,no_match
25802,2024,8,Southern Mississippi,ULM,CBCR2: Power,0,no_match
25803,2024,8,Southern Mississippi,ULM,CFB Geek,0,no_match
25804,2024,8,Southern Mississippi,ULM,CFB Graphs,0,no_match
25805,2024,8,Southern Mississippi,ULM,CFB Victory,0,no_match
25806,2024,8,Southern Mississippi,ULM,Congrove,0,no_match
25807,2024,8,Southern Mississippi,ULM,DRatings,0,no_match
25808,2024,8,Southern Mississippi,ULM,Dokter Entropy,0,no_match
25809,2024,8,Southern Mississippi,ULM,ESPN FPI,0,no_match
25810,2024,8,Southern Mississippi,ULM,FEI,0,no_match
25811,2024,8,Southern Mississippi,ULM,Harville,0,no_match
25812,2024,8,Southern Mississippi,ULM,JP+,0,no_match
25813,2024,8,Southern Mississippi,ULM,John Harris,0,no_match
25814,2024,8,Southern Mississippi,ULM,KFord,0,no_match
25815,2024,8,Southern Mississippi,ULM,Keeper,0,no_match
25816,2024,8,Southern Mississippi,ULM,Massey,0,no_match
25817,2024,8,Southern Mississippi,ULM,Matt Grissom,0,no_match
25818,2024,8,Southern Mississippi,ULM,Moore Ratings,0,no_match
25819,2024,8,Southern Mississippi,ULM,PiRate,0,no_match
25820,2024,8,Southern Mississippi,ULM,PiRate: Bias,0,no_match
25821,2024,8,Southern Mississippi,ULM,PiRate: Mean,0,no_match
25822,2024,8,Southern Mississippi,ULM,Power Rank,0,no_match
25823,2024,8,Southern Mississippi,ULM,Power Rank: Free,0,no_match
25824,2024,8,Southern Mississippi,ULM,Professor Sides,0,no_match
25825,2024,8,Southern Mississippi,ULM,Room44 Bets,0,no_match
25826,2024,8,Southern Mississippi,ULM,SP+,0,no_match
25827,2024,8,Southern Mississippi,ULM,Sagarin,0,no_match
25828,2024,8,Southern Mississippi,ULM,Sagarin: Golden,0,no_match
25829,2024,8,Southern Mississippi,ULM,Sagarin: Predictor,0,no_match
25830,2024,8,Southern Mississippi,ULM,Sagarin: Recent,0,no_match
25831,2024,8,Southern Mississippi,ULM,SportsLine,0,no_match
25832,2024,8,Southern Mississippi,ULM,TShoe Index,0,no_match
25833,2024,8,Southern Mississippi,ULM,TeamRankings,0,no_match
25834,2024,8,Southern Mississippi,ULM,Trent Sorensen,0,no_match
25835,2024,8,Southern Mississippi,ULM,Wilson Ratings,0,no_match
26291,2024,9,Central Michigan,Eastern Michigan,Beta_Rank,0,no_match
26292,2024,9,Central Michigan,Eastern Michigan,CBCR2: Power,0,no_match
26293,2024,9,Central Michigan,Eastern Michigan,CFB Geek,0,no_match
26294,2024,9,Central Michigan,Eastern Michigan,CFB Graphs,0,no_match
26295,2024,9,Central Michigan,Eastern Michigan,CFB Victory,0,no_match
26296,2024,9,Central Michigan,Eastern Michigan,Congrove,0,no_match
26297,2024,9,Central Michigan,Eastern Michigan,DRatings,0,no_match
26298,2024,9,Central Michigan,Eastern Michigan,Dokter Entropy,0,no_match
26299,2024,9,Central Michigan,Eastern Michigan,ESPN FPI,0,no_match
26300,2024,9,Central Michigan,Eastern Michigan,FEI,0,no_match
26301,2024,9,Central Michigan,Eastern Michigan,Harville,0,no_match
26302,2024,9,Central Michigan,Eastern Michigan,JP+,0,no_match
26303,2024,9,Central Michigan,Eastern Michigan,John Harris,0,no_match
26304,2024,9,Central Michigan,Eastern Michigan,KFord,0,no_match
26305,2024,9,Central Michigan,Eastern Michigan,Keeper,0,no_match
26306,2024,9,Central Michigan,Eastern Michigan,Massey,0,no_match
26307,2024,9,Central Michigan,Eastern Michigan,Matt Grissom,0,no_match
26308,2024,9,Central Michigan,Eastern Michigan,Moore Ratings,0,no_match
26309,2024,9,Central Michigan,Eastern Michigan,PiRate,0,no_match
26310,2024,9,Central Michigan,Eastern Michigan,PiRate: Bias,0,no_match
26311,2024,9,Central Michigan,Eastern Michigan,PiRate: Mean,0,no_match
26312,2024,9,Central Michigan,Eastern Michigan,Power Rank,0,no_match
26313,2024,9,Central Michigan,Eastern Michigan,Power Rank: Free,0,no_match
26314,2024,9,Central Michigan,Eastern Michigan,Professor Sides,0,no_match
26315,2024,9,Central Michigan,Eastern Michigan,Room44 Bets,0,no_match
26316,2024,9,Central Michigan,Eastern Michigan,SP+,0,no_match
26317,2024,9,Central Michigan,Eastern Michigan,Sagarin,0,no_match
26318,2024,9,Central Michigan,Eastern Michigan,Sagarin: Golden,0,no_match
26319,2024,9,Central Michigan,Eastern Michigan,Sagarin: Predictor,0,no_match
26320,2024,9,Central Michigan,Eastern Michigan,Sagarin: Recent,0,no_match
26321,2024,9,Central Michigan,Eastern Michigan,SportsLine,0,no_match
26322,2024,9,Central Michigan,Eastern Michigan,TShoe Index,0,no_match
26323,2024,9,Central Michigan,Eastern Michigan,TeamRankings,0,no_match
26324,2024,9,Central Michigan,Eastern Michigan,Trent Sorensen,0,no_match
26325,2024,9,Central Michigan,Eastern Michigan,Wilson Ratings,0,no_match
26431,2024,9,Florida International,UTEP,Beta_Rank,0,no_match
26432,2024,9,Florida International,UTEP,CBCR2: Power,0,no_match
26433,2024,9,Florida International,UTEP,CFB Geek,0,no_match
26434,2024,9,Florida International,UTEP,CFB Graphs,0,no_match
26435,2024,9,Florida International,UTEP,CFB Victory,0,no_match
26436,2024,9,Florida International,UTEP,Congrove,0,no_match
26437,2024,9,Florida International,UTEP,DRatings,0,no_match
26438,2024,9,Florida International,UTEP,Dokter Entropy,0,no_match
26439,2024,9,Florida International,UTEP,ESPN FPI,0,no_match
26440,2024,9,Florida International,UTEP,FEI,0,no_match
26441,2024,9,Florida International,UTEP,Harville,0,no_match
26442,2024,9,Florida International,UTEP,JP+,0,no_match
26443,2024,9,Florida International,UTEP,John Harris,0,no_match
26444,2024,9,Florida International,UTEP,KFord,0,no_match
26445,2024,9,Florida International,UTEP,Keeper,0,no_match
26446,2024,9,Florida International,UTEP,Massey,0,no_match
26447,2024,9,Florida International,UTEP,Matt Grissom,0,no_match
26448,2024,9,Florida International,UTEP,Moore Ratings,0,no_match
26449,2024,9,Florida International,UTEP,PiRate,0,no_match
26450,2024,9,Florida International,UTEP,PiRate: Bias,0,no_match
26451,2024,9,Florida International,UTEP,PiRate: Mean,0,no_match
26452,2024,9,Florida International,UTEP,Power Rank,0,no_match
26453,2024,9,Florida International,UTEP,Power Rank: Free,0,no_match
26454,2024,9,Florida International,UTEP,Professor Sides,0,no_match
26455,2024,9,Florida International,UTEP,Room44 Bets,0,no_match
26456,2024,9,Florida International,UTEP,SP+,0,no_match
26457,2024,9,Florida International,UTEP,Sagarin,0,no_match
26458,2024,9,Florida International,UTEP,Sagarin: Golden,0,no_match
26459,2024,9,Florida International,UTEP,Sagarin: Predictor,0,no_match
26460,2024,9,Florida International,UTEP,Sagarin: Recent,0,no_match
26461,2024,9,Florida International,UTEP,SportsLine,0,no_match
26462,2024,9,Florida International,UTEP,TShoe Index,0,no_match
26463,2024,9,Florida International,UTEP,TeamRankings,0,no_match
26464,2024,9,Florida International,UTEP,Trent Sorensen,0,no_match
26465,2024,9,Florida International,UTEP,Wilson Ratings,0,no_match
26641,2024,9,Kennesaw State,Middle Tennessee,Beta_Rank,0,no_match
26642,2024,9,Kennesaw State,Middle Tennessee,CBCR2: Power,0,no_match
26643,2024,9,Kennesaw State,Middle Tennessee,CFB Geek,0,no_match
26644,2024,9,Kennesaw State,Middle Tennessee,CFB Graphs,0,no_match
26645,2024,9,Kennesaw State,Middle Tennessee,CFB Victory,0,no_match
26646,2024,9,Kennesaw State,Middle Tennessee,Congrove,0,no_match
26647,2024,9,Kennesaw State,Middle Tennessee,DRatings,0,no_match
26648,2024,9,Kennesaw State,Middle Tennessee,Dokter Entropy,0,no_match
26649,2024,9,Kennesaw State,Middle Tennessee,ESPN FPI,0,no_match
26650,2024,9,Kennesaw State,Middle Tennessee,FEI,0,no_match
26651,2024,9,Kennesaw State,Middle Tennessee,Harville,0,no_match
26652,2024,9,Kennesaw State,Middle Tennessee,JP+,0,no_match
26653,2024,9,Kennesaw State,Middle Tennessee,John Harris,0,no_match
26654,2024,9,Kennesaw State,Middle Tennessee,KFord,0,no_match
26655,2024,9,Kennesaw State,Middle Tennessee,Keeper,0,no_match
26656,2024,9,Kennesaw State,Middle Tennessee,Massey,0,no_match
26657,2024,9,Kennesaw State,Middle Tennessee,Matt Grissom,0,no_match
26658,2024,9,Kennesaw State,Middle Tennessee,Moore Ratings,0,no_match
26659,2024,9,Kennesaw State,Middle Tennessee,PiRate,0,no_match
26660,2024,9,Kennesaw State,Middle Tennessee,PiRate: Bias,0,no_match
26661,2024,9,Kennesaw State,Middle Tennessee,PiRate: Mean,0,no_match
26662,2024,9,Kennesaw State,Middle Tennessee,Power Rank,0,no_match
26663,2024,9,Kennesaw State,Middle Tennessee,Power Rank: Free,0,no_match
26664,2024,9,Kennesaw State,Middle Tennessee,Professor Sides,0,no_match
26665,2024,9,Kennesaw State,Middle Tennessee,Room44 Bets,0,no_match
26666,2024,9,Kennesaw State,Middle Tennessee,SP+,0,no_match
26667,2024,9,Kennesaw State,Middle Tennessee,Sagarin,0,no_match
26668,2024,9,Kennesaw State,Middle Tennessee,Sagarin: Golden,0,no_match
26669,2024,9,Kennesaw State,Middle Tennessee,Sagarin: Predictor,0,no_match
26670,2024,9,Kennesaw State,Middle Tennessee,Sagarin: Recent,0,no_match
26671,2024,9,Kennesaw State,Middle Tennessee,SportsLine,0,no_match
26672,2024,9,Kennesaw State,Middle Tennessee,TShoe Index,0,no_match
26673,2024,9,Kennesaw State,Middle Tennessee,TeamRankings,0,no_match
26674,2024,9,Kennesaw State,Middle Tennessee,Trent Sorensen,0,no_match
26675,2024,9,Kennesaw State,Middle Tennessee,Wilson Ratings,0,no_match
26676,2024,9,Kent State,Bowling Green,Beta_Rank,0,no_match
26677,2024,9,Kent State,Bowling Green,CBCR2: Power,0,no_match
26678,2024,9,Kent State,Bowling Green,CFB Geek,0,no_match
26679,2024,9,Kent State,Bowling Green,CFB Graphs,0,no_match
26680,2024,9,Kent State,Bowling Green,CFB Victory,0,no_match
26681,2024,9,Kent State,Bowling Green,Congrove,0,no_match
26682,2024,9,Kent State,Bowling Green,DRatings,0,no_match
26683,2024,9,Kent State,Bowling Green,Dokter Entropy,0,no_match
26684,2024,9,Kent State,Bowling Green,ESPN FPI,0,no_match
26685,2024,9,Kent State,Bowling Green,FEI,0,no_match
26686,2024,9,Kent State,Bowling Green,Harville,0,no_match
26687,2024,9,Kent State,Bowling Green,JP+,0,no_match
26688,2024,9,Kent State,Bowling Green,John Harris,0,no_match
26689,2024,9,Kent State,Bowling Green,KFord,0,no_match
26690,2024,9,Kent State,Bowling Green,Keeper,0,no_match
26691,2024,9,Kent State,Bowling Green,Massey,0,no_match
26692,2024,9,Kent State,Bowling Green,Matt Grissom,0,no_match
26693,2024,9,Kent State,Bowling Green,Moore Ratings,0,no_match
26694,2024,9,Kent State,Bowling Green,PiRate,0,no_match
26695,2024,9,Kent State,Bowling Green,PiRate: Bias,0,no_match
26696,2024,9,Kent State,Bowling Green,PiRate: Mean,0,no_match
26697,2024,9,Kent State,Bowling Green,Power Rank,0,no_match
26698,2024,9,Kent State,Bowling Green,Power Rank: Free,0,no_match
26699,2024,9,Kent State,Bowling Green,Professor Sides,0,no_match
26700,2024,9,Kent State,Bowling Green,Room44 Bets,0,no_match
26701,2024,9,Kent State,Bowling Green,SP+,0,no_match
26702,2024,9,Kent State,Bowling Green,Sagarin,0,no_match
26703,2024,9,Kent State,Bowling Green,Sagarin: Golden,0,no_match
26704,2024,9,Kent State,Bowling Green,Sagarin: Predictor,0,no_match
26705,2024,9,Kent State,Bowling Green,Sagarin: Recent,0,no_match
26706,2024,9,Kent State,Bowling Green,SportsLine,0,no_match
26707,2024,9,Kent State,Bowling Green,TShoe Index,0,no_match
26708,2024,9,Kent State,Bowling Green,TeamRankings,0,no_match
26709,2024,9,Kent State,Bowling Green,Trent Sorensen,0,no_match
26710,2024,9,Kent State,Bowling Green,Wilson Ratings,0,no_match
26781,2024,9,Miami,Louisville,Beta_Rank,0,no_match
26782,2024,9,Miami,Louisville,CBCR2: Power,0,no_match
26783,2024,9,Miami,Louisville,CFB Geek,0,no_match
26784,2024,9,Miami,Louisville,CFB Graphs,0,no_match
26785,2024,9,Miami,Louisville,CFB Victory,0,no_match
26786,2024,9,Miami,Louisville,Congrove,0,no_match
26787,2024,9,Miami,Louisville,DRatings,0,no_match
26788,2024,9,Miami,Louisville,Dokter Entropy,0,no_match
26789,2024,9,Miami,Louisville,ESPN FPI,0,no_match
26790,2024,9,Miami,Louisville,FEI,0,no_match
26791,2024,9,Miami,Louisville,Harville,0,no_match
26792,2024,9,Miami,Louisville,JP+,0,no_match
26793,2024,9,Miami,Louisville,John Harris,0,no_match
26794,2024,9,Miami,Louisville,KFord,0,no_match
26795,2024,9,Miami,Louisville,Keeper,0,no_match
26796,2024,9,Miami,Louisville,Massey,0,no_match
26797,2024,9,Miami,Louisville,Matt Grissom,0,no_match
26798,2024,9,Miami,Louisville,Moore Ratings,0,no_match
26799,2024,9,Miami,Louisville,PiRate,0,no_match
26800,2024,9,Miami,Louisville,PiRate: Bias,0,no_match
26801,2024,9,Miami,Louisville,PiRate: Mean,0,no_match
26802,2024,9,Miami,Louisville,Power Rank,0,no_match
26803,2024,9,Miami,Louisville,Power Rank: Free,0,no_match
26804,2024,9,Miami,Louisville,Professor Sides,0,no_match
26805,2024,9,Miami,Louisville,Room44 Bets,0,no_match
26806,2024,9,Miami,Louisville,SP+,0,no_match
26807,2024,9,Miami,Louisville,Sagarin,0,no_match
26808,2024,9,Miami,Louisville,Sagarin: Golden,0,no_match
26809,2024,9,Miami,Louisville,Sagarin: Predictor,0,no_match
26810,2024,9,Miami,Louisville,Sagarin: Recent,0,no_match
26811,2024,9,Miami,Louisville,SportsLine,0,no_match
26812,2024,9,Miami,Louisville,TShoe Index,0,no_match
26813,2024,9,Miami,Louisville,TeamRankings,0,no_match
26814,2024,9,Miami,Louisville,Trent Sorensen,0,no_match
26815,2024,9,Miami,Louisville,Wilson Ratings,0,no_match
26956,2024,9,Ohio,Miami OH,Beta_Rank,0,no_match
26957,2024,9,Ohio,Miami OH,CBCR2: Power,0,no_match
26958,2024,9,Ohio,Miami OH,CFB Geek,0,no_match
26959,2024,9,Ohio,Miami OH,CFB Graphs,0,no_match
26960,2024,9,Ohio,Miami OH,CFB Victory,0,no_match
26961,2024,9,Ohio,Miami OH,Congrove,0,no_match
26962,2024,9,Ohio,Miami OH,DRatings,0,no_match
26963,2024,9,Ohio,Miami OH,Dokter Entropy,0,no_match
26964,2024,9,Ohio,Miami OH,ESPN FPI,0,no_match
26965,2024,9,Ohio,Miami OH,FEI,0,no_match
26966,2024,9,Ohio,Miami OH,Harville,0,no_match
26967,2024,9,Ohio,Miami OH,JP+,0,no_match
26968,2024,9,Ohio,Miami OH,John Harris,0,no_match
26969,2024,9,Ohio,Miami OH,KFord,0,no_match
26970,2024,9,Ohio,Miami OH,Keeper,0,no_match
26971,2024,9,Ohio,Miami OH,Massey,0,no_match
26972,2024,9,Ohio,Miami OH,Matt Grissom,0,no_match
26973,2024,9,Ohio,Miami OH,Moore Ratings,0,no_match
26974,2024,9,Ohio,Miami OH,PiRate,0,no_match
26975,2024,9,Ohio,Miami OH,PiRate: Bias,0,no_match
26976,2024,9,Ohio,Miami OH,PiRate: Mean,0,no_match
26977,2024,9,Ohio,Miami OH,Power Rank,0,no_match
26978,2024,9,Ohio,Miami OH,Power Rank: Free,0,no_match
26979,2024,9,Ohio,Miami OH,Professor Sides,0,no_match
26980,2024,9,Ohio,Miami OH,Room44 Bets,0,no_match
26981,2024,9,Ohio,Miami OH,SP+,0,no_match
26982,2024,9,Ohio,Miami OH,Sagarin,0,no_match
26983,2024,9,Ohio,Miami OH,Sagarin: Golden,0,no_match
26984,2024,9,Ohio,Miami OH,Sagarin: Predictor,0,no_match
26985,2024,9,Ohio,Miami OH,Sagarin: Recent,0,no_match
26986,2024,9,Ohio,Miami OH,SportsLine,0,no_match
26987,2024,9,Ohio,Miami OH,TShoe Index,0,no_match
26988,2024,9,Ohio,Miami OH,TeamRankings,0,no_match
26989,2024,9,Ohio,Miami OH,Trent Sorensen,0,no_match
26990,2024,9,Ohio,Miami OH,Wilson Ratings,0,no_match
27131,2024,9,Troy,South Alabama,Beta_Rank,0,no_match
27132,2024,9,Troy,South Alabama,CBCR2: Power,0,no_match
27133,2024,9,Troy,South Alabama,CFB Geek,0,no_match
27134,2024,9,Troy,South Alabama,CFB Graphs,0,no_match
27135,2024,9,Troy,South Alabama,CFB Victory,0,no_match
27136,2024,9,Troy,South Alabama,Congrove,0,no_match
27137,2024,9,Troy,South Alabama,DRatings,0,no_match
27138,2024,9,Troy,South Alabama,Dokter Entropy,0,no_match
27139,2024,9,Troy,South Alabama,ESPN FPI,0,no_match
27140,2024,9,Troy,South Alabama,FEI,0,no_match
27141,2024,9,Troy,South Alabama,Harville,0,no_match
27142,2024,9,Troy,South Alabama,JP+,0,no_match
27143,2024,9,Troy,South Alabama,John Harris,0,no_match
27144,2024,9,Troy,South Alabama,KFord,0,no_match
27145,2024,9,Troy,South Alabama,Keeper,0,no_match
27146,2024,9,Troy,South Alabama,Massey,0,no_match
27147,2024,9,Troy,South Alabama,Matt Grissom,0,no_match
27148,2024,9,Troy,South Alabama,Moore Ratings,0,no_match
27149,2024,9,Troy,South Alabama,PiRate,0,no_match
27150,2024,9,Troy,South Alabama,PiRate: Bias,0,no_match
27151,2024,9,Troy,South Alabama,PiRate: Mean,0,no_match
27152,2024,9,Troy,South Alabama,Power Rank,0,no_match
27153,2024,9,Troy,South Alabama,Power Rank: Free,0,no_match
27154,2024,9,Troy,South Alabama,Professor Sides,0,no_match
27155,2024,9,Troy,South Alabama,Room44 Bets,0,no_match
27156,2024,9,Troy,South Alabama,SP+,0,no_match
27157,2024,9,Troy,South Alabama,Sagarin,0,no_match
27158,2024,9,Troy,South Alabama,Sagarin: Golden,0,no_match
27159,2024,9,Troy,South Alabama,Sagarin: Predictor,0,no_match
27160,2024,9,Troy,South Alabama,Sagarin: Recent,0,no_match
27161,2024,9,Troy,South Alabama,SportsLine,0,no_match
27162,2024,9,Troy,South Alabama,TShoe Index,0,no_match
27163,2024,9,Troy,South Alabama,TeamRankings,0,no_match
27164,2024,9,Troy,South Alabama,Trent Sorensen,0,no_match
27165,2024,9,Troy,South Alabama,Wilson Ratings,0,no_match
27306,2024,9,Western Kentucky,Sam Houston,Beta_Rank,0,no_match
27307,2024,9,Western Kentucky,Sam Houston,CBCR2: Power,0,no_match
27308,2024,9,Western Kentucky,Sam Houston,CFB Geek,0,no_match
27309,2024,9,Western Kentucky,Sam Houston,CFB Graphs,0,no_match
27310,2024,9,Western Kentucky,Sam Houston,CFB Victory,0,no_match
27311,2024,9,Western Kentucky,Sam Houston,Congrove,0,no_match
27312,2024,9,Western Kentucky,Sam Houston,DRatings,0,no_match
27313,2024,9,Western Kentucky,Sam Houston,Dokter Entropy,0,no_match
27314,2024,9,Western Kentucky,Sam Houston,ESPN FPI,0,no_match
27315,2024,9,Western Kentucky,Sam Houston,FEI,0,no_match
27316,2024,9,Western Kentucky,Sam Houston,Harville,0,no_match
27317,2024,9,Western Kentucky,Sam Houston,JP+,0,no_match
27318,2024,9,Western Kentucky,Sam Houston,John Harris,0,no_match
27319,2024,9,Western Kentucky,Sam Houston,KFord,0,no_match
27320,2024,9,Western Kentucky,Sam Houston,Keeper,0,no_match
27321,2024,9,Western Kentucky,Sam Houston,Massey,0,no_match
27322,2024,9,Western Kentucky,Sam Houston,Matt Grissom,0,no_match
27323,2024,9,Western Kentucky,Sam Houston,Moore Ratings,0,no_match
27324,2024,9,Western Kentucky,Sam Houston,PiRate,0,no_match
27325,2024,9,Western Kentucky,Sam Houston,PiRate: Bias,0,no_match
27326,2024,9,Western Kentucky,Sam Houston,PiRate: Mean,0,no_match
27327,2024,9,Western Kentucky,Sam Houston,Power Rank,0,no_match
27328,2024,9,Western Kentucky,Sam Houston,Power Rank: Free,0,no_match
27329,2024,9,Western Kentucky,Sam Houston,Professor Sides,0,no_match
27330,2024,9,Western Kentucky,Sam Houston,Room44 Bets,0,no_match
27331,2024,9,Western Kentucky,Sam Houston,SP+,0,no_match
27332,2024,9,Western Kentucky,Sam Houston,Sagarin,0,no_match
27333,2024,9,Western Kentucky,Sam Houston,Sagarin: Golden,0,no_match
27334,2024,9,Western Kentucky,Sam Houston,Sagarin: Predictor,0,no_match
27335,2024,9,Western Kentucky,Sam Houston,Sagarin: Recent,0,no_match
27336,2024,9,Western Kentucky,Sam Houston,SportsLine,0,no_match
27337,2024,9,Western Kentucky,Sam Houston,TShoe Index,0,no_match
27338,2024,9,Western Kentucky,Sam Houston,TeamRankings,0,no_match
27339,2024,9,Western Kentucky,Sam Houston,Trent Sorensen,0,no_match
27340,2024,9,Western Kentucky,Sam Houston,Wilson Ratings,0,no_match
27551,2024,10,Central Michigan,Miami OH,Beta_Rank,0,no_match
27552,2024,10,Central Michigan,Miami OH,CBCR2: Power,0,no_match
27553,2024,10,Central Michigan,Miami OH,CFB Geek,0,no_match
27554,2024,10,Central Michigan,Miami OH,CFB Graphs,0,no_match
27555,2024,10,Central Michigan,Miami OH,CFB Victory,0,no_match
27556,2024,10,Central Michigan,Miami OH,Congrove,0,no_match
27557,2024,10,Central Michigan,Miami OH,DRatings,0,no_match
27558,2024,10,Central Michigan,Miami OH,Dokter Entropy,0,no_match
27559,2024,10,Central Michigan,Miami OH,ESPN FPI,0,no_match
27560,2024,10,Central Michigan,Miami OH,FEI,0,no_match
27561,2024,10,Central Michigan,Miami OH,Harville,0,no_match
27562,2024,10,Central Michigan,Miami OH,JP+,0,no_match
27563,2024,10,Central Michigan,Miami OH,John Harris,0,no_match
27564,2024,10,Central Michigan,Miami OH,KFord,0,no_match
27565,2024,10,Central Michigan,Miami OH,Keeper,0,no_match
27566,2024,10,Central Michigan,Miami OH,Massey,0,no_match
27567,2024,10,Central Michigan,Miami OH,Matt Grissom,0,no_match
27568,2024,10,Central Michigan,Miami OH,Moore Ratings,0,no_match
27569,2024,10,Central Michigan,Miami OH,PiRate,0,no_match
27570,2024,10,Central Michigan,Miami OH,PiRate: Bias,0,no_match
27571,2024,10,Central Michigan,Miami OH,PiRate: Mean,0,no_match
27572,2024,10,Central Michigan,Miami OH,Power Rank,0,no_match
27573,2024,10,Central Michigan,Miami OH,Power Rank: Free,0,no_match
27574,2024,10,Central Michigan,Miami OH,Professor Sides,0,no_match
27575,2024,10,Central Michigan,Miami OH,Room44 Bets,0,no_match
27576,2024,10,Central Michigan,Miami OH,SP+,0,no_match
27577,2024,10,Central Michigan,Miami OH,Sagarin,0,no_match
27578,2024,10,Central Michigan,Miami OH,Sagarin: Golden,0,no_match
27579,2024,10,Central Michigan,Miami OH,Sagarin: Predictor,0,no_match
27580,2024,10,Central Michigan,Miami OH,Sagarin: Recent,0,no_match
27581,2024,10,Central Michigan,Miami OH,SportsLine,0,no_match
27582,2024,10,Central Michigan,Miami OH,TShoe Index,0,no_match
27583,2024,10,Central Michigan,Miami OH,TeamRankings,0,no_match
27584,2024,10,Central Michigan,Miami OH,Trent Sorensen,0,no_match
27585,2024,10,Central Michigan,Miami OH,Wilson Ratings,0,no_match
27621,2024,10,Eastern Michigan,Akron,Beta_Rank,0,no_match
27622,2024,10,Eastern Michigan,Akron,CBCR2: Power,0,no_match
27623,2024,10,Eastern Michigan,Akron,CFB Geek,0,no_match
27624,2024,10,Eastern Michigan,Akron,CFB Graphs,0,no_match
27625,2024,10,Eastern Michigan,Akron,CFB Victory,0,no_match
27626,2024,10,Eastern Michigan,Akron,Congrove,0,no_match
27627,2024,10,Eastern Michigan,Akron,DRatings,0,no_match
27628,2024,10,Eastern Michigan,Akron,Dokter Entropy,0,no_match
27629,2024,10,Eastern Michigan,Akron,ESPN FPI,0,no_match
27630,2024,10,Eastern Michigan,Akron,FEI,0,no_match
27631,2024,10,Eastern Michigan,Akron,Harville,0,no_match
27632,2024,10,Eastern Michigan,Akron,JP+,0,no_match
27633,2024,10,Eastern Michigan,Akron,John Harris,0,no_match
27634,2024,10,Eastern Michigan,Akron,KFord,0,no_match
27635,2024,10,Eastern Michigan,Akron,Keeper,0,no_match
27636,2024,10,Eastern Michigan,Akron,Massey,0,no_match
27637,2024,10,Eastern Michigan,Akron,Matt Grissom,0,no_match
27638,2024,10,Eastern Michigan,Akron,Moore Ratings,0,no_match
27639,2024,10,Eastern Michigan,Akron,PiRate,0,no_match
27640,2024,10,Eastern Michigan,Akron,PiRate: Bias,0,no_match
27641,2024,10,Eastern Michigan,Akron,PiRate: Mean,0,no_match
27642,2024,10,Eastern Michigan,Akron,Power Rank,0,no_match
27643,2024,10,Eastern Michigan,Akron,Power Rank: Free,0,no_match
27644,2024,10,Eastern Michigan,Akron,Professor Sides,0,no_match
27645,2024,10,Eastern Michigan,Akron,Room44 Bets,0,no_match
27646,2024,10,Eastern Michigan,Akron,SP+,0,no_match
27647,2024,10,Eastern Michigan,Akron,Sagarin,0,no_match
27648,2024,10,Eastern Michigan,Akron,Sagarin: Golden,0,no_match
27649,2024,10,Eastern Michigan,Akron,Sagarin: Predictor,0,no_match
27650,2024,10,Eastern Michigan,Akron,Sagarin: Recent,0,no_match
27651,2024,10,Eastern Michigan,Akron,SportsLine,0,no_match
27652,2024,10,Eastern Michigan,Akron,TShoe Index,0,no_match
27653,2024,10,Eastern Michigan,Akron,TeamRankings,0,no_match
27654,2024,10,Eastern Michigan,Akron,Trent Sorensen,0,no_match
27655,2024,10,Eastern Michigan,Akron,Wilson Ratings,0,no_match
27796,2024,10,Kent State,Western Michigan,Beta_Rank,0,no_match
27797,2024,10,Kent State,Western Michigan,CBCR2: Power,0,no_match
27798,2024,10,Kent State,Western Michigan,CFB Geek,0,no_match
27799,2024,10,Kent State,Western Michigan,CFB Graphs,0,no_match
27800,2024,10,Kent State,Western Michigan,CFB Victory,0,no_match
27801,2024,10,Kent State,Western Michigan,Congrove,0,no_match
27802,2024,10,Kent State,Western Michigan,DRatings,0,no_match
27803,2024,10,Kent State,Western Michigan,Dokter Entropy,0,no_match
27804,2024,10,Kent State,Western Michigan,ESPN FPI,0,no_match
27805,2024,10,Kent State,Western Michigan,FEI,0,no_match
27806,2024,10,Kent State,Western Michigan,Harville,0,no_match
27807,2024,10,Kent State,Western Michigan,JP+,0,no_match
27808,2024,10,Kent State,Western Michigan,John Harris,0,no_match
27809,2024,10,Kent State,Western Michigan,KFord,0,no_match
27810,2024,10,Kent State,Western Michigan,Keeper,0,no_match
27811,2024,10,Kent State,Western Michigan,Massey,0,no_match
27812,2024,10,Kent State,Western Michigan,Matt Grissom,0,no_match
27813,2024,10,Kent State,Western Michigan,Moore Ratings,0,no_match
27814,2024,10,Kent State,Western Michigan,PiRate,0,no_match
27815,2024,10,Kent State,Western Michigan,PiRate: Bias,0,no_match
27816,2024,10,Kent State,Western Michigan,PiRate: Mean,0,no_match
27817,2024,10,Kent State,Western Michigan,Power Rank,0,no_match
27818,2024,10,Kent State,Western Michigan,Power Rank: Free,0,no_match
27819,2024,10,Kent State,Western Michigan,Professor Sides,0,no_match
27820,2024,10,Kent State,Western Michigan,Room44 Bets,0,no_match
27821,2024,10,Kent State,Western Michigan,SP+,0,no_match
27822,2024,10,Kent State,Western Michigan,Sagarin,0,no_match
27823,2024,10,Kent State,Western Michigan,Sagarin: Golden,0,no_match
27824,2024,10,Kent State,Western Michigan,Sagarin: Predictor,0,no_match
27825,2024,10,Kent State,Western Michigan,Sagarin: Recent,0,no_match
27826,2024,10,Kent State,Western Michigan,SportsLine,0,no_match
27827,2024,10,Kent State,Western Michigan,TShoe Index,0,no_match
27828,2024,10,Kent State,Western Michigan,TeamRankings,0,no_match
27829,2024,10,Kent State,Western Michigan,Trent Sorensen,0,no_match
27830,2024,10,Kent State,Western Michigan,Wilson Ratings,0,no_match
27936,2024,10,Middle Tennessee,Jacksonville State,Beta_Rank,0,no_match
27937,2024,10,Middle Tennessee,Jacksonville State,CBCR2: Power,0,no_match
27938,2024,10,Middle Tennessee,Jacksonville State,CFB Geek,0,no_match
27939,2024,10,Middle Tennessee,Jacksonville State,CFB Graphs,0,no_match
27940,2024,10,Middle Tennessee,Jacksonville State,CFB Victory,0,no_match
27941,2024,10,Middle Tennessee,Jacksonville State,Congrove,0,no_match
27942,2024,10,Middle Tennessee,Jacksonville State,DRatings,0,no_match
27943,2024,10,Middle Tennessee,Jacksonville State,Dokter Entropy,0,no_match
27944,2024,10,Middle Tennessee,Jacksonville State,ESPN FPI,0,no_match
27945,2024,10,Middle Tennessee,Jacksonville State,FEI,0,no_match
27946,2024,10,Middle Tennessee,Jacksonville State,Harville,0,no_match
27947,2024,10,Middle Tennessee,Jacksonville State,JP+,0,no_match
27948,2024,10,Middle Tennessee,Jacksonville State,John Harris,0,no_match
27949,2024,10,Middle Tennessee,Jacksonville State,KFord,0,no_match
27950,2024,10,Middle Tennessee,Jacksonville State,Keeper,0,no_match
27951,2024,10,Middle Tennessee,Jacksonville State,Massey,0,no_match
27952,2024,10,Middle Tennessee,Jacksonville State,Matt Grissom,0,no_match
27953,2024,10,Middle Tennessee,Jacksonville State,Moore Ratings,0,no_match
27954,2024,10,Middle Tennessee,Jacksonville State,PiRate,0,no_match
27955,2024,10,Middle Tennessee,Jacksonville State,PiRate: Bias,0,no_match
27956,2024,10,Middle Tennessee,Jacksonville State,PiRate: Mean,0,no_match
27957,2024,10,Middle Tennessee,Jacksonville State,Power Rank,0,no_match
27958,2024,10,Middle Tennessee,Jacksonville State,Power Rank: Free,0,no_match
27959,2024,10,Middle Tennessee,Jacksonville State,Professor Sides,0,no_match
27960,2024,10,Middle Tennessee,Jacksonville State,Room44 Bets,0,no_match
27961,2024,10,Middle Tennessee,Jacksonville State,SP+,0,no_match
27962,2024,10,Middle Tennessee,Jacksonville State,Sagarin,0,no_match
27963,2024,10,Middle Tennessee,Jacksonville State,Sagarin: Golden,0,no_match
27964,2024,10,Middle Tennessee,Jacksonville State,Sagarin: Predictor,0,no_match
27965,2024,10,Middle Tennessee,Jacksonville State,Sagarin: Recent,0,no_match
27966,2024,10,Middle Tennessee,Jacksonville State,SportsLine,0,no_match
27967,2024,10,Middle Tennessee,Jacksonville State,TShoe Index,0,no_match
27968,2024,10,Middle Tennessee,Jacksonville State,TeamRankings,0,no_match
27969,2024,10,Middle Tennessee,Jacksonville State,Trent Sorensen,0,no_match
27970,2024,10,Middle Tennessee,Jacksonville State,Wilson Ratings,0,no_match
28111,2024,10,Northern Illinois,Ball State,Beta_Rank,0,no_match
28112,2024,10,Northern Illinois,Ball State,CBCR2: Power,0,no_match
28113,2024,10,Northern Illinois,Ball State,CFB Geek,0,no_match
28114,2024,10,Northern Illinois,Ball State,CFB Graphs,0,no_match
28115,2024,10,Northern Illinois,Ball State,CFB Victory,0,no_match
28116,2024,10,Northern Illinois,Ball State,Congrove,0,no_match
28117,2024,10,Northern Illinois,Ball State,DRatings,0,no_match
28118,2024,10,Northern Illinois,Ball State,Dokter Entropy,0,no_match
28119,2024,10,Northern Illinois,Ball State,ESPN FPI,0,no_match
28120,2024,10,Northern Illinois,Ball State,FEI,0,no_match
28121,2024,10,Northern Illinois,Ball State,Harville,0,no_match
28122,2024,10,Northern Illinois,Ball State,JP+,0,no_match
28123,2024,10,Northern Illinois,Ball State,John Harris,0,no_match
28124,2024,10,Northern Illinois,Ball State,KFord,0,no_match
28125,2024,10,Northern Illinois,Ball State,Keeper,0,no_match
28126,2024,10,Northern Illinois,Ball State,Massey,0,no_match
28127,2024,10,Northern Illinois,Ball State,Matt Grissom,0,no_match
28128,2024,10,Northern Illinois,Ball State,Moore Ratings,0,no_match
28129,2024,10,Northern Illinois,Ball State,PiRate,0,no_match
28130,2024,10,Northern Illinois,Ball State,PiRate: Bias,0,no_match
28131,2024,10,Northern Illinois,Ball State,PiRate: Mean,0,no_match
28132,2024,10,Northern Illinois,Ball State,Power Rank,0,no_match
28133,2024,10,Northern Illinois,Ball State,Power Rank: Free,0,no_match
28134,2024,10,Northern Illinois,Ball State,Professor Sides,0,no_match
28135,2024,10,Northern Illinois,Ball State,Room44 Bets,0,no_match
28136,2024,10,Northern Illinois,Ball State,SP+,0,no_match
28137,2024,10,Northern Illinois,Ball State,Sagarin,0,no_match
28138,2024,10,Northern Illinois,Ball State,Sagarin: Golden,0,no_match
28139,2024,10,Northern Illinois,Ball State,Sagarin: Predictor,0,no_match
28140,2024,10,Northern Illinois,Ball State,Sagarin: Recent,0,no_match
28141,2024,10,Northern Illinois,Ball State,SportsLine,0,no_match
28142,2024,10,Northern Illinois,Ball State,TShoe Index,0,no_match
28143,2024,10,Northern Illinois,Ball State,TeamRankings,0,no_match
28144,2024,10,Northern Illinois,Ball State,Trent Sorensen,0,no_match
28145,2024,10,Northern Illinois,Ball State,Wilson Ratings,0,no_match
28321,2024,10,Sam Houston,Florida International,Beta_Rank,0,no_match
28322,2024,10,Sam Houston,Florida International,CBCR2: Power,0,no_match
28323,2024,10,Sam Houston,Florida International,CFB Geek,0,no_match
28324,2024,10,Sam Houston,Florida International,CFB Graphs,0,no_match
28325,2024,10,Sam Houston,Florida International,CFB Victory,0,no_match
28326,2024,10,Sam Houston,Florida International,Congrove,0,no_match
28327,2024,10,Sam Houston,Florida International,DRatings,0,no_match
28328,2024,10,Sam Houston,Florida International,Dokter Entropy,0,no_match
28329,2024,10,Sam Houston,Florida International,ESPN FPI,0,no_match
28330,2024,10,Sam Houston,Florida International,FEI,0,no_match
28331,2024,10,Sam Houston,Florida International,Harville,0,no_match
28332,2024,10,Sam Houston,Florida International,JP+,0,no_match
28333,2024,10,Sam Houston,Florida International,John Harris,0,no_match
28334,2024,10,Sam Houston,Florida International,KFord,0,no_match
28335,2024,10,Sam Houston,Florida International,Keeper,0,no_match
28336,2024,10,Sam Houston,Florida International,Massey,0,no_match
28337,2024,10,Sam Houston,Florida International,Matt Grissom,0,no_match
28338,2024,10,Sam Houston,Florida International,Moore Ratings,0,no_match
28339,2024,10,Sam Houston,Florida International,PiRate,0,no_match
28340,2024,10,Sam Houston,Florida International,PiRate: Bias,0,no_match
28341,2024,10,Sam Houston,Florida International,PiRate: Mean,0,no_match
28342,2024,10,Sam Houston,Florida International,Power Rank,0,no_match
28343,2024,10,Sam Houston,Florida International,Power Rank: Free,0,no_match
28344,2024,10,Sam Houston,Florida International,Professor Sides,0,no_match
28345,2024,10,Sam Houston,Florida International,Room44 Bets,0,no_match
28346,2024,10,Sam Houston,Florida International,SP+,0,no_match
28347,2024,10,Sam Houston,Florida International,Sagarin,0,no_match
28348,2024,10,Sam Houston,Florida International,Sagarin: Golden,0,no_match
28349,2024,10,Sam Houston,Florida International,Sagarin: Predictor,0,no_match
28350,2024,10,Sam Houston,Florida International,Sagarin: Recent,0,no_match
28351,2024,10,Sam Houston,Florida International,SportsLine,0,no_match
28352,2024,10,Sam Houston,Florida International,TShoe Index,0,no_match
28353,2024,10,Sam Houston,Florida International,TeamRankings,0,no_match
28354,2024,10,Sam Houston,Florida International,Trent Sorensen,0,no_match
28355,2024,10,Sam Houston,Florida International,Wilson Ratings,0,no_match
28356,2024,10,Southern Mississippi,James Madison,Beta_Rank,0,no_match
28357,2024,10,Southern Mississippi,James Madison,CBCR2: Power,0,no_match
28358,2024,10,Southern Mississippi,James Madison,CFB Geek,0,no_match
28359,2024,10,Southern Mississippi,James Madison,CFB Graphs,0,no_match
28360,2024,10,Southern Mississippi,James Madison,CFB Victory,0,no_match
28361,2024,10,Southern Mississippi,James Madison,Congrove,0,no_match
28362,2024,10,Southern Mississippi,James Madison,DRatings,0,no_match
28363,2024,10,Southern Mississippi,James Madison,Dokter Entropy,0,no_match
28364,2024,10,Southern Mississippi,James Madison,ESPN FPI,0,no_match
28365,2024,10,Southern Mississippi,James Madison,FEI,0,no_match
28366,2024,10,Southern Mississippi,James Madison,Harville,0,no_match
28367,2024,10,Southern Mississippi,James Madison,JP+,0,no_match
28368,2024,10,Southern Mississippi,James Madison,John Harris,0,no_match
28369,2024,10,Southern Mississippi,James Madison,KFord,0,no_match
28370,2024,10,Southern Mississippi,James Madison,Keeper,0,no_match
28371,2024,10,Southern Mississippi,James Madison,Massey,0,no_match
28372,2024,10,Southern Mississippi,James Madison,Matt Grissom,0,no_match
28373,2024,10,Southern Mississippi,James Madison,Moore Ratings,0,no_match
28374,2024,10,Southern Mississippi,James Madison,PiRate,0,no_match
28375,2024,10,Southern Mississippi,James Madison,PiRate: Bias,0,no_match
28376,2024,10,Southern Mississippi,James Madison,PiRate: Mean,0,no_match
28377,2024,10,Southern Mississippi,James Madison,Power Rank,0,no_match
28378,2024,10,Southern Mississippi,James Madison,Power Rank: Free,0,no_match
28379,2024,10,Southern Mississippi,James Madison,Professor Sides,0,no_match
28380,2024,10,Southern Mississippi,James Madison,Room44 Bets,0,no_match
28381,2024,10,Southern Mississippi,James Madison,SP+,0,no_match
28382,2024,10,Southern Mississippi,James Madison,Sagarin,0,no_match
28383,2024,10,Southern Mississippi,James Madison,Sagarin: Golden,0,no_match
28384,2024,10,Southern Mississippi,James Madison,Sagarin: Predictor,0,no_match
28385,2024,10,Southern Mississippi,James Madison,Sagarin: Recent,0,no_match
28386,2024,10,Southern Mississippi,James Madison,SportsLine,0,no_match
28387,2024,10,Southern Mississippi,James Madison,TShoe Index,0,no_match
28388,2024,10,Southern Mississippi,James Madison,TeamRankings,0,no_match
28389,2024,10,Southern Mississippi,James Madison,Trent Sorensen,0,no_match
28390,2024,10,Southern Mississippi,James Madison,Wilson Ratings,0,no_match
28741,2024,11,Coastal Carolina,Troy,Beta_Rank,0,no_match
28742,2024,11,Coastal Carolina,Troy,CBCR2: Power,0,no_match
28743,2024,11,Coastal Carolina,Troy,CFB Geek,0,no_match
28744,2024,11,Coastal Carolina,Troy,CFB Graphs,0,no_match
28745,2024,11,Coastal Carolina,Troy,CFB Victory,0,no_match
28746,2024,11,Coastal Carolina,Troy,Congrove,0,no_match
28747,2024,11,Coastal Carolina,Troy,DRatings,0,no_match
28748,2024,11,Coastal Carolina,Troy,Dokter Entropy,0,no_match
28749,2024,11,Coastal Carolina,Troy,ESPN FPI,0,no_match
28750,2024,11,Coastal Carolina,Troy,FEI,0,no_match
28751,2024,11,Coastal Carolina,Troy,Harville,0,no_match
28752,2024,11,Coastal Carolina,Troy,JP+,0,no_match
28753,2024,11,Coastal Carolina,Troy,John Harris,0,no_match
28754,2024,11,Coastal Carolina,Troy,KFord,0,no_match
28755,2024,11,Coastal Carolina,Troy,Keeper,0,no_match
28756,2024,11,Coastal Carolina,Troy,Massey,0,no_match
28757,2024,11,Coastal Carolina,Troy,Matt Grissom,0,no_match
28758,2024,11,Coastal Carolina,Troy,Moore Ratings,0,no_match
28759,2024,11,Coastal Carolina,Troy,PiRate,0,no_match
28760,2024,11,Coastal Carolina,Troy,PiRate: Bias,0,no_match
28761,2024,11,Coastal Carolina,Troy,PiRate: Mean,0,no_match
28762,2024,11,Coastal Carolina,Troy,Power Rank,0,no_match
28763,2024,11,Coastal Carolina,Troy,Power Rank: Free,0,no_match
28764,2024,11,Coastal Carolina,Troy,Professor Sides,0,no_match
28765,2024,11,Coastal Carolina,Troy,Room44 Bets,0,no_match
28766,2024,11,Coastal Carolina,Troy,SP+,0,no_match
28767,2024,11,Coastal Carolina,Troy,Sagarin,0,no_match
28768,2024,11,Coastal Carolina,Troy,Sagarin: Golden,0,no_match
28769,2024,11,Coastal Carolina,Troy,Sagarin: Predictor,0,no_match
28770,2024,11,Coastal Carolina,Troy,Sagarin: Recent,0,no_match
28771,2024,11,Coastal Carolina,Troy,SportsLine,0,no_match
28772,2024,11,Coastal Carolina,Troy,TShoe Index,0,no_match
28773,2024,11,Coastal Carolina,Troy,TeamRankings,0,no_match
28774,2024,11,Coastal Carolina,Troy,Trent Sorensen,0,no_match
28775,2024,11,Coastal Carolina,Troy,Wilson Ratings,0,no_match
28776,2024,11,Duke,Miami,Beta_Rank,0,no_match
28777,2024,11,Duke,Miami,CBCR2: Power,0,no_match
28778,2024,11,Duke,Miami,CFB Geek,0,no_match
28779,2024,11,Duke,Miami,CFB Graphs,0,no_match
28780,2024,11,Duke,Miami,CFB Victory,0,no_match
28781,2024,11,Duke,Miami,Congrove,0,no_match
28782,2024,11,Duke,Miami,DRatings,0,no_match
28783,2024,11,Duke,Miami,Dokter Entropy,0,no_match
28784,2024,11,Duke,Miami,ESPN FPI,0,no_match
28785,2024,11,Duke,Miami,FEI,0,no_match
28786,2024,11,Duke,Miami,Harville,0,no_match
28787,2024,11,Duke,Miami,JP+,0,no_match
28788,2024,11,Duke,Miami,John Harris,0,no_match
28789,2024,11,Duke,Miami,KFord,0,no_match
28790,2024,11,Duke,Miami,Keeper,0,no_match
28791,2024,11,Duke,Miami,Massey,0,no_match
28792,2024,11,Duke,Miami,Matt Grissom,0,no_match
28793,2024,11,Duke,Miami,Moore Ratings,0,no_match
28794,2024,11,Duke,Miami,PiRate,0,no_match
28795,2024,11,Duke,Miami,PiRate: Bias,0,no_match
28796,2024,11,Duke,Miami,PiRate: Mean,0,no_match
28797,2024,11,Duke,Miami,Power Rank,0,no_match
28798,2024,11,Duke,Miami,Power Rank: Free,0,no_match
28799,2024,11,Duke,Miami,Professor Sides,0,no_match
28800,2024,11,Duke,Miami,Room44 Bets,0,no_match
28801,2024,11,Duke,Miami,SP+,0,no_match
28802,2024,11,Duke,Miami,Sagarin,0,no_match
28803,2024,11,Duke,Miami,Sagarin: Golden,0,no_match
28804,2024,11,Duke,Miami,Sagarin: Predictor,0,no_match
28805,2024,11,Duke,Miami,Sagarin: Recent,0,no_match
28806,2024,11,Duke,Miami,SportsLine,0,no_match
28807,2024,11,Duke,Miami,TShoe Index,0,no_match
28808,2024,11,Duke,Miami,TeamRankings,0,no_match
28809,2024,11,Duke,Miami,Trent Sorensen,0,no_match
28810,2024,11,Duke,Miami,Wilson Ratings,0,no_match
29056,2024,11,Louisiana Tech,Sam Houston,Beta_Rank,0,no_match
29057,2024,11,Louisiana Tech,Sam Houston,CBCR2: Power,0,no_match
29058,2024,11,Louisiana Tech,Sam Houston,CFB Geek,0,no_match
29059,2024,11,Louisiana Tech,Sam Houston,CFB Graphs,0,no_match
29060,2024,11,Louisiana Tech,Sam Houston,CFB Victory,0,no_match
29061,2024,11,Louisiana Tech,Sam Houston,Congrove,0,no_match
29062,2024,11,Louisiana Tech,Sam Houston,DRatings,0,no_match
29063,2024,11,Louisiana Tech,Sam Houston,Dokter Entropy,0,no_match
29064,2024,11,Louisiana Tech,Sam Houston,ESPN FPI,0,no_match
29065,2024,11,Louisiana Tech,Sam Houston,FEI,0,no_match
29066,2024,11,Louisiana Tech,Sam Houston,Harville,0,no_match
29067,2024,11,Louisiana Tech,Sam Houston,JP+,0,no_match
29068,2024,11,Louisiana Tech,Sam Houston,John Harris,0,no_match
29069,2024,11,Louisiana Tech,Sam Houston,KFord,0,no_match
29070,2024,11,Louisiana Tech,Sam Houston,Keeper,0,no_match
29071,2024,11,Louisiana Tech,Sam Houston,Massey,0,no_match
29072,2024,11,Louisiana Tech,Sam Houston,Matt Grissom,0,no_match
29073,2024,11,Louisiana Tech,Sam Houston,Moore Ratings,0,no_match
29074,2024,11,Louisiana Tech,Sam Houston,PiRate,0,no_match
29075,2024,11,Louisiana Tech,Sam Houston,PiRate: Bias,0,no_match
29076,2024,11,Louisiana Tech,Sam Houston,PiRate: Mean,0,no_match
29077,2024,11,Louisiana Tech,Sam Houston,Power Rank,0,no_match
29078,2024,11,Louisiana Tech,Sam Houston,Power Rank: Free,0,no_match
29079,2024,11,Louisiana Tech,Sam Houston,Professor Sides,0,no_match
29080,2024,11,Louisiana Tech,Sam Houston,Room44 Bets,0,no_match
29081,2024,11,Louisiana Tech,Sam Houston,SP+,0,no_match
29082,2024,11,Louisiana Tech,Sam Houston,Sagarin,0,no_match
29083,2024,11,Louisiana Tech,Sam Houston,Sagarin: Golden,0,no_match
29084,2024,11,Louisiana Tech,Sam Houston,Sagarin: Predictor,0,no_match
29085,2024,11,Louisiana Tech,Sam Houston,Sagarin: Recent,0,no_match
29086,2024,11,Louisiana Tech,Sam Houston,SportsLine,0,no_match
29087,2024,11,Louisiana Tech,Sam Houston,TShoe Index,0,no_match
29088,2024,11,Louisiana Tech,Sam Houston,TeamRankings,0,no_match
29089,2024,11,Louisiana Tech,Sam Houston,Trent Sorensen,0,no_match
29090,2024,11,Louisiana Tech,Sam Houston,Wilson Ratings,0,no_match
29126,2024,11,Middle Tennessee,UTEP,Beta_Rank,0,no_match
29127,2024,11,Middle Tennessee,UTEP,CBCR2: Power,0,no_match
29128,2024,11,Middle Tennessee,UTEP,CFB Geek,0,no_match
29129,2024,11,Middle Tennessee,UTEP,CFB Graphs,0,no_match
29130,2024,11,Middle Tennessee,UTEP,CFB Victory,0,no_match
29131,2024,11,Middle Tennessee,UTEP,Congrove,0,no_match
29132,2024,11,Middle Tennessee,UTEP,DRatings,0,no_match
29133,2024,11,Middle Tennessee,UTEP,Dokter Entropy,0,no_match
29134,2024,11,Middle Tennessee,UTEP,ESPN FPI,0,no_match
29135,2024,11,Middle Tennessee,UTEP,FEI,0,no_match
29136,2024,11,Middle Tennessee,UTEP,Harville,0,no_match
29137,2024,11,Middle Tennessee,UTEP,JP+,0,no_match
29138,2024,11,Middle Tennessee,UTEP,John Harris,0,no_match
29139,2024,11,Middle Tennessee,UTEP,KFord,0,no_match
29140,2024,11,Middle Tennessee,UTEP,Keeper,0,no_match
29141,2024,11,Middle Tennessee,UTEP,Massey,0,no_match
29142,2024,11,Middle Tennessee,UTEP,Matt Grissom,0,no_match
29143,2024,11,Middle Tennessee,UTEP,Moore Ratings,0,no_match
29144,2024,11,Middle Tennessee,UTEP,PiRate,0,no_match
29145,2024,11,Middle Tennessee,UTEP,PiRate: Bias,0,no_match
29146,2024,11,Middle Tennessee,UTEP,PiRate: Mean,0,no_match
29147,2024,11,Middle Tennessee,UTEP,Power Rank,0,no_match
29148,2024,11,Middle Tennessee,UTEP,Power Rank: Free,0,no_match
29149,2024,11,Middle Tennessee,UTEP,Professor Sides,0,no_match
29150,2024,11,Middle Tennessee,UTEP,Room44 Bets,0,no_match
29151,2024,11,Middle Tennessee,UTEP,SP+,0,no_match
29152,2024,11,Middle Tennessee,UTEP,Sagarin,0,no_match
29153,2024,11,Middle Tennessee,UTEP,Sagarin: Golden,0,no_match
29154,2024,11,Middle Tennessee,UTEP,Sagarin: Predictor,0,no_match
29155,2024,11,Middle Tennessee,UTEP,Sagarin: Recent,0,no_match
29156,2024,11,Middle Tennessee,UTEP,SportsLine,0,no_match
29157,2024,11,Middle Tennessee,UTEP,TShoe Index,0,no_match
29158,2024,11,Middle Tennessee,UTEP,TeamRankings,0,no_match
29159,2024,11,Middle Tennessee,UTEP,Trent Sorensen,0,no_match
29160,2024,11,Middle Tennessee,UTEP,Wilson Ratings,0,no_match
29231,2024,11,New Mexico State,Florida International,Beta_Rank,0,no_match
29232,2024,11,New Mexico State,Florida International,CBCR2: Power,0,no_match
29233,2024,11,New Mexico State,Florida International,CFB Geek,0,no_match
29234,2024,11,New Mexico State,Florida International,CFB Graphs,0,no_match
29235,2024,11,New Mexico State,Florida International,CFB Victory,0,no_match
29236,2024,11,New Mexico State,Florida International,Congrove,0,no_match
29237,2024,11,New Mexico State,Florida International,DRatings,0,no_match
29238,2024,11,New Mexico State,Florida International,Dokter Entropy,0,no_match
29239,2024,11,New Mexico State,Florida International,ESPN FPI,0,no_match
29240,2024,11,New Mexico State,Florida International,FEI,0,no_match
29241,2024,11,New Mexico State,Florida International,Harville,0,no_match
29242,2024,11,New Mexico State,Florida International,JP+,0,no_match
29243,2024,11,New Mexico State,Florida International,John Harris,0,no_match
29244,2024,11,New Mexico State,Florida International,KFord,0,no_match
29245,2024,11,New Mexico State,Florida International,Keeper,0,no_match
29246,2024,11,New Mexico State,Florida International,Massey,0,no_match
29247,2024,11,New Mexico State,Florida International,Matt Grissom,0,no_match
29248,2024,11,New Mexico State,Florida International,Moore Ratings,0,no_match
29249,2024,11,New Mexico State,Florida International,PiRate,0,no_match
29250,2024,11,New Mexico State,Florida International,PiRate: Bias,0,no_match
29251,2024,11,New Mexico State,Florida International,PiRate: Mean,0,no_match
29252,2024,11,New Mexico State,Florida International,Power Rank,0,no_match
29253,2024,11,New Mexico State,Florida International,Power Rank: Free,0,no_match
29254,2024,11,New Mexico State,Florida International,Professor Sides,0,no_match
29255,2024,11,New Mexico State,Florida International,Room44 Bets,0,no_match
29256,2024,11,New Mexico State,Florida International,SP+,0,no_match
29257,2024,11,New Mexico State,Florida International,Sagarin,0,no_match
29258,2024,11,New Mexico State,Florida International,Sagarin: Golden,0,no_match
29259,2024,11,New Mexico State,Florida International,Sagarin: Predictor,0,no_match
29260,2024,11,New Mexico State,Florida International,Sagarin: Recent,0,no_match
29261,2024,11,New Mexico State,Florida International,SportsLine,0,no_match
29262,2024,11,New Mexico State,Florida International,TShoe Index,0,no_match
29263,2024,11,New Mexico State,Florida International,TeamRankings,0,no_match
29264,2024,11,New Mexico State,Florida International,Trent Sorensen,0,no_match
29265,2024,11,New Mexico State,Florida International,Wilson Ratings,0,no_match
29581,2024,11,Toledo,Eastern Michigan,Beta_Rank,0,no_match
29582,2024,11,Toledo,Eastern Michigan,CBCR2: Power,0,no_match
29583,2024,11,Toledo,Eastern Michigan,CFB Geek,0,no_match
29584,2024,11,Toledo,Eastern Michigan,CFB Graphs,0,no_match
29585,2024,11,Toledo,Eastern Michigan,CFB Victory,0,no_match
29586,2024,11,Toledo,Eastern Michigan,Congrove,0,no_match
29587,2024,11,Toledo,Eastern Michigan,DRatings,0,no_match
29588,2024,11,Toledo,Eastern Michigan,Dokter Entropy,0,no_match
29589,2024,11,Toledo,Eastern Michigan,ESPN FPI,0,no_match
29590,2024,11,Toledo,Eastern Michigan,FEI,0,no_match
29591,2024,11,Toledo,Eastern Michigan,Harville,0,no_match
29592,2024,11,Toledo,Eastern Michigan,JP+,0,no_match
29593,2024,11,Toledo,Eastern Michigan,John Harris,0,no_match
29594,2024,11,Toledo,Eastern Michigan,KFord,0,no_match
29595,2024,11,Toledo,Eastern Michigan,Keeper,0,no_match
29596,2024,11,Toledo,Eastern Michigan,Massey,0,no_match
29597,2024,11,Toledo,Eastern Michigan,Matt Grissom,0,no_match
29598,2024,11,Toledo,Eastern Michigan,Moore Ratings,0,no_match
29599,2024,11,Toledo,Eastern Michigan,PiRate,0,no_match
29600,2024,11,Toledo,Eastern Michigan,PiRate: Bias,0,no_match
29601,2024,11,Toledo,Eastern Michigan,PiRate: Mean,0,no_match
29602,2024,11,Toledo,Eastern Michigan,Power Rank,0,no_match
29603,2024,11,Toledo,Eastern Michigan,Power Rank: Free,0,no_match
29604,2024,11,Toledo,Eastern Michigan,Professor Sides,0,no_match
29605,2024,11,Toledo,Eastern Michigan,Room44 Bets,0,no_match
29606,2024,11,Toledo,Eastern Michigan,SP+,0,no_match
29607,2024,11,Toledo,Eastern Michigan,Sagarin,0,no_match
29608,2024,11,Toledo,Eastern Michigan,Sagarin: Golden,0,no_match
29609,2024,11,Toledo,Eastern Michigan,Sagarin: Predictor,0,no_match
29610,2024,11,Toledo,Eastern Michigan,Sagarin: Recent,0,no_match
29611,2024,11,Toledo,Eastern Michigan,SportsLine,0,no_match
29612,2024,11,Toledo,Eastern Michigan,TShoe Index,0,no_match
29613,2024,11,Toledo,Eastern Michigan,TeamRankings,0,no_match
29614,2024,11,Toledo,Eastern Michigan,Trent Sorensen,0,no_match
29615,2024,11,Toledo,Eastern Michigan,Wilson Ratings,0,no_match
29931,2024,12,Bowling Green,Central Michigan,Beta_Rank,0,no_match
29932,2024,12,Bowling Green,Central Michigan,CBCR2: Power,0,no_match
29933,2024,12,Bowling Green,Central Michigan,CFB Geek,0,no_match
29934,2024,12,Bowling Green,Central Michigan,CFB Graphs,0,no_match
29935,2024,12,Bowling Green,Central Michigan,CFB Victory,0,no_match
29936,2024,12,Bowling Green,Central Michigan,Congrove,0,no_match
29937,2024,12,Bowling Green,Central Michigan,DRatings,0,no_match
29938,2024,12,Bowling Green,Central Michigan,Dokter Entropy,0,no_match
29939,2024,12,Bowling Green,Central Michigan,ESPN FPI,0,no_match
29940,2024,12,Bowling Green,Central Michigan,FEI,0,no_match
29941,2024,12,Bowling Green,Central Michigan,Harville,0,no_match
29942,2024,12,Bowling Green,Central Michigan,JP+,0,no_match
29943,2024,12,Bowling Green,Central Michigan,John Harris,0,no_match
29944,2024,12,Bowling Green,Central Michigan,KFord,0,no_match
29945,2024,12,Bowling Green,Central Michigan,Keeper,0,no_match
29946,2024,12,Bowling Green,Central Michigan,Massey,0,no_match
29947,2024,12,Bowling Green,Central Michigan,Matt Grissom,0,no_match
29948,2024,12,Bowling Green,Central Michigan,Moore Ratings,0,no_match
29949,2024,12,Bowling Green,Central Michigan,PiRate,0,no_match
29950,2024,12,Bowling Green,Central Michigan,PiRate: Bias,0,no_match
29951,2024,12,Bowling Green,Central Michigan,PiRate: Mean,0,no_match
29952,2024,12,Bowling Green,Central Michigan,Power Rank,0,no_match
29953,2024,12,Bowling Green,Central Michigan,Power Rank: Free,0,no_match
29954,2024,12,Bowling Green,Central Michigan,Professor Sides,0,no_match
29955,2024,12,Bowling Green,Central Michigan,Room44 Bets,0,no_match
29956,2024,12,Bowling Green,Central Michigan,SP+,0,no_match
29957,2024,12,Bowling Green,Central Michigan,Sagarin,0,no_match
29958,2024,12,Bowling Green,Central Michigan,Sagarin: Golden,0,no_match
29959,2024,12,Bowling Green,Central Michigan,Sagarin: Predictor,0,no_match
29960,2024,12,Bowling Green,Central Michigan,Sagarin: Recent,0,no_match
29961,2024,12,Bowling Green,Central Michigan,SportsLine,0,no_match
29962,2024,12,Bowling Green,Central Michigan,TShoe Index,0,no_match
29963,2024,12,Bowling Green,Central Michigan,TeamRankings,0,no_match
29964,2024,12,Bowling Green,Central Michigan,Trent Sorensen,0,no_match
29965,2024,12,Bowling Green,Central Michigan,Wilson Ratings,0,no_match
30421,2024,12,Liberty,Middle Tennessee,Beta_Rank,0,no_match
30422,2024,12,Liberty,Middle Tennessee,CBCR2: Power,0,no_match
30423,2024,12,Liberty,Middle Tennessee,CFB Geek,0,no_match
30424,2024,12,Liberty,Middle Tennessee,CFB Graphs,0,no_match
30425,2024,12,Liberty,Middle Tennessee,CFB Victory,0,no_match
30426,2024,12,Liberty,Middle Tennessee,Congrove,0,no_match
30427,2024,12,Liberty,Middle Tennessee,DRatings,0,no_match
30428,2024,12,Liberty,Middle Tennessee,Dokter Entropy,0,no_match
30429,2024,12,Liberty,Middle Tennessee,ESPN FPI,0,no_match
30430,2024,12,Liberty,Middle Tennessee,FEI,0,no_match
30431,2024,12,Liberty,Middle Tennessee,Harville,0,no_match
30432,2024,12,Liberty,Middle Tennessee,JP+,0,no_match
30433,2024,12,Liberty,Middle Tennessee,John Harris,0,no_match
30434,2024,12,Liberty,Middle Tennessee,KFord,0,no_match
30435,2024,12,Liberty,Middle Tennessee,Keeper,0,no_match
30436,2024,12,Liberty,Middle Tennessee,Massey,0,no_match
30437,2024,12,Liberty,Middle Tennessee,Matt Grissom,0,no_match
30438,2024,12,Liberty,Middle Tennessee,Moore Ratings,0,no_match
30439,2024,12,Liberty,Middle Tennessee,PiRate,0,no_match
30440,2024,12,Liberty,Middle Tennessee,PiRate: Bias,0,no_match
30441,2024,12,Liberty,Middle Tennessee,PiRate: Mean,0,no_match
30442,2024,12,Liberty,Middle Tennessee,Power Rank,0,no_match
30443,2024,12,Liberty,Middle Tennessee,Power Rank: Free,0,no_match
30444,2024,12,Liberty,Middle Tennessee,Professor Sides,0,no_match
30445,2024,12,Liberty,Middle Tennessee,Room44 Bets,0,no_match
30446,2024,12,Liberty,Middle Tennessee,SP+,0,no_match
30447,2024,12,Liberty,Middle Tennessee,Sagarin,0,no_match
30448,2024,12,Liberty,Middle Tennessee,Sagarin: Golden,0,no_match
30449,2024,12,Liberty,Middle Tennessee,Sagarin: Predictor,0,no_match
30450,2024,12,Liberty,Middle Tennessee,Sagarin: Recent,0,no_match
30451,2024,12,Liberty,Middle Tennessee,SportsLine,0,no_match
30452,2024,12,Liberty,Middle Tennessee,TShoe Index,0,no_match
30453,2024,12,Liberty,Middle Tennessee,TeamRankings,0,no_match
30454,2024,12,Liberty,Middle Tennessee,Trent Sorensen,0,no_match
30455,2024,12,Liberty,Middle Tennessee,Wilson Ratings,0,no_match
30456,2024,12,Marshall,Southern Mississippi,Beta_Rank,0,no_match
30457,2024,12,Marshall,Southern Mississippi,CBCR2: Power,0,no_match
30458,2024,12,Marshall,Southern Mississippi,CFB Geek,0,no_match
30459,2024,12,Marshall,Southern Mississippi,CFB Graphs,0,no_match
30460,2024,12,Marshall,Southern Mississippi,CFB Victory,0,no_match
30461,2024,12,Marshall,Southern Mississippi,Congrove,0,no_match
30462,2024,12,Marshall,Southern Mississippi,DRatings,0,no_match
30463,2024,12,Marshall,Southern Mississippi,Dokter Entropy,0,no_match
30464,2024,12,Marshall,Southern Mississippi,ESPN FPI,0,no_match
30465,2024,12,Marshall,Southern Mississippi,FEI,0,no_match
30466,2024,12,Marshall,Southern Mississippi,Harville,0,no_match
30467,2024,12,Marshall,Southern Mississippi,JP+,0,no_match
30468,2024,12,Marshall,Southern Mississippi,John Harris,0,no_match
30469,2024,12,Marshall,Southern Mississippi,KFord,0,no_match
30470,2024,12,Marshall,Southern Mississippi,Keeper,0,no_match
30471,2024,12,Marshall,Southern Mississippi,Massey,0,no_match
30472,2024,12,Marshall,Southern Mississippi,Matt Grissom,0,no_match
30473,2024,12,Marshall,Southern Mississippi,Moore Ratings,0,no_match
30474,2024,12,Marshall,Southern Mississippi,PiRate,0,no_match
30475,2024,12,Marshall,Southern Mississippi,PiRate: Bias,0,no_match
30476,2024,12,Marshall,Southern Mississippi,PiRate: Mean,0,no_match
30477,2024,12,Marshall,Southern Mississippi,Power Rank,0,no_match
30478,2024,12,Marshall,Southern Mississippi,Power Rank: Free,0,no_match
30479,2024,12,Marshall,Southern Mississippi,Professor Sides,0,no_match
30480,2024,12,Marshall,Southern Mississippi,Room44 Bets,0,no_match
30481,2024,12,Marshall,Southern Mississippi,SP+,0,no_match
30482,2024,12,Marshall,Southern Mississippi,Sagarin,0,no_match
30483,2024,12,Marshall,Southern Mississippi,Sagarin: Golden,0,no_match
30484,2024,12,Marshall,Southern Mississippi,Sagarin: Predictor,0,no_match
30485,2024,12,Marshall,Southern Mississippi,Sagarin: Recent,0,no_match
30486,2024,12,Marshall,Southern Mississippi,SportsLine,0,no_match
30487,2024,12,Marshall,Southern Mississippi,TShoe Index,0,no_match
30488,2024,12,Marshall,Southern Mississippi,TeamRankings,0,no_match
30489,2024,12,Marshall,Southern Mississippi,Trent Sorensen,0,no_match
30490,2024,12,Marshall,Southern Mississippi,Wilson Ratings,0,no_match
30491,2024,12,Miami,Georgia Tech,Beta_Rank,0,no_match
30492,2024,12,Miami,Georgia Tech,CBCR2: Power,0,no_match
30493,2024,12,Miami,Georgia Tech,CFB Geek,0,no_match
30494,2024,12,Miami,Georgia Tech,CFB Graphs,0,no_match
30495,2024,12,Miami,Georgia Tech,CFB Victory,0,no_match
30496,2024,12,Miami,Georgia Tech,Congrove,0,no_match
30497,2024,12,Miami,Georgia Tech,DRatings,0,no_match
30498,2024,12,Miami,Georgia Tech,Dokter Entropy,0,no_match
30499,2024,12,Miami,Georgia Tech,ESPN FPI,0,no_match
30500,2024,12,Miami,Georgia Tech,FEI,0,no_match
30501,2024,12,Miami,Georgia Tech,Harville,0,no_match
30502,2024,12,Miami,Georgia Tech,JP+,0,no_match
30503,2024,12,Miami,Georgia Tech,John Harris,0,no_match
30504,2024,12,Miami,Georgia Tech,KFord,0,no_match
30505,2024,12,Miami,Georgia Tech,Keeper,0,no_match
30506,2024,12,Miami,Georgia Tech,Massey,0,no_match
30507,2024,12,Miami,Georgia Tech,Matt Grissom,0,no_match
30508,2024,12,Miami,Georgia Tech,Moore Ratings,0,no_match
30509,2024,12,Miami,Georgia Tech,PiRate,0,no_match
30510,2024,12,Miami,Georgia Tech,PiRate: Bias,0,no_match
30511,2024,12,Miami,Georgia Tech,PiRate: Mean,0,no_match
30512,2024,12,Miami,Georgia Tech,Power Rank,0,no_match
30513,2024,12,Miami,Georgia Tech,Power Rank: Free,0,no_match
30514,2024,12,Miami,Georgia Tech,Professor Sides,0,no_match
30515,2024,12,Miami,Georgia Tech,Room44 Bets,0,no_match
30516,2024,12,Miami,Georgia Tech,SP+,0,no_match
30517,2024,12,Miami,Georgia Tech,Sagarin,0,no_match
30518,2024,12,Miami,Georgia Tech,Sagarin: Golden,0,no_match
30519,2024,12,Miami,Georgia Tech,Sagarin: Predictor,0,no_match
30520,2024,12,Miami,Georgia Tech,Sagarin: Recent,0,no_match
30521,2024,12,Miami,Georgia Tech,SportsLine,0,no_match
30522,2024,12,Miami,Georgia Tech,TShoe Index,0,no_match
30523,2024,12,Miami,Georgia Tech,TeamRankings,0,no_match
30524,2024,12,Miami,Georgia Tech,Trent Sorensen,0,no_match
30525,2024,12,Miami,Georgia Tech,Wilson Ratings,0,no_match
30526,2024,12,Miami OH,Ball State,Beta_Rank,0,no_match
30527,2024,12,Miami OH,Ball State,CBCR2: Power,0,no_match
30528,2024,12,Miami OH,Ball State,CFB Geek,0,no_match
30529,2024,12,Miami OH,Ball State,CFB Graphs,0,no_match
30530,2024,12,Miami OH,Ball State,CFB Victory,0,no_match
30531,2024,12,Miami OH,Ball State,Congrove,0,no_match
30532,2024,12,Miami OH,Ball State,DRatings,0,no_match
30533,2024,12,Miami OH,Ball State,Dokter Entropy,0,no_match
30534,2024,12,Miami OH,Ball State,ESPN FPI,0,no_match
30535,2024,12,Miami OH,Ball State,FEI,0,no_match
30536,2024,12,Miami OH,Ball State,Harville,0,no_match
30537,2024,12,Miami OH,Ball State,JP+,0,no_match
30538,2024,12,Miami OH,Ball State,John Harris,0,no_match
30539,2024,12,Miami OH,Ball State,KFord,0,no_match
30540,2024,12,Miami OH,Ball State,Keeper,0,no_match
30541,2024,12,Miami OH,Ball State,Massey,0,no_match
30542,2024,12,Miami OH,Ball State,Matt Grissom,0,no_match
30543,2024,12,Miami OH,Ball State,Moore Ratings,0,no_match
30544,2024,12,Miami OH,Ball State,PiRate,0,no_match
30545,2024,12,Miami OH,Ball State,PiRate: Bias,0,no_match
30546,2024,12,Miami OH,Ball State,PiRate: Mean,0,no_match
30547,2024,12,Miami OH,Ball State,Power Rank,0,no_match
30548,2024,12,Miami OH,Ball State,Power Rank: Free,0,no_match
30549,2024,12,Miami OH,Ball State,Professor Sides,0,no_match
30550,2024,12,Miami OH,Ball State,Room44 Bets,0,no_match
30551,2024,12,Miami OH,Ball State,SP+,0,no_match
30552,2024,12,Miami OH,Ball State,Sagarin,0,no_match
30553,2024,12,Miami OH,Ball State,Sagarin: Golden,0,no_match
30554,2024,12,Miami OH,Ball State,Sagarin: Predictor,0,no_match
30555,2024,12,Miami OH,Ball State,Sagarin: Recent,0,no_match
30556,2024,12,Miami OH,Ball State,SportsLine,0,no_match
30557,2024,12,Miami OH,Ball State,TShoe Index,0,no_match
30558,2024,12,Miami OH,Ball State,TeamRankings,0,no_match
30559,2024,12,Miami OH,Ball State,Trent Sorensen,0,no_match
30560,2024,12,Miami OH,Ball State,Wilson Ratings,0,no_match
30701,2024,12,Northern Illinois,Western Michigan,Beta_Rank,0,no_match
30702,2024,12,Northern Illinois,Western Michigan,CBCR2: Power,0,no_match
30703,2024,12,Northern Illinois,Western Michigan,CFB Geek,0,no_match
30704,2024,12,Northern Illinois,Western Michigan,CFB Graphs,0,no_match
30705,2024,12,Northern Illinois,Western Michigan,CFB Victory,0,no_match
30706,2024,12,Northern Illinois,Western Michigan,Congrove,0,no_match
30707,2024,12,Northern Illinois,Western Michigan,DRatings,0,no_match
30708,2024,12,Northern Illinois,Western Michigan,Dokter Entropy,0,no_match
30709,2024,12,Northern Illinois,Western Michigan,ESPN FPI,0,no_match
30710,2024,12,Northern Illinois,Western Michigan,FEI,0,no_match
30711,2024,12,Northern Illinois,Western Michigan,Harville,0,no_match
30712,2024,12,Northern Illinois,Western Michigan,JP+,0,no_match
30713,2024,12,Northern Illinois,Western Michigan,John Harris,0,no_match
30714,2024,12,Northern Illinois,Western Michigan,KFord,0,no_match
30715,2024,12,Northern Illinois,Western Michigan,Keeper,0,no_match
30716,2024,12,Northern Illinois,Western Michigan,Massey,0,no_match
30717,2024,12,Northern Illinois,Western Michigan,Matt Grissom,0,no_match
30718,2024,12,Northern Illinois,Western Michigan,Moore Ratings,0,no_match
30719,2024,12,Northern Illinois,Western Michigan,PiRate,0,no_match
30720,2024,12,Northern Illinois,Western Michigan,PiRate: Bias,0,no_match
30721,2024,12,Northern Illinois,Western Michigan,PiRate: Mean,0,no_match
30722,2024,12,Northern Illinois,Western Michigan,Power Rank,0,no_match
30723,2024,12,Northern Illinois,Western Michigan,Power Rank: Free,0,no_match
30724,2024,12,Northern Illinois,Western Michigan,Professor Sides,0,no_match
30725,2024,12,Northern Illinois,Western Michigan,Room44 Bets,0,no_match
30726,2024,12,Northern Illinois,Western Michigan,SP+,0,no_match
30727,2024,12,Northern Illinois,Western Michigan,Sagarin,0,no_match
30728,2024,12,Northern Illinois,Western Michigan,Sagarin: Golden,0,no_match
30729,2024,12,Northern Illinois,Western Michigan,Sagarin: Predictor,0,no_match
30730,2024,12,Northern Illinois,Western Michigan,Sagarin: Recent,0,no_match
30731,2024,12,Northern Illinois,Western Michigan,SportsLine,0,no_match
30732,2024,12,Northern Illinois,Western Michigan,TShoe Index,0,no_match
30733,2024,12,Northern Illinois,Western Michigan,TeamRankings,0,no_match
30734,2024,12,Northern Illinois,Western Michigan,Trent Sorensen,0,no_match
30735,2024,12,Northern Illinois,Western Michigan,Wilson Ratings,0,no_match
30736,2024,12,Ohio,Kent State,Beta_Rank,0,no_match
30737,2024,12,Ohio,Kent State,CBCR2: Power,0,no_match
30738,2024,12,Ohio,Kent State,CFB Geek,0,no_match
30739,2024,12,Ohio,Kent State,CFB Graphs,0,no_match
30740,2024,12,Ohio,Kent State,CFB Victory,0,no_match
30741,2024,12,Ohio,Kent State,Congrove,0,no_match
30742,2024,12,Ohio,Kent State,DRatings,0,no_match
30743,2024,12,Ohio,Kent State,Dokter Entropy,0,no_match
30744,2024,12,Ohio,Kent State,ESPN FPI,0,no_match
30745,2024,12,Ohio,Kent State,FEI,0,no_match
30746,2024,12,Ohio,Kent State,Harville,0,no_match
30747,2024,12,Ohio,Kent State,JP+,0,no_match
30748,2024,12,Ohio,Kent State,John Harris,0,no_match
30749,2024,12,Ohio,Kent State,KFord,0,no_match
30750,2024,12,Ohio,Kent State,Keeper,0,no_match
30751,2024,12,Ohio,Kent State,Massey,0,no_match
30752,2024,12,Ohio,Kent State,Matt Grissom,0,no_match
30753,2024,12,Ohio,Kent State,Moore Ratings,0,no_match
30754,2024,12,Ohio,Kent State,PiRate,0,no_match
30755,2024,12,Ohio,Kent State,PiRate: Bias,0,no_match
30756,2024,12,Ohio,Kent State,PiRate: Mean,0,no_match
30757,2024,12,Ohio,Kent State,Power Rank,0,no_match
30758,2024,12,Ohio,Kent State,Power Rank: Free,0,no_match
30759,2024,12,Ohio,Kent State,Professor Sides,0,no_match
30760,2024,12,Ohio,Kent State,Room44 Bets,0,no_match
30761,2024,12,Ohio,Kent State,SP+,0,no_match
30762,2024,12,Ohio,Kent State,Sagarin,0,no_match
30763,2024,12,Ohio,Kent State,Sagarin: Golden,0,no_match
30764,2024,12,Ohio,Kent State,Sagarin: Predictor,0,no_match
30765,2024,12,Ohio,Kent State,Sagarin: Recent,0,no_match
30766,2024,12,Ohio,Kent State,SportsLine,0,no_match
30767,2024,12,Ohio,Kent State,TShoe Index,0,no_match
30768,2024,12,Ohio,Kent State,TeamRankings,0,no_match
30769,2024,12,Ohio,Kent State,Trent Sorensen,0,no_match
30770,2024,12,Ohio,Kent State,Wilson Ratings,0,no_match
31016,2024,12,West Virginia,Cincinnati,Beta_Rank,0,no_match
31017,2024,12,West Virginia,Cincinnati,CBCR2: Power,0,no_match
31018,2024,12,West Virginia,Cincinnati,CFB Geek,0,no_match
31019,2024,12,West Virginia,Cincinnati,CFB Graphs,0,no_match
31020,2024,12,West Virginia,Cincinnati,CFB Victory,0,no_match
31021,2024,12,West Virginia,Cincinnati,Congrove,0,no_match
31022,2024,12,West Virginia,Cincinnati,DRatings,0,no_match
31023,2024,12,West Virginia,Cincinnati,Dokter Entropy,0,no_match
31024,2024,12,West Virginia,Cincinnati,ESPN FPI,0,no_match
31025,2024,12,West Virginia,Cincinnati,FEI,0,no_match
31026,2024,12,West Virginia,Cincinnati,Harville,0,no_match
31027,2024,12,West Virginia,Cincinnati,JP+,0,no_match
31028,2024,12,West Virginia,Cincinnati,John Harris,0,no_match
31029,2024,12,West Virginia,Cincinnati,KFord,0,no_match
31030,2024,12,West Virginia,Cincinnati,Keeper,0,no_match
31031,2024,12,West Virginia,Cincinnati,Massey,0,no_match
31032,2024,12,West Virginia,Cincinnati,Matt Grissom,0,no_match
31033,2024,12,West Virginia,Cincinnati,Moore Ratings,0,no_match
31034,2024,12,West Virginia,Cincinnati,PiRate,0,no_match
31035,2024,12,West Virginia,Cincinnati,PiRate: Bias,0,no_match
31036,2024,12,West Virginia,Cincinnati,PiRate: Mean,0,no_match
31037,2024,12,West Virginia,Cincinnati,Power Rank,0,no_match
31038,2024,12,West Virginia,Cincinnati,Power Rank: Free,0,no_match
31039,2024,12,West Virginia,Cincinnati,Professor Sides,0,no_match
31040,2024,12,West Virginia,Cincinnati,Room44 Bets,0,no_match
31041,2024,12,West Virginia,Cincinnati,SP+,0,no_match
31042,2024,12,West Virginia,Cincinnati,Sagarin,0,no_match
31043,2024,12,West Virginia,Cincinnati,Sagarin: Golden,0,no_match
31044,2024,12,West Virginia,Cincinnati,Sagarin: Predictor,0,no_match
31045,2024,12,West Virginia,Cincinnati,Sagarin: Recent,0,no_match
31046,2024,12,West Virginia,Cincinnati,SportsLine,0,no_match
31047,2024,12,West Virginia,Cincinnati,TShoe Index,0,no_match
31048,2024,12,West Virginia,Cincinnati,TeamRankings,0,no_match
31049,2024,12,West Virginia,Cincinnati,Trent Sorensen,0,no_match
31050,2024,12,West Virginia,Cincinnati,Wilson Ratings,0,no_match
31051,2024,13,Akron,Northern Illinois,Beta_Rank,0,no_match
31052,2024,13,Akron,Northern Illinois,CBCR2: Power,0,no_match
31053,2024,13,Akron,Northern Illinois,CFB Geek,0,no_match
31054,2024,13,Akron,Northern Illinois,CFB Graphs,0,no_match
31055,2024,13,Akron,Northern Illinois,CFB Victory,0,no_match
31056,2024,13,Akron,Northern Illinois,Congrove,0,no_match
31057,2024,13,Akron,Northern Illinois,DRatings,0,no_match
31058,2024,13,Akron,Northern Illinois,Dokter Entropy,0,no_match
31059,2024,13,Akron,Northern Illinois,ESPN FPI,0,no_match
31060,2024,13,Akron,Northern Illinois,FEI,0,no_match
31061,2024,13,Akron,Northern Illinois,Harville,0,no_match
31062,2024,13,Akron,Northern Illinois,JP+,0,no_match
31063,2024,13,Akron,Northern Illinois,John Harris,0,no_match
31064,2024,13,Akron,Northern Illinois,KFord,0,no_match
31065,2024,13,Akron,Northern Illinois,Keeper,0,no_match
31066,2024,13,Akron,Northern Illinois,Massey,0,no_match
31067,2024,13,Akron,Northern Illinois,Matt Grissom,0,no_match
31068,2024,13,Akron,Northern Illinois,Moore Ratings,0,no_match
31069,2024,13,Akron,Northern Illinois,PiRate,0,no_match
31070,2024,13,Akron,Northern Illinois,PiRate: Bias,0,no_match
31071,2024,13,Akron,Northern Illinois,PiRate: Mean,0,no_match
31072,2024,13,Akron,Northern Illinois,Power Rank,0,no_match
31073,2024,13,Akron,Northern Illinois,Power Rank: Free,0,no_match
31074,2024,13,Akron,Northern Illinois,Professor Sides,0,no_match
31075,2024,13,Akron,Northern Illinois,Room44 Bets,0,no_match
31076,2024,13,Akron,Northern Illinois,SP+,0,no_match
31077,2024,13,Akron,Northern Illinois,Sagarin,0,no_match
31078,2024,13,Akron,Northern Illinois,Sagarin: Golden,0,no_match
31079,2024,13,Akron,Northern Illinois,Sagarin: Predictor,0,no_match
31080,2024,13,Akron,Northern Illinois,Sagarin: Recent,0,no_match
31081,2024,13,Akron,Northern Illinois,SportsLine,0,no_match
31082,2024,13,Akron,Northern Illinois,TShoe Index,0,no_match
31083,2024,13,Akron,Northern Illinois,TeamRankings,0,no_match
31084,2024,13,Akron,Northern Illinois,Trent Sorensen,0,no_match
31085,2024,13,Akron,Northern Illinois,Wilson Ratings,0,no_match
31121,2024,13,Baylor,West Virginia,Beta_Rank,0,no_match
31122,2024,13,Baylor,West Virginia,CBCR2: Power,0,no_match
31123,2024,13,Baylor,West Virginia,CFB Geek,0,no_match
31124,2024,13,Baylor,West Virginia,CFB Graphs,0,no_match
31125,2024,13,Baylor,West Virginia,CFB Victory,0,no_match
31126,2024,13,Baylor,West Virginia,Congrove,0,no_match
31127,2024,13,Baylor,West Virginia,DRatings,0,no_match
31128,2024,13,Baylor,West Virginia,Dokter Entropy,0,no_match
31129,2024,13,Baylor,West Virginia,ESPN FPI,0,no_match
31130,2024,13,Baylor,West Virginia,FEI,0,no_match
31131,2024,13,Baylor,West Virginia,Harville,0,no_match
31132,2024,13,Baylor,West Virginia,JP+,0,no_match
31133,2024,13,Baylor,West Virginia,John Harris,0,no_match
31134,2024,13,Baylor,West Virginia,KFord,0,no_match
31135,2024,13,Baylor,West Virginia,Keeper,0,no_match
31136,2024,13,Baylor,West Virginia,Massey,0,no_match
31137,2024,13,Baylor,West Virginia,Matt Grissom,0,no_match
31138,2024,13,Baylor,West Virginia,Moore Ratings,0,no_match
31139,2024,13,Baylor,West Virginia,PiRate,0,no_match
31140,2024,13,Baylor,West Virginia,PiRate: Bias,0,no_match
31141,2024,13,Baylor,West Virginia,PiRate: Mean,0,no_match
31142,2024,13,Baylor,West Virginia,Power Rank,0,no_match
31143,2024,13,Baylor,West Virginia,Power Rank: Free,0,no_match
31144,2024,13,Baylor,West Virginia,Professor Sides,0,no_match
31145,2024,13,Baylor,West Virginia,Room44 Bets,0,no_match
31146,2024,13,Baylor,West Virginia,SP+,0,no_match
31147,2024,13,Baylor,West Virginia,Sagarin,0,no_match
31148,2024,13,Baylor,West Virginia,Sagarin: Golden,0,no_match
31149,2024,13,Baylor,West Virginia,Sagarin: Predictor,0,no_match
31150,2024,13,Baylor,West Virginia,Sagarin: Recent,0,no_match
31151,2024,13,Baylor,West Virginia,SportsLine,0,no_match
31152,2024,13,Baylor,West Virginia,TShoe Index,0,no_match
31153,2024,13,Baylor,West Virginia,TeamRankings,0,no_match
31154,2024,13,Baylor,West Virginia,Trent Sorensen,0,no_match
31155,2024,13,Baylor,West Virginia,Wilson Ratings,0,no_match
31191,2024,13,Central Michigan,Toledo,Beta_Rank,0,no_match
31192,2024,13,Central Michigan,Toledo,CBCR2: Power,0,no_match
31193,2024,13,Central Michigan,Toledo,CFB Geek,0,no_match
31194,2024,13,Central Michigan,Toledo,CFB Graphs,0,no_match
31195,2024,13,Central Michigan,Toledo,CFB Victory,0,no_match
31196,2024,13,Central Michigan,Toledo,Congrove,0,no_match
31197,2024,13,Central Michigan,Toledo,DRatings,0,no_match
31198,2024,13,Central Michigan,Toledo,Dokter Entropy,0,no_match
31199,2024,13,Central Michigan,Toledo,ESPN FPI,0,no_match
31200,2024,13,Central Michigan,Toledo,FEI,0,no_match
31201,2024,13,Central Michigan,Toledo,Harville,0,no_match
31202,2024,13,Central Michigan,Toledo,JP+,0,no_match
31203,2024,13,Central Michigan,Toledo,John Harris,0,no_match
31204,2024,13,Central Michigan,Toledo,KFord,0,no_match
31205,2024,13,Central Michigan,Toledo,Keeper,0,no_match
31206,2024,13,Central Michigan,Toledo,Massey,0,no_match
31207,2024,13,Central Michigan,Toledo,Matt Grissom,0,no_match
31208,2024,13,Central Michigan,Toledo,Moore Ratings,0,no_match
31209,2024,13,Central Michigan,Toledo,PiRate,0,no_match
31210,2024,13,Central Michigan,Toledo,PiRate: Bias,0,no_match
31211,2024,13,Central Michigan,Toledo,PiRate: Mean,0,no_match
31212,2024,13,Central Michigan,Toledo,Power Rank,0,no_match
31213,2024,13,Central Michigan,Toledo,Power Rank: Free,0,no_match
31214,2024,13,Central Michigan,Toledo,Professor Sides,0,no_match
31215,2024,13,Central Michigan,Toledo,Room44 Bets,0,no_match
31216,2024,13,Central Michigan,Toledo,SP+,0,no_match
31217,2024,13,Central Michigan,Toledo,Sagarin,0,no_match
31218,2024,13,Central Michigan,Toledo,Sagarin: Golden,0,no_match
31219,2024,13,Central Michigan,Toledo,Sagarin: Predictor,0,no_match
31220,2024,13,Central Michigan,Toledo,Sagarin: Recent,0,no_match
31221,2024,13,Central Michigan,Toledo,SportsLine,0,no_match
31222,2024,13,Central Michigan,Toledo,TShoe Index,0,no_match
31223,2024,13,Central Michigan,Toledo,TeamRankings,0,no_match
31224,2024,13,Central Michigan,Toledo,Trent Sorensen,0,no_match
31225,2024,13,Central Michigan,Toledo,Wilson Ratings,0,no_match
31331,2024,13,Eastern Michigan,Ohio,Beta_Rank,0,no_match
31332,2024,13,Eastern Michigan,Ohio,CBCR2: Power,0,no_match
31333,2024,13,Eastern Michigan,Ohio,CFB Geek,0,no_match
31334,2024,13,Eastern Michigan,Ohio,CFB Graphs,0,no_match
31335,2024,13,Eastern Michigan,Ohio,CFB Victory,0,no_match
31336,2024,13,Eastern Michigan,Ohio,Congrove,0,no_match
31337,2024,13,Eastern Michigan,Ohio,DRatings,0,no_match
31338,2024,13,Eastern Michigan,Ohio,Dokter Entropy,0,no_match
31339,2024,13,Eastern Michigan,Ohio,ESPN FPI,0,no_match
31340,2024,13,Eastern Michigan,Ohio,FEI,0,no_match
31341,2024,13,Eastern Michigan,Ohio,Harville,0,no_match
31342,2024,13,Eastern Michigan,Ohio,JP+,0,no_match
31343,2024,13,Eastern Michigan,Ohio,John Harris,0,no_match
31344,2024,13,Eastern Michigan,Ohio,KFord,0,no_match
31345,2024,13,Eastern Michigan,Ohio,Keeper,0,no_match
31346,2024,13,Eastern Michigan,Ohio,Massey,0,no_match
31347,2024,13,Eastern Michigan,Ohio,Matt Grissom,0,no_match
31348,2024,13,Eastern Michigan,Ohio,Moore Ratings,0,no_match
31349,2024,13,Eastern Michigan,Ohio,PiRate,0,no_match
31350,2024,13,Eastern Michigan,Ohio,PiRate: Bias,0,no_match
31351,2024,13,Eastern Michigan,Ohio,PiRate: Mean,0,no_match
31352,2024,13,Eastern Michigan,Ohio,Power Rank,0,no_match
31353,2024,13,Eastern Michigan,Ohio,Power Rank: Free,0,no_match
31354,2024,13,Eastern Michigan,Ohio,Professor Sides,0,no_match
31355,2024,13,Eastern Michigan,Ohio,Room44 Bets,0,no_match
31356,2024,13,Eastern Michigan,Ohio,SP+,0,no_match
31357,2024,13,Eastern Michigan,Ohio,Sagarin,0,no_match
31358,2024,13,Eastern Michigan,Ohio,Sagarin: Golden,0,no_match
31359,2024,13,Eastern Michigan,Ohio,Sagarin: Predictor,0,no_match
31360,2024,13,Eastern Michigan,Ohio,Sagarin: Recent,0,no_match
31361,2024,13,Eastern Michigan,Ohio,SportsLine,0,no_match
31362,2024,13,Eastern Michigan,Ohio,TShoe Index,0,no_match
31363,2024,13,Eastern Michigan,Ohio,TeamRankings,0,no_match
31364,2024,13,Eastern Michigan,Ohio,Trent Sorensen,0,no_match
31365,2024,13,Eastern Michigan,Ohio,Wilson Ratings,0,no_match
31401,2024,13,Florida International,Jacksonville State,Beta_Rank,0,no_match
31402,2024,13,Florida International,Jacksonville State,CBCR2: Power,0,no_match
31403,2024,13,Florida International,Jacksonville State,CFB Geek,0,no_match
31404,2024,13,Florida International,Jacksonville State,CFB Graphs,0,no_match
31405,2024,13,Florida International,Jacksonville State,CFB Victory,0,no_match
31406,2024,13,Florida International,Jacksonville State,Congrove,0,no_match
31407,2024,13,Florida International,Jacksonville State,DRatings,0,no_match
31408,2024,13,Florida International,Jacksonville State,Dokter Entropy,0,no_match
31409,2024,13,Florida International,Jacksonville State,ESPN FPI,0,no_match
31410,2024,13,Florida International,Jacksonville State,FEI,0,no_match
31411,2024,13,Florida International,Jacksonville State,Harville,0,no_match
31412,2024,13,Florida International,Jacksonville State,JP+,0,no_match
31413,2024,13,Florida International,Jacksonville State,John Harris,0,no_match
31414,2024,13,Florida International,Jacksonville State,KFord,0,no_match
31415,2024,13,Florida International,Jacksonville State,Keeper,0,no_match
31416,2024,13,Florida International,Jacksonville State,Massey,0,no_match
31417,2024,13,Florida International,Jacksonville State,Matt Grissom,0,no_match
31418,2024,13,Florida International,Jacksonville State,Moore Ratings,0,no_match
31419,2024,13,Florida International,Jacksonville State,PiRate,0,no_match
31420,2024,13,Florida International,Jacksonville State,PiRate: Bias,0,no_match
31421,2024,13,Florida International,Jacksonville State,PiRate: Mean,0,no_match
31422,2024,13,Florida International,Jacksonville State,Power Rank,0,no_match
31423,2024,13,Florida International,Jacksonville State,Power Rank: Free,0,no_match
31424,2024,13,Florida International,Jacksonville State,Professor Sides,0,no_match
31425,2024,13,Florida International,Jacksonville State,Room44 Bets,0,no_match
31426,2024,13,Florida International,Jacksonville State,SP+,0,no_match
31427,2024,13,Florida International,Jacksonville State,Sagarin,0,no_match
31428,2024,13,Florida International,Jacksonville State,Sagarin: Golden,0,no_match
31429,2024,13,Florida International,Jacksonville State,Sagarin: Predictor,0,no_match
31430,2024,13,Florida International,Jacksonville State,Sagarin: Recent,0,no_match
31431,2024,13,Florida International,Jacksonville State,SportsLine,0,no_match
31432,2024,13,Florida International,Jacksonville State,TShoe Index,0,no_match
31433,2024,13,Florida International,Jacksonville State,TeamRankings,0,no_match
31434,2024,13,Florida International,Jacksonville State,Trent Sorensen,0,no_match
31435,2024,13,Florida International,Jacksonville State,Wilson Ratings,0,no_match
31541,2024,13,Kent State,Miami OH,Beta_Rank,0,no_match
31542,2024,13,Kent State,Miami OH,CBCR2: Power,0,no_match
31543,2024,13,Kent State,Miami OH,CFB Geek,0,no_match
31544,2024,13,Kent State,Miami OH,CFB Graphs,0,no_match
31545,2024,13,Kent State,Miami OH,CFB Victory,0,no_match
31546,2024,13,Kent State,Miami OH,Congrove,0,no_match
31547,2024,13,Kent State,Miami OH,DRatings,0,no_match
31548,2024,13,Kent State,Miami OH,Dokter Entropy,0,no_match
31549,2024,13,Kent State,Miami OH,ESPN FPI,0,no_match
31550,2024,13,Kent State,Miami OH,FEI,0,no_match
31551,2024,13,Kent State,Miami OH,Harville,0,no_match
31552,2024,13,Kent State,Miami OH,JP+,0,no_match
31553,2024,13,Kent State,Miami OH,John Harris,0,no_match
31554,2024,13,Kent State,Miami OH,KFord,0,no_match
31555,2024,13,Kent State,Miami OH,Keeper,0,no_match
31556,2024,13,Kent State,Miami OH,Massey,0,no_match
31557,2024,13,Kent State,Miami OH,Matt Grissom,0,no_match
31558,2024,13,Kent State,Miami OH,Moore Ratings,0,no_match
31559,2024,13,Kent State,Miami OH,PiRate,0,no_match
31560,2024,13,Kent State,Miami OH,PiRate: Bias,0,no_match
31561,2024,13,Kent State,Miami OH,PiRate: Mean,0,no_match
31562,2024,13,Kent State,Miami OH,Power Rank,0,no_match
31563,2024,13,Kent State,Miami OH,Power Rank: Free,0,no_match
31564,2024,13,Kent State,Miami OH,Professor Sides,0,no_match
31565,2024,13,Kent State,Miami OH,Room44 Bets,0,no_match
31566,2024,13,Kent State,Miami OH,SP+,0,no_match
31567,2024,13,Kent State,Miami OH,Sagarin,0,no_match
31568,2024,13,Kent State,Miami OH,Sagarin: Golden,0,no_match
31569,2024,13,Kent State,Miami OH,Sagarin: Predictor,0,no_match
31570,2024,13,Kent State,Miami OH,Sagarin: Recent,0,no_match
31571,2024,13,Kent State,Miami OH,SportsLine,0,no_match
31572,2024,13,Kent State,Miami OH,TShoe Index,0,no_match
31573,2024,13,Kent State,Miami OH,TeamRankings,0,no_match
31574,2024,13,Kent State,Miami OH,Trent Sorensen,0,no_match
31575,2024,13,Kent State,Miami OH,Wilson Ratings,0,no_match
31891,2024,13,Sam Houston,Kennesaw State,Beta_Rank,0,no_match
31892,2024,13,Sam Houston,Kennesaw State,CBCR2: Power,0,no_match
31893,2024,13,Sam Houston,Kennesaw State,CFB Geek,0,no_match
31894,2024,13,Sam Houston,Kennesaw State,CFB Graphs,0,no_match
31895,2024,13,Sam Houston,Kennesaw State,CFB Victory,0,no_match
31896,2024,13,Sam Houston,Kennesaw State,Congrove,0,no_match
31897,2024,13,Sam Houston,Kennesaw State,DRatings,0,no_match
31898,2024,13,Sam Houston,Kennesaw State,Dokter Entropy,0,no_match
31899,2024,13,Sam Houston,Kennesaw State,ESPN FPI,0,no_match
31900,2024,13,Sam Houston,Kennesaw State,FEI,0,no_match
31901,2024,13,Sam Houston,Kennesaw State,Harville,0,no_match
31902,2024,13,Sam Houston,Kennesaw State,JP+,0,no_match
31903,2024,13,Sam Houston,Kennesaw State,John Harris,0,no_match
31904,2024,13,Sam Houston,Kennesaw State,KFord,0,no_match
31905,2024,13,Sam Houston,Kennesaw State,Keeper,0,no_match
31906,2024,13,Sam Houston,Kennesaw State,Massey,0,no_match
31907,2024,13,Sam Houston,Kennesaw State,Matt Grissom,0,no_match
31908,2024,13,Sam Houston,Kennesaw State,Moore Ratings,0,no_match
31909,2024,13,Sam Houston,Kennesaw State,PiRate,0,no_match
31910,2024,13,Sam Houston,Kennesaw State,PiRate: Bias,0,no_match
31911,2024,13,Sam Houston,Kennesaw State,PiRate: Mean,0,no_match
31912,2024,13,Sam Houston,Kennesaw State,Power Rank,0,no_match
31913,2024,13,Sam Houston,Kennesaw State,Power Rank: Free,0,no_match
31914,2024,13,Sam Houston,Kennesaw State,Professor Sides,0,no_match
31915,2024,13,Sam Houston,Kennesaw State,Room44 Bets,0,no_match
31916,2024,13,Sam Houston,Kennesaw State,SP+,0,no_match
31917,2024,13,Sam Houston,Kennesaw State,Sagarin,0,no_match
31918,2024,13,Sam Houston,Kennesaw State,Sagarin: Golden,0,no_match
31919,2024,13,Sam Houston,Kennesaw State,Sagarin: Predictor,0,no_match
31920,2024,13,Sam Houston,Kennesaw State,Sagarin: Recent,0,no_match
31921,2024,13,Sam Houston,Kennesaw State,SportsLine,0,no_match
31922,2024,13,Sam Houston,Kennesaw State,TShoe Index,0,no_match
31923,2024,13,Sam Houston,Kennesaw State,TeamRankings,0,no_match
31924,2024,13,Sam Houston,Kennesaw State,Trent Sorensen,0,no_match
31925,2024,13,Sam Houston,Kennesaw State,Wilson Ratings,0,no_match
32206,2024,13,Western Michigan,Bowling Green,Beta_Rank,0,no_match
32207,2024,13,Western Michigan,Bowling Green,CBCR2: Power,0,no_match
32208,2024,13,Western Michigan,Bowling Green,CFB Geek,0,no_match
32209,2024,13,Western Michigan,Bowling Green,CFB Graphs,0,no_match
32210,2024,13,Western Michigan,Bowling Green,CFB Victory,0,no_match
32211,2024,13,Western Michigan,Bowling Green,Congrove,0,no_match
32212,2024,13,Western Michigan,Bowling Green,DRatings,0,no_match
32213,2024,13,Western Michigan,Bowling Green,Dokter Entropy,0,no_match
32214,2024,13,Western Michigan,Bowling Green,ESPN FPI,0,no_match
32215,2024,13,Western Michigan,Bowling Green,FEI,0,no_match
32216,2024,13,Western Michigan,Bowling Green,Harville,0,no_match
32217,2024,13,Western Michigan,Bowling Green,JP+,0,no_match
32218,2024,13,Western Michigan,Bowling Green,John Harris,0,no_match
32219,2024,13,Western Michigan,Bowling Green,KFord,0,no_match
32220,2024,13,Western Michigan,Bowling Green,Keeper,0,no_match
32221,2024,13,Western Michigan,Bowling Green,Massey,0,no_match
32222,2024,13,Western Michigan,Bowling Green,Matt Grissom,0,no_match
32223,2024,13,Western Michigan,Bowling Green,Moore Ratings,0,no_match
32224,2024,13,Western Michigan,Bowling Green,PiRate,0,no_match
32225,2024,13,Western Michigan,Bowling Green,PiRate: Bias,0,no_match
32226,2024,13,Western Michigan,Bowling Green,PiRate: Mean,0,no_match
32227,2024,13,Western Michigan,Bowling Green,Power Rank,0,no_match
32228,2024,13,Western Michigan,Bowling Green,Power Rank: Free,0,no_match
32229,2024,13,Western Michigan,Bowling Green,Professor Sides,0,no_match
32230,2024,13,Western Michigan,Bowling Green,Room44 Bets,0,no_match
32231,2024,13,Western Michigan,Bowling Green,SP+,0,no_match
32232,2024,13,Western Michigan,Bowling Green,Sagarin,0,no_match
32233,2024,13,Western Michigan,Bowling Green,Sagarin: Golden,0,no_match
32234,2024,13,Western Michigan,Bowling Green,Sagarin: Predictor,0,no_match
32235,2024,13,Western Michigan,Bowling Green,Sagarin: Recent,0,no_match
32236,2024,13,Western Michigan,Bowling Green,SportsLine,0,no_match
32237,2024,13,Western Michigan,Bowling Green,TShoe Index,0,no_match
32238,2024,13,Western Michigan,Bowling Green,TeamRankings,0,no_match
32239,2024,13,Western Michigan,Bowling Green,Trent Sorensen,0,no_match
32240,2024,13,Western Michigan,Bowling Green,Wilson Ratings,0,no_match
32276,2024,14,Akron,Kent State,Beta_Rank,0,no_match
32277,2024,14,Akron,Kent State,CBCR2: Power,0,no_match
32278,2024,14,Akron,Kent State,CFB Geek,0,no_match
32279,2024,14,Akron,Kent State,CFB Graphs,0,no_match
32280,2024,14,Akron,Kent State,CFB Victory,0,no_match
32281,2024,14,Akron,Kent State,Congrove,0,no_match
32282,2024,14,Akron,Kent State,DRatings,0,no_match
32283,2024,14,Akron,Kent State,Dokter Entropy,0,no_match
32284,2024,14,Akron,Kent State,ESPN FPI,0,no_match
32285,2024,14,Akron,Kent State,FEI,0,no_match
32286,2024,14,Akron,Kent State,Harville,0,no_match
32287,2024,14,Akron,Kent State,JP+,0,no_match
32288,2024,14,Akron,Kent State,John Harris,0,no_match
32289,2024,14,Akron,Kent State,KFord,0,no_match
32290,2024,14,Akron,Kent State,Keeper,0,no_match
32291,2024,14,Akron,Kent State,Massey,0,no_match
32292,2024,14,Akron,Kent State,Matt Grissom,0,no_match
32293,2024,14,Akron,Kent State,Moore Ratings,0,no_match
32294,2024,14,Akron,Kent State,PiRate,0,no_match
32295,2024,14,Akron,Kent State,PiRate: Bias,0,no_match
32296,2024,14,Akron,Kent State,PiRate: Mean,0,no_match
32297,2024,14,Akron,Kent State,Power Rank,0,no_match
32298,2024,14,Akron,Kent State,Power Rank: Free,0,no_match
32299,2024,14,Akron,Kent State,Professor Sides,0,no_match
32300,2024,14,Akron,Kent State,Room44 Bets,0,no_match
32301,2024,14,Akron,Kent State,SP+,0,no_match
32302,2024,14,Akron,Kent State,Sagarin,0,no_match
32303,2024,14,Akron,Kent State,Sagarin: Golden,0,no_match
32304,2024,14,Akron,Kent State,Sagarin: Predictor,0,no_match
32305,2024,14,Akron,Kent State,Sagarin: Recent,0,no_match
32306,2024,14,Akron,Kent State,SportsLine,0,no_match
32307,2024,14,Akron,Kent State,TShoe Index,0,no_match
32308,2024,14,Akron,Kent State,TeamRankings,0,no_match
32309,2024,14,Akron,Kent State,Trent Sorensen,0,no_match
32310,2024,14,Akron,Kent State,Wilson Ratings,0,no_match
32416,2024,14,Buffalo,Eastern Michigan,Beta_Rank,0,no_match
32417,2024,14,Buffalo,Eastern Michigan,CBCR2: Power,0,no_match
32418,2024,14,Buffalo,Eastern Michigan,CFB Geek,0,no_match
32419,2024,14,Buffalo,Eastern Michigan,CFB Graphs,0,no_match
32420,2024,14,Buffalo,Eastern Michigan,CFB Victory,0,no_match
32421,2024,14,Buffalo,Eastern Michigan,Congrove,0,no_match
32422,2024,14,Buffalo,Eastern Michigan,DRatings,0,no_match
32423,2024,14,Buffalo,Eastern Michigan,Dokter Entropy,0,no_match
32424,2024,14,Buffalo,Eastern Michigan,ESPN FPI,0,no_match
32425,2024,14,Buffalo,Eastern Michigan,FEI,0,no_match
32426,2024,14,Buffalo,Eastern Michigan,Harville,0,no_match
32427,2024,14,Buffalo,Eastern Michigan,JP+,0,no_match
32428,2024,14,Buffalo,Eastern Michigan,John Harris,0,no_match
32429,2024,14,Buffalo,Eastern Michigan,KFord,0,no_match
32430,2024,14,Buffalo,Eastern Michigan,Keeper,0,no_match
32431,2024,14,Buffalo,Eastern Michigan,Massey,0,no_match
32432,2024,14,Buffalo,Eastern Michigan,Matt Grissom,0,no_match
32433,2024,14,Buffalo,Eastern Michigan,Moore Ratings,0,no_match
32434,2024,14,Buffalo,Eastern Michigan,PiRate,0,no_match
32435,2024,14,Buffalo,Eastern Michigan,PiRate: Bias,0,no_match
32436,2024,14,Buffalo,Eastern Michigan,PiRate: Mean,0,no_match
32437,2024,14,Buffalo,Eastern Michigan,Power Rank,0,no_match
32438,2024,14,Buffalo,Eastern Michigan,Power Rank: Free,0,no_match
32439,2024,14,Buffalo,Eastern Michigan,Professor Sides,0,no_match
32440,2024,14,Buffalo,Eastern Michigan,Room44 Bets,0,no_match
32441,2024,14,Buffalo,Eastern Michigan,SP+,0,no_match
32442,2024,14,Buffalo,Eastern Michigan,Sagarin,0,no_match
32443,2024,14,Buffalo,Eastern Michigan,Sagarin: Golden,0,no_match
32444,2024,14,Buffalo,Eastern Michigan,Sagarin: Predictor,0,no_match
32445,2024,14,Buffalo,Eastern Michigan,Sagarin: Recent,0,no_match
32446,2024,14,Buffalo,Eastern Michigan,SportsLine,0,no_match
32447,2024,14,Buffalo,Eastern Michigan,TShoe Index,0,no_match
32448,2024,14,Buffalo,Eastern Michigan,TeamRankings,0,no_match
32449,2024,14,Buffalo,Eastern Michigan,Trent Sorensen,0,no_match
32450,2024,14,Buffalo,Eastern Michigan,Wilson Ratings,0,no_match
32591,2024,14,Florida International,Kennesaw State,Beta_Rank,0,no_match
32592,2024,14,Florida International,Kennesaw State,CBCR2: Power,0,no_match
32593,2024,14,Florida International,Kennesaw State,CFB Geek,0,no_match
32594,2024,14,Florida International,Kennesaw State,CFB Graphs,0,no_match
32595,2024,14,Florida International,Kennesaw State,CFB Victory,0,no_match
32596,2024,14,Florida International,Kennesaw State,Congrove,0,no_match
32597,2024,14,Florida International,Kennesaw State,DRatings,0,no_match
32598,2024,14,Florida International,Kennesaw State,Dokter Entropy,0,no_match
32599,2024,14,Florida International,Kennesaw State,ESPN FPI,0,no_match
32600,2024,14,Florida International,Kennesaw State,FEI,0,no_match
32601,2024,14,Florida International,Kennesaw State,Harville,0,no_match
32602,2024,14,Florida International,Kennesaw State,JP+,0,no_match
32603,2024,14,Florida International,Kennesaw State,John Harris,0,no_match
32604,2024,14,Florida International,Kennesaw State,KFord,0,no_match
32605,2024,14,Florida International,Kennesaw State,Keeper,0,no_match
32606,2024,14,Florida International,Kennesaw State,Massey,0,no_match
32607,2024,14,Florida International,Kennesaw State,Matt Grissom,0,no_match
32608,2024,14,Florida International,Kennesaw State,Moore Ratings,0,no_match
32609,2024,14,Florida International,Kennesaw State,PiRate,0,no_match
32610,2024,14,Florida International,Kennesaw State,PiRate: Bias,0,no_match
32611,2024,14,Florida International,Kennesaw State,PiRate: Mean,0,no_match
32612,2024,14,Florida International,Kennesaw State,Power Rank,0,no_match
32613,2024,14,Florida International,Kennesaw State,Power Rank: Free,0,no_match
32614,2024,14,Florida International,Kennesaw State,Professor Sides,0,no_match
32615,2024,14,Florida International,Kennesaw State,Room44 Bets,0,no_match
32616,2024,14,Florida International,Kennesaw State,SP+,0,no_match
32617,2024,14,Florida International,Kennesaw State,Sagarin,0,no_match
32618,2024,14,Florida International,Kennesaw State,Sagarin: Golden,0,no_match
32619,2024,14,Florida International,Kennesaw State,Sagarin: Predictor,0,no_match
32620,2024,14,Florida International,Kennesaw State,Sagarin: Recent,0,no_match
32621,2024,14,Florida International,Kennesaw State,SportsLine,0,no_match
32622,2024,14,Florida International,Kennesaw State,TShoe Index,0,no_match
32623,2024,14,Florida International,Kennesaw State,TeamRankings,0,no_match
32624,2024,14,Florida International,Kennesaw State,Trent Sorensen,0,no_match
32625,2024,14,Florida International,Kennesaw State,Wilson Ratings,0,no_match
32941,2024,14,New Mexico State,Middle Tennessee,Beta_Rank,0,no_match
32942,2024,14,New Mexico State,Middle Tennessee,CBCR2: Power,0,no_match
32943,2024,14,New Mexico State,Middle Tennessee,CFB Geek,0,no_match
32944,2024,14,New Mexico State,Middle Tennessee,CFB Graphs,0,no_match
32945,2024,14,New Mexico State,Middle Tennessee,CFB Victory,0,no_match
32946,2024,14,New Mexico State,Middle Tennessee,Congrove,0,no_match
32947,2024,14,New Mexico State,Middle Tennessee,DRatings,0,no_match
32948,2024,14,New Mexico State,Middle Tennessee,Dokter Entropy,0,no_match
32949,2024,14,New Mexico State,Middle Tennessee,ESPN FPI,0,no_match
32950,2024,14,New Mexico State,Middle Tennessee,FEI,0,no_match
32951,2024,14,New Mexico State,Middle Tennessee,Harville,0,no_match
32952,2024,14,New Mexico State,Middle Tennessee,JP+,0,no_match
32953,2024,14,New Mexico State,Middle Tennessee,John Harris,0,no_match
32954,2024,14,New Mexico State,Middle Tennessee,KFord,0,no_match
32955,2024,14,New Mexico State,Middle Tennessee,Keeper,0,no_match
32956,2024,14,New Mexico State,Middle Tennessee,Massey,0,no_match
32957,2024,14,New Mexico State,Middle Tennessee,Matt Grissom,0,no_match
32958,2024,14,New Mexico State,Middle Tennessee,Moore Ratings,0,no_match
32959,2024,14,New Mexico State,Middle Tennessee,PiRate,0,no_match
32960,2024,14,New Mexico State,Middle Tennessee,PiRate: Bias,0,no_match
32961,2024,14,New Mexico State,Middle Tennessee,PiRate: Mean,0,no_match
32962,2024,14,New Mexico State,Middle Tennessee,Power Rank,0,no_match
32963,2024,14,New Mexico State,Middle Tennessee,Power Rank: Free,0,no_match
32964,2024,14,New Mexico State,Middle Tennessee,Professor Sides,0,no_match
32965,2024,14,New Mexico State,Middle Tennessee,Room44 Bets,0,no_match
32966,2024,14,New Mexico State,Middle Tennessee,SP+,0,no_match
32967,2024,14,New Mexico State,Middle Tennessee,Sagarin,0,no_match
32968,2024,14,New Mexico State,Middle Tennessee,Sagarin: Golden,0,no_match
32969,2024,14,New Mexico State,Middle Tennessee,Sagarin: Predictor,0,no_match
32970,2024,14,New Mexico State,Middle Tennessee,Sagarin: Recent,0,no_match
32971,2024,14,New Mexico State,Middle Tennessee,SportsLine,0,no_match
32972,2024,14,New Mexico State,Middle Tennessee,TShoe Index,0,no_match
32973,2024,14,New Mexico State,Middle Tennessee,TeamRankings,0,no_match
32974,2024,14,New Mexico State,Middle Tennessee,Trent Sorensen,0,no_match
32975,2024,14,New Mexico State,Middle Tennessee,Wilson Ratings,0,no_match
33011,2024,14,Northern Illinois,Miami OH,Beta_Rank,0,no_match
33012,2024,14,Northern Illinois,Miami OH,CBCR2: Power,0,no_match
33013,2024,14,Northern Illinois,Miami OH,CFB Geek,0,no_match
33014,2024,14,Northern Illinois,Miami OH,CFB Graphs,0,no_match
33015,2024,14,Northern Illinois,Miami OH,CFB Victory,0,no_match
33016,2024,14,Northern Illinois,Miami OH,Congrove,0,no_match
33017,2024,14,Northern Illinois,Miami OH,DRatings,0,no_match
33018,2024,14,Northern Illinois,Miami OH,Dokter Entropy,0,no_match
33019,2024,14,Northern Illinois,Miami OH,ESPN FPI,0,no_match
33020,2024,14,Northern Illinois,Miami OH,FEI,0,no_match
33021,2024,14,Northern Illinois,Miami OH,Harville,0,no_match
33022,2024,14,Northern Illinois,Miami OH,JP+,0,no_match
33023,2024,14,Northern Illinois,Miami OH,John Harris,0,no_match
33024,2024,14,Northern Illinois,Miami OH,KFord,0,no_match
33025,2024,14,Northern Illinois,Miami OH,Keeper,0,no_match
33026,2024,14,Northern Illinois,Miami OH,Massey,0,no_match
33027,2024,14,Northern Illinois,Miami OH,Matt Grissom,0,no_match
33028,2024,14,Northern Illinois,Miami OH,Moore Ratings,0,no_match
33029,2024,14,Northern Illinois,Miami OH,PiRate,0,no_match
33030,2024,14,Northern Illinois,Miami OH,PiRate: Bias,0,no_match
33031,2024,14,Northern Illinois,Miami OH,PiRate: Mean,0,no_match
33032,2024,14,Northern Illinois,Miami OH,Power Rank,0,no_match
33033,2024,14,Northern Illinois,Miami OH,Power Rank: Free,0,no_match
33034,2024,14,Northern Illinois,Miami OH,Professor Sides,0,no_match
33035,2024,14,Northern Illinois,Miami OH,Room44 Bets,0,no_match
33036,2024,14,Northern Illinois,Miami OH,SP+,0,no_match
33037,2024,14,Northern Illinois,Miami OH,Sagarin,0,no_match
33038,2024,14,Northern Illinois,Miami OH,Sagarin: Golden,0,no_match
33039,2024,14,Northern Illinois,Miami OH,Sagarin: Predictor,0,no_match
33040,2024,14,Northern Illinois,Miami OH,Sagarin: Recent,0,no_match
33041,2024,14,Northern Illinois,Miami OH,SportsLine,0,no_match
33042,2024,14,Northern Illinois,Miami OH,TShoe Index,0,no_match
33043,2024,14,Northern Illinois,Miami OH,TeamRankings,0,no_match
33044,2024,14,Northern Illinois,Miami OH,Trent Sorensen,0,no_match
33045,2024,14,Northern Illinois,Miami OH,Wilson Ratings,0,no_match
33186,2024,14,Sam Houston,Jacksonville State,Beta_Rank,0,no_match
33187,2024,14,Sam Houston,Jacksonville State,CBCR2: Power,0,no_match
33188,2024,14,Sam Houston,Jacksonville State,CFB Geek,0,no_match
33189,2024,14,Sam Houston,Jacksonville State,CFB Graphs,0,no_match
33190,2024,14,Sam Houston,Jacksonville State,CFB Victory,0,no_match
33191,2024,14,Sam Houston,Jacksonville State,Congrove,0,no_match
33192,2024,14,Sam Houston,Jacksonville State,DRatings,0,no_match
33193,2024,14,Sam Houston,Jacksonville State,Dokter Entropy,0,no_match
33194,2024,14,Sam Houston,Jacksonville State,ESPN FPI,0,no_match
33195,2024,14,Sam Houston,Jacksonville State,FEI,0,no_match
33196,2024,14,Sam Houston,Jacksonville State,Harville,0,no_match
33197,2024,14,Sam Houston,Jacksonville State,JP+,0,no_match
33198,2024,14,Sam Houston,Jacksonville State,John Harris,0,no_match
33199,2024,14,Sam Houston,Jacksonville State,KFord,0,no_match
33200,2024,14,Sam Houston,Jacksonville State,Keeper,0,no_match
33201,2024,14,Sam Houston,Jacksonville State,Massey,0,no_match
33202,2024,14,Sam Houston,Jacksonville State,Matt Grissom,0,no_match
33203,2024,14,Sam Houston,Jacksonville State,Moore Ratings,0,no_match
33204,2024,14,Sam Houston,Jacksonville State,PiRate,0,no_match
33205,2024,14,Sam Houston,Jacksonville State,PiRate: Bias,0,no_match
33206,2024,14,Sam Houston,Jacksonville State,PiRate: Mean,0,no_match
33207,2024,14,Sam Houston,Jacksonville State,Power Rank,0,no_match
33208,2024,14,Sam Houston,Jacksonville State,Power Rank: Free,0,no_match
33209,2024,14,Sam Houston,Jacksonville State,Professor Sides,0,no_match
33210,2024,14,Sam Houston,Jacksonville State,Room44 Bets,0,no_match
33211,2024,14,Sam Houston,Jacksonville State,SP+,0,no_match
33212,2024,14,Sam Houston,Jacksonville State,Sagarin,0,no_match
33213,2024,14,Sam Houston,Jacksonville State,Sagarin: Golden,0,no_match
33214,2024,14,Sam Houston,Jacksonville State,Sagarin: Predictor,0,no_match
33215,2024,14,Sam Houston,Jacksonville State,Sagarin: Recent,0,no_match
33216,2024,14,Sam Houston,Jacksonville State,SportsLine,0,no_match
33217,2024,14,Sam Houston,Jacksonville State,TShoe Index,0,no_match
33218,2024,14,Sam Houston,Jacksonville State,TeamRankings,0,no_match
33219,2024,14,Sam Houston,Jacksonville State,Trent Sorensen,0,no_match
33220,2024,14,Sam Houston,Jacksonville State,Wilson Ratings,0,no_match
33221,2024,14,South Alabama,Southern Mississippi,Beta_Rank,0,no_match
33222,2024,14,South Alabama,Southern Mississippi,CBCR2: Power,0,no_match
33223,2024,14,South Alabama,Southern Mississippi,CFB Geek,0,no_match
33224,2024,14,South Alabama,Southern Mississippi,CFB Graphs,0,no_match
33225,2024,14,South Alabama,Southern Mississippi,CFB Victory,0,no_match
33226,2024,14,South Alabama,Southern Mississippi,Congrove,0,no_match
33227,2024,14,South Alabama,Southern Mississippi,DRatings,0,no_match
33228,2024,14,South Alabama,Southern Mississippi,Dokter Entropy,0,no_match
33229,2024,14,South Alabama,Southern Mississippi,ESPN FPI,0,no_match
33230,2024,14,South Alabama,Southern Mississippi,FEI,0,no_match
33231,2024,14,South Alabama,Southern Mississippi,Harville,0,no_match
33232,2024,14,South Alabama,Southern Mississippi,JP+,0,no_match
33233,2024,14,South Alabama,Southern Mississippi,John Harris,0,no_match
33234,2024,14,South Alabama,Southern Mississippi,KFord,0,no_match
33235,2024,14,South Alabama,Southern Mississippi,Keeper,0,no_match
33236,2024,14,South Alabama,Southern Mississippi,Massey,0,no_match
33237,2024,14,South Alabama,Southern Mississippi,Matt Grissom,0,no_match
33238,2024,14,South Alabama,Southern Mississippi,Moore Ratings,0,no_match
33239,2024,14,South Alabama,Southern Mississippi,PiRate,0,no_match
33240,2024,14,South Alabama,Southern Mississippi,PiRate: Bias,0,no_match
33241,2024,14,South Alabama,Southern Mississippi,PiRate: Mean,0,no_match
33242,2024,14,South Alabama,Southern Mississippi,Power Rank,0,no_match
33243,2024,14,South Alabama,Southern Mississippi,Power Rank: Free,0,no_match
33244,2024,14,South Alabama,Southern Mississippi,Professor Sides,0,no_match
33245,2024,14,South Alabama,Southern Mississippi,Room44 Bets,0,no_match
33246,2024,14,South Alabama,Southern Mississippi,SP+,0,no_match
33247,2024,14,South Alabama,Southern Mississippi,Sagarin,0,no_match
33248,2024,14,South Alabama,Southern Mississippi,Sagarin: Golden,0,no_match
33249,2024,14,South Alabama,Southern Mississippi,Sagarin: Predictor,0,no_match
33250,2024,14,South Alabama,Southern Mississippi,Sagarin: Recent,0,no_match
33251,2024,14,South Alabama,Southern Mississippi,SportsLine,0,no_match
33252,2024,14,South Alabama,Southern Mississippi,TShoe Index,0,no_match
33253,2024,14,South Alabama,Southern Mississippi,TeamRankings,0,no_match
33254,2024,14,South Alabama,Southern Mississippi,Trent Sorensen,0,no_match
33255,2024,14,South Alabama,Southern Mississippi,Wilson Ratings,0,no_match
33396,2024,14,Wake Forest,Miami,Beta_Rank,0,no_match
33397,2024,14,Wake Forest,Miami,CBCR2: Power,0,no_match
33398,2024,14,Wake Forest,Miami,CFB Geek,0,no_match
33399,2024,14,Wake Forest,Miami,CFB Graphs,0,no_match
33400,2024,14,Wake Forest,Miami,CFB Victory,0,no_match
33401,2024,14,Wake Forest,Miami,Congrove,0,no_match
33402,2024,14,Wake Forest,Miami,DRatings,0,no_match
33403,2024,14,Wake Forest,Miami,Dokter Entropy,0,no_match
33404,2024,14,Wake Forest,Miami,ESPN FPI,0,no_match
33405,2024,14,Wake Forest,Miami,FEI,0,no_match
33406,2024,14,Wake Forest,Miami,Harville,0,no_match
33407,2024,14,Wake Forest,Miami,JP+,0,no_match
33408,2024,14,Wake Forest,Miami,John Harris,0,no_match
33409,2024,14,Wake Forest,Miami,KFord,0,no_match
33410,2024,14,Wake Forest,Miami,Keeper,0,no_match
33411,2024,14,Wake Forest,Miami,Massey,0,no_match
33412,2024,14,Wake Forest,Miami,Matt Grissom,0,no_match
33413,2024,14,Wake Forest,Miami,Moore Ratings,0,no_match
33414,2024,14,Wake Forest,Miami,PiRate,0,no_match
33415,2024,14,Wake Forest,Miami,PiRate: Bias,0,no_match
33416,2024,14,Wake Forest,Miami,PiRate: Mean,0,no_match
33417,2024,14,Wake Forest,Miami,Power Rank,0,no_match
33418,2024,14,Wake Forest,Miami,Power Rank: Free,0,no_match
33419,2024,14,Wake Forest,Miami,Professor Sides,0,no_match
33420,2024,14,Wake Forest,Miami,Room44 Bets,0,no_match
33421,2024,14,Wake Forest,Miami,SP+,0,no_match
33422,2024,14,Wake Forest,Miami,Sagarin,0,no_match
33423,2024,14,Wake Forest,Miami,Sagarin: Golden,0,no_match
33424,2024,14,Wake Forest,Miami,Sagarin: Predictor,0,no_match
33425,2024,14,Wake Forest,Miami,Sagarin: Recent,0,no_match
33426,2024,14,Wake Forest,Miami,SportsLine,0,no_match
33427,2024,14,Wake Forest,Miami,TShoe Index,0,no_match
33428,2024,14,Wake Forest,Miami,TeamRankings,0,no_match
33429,2024,14,Wake Forest,Miami,Trent Sorensen,0,no_match
33430,2024,14,Wake Forest,Miami,Wilson Ratings,0,no_match
33466,2024,14,Western Michigan,Central Michigan,Beta_Rank,0,no_match
33467,2024,14,Western Michigan,Central Michigan,CBCR2: Power,0,no_match
33468,2024,14,Western Michigan,Central Michigan,CFB Geek,0,no_match
33469,2024,14,Western Michigan,Central Michigan,CFB Graphs,0,no_match
33470,2024,14,Western Michigan,Central Michigan,CFB Victory,0,no_match
33471,2024,14,Western Michigan,Central Michigan,Congrove,0,no_match
33472,2024,14,Western Michigan,Central Michigan,DRatings,0,no_match
33473,2024,14,Western Michigan,Central Michigan,Dokter Entropy,0,no_match
33474,2024,14,Western Michigan,Central Michigan,ESPN FPI,0,no_match
33475,2024,14,Western Michigan,Central Michigan,FEI,0,no_match
33476,2024,14,Western Michigan,Central Michigan,Harville,0,no_match
33477,2024,14,Western Michigan,Central Michigan,JP+,0,no_match
33478,2024,14,Western Michigan,Central Michigan,John Harris,0,no_match
33479,2024,14,Western Michigan,Central Michigan,KFord,0,no_match
33480,2024,14,Western Michigan,Central Michigan,Keeper,0,no_match
33481,2024,14,Western Michigan,Central Michigan,Massey,0,no_match
33482,2024,14,Western Michigan,Central Michigan,Matt Grissom,0,no_match
33483,2024,14,Western Michigan,Central Michigan,Moore Ratings,0,no_match
33484,2024,14,Western Michigan,Central Michigan,PiRate,0,no_match
33485,2024,14,Western Michigan,Central Michigan,PiRate: Bias,0,no_match
33486,2024,14,Western Michigan,Central Michigan,PiRate: Mean,0,no_match
33487,2024,14,Western Michigan,Central Michigan,Power Rank,0,no_match
33488,2024,14,Western Michigan,Central Michigan,Power Rank: Free,0,no_match
33489,2024,14,Western Michigan,Central Michigan,Professor Sides,0,no_match
33490,2024,14,Western Michigan,Central Michigan,Room44 Bets,0,no_match
33491,2024,14,Western Michigan,Central Michigan,SP+,0,no_match
33492,2024,14,Western Michigan,Central Michigan,Sagarin,0,no_match
33493,2024,14,Western Michigan,Central Michigan,Sagarin: Golden,0,no_match
33494,2024,14,Western Michigan,Central Michigan,Sagarin: Predictor,0,no_match
33495,2024,14,Western Michigan,Central Michigan,Sagarin: Recent,0,no_match
33496,2024,14,Western Michigan,Central Michigan,SportsLine,0,no_match
33497,2024,14,Western Michigan,Central Michigan,TShoe Index,0,no_match
33498,2024,14,Western Michigan,Central Michigan,TeamRankings,0,no_match
33499,2024,14,Western Michigan,Central Michigan,Trent Sorensen,0,no_match
33500,2024,14,Western Michigan,Central Michigan,Wilson Ratings,0,no_match
33641,2024,15,Eastern Michigan,Western Michigan,Beta_Rank,0,no_match
33642,2024,15,Eastern Michigan,Western Michigan,CBCR2: Power,0,no_match
33643,2024,15,Eastern Michigan,Western Michigan,CFB Geek,0,no_match
33644,2024,15,Eastern Michigan,Western Michigan,CFB Graphs,0,no_match
33645,2024,15,Eastern Michigan,Western Michigan,CFB Victory,0,no_match
33646,2024,15,Eastern Michigan,Western Michigan,Congrove,0,no_match
33647,2024,15,Eastern Michigan,Western Michigan,DRatings,0,no_match
33648,2024,15,Eastern Michigan,Western Michigan,Dokter Entropy,0,no_match
33649,2024,15,Eastern Michigan,Western Michigan,ESPN FPI,0,no_match
33650,2024,15,Eastern Michigan,Western Michigan,FEI,0,no_match
33651,2024,15,Eastern Michigan,Western Michigan,Harville,0,no_match
33652,2024,15,Eastern Michigan,Western Michigan,JP+,0,no_match
33653,2024,15,Eastern Michigan,Western Michigan,John Harris,0,no_match
33654,2024,15,Eastern Michigan,Western Michigan,KFord,0,no_match
33655,2024,15,Eastern Michigan,Western Michigan,Keeper,0,no_match
33656,2024,15,Eastern Michigan,Western Michigan,Massey,0,no_match
33657,2024,15,Eastern Michigan,Western Michigan,Matt Grissom,0,no_match
33658,2024,15,Eastern Michigan,Western Michigan,Moore Ratings,0,no_match
33659,2024,15,Eastern Michigan,Western Michigan,PiRate,0,no_match
33660,2024,15,Eastern Michigan,Western Michigan,PiRate: Bias,0,no_match
33661,2024,15,Eastern Michigan,Western Michigan,PiRate: Mean,0,no_match
33662,2024,15,Eastern Michigan,Western Michigan,Power Rank,0,no_match
33663,2024,15,Eastern Michigan,Western Michigan,Power Rank: Free,0,no_match
33664,2024,15,Eastern Michigan,Western Michigan,Professor Sides,0,no_match
33665,2024,15,Eastern Michigan,Western Michigan,Room44 Bets,0,no_match
33666,2024,15,Eastern Michigan,Western Michigan,SP+,0,no_match
33667,2024,15,Eastern Michigan,Western Michigan,Sagarin,0,no_match
33668,2024,15,Eastern Michigan,Western Michigan,Sagarin: Golden,0,no_match
33669,2024,15,Eastern Michigan,Western Michigan,Sagarin: Predictor,0,no_match
33670,2024,15,Eastern Michigan,Western Michigan,Sagarin: Recent,0,no_match
33671,2024,15,Eastern Michigan,Western Michigan,SportsLine,0,no_match
33672,2024,15,Eastern Michigan,Western Michigan,TShoe Index,0,no_match
33673,2024,15,Eastern Michigan,Western Michigan,TeamRankings,0,no_match
33674,2024,15,Eastern Michigan,Western Michigan,Trent Sorensen,0,no_match
33675,2024,15,Eastern Michigan,Western Michigan,Wilson Ratings,0,no_match
33781,2024,15,Kent State,Buffalo,Beta_Rank,0,no_match
33782,2024,15,Kent State,Buffalo,CBCR2: Power,0,no_match
33783,2024,15,Kent State,Buffalo,CFB Geek,0,no_match
33784,2024,15,Kent State,Buffalo,CFB Graphs,0,no_match
33785,2024,15,Kent State,Buffalo,CFB Victory,0,no_match
33786,2024,15,Kent State,Buffalo,Congrove,0,no_match
33787,2024,15,Kent State,Buffalo,DRatings,0,no_match
33788,2024,15,Kent State,Buffalo,Dokter Entropy,0,no_match
33789,2024,15,Kent State,Buffalo,ESPN FPI,0,no_match
33790,2024,15,Kent State,Buffalo,FEI,0,no_match
33791,2024,15,Kent State,Buffalo,Harville,0,no_match
33792,2024,15,Kent State,Buffalo,JP+,0,no_match
33793,2024,15,Kent State,Buffalo,John Harris,0,no_match
33794,2024,15,Kent State,Buffalo,KFord,0,no_match
33795,2024,15,Kent State,Buffalo,Keeper,0,no_match
33796,2024,15,Kent State,Buffalo,Massey,0,no_match
33797,2024,15,Kent State,Buffalo,Matt Grissom,0,no_match
33798,2024,15,Kent State,Buffalo,Moore Ratings,0,no_match
33799,2024,15,Kent State,Buffalo,PiRate,0,no_match
33800,2024,15,Kent State,Buffalo,PiRate: Bias,0,no_match
33801,2024,15,Kent State,Buffalo,PiRate: Mean,0,no_match
33802,2024,15,Kent State,Buffalo,Power Rank,0,no_match
33803,2024,15,Kent State,Buffalo,Power Rank: Free,0,no_match
33804,2024,15,Kent State,Buffalo,Professor Sides,0,no_match
33805,2024,15,Kent State,Buffalo,Room44 Bets,0,no_match
33806,2024,15,Kent State,Buffalo,SP+,0,no_match
33807,2024,15,Kent State,Buffalo,Sagarin,0,no_match
33808,2024,15,Kent State,Buffalo,Sagarin: Golden,0,no_match
33809,2024,15,Kent State,Buffalo,Sagarin: Predictor,0,no_match
33810,2024,15,Kent State,Buffalo,Sagarin: Recent,0,no_match
33811,2024,15,Kent State,Buffalo,SportsLine,0,no_match
33812,2024,15,Kent State,Buffalo,TShoe Index,0,no_match
33813,2024,15,Kent State,Buffalo,TeamRankings,0,no_match
33814,2024,15,Kent State,Buffalo,Trent Sorensen,0,no_match
33815,2024,15,Kent State,Buffalo,Wilson Ratings,0,no_match
33816,2024,15,Liberty,Sam Houston,Beta_Rank,0,no_match
33817,2024,15,Liberty,Sam Houston,CBCR2: Power,0,no_match
33818,2024,15,Liberty,Sam Houston,CFB Geek,0,no_match
33819,2024,15,Liberty,Sam Houston,CFB Graphs,0,no_match
33820,2024,15,Liberty,Sam Houston,CFB Victory,0,no_match
33821,2024,15,Liberty,Sam Houston,Congrove,0,no_match
33822,2024,15,Liberty,Sam Houston,DRatings,0,no_match
33823,2024,15,Liberty,Sam Houston,Dokter Entropy,0,no_match
33824,2024,15,Liberty,Sam Houston,ESPN FPI,0,no_match
33825,2024,15,Liberty,Sam Houston,FEI,0,no_match
33826,2024,15,Liberty,Sam Houston,Harville,0,no_match
33827,2024,15,Liberty,Sam Houston,JP+,0,no_match
33828,2024,15,Liberty,Sam Houston,John Harris,0,no_match
33829,2024,15,Liberty,Sam Houston,KFord,0,no_match
33830,2024,15,Liberty,Sam Houston,Keeper,0,no_match
33831,2024,15,Liberty,Sam Houston,Massey,0,no_match
33832,2024,15,Liberty,Sam Houston,Matt Grissom,0,no_match
33833,2024,15,Liberty,Sam Houston,Moore Ratings,0,no_match
33834,2024,15,Liberty,Sam Houston,PiRate,0,no_match
33835,2024,15,Liberty,Sam Houston,PiRate: Bias,0,no_match
33836,2024,15,Liberty,Sam Houston,PiRate: Mean,0,no_match
33837,2024,15,Liberty,Sam Houston,Power Rank,0,no_match
33838,2024,15,Liberty,Sam Houston,Power Rank: Free,0,no_match
33839,2024,15,Liberty,Sam Houston,Professor Sides,0,no_match
33840,2024,15,Liberty,Sam Houston,Room44 Bets,0,no_match
33841,2024,15,Liberty,Sam Houston,SP+,0,no_match
33842,2024,15,Liberty,Sam Houston,Sagarin,0,no_match
33843,2024,15,Liberty,Sam Houston,Sagarin: Golden,0,no_match
33844,2024,15,Liberty,Sam Houston,Sagarin: Predictor,0,no_match
33845,2024,15,Liberty,Sam Houston,Sagarin: Recent,0,no_match
33846,2024,15,Liberty,Sam Houston,SportsLine,0,no_match
33847,2024,15,Liberty,Sam Houston,TShoe Index,0,no_match
33848,2024,15,Liberty,Sam Houston,TeamRankings,0,no_match
33849,2024,15,Liberty,Sam Houston,Trent Sorensen,0,no_match
33850,2024,15,Liberty,Sam Houston,Wilson Ratings,0,no_match
33956,2024,15,Miami OH,Bowling Green,Beta_Rank,0,no_match
33957,2024,15,Miami OH,Bowling Green,CBCR2: Power,0,no_match
33958,2024,15,Miami OH,Bowling Green,CFB Geek,0,no_match
33959,2024,15,Miami OH,Bowling Green,CFB Graphs,0,no_match
33960,2024,15,Miami OH,Bowling Green,CFB Victory,0,no_match
33961,2024,15,Miami OH,Bowling Green,Congrove,0,no_match
33962,2024,15,Miami OH,Bowling Green,DRatings,0,no_match
33963,2024,15,Miami OH,Bowling Green,Dokter Entropy,0,no_match
33964,2024,15,Miami OH,Bowling Green,ESPN FPI,0,no_match
33965,2024,15,Miami OH,Bowling Green,FEI,0,no_match
33966,2024,15,Miami OH,Bowling Green,Harville,0,no_match
33967,2024,15,Miami OH,Bowling Green,JP+,0,no_match
33968,2024,15,Miami OH,Bowling Green,John Harris,0,no_match
33969,2024,15,Miami OH,Bowling Green,KFord,0,no_match
33970,2024,15,Miami OH,Bowling Green,Keeper,0,no_match
33971,2024,15,Miami OH,Bowling Green,Massey,0,no_match
33972,2024,15,Miami OH,Bowling Green,Matt Grissom,0,no_match
33973,2024,15,Miami OH,Bowling Green,Moore Ratings,0,no_match
33974,2024,15,Miami OH,Bowling Green,PiRate,0,no_match
33975,2024,15,Miami OH,Bowling Green,PiRate: Bias,0,no_match
33976,2024,15,Miami OH,Bowling Green,PiRate: Mean,0,no_match
33977,2024,15,Miami OH,Bowling Green,Power Rank,0,no_match
33978,2024,15,Miami OH,Bowling Green,Power Rank: Free,0,no_match
33979,2024,15,Miami OH,Bowling Green,Professor Sides,0,no_match
33980,2024,15,Miami OH,Bowling Green,Room44 Bets,0,no_match
33981,2024,15,Miami OH,Bowling Green,SP+,0,no_match
33982,2024,15,Miami OH,Bowling Green,Sagarin,0,no_match
33983,2024,15,Miami OH,Bowling Green,Sagarin: Golden,0,no_match
33984,2024,15,Miami OH,Bowling Green,Sagarin: Predictor,0,no_match
33985,2024,15,Miami OH,Bowling Green,Sagarin: Recent,0,no_match
33986,2024,15,Miami OH,Bowling Green,SportsLine,0,no_match
33987,2024,15,Miami OH,Bowling Green,TShoe Index,0,no_match
33988,2024,15,Miami OH,Bowling Green,TeamRankings,0,no_match
33989,2024,15,Miami OH,Bowling Green,Trent Sorensen,0,no_match
33990,2024,15,Miami OH,Bowling Green,Wilson Ratings,0,no_match
34026,2024,15,Middle Tennessee,Florida International,Beta_Rank,0,no_match
34027,2024,15,Middle Tennessee,Florida International,CBCR2: Power,0,no_match
34028,2024,15,Middle Tennessee,Florida International,CFB Geek,0,no_match
34029,2024,15,Middle Tennessee,Florida International,CFB Graphs,0,no_match
34030,2024,15,Middle Tennessee,Florida International,CFB Victory,0,no_match
34031,2024,15,Middle Tennessee,Florida International,Congrove,0,no_match
34032,2024,15,Middle Tennessee,Florida International,DRatings,0,no_match
34033,2024,15,Middle Tennessee,Florida International,Dokter Entropy,0,no_match
34034,2024,15,Middle Tennessee,Florida International,ESPN FPI,0,no_match
34035,2024,15,Middle Tennessee,Florida International,FEI,0,no_match
34036,2024,15,Middle Tennessee,Florida International,Harville,0,no_match
34037,2024,15,Middle Tennessee,Florida International,JP+,0,no_match
34038,2024,15,Middle Tennessee,Florida International,John Harris,0,no_match
34039,2024,15,Middle Tennessee,Florida International,KFord,0,no_match
34040,2024,15,Middle Tennessee,Florida International,Keeper,0,no_match
34041,2024,15,Middle Tennessee,Florida International,Massey,0,no_match
34042,2024,15,Middle Tennessee,Florida International,Matt Grissom,0,no_match
34043,2024,15,Middle Tennessee,Florida International,Moore Ratings,0,no_match
34044,2024,15,Middle Tennessee,Florida International,PiRate,0,no_match
34045,2024,15,Middle Tennessee,Florida International,PiRate: Bias,0,no_match
34046,2024,15,Middle Tennessee,Florida International,PiRate: Mean,0,no_match
34047,2024,15,Middle Tennessee,Florida International,Power Rank,0,no_match
34048,2024,15,Middle Tennessee,Florida International,Power Rank: Free,0,no_match
34049,2024,15,Middle Tennessee,Florida International,Professor Sides,0,no_match
34050,2024,15,Middle Tennessee,Florida International,Room44 Bets,0,no_match
34051,2024,15,Middle Tennessee,Florida International,SP+,0,no_match
34052,2024,15,Middle Tennessee,Florida International,Sagarin,0,no_match
34053,2024,15,Middle Tennessee,Florida International,Sagarin: Golden,0,no_match
34054,2024,15,Middle Tennessee,Florida International,Sagarin: Predictor,0,no_match
34055,2024,15,Middle Tennessee,Florida International,Sagarin: Recent,0,no_match
34056,2024,15,Middle Tennessee,Florida International,SportsLine,0,no_match
34057,2024,15,Middle Tennessee,Florida International,TShoe Index,0,no_match
34058,2024,15,Middle Tennessee,Florida International,TeamRankings,0,no_match
34059,2024,15,Middle Tennessee,Florida International,Trent Sorensen,0,no_match
34060,2024,15,Middle Tennessee,Florida International,Wilson Ratings,0,no_match
34411,2024,15,Southern Mississippi,Troy,Beta_Rank,0,no_match
34412,2024,15,Southern Mississippi,Troy,CBCR2: Power,0,no_match
34413,2024,15,Southern Mississippi,Troy,CFB Geek,0,no_match
34414,2024,15,Southern Mississippi,Troy,CFB Graphs,0,no_match
34415,2024,15,Southern Mississippi,Troy,CFB Victory,0,no_match
34416,2024,15,Southern Mississippi,Troy,Congrove,0,no_match
34417,2024,15,Southern Mississippi,Troy,DRatings,0,no_match
34418,2024,15,Southern Mississippi,Troy,Dokter Entropy,0,no_match
34419,2024,15,Southern Mississippi,Troy,ESPN FPI,0,no_match
34420,2024,15,Southern Mississippi,Troy,FEI,0,no_match
34421,2024,15,Southern Mississippi,Troy,Harville,0,no_match
34422,2024,15,Southern Mississippi,Troy,JP+,0,no_match
34423,2024,15,Southern Mississippi,Troy,John Harris,0,no_match
34424,2024,15,Southern Mississippi,Troy,KFord,0,no_match
34425,2024,15,Southern Mississippi,Troy,Keeper,0,no_match
34426,2024,15,Southern Mississippi,Troy,Massey,0,no_match
34427,2024,15,Southern Mississippi,Troy,Matt Grissom,0,no_match
34428,2024,15,Southern Mississippi,Troy,Moore Ratings,0,no_match
34429,2024,15,Southern Mississippi,Troy,PiRate,0,no_match
34430,2024,15,Southern Mississippi,Troy,PiRate: Bias,0,no_match
34431,2024,15,Southern Mississippi,Troy,PiRate: Mean,0,no_match
34432,2024,15,Southern Mississippi,Troy,Power Rank,0,no_match
34433,2024,15,Southern Mississippi,Troy,Power Rank: Free,0,no_match
34434,2024,15,Southern Mississippi,Troy,Professor Sides,0,no_match
34435,2024,15,Southern Mississippi,Troy,Room44 Bets,0,no_match
34436,2024,15,Southern Mississippi,Troy,SP+,0,no_match
34437,2024,15,Southern Mississippi,Troy,Sagarin,0,no_match
34438,2024,15,Southern Mississippi,Troy,Sagarin: Golden,0,no_match
34439,2024,15,Southern Mississippi,Troy,Sagarin: Predictor,0,no_match
34440,2024,15,Southern Mississippi,Troy,Sagarin: Recent,0,no_match
34441,2024,15,Southern Mississippi,Troy,SportsLine,0,no_match
34442,2024,15,Southern Mississippi,Troy,TShoe Index,0,no_match
34443,2024,15,Southern Mississippi,Troy,TeamRankings,0,no_match
34444,2024,15,Southern Mississippi,Troy,Trent Sorensen,0,no_match
34445,2024,15,Southern Mississippi,Troy,Wilson Ratings,0,no_match
34691,2024,15,West Virginia,Texas Tech,Beta_Rank,0,no_match
34692,2024,15,West Virginia,Texas Tech,CBCR2: Power,0,no_match
34693,2024,15,West Virginia,Texas Tech,CFB Geek,0,no_match
34694,2024,15,West Virginia,Texas Tech,CFB Graphs,0,no_match
34695,2024,15,West Virginia,Texas Tech,CFB Victory,0,no_match
34696,2024,15,West Virginia,Texas Tech,Congrove,0,no_match
34697,2024,15,West Virginia,Texas Tech,DRatings,0,no_match
34698,2024,15,West Virginia,Texas Tech,Dokter Entropy,0,no_match
34699,2024,15,West Virginia,Texas Tech,ESPN FPI,0,no_match
34700,2024,15,West Virginia,Texas Tech,FEI,0,no_match
34701,2024,15,West Virginia,Texas Tech,Harville,0,no_match
34702,2024,15,West Virginia,Texas Tech,JP+,0,no_match
34703,2024,15,West Virginia,Texas Tech,John Harris,0,no_match
34704,2024,15,West Virginia,Texas Tech,KFord,0,no_match
34705,2024,15,West Virginia,Texas Tech,Keeper,0,no_match
34706,2024,15,West Virginia,Texas Tech,Massey,0,no_match
34707,2024,15,West Virginia,Texas Tech,Matt Grissom,0,no_match
34708,2024,15,West Virginia,Texas Tech,Moore Ratings,0,no_match
34709,2024,15,West Virginia,Texas Tech,PiRate,0,no_match
34710,2024,15,West Virginia,Texas Tech,PiRate: Bias,0,no_match
34711,2024,15,West Virginia,Texas Tech,PiRate: Mean,0,no_match
34712,2024,15,West Virginia,Texas Tech,Power Rank,0,no_match
34713,2024,15,West Virginia,Texas Tech,Power Rank: Free,0,no_match
34714,2024,15,West Virginia,Texas Tech,Professor Sides,0,no_match
34715,2024,15,West Virginia,Texas Tech,Room44 Bets,0,no_match
34716,2024,15,West Virginia,Texas Tech,SP+,0,no_match
34717,2024,15,West Virginia,Texas Tech,Sagarin,0,no_match
34718,2024,15,West Virginia,Texas Tech,Sagarin: Golden,0,no_match
34719,2024,15,West Virginia,Texas Tech,Sagarin: Predictor,0,no_match
34720,2024,15,West Virginia,Texas Tech,Sagarin: Recent,0,no_match
34721,2024,15,West Virginia,Texas Tech,SportsLine,0,no_match
34722,2024,15,West Virginia,Texas Tech,TShoe Index,0,no_match
34723,2024,15,West Virginia,Texas Tech,TeamRankings,0,no_match
34724,2024,15,West Virginia,Texas Tech,Trent Sorensen,0,no_match
34725,2024,15,West Virginia,Texas Tech,Wilson Ratings,0,no_match
34866,2024,16,Ohio,Miami OH,Beta_Rank,0,no_match
34867,2024,16,Ohio,Miami OH,CBCR2: Power,0,no_match
34868,2024,16,Ohio,Miami OH,CFB Geek,0,no_match
34869,2024,16,Ohio,Miami OH,CFB Graphs,0,no_match
34870,2024,16,Ohio,Miami OH,CFB Victory,0,no_match
34871,2024,16,Ohio,Miami OH,Congrove,0,no_match
34872,2024,16,Ohio,Miami OH,DRatings,0,no_match
34873,2024,16,Ohio,Miami OH,Dokter Entropy,0,no_match
34874,2024,16,Ohio,Miami OH,ESPN FPI,0,no_match
34875,2024,16,Ohio,Miami OH,FEI,0,no_match
34876,2024,16,Ohio,Miami OH,Harville,0,no_match
34877,2024,16,Ohio,Miami OH,JP+,0,no_match
34878,2024,16,Ohio,Miami OH,John Harris,0,no_match
34879,2024,16,Ohio,Miami OH,KFord,0,no_match
34880,2024,16,Ohio,Miami OH,Keeper,0,no_match
34881,2024,16,Ohio,Miami OH,Massey,0,no_match
34882,2024,16,Ohio,Miami OH,Matt Grissom,0,no_match
34883,2024,16,Ohio,Miami OH,Moore Ratings,0,no_match
34884,2024,16,Ohio,Miami OH,PiRate,0,no_match
34885,2024,16,Ohio,Miami OH,PiRate: Bias,0,no_match
34886,2024,16,Ohio,Miami OH,PiRate: Mean,0,no_match
34887,2024,16,Ohio,Miami OH,Power Rank,0,no_match
34888,2024,16,Ohio,Miami OH,Power Rank: Free,0,no_match
34889,2024,16,Ohio,Miami OH,Professor Sides,0,no_match
34890,2024,16,Ohio,Miami OH,Room44 Bets,0,no_match
34891,2024,16,Ohio,Miami OH,SP+,0,no_match
34892,2024,16,Ohio,Miami OH,Sagarin,0,no_match
34893,2024,16,Ohio,Miami OH,Sagarin: Golden,0,no_match
34894,2024,16,Ohio,Miami OH,Sagarin: Predictor,0,no_match
34895,2024,16,Ohio,Miami OH,Sagarin: Recent,0,no_match
34896,2024,16,Ohio,Miami OH,SportsLine,0,no_match
34897,2024,16,Ohio,Miami OH,TShoe Index,0,no_match
34898,2024,16,Ohio,Miami OH,TeamRankings,0,no_match
34899,2024,16,Ohio,Miami OH,Trent Sorensen,0,no_match
34900,2024,16,Ohio,Miami OH,Wilson Ratings,0,no_match
35076,2024,17,South Alabama,Western Michigan,Beta_Rank,0,no_match
35077,2024,17,South Alabama,Western Michigan,CBCR2: Power,0,no_match
35078,2024,17,South Alabama,Western Michigan,CFB Geek,0,no_match
35079,2024,17,South Alabama,Western Michigan,CFB Graphs,0,no_match
35080,2024,17,South Alabama,Western Michigan,CFB Victory,0,no_match
35081,2024,17,South Alabama,Western Michigan,Congrove,0,no_match
35082,2024,17,South Alabama,Western Michigan,DRatings,0,no_match
35083,2024,17,South Alabama,Western Michigan,Dokter Entropy,0,no_match
35084,2024,17,South Alabama,Western Michigan,ESPN FPI,0,no_match
35085,2024,17,South Alabama,Western Michigan,FEI,0,no_match
35086,2024,17,South Alabama,Western Michigan,Harville,0,no_match
35087,2024,17,South Alabama,Western Michigan,JP+,0,no_match
35088,2024,17,South Alabama,Western Michigan,John Harris,0,no_match
35089,2024,17,South Alabama,Western Michigan,KFord,0,no_match
35090,2024,17,South Alabama,Western Michigan,Keeper,0,no_match
35091,2024,17,South Alabama,Western Michigan,Massey,0,no_match
35092,2024,17,South Alabama,Western Michigan,Matt Grissom,0,no_match
35093,2024,17,South Alabama,Western Michigan,Moore Ratings,0,no_match
35094,2024,17,South Alabama,Western Michigan,PiRate,0,no_match
35095,2024,17,South Alabama,Western Michigan,PiRate: Bias,0,no_match
35096,2024,17,South Alabama,Western Michigan,PiRate: Mean,0,no_match
35097,2024,17,South Alabama,Western Michigan,Power Rank,0,no_match
35098,2024,17,South Alabama,Western Michigan,Power Rank: Free,0,no_match
35099,2024,17,South Alabama,Western Michigan,Professor Sides,0,no_match
35100,2024,17,South Alabama,Western Michigan,Room44 Bets,0,no_match
35101,2024,17,South Alabama,Western Michigan,SP+,0,no_match
35102,2024,17,South Alabama,Western Michigan,Sagarin,0,no_match
35103,2024,17,South Alabama,Western Michigan,Sagarin: Golden,0,no_match
35104,2024,17,South Alabama,Western Michigan,Sagarin: Predictor,0,no_match
35105,2024,17,South Alabama,Western Michigan,Sagarin: Recent,0,no_match
35106,2024,17,South Alabama,Western Michigan,SportsLine,0,no_match
35107,2024,17,South Alabama,Western Michigan,TShoe Index,0,no_match
35108,2024,17,South Alabama,Western Michigan,TeamRankings,0,no_match
35109,2024,17,South Alabama,Western Michigan,Trent Sorensen,0,no_match
35110,2024,17,South Alabama,Western Michigan,Wilson Ratings,0,no_match
35216,2024,18,Georgia Southern,Sam Houston,Beta_Rank,0,no_match
35217,2024,18,Georgia Southern,Sam Houston,CBCR2: Power,0,no_match
35218,2024,18,Georgia Southern,Sam Houston,CFB Geek,0,no_match
35219,2024,18,Georgia Southern,Sam Houston,CFB Graphs,0,no_match
35220,2024,18,Georgia Southern,Sam Houston,CFB Victory,0,no_match
35221,2024,18,Georgia Southern,Sam Houston,Congrove,0,no_match
35222,2024,18,Georgia Southern,Sam Houston,DRatings,0,no_match
35223,2024,18,Georgia Southern,Sam Houston,Dokter Entropy,0,no_match
35224,2024,18,Georgia Southern,Sam Houston,ESPN FPI,0,no_match
35225,2024,18,Georgia Southern,Sam Houston,FEI,0,no_match
35226,2024,18,Georgia Southern,Sam Houston,Harville,0,no_match
35227,2024,18,Georgia Southern,Sam Houston,JP+,0,no_match
35228,2024,18,Georgia Southern,Sam Houston,John Harris,0,no_match
35229,2024,18,Georgia Southern,Sam Houston,KFord,0,no_match
35230,2024,18,Georgia Southern,Sam Houston,Keeper,0,no_match
35231,2024,18,Georgia Southern,Sam Houston,Massey,0,no_match
35232,2024,18,Georgia Southern,Sam Houston,Matt Grissom,0,no_match
35233,2024,18,Georgia Southern,Sam Houston,Moore Ratings,0,no_match
35234,2024,18,Georgia Southern,Sam Houston,PiRate,0,no_match
35235,2024,18,Georgia Southern,Sam Houston,PiRate: Bias,0,no_match
35236,2024,18,Georgia Southern,Sam Houston,PiRate: Mean,0,no_match
35237,2024,18,Georgia Southern,Sam Houston,Power Rank,0,no_match
35238,2024,18,Georgia Southern,Sam Houston,Power Rank: Free,0,no_match
35239,2024,18,Georgia Southern,Sam Houston,Professor Sides,0,no_match
35240,2024,18,Georgia Southern,Sam Houston,Room44 Bets,0,no_match
35241,2024,18,Georgia Southern,Sam Houston,SP+,0,no_match
35242,2024,18,Georgia Southern,Sam Houston,Sagarin,0,no_match
35243,2024,18,Georgia Southern,Sam Houston,Sagarin: Golden,0,no_match
35244,2024,18,Georgia Southern,Sam Houston,Sagarin: Predictor,0,no_match
35245,2024,18,Georgia Southern,Sam Houston,Sagarin: Recent,0,no_match
35246,2024,18,Georgia Southern,Sam Houston,SportsLine,0,no_match
35247,2024,18,Georgia Southern,Sam Houston,TShoe Index,0,no_match
35248,2024,18,Georgia Southern,Sam Houston,TeamRankings,0,no_match
35249,2024,18,Georgia Southern,Sam Houston,Trent Sorensen,0,no_match
35250,2024,18,Georgia Southern,Sam Houston,Wilson Ratings,0,no_match
35286,2024,18,Memphis,West Virginia,Beta_Rank,0,no_match
35287,2024,18,Memphis,West Virginia,CBCR2: Power,0,no_match
35288,2024,18,Memphis,West Virginia,CFB Geek,0,no_match
35289,2024,18,Memphis,West Virginia,CFB Graphs,0,no_match
35290,2024,18,Memphis,West Virginia,CFB Victory,0,no_match
35291,2024,18,Memphis,West Virginia,Congrove,0,no_match
35292,2024,18,Memphis,West Virginia,DRatings,0,no_match
35293,2024,18,Memphis,West Virginia,Dokter Entropy,0,no_match
35294,2024,18,Memphis,West Virginia,ESPN FPI,0,no_match
35295,2024,18,Memphis,West Virginia,FEI,0,no_match
35296,2024,18,Memphis,West Virginia,Harville,0,no_match
35297,2024,18,Memphis,West Virginia,JP+,0,no_match
35298,2024,18,Memphis,West Virginia,John Harris,0,no_match
35299,2024,18,Memphis,West Virginia,KFord,0,no_match
35300,2024,18,Memphis,West Virginia,Keeper,0,no_match
35301,2024,18,Memphis,West Virginia,Massey,0,no_match
35302,2024,18,Memphis,West Virginia,Matt Grissom,0,no_match
35303,2024,18,Memphis,West Virginia,Moore Ratings,0,no_match
35304,2024,18,Memphis,West Virginia,PiRate,0,no_match
35305,2024,18,Memphis,West Virginia,PiRate: Bias,0,no_match
35306,2024,18,Memphis,West Virginia,PiRate: Mean,0,no_match
35307,2024,18,Memphis,West Virginia,Power Rank,0,no_match
35308,2024,18,Memphis,West Virginia,Power Rank: Free,0,no_match
35309,2024,18,Memphis,West Virginia,Professor Sides,0,no_match
35310,2024,18,Memphis,West Virginia,Room44 Bets,0,no_match
35311,2024,18,Memphis,West Virginia,SP+,0,no_match
35312,2024,18,Memphis,West Virginia,Sagarin,0,no_match
35313,2024,18,Memphis,West Virginia,Sagarin: Golden,0,no_match
35314,2024,18,Memphis,West Virginia,Sagarin: Predictor,0,no_match
35315,2024,18,Memphis,West Virginia,Sagarin: Recent,0,no_match
35316,2024,18,Memphis,West Virginia,SportsLine,0,no_match
35317,2024,18,Memphis,West Virginia,TShoe Index,0,no_match
35318,2024,18,Memphis,West Virginia,TeamRankings,0,no_match
35319,2024,18,Memphis,West Virginia,Trent Sorensen,0,no_match
35320,2024,18,Memphis,West Virginia,Wilson Ratings,0,no_match
35321,2024,18,Northern Illinois,Fresno State,Beta_Rank,0,no_match
35322,2024,18,Northern Illinois,Fresno State,CBCR2: Power,0,no_match
35323,2024,18,Northern Illinois,Fresno State,CFB Geek,0,no_match
35324,2024,18,Northern Illinois,Fresno State,CFB Graphs,0,no_match
35325,2024,18,Northern Illinois,Fresno State,CFB Victory,0,no_match
35326,2024,18,Northern Illinois,Fresno State,Congrove,0,no_match
35327,2024,18,Northern Illinois,Fresno State,DRatings,0,no_match
35328,2024,18,Northern Illinois,Fresno State,Dokter Entropy,0,no_match
35329,2024,18,Northern Illinois,Fresno State,ESPN FPI,0,no_match
35330,2024,18,Northern Illinois,Fresno State,FEI,0,no_match
35331,2024,18,Northern Illinois,Fresno State,Harville,0,no_match
35332,2024,18,Northern Illinois,Fresno State,JP+,0,no_match
35333,2024,18,Northern Illinois,Fresno State,John Harris,0,no_match
35334,2024,18,Northern Illinois,Fresno State,KFord,0,no_match
35335,2024,18,Northern Illinois,Fresno State,Keeper,0,no_match
35336,2024,18,Northern Illinois,Fresno State,Massey,0,no_match
35337,2024,18,Northern Illinois,Fresno State,Matt Grissom,0,no_match
35338,2024,18,Northern Illinois,Fresno State,Moore Ratings,0,no_match
35339,2024,18,Northern Illinois,Fresno State,PiRate,0,no_match
35340,2024,18,Northern Illinois,Fresno State,PiRate: Bias,0,no_match
35341,2024,18,Northern Illinois,Fresno State,PiRate: Mean,0,no_match
35342,2024,18,Northern Illinois,Fresno State,Power Rank,0,no_match
35343,2024,18,Northern Illinois,Fresno State,Power Rank: Free,0,no_match
35344,2024,18,Northern Illinois,Fresno State,Professor Sides,0,no_match
35345,2024,18,Northern Illinois,Fresno State,Room44 Bets,0,no_match
35346,2024,18,Northern Illinois,Fresno State,SP+,0,no_match
35347,2024,18,Northern Illinois,Fresno State,Sagarin,0,no_match
35348,2024,18,Northern Illinois,Fresno State,Sagarin: Golden,0,no_match
35349,2024,18,Northern Illinois,Fresno State,Sagarin: Predictor,0,no_match
35350,2024,18,Northern Illinois,Fresno State,Sagarin: Recent,0,no_match
35351,2024,18,Northern Illinois,Fresno State,SportsLine,0,no_match
35352,2024,18,Northern Illinois,Fresno State,TShoe Index,0,no_match
35353,2024,18,Northern Illinois,Fresno State,TeamRankings,0,no_match
35354,2024,18,Northern Illinois,Fresno State,Trent Sorensen,0,no_match
35355,2024,18,Northern Illinois,Fresno State,Wilson Ratings,0,no_match
35776,2024,19,Iowa State,Miami,Beta_Rank,0,no_match
35777,2024,19,Iowa State,Miami,CBCR2: Power,0,no_match
35778,2024,19,Iowa State,Miami,CFB Geek,0,no_match
35779,2024,19,Iowa State,Miami,CFB Graphs,0,no_match
35780,2024,19,Iowa State,Miami,CFB Victory,0,no_match
35781,2024,19,Iowa State,Miami,Congrove,0,no_match
35782,2024,19,Iowa State,Miami,DRatings,0,no_match
35783,2024,19,Iowa State,Miami,Dokter Entropy,0,no_match
35784,2024,19,Iowa State,Miami,ESPN FPI,0,no_match
35785,2024,19,Iowa State,Miami,FEI,0,no_match
35786,2024,19,Iowa State,Miami,Harville,0,no_match
35787,2024,19,Iowa State,Miami,JP+,0,no_match
35788,2024,19,Iowa State,Miami,John Harris,0,no_match
35789,2024,19,Iowa State,Miami,KFord,0,no_match
35790,2024,19,Iowa State,Miami,Keeper,0,no_match
35791,2024,19,Iowa State,Miami,Massey,0,no_match
35792,2024,19,Iowa State,Miami,Matt Grissom,0,no_match
35793,2024,19,Iowa State,Miami,Moore Ratings,0,no_match
35794,2024,19,Iowa State,Miami,PiRate,0,no_match
35795,2024,19,Iowa State,Miami,PiRate: Bias,0,no_match
35796,2024,19,Iowa State,Miami,PiRate: Mean,0,no_match
35797,2024,19,Iowa State,Miami,Power Rank,0,no_match
35798,2024,19,Iowa State,Miami,Power Rank: Free,0,no_match
35799,2024,19,Iowa State,Miami,Professor Sides,0,no_match
35800,2024,19,Iowa State,Miami,Room44 Bets,0,no_match
35801,2024,19,Iowa State,Miami,SP+,0,no_match
35802,2024,19,Iowa State,Miami,Sagarin,0,no_match
35803,2024,19,Iowa State,Miami,Sagarin: Golden,0,no_match
35804,2024,19,Iowa State,Miami,Sagarin: Predictor,0,no_match
35805,2024,19,Iowa State,Miami,Sagarin: Recent,0,no_match
35806,2024,19,Iowa State,Miami,SportsLine,0,no_match
35807,2024,19,Iowa State,Miami,TShoe Index,0,no_match
35808,2024,19,Iowa State,Miami,TeamRankings,0,no_match
35809,2024,19,Iowa State,Miami,Trent Sorensen,0,no_match
35810,2024,19,Iowa State,Miami,Wilson Ratings,0,no_match
35881,2024,19,Miami OH,Colorado State,Beta_Rank,0,no_match
35882,2024,19,Miami OH,Colorado State,CBCR2: Power,0,no_match
35883,2024,19,Miami OH,Colorado State,CFB Geek,0,no_match
35884,2024,19,Miami OH,Colorado State,CFB Graphs,0,no_match
35885,2024,19,Miami OH,Colorado State,CFB Victory,0,no_match
35886,2024,19,Miami OH,Colorado State,Congrove,0,no_match
35887,2024,19,Miami OH,Colorado State,DRatings,0,no_match
35888,2024,19,Miami OH,Colorado State,Dokter Entropy,0,no_match
35889,2024,19,Miami OH,Colorado State,ESPN FPI,0,no_match
35890,2024,19,Miami OH,Colorado State,FEI,0,no_match
35891,2024,19,Miami OH,Colorado State,Harville,0,no_match
35892,2024,19,Miami OH,Colorado State,JP+,0,no_match
35893,2024,19,Miami OH,Colorado State,John Harris,0,no_match
35894,2024,19,Miami OH,Colorado State,KFord,0,no_match
35895,2024,19,Miami OH,Colorado State,Keeper,0,no_match
35896,2024,19,Miami OH,Colorado State,Massey,0,no_match
35897,2024,19,Miami OH,Colorado State,Matt Grissom,0,no_match
35898,2024,19,Miami OH,Colorado State,Moore Ratings,0,no_match
35899,2024,19,Miami OH,Colorado State,PiRate,0,no_match
35900,2024,19,Miami OH,Colorado State,PiRate: Bias,0,no_match
35901,2024,19,Miami OH,Colorado State,PiRate: Mean,0,no_match
35902,2024,19,Miami OH,Colorado State,Power Rank,0,no_match
35903,2024,19,Miami OH,Colorado State,Power Rank: Free,0,no_match
35904,2024,19,Miami OH,Colorado State,Professor Sides,0,no_match
35905,2024,19,Miami OH,Colorado State,Room44 Bets,0,no_match
35906,2024,19,Miami OH,Colorado State,SP+,0,no_match
35907,2024,19,Miami OH,Colorado State,Sagarin,0,no_match
35908,2024,19,Miami OH,Colorado State,Sagarin: Golden,0,no_match
35909,2024,19,Miami OH,Colorado State,Sagarin: Predictor,0,no_match
35910,2024,19,Miami OH,Colorado State,Sagarin: Recent,0,no_match
35911,2024,19,Miami OH,Colorado State,SportsLine,0,no_match
35912,2024,19,Miami OH,Colorado State,TShoe Index,0,no_match
35913,2024,19,Miami OH,Colorado State,TeamRankings,0,no_match
35914,2024,19,Miami OH,Colorado State,Trent Sorensen,0,no_match
35915,2024,19,Miami OH,Colorado State,Wilson Ratings,0,no_match
36758,2025,1,Sam Houston,Western Kentucky,Beta_Rank,0,no_match
36759,2025,1,Sam Houston,Western Kentucky,CFB Geek,0,no_match
36760,2025,1,Sam Houston,Western Kentucky,CFB Graphs,0,no_match
36761,2025,1,Sam Houston,Western Kentucky,CFB Victory,0,no_match
36762,2025,1,Sam Houston,Western Kentucky,Congrove,0,no_match
36763,2025,1,Sam Houston,Western Kentucky,DRatings,0,no_match
36764,2025,1,Sam Houston,Western Kentucky,David Sasser,0,no_match
36765,2025,1,Sam Houston,Western Kentucky,Dokter Entropy,0,no_match
36766,2025,1,Sam Houston,Western Kentucky,ESPN FPI,0,no_match
36767,2025,1,Sam Houston,Western Kentucky,Harville,0,no_match
36768,2025,1,Sam Houston,Western Kentucky,JP+,0,no_match
36769,2025,1,Sam Houston,Western Kentucky,John Harris,0,no_match
36770,2025,1,Sam Houston,Western Kentucky,KFord,0,no_match
36771,2025,1,Sam Houston,Western Kentucky,Keeper,0,no_match
36772,2025,1,Sam Houston,Western Kentucky,Massey,0,no_match
36773,2025,1,Sam Houston,Western Kentucky,Matt Grissom,0,no_match
36774,2025,1,Sam Houston,Western Kentucky,McIllece Sports,0,no_match
36775,2025,1,Sam Houston,Western Kentucky,Moore Ratings,0,no_match
36776,2025,1,Sam Houston,Western Kentucky,OddsTrader AI,0,no_match
36777,2025,1,Sam Houston,Western Kentucky,PEARatings,0,no_match
36778,2025,1,Sam Houston,Western Kentucky,PiRate,0,no_match
36779,2025,1,Sam Houston,Western Kentucky,PiRate: Bias,0,no_match
36780,2025,1,Sam Houston,Western Kentucky,PiRate: Mean,0,no_match
36781,2025,1,Sam Houston,Western Kentucky,Power Rank,0,no_match
36782,2025,1,Sam Houston,Western Kentucky,Professor Sides,0,no_match
36783,2025,1,Sam Houston,Western Kentucky,Room44 Bets,0,no_match
36784,2025,1,Sam Houston,Western Kentucky,Ryder Analytics,0,no_match
36785,2025,1,Sam Houston,Western Kentucky,SP+,0,no_match
36786,2025,1,Sam Houston,Western Kentucky,Sagarin,0,no_match
36787,2025,1,Sam Houston,Western Kentucky,Sagarin: Golden,0,no_match
36788,2025,1,Sam Houston,Western Kentucky,Sagarin: Predictor,0,no_match
36789,2025,1,Sam Houston,Western Kentucky,Sagarin: Recent,0,no_match
36790,2025,1,Sam Houston,Western Kentucky,SportsLine,0,no_match
36791,2025,1,Sam Houston,Western Kentucky,SportsRatings,0,no_match
36792,2025,1,Sam Houston,Western Kentucky,TShoe Index,0,no_match
36793,2025,1,Sam Houston,Western Kentucky,TeamRankings,0,no_match
36794,2025,1,Sam Houston,Western Kentucky,Trent Sorensen,0,no_match
36795,2025,1,Sam Houston,Western Kentucky,Wilson Ratings,0,no_match
37062,2025,2,Central Michigan,San Jose State,Beta_Rank,0,no_match
37063,2025,2,Central Michigan,San Jose State,CFB Geek,0,no_match
37064,2025,2,Central Michigan,San Jose State,CFB Graphs,0,no_match
37065,2025,2,Central Michigan,San Jose State,CFB Victory,0,no_match
37066,2025,2,Central Michigan,San Jose State,Congrove,0,no_match
37067,2025,2,Central Michigan,San Jose State,DRatings,0,no_match
37068,2025,2,Central Michigan,San Jose State,David Sasser,0,no_match
37069,2025,2,Central Michigan,San Jose State,Dokter Entropy,0,no_match
37070,2025,2,Central Michigan,San Jose State,ESPN FPI,0,no_match
37071,2025,2,Central Michigan,San Jose State,Harville,0,no_match
37072,2025,2,Central Michigan,San Jose State,JP+,0,no_match
37073,2025,2,Central Michigan,San Jose State,John Harris,0,no_match
37074,2025,2,Central Michigan,San Jose State,KFord,0,no_match
37075,2025,2,Central Michigan,San Jose State,Keeper,0,no_match
37076,2025,2,Central Michigan,San Jose State,Massey,0,no_match
37077,2025,2,Central Michigan,San Jose State,Matt Grissom,0,no_match
37078,2025,2,Central Michigan,San Jose State,McIllece Sports,0,no_match
37079,2025,2,Central Michigan,San Jose State,Moore Ratings,0,no_match
37080,2025,2,Central Michigan,San Jose State,OddsTrader AI,0,no_match
37081,2025,2,Central Michigan,San Jose State,PEARatings,0,no_match
37082,2025,2,Central Michigan,San Jose State,PiRate,0,no_match
37083,2025,2,Central Michigan,San Jose State,PiRate: Bias,0,no_match
37084,2025,2,Central Michigan,San Jose State,PiRate: Mean,0,no_match
37085,2025,2,Central Michigan,San Jose State,Power Rank,0,no_match
37086,2025,2,Central Michigan,San Jose State,Professor Sides,0,no_match
37087,2025,2,Central Michigan,San Jose State,Room44 Bets,0,no_match
37088,2025,2,Central Michigan,San Jose State,Ryder Analytics,0,no_match
37089,2025,2,Central Michigan,San Jose State,SP+,0,no_match
37090,2025,2,Central Michigan,San Jose State,Sagarin,0,no_match
37091,2025,2,Central Michigan,San Jose State,Sagarin: Golden,0,no_match
37092,2025,2,Central Michigan,San Jose State,Sagarin: Predictor,0,no_match
37093,2025,2,Central Michigan,San Jose State,Sagarin: Recent,0,no_match
37094,2025,2,Central Michigan,San Jose State,SportsLine,0,no_match
37095,2025,2,Central Michigan,San Jose State,SportsRatings,0,no_match
37096,2025,2,Central Michigan,San Jose State,TShoe Index,0,no_match
37097,2025,2,Central Michigan,San Jose State,TeamRankings,0,no_match
37098,2025,2,Central Michigan,San Jose State,Trent Sorensen,0,no_match
37099,2025,2,Central Michigan,San Jose State,Wilson Ratings,0,no_match
37214,2025,2,Eastern Michigan,Texas State,Beta_Rank,0,no_match
37215,2025,2,Eastern Michigan,Texas State,CFB Geek,0,no_match
37216,2025,2,Eastern Michigan,Texas State,CFB Graphs,0,no_match
37217,2025,2,Eastern Michigan,Texas State,CFB Victory,0,no_match
37218,2025,2,Eastern Michigan,Texas State,Congrove,0,no_match
37219,2025,2,Eastern Michigan,Texas State,DRatings,0,no_match
37220,2025,2,Eastern Michigan,Texas State,David Sasser,0,no_match
37221,2025,2,Eastern Michigan,Texas State,Dokter Entropy,0,no_match
37222,2025,2,Eastern Michigan,Texas State,ESPN FPI,0,no_match
37223,2025,2,Eastern Michigan,Texas State,Harville,0,no_match
37224,2025,2,Eastern Michigan,Texas State,JP+,0,no_match
37225,2025,2,Eastern Michigan,Texas State,John Harris,0,no_match
37226,2025,2,Eastern Michigan,Texas State,KFord,0,no_match
37227,2025,2,Eastern Michigan,Texas State,Keeper,0,no_match
37228,2025,2,Eastern Michigan,Texas State,Massey,0,no_match
37229,2025,2,Eastern Michigan,Texas State,Matt Grissom,0,no_match
37230,2025,2,Eastern Michigan,Texas State,McIllece Sports,0,no_match
37231,2025,2,Eastern Michigan,Texas State,Moore Ratings,0,no_match
37232,2025,2,Eastern Michigan,Texas State,OddsTrader AI,0,no_match
37233,2025,2,Eastern Michigan,Texas State,PEARatings,0,no_match
37234,2025,2,Eastern Michigan,Texas State,PiRate,0,no_match
37235,2025,2,Eastern Michigan,Texas State,PiRate: Bias,0,no_match
37236,2025,2,Eastern Michigan,Texas State,PiRate: Mean,0,no_match
37237,2025,2,Eastern Michigan,Texas State,Power Rank,0,no_match
37238,2025,2,Eastern Michigan,Texas State,Professor Sides,0,no_match
37239,2025,2,Eastern Michigan,Texas State,Room44 Bets,0,no_match
37240,2025,2,Eastern Michigan,Texas State,Ryder Analytics,0,no_match
37241,2025,2,Eastern Michigan,Texas State,SP+,0,no_match
37242,2025,2,Eastern Michigan,Texas State,Sagarin,0,no_match
37243,2025,2,Eastern Michigan,Texas State,Sagarin: Golden,0,no_match
37244,2025,2,Eastern Michigan,Texas State,Sagarin: Predictor,0,no_match
37245,2025,2,Eastern Michigan,Texas State,Sagarin: Recent,0,no_match
37246,2025,2,Eastern Michigan,Texas State,SportsLine,0,no_match
37247,2025,2,Eastern Michigan,Texas State,SportsRatings,0,no_match
37248,2025,2,Eastern Michigan,Texas State,TShoe Index,0,no_match
37249,2025,2,Eastern Michigan,Texas State,TeamRankings,0,no_match
37250,2025,2,Eastern Michigan,Texas State,Trent Sorensen,0,no_match
37251,2025,2,Eastern Michigan,Texas State,Wilson Ratings,0,no_match
37518,2025,2,Miami OH,Wisconsin,Beta_Rank,0,no_match
37519,2025,2,Miami OH,Wisconsin,CFB Geek,0,no_match
37520,2025,2,Miami OH,Wisconsin,CFB Graphs,0,no_match
37521,2025,2,Miami OH,Wisconsin,CFB Victory,0,no_match
37522,2025,2,Miami OH,Wisconsin,Congrove,0,no_match
37523,2025,2,Miami OH,Wisconsin,DRatings,0,no_match
37524,2025,2,Miami OH,Wisconsin,David Sasser,0,no_match
37525,2025,2,Miami OH,Wisconsin,Dokter Entropy,0,no_match
37526,2025,2,Miami OH,Wisconsin,ESPN FPI,0,no_match
37527,2025,2,Miami OH,Wisconsin,Harville,0,no_match
37528,2025,2,Miami OH,Wisconsin,JP+,0,no_match
37529,2025,2,Miami OH,Wisconsin,John Harris,0,no_match
37530,2025,2,Miami OH,Wisconsin,KFord,0,no_match
37531,2025,2,Miami OH,Wisconsin,Keeper,0,no_match
37532,2025,2,Miami OH,Wisconsin,Massey,0,no_match
37533,2025,2,Miami OH,Wisconsin,Matt Grissom,0,no_match
37534,2025,2,Miami OH,Wisconsin,McIllece Sports,0,no_match
37535,2025,2,Miami OH,Wisconsin,Moore Ratings,0,no_match
37536,2025,2,Miami OH,Wisconsin,OddsTrader AI,0,no_match
37537,2025,2,Miami OH,Wisconsin,PEARatings,0,no_match
37538,2025,2,Miami OH,Wisconsin,PiRate,0,no_match
37539,2025,2,Miami OH,Wisconsin,PiRate: Bias,0,no_match
37540,2025,2,Miami OH,Wisconsin,PiRate: Mean,0,no_match
37541,2025,2,Miami OH,Wisconsin,Power Rank,0,no_match
37542,2025,2,Miami OH,Wisconsin,Professor Sides,0,no_match
37543,2025,2,Miami OH,Wisconsin,Room44 Bets,0,no_match
37544,2025,2,Miami OH,Wisconsin,Ryder Analytics,0,no_match
37545,2025,2,Miami OH,Wisconsin,SP+,0,no_match
37546,2025,2,Miami OH,Wisconsin,Sagarin,0,no_match
37547,2025,2,Miami OH,Wisconsin,Sagarin: Golden,0,no_match
37548,2025,2,Miami OH,Wisconsin,Sagarin: Predictor,0,no_match
37549,2025,2,Miami OH,Wisconsin,Sagarin: Recent,0,no_match
37550,2025,2,Miami OH,Wisconsin,SportsLine,0,no_match
37551,2025,2,Miami OH,Wisconsin,SportsRatings,0,no_match
37552,2025,2,Miami OH,Wisconsin,TShoe Index,0,no_match
37553,2025,2,Miami OH,Wisconsin,TeamRankings,0,no_match
37554,2025,2,Miami OH,Wisconsin,Trent Sorensen,0,no_match
37555,2025,2,Miami OH,Wisconsin,Wilson Ratings,0,no_match
37556,2025,2,Mississippi State,Southern Mississippi,Beta_Rank,0,no_match
37557,2025,2,Mississippi State,Southern Mississippi,CFB Geek,0,no_match
37558,2025,2,Mississippi State,Southern Mississippi,CFB Graphs,0,no_match
37559,2025,2,Mississippi State,Southern Mississippi,CFB Victory,0,no_match
37560,2025,2,Mississippi State,Southern Mississippi,Congrove,0,no_match
37561,2025,2,Mississippi State,Southern Mississippi,DRatings,0,no_match
37562,2025,2,Mississippi State,Southern Mississippi,David Sasser,0,no_match
37563,2025,2,Mississippi State,Southern Mississippi,Dokter Entropy,0,no_match
37564,2025,2,Mississippi State,Southern Mississippi,ESPN FPI,0,no_match
37565,2025,2,Mississippi State,Southern Mississippi,Harville,0,no_match
37566,2025,2,Mississippi State,Southern Mississippi,JP+,0,no_match
37567,2025,2,Mississippi State,Southern Mississippi,John Harris,0,no_match
37568,2025,2,Mississippi State,Southern Mississippi,KFord,0,no_match
37569,2025,2,Mississippi State,Southern Mississippi,Keeper,0,no_match
37570,2025,2,Mississippi State,Southern Mississippi,Massey,0,no_match
37571,2025,2,Mississippi State,Southern Mississippi,Matt Grissom,0,no_match
37572,2025,2,Mississippi State,Southern Mississippi,McIllece Sports,0,no_match
37573,2025,2,Mississippi State,Southern Mississippi,Moore Ratings,0,no_match
37574,2025,2,Mississippi State,Southern Mississippi,OddsTrader AI,0,no_match
37575,2025,2,Mississippi State,Southern Mississippi,PEARatings,0,no_match
37576,2025,2,Mississippi State,Southern Mississippi,PiRate,0,no_match
37577,2025,2,Mississippi State,Southern Mississippi,PiRate: Bias,0,no_match
37578,2025,2,Mississippi State,Southern Mississippi,PiRate: Mean,0,no_match
37579,2025,2,Mississippi State,Southern Mississippi,Power Rank,0,no_match
37580,2025,2,Mississippi State,Southern Mississippi,Professor Sides,0,no_match
37581,2025,2,Mississippi State,Southern Mississippi,Room44 Bets,0,no_match
37582,2025,2,Mississippi State,Southern Mississippi,Ryder Analytics,0,no_match
37583,2025,2,Mississippi State,Southern Mississippi,SP+,0,no_match
37584,2025,2,Mississippi State,Southern Mississippi,Sagarin,0,no_match
37585,2025,2,Mississippi State,Southern Mississippi,Sagarin: Golden,0,no_match
37586,2025,2,Mississippi State,Southern Mississippi,Sagarin: Predictor,0,no_match
37587,2025,2,Mississippi State,Southern Mississippi,Sagarin: Recent,0,no_match
37588,2025,2,Mississippi State,Southern Mississippi,SportsLine,0,no_match
37589,2025,2,Mississippi State,Southern Mississippi,SportsRatings,0,no_match
37590,2025,2,Mississippi State,Southern Mississippi,TShoe Index,0,no_match
37591,2025,2,Mississippi State,Southern Mississippi,TeamRankings,0,no_match
37592,2025,2,Mississippi State,Southern Mississippi,Trent Sorensen,0,no_match
37593,2025,2,Mississippi State,Southern Mississippi,Wilson Ratings,0,no_match
37974,2025,2,UNLV,Sam Houston,Beta_Rank,0,no_match
37975,2025,2,UNLV,Sam Houston,CFB Geek,0,no_match
37976,2025,2,UNLV,Sam Houston,CFB Graphs,0,no_match
37977,2025,2,UNLV,Sam Houston,CFB Victory,0,no_match
37978,2025,2,UNLV,Sam Houston,Congrove,0,no_match
37979,2025,2,UNLV,Sam Houston,DRatings,0,no_match
37980,2025,2,UNLV,Sam Houston,David Sasser,0,no_match
37981,2025,2,UNLV,Sam Houston,Dokter Entropy,0,no_match
37982,2025,2,UNLV,Sam Houston,ESPN FPI,0,no_match
37983,2025,2,UNLV,Sam Houston,Harville,0,no_match
37984,2025,2,UNLV,Sam Houston,JP+,0,no_match
37985,2025,2,UNLV,Sam Houston,John Harris,0,no_match
37986,2025,2,UNLV,Sam Houston,KFord,0,no_match
37987,2025,2,UNLV,Sam Houston,Keeper,0,no_match
37988,2025,2,UNLV,Sam Houston,Massey,0,no_match
37989,2025,2,UNLV,Sam Houston,Matt Grissom,0,no_match
37990,2025,2,UNLV,Sam Houston,McIllece Sports,0,no_match
37991,2025,2,UNLV,Sam Houston,Moore Ratings,0,no_match
37992,2025,2,UNLV,Sam Houston,OddsTrader AI,0,no_match
37993,2025,2,UNLV,Sam Houston,PEARatings,0,no_match
37994,2025,2,UNLV,Sam Houston,PiRate,0,no_match
37995,2025,2,UNLV,Sam Houston,PiRate: Bias,0,no_match
37996,2025,2,UNLV,Sam Houston,PiRate: Mean,0,no_match
37997,2025,2,UNLV,Sam Houston,Power Rank,0,no_match
37998,2025,2,UNLV,Sam Houston,Professor Sides,0,no_match
37999,2025,2,UNLV,Sam Houston,Room44 Bets,0,no_match
38000,2025,2,UNLV,Sam Houston,Ryder Analytics,0,no_match
38001,2025,2,UNLV,Sam Houston,SP+,0,no_match
38002,2025,2,UNLV,Sam Houston,Sagarin,0,no_match
38003,2025,2,UNLV,Sam Houston,Sagarin: Golden,0,no_match
38004,2025,2,UNLV,Sam Houston,Sagarin: Predictor,0,no_match
38005,2025,2,UNLV,Sam Houston,Sagarin: Recent,0,no_match
38006,2025,2,UNLV,Sam Houston,SportsLine,0,no_match
38007,2025,2,UNLV,Sam Houston,SportsRatings,0,no_match
38008,2025,2,UNLV,Sam Houston,TShoe Index,0,no_match
38009,2025,2,UNLV,Sam Houston,TeamRankings,0,no_match
38010,2025,2,UNLV,Sam Houston,Trent Sorensen,0,no_match
38011,2025,2,UNLV,Sam Houston,Wilson Ratings,0,no_match
38088,2025,2,Western Michigan,Michigan State,Beta_Rank,0,no_match
38089,2025,2,Western Michigan,Michigan State,CFB Geek,0,no_match
38090,2025,2,Western Michigan,Michigan State,CFB Graphs,0,no_match
38091,2025,2,Western Michigan,Michigan State,CFB Victory,0,no_match
38092,2025,2,Western Michigan,Michigan State,Congrove,0,no_match
38093,2025,2,Western Michigan,Michigan State,DRatings,0,no_match
38094,2025,2,Western Michigan,Michigan State,David Sasser,0,no_match
38095,2025,2,Western Michigan,Michigan State,Dokter Entropy,0,no_match
38096,2025,2,Western Michigan,Michigan State,ESPN FPI,0,no_match
38097,2025,2,Western Michigan,Michigan State,Harville,0,no_match
38098,2025,2,Western Michigan,Michigan State,JP+,0,no_match
38099,2025,2,Western Michigan,Michigan State,John Harris,0,no_match
38100,2025,2,Western Michigan,Michigan State,KFord,0,no_match
38101,2025,2,Western Michigan,Michigan State,Keeper,0,no_match
38102,2025,2,Western Michigan,Michigan State,Massey,0,no_match
38103,2025,2,Western Michigan,Michigan State,Matt Grissom,0,no_match
38104,2025,2,Western Michigan,Michigan State,McIllece Sports,0,no_match
38105,2025,2,Western Michigan,Michigan State,Moore Ratings,0,no_match
38106,2025,2,Western Michigan,Michigan State,OddsTrader AI,0,no_match
38107,2025,2,Western Michigan,Michigan State,PEARatings,0,no_match
38108,2025,2,Western Michigan,Michigan State,PiRate,0,no_match
38109,2025,2,Western Michigan,Michigan State,PiRate: Bias,0,no_match
38110,2025,2,Western Michigan,Michigan State,PiRate: Mean,0,no_match
38111,2025,2,Western Michigan,Michigan State,Power Rank,0,no_match
38112,2025,2,Western Michigan,Michigan State,Professor Sides,0,no_match
38113,2025,2,Western Michigan,Michigan State,Room44 Bets,0,no_match
38114,2025,2,Western Michigan,Michigan State,Ryder Analytics,0,no_match
38115,2025,2,Western Michigan,Michigan State,SP+,0,no_match
38116,2025,2,Western Michigan,Michigan State,Sagarin,0,no_match
38117,2025,2,Western Michigan,Michigan State,Sagarin: Golden,0,no_match
38118,2025,2,Western Michigan,Michigan State,Sagarin: Predictor,0,no_match
38119,2025,2,Western Michigan,Michigan State,Sagarin: Recent,0,no_match
38120,2025,2,Western Michigan,Michigan State,SportsLine,0,no_match
38121,2025,2,Western Michigan,Michigan State,SportsRatings,0,no_match
38122,2025,2,Western Michigan,Michigan State,TShoe Index,0,no_match
38123,2025,2,Western Michigan,Michigan State,TeamRankings,0,no_match
38124,2025,2,Western Michigan,Michigan State,Trent Sorensen,0,no_match
38125,2025,2,Western Michigan,Michigan State,Wilson Ratings,0,no_match
38317,2025,3,Central Michigan,Pittsburgh,Beta_Rank,0,no_match
38318,2025,3,Central Michigan,Pittsburgh,CFB Geek,0,no_match
38319,2025,3,Central Michigan,Pittsburgh,CFB Graphs,0,no_match
38320,2025,3,Central Michigan,Pittsburgh,CFB Victory,0,no_match
38321,2025,3,Central Michigan,Pittsburgh,Congrove,0,no_match
38322,2025,3,Central Michigan,Pittsburgh,DRatings,0,no_match
38323,2025,3,Central Michigan,Pittsburgh,David Sasser,0,no_match
38324,2025,3,Central Michigan,Pittsburgh,Dokter Entropy,0,no_match
38325,2025,3,Central Michigan,Pittsburgh,ESPN FPI,0,no_match
38326,2025,3,Central Michigan,Pittsburgh,Harville,0,no_match
38327,2025,3,Central Michigan,Pittsburgh,JP+,0,no_match
38328,2025,3,Central Michigan,Pittsburgh,John Harris,0,no_match
38329,2025,3,Central Michigan,Pittsburgh,KFord,0,no_match
38330,2025,3,Central Michigan,Pittsburgh,Keeper,0,no_match
38331,2025,3,Central Michigan,Pittsburgh,Massey,0,no_match
38332,2025,3,Central Michigan,Pittsburgh,Matt Grissom,0,no_match
38333,2025,3,Central Michigan,Pittsburgh,McIllece Sports,0,no_match
38334,2025,3,Central Michigan,Pittsburgh,Moore Ratings,0,no_match
38335,2025,3,Central Michigan,Pittsburgh,OddsTrader AI,0,no_match
38336,2025,3,Central Michigan,Pittsburgh,PEARatings,0,no_match
38337,2025,3,Central Michigan,Pittsburgh,PiRate,0,no_match
38338,2025,3,Central Michigan,Pittsburgh,PiRate: Bias,0,no_match
38339,2025,3,Central Michigan,Pittsburgh,PiRate: Mean,0,no_match
38340,2025,3,Central Michigan,Pittsburgh,Power Rank,0,no_match
38341,2025,3,Central Michigan,Pittsburgh,Professor Sides,0,no_match
38342,2025,3,Central Michigan,Pittsburgh,Room44 Bets,0,no_match
38343,2025,3,Central Michigan,Pittsburgh,Ryder Analytics,0,no_match
38344,2025,3,Central Michigan,Pittsburgh,SP+,0,no_match
38345,2025,3,Central Michigan,Pittsburgh,Sagarin,0,no_match
38346,2025,3,Central Michigan,Pittsburgh,Sagarin: Golden,0,no_match
38347,2025,3,Central Michigan,Pittsburgh,Sagarin: Predictor,0,no_match
38348,2025,3,Central Michigan,Pittsburgh,Sagarin: Recent,0,no_match
38349,2025,3,Central Michigan,Pittsburgh,SportsLine,0,no_match
38350,2025,3,Central Michigan,Pittsburgh,SportsRatings,0,no_match
38351,2025,3,Central Michigan,Pittsburgh,TShoe Index,0,no_match
38352,2025,3,Central Michigan,Pittsburgh,TeamRankings,0,no_match
38353,2025,3,Central Michigan,Pittsburgh,Trent Sorensen,0,no_match
38354,2025,3,Central Michigan,Pittsburgh,Wilson Ratings,0,no_match
38430,2025,3,Florida International,Penn State,Beta_Rank,0,no_match
38431,2025,3,Florida International,Penn State,CFB Geek,0,no_match
38432,2025,3,Florida International,Penn State,CFB Graphs,0,no_match
38433,2025,3,Florida International,Penn State,CFB Victory,0,no_match
38434,2025,3,Florida International,Penn State,Congrove,0,no_match
38435,2025,3,Florida International,Penn State,DRatings,0,no_match
38436,2025,3,Florida International,Penn State,David Sasser,0,no_match
38437,2025,3,Florida International,Penn State,Dokter Entropy,0,no_match
38438,2025,3,Florida International,Penn State,ESPN FPI,0,no_match
38439,2025,3,Florida International,Penn State,Harville,0,no_match
38440,2025,3,Florida International,Penn State,JP+,0,no_match
38441,2025,3,Florida International,Penn State,John Harris,0,no_match
38442,2025,3,Florida International,Penn State,KFord,0,no_match
38443,2025,3,Florida International,Penn State,Keeper,0,no_match
38444,2025,3,Florida International,Penn State,Massey,0,no_match
38445,2025,3,Florida International,Penn State,Matt Grissom,0,no_match
38446,2025,3,Florida International,Penn State,McIllece Sports,0,no_match
38447,2025,3,Florida International,Penn State,Moore Ratings,0,no_match
38448,2025,3,Florida International,Penn State,OddsTrader AI,0,no_match
38449,2025,3,Florida International,Penn State,PEARatings,0,no_match
38450,2025,3,Florida International,Penn State,PiRate,0,no_match
38451,2025,3,Florida International,Penn State,PiRate: Bias,0,no_match
38452,2025,3,Florida International,Penn State,PiRate: Mean,0,no_match
38453,2025,3,Florida International,Penn State,Power Rank,0,no_match
38454,2025,3,Florida International,Penn State,Professor Sides,0,no_match
38455,2025,3,Florida International,Penn State,Room44 Bets,0,no_match
38456,2025,3,Florida International,Penn State,Ryder Analytics,0,no_match
38457,2025,3,Florida International,Penn State,SP+,0,no_match
38458,2025,3,Florida International,Penn State,Sagarin,0,no_match
38459,2025,3,Florida International,Penn State,Sagarin: Golden,0,no_match
38460,2025,3,Florida International,Penn State,Sagarin: Predictor,0,no_match
38461,2025,3,Florida International,Penn State,Sagarin: Recent,0,no_match
38462,2025,3,Florida International,Penn State,SportsLine,0,no_match
38463,2025,3,Florida International,Penn State,SportsRatings,0,no_match
38464,2025,3,Florida International,Penn State,TShoe Index,0,no_match
38465,2025,3,Florida International,Penn State,TeamRankings,0,no_match
38466,2025,3,Florida International,Penn State,Trent Sorensen,0,no_match
38467,2025,3,Florida International,Penn State,Wilson Ratings,0,no_match
38734,2025,3,Kent State,Texas Tech,Beta_Rank,0,no_match
38735,2025,3,Kent State,Texas Tech,CFB Geek,0,no_match
38736,2025,3,Kent State,Texas Tech,CFB Graphs,0,no_match
38737,2025,3,Kent State,Texas Tech,CFB Victory,0,no_match
38738,2025,3,Kent State,Texas Tech,Congrove,0,no_match
38739,2025,3,Kent State,Texas Tech,DRatings,0,no_match
38740,2025,3,Kent State,Texas Tech,David Sasser,0,no_match
38741,2025,3,Kent State,Texas Tech,Dokter Entropy,0,no_match
38742,2025,3,Kent State,Texas Tech,ESPN FPI,0,no_match
38743,2025,3,Kent State,Texas Tech,Harville,0,no_match
38744,2025,3,Kent State,Texas Tech,JP+,0,no_match
38745,2025,3,Kent State,Texas Tech,John Harris,0,no_match
38746,2025,3,Kent State,Texas Tech,KFord,0,no_match
38747,2025,3,Kent State,Texas Tech,Keeper,0,no_match
38748,2025,3,Kent State,Texas Tech,Massey,0,no_match
38749,2025,3,Kent State,Texas Tech,Matt Grissom,0,no_match
38750,2025,3,Kent State,Texas Tech,McIllece Sports,0,no_match
38751,2025,3,Kent State,Texas Tech,Moore Ratings,0,no_match
38752,2025,3,Kent State,Texas Tech,OddsTrader AI,0,no_match
38753,2025,3,Kent State,Texas Tech,PEARatings,0,no_match
38754,2025,3,Kent State,Texas Tech,PiRate,0,no_match
38755,2025,3,Kent State,Texas Tech,PiRate: Bias,0,no_match
38756,2025,3,Kent State,Texas Tech,PiRate: Mean,0,no_match
38757,2025,3,Kent State,Texas Tech,Power Rank,0,no_match
38758,2025,3,Kent State,Texas Tech,Professor Sides,0,no_match
38759,2025,3,Kent State,Texas Tech,Room44 Bets,0,no_match
38760,2025,3,Kent State,Texas Tech,Ryder Analytics,0,no_match
38761,2025,3,Kent State,Texas Tech,SP+,0,no_match
38762,2025,3,Kent State,Texas Tech,Sagarin,0,no_match
38763,2025,3,Kent State,Texas Tech,Sagarin: Golden,0,no_match
38764,2025,3,Kent State,Texas Tech,Sagarin: Predictor,0,no_match
38765,2025,3,Kent State,Texas Tech,Sagarin: Recent,0,no_match
38766,2025,3,Kent State,Texas Tech,SportsLine,0,no_match
38767,2025,3,Kent State,Texas Tech,SportsRatings,0,no_match
38768,2025,3,Kent State,Texas Tech,TShoe Index,0,no_match
38769,2025,3,Kent State,Texas Tech,TeamRankings,0,no_match
38770,2025,3,Kent State,Texas Tech,Trent Sorensen,0,no_match
38771,2025,3,Kent State,Texas Tech,Wilson Ratings,0,no_match
38848,2025,3,Miami OH,Rutgers,Beta_Rank,0,no_match
38849,2025,3,Miami OH,Rutgers,CFB Geek,0,no_match
38850,2025,3,Miami OH,Rutgers,CFB Graphs,0,no_match
38851,2025,3,Miami OH,Rutgers,CFB Victory,0,no_match
38852,2025,3,Miami OH,Rutgers,Congrove,0,no_match
38853,2025,3,Miami OH,Rutgers,DRatings,0,no_match
38854,2025,3,Miami OH,Rutgers,David Sasser,0,no_match
38855,2025,3,Miami OH,Rutgers,Dokter Entropy,0,no_match
38856,2025,3,Miami OH,Rutgers,ESPN FPI,0,no_match
38857,2025,3,Miami OH,Rutgers,Harville,0,no_match
38858,2025,3,Miami OH,Rutgers,JP+,0,no_match
38859,2025,3,Miami OH,Rutgers,John Harris,0,no_match
38860,2025,3,Miami OH,Rutgers,KFord,0,no_match
38861,2025,3,Miami OH,Rutgers,Keeper,0,no_match
38862,2025,3,Miami OH,Rutgers,Massey,0,no_match
38863,2025,3,Miami OH,Rutgers,Matt Grissom,0,no_match
38864,2025,3,Miami OH,Rutgers,McIllece Sports,0,no_match
38865,2025,3,Miami OH,Rutgers,Moore Ratings,0,no_match
38866,2025,3,Miami OH,Rutgers,OddsTrader AI,0,no_match
38867,2025,3,Miami OH,Rutgers,PEARatings,0,no_match
38868,2025,3,Miami OH,Rutgers,PiRate,0,no_match
38869,2025,3,Miami OH,Rutgers,PiRate: Bias,0,no_match
38870,2025,3,Miami OH,Rutgers,PiRate: Mean,0,no_match
38871,2025,3,Miami OH,Rutgers,Power Rank,0,no_match
38872,2025,3,Miami OH,Rutgers,Professor Sides,0,no_match
38873,2025,3,Miami OH,Rutgers,Room44 Bets,0,no_match
38874,2025,3,Miami OH,Rutgers,Ryder Analytics,0,no_match
38875,2025,3,Miami OH,Rutgers,SP+,0,no_match
38876,2025,3,Miami OH,Rutgers,Sagarin,0,no_match
38877,2025,3,Miami OH,Rutgers,Sagarin: Golden,0,no_match
38878,2025,3,Miami OH,Rutgers,Sagarin: Predictor,0,no_match
38879,2025,3,Miami OH,Rutgers,Sagarin: Recent,0,no_match
38880,2025,3,Miami OH,Rutgers,SportsLine,0,no_match
38881,2025,3,Miami OH,Rutgers,SportsRatings,0,no_match
38882,2025,3,Miami OH,Rutgers,TShoe Index,0,no_match
38883,2025,3,Miami OH,Rutgers,TeamRankings,0,no_match
38884,2025,3,Miami OH,Rutgers,Trent Sorensen,0,no_match
38885,2025,3,Miami OH,Rutgers,Wilson Ratings,0,no_match
38886,2025,3,Middle Tennessee,Wisconsin,Beta_Rank,0,no_match
38887,2025,3,Middle Tennessee,Wisconsin,CFB Geek,0,no_match
38888,2025,3,Middle Tennessee,Wisconsin,CFB Graphs,0,no_match
38889,2025,3,Middle Tennessee,Wisconsin,CFB Victory,0,no_match
38890,2025,3,Middle Tennessee,Wisconsin,Congrove,0,no_match
38891,2025,3,Middle Tennessee,Wisconsin,DRatings,0,no_match
38892,2025,3,Middle Tennessee,Wisconsin,David Sasser,0,no_match
38893,2025,3,Middle Tennessee,Wisconsin,Dokter Entropy,0,no_match
38894,2025,3,Middle Tennessee,Wisconsin,ESPN FPI,0,no_match
38895,2025,3,Middle Tennessee,Wisconsin,Harville,0,no_match
38896,2025,3,Middle Tennessee,Wisconsin,JP+,0,no_match
38897,2025,3,Middle Tennessee,Wisconsin,John Harris,0,no_match
38898,2025,3,Middle Tennessee,Wisconsin,KFord,0,no_match
38899,2025,3,Middle Tennessee,Wisconsin,Keeper,0,no_match
38900,2025,3,Middle Tennessee,Wisconsin,Massey,0,no_match
38901,2025,3,Middle Tennessee,Wisconsin,Matt Grissom,0,no_match
38902,2025,3,Middle Tennessee,Wisconsin,McIllece Sports,0,no_match
38903,2025,3,Middle Tennessee,Wisconsin,Moore Ratings,0,no_match
38904,2025,3,Middle Tennessee,Wisconsin,OddsTrader AI,0,no_match
38905,2025,3,Middle Tennessee,Wisconsin,PEARatings,0,no_match
38906,2025,3,Middle Tennessee,Wisconsin,PiRate,0,no_match
38907,2025,3,Middle Tennessee,Wisconsin,PiRate: Bias,0,no_match
38908,2025,3,Middle Tennessee,Wisconsin,PiRate: Mean,0,no_match
38909,2025,3,Middle Tennessee,Wisconsin,Power Rank,0,no_match
38910,2025,3,Middle Tennessee,Wisconsin,Professor Sides,0,no_match
38911,2025,3,Middle Tennessee,Wisconsin,Room44 Bets,0,no_match
38912,2025,3,Middle Tennessee,Wisconsin,Ryder Analytics,0,no_match
38913,2025,3,Middle Tennessee,Wisconsin,SP+,0,no_match
38914,2025,3,Middle Tennessee,Wisconsin,Sagarin,0,no_match
38915,2025,3,Middle Tennessee,Wisconsin,Sagarin: Golden,0,no_match
38916,2025,3,Middle Tennessee,Wisconsin,Sagarin: Predictor,0,no_match
38917,2025,3,Middle Tennessee,Wisconsin,Sagarin: Recent,0,no_match
38918,2025,3,Middle Tennessee,Wisconsin,SportsLine,0,no_match
38919,2025,3,Middle Tennessee,Wisconsin,SportsRatings,0,no_match
38920,2025,3,Middle Tennessee,Wisconsin,TShoe Index,0,no_match
38921,2025,3,Middle Tennessee,Wisconsin,TeamRankings,0,no_match
38922,2025,3,Middle Tennessee,Wisconsin,Trent Sorensen,0,no_match
38923,2025,3,Middle Tennessee,Wisconsin,Wilson Ratings,0,no_match
39037,2025,3,North Texas,Western Michigan,Beta_Rank,0,no_match
39038,2025,3,North Texas,Western Michigan,CFB Geek,0,no_match
39039,2025,3,North Texas,Western Michigan,CFB Graphs,0,no_match
39040,2025,3,North Texas,Western Michigan,CFB Victory,0,no_match
39041,2025,3,North Texas,Western Michigan,Congrove,0,no_match
39042,2025,3,North Texas,Western Michigan,DRatings,0,no_match
39043,2025,3,North Texas,Western Michigan,David Sasser,0,no_match
39044,2025,3,North Texas,Western Michigan,Dokter Entropy,0,no_match
39045,2025,3,North Texas,Western Michigan,ESPN FPI,0,no_match
39046,2025,3,North Texas,Western Michigan,Harville,0,no_match
39047,2025,3,North Texas,Western Michigan,JP+,0,no_match
39048,2025,3,North Texas,Western Michigan,John Harris,0,no_match
39049,2025,3,North Texas,Western Michigan,KFord,0,no_match
39050,2025,3,North Texas,Western Michigan,Keeper,0,no_match
39051,2025,3,North Texas,Western Michigan,Massey,0,no_match
39052,2025,3,North Texas,Western Michigan,Matt Grissom,0,no_match
39053,2025,3,North Texas,Western Michigan,McIllece Sports,0,no_match
39054,2025,3,North Texas,Western Michigan,Moore Ratings,0,no_match
39055,2025,3,North Texas,Western Michigan,OddsTrader AI,0,no_match
39056,2025,3,North Texas,Western Michigan,PEARatings,0,no_match
39057,2025,3,North Texas,Western Michigan,PiRate,0,no_match
39058,2025,3,North Texas,Western Michigan,PiRate: Bias,0,no_match
39059,2025,3,North Texas,Western Michigan,PiRate: Mean,0,no_match
39060,2025,3,North Texas,Western Michigan,Power Rank,0,no_match
39061,2025,3,North Texas,Western Michigan,Professor Sides,0,no_match
39062,2025,3,North Texas,Western Michigan,Room44 Bets,0,no_match
39063,2025,3,North Texas,Western Michigan,Ryder Analytics,0,no_match
39064,2025,3,North Texas,Western Michigan,SP+,0,no_match
39065,2025,3,North Texas,Western Michigan,Sagarin,0,no_match
39066,2025,3,North Texas,Western Michigan,Sagarin: Golden,0,no_match
39067,2025,3,North Texas,Western Michigan,Sagarin: Predictor,0,no_match
39068,2025,3,North Texas,Western Michigan,Sagarin: Recent,0,no_match
39069,2025,3,North Texas,Western Michigan,SportsLine,0,no_match
39070,2025,3,North Texas,Western Michigan,SportsRatings,0,no_match
39071,2025,3,North Texas,Western Michigan,TShoe Index,0,no_match
39072,2025,3,North Texas,Western Michigan,TeamRankings,0,no_match
39073,2025,3,North Texas,Western Michigan,Trent Sorensen,0,no_match
39074,2025,3,North Texas,Western Michigan,Wilson Ratings,0,no_match
39075,2025,3,Northern Illinois,Maryland,Beta_Rank,0,no_match
39076,2025,3,Northern Illinois,Maryland,CFB Geek,0,no_match
39077,2025,3,Northern Illinois,Maryland,CFB Graphs,0,no_match
39078,2025,3,Northern Illinois,Maryland,CFB Victory,0,no_match
39079,2025,3,Northern Illinois,Maryland,Congrove,0,no_match
39080,2025,3,Northern Illinois,Maryland,DRatings,0,no_match
39081,2025,3,Northern Illinois,Maryland,David Sasser,0,no_match
39082,2025,3,Northern Illinois,Maryland,Dokter Entropy,0,no_match
39083,2025,3,Northern Illinois,Maryland,ESPN FPI,0,no_match
39084,2025,3,Northern Illinois,Maryland,Harville,0,no_match
39085,2025,3,Northern Illinois,Maryland,JP+,0,no_match
39086,2025,3,Northern Illinois,Maryland,John Harris,0,no_match
39087,2025,3,Northern Illinois,Maryland,KFord,0,no_match
39088,2025,3,Northern Illinois,Maryland,Keeper,0,no_match
39089,2025,3,Northern Illinois,Maryland,Massey,0,no_match
39090,2025,3,Northern Illinois,Maryland,Matt Grissom,0,no_match
39091,2025,3,Northern Illinois,Maryland,McIllece Sports,0,no_match
39092,2025,3,Northern Illinois,Maryland,Moore Ratings,0,no_match
39093,2025,3,Northern Illinois,Maryland,OddsTrader AI,0,no_match
39094,2025,3,Northern Illinois,Maryland,PEARatings,0,no_match
39095,2025,3,Northern Illinois,Maryland,PiRate,0,no_match
39096,2025,3,Northern Illinois,Maryland,PiRate: Bias,0,no_match
39097,2025,3,Northern Illinois,Maryland,PiRate: Mean,0,no_match
39098,2025,3,Northern Illinois,Maryland,Power Rank,0,no_match
39099,2025,3,Northern Illinois,Maryland,Professor Sides,0,no_match
39100,2025,3,Northern Illinois,Maryland,Room44 Bets,0,no_match
39101,2025,3,Northern Illinois,Maryland,Ryder Analytics,0,no_match
39102,2025,3,Northern Illinois,Maryland,SP+,0,no_match
39103,2025,3,Northern Illinois,Maryland,Sagarin,0,no_match
39104,2025,3,Northern Illinois,Maryland,Sagarin: Golden,0,no_match
39105,2025,3,Northern Illinois,Maryland,Sagarin: Predictor,0,no_match
39106,2025,3,Northern Illinois,Maryland,Sagarin: Recent,0,no_match
39107,2025,3,Northern Illinois,Maryland,SportsLine,0,no_match
39108,2025,3,Northern Illinois,Maryland,SportsRatings,0,no_match
39109,2025,3,Northern Illinois,Maryland,TShoe Index,0,no_match
39110,2025,3,Northern Illinois,Maryland,TeamRankings,0,no_match
39111,2025,3,Northern Illinois,Maryland,Trent Sorensen,0,no_match
39112,2025,3,Northern Illinois,Maryland,Wilson Ratings,0,no_match
39265,2025,3,Troy,Clemson,Beta_Rank,0,no_match
39266,2025,3,Troy,Clemson,CFB Geek,0,no_match
39267,2025,3,Troy,Clemson,CFB Graphs,0,no_match
39268,2025,3,Troy,Clemson,CFB Victory,0,no_match
39269,2025,3,Troy,Clemson,Congrove,0,no_match
39270,2025,3,Troy,Clemson,DRatings,0,no_match
39271,2025,3,Troy,Clemson,David Sasser,0,no_match
39272,2025,3,Troy,Clemson,Dokter Entropy,0,no_match
39273,2025,3,Troy,Clemson,ESPN FPI,0,no_match
39274,2025,3,Troy,Clemson,Harville,0,no_match
39275,2025,3,Troy,Clemson,JP+,0,no_match
39276,2025,3,Troy,Clemson,John Harris,0,no_match
39277,2025,3,Troy,Clemson,KFord,0,no_match
39278,2025,3,Troy,Clemson,Keeper,0,no_match
39279,2025,3,Troy,Clemson,Massey,0,no_match
39280,2025,3,Troy,Clemson,Matt Grissom,0,no_match
39281,2025,3,Troy,Clemson,McIllece Sports,0,no_match
39282,2025,3,Troy,Clemson,Moore Ratings,0,no_match
39283,2025,3,Troy,Clemson,OddsTrader AI,0,no_match
39284,2025,3,Troy,Clemson,PEARatings,0,no_match
39285,2025,3,Troy,Clemson,PiRate,0,no_match
39286,2025,3,Troy,Clemson,PiRate: Bias,0,no_match
39287,2025,3,Troy,Clemson,PiRate: Mean,0,no_match
39288,2025,3,Troy,Clemson,Power Rank,0,no_match
39289,2025,3,Troy,Clemson,Professor Sides,0,no_match
39290,2025,3,Troy,Clemson,Room44 Bets,0,no_match
39291,2025,3,Troy,Clemson,Ryder Analytics,0,no_match
39292,2025,3,Troy,Clemson,SP+,0,no_match
39293,2025,3,Troy,Clemson,Sagarin,0,no_match
39294,2025,3,Troy,Clemson,Sagarin: Golden,0,no_match
39295,2025,3,Troy,Clemson,Sagarin: Predictor,0,no_match
39296,2025,3,Troy,Clemson,Sagarin: Recent,0,no_match
39297,2025,3,Troy,Clemson,SportsLine,0,no_match
39298,2025,3,Troy,Clemson,SportsRatings,0,no_match
39299,2025,3,Troy,Clemson,TShoe Index,0,no_match
39300,2025,3,Troy,Clemson,TeamRankings,0,no_match
39301,2025,3,Troy,Clemson,Trent Sorensen,0,no_match
39302,2025,3,Troy,Clemson,Wilson Ratings,0,no_match
39455,2025,3,West Virginia,Ohio,Beta_Rank,0,no_match
39456,2025,3,West Virginia,Ohio,CFB Geek,0,no_match
39457,2025,3,West Virginia,Ohio,CFB Graphs,0,no_match
39458,2025,3,West Virginia,Ohio,CFB Victory,0,no_match
39459,2025,3,West Virginia,Ohio,Congrove,0,no_match
39460,2025,3,West Virginia,Ohio,DRatings,0,no_match
39461,2025,3,West Virginia,Ohio,David Sasser,0,no_match
39462,2025,3,West Virginia,Ohio,Dokter Entropy,0,no_match
39463,2025,3,West Virginia,Ohio,ESPN FPI,0,no_match
39464,2025,3,West Virginia,Ohio,Harville,0,no_match
39465,2025,3,West Virginia,Ohio,JP+,0,no_match
39466,2025,3,West Virginia,Ohio,John Harris,0,no_match
39467,2025,3,West Virginia,Ohio,KFord,0,no_match
39468,2025,3,West Virginia,Ohio,Keeper,0,no_match
39469,2025,3,West Virginia,Ohio,Massey,0,no_match
39470,2025,3,West Virginia,Ohio,Matt Grissom,0,no_match
39471,2025,3,West Virginia,Ohio,McIllece Sports,0,no_match
39472,2025,3,West Virginia,Ohio,Moore Ratings,0,no_match
39473,2025,3,West Virginia,Ohio,OddsTrader AI,0,no_match
39474,2025,3,West Virginia,Ohio,PEARatings,0,no_match
39475,2025,3,West Virginia,Ohio,PiRate,0,no_match
39476,2025,3,West Virginia,Ohio,PiRate: Bias,0,no_match
39477,2025,3,West Virginia,Ohio,PiRate: Mean,0,no_match
39478,2025,3,West Virginia,Ohio,Power Rank,0,no_match
39479,2025,3,West Virginia,Ohio,Professor Sides,0,no_match
39480,2025,3,West Virginia,Ohio,Room44 Bets,0,no_match
39481,2025,3,West Virginia,Ohio,Ryder Analytics,0,no_match
39482,2025,3,West Virginia,Ohio,SP+,0,no_match
39483,2025,3,West Virginia,Ohio,Sagarin,0,no_match
39484,2025,3,West Virginia,Ohio,Sagarin: Golden,0,no_match
39485,2025,3,West Virginia,Ohio,Sagarin: Predictor,0,no_match
39486,2025,3,West Virginia,Ohio,Sagarin: Recent,0,no_match
39487,2025,3,West Virginia,Ohio,SportsLine,0,no_match
39488,2025,3,West Virginia,Ohio,SportsRatings,0,no_match
39489,2025,3,West Virginia,Ohio,TShoe Index,0,no_match
39490,2025,3,West Virginia,Ohio,TeamRankings,0,no_match
39491,2025,3,West Virginia,Ohio,Trent Sorensen,0,no_match
39492,2025,3,West Virginia,Ohio,Wilson Ratings,0,no_match
39494,2025,4,Appalachian State,Southern Mississippi,Beta_Rank,0,no_match
39495,2025,4,Appalachian State,Southern Mississippi,CFB Geek,0,no_match
39496,2025,4,Appalachian State,Southern Mississippi,CFB Graphs,0,no_match
39497,2025,4,Appalachian State,Southern Mississippi,CFB Victory,0,no_match
39498,2025,4,Appalachian State,Southern Mississippi,Congrove,0,no_match
39499,2025,4,Appalachian State,Southern Mississippi,DRatings,0,no_match
39500,2025,4,Appalachian State,Southern Mississippi,David Sasser,0,no_match
39501,2025,4,Appalachian State,Southern Mississippi,Dokter Entropy,0,no_match
39502,2025,4,Appalachian State,Southern Mississippi,ESPN FPI,0,no_match
39503,2025,4,Appalachian State,Southern Mississippi,Harville,0,no_match
39504,2025,4,Appalachian State,Southern Mississippi,JP+,0,no_match
39505,2025,4,Appalachian State,Southern Mississippi,John Harris,0,no_match
39506,2025,4,Appalachian State,Southern Mississippi,KFord,0,no_match
39507,2025,4,Appalachian State,Southern Mississippi,Keeper,0,no_match
39508,2025,4,Appalachian State,Southern Mississippi,Massey,0,no_match
39509,2025,4,Appalachian State,Southern Mississippi,Matt Grissom,0,no_match
39510,2025,4,Appalachian State,Southern Mississippi,McIllece Sports,0,no_match
39511,2025,4,Appalachian State,Southern Mississippi,Moore Ratings,0,no_match
39512,2025,4,Appalachian State,Southern Mississippi,OddsTrader AI,0,no_match
39513,2025,4,Appalachian State,Southern Mississippi,PEARatings,0,no_match
39514,2025,4,Appalachian State,Southern Mississippi,PiRate,0,no_match
39515,2025,4,Appalachian State,Southern Mississippi,PiRate: Bias,0,no_match
39516,2025,4,Appalachian State,Southern Mississippi,PiRate: Mean,0,no_match
39517,2025,4,Appalachian State,Southern Mississippi,Power Rank,0,no_match
39518,2025,4,Appalachian State,Southern Mississippi,Professor Sides,0,no_match
39519,2025,4,Appalachian State,Southern Mississippi,Room44 Bets,0,no_match
39520,2025,4,Appalachian State,Southern Mississippi,Ryder Analytics,0,no_match
39521,2025,4,Appalachian State,Southern Mississippi,SP+,0,no_match
39522,2025,4,Appalachian State,Southern Mississippi,Sagarin,0,no_match
39523,2025,4,Appalachian State,Southern Mississippi,Sagarin: Golden,0,no_match
39524,2025,4,Appalachian State,Southern Mississippi,Sagarin: Predictor,0,no_match
39525,2025,4,Appalachian State,Southern Mississippi,Sagarin: Recent,0,no_match
39526,2025,4,Appalachian State,Southern Mississippi,SportsLine,0,no_match
39527,2025,4,Appalachian State,Southern Mississippi,SportsRatings,0,no_match
39528,2025,4,Appalachian State,Southern Mississippi,TShoe Index,0,no_match
39529,2025,4,Appalachian State,Southern Mississippi,TeamRankings,0,no_match
39530,2025,4,Appalachian State,Southern Mississippi,Trent Sorensen,0,no_match
39531,2025,4,Appalachian State,Southern Mississippi,Wilson Ratings,0,no_match
39570,2025,4,Buffalo,Kent State,Beta_Rank,0,no_match
39571,2025,4,Buffalo,Kent State,CFB Geek,0,no_match
39572,2025,4,Buffalo,Kent State,CFB Graphs,0,no_match
39573,2025,4,Buffalo,Kent State,CFB Victory,0,no_match
39574,2025,4,Buffalo,Kent State,Congrove,0,no_match
39575,2025,4,Buffalo,Kent State,DRatings,0,no_match
39576,2025,4,Buffalo,Kent State,David Sasser,0,no_match
39577,2025,4,Buffalo,Kent State,Dokter Entropy,0,no_match
39578,2025,4,Buffalo,Kent State,ESPN FPI,0,no_match
39579,2025,4,Buffalo,Kent State,Harville,0,no_match
39580,2025,4,Buffalo,Kent State,JP+,0,no_match
39581,2025,4,Buffalo,Kent State,John Harris,0,no_match
39582,2025,4,Buffalo,Kent State,KFord,0,no_match
39583,2025,4,Buffalo,Kent State,Keeper,0,no_match
39584,2025,4,Buffalo,Kent State,Massey,0,no_match
39585,2025,4,Buffalo,Kent State,Matt Grissom,0,no_match
39586,2025,4,Buffalo,Kent State,McIllece Sports,0,no_match
39587,2025,4,Buffalo,Kent State,Moore Ratings,0,no_match
39588,2025,4,Buffalo,Kent State,OddsTrader AI,0,no_match
39589,2025,4,Buffalo,Kent State,PEARatings,0,no_match
39590,2025,4,Buffalo,Kent State,PiRate,0,no_match
39591,2025,4,Buffalo,Kent State,PiRate: Bias,0,no_match
39592,2025,4,Buffalo,Kent State,PiRate: Mean,0,no_match
39593,2025,4,Buffalo,Kent State,Power Rank,0,no_match
39594,2025,4,Buffalo,Kent State,Professor Sides,0,no_match
39595,2025,4,Buffalo,Kent State,Room44 Bets,0,no_match
39596,2025,4,Buffalo,Kent State,Ryder Analytics,0,no_match
39597,2025,4,Buffalo,Kent State,SP+,0,no_match
39598,2025,4,Buffalo,Kent State,Sagarin,0,no_match
39599,2025,4,Buffalo,Kent State,Sagarin: Golden,0,no_match
39600,2025,4,Buffalo,Kent State,Sagarin: Predictor,0,no_match
39601,2025,4,Buffalo,Kent State,Sagarin: Recent,0,no_match
39602,2025,4,Buffalo,Kent State,SportsLine,0,no_match
39603,2025,4,Buffalo,Kent State,SportsRatings,0,no_match
39604,2025,4,Buffalo,Kent State,TShoe Index,0,no_match
39605,2025,4,Buffalo,Kent State,TeamRankings,0,no_match
39606,2025,4,Buffalo,Kent State,Trent Sorensen,0,no_match
39607,2025,4,Buffalo,Kent State,Wilson Ratings,0,no_match
39608,2025,4,Central Michigan,Michigan,Beta_Rank,0,no_match
39609,2025,4,Central Michigan,Michigan,CFB Geek,0,no_match
39610,2025,4,Central Michigan,Michigan,CFB Graphs,0,no_match
39611,2025,4,Central Michigan,Michigan,CFB Victory,0,no_match
39612,2025,4,Central Michigan,Michigan,Congrove,0,no_match
39613,2025,4,Central Michigan,Michigan,DRatings,0,no_match
39614,2025,4,Central Michigan,Michigan,David Sasser,0,no_match
39615,2025,4,Central Michigan,Michigan,Dokter Entropy,0,no_match
39616,2025,4,Central Michigan,Michigan,ESPN FPI,0,no_match
39617,2025,4,Central Michigan,Michigan,Harville,0,no_match
39618,2025,4,Central Michigan,Michigan,JP+,0,no_match
39619,2025,4,Central Michigan,Michigan,John Harris,0,no_match
39620,2025,4,Central Michigan,Michigan,KFord,0,no_match
39621,2025,4,Central Michigan,Michigan,Keeper,0,no_match
39622,2025,4,Central Michigan,Michigan,Massey,0,no_match
39623,2025,4,Central Michigan,Michigan,Matt Grissom,0,no_match
39624,2025,4,Central Michigan,Michigan,McIllece Sports,0,no_match
39625,2025,4,Central Michigan,Michigan,Moore Ratings,0,no_match
39626,2025,4,Central Michigan,Michigan,OddsTrader AI,0,no_match
39627,2025,4,Central Michigan,Michigan,PEARatings,0,no_match
39628,2025,4,Central Michigan,Michigan,PiRate,0,no_match
39629,2025,4,Central Michigan,Michigan,PiRate: Bias,0,no_match
39630,2025,4,Central Michigan,Michigan,PiRate: Mean,0,no_match
39631,2025,4,Central Michigan,Michigan,Power Rank,0,no_match
39632,2025,4,Central Michigan,Michigan,Professor Sides,0,no_match
39633,2025,4,Central Michigan,Michigan,Room44 Bets,0,no_match
39634,2025,4,Central Michigan,Michigan,Ryder Analytics,0,no_match
39635,2025,4,Central Michigan,Michigan,SP+,0,no_match
39636,2025,4,Central Michigan,Michigan,Sagarin,0,no_match
39637,2025,4,Central Michigan,Michigan,Sagarin: Golden,0,no_match
39638,2025,4,Central Michigan,Michigan,Sagarin: Predictor,0,no_match
39639,2025,4,Central Michigan,Michigan,Sagarin: Recent,0,no_match
39640,2025,4,Central Michigan,Michigan,SportsLine,0,no_match
39641,2025,4,Central Michigan,Michigan,SportsRatings,0,no_match
39642,2025,4,Central Michigan,Michigan,TShoe Index,0,no_match
39643,2025,4,Central Michigan,Michigan,TeamRankings,0,no_match
39644,2025,4,Central Michigan,Michigan,Trent Sorensen,0,no_match
39645,2025,4,Central Michigan,Michigan,Wilson Ratings,0,no_match
39797,2025,4,Eastern Michigan,Kentucky,Beta_Rank,0,no_match
39798,2025,4,Eastern Michigan,Kentucky,CFB Geek,0,no_match
39799,2025,4,Eastern Michigan,Kentucky,CFB Graphs,0,no_match
39800,2025,4,Eastern Michigan,Kentucky,CFB Victory,0,no_match
39801,2025,4,Eastern Michigan,Kentucky,Congrove,0,no_match
39802,2025,4,Eastern Michigan,Kentucky,DRatings,0,no_match
39803,2025,4,Eastern Michigan,Kentucky,David Sasser,0,no_match
39804,2025,4,Eastern Michigan,Kentucky,Dokter Entropy,0,no_match
39805,2025,4,Eastern Michigan,Kentucky,ESPN FPI,0,no_match
39806,2025,4,Eastern Michigan,Kentucky,Harville,0,no_match
39807,2025,4,Eastern Michigan,Kentucky,JP+,0,no_match
39808,2025,4,Eastern Michigan,Kentucky,John Harris,0,no_match
39809,2025,4,Eastern Michigan,Kentucky,KFord,0,no_match
39810,2025,4,Eastern Michigan,Kentucky,Keeper,0,no_match
39811,2025,4,Eastern Michigan,Kentucky,Massey,0,no_match
39812,2025,4,Eastern Michigan,Kentucky,Matt Grissom,0,no_match
39813,2025,4,Eastern Michigan,Kentucky,McIllece Sports,0,no_match
39814,2025,4,Eastern Michigan,Kentucky,Moore Ratings,0,no_match
39815,2025,4,Eastern Michigan,Kentucky,OddsTrader AI,0,no_match
39816,2025,4,Eastern Michigan,Kentucky,PEARatings,0,no_match
39817,2025,4,Eastern Michigan,Kentucky,PiRate,0,no_match
39818,2025,4,Eastern Michigan,Kentucky,PiRate: Bias,0,no_match
39819,2025,4,Eastern Michigan,Kentucky,PiRate: Mean,0,no_match
39820,2025,4,Eastern Michigan,Kentucky,Power Rank,0,no_match
39821,2025,4,Eastern Michigan,Kentucky,Professor Sides,0,no_match
39822,2025,4,Eastern Michigan,Kentucky,Room44 Bets,0,no_match
39823,2025,4,Eastern Michigan,Kentucky,Ryder Analytics,0,no_match
39824,2025,4,Eastern Michigan,Kentucky,SP+,0,no_match
39825,2025,4,Eastern Michigan,Kentucky,Sagarin,0,no_match
39826,2025,4,Eastern Michigan,Kentucky,Sagarin: Golden,0,no_match
39827,2025,4,Eastern Michigan,Kentucky,Sagarin: Predictor,0,no_match
39828,2025,4,Eastern Michigan,Kentucky,Sagarin: Recent,0,no_match
39829,2025,4,Eastern Michigan,Kentucky,SportsLine,0,no_match
39830,2025,4,Eastern Michigan,Kentucky,SportsRatings,0,no_match
39831,2025,4,Eastern Michigan,Kentucky,TShoe Index,0,no_match
39832,2025,4,Eastern Michigan,Kentucky,TeamRankings,0,no_match
39833,2025,4,Eastern Michigan,Kentucky,Trent Sorensen,0,no_match
39834,2025,4,Eastern Michigan,Kentucky,Wilson Ratings,0,no_match
39873,2025,4,Florida Atlantic,Florida International,Beta_Rank,0,no_match
39874,2025,4,Florida Atlantic,Florida International,CFB Geek,0,no_match
39875,2025,4,Florida Atlantic,Florida International,CFB Graphs,0,no_match
39876,2025,4,Florida Atlantic,Florida International,CFB Victory,0,no_match
39877,2025,4,Florida Atlantic,Florida International,Congrove,0,no_match
39878,2025,4,Florida Atlantic,Florida International,DRatings,0,no_match
39879,2025,4,Florida Atlantic,Florida International,David Sasser,0,no_match
39880,2025,4,Florida Atlantic,Florida International,Dokter Entropy,0,no_match
39881,2025,4,Florida Atlantic,Florida International,ESPN FPI,0,no_match
39882,2025,4,Florida Atlantic,Florida International,Harville,0,no_match
39883,2025,4,Florida Atlantic,Florida International,JP+,0,no_match
39884,2025,4,Florida Atlantic,Florida International,John Harris,0,no_match
39885,2025,4,Florida Atlantic,Florida International,KFord,0,no_match
39886,2025,4,Florida Atlantic,Florida International,Keeper,0,no_match
39887,2025,4,Florida Atlantic,Florida International,Massey,0,no_match
39888,2025,4,Florida Atlantic,Florida International,Matt Grissom,0,no_match
39889,2025,4,Florida Atlantic,Florida International,McIllece Sports,0,no_match
39890,2025,4,Florida Atlantic,Florida International,Moore Ratings,0,no_match
39891,2025,4,Florida Atlantic,Florida International,OddsTrader AI,0,no_match
39892,2025,4,Florida Atlantic,Florida International,PEARatings,0,no_match
39893,2025,4,Florida Atlantic,Florida International,PiRate,0,no_match
39894,2025,4,Florida Atlantic,Florida International,PiRate: Bias,0,no_match
39895,2025,4,Florida Atlantic,Florida International,PiRate: Mean,0,no_match
39896,2025,4,Florida Atlantic,Florida International,Power Rank,0,no_match
39897,2025,4,Florida Atlantic,Florida International,Professor Sides,0,no_match
39898,2025,4,Florida Atlantic,Florida International,Room44 Bets,0,no_match
39899,2025,4,Florida Atlantic,Florida International,Ryder Analytics,0,no_match
39900,2025,4,Florida Atlantic,Florida International,SP+,0,no_match
39901,2025,4,Florida Atlantic,Florida International,Sagarin,0,no_match
39902,2025,4,Florida Atlantic,Florida International,Sagarin: Golden,0,no_match
39903,2025,4,Florida Atlantic,Florida International,Sagarin: Predictor,0,no_match
39904,2025,4,Florida Atlantic,Florida International,Sagarin: Recent,0,no_match
39905,2025,4,Florida Atlantic,Florida International,SportsLine,0,no_match
39906,2025,4,Florida Atlantic,Florida International,SportsRatings,0,no_match
39907,2025,4,Florida Atlantic,Florida International,TShoe Index,0,no_match
39908,2025,4,Florida Atlantic,Florida International,TeamRankings,0,no_match
39909,2025,4,Florida Atlantic,Florida International,Trent Sorensen,0,no_match
39910,2025,4,Florida Atlantic,Florida International,Wilson Ratings,0,no_match
40140,2025,4,Memphis,Troy,Beta_Rank,0,no_match
40141,2025,4,Memphis,Troy,CFB Geek,0,no_match
40142,2025,4,Memphis,Troy,CFB Graphs,0,no_match
40143,2025,4,Memphis,Troy,CFB Victory,0,no_match
40144,2025,4,Memphis,Troy,Congrove,0,no_match
40145,2025,4,Memphis,Troy,DRatings,0,no_match
40146,2025,4,Memphis,Troy,David Sasser,0,no_match
40147,2025,4,Memphis,Troy,Dokter Entropy,0,no_match
40148,2025,4,Memphis,Troy,ESPN FPI,0,no_match
40149,2025,4,Memphis,Troy,Harville,0,no_match
40150,2025,4,Memphis,Troy,JP+,0,no_match
40151,2025,4,Memphis,Troy,John Harris,0,no_match
40152,2025,4,Memphis,Troy,KFord,0,no_match
40153,2025,4,Memphis,Troy,Keeper,0,no_match
40154,2025,4,Memphis,Troy,Massey,0,no_match
40155,2025,4,Memphis,Troy,Matt Grissom,0,no_match
40156,2025,4,Memphis,Troy,McIllece Sports,0,no_match
40157,2025,4,Memphis,Troy,Moore Ratings,0,no_match
40158,2025,4,Memphis,Troy,OddsTrader AI,0,no_match
40159,2025,4,Memphis,Troy,PEARatings,0,no_match
40160,2025,4,Memphis,Troy,PiRate,0,no_match
40161,2025,4,Memphis,Troy,PiRate: Bias,0,no_match
40162,2025,4,Memphis,Troy,PiRate: Mean,0,no_match
40163,2025,4,Memphis,Troy,Power Rank,0,no_match
40164,2025,4,Memphis,Troy,Professor Sides,0,no_match
40165,2025,4,Memphis,Troy,Room44 Bets,0,no_match
40166,2025,4,Memphis,Troy,Ryder Analytics,0,no_match
40167,2025,4,Memphis,Troy,SP+,0,no_match
40168,2025,4,Memphis,Troy,Sagarin,0,no_match
40169,2025,4,Memphis,Troy,Sagarin: Golden,0,no_match
40170,2025,4,Memphis,Troy,Sagarin: Predictor,0,no_match
40171,2025,4,Memphis,Troy,Sagarin: Recent,0,no_match
40172,2025,4,Memphis,Troy,SportsLine,0,no_match
40173,2025,4,Memphis,Troy,SportsRatings,0,no_match
40174,2025,4,Memphis,Troy,TShoe Index,0,no_match
40175,2025,4,Memphis,Troy,TeamRankings,0,no_match
40176,2025,4,Memphis,Troy,Trent Sorensen,0,no_match
40177,2025,4,Memphis,Troy,Wilson Ratings,0,no_match
40178,2025,4,Middle Tennessee,Nevada,Beta_Rank,0,no_match
40179,2025,4,Middle Tennessee,Nevada,CFB Geek,0,no_match
40180,2025,4,Middle Tennessee,Nevada,CFB Graphs,0,no_match
40181,2025,4,Middle Tennessee,Nevada,CFB Victory,0,no_match
40182,2025,4,Middle Tennessee,Nevada,Congrove,0,no_match
40183,2025,4,Middle Tennessee,Nevada,DRatings,0,no_match
40184,2025,4,Middle Tennessee,Nevada,David Sasser,0,no_match
40185,2025,4,Middle Tennessee,Nevada,Dokter Entropy,0,no_match
40186,2025,4,Middle Tennessee,Nevada,ESPN FPI,0,no_match
40187,2025,4,Middle Tennessee,Nevada,Harville,0,no_match
40188,2025,4,Middle Tennessee,Nevada,JP+,0,no_match
40189,2025,4,Middle Tennessee,Nevada,John Harris,0,no_match
40190,2025,4,Middle Tennessee,Nevada,KFord,0,no_match
40191,2025,4,Middle Tennessee,Nevada,Keeper,0,no_match
40192,2025,4,Middle Tennessee,Nevada,Massey,0,no_match
40193,2025,4,Middle Tennessee,Nevada,Matt Grissom,0,no_match
40194,2025,4,Middle Tennessee,Nevada,McIllece Sports,0,no_match
40195,2025,4,Middle Tennessee,Nevada,Moore Ratings,0,no_match
40196,2025,4,Middle Tennessee,Nevada,OddsTrader AI,0,no_match
40197,2025,4,Middle Tennessee,Nevada,PEARatings,0,no_match
40198,2025,4,Middle Tennessee,Nevada,PiRate,0,no_match
40199,2025,4,Middle Tennessee,Nevada,PiRate: Bias,0,no_match
40200,2025,4,Middle Tennessee,Nevada,PiRate: Mean,0,no_match
40201,2025,4,Middle Tennessee,Nevada,Power Rank,0,no_match
40202,2025,4,Middle Tennessee,Nevada,Professor Sides,0,no_match
40203,2025,4,Middle Tennessee,Nevada,Room44 Bets,0,no_match
40204,2025,4,Middle Tennessee,Nevada,Ryder Analytics,0,no_match
40205,2025,4,Middle Tennessee,Nevada,SP+,0,no_match
40206,2025,4,Middle Tennessee,Nevada,Sagarin,0,no_match
40207,2025,4,Middle Tennessee,Nevada,Sagarin: Golden,0,no_match
40208,2025,4,Middle Tennessee,Nevada,Sagarin: Predictor,0,no_match
40209,2025,4,Middle Tennessee,Nevada,Sagarin: Recent,0,no_match
40210,2025,4,Middle Tennessee,Nevada,SportsLine,0,no_match
40211,2025,4,Middle Tennessee,Nevada,SportsRatings,0,no_match
40212,2025,4,Middle Tennessee,Nevada,TShoe Index,0,no_match
40213,2025,4,Middle Tennessee,Nevada,TeamRankings,0,no_match
40214,2025,4,Middle Tennessee,Nevada,Trent Sorensen,0,no_match
40215,2025,4,Middle Tennessee,Nevada,Wilson Ratings,0,no_match
40483,2025,4,Pittsburgh,West Virginia,Beta_Rank,0,no_match
40484,2025,4,Pittsburgh,West Virginia,CFB Geek,0,no_match
40485,2025,4,Pittsburgh,West Virginia,CFB Graphs,0,no_match
40486,2025,4,Pittsburgh,West Virginia,CFB Victory,0,no_match
40487,2025,4,Pittsburgh,West Virginia,Congrove,0,no_match
40488,2025,4,Pittsburgh,West Virginia,DRatings,0,no_match
40489,2025,4,Pittsburgh,West Virginia,David Sasser,0,no_match
40490,2025,4,Pittsburgh,West Virginia,Dokter Entropy,0,no_match
40491,2025,4,Pittsburgh,West Virginia,ESPN FPI,0,no_match
40492,2025,4,Pittsburgh,West Virginia,Harville,0,no_match
40493,2025,4,Pittsburgh,West Virginia,JP+,0,no_match
40494,2025,4,Pittsburgh,West Virginia,John Harris,0,no_match
40495,2025,4,Pittsburgh,West Virginia,KFord,0,no_match
40496,2025,4,Pittsburgh,West Virginia,Keeper,0,no_match
40497,2025,4,Pittsburgh,West Virginia,Massey,0,no_match
40498,2025,4,Pittsburgh,West Virginia,Matt Grissom,0,no_match
40499,2025,4,Pittsburgh,West Virginia,McIllece Sports,0,no_match
40500,2025,4,Pittsburgh,West Virginia,Moore Ratings,0,no_match
40501,2025,4,Pittsburgh,West Virginia,OddsTrader AI,0,no_match
40502,2025,4,Pittsburgh,West Virginia,PEARatings,0,no_match
40503,2025,4,Pittsburgh,West Virginia,PiRate,0,no_match
40504,2025,4,Pittsburgh,West Virginia,PiRate: Bias,0,no_match
40505,2025,4,Pittsburgh,West Virginia,PiRate: Mean,0,no_match
40506,2025,4,Pittsburgh,West Virginia,Power Rank,0,no_match
40507,2025,4,Pittsburgh,West Virginia,Professor Sides,0,no_match
40508,2025,4,Pittsburgh,West Virginia,Room44 Bets,0,no_match
40509,2025,4,Pittsburgh,West Virginia,Ryder Analytics,0,no_match
40510,2025,4,Pittsburgh,West Virginia,SP+,0,no_match
40511,2025,4,Pittsburgh,West Virginia,Sagarin,0,no_match
40512,2025,4,Pittsburgh,West Virginia,Sagarin: Golden,0,no_match
40513,2025,4,Pittsburgh,West Virginia,Sagarin: Predictor,0,no_match
40514,2025,4,Pittsburgh,West Virginia,Sagarin: Recent,0,no_match
40515,2025,4,Pittsburgh,West Virginia,SportsLine,0,no_match
40516,2025,4,Pittsburgh,West Virginia,SportsRatings,0,no_match
40517,2025,4,Pittsburgh,West Virginia,TShoe Index,0,no_match
40518,2025,4,Pittsburgh,West Virginia,TeamRankings,0,no_match
40519,2025,4,Pittsburgh,West Virginia,Trent Sorensen,0,no_match
40520,2025,4,Pittsburgh,West Virginia,Wilson Ratings,0,no_match
40596,2025,4,South Florida,Miami,Beta_Rank,0,no_match
40597,2025,4,South Florida,Miami,CFB Geek,0,no_match
40598,2025,4,South Florida,Miami,CFB Graphs,0,no_match
40599,2025,4,South Florida,Miami,CFB Victory,0,no_match
40600,2025,4,South Florida,Miami,Congrove,0,no_match
40601,2025,4,South Florida,Miami,DRatings,0,no_match
40602,2025,4,South Florida,Miami,David Sasser,0,no_match
40603,2025,4,South Florida,Miami,Dokter Entropy,0,no_match
40604,2025,4,South Florida,Miami,ESPN FPI,0,no_match
40605,2025,4,South Florida,Miami,Harville,0,no_match
40606,2025,4,South Florida,Miami,JP+,0,no_match
40607,2025,4,South Florida,Miami,John Harris,0,no_match
40608,2025,4,South Florida,Miami,KFord,0,no_match
40609,2025,4,South Florida,Miami,Keeper,0,no_match
40610,2025,4,South Florida,Miami,Massey,0,no_match
40611,2025,4,South Florida,Miami,Matt Grissom,0,no_match
40612,2025,4,South Florida,Miami,McIllece Sports,0,no_match
40613,2025,4,South Florida,Miami,Moore Ratings,0,no_match
40614,2025,4,South Florida,Miami,OddsTrader AI,0,no_match
40615,2025,4,South Florida,Miami,PEARatings,0,no_match
40616,2025,4,South Florida,Miami,PiRate,0,no_match
40617,2025,4,South Florida,Miami,PiRate: Bias,0,no_match
40618,2025,4,South Florida,Miami,PiRate: Mean,0,no_match
40619,2025,4,South Florida,Miami,Power Rank,0,no_match
40620,2025,4,South Florida,Miami,Professor Sides,0,no_match
40621,2025,4,South Florida,Miami,Room44 Bets,0,no_match
40622,2025,4,South Florida,Miami,Ryder Analytics,0,no_match
40623,2025,4,South Florida,Miami,SP+,0,no_match
40624,2025,4,South Florida,Miami,Sagarin,0,no_match
40625,2025,4,South Florida,Miami,Sagarin: Golden,0,no_match
40626,2025,4,South Florida,Miami,Sagarin: Predictor,0,no_match
40627,2025,4,South Florida,Miami,Sagarin: Recent,0,no_match
40628,2025,4,South Florida,Miami,SportsLine,0,no_match
40629,2025,4,South Florida,Miami,SportsRatings,0,no_match
40630,2025,4,South Florida,Miami,TShoe Index,0,no_match
40631,2025,4,South Florida,Miami,TeamRankings,0,no_match
40632,2025,4,South Florida,Miami,Trent Sorensen,0,no_match
40633,2025,4,South Florida,Miami,Wilson Ratings,0,no_match
40748,2025,4,Western Michigan,Illinois,Beta_Rank,0,no_match
40749,2025,4,Western Michigan,Illinois,CFB Geek,0,no_match
40750,2025,4,Western Michigan,Illinois,CFB Graphs,0,no_match
40751,2025,4,Western Michigan,Illinois,CFB Victory,0,no_match
40752,2025,4,Western Michigan,Illinois,Congrove,0,no_match
40753,2025,4,Western Michigan,Illinois,DRatings,0,no_match
40754,2025,4,Western Michigan,Illinois,David Sasser,0,no_match
40755,2025,4,Western Michigan,Illinois,Dokter Entropy,0,no_match
40756,2025,4,Western Michigan,Illinois,ESPN FPI,0,no_match
40757,2025,4,Western Michigan,Illinois,Harville,0,no_match
40758,2025,4,Western Michigan,Illinois,JP+,0,no_match
40759,2025,4,Western Michigan,Illinois,John Harris,0,no_match
40760,2025,4,Western Michigan,Illinois,KFord,0,no_match
40761,2025,4,Western Michigan,Illinois,Keeper,0,no_match
40762,2025,4,Western Michigan,Illinois,Massey,0,no_match
40763,2025,4,Western Michigan,Illinois,Matt Grissom,0,no_match
40764,2025,4,Western Michigan,Illinois,McIllece Sports,0,no_match
40765,2025,4,Western Michigan,Illinois,Moore Ratings,0,no_match
40766,2025,4,Western Michigan,Illinois,OddsTrader AI,0,no_match
40767,2025,4,Western Michigan,Illinois,PEARatings,0,no_match
40768,2025,4,Western Michigan,Illinois,PiRate,0,no_match
40769,2025,4,Western Michigan,Illinois,PiRate: Bias,0,no_match
40770,2025,4,Western Michigan,Illinois,PiRate: Mean,0,no_match
40771,2025,4,Western Michigan,Illinois,Power Rank,0,no_match
40772,2025,4,Western Michigan,Illinois,Professor Sides,0,no_match
40773,2025,4,Western Michigan,Illinois,Room44 Bets,0,no_match
40774,2025,4,Western Michigan,Illinois,Ryder Analytics,0,no_match
40775,2025,4,Western Michigan,Illinois,SP+,0,no_match
40776,2025,4,Western Michigan,Illinois,Sagarin,0,no_match
40777,2025,4,Western Michigan,Illinois,Sagarin: Golden,0,no_match
40778,2025,4,Western Michigan,Illinois,Sagarin: Predictor,0,no_match
40779,2025,4,Western Michigan,Illinois,Sagarin: Recent,0,no_match
40780,2025,4,Western Michigan,Illinois,SportsLine,0,no_match
40781,2025,4,Western Michigan,Illinois,SportsRatings,0,no_match
40782,2025,4,Western Michigan,Illinois,TShoe Index,0,no_match
40783,2025,4,Western Michigan,Illinois,TeamRankings,0,no_match
40784,2025,4,Western Michigan,Illinois,Trent Sorensen,0,no_match
40785,2025,4,Western Michigan,Illinois,Wilson Ratings,0,no_match
41090,2025,5,Delaware,Florida International,Beta_Rank,0,no_match
41091,2025,5,Delaware,Florida International,CFB Geek,0,no_match
41092,2025,5,Delaware,Florida International,CFB Graphs,0,no_match
41093,2025,5,Delaware,Florida International,CFB Victory,0,no_match
41094,2025,5,Delaware,Florida International,Congrove,0,no_match
41095,2025,5,Delaware,Florida International,DRatings,0,no_match
41096,2025,5,Delaware,Florida International,David Sasser,0,no_match
41097,2025,5,Delaware,Florida International,Dokter Entropy,0,no_match
41098,2025,5,Delaware,Florida International,ESPN FPI,0,no_match
41099,2025,5,Delaware,Florida International,Harville,0,no_match
41100,2025,5,Delaware,Florida International,JP+,0,no_match
41101,2025,5,Delaware,Florida International,John Harris,0,no_match
41102,2025,5,Delaware,Florida International,KFord,0,no_match
41103,2025,5,Delaware,Florida International,Keeper,0,no_match
41104,2025,5,Delaware,Florida International,Massey,0,no_match
41105,2025,5,Delaware,Florida International,Matt Grissom,0,no_match
41106,2025,5,Delaware,Florida International,McIllece Sports,0,no_match
41107,2025,5,Delaware,Florida International,Moore Ratings,0,no_match
41108,2025,5,Delaware,Florida International,OddsTrader AI,0,no_match
41109,2025,5,Delaware,Florida International,PEARatings,0,no_match
41110,2025,5,Delaware,Florida International,PiRate,0,no_match
41111,2025,5,Delaware,Florida International,PiRate: Bias,0,no_match
41112,2025,5,Delaware,Florida International,PiRate: Mean,0,no_match
41113,2025,5,Delaware,Florida International,Power Rank,0,no_match
41114,2025,5,Delaware,Florida International,Professor Sides,0,no_match
41115,2025,5,Delaware,Florida International,Room44 Bets,0,no_match
41116,2025,5,Delaware,Florida International,Ryder Analytics,0,no_match
41117,2025,5,Delaware,Florida International,SP+,0,no_match
41118,2025,5,Delaware,Florida International,Sagarin,0,no_match
41119,2025,5,Delaware,Florida International,Sagarin: Golden,0,no_match
41120,2025,5,Delaware,Florida International,Sagarin: Predictor,0,no_match
41121,2025,5,Delaware,Florida International,Sagarin: Recent,0,no_match
41122,2025,5,Delaware,Florida International,SportsLine,0,no_match
41123,2025,5,Delaware,Florida International,SportsRatings,0,no_match
41124,2025,5,Delaware,Florida International,TShoe Index,0,no_match
41125,2025,5,Delaware,Florida International,TeamRankings,0,no_match
41126,2025,5,Delaware,Florida International,Trent Sorensen,0,no_match
41127,2025,5,Delaware,Florida International,Wilson Ratings,0,no_match
41204,2025,5,Kent State,Florida State,Beta_Rank,0,no_match
41205,2025,5,Kent State,Florida State,CFB Geek,0,no_match
41206,2025,5,Kent State,Florida State,CFB Graphs,0,no_match
41207,2025,5,Kent State,Florida State,CFB Victory,0,no_match
41208,2025,5,Kent State,Florida State,Congrove,0,no_match
41209,2025,5,Kent State,Florida State,DRatings,0,no_match
41210,2025,5,Kent State,Florida State,David Sasser,0,no_match
41211,2025,5,Kent State,Florida State,Dokter Entropy,0,no_match
41212,2025,5,Kent State,Florida State,ESPN FPI,0,no_match
41213,2025,5,Kent State,Florida State,Harville,0,no_match
41214,2025,5,Kent State,Florida State,JP+,0,no_match
41215,2025,5,Kent State,Florida State,John Harris,0,no_match
41216,2025,5,Kent State,Florida State,KFord,0,no_match
41217,2025,5,Kent State,Florida State,Keeper,0,no_match
41218,2025,5,Kent State,Florida State,Massey,0,no_match
41219,2025,5,Kent State,Florida State,Matt Grissom,0,no_match
41220,2025,5,Kent State,Florida State,McIllece Sports,0,no_match
41221,2025,5,Kent State,Florida State,Moore Ratings,0,no_match
41222,2025,5,Kent State,Florida State,OddsTrader AI,0,no_match
41223,2025,5,Kent State,Florida State,PEARatings,0,no_match
41224,2025,5,Kent State,Florida State,PiRate,0,no_match
41225,2025,5,Kent State,Florida State,PiRate: Bias,0,no_match
41226,2025,5,Kent State,Florida State,PiRate: Mean,0,no_match
41227,2025,5,Kent State,Florida State,Power Rank,0,no_match
41228,2025,5,Kent State,Florida State,Professor Sides,0,no_match
41229,2025,5,Kent State,Florida State,Room44 Bets,0,no_match
41230,2025,5,Kent State,Florida State,Ryder Analytics,0,no_match
41231,2025,5,Kent State,Florida State,SP+,0,no_match
41232,2025,5,Kent State,Florida State,Sagarin,0,no_match
41233,2025,5,Kent State,Florida State,Sagarin: Golden,0,no_match
41234,2025,5,Kent State,Florida State,Sagarin: Predictor,0,no_match
41235,2025,5,Kent State,Florida State,Sagarin: Recent,0,no_match
41236,2025,5,Kent State,Florida State,SportsLine,0,no_match
41237,2025,5,Kent State,Florida State,SportsRatings,0,no_match
41238,2025,5,Kent State,Florida State,TShoe Index,0,no_match
41239,2025,5,Kent State,Florida State,TeamRankings,0,no_match
41240,2025,5,Kent State,Florida State,Trent Sorensen,0,no_match
41241,2025,5,Kent State,Florida State,Wilson Ratings,0,no_match
41242,2025,5,Louisiana,Eastern Michigan,Beta_Rank,0,no_match
41243,2025,5,Louisiana,Eastern Michigan,CFB Geek,0,no_match
41244,2025,5,Louisiana,Eastern Michigan,CFB Graphs,0,no_match
41245,2025,5,Louisiana,Eastern Michigan,CFB Victory,0,no_match
41246,2025,5,Louisiana,Eastern Michigan,Congrove,0,no_match
41247,2025,5,Louisiana,Eastern Michigan,DRatings,0,no_match
41248,2025,5,Louisiana,Eastern Michigan,David Sasser,0,no_match
41249,2025,5,Louisiana,Eastern Michigan,Dokter Entropy,0,no_match
41250,2025,5,Louisiana,Eastern Michigan,ESPN FPI,0,no_match
41251,2025,5,Louisiana,Eastern Michigan,Harville,0,no_match
41252,2025,5,Louisiana,Eastern Michigan,JP+,0,no_match
41253,2025,5,Louisiana,Eastern Michigan,John Harris,0,no_match
41254,2025,5,Louisiana,Eastern Michigan,KFord,0,no_match
41255,2025,5,Louisiana,Eastern Michigan,Keeper,0,no_match
41256,2025,5,Louisiana,Eastern Michigan,Massey,0,no_match
41257,2025,5,Louisiana,Eastern Michigan,Matt Grissom,0,no_match
41258,2025,5,Louisiana,Eastern Michigan,McIllece Sports,0,no_match
41259,2025,5,Louisiana,Eastern Michigan,Moore Ratings,0,no_match
41260,2025,5,Louisiana,Eastern Michigan,OddsTrader AI,0,no_match
41261,2025,5,Louisiana,Eastern Michigan,PEARatings,0,no_match
41262,2025,5,Louisiana,Eastern Michigan,PiRate,0,no_match
41263,2025,5,Louisiana,Eastern Michigan,PiRate: Bias,0,no_match
41264,2025,5,Louisiana,Eastern Michigan,PiRate: Mean,0,no_match
41265,2025,5,Louisiana,Eastern Michigan,Power Rank,0,no_match
41266,2025,5,Louisiana,Eastern Michigan,Professor Sides,0,no_match
41267,2025,5,Louisiana,Eastern Michigan,Room44 Bets,0,no_match
41268,2025,5,Louisiana,Eastern Michigan,Ryder Analytics,0,no_match
41269,2025,5,Louisiana,Eastern Michigan,SP+,0,no_match
41270,2025,5,Louisiana,Eastern Michigan,Sagarin,0,no_match
41271,2025,5,Louisiana,Eastern Michigan,Sagarin: Golden,0,no_match
41272,2025,5,Louisiana,Eastern Michigan,Sagarin: Predictor,0,no_match
41273,2025,5,Louisiana,Eastern Michigan,Sagarin: Recent,0,no_match
41274,2025,5,Louisiana,Eastern Michigan,SportsLine,0,no_match
41275,2025,5,Louisiana,Eastern Michigan,SportsRatings,0,no_match
41276,2025,5,Louisiana,Eastern Michigan,TShoe Index,0,no_match
41277,2025,5,Louisiana,Eastern Michigan,TeamRankings,0,no_match
41278,2025,5,Louisiana,Eastern Michigan,Trent Sorensen,0,no_match
41279,2025,5,Louisiana,Eastern Michigan,Wilson Ratings,0,no_match
41280,2025,5,Marshall,Middle Tennessee,Beta_Rank,0,no_match
41281,2025,5,Marshall,Middle Tennessee,CFB Geek,0,no_match
41282,2025,5,Marshall,Middle Tennessee,CFB Graphs,0,no_match
41283,2025,5,Marshall,Middle Tennessee,CFB Victory,0,no_match
41284,2025,5,Marshall,Middle Tennessee,Congrove,0,no_match
41285,2025,5,Marshall,Middle Tennessee,DRatings,0,no_match
41286,2025,5,Marshall,Middle Tennessee,David Sasser,0,no_match
41287,2025,5,Marshall,Middle Tennessee,Dokter Entropy,0,no_match
41288,2025,5,Marshall,Middle Tennessee,ESPN FPI,0,no_match
41289,2025,5,Marshall,Middle Tennessee,Harville,0,no_match
41290,2025,5,Marshall,Middle Tennessee,JP+,0,no_match
41291,2025,5,Marshall,Middle Tennessee,John Harris,0,no_match
41292,2025,5,Marshall,Middle Tennessee,KFord,0,no_match
41293,2025,5,Marshall,Middle Tennessee,Keeper,0,no_match
41294,2025,5,Marshall,Middle Tennessee,Massey,0,no_match
41295,2025,5,Marshall,Middle Tennessee,Matt Grissom,0,no_match
41296,2025,5,Marshall,Middle Tennessee,McIllece Sports,0,no_match
41297,2025,5,Marshall,Middle Tennessee,Moore Ratings,0,no_match
41298,2025,5,Marshall,Middle Tennessee,OddsTrader AI,0,no_match
41299,2025,5,Marshall,Middle Tennessee,PEARatings,0,no_match
41300,2025,5,Marshall,Middle Tennessee,PiRate,0,no_match
41301,2025,5,Marshall,Middle Tennessee,PiRate: Bias,0,no_match
41302,2025,5,Marshall,Middle Tennessee,PiRate: Mean,0,no_match
41303,2025,5,Marshall,Middle Tennessee,Power Rank,0,no_match
41304,2025,5,Marshall,Middle Tennessee,Professor Sides,0,no_match
41305,2025,5,Marshall,Middle Tennessee,Room44 Bets,0,no_match
41306,2025,5,Marshall,Middle Tennessee,Ryder Analytics,0,no_match
41307,2025,5,Marshall,Middle Tennessee,SP+,0,no_match
41308,2025,5,Marshall,Middle Tennessee,Sagarin,0,no_match
41309,2025,5,Marshall,Middle Tennessee,Sagarin: Golden,0,no_match
41310,2025,5,Marshall,Middle Tennessee,Sagarin: Predictor,0,no_match
41311,2025,5,Marshall,Middle Tennessee,Sagarin: Recent,0,no_match
41312,2025,5,Marshall,Middle Tennessee,SportsLine,0,no_match
41313,2025,5,Marshall,Middle Tennessee,SportsRatings,0,no_match
41314,2025,5,Marshall,Middle Tennessee,TShoe Index,0,no_match
41315,2025,5,Marshall,Middle Tennessee,TeamRankings,0,no_match
41316,2025,5,Marshall,Middle Tennessee,Trent Sorensen,0,no_match
41317,2025,5,Marshall,Middle Tennessee,Wilson Ratings,0,no_match
41546,2025,5,Northern Illinois,Mississippi State,Beta_Rank,0,no_match
41547,2025,5,Northern Illinois,Mississippi State,CFB Geek,0,no_match
41548,2025,5,Northern Illinois,Mississippi State,CFB Graphs,0,no_match
41549,2025,5,Northern Illinois,Mississippi State,CFB Victory,0,no_match
41550,2025,5,Northern Illinois,Mississippi State,Congrove,0,no_match
41551,2025,5,Northern Illinois,Mississippi State,DRatings,0,no_match
41552,2025,5,Northern Illinois,Mississippi State,David Sasser,0,no_match
41553,2025,5,Northern Illinois,Mississippi State,Dokter Entropy,0,no_match
41554,2025,5,Northern Illinois,Mississippi State,ESPN FPI,0,no_match
41555,2025,5,Northern Illinois,Mississippi State,Harville,0,no_match
41556,2025,5,Northern Illinois,Mississippi State,JP+,0,no_match
41557,2025,5,Northern Illinois,Mississippi State,John Harris,0,no_match
41558,2025,5,Northern Illinois,Mississippi State,KFord,0,no_match
41559,2025,5,Northern Illinois,Mississippi State,Keeper,0,no_match
41560,2025,5,Northern Illinois,Mississippi State,Massey,0,no_match
41561,2025,5,Northern Illinois,Mississippi State,Matt Grissom,0,no_match
41562,2025,5,Northern Illinois,Mississippi State,McIllece Sports,0,no_match
41563,2025,5,Northern Illinois,Mississippi State,Moore Ratings,0,no_match
41564,2025,5,Northern Illinois,Mississippi State,OddsTrader AI,0,no_match
41565,2025,5,Northern Illinois,Mississippi State,PEARatings,0,no_match
41566,2025,5,Northern Illinois,Mississippi State,PiRate,0,no_match
41567,2025,5,Northern Illinois,Mississippi State,PiRate: Bias,0,no_match
41568,2025,5,Northern Illinois,Mississippi State,PiRate: Mean,0,no_match
41569,2025,5,Northern Illinois,Mississippi State,Power Rank,0,no_match
41570,2025,5,Northern Illinois,Mississippi State,Professor Sides,0,no_match
41571,2025,5,Northern Illinois,Mississippi State,Room44 Bets,0,no_match
41572,2025,5,Northern Illinois,Mississippi State,Ryder Analytics,0,no_match
41573,2025,5,Northern Illinois,Mississippi State,SP+,0,no_match
41574,2025,5,Northern Illinois,Mississippi State,Sagarin,0,no_match
41575,2025,5,Northern Illinois,Mississippi State,Sagarin: Golden,0,no_match
41576,2025,5,Northern Illinois,Mississippi State,Sagarin: Predictor,0,no_match
41577,2025,5,Northern Illinois,Mississippi State,Sagarin: Recent,0,no_match
41578,2025,5,Northern Illinois,Mississippi State,SportsLine,0,no_match
41579,2025,5,Northern Illinois,Mississippi State,SportsRatings,0,no_match
41580,2025,5,Northern Illinois,Mississippi State,TShoe Index,0,no_match
41581,2025,5,Northern Illinois,Mississippi State,TeamRankings,0,no_match
41582,2025,5,Northern Illinois,Mississippi State,Trent Sorensen,0,no_match
41583,2025,5,Northern Illinois,Mississippi State,Wilson Ratings,0,no_match
41888,2025,5,Toledo,Western Michigan,Beta_Rank,0,no_match
41889,2025,5,Toledo,Western Michigan,CFB Geek,0,no_match
41890,2025,5,Toledo,Western Michigan,CFB Graphs,0,no_match
41891,2025,5,Toledo,Western Michigan,CFB Victory,0,no_match
41892,2025,5,Toledo,Western Michigan,Congrove,0,no_match
41893,2025,5,Toledo,Western Michigan,DRatings,0,no_match
41894,2025,5,Toledo,Western Michigan,David Sasser,0,no_match
41895,2025,5,Toledo,Western Michigan,Dokter Entropy,0,no_match
41896,2025,5,Toledo,Western Michigan,ESPN FPI,0,no_match
41897,2025,5,Toledo,Western Michigan,Harville,0,no_match
41898,2025,5,Toledo,Western Michigan,JP+,0,no_match
41899,2025,5,Toledo,Western Michigan,John Harris,0,no_match
41900,2025,5,Toledo,Western Michigan,KFord,0,no_match
41901,2025,5,Toledo,Western Michigan,Keeper,0,no_match
41902,2025,5,Toledo,Western Michigan,Massey,0,no_match
41903,2025,5,Toledo,Western Michigan,Matt Grissom,0,no_match
41904,2025,5,Toledo,Western Michigan,McIllece Sports,0,no_match
41905,2025,5,Toledo,Western Michigan,Moore Ratings,0,no_match
41906,2025,5,Toledo,Western Michigan,OddsTrader AI,0,no_match
41907,2025,5,Toledo,Western Michigan,PEARatings,0,no_match
41908,2025,5,Toledo,Western Michigan,PiRate,0,no_match
41909,2025,5,Toledo,Western Michigan,PiRate: Bias,0,no_match
41910,2025,5,Toledo,Western Michigan,PiRate: Mean,0,no_match
41911,2025,5,Toledo,Western Michigan,Power Rank,0,no_match
41912,2025,5,Toledo,Western Michigan,Professor Sides,0,no_match
41913,2025,5,Toledo,Western Michigan,Room44 Bets,0,no_match
41914,2025,5,Toledo,Western Michigan,Ryder Analytics,0,no_match
41915,2025,5,Toledo,Western Michigan,SP+,0,no_match
41916,2025,5,Toledo,Western Michigan,Sagarin,0,no_match
41917,2025,5,Toledo,Western Michigan,Sagarin: Golden,0,no_match
41918,2025,5,Toledo,Western Michigan,Sagarin: Predictor,0,no_match
41919,2025,5,Toledo,Western Michigan,Sagarin: Recent,0,no_match
41920,2025,5,Toledo,Western Michigan,SportsLine,0,no_match
41921,2025,5,Toledo,Western Michigan,SportsRatings,0,no_match
41922,2025,5,Toledo,Western Michigan,TShoe Index,0,no_match
41923,2025,5,Toledo,Western Michigan,TeamRankings,0,no_match
41924,2025,5,Toledo,Western Michigan,Trent Sorensen,0,no_match
41925,2025,5,Toledo,Western Michigan,Wilson Ratings,0,no_match
41926,2025,5,Troy,Buffalo,Beta_Rank,0,no_match
41927,2025,5,Troy,Buffalo,CFB Geek,0,no_match
41928,2025,5,Troy,Buffalo,CFB Graphs,0,no_match
41929,2025,5,Troy,Buffalo,CFB Victory,0,no_match
41930,2025,5,Troy,Buffalo,Congrove,0,no_match
41931,2025,5,Troy,Buffalo,DRatings,0,no_match
41932,2025,5,Troy,Buffalo,David Sasser,0,no_match
41933,2025,5,Troy,Buffalo,Dokter Entropy,0,no_match
41934,2025,5,Troy,Buffalo,ESPN FPI,0,no_match
41935,2025,5,Troy,Buffalo,Harville,0,no_match
41936,2025,5,Troy,Buffalo,JP+,0,no_match
41937,2025,5,Troy,Buffalo,John Harris,0,no_match
41938,2025,5,Troy,Buffalo,KFord,0,no_match
41939,2025,5,Troy,Buffalo,Keeper,0,no_match
41940,2025,5,Troy,Buffalo,Massey,0,no_match
41941,2025,5,Troy,Buffalo,Matt Grissom,0,no_match
41942,2025,5,Troy,Buffalo,McIllece Sports,0,no_match
41943,2025,5,Troy,Buffalo,Moore Ratings,0,no_match
41944,2025,5,Troy,Buffalo,OddsTrader AI,0,no_match
41945,2025,5,Troy,Buffalo,PEARatings,0,no_match
41946,2025,5,Troy,Buffalo,PiRate,0,no_match
41947,2025,5,Troy,Buffalo,PiRate: Bias,0,no_match
41948,2025,5,Troy,Buffalo,PiRate: Mean,0,no_match
41949,2025,5,Troy,Buffalo,Power Rank,0,no_match
41950,2025,5,Troy,Buffalo,Professor Sides,0,no_match
41951,2025,5,Troy,Buffalo,Room44 Bets,0,no_match
41952,2025,5,Troy,Buffalo,Ryder Analytics,0,no_match
41953,2025,5,Troy,Buffalo,SP+,0,no_match
41954,2025,5,Troy,Buffalo,Sagarin,0,no_match
41955,2025,5,Troy,Buffalo,Sagarin: Golden,0,no_match
41956,2025,5,Troy,Buffalo,Sagarin: Predictor,0,no_match
41957,2025,5,Troy,Buffalo,Sagarin: Recent,0,no_match
41958,2025,5,Troy,Buffalo,SportsLine,0,no_match
41959,2025,5,Troy,Buffalo,SportsRatings,0,no_match
41960,2025,5,Troy,Buffalo,TShoe Index,0,no_match
41961,2025,5,Troy,Buffalo,TeamRankings,0,no_match
41962,2025,5,Troy,Buffalo,Trent Sorensen,0,no_match
41963,2025,5,Troy,Buffalo,Wilson Ratings,0,no_match
42078,2025,5,UNLV,Miami OH,Beta_Rank,0,no_match
42079,2025,5,UNLV,Miami OH,CFB Geek,0,no_match
42080,2025,5,UNLV,Miami OH,CFB Graphs,0,no_match
42081,2025,5,UNLV,Miami OH,CFB Victory,0,no_match
42082,2025,5,UNLV,Miami OH,Congrove,0,no_match
42083,2025,5,UNLV,Miami OH,DRatings,0,no_match
42084,2025,5,UNLV,Miami OH,David Sasser,0,no_match
42085,2025,5,UNLV,Miami OH,Dokter Entropy,0,no_match
42086,2025,5,UNLV,Miami OH,ESPN FPI,0,no_match
42087,2025,5,UNLV,Miami OH,Harville,0,no_match
42088,2025,5,UNLV,Miami OH,JP+,0,no_match
42089,2025,5,UNLV,Miami OH,John Harris,0,no_match
42090,2025,5,UNLV,Miami OH,KFord,0,no_match
42091,2025,5,UNLV,Miami OH,Keeper,0,no_match
42092,2025,5,UNLV,Miami OH,Massey,0,no_match
42093,2025,5,UNLV,Miami OH,Matt Grissom,0,no_match
42094,2025,5,UNLV,Miami OH,McIllece Sports,0,no_match
42095,2025,5,UNLV,Miami OH,Moore Ratings,0,no_match
42096,2025,5,UNLV,Miami OH,OddsTrader AI,0,no_match
42097,2025,5,UNLV,Miami OH,PEARatings,0,no_match
42098,2025,5,UNLV,Miami OH,PiRate,0,no_match
42099,2025,5,UNLV,Miami OH,PiRate: Bias,0,no_match
42100,2025,5,UNLV,Miami OH,PiRate: Mean,0,no_match
42101,2025,5,UNLV,Miami OH,Power Rank,0,no_match
42102,2025,5,UNLV,Miami OH,Professor Sides,0,no_match
42103,2025,5,UNLV,Miami OH,Room44 Bets,0,no_match
42104,2025,5,UNLV,Miami OH,Ryder Analytics,0,no_match
42105,2025,5,UNLV,Miami OH,SP+,0,no_match
42106,2025,5,UNLV,Miami OH,Sagarin,0,no_match
42107,2025,5,UNLV,Miami OH,Sagarin: Golden,0,no_match
42108,2025,5,UNLV,Miami OH,Sagarin: Predictor,0,no_match
42109,2025,5,UNLV,Miami OH,Sagarin: Recent,0,no_match
42110,2025,5,UNLV,Miami OH,SportsLine,0,no_match
42111,2025,5,UNLV,Miami OH,SportsRatings,0,no_match
42112,2025,5,UNLV,Miami OH,TShoe Index,0,no_match
42113,2025,5,UNLV,Miami OH,TeamRankings,0,no_match
42114,2025,5,UNLV,Miami OH,Trent Sorensen,0,no_match
42115,2025,5,UNLV,Miami OH,Wilson Ratings,0,no_match
42116,2025,5,West Virginia,Kansas,Beta_Rank,0,no_match
42117,2025,5,West Virginia,Kansas,CFB Geek,0,no_match
42118,2025,5,West Virginia,Kansas,CFB Graphs,0,no_match
42119,2025,5,West Virginia,Kansas,CFB Victory,0,no_match
42120,2025,5,West Virginia,Kansas,Congrove,0,no_match
42121,2025,5,West Virginia,Kansas,DRatings,0,no_match
42122,2025,5,West Virginia,Kansas,David Sasser,0,no_match
42123,2025,5,West Virginia,Kansas,Dokter Entropy,0,no_match
42124,2025,5,West Virginia,Kansas,ESPN FPI,0,no_match
42125,2025,5,West Virginia,Kansas,Harville,0,no_match
42126,2025,5,West Virginia,Kansas,JP+,0,no_match
42127,2025,5,West Virginia,Kansas,John Harris,0,no_match
42128,2025,5,West Virginia,Kansas,KFord,0,no_match
42129,2025,5,West Virginia,Kansas,Keeper,0,no_match
42130,2025,5,West Virginia,Kansas,Massey,0,no_match
42131,2025,5,West Virginia,Kansas,Matt Grissom,0,no_match
42132,2025,5,West Virginia,Kansas,McIllece Sports,0,no_match
42133,2025,5,West Virginia,Kansas,Moore Ratings,0,no_match
42134,2025,5,West Virginia,Kansas,OddsTrader AI,0,no_match
42135,2025,5,West Virginia,Kansas,PEARatings,0,no_match
42136,2025,5,West Virginia,Kansas,PiRate,0,no_match
42137,2025,5,West Virginia,Kansas,PiRate: Bias,0,no_match
42138,2025,5,West Virginia,Kansas,PiRate: Mean,0,no_match
42139,2025,5,West Virginia,Kansas,Power Rank,0,no_match
42140,2025,5,West Virginia,Kansas,Professor Sides,0,no_match
42141,2025,5,West Virginia,Kansas,Room44 Bets,0,no_match
42142,2025,5,West Virginia,Kansas,Ryder Analytics,0,no_match
42143,2025,5,West Virginia,Kansas,SP+,0,no_match
42144,2025,5,West Virginia,Kansas,Sagarin,0,no_match
42145,2025,5,West Virginia,Kansas,Sagarin: Golden,0,no_match
42146,2025,5,West Virginia,Kansas,Sagarin: Predictor,0,no_match
42147,2025,5,West Virginia,Kansas,Sagarin: Recent,0,no_match
42148,2025,5,West Virginia,Kansas,SportsLine,0,no_match
42149,2025,5,West Virginia,Kansas,SportsRatings,0,no_match
42150,2025,5,West Virginia,Kansas,TShoe Index,0,no_match
42151,2025,5,West Virginia,Kansas,TeamRankings,0,no_match
42152,2025,5,West Virginia,Kansas,Trent Sorensen,0,no_match
42153,2025,5,West Virginia,Kansas,Wilson Ratings,0,no_match
42534,2025,6,Eastern Michigan,Central Michigan,Beta_Rank,0,no_match
42535,2025,6,Eastern Michigan,Central Michigan,CFB Geek,0,no_match
42536,2025,6,Eastern Michigan,Central Michigan,CFB Graphs,0,no_match
42537,2025,6,Eastern Michigan,Central Michigan,CFB Victory,0,no_match
42538,2025,6,Eastern Michigan,Central Michigan,Congrove,0,no_match
42539,2025,6,Eastern Michigan,Central Michigan,DRatings,0,no_match
42540,2025,6,Eastern Michigan,Central Michigan,David Sasser,0,no_match
42541,2025,6,Eastern Michigan,Central Michigan,Dokter Entropy,0,no_match
42542,2025,6,Eastern Michigan,Central Michigan,ESPN FPI,0,no_match
42543,2025,6,Eastern Michigan,Central Michigan,Harville,0,no_match
42544,2025,6,Eastern Michigan,Central Michigan,JP+,0,no_match
42545,2025,6,Eastern Michigan,Central Michigan,John Harris,0,no_match
42546,2025,6,Eastern Michigan,Central Michigan,KFord,0,no_match
42547,2025,6,Eastern Michigan,Central Michigan,Keeper,0,no_match
42548,2025,6,Eastern Michigan,Central Michigan,Massey,0,no_match
42549,2025,6,Eastern Michigan,Central Michigan,Matt Grissom,0,no_match
42550,2025,6,Eastern Michigan,Central Michigan,McIllece Sports,0,no_match
42551,2025,6,Eastern Michigan,Central Michigan,Moore Ratings,0,no_match
42552,2025,6,Eastern Michigan,Central Michigan,OddsTrader AI,0,no_match
42553,2025,6,Eastern Michigan,Central Michigan,PEARatings,0,no_match
42554,2025,6,Eastern Michigan,Central Michigan,PiRate,0,no_match
42555,2025,6,Eastern Michigan,Central Michigan,PiRate: Bias,0,no_match
42556,2025,6,Eastern Michigan,Central Michigan,PiRate: Mean,0,no_match
42557,2025,6,Eastern Michigan,Central Michigan,Power Rank,0,no_match
42558,2025,6,Eastern Michigan,Central Michigan,Professor Sides,0,no_match
42559,2025,6,Eastern Michigan,Central Michigan,Room44 Bets,0,no_match
42560,2025,6,Eastern Michigan,Central Michigan,Ryder Analytics,0,no_match
42561,2025,6,Eastern Michigan,Central Michigan,SP+,0,no_match
42562,2025,6,Eastern Michigan,Central Michigan,Sagarin,0,no_match
42563,2025,6,Eastern Michigan,Central Michigan,Sagarin: Golden,0,no_match
42564,2025,6,Eastern Michigan,Central Michigan,Sagarin: Predictor,0,no_match
42565,2025,6,Eastern Michigan,Central Michigan,Sagarin: Recent,0,no_match
42566,2025,6,Eastern Michigan,Central Michigan,SportsLine,0,no_match
42567,2025,6,Eastern Michigan,Central Michigan,SportsRatings,0,no_match
42568,2025,6,Eastern Michigan,Central Michigan,TShoe Index,0,no_match
42569,2025,6,Eastern Michigan,Central Michigan,TeamRankings,0,no_match
42570,2025,6,Eastern Michigan,Central Michigan,Trent Sorensen,0,no_match
42571,2025,6,Eastern Michigan,Central Michigan,Wilson Ratings,0,no_match
42914,2025,6,Middle Tennessee,Kennesaw State,OddsTrader AI,0,no_match
43104,2025,6,San Diego State,Northern Illinois,Beta_Rank,0,no_match
43105,2025,6,San Diego State,Northern Illinois,CFB Geek,0,no_match
43106,2025,6,San Diego State,Northern Illinois,CFB Graphs,0,no_match
43107,2025,6,San Diego State,Northern Illinois,CFB Victory,0,no_match
43108,2025,6,San Diego State,Northern Illinois,Congrove,0,no_match
43109,2025,6,San Diego State,Northern Illinois,DRatings,0,no_match
43110,2025,6,San Diego State,Northern Illinois,David Sasser,0,no_match
43111,2025,6,San Diego State,Northern Illinois,Dokter Entropy,0,no_match
43112,2025,6,San Diego State,Northern Illinois,ESPN FPI,0,no_match
43113,2025,6,San Diego State,Northern Illinois,Harville,0,no_match
43114,2025,6,San Diego State,Northern Illinois,JP+,0,no_match
43115,2025,6,San Diego State,Northern Illinois,John Harris,0,no_match
43116,2025,6,San Diego State,Northern Illinois,KFord,0,no_match
43117,2025,6,San Diego State,Northern Illinois,Keeper,0,no_match
43118,2025,6,San Diego State,Northern Illinois,Massey,0,no_match
43119,2025,6,San Diego State,Northern Illinois,Matt Grissom,0,no_match
43120,2025,6,San Diego State,Northern Illinois,McIllece Sports,0,no_match
43121,2025,6,San Diego State,Northern Illinois,Moore Ratings,0,no_match
43122,2025,6,San Diego State,Northern Illinois,OddsTrader AI,0,no_match
43123,2025,6,San Diego State,Northern Illinois,PEARatings,0,no_match
43124,2025,6,San Diego State,Northern Illinois,PiRate,0,no_match
43125,2025,6,San Diego State,Northern Illinois,PiRate: Bias,0,no_match
43126,2025,6,San Diego State,Northern Illinois,PiRate: Mean,0,no_match
43127,2025,6,San Diego State,Northern Illinois,Power Rank,0,no_match
43128,2025,6,San Diego State,Northern Illinois,Professor Sides,0,no_match
43129,2025,6,San Diego State,Northern Illinois,Room44 Bets,0,no_match
43130,2025,6,San Diego State,Northern Illinois,Ryder Analytics,0,no_match
43131,2025,6,San Diego State,Northern Illinois,SP+,0,no_match
43132,2025,6,San Diego State,Northern Illinois,Sagarin,0,no_match
43133,2025,6,San Diego State,Northern Illinois,Sagarin: Golden,0,no_match
43134,2025,6,San Diego State,Northern Illinois,Sagarin: Predictor,0,no_match
43135,2025,6,San Diego State,Northern Illinois,Sagarin: Recent,0,no_match
43136,2025,6,San Diego State,Northern Illinois,SportsLine,0,no_match
43137,2025,6,San Diego State,Northern Illinois,SportsRatings,0,no_match
43138,2025,6,San Diego State,Northern Illinois,TShoe Index,0,no_match
43139,2025,6,San Diego State,Northern Illinois,TeamRankings,0,no_match
43140,2025,6,San Diego State,Northern Illinois,Trent Sorensen,0,no_match
43141,2025,6,San Diego State,Northern Illinois,Wilson Ratings,0,no_match
43408,2025,6,Utah,West Virginia,Beta_Rank,0,no_match
43409,2025,6,Utah,West Virginia,CFB Geek,0,no_match
43410,2025,6,Utah,West Virginia,CFB Graphs,0,no_match
43411,2025,6,Utah,West Virginia,CFB Victory,0,no_match
43412,2025,6,Utah,West Virginia,Congrove,0,no_match
43413,2025,6,Utah,West Virginia,DRatings,0,no_match
43414,2025,6,Utah,West Virginia,David Sasser,0,no_match
43415,2025,6,Utah,West Virginia,Dokter Entropy,0,no_match
43416,2025,6,Utah,West Virginia,ESPN FPI,0,no_match
43417,2025,6,Utah,West Virginia,Harville,0,no_match
43418,2025,6,Utah,West Virginia,JP+,0,no_match
43419,2025,6,Utah,West Virginia,John Harris,0,no_match
43420,2025,6,Utah,West Virginia,KFord,0,no_match
43421,2025,6,Utah,West Virginia,Keeper,0,no_match
43422,2025,6,Utah,West Virginia,Massey,0,no_match
43423,2025,6,Utah,West Virginia,Matt Grissom,0,no_match
43424,2025,6,Utah,West Virginia,McIllece Sports,0,no_match
43425,2025,6,Utah,West Virginia,Moore Ratings,0,no_match
43426,2025,6,Utah,West Virginia,OddsTrader AI,0,no_match
43427,2025,6,Utah,West Virginia,PEARatings,0,no_match
43428,2025,6,Utah,West Virginia,PiRate,0,no_match
43429,2025,6,Utah,West Virginia,PiRate: Bias,0,no_match
43430,2025,6,Utah,West Virginia,PiRate: Mean,0,no_match
43431,2025,6,Utah,West Virginia,Power Rank,0,no_match
43432,2025,6,Utah,West Virginia,Professor Sides,0,no_match
43433,2025,6,Utah,West Virginia,Room44 Bets,0,no_match
43434,2025,6,Utah,West Virginia,Ryder Analytics,0,no_match
43435,2025,6,Utah,West Virginia,SP+,0,no_match
43436,2025,6,Utah,West Virginia,Sagarin,0,no_match
43437,2025,6,Utah,West Virginia,Sagarin: Golden,0,no_match
43438,2025,6,Utah,West Virginia,Sagarin: Predictor,0,no_match
43439,2025,6,Utah,West Virginia,Sagarin: Recent,0,no_match
43440,2025,6,Utah,West Virginia,SportsLine,0,no_match
43441,2025,6,Utah,West Virginia,SportsRatings,0,no_match
43442,2025,6,Utah,West Virginia,TShoe Index,0,no_match
43443,2025,6,Utah,West Virginia,TeamRankings,0,no_match
43444,2025,6,Utah,West Virginia,Trent Sorensen,0,no_match
43445,2025,6,Utah,West Virginia,Wilson Ratings,0,no_match
43636,2025,7,Central Michigan,Akron,Beta_Rank,0,no_match
43637,2025,7,Central Michigan,Akron,CFB Geek,0,no_match
43638,2025,7,Central Michigan,Akron,CFB Graphs,0,no_match
43639,2025,7,Central Michigan,Akron,CFB Victory,0,no_match
43640,2025,7,Central Michigan,Akron,Congrove,0,no_match
43641,2025,7,Central Michigan,Akron,DRatings,0,no_match
43642,2025,7,Central Michigan,Akron,David Sasser,0,no_match
43643,2025,7,Central Michigan,Akron,Dokter Entropy,0,no_match
43644,2025,7,Central Michigan,Akron,ESPN FPI,0,no_match
43645,2025,7,Central Michigan,Akron,Harville,0,no_match
43646,2025,7,Central Michigan,Akron,JP+,0,no_match
43647,2025,7,Central Michigan,Akron,John Harris,0,no_match
43648,2025,7,Central Michigan,Akron,KFord,0,no_match
43649,2025,7,Central Michigan,Akron,Keeper,0,no_match
43650,2025,7,Central Michigan,Akron,Massey,0,no_match
43651,2025,7,Central Michigan,Akron,Matt Grissom,0,no_match
43652,2025,7,Central Michigan,Akron,McIllece Sports,0,no_match
43653,2025,7,Central Michigan,Akron,Moore Ratings,0,no_match
43654,2025,7,Central Michigan,Akron,OddsTrader AI,0,no_match
43655,2025,7,Central Michigan,Akron,PEARatings,0,no_match
43656,2025,7,Central Michigan,Akron,PiRate,0,no_match
43657,2025,7,Central Michigan,Akron,PiRate: Bias,0,no_match
43658,2025,7,Central Michigan,Akron,PiRate: Mean,0,no_match
43659,2025,7,Central Michigan,Akron,Power Rank,0,no_match
43660,2025,7,Central Michigan,Akron,Professor Sides,0,no_match
43661,2025,7,Central Michigan,Akron,Room44 Bets,0,no_match
43662,2025,7,Central Michigan,Akron,Ryder Analytics,0,no_match
43663,2025,7,Central Michigan,Akron,SP+,0,no_match
43664,2025,7,Central Michigan,Akron,Sagarin,0,no_match
43665,2025,7,Central Michigan,Akron,Sagarin: Golden,0,no_match
43666,2025,7,Central Michigan,Akron,Sagarin: Predictor,0,no_match
43667,2025,7,Central Michigan,Akron,Sagarin: Recent,0,no_match
43668,2025,7,Central Michigan,Akron,SportsLine,0,no_match
43669,2025,7,Central Michigan,Akron,SportsRatings,0,no_match
43670,2025,7,Central Michigan,Akron,TShoe Index,0,no_match
43671,2025,7,Central Michigan,Akron,TeamRankings,0,no_match
43672,2025,7,Central Michigan,Akron,Trent Sorensen,0,no_match
43673,2025,7,Central Michigan,Akron,Wilson Ratings,0,no_match
43788,2025,7,Eastern Michigan,Buffalo,Beta_Rank,0,no_match
43789,2025,7,Eastern Michigan,Buffalo,CFB Geek,0,no_match
43790,2025,7,Eastern Michigan,Buffalo,CFB Graphs,0,no_match
43791,2025,7,Eastern Michigan,Buffalo,CFB Victory,0,no_match
43792,2025,7,Eastern Michigan,Buffalo,Congrove,0,no_match
43793,2025,7,Eastern Michigan,Buffalo,DRatings,0,no_match
43794,2025,7,Eastern Michigan,Buffalo,David Sasser,0,no_match
43795,2025,7,Eastern Michigan,Buffalo,Dokter Entropy,0,no_match
43796,2025,7,Eastern Michigan,Buffalo,ESPN FPI,0,no_match
43797,2025,7,Eastern Michigan,Buffalo,Harville,0,no_match
43798,2025,7,Eastern Michigan,Buffalo,JP+,0,no_match
43799,2025,7,Eastern Michigan,Buffalo,John Harris,0,no_match
43800,2025,7,Eastern Michigan,Buffalo,KFord,0,no_match
43801,2025,7,Eastern Michigan,Buffalo,Keeper,0,no_match
43802,2025,7,Eastern Michigan,Buffalo,Massey,0,no_match
43803,2025,7,Eastern Michigan,Buffalo,Matt Grissom,0,no_match
43804,2025,7,Eastern Michigan,Buffalo,McIllece Sports,0,no_match
43805,2025,7,Eastern Michigan,Buffalo,Moore Ratings,0,no_match
43806,2025,7,Eastern Michigan,Buffalo,OddsTrader AI,0,no_match
43807,2025,7,Eastern Michigan,Buffalo,PEARatings,0,no_match
43808,2025,7,Eastern Michigan,Buffalo,PiRate,0,no_match
43809,2025,7,Eastern Michigan,Buffalo,PiRate: Bias,0,no_match
43810,2025,7,Eastern Michigan,Buffalo,PiRate: Mean,0,no_match
43811,2025,7,Eastern Michigan,Buffalo,Power Rank,0,no_match
43812,2025,7,Eastern Michigan,Buffalo,Professor Sides,0,no_match
43813,2025,7,Eastern Michigan,Buffalo,Room44 Bets,0,no_match
43814,2025,7,Eastern Michigan,Buffalo,Ryder Analytics,0,no_match
43815,2025,7,Eastern Michigan,Buffalo,SP+,0,no_match
43816,2025,7,Eastern Michigan,Buffalo,Sagarin,0,no_match
43817,2025,7,Eastern Michigan,Buffalo,Sagarin: Golden,0,no_match
43818,2025,7,Eastern Michigan,Buffalo,Sagarin: Predictor,0,no_match
43819,2025,7,Eastern Michigan,Buffalo,Sagarin: Recent,0,no_match
43820,2025,7,Eastern Michigan,Buffalo,SportsLine,0,no_match
43821,2025,7,Eastern Michigan,Buffalo,SportsRatings,0,no_match
43822,2025,7,Eastern Michigan,Buffalo,TShoe Index,0,no_match
43823,2025,7,Eastern Michigan,Buffalo,TeamRankings,0,no_match
43824,2025,7,Eastern Michigan,Buffalo,Trent Sorensen,0,no_match
43825,2025,7,Eastern Michigan,Buffalo,Wilson Ratings,0,no_match
43826,2025,7,Florida International,Connecticut,Beta_Rank,0,no_match
43827,2025,7,Florida International,Connecticut,CFB Geek,0,no_match
43828,2025,7,Florida International,Connecticut,CFB Graphs,0,no_match
43829,2025,7,Florida International,Connecticut,CFB Victory,0,no_match
43830,2025,7,Florida International,Connecticut,Congrove,0,no_match
43831,2025,7,Florida International,Connecticut,DRatings,0,no_match
43832,2025,7,Florida International,Connecticut,David Sasser,0,no_match
43833,2025,7,Florida International,Connecticut,Dokter Entropy,0,no_match
43834,2025,7,Florida International,Connecticut,ESPN FPI,0,no_match
43835,2025,7,Florida International,Connecticut,Harville,0,no_match
43836,2025,7,Florida International,Connecticut,JP+,0,no_match
43837,2025,7,Florida International,Connecticut,John Harris,0,no_match
43838,2025,7,Florida International,Connecticut,KFord,0,no_match
43839,2025,7,Florida International,Connecticut,Keeper,0,no_match
43840,2025,7,Florida International,Connecticut,Massey,0,no_match
43841,2025,7,Florida International,Connecticut,Matt Grissom,0,no_match
43842,2025,7,Florida International,Connecticut,McIllece Sports,0,no_match
43843,2025,7,Florida International,Connecticut,Moore Ratings,0,no_match
43844,2025,7,Florida International,Connecticut,OddsTrader AI,0,no_match
43845,2025,7,Florida International,Connecticut,PEARatings,0,no_match
43846,2025,7,Florida International,Connecticut,PiRate,0,no_match
43847,2025,7,Florida International,Connecticut,PiRate: Bias,0,no_match
43848,2025,7,Florida International,Connecticut,PiRate: Mean,0,no_match
43849,2025,7,Florida International,Connecticut,Power Rank,0,no_match
43850,2025,7,Florida International,Connecticut,Professor Sides,0,no_match
43851,2025,7,Florida International,Connecticut,Room44 Bets,0,no_match
43852,2025,7,Florida International,Connecticut,Ryder Analytics,0,no_match
43853,2025,7,Florida International,Connecticut,SP+,0,no_match
43854,2025,7,Florida International,Connecticut,Sagarin,0,no_match
43855,2025,7,Florida International,Connecticut,Sagarin: Golden,0,no_match
43856,2025,7,Florida International,Connecticut,Sagarin: Predictor,0,no_match
43857,2025,7,Florida International,Connecticut,Sagarin: Recent,0,no_match
43858,2025,7,Florida International,Connecticut,SportsLine,0,no_match
43859,2025,7,Florida International,Connecticut,SportsRatings,0,no_match
43860,2025,7,Florida International,Connecticut,TShoe Index,0,no_match
43861,2025,7,Florida International,Connecticut,TeamRankings,0,no_match
43862,2025,7,Florida International,Connecticut,Trent Sorensen,0,no_match
43863,2025,7,Florida International,Connecticut,Wilson Ratings,0,no_match
44016,2025,7,Kent State,Oklahoma,Beta_Rank,0,no_match
44017,2025,7,Kent State,Oklahoma,CFB Geek,0,no_match
44018,2025,7,Kent State,Oklahoma,CFB Graphs,0,no_match
44019,2025,7,Kent State,Oklahoma,CFB Victory,0,no_match
44020,2025,7,Kent State,Oklahoma,Congrove,0,no_match
44021,2025,7,Kent State,Oklahoma,DRatings,0,no_match
44022,2025,7,Kent State,Oklahoma,David Sasser,0,no_match
44023,2025,7,Kent State,Oklahoma,Dokter Entropy,0,no_match
44024,2025,7,Kent State,Oklahoma,ESPN FPI,0,no_match
44025,2025,7,Kent State,Oklahoma,Harville,0,no_match
44026,2025,7,Kent State,Oklahoma,JP+,0,no_match
44027,2025,7,Kent State,Oklahoma,John Harris,0,no_match
44028,2025,7,Kent State,Oklahoma,KFord,0,no_match
44029,2025,7,Kent State,Oklahoma,Keeper,0,no_match
44030,2025,7,Kent State,Oklahoma,Massey,0,no_match
44031,2025,7,Kent State,Oklahoma,Matt Grissom,0,no_match
44032,2025,7,Kent State,Oklahoma,McIllece Sports,0,no_match
44033,2025,7,Kent State,Oklahoma,Moore Ratings,0,no_match
44034,2025,7,Kent State,Oklahoma,OddsTrader AI,0,no_match
44035,2025,7,Kent State,Oklahoma,PEARatings,0,no_match
44036,2025,7,Kent State,Oklahoma,PiRate,0,no_match
44037,2025,7,Kent State,Oklahoma,PiRate: Bias,0,no_match
44038,2025,7,Kent State,Oklahoma,PiRate: Mean,0,no_match
44039,2025,7,Kent State,Oklahoma,Power Rank,0,no_match
44040,2025,7,Kent State,Oklahoma,Professor Sides,0,no_match
44041,2025,7,Kent State,Oklahoma,Room44 Bets,0,no_match
44042,2025,7,Kent State,Oklahoma,Ryder Analytics,0,no_match
44043,2025,7,Kent State,Oklahoma,SP+,0,no_match
44044,2025,7,Kent State,Oklahoma,Sagarin,0,no_match
44045,2025,7,Kent State,Oklahoma,Sagarin: Golden,0,no_match
44046,2025,7,Kent State,Oklahoma,Sagarin: Predictor,0,no_match
44047,2025,7,Kent State,Oklahoma,Sagarin: Recent,0,no_match
44048,2025,7,Kent State,Oklahoma,SportsLine,0,no_match
44049,2025,7,Kent State,Oklahoma,SportsRatings,0,no_match
44050,2025,7,Kent State,Oklahoma,TShoe Index,0,no_match
44051,2025,7,Kent State,Oklahoma,TeamRankings,0,no_match
44052,2025,7,Kent State,Oklahoma,Trent Sorensen,0,no_match
44053,2025,7,Kent State,Oklahoma,Wilson Ratings,0,no_match
44092,2025,7,Miami OH,Northern Illinois,Beta_Rank,0,no_match
44093,2025,7,Miami OH,Northern Illinois,CFB Geek,0,no_match
44094,2025,7,Miami OH,Northern Illinois,CFB Graphs,0,no_match
44095,2025,7,Miami OH,Northern Illinois,CFB Victory,0,no_match
44096,2025,7,Miami OH,Northern Illinois,Congrove,0,no_match
44097,2025,7,Miami OH,Northern Illinois,DRatings,0,no_match
44098,2025,7,Miami OH,Northern Illinois,David Sasser,0,no_match
44099,2025,7,Miami OH,Northern Illinois,Dokter Entropy,0,no_match
44100,2025,7,Miami OH,Northern Illinois,ESPN FPI,0,no_match
44101,2025,7,Miami OH,Northern Illinois,Harville,0,no_match
44102,2025,7,Miami OH,Northern Illinois,JP+,0,no_match
44103,2025,7,Miami OH,Northern Illinois,John Harris,0,no_match
44104,2025,7,Miami OH,Northern Illinois,KFord,0,no_match
44105,2025,7,Miami OH,Northern Illinois,Keeper,0,no_match
44106,2025,7,Miami OH,Northern Illinois,Massey,0,no_match
44107,2025,7,Miami OH,Northern Illinois,Matt Grissom,0,no_match
44108,2025,7,Miami OH,Northern Illinois,McIllece Sports,0,no_match
44109,2025,7,Miami OH,Northern Illinois,Moore Ratings,0,no_match
44110,2025,7,Miami OH,Northern Illinois,OddsTrader AI,0,no_match
44111,2025,7,Miami OH,Northern Illinois,PEARatings,0,no_match
44112,2025,7,Miami OH,Northern Illinois,PiRate,0,no_match
44113,2025,7,Miami OH,Northern Illinois,PiRate: Bias,0,no_match
44114,2025,7,Miami OH,Northern Illinois,PiRate: Mean,0,no_match
44115,2025,7,Miami OH,Northern Illinois,Power Rank,0,no_match
44116,2025,7,Miami OH,Northern Illinois,Professor Sides,0,no_match
44117,2025,7,Miami OH,Northern Illinois,Room44 Bets,0,no_match
44118,2025,7,Miami OH,Northern Illinois,Ryder Analytics,0,no_match
44119,2025,7,Miami OH,Northern Illinois,SP+,0,no_match
44120,2025,7,Miami OH,Northern Illinois,Sagarin,0,no_match
44121,2025,7,Miami OH,Northern Illinois,Sagarin: Golden,0,no_match
44122,2025,7,Miami OH,Northern Illinois,Sagarin: Predictor,0,no_match
44123,2025,7,Miami OH,Northern Illinois,Sagarin: Recent,0,no_match
44124,2025,7,Miami OH,Northern Illinois,SportsLine,0,no_match
44125,2025,7,Miami OH,Northern Illinois,SportsRatings,0,no_match
44126,2025,7,Miami OH,Northern Illinois,TShoe Index,0,no_match
44127,2025,7,Miami OH,Northern Illinois,TeamRankings,0,no_match
44128,2025,7,Miami OH,Northern Illinois,Trent Sorensen,0,no_match
44129,2025,7,Miami OH,Northern Illinois,Wilson Ratings,0,no_match
44320,2025,7,Sam Houston,New Mexico State,Beta_Rank,0,no_match
44321,2025,7,Sam Houston,New Mexico State,CFB Geek,0,no_match
44322,2025,7,Sam Houston,New Mexico State,CFB Graphs,0,no_match
44323,2025,7,Sam Houston,New Mexico State,CFB Victory,0,no_match
44324,2025,7,Sam Houston,New Mexico State,Congrove,0,no_match
44325,2025,7,Sam Houston,New Mexico State,DRatings,0,no_match
44326,2025,7,Sam Houston,New Mexico State,David Sasser,0,no_match
44327,2025,7,Sam Houston,New Mexico State,Dokter Entropy,0,no_match
44328,2025,7,Sam Houston,New Mexico State,ESPN FPI,0,no_match
44329,2025,7,Sam Houston,New Mexico State,Harville,0,no_match
44330,2025,7,Sam Houston,New Mexico State,JP+,0,no_match
44331,2025,7,Sam Houston,New Mexico State,John Harris,0,no_match
44332,2025,7,Sam Houston,New Mexico State,KFord,0,no_match
44333,2025,7,Sam Houston,New Mexico State,Keeper,0,no_match
44334,2025,7,Sam Houston,New Mexico State,Massey,0,no_match
44335,2025,7,Sam Houston,New Mexico State,Matt Grissom,0,no_match
44336,2025,7,Sam Houston,New Mexico State,McIllece Sports,0,no_match
44337,2025,7,Sam Houston,New Mexico State,Moore Ratings,0,no_match
44338,2025,7,Sam Houston,New Mexico State,OddsTrader AI,0,no_match
44339,2025,7,Sam Houston,New Mexico State,PEARatings,0,no_match
44340,2025,7,Sam Houston,New Mexico State,PiRate,0,no_match
44341,2025,7,Sam Houston,New Mexico State,PiRate: Bias,0,no_match
44342,2025,7,Sam Houston,New Mexico State,PiRate: Mean,0,no_match
44343,2025,7,Sam Houston,New Mexico State,Power Rank,0,no_match
44344,2025,7,Sam Houston,New Mexico State,Professor Sides,0,no_match
44345,2025,7,Sam Houston,New Mexico State,Room44 Bets,0,no_match
44346,2025,7,Sam Houston,New Mexico State,Ryder Analytics,0,no_match
44347,2025,7,Sam Houston,New Mexico State,SP+,0,no_match
44348,2025,7,Sam Houston,New Mexico State,Sagarin,0,no_match
44349,2025,7,Sam Houston,New Mexico State,Sagarin: Golden,0,no_match
44350,2025,7,Sam Houston,New Mexico State,Sagarin: Predictor,0,no_match
44351,2025,7,Sam Houston,New Mexico State,Sagarin: Recent,0,no_match
44352,2025,7,Sam Houston,New Mexico State,SportsLine,0,no_match
44353,2025,7,Sam Houston,New Mexico State,SportsRatings,0,no_match
44354,2025,7,Sam Houston,New Mexico State,TShoe Index,0,no_match
44355,2025,7,Sam Houston,New Mexico State,TeamRankings,0,no_match
44356,2025,7,Sam Houston,New Mexico State,Trent Sorensen,0,no_match
44357,2025,7,Sam Houston,New Mexico State,Wilson Ratings,0,no_match
44662,2025,7,West Virginia,BYU,Beta_Rank,0,no_match
44663,2025,7,West Virginia,BYU,CFB Geek,0,no_match
44664,2025,7,West Virginia,BYU,CFB Graphs,0,no_match
44665,2025,7,West Virginia,BYU,CFB Victory,0,no_match
44666,2025,7,West Virginia,BYU,Congrove,0,no_match
44667,2025,7,West Virginia,BYU,DRatings,0,no_match
44668,2025,7,West Virginia,BYU,David Sasser,0,no_match
44669,2025,7,West Virginia,BYU,Dokter Entropy,0,no_match
44670,2025,7,West Virginia,BYU,ESPN FPI,0,no_match
44671,2025,7,West Virginia,BYU,Harville,0,no_match
44672,2025,7,West Virginia,BYU,JP+,0,no_match
44673,2025,7,West Virginia,BYU,John Harris,0,no_match
44674,2025,7,West Virginia,BYU,KFord,0,no_match
44675,2025,7,West Virginia,BYU,Keeper,0,no_match
44676,2025,7,West Virginia,BYU,Massey,0,no_match
44677,2025,7,West Virginia,BYU,Matt Grissom,0,no_match
44678,2025,7,West Virginia,BYU,McIllece Sports,0,no_match
44679,2025,7,West Virginia,BYU,Moore Ratings,0,no_match
44680,2025,7,West Virginia,BYU,OddsTrader AI,0,no_match
44681,2025,7,West Virginia,BYU,PEARatings,0,no_match
44682,2025,7,West Virginia,BYU,PiRate,0,no_match
44683,2025,7,West Virginia,BYU,PiRate: Bias,0,no_match
44684,2025,7,West Virginia,BYU,PiRate: Mean,0,no_match
44685,2025,7,West Virginia,BYU,Power Rank,0,no_match
44686,2025,7,West Virginia,BYU,Professor Sides,0,no_match
44687,2025,7,West Virginia,BYU,Room44 Bets,0,no_match
44688,2025,7,West Virginia,BYU,Ryder Analytics,0,no_match
44689,2025,7,West Virginia,BYU,SP+,0,no_match
44690,2025,7,West Virginia,BYU,Sagarin,0,no_match
44691,2025,7,West Virginia,BYU,Sagarin: Golden,0,no_match
44692,2025,7,West Virginia,BYU,Sagarin: Predictor,0,no_match
44693,2025,7,West Virginia,BYU,Sagarin: Recent,0,no_match
44694,2025,7,West Virginia,BYU,SportsLine,0,no_match
44695,2025,7,West Virginia,BYU,SportsRatings,0,no_match
44696,2025,7,West Virginia,BYU,TShoe Index,0,no_match
44697,2025,7,West Virginia,BYU,TeamRankings,0,no_match
44698,2025,7,West Virginia,BYU,Trent Sorensen,0,no_match
44699,2025,7,West Virginia,BYU,Wilson Ratings,0,no_match
44738,2025,7,Western Michigan,Massachusetts,Beta_Rank,0,no_match
44739,2025,7,Western Michigan,Massachusetts,CFB Geek,0,no_match
44740,2025,7,Western Michigan,Massachusetts,CFB Graphs,0,no_match
44741,2025,7,Western Michigan,Massachusetts,CFB Victory,0,no_match
44742,2025,7,Western Michigan,Massachusetts,Congrove,0,no_match
44743,2025,7,Western Michigan,Massachusetts,DRatings,0,no_match
44744,2025,7,Western Michigan,Massachusetts,David Sasser,0,no_match
44745,2025,7,Western Michigan,Massachusetts,Dokter Entropy,0,no_match
44746,2025,7,Western Michigan,Massachusetts,ESPN FPI,0,no_match
44747,2025,7,Western Michigan,Massachusetts,Harville,0,no_match
44748,2025,7,Western Michigan,Massachusetts,JP+,0,no_match
44749,2025,7,Western Michigan,Massachusetts,John Harris,0,no_match
44750,2025,7,Western Michigan,Massachusetts,KFord,0,no_match
44751,2025,7,Western Michigan,Massachusetts,Keeper,0,no_match
44752,2025,7,Western Michigan,Massachusetts,Massey,0,no_match
44753,2025,7,Western Michigan,Massachusetts,Matt Grissom,0,no_match
44754,2025,7,Western Michigan,Massachusetts,McIllece Sports,0,no_match
44755,2025,7,Western Michigan,Massachusetts,Moore Ratings,0,no_match
44756,2025,7,Western Michigan,Massachusetts,OddsTrader AI,0,no_match
44757,2025,7,Western Michigan,Massachusetts,PEARatings,0,no_match
44758,2025,7,Western Michigan,Massachusetts,PiRate,0,no_match
44759,2025,7,Western Michigan,Massachusetts,PiRate: Bias,0,no_match
44760,2025,7,Western Michigan,Massachusetts,PiRate: Mean,0,no_match
44761,2025,7,Western Michigan,Massachusetts,Power Rank,0,no_match
44762,2025,7,Western Michigan,Massachusetts,Professor Sides,0,no_match
44763,2025,7,Western Michigan,Massachusetts,Room44 Bets,0,no_match
44764,2025,7,Western Michigan,Massachusetts,Ryder Analytics,0,no_match
44765,2025,7,Western Michigan,Massachusetts,SP+,0,no_match
44766,2025,7,Western Michigan,Massachusetts,Sagarin,0,no_match
44767,2025,7,Western Michigan,Massachusetts,Sagarin: Golden,0,no_match
44768,2025,7,Western Michigan,Massachusetts,Sagarin: Predictor,0,no_match
44769,2025,7,Western Michigan,Massachusetts,Sagarin: Recent,0,no_match
44770,2025,7,Western Michigan,Massachusetts,SportsLine,0,no_match
44771,2025,7,Western Michigan,Massachusetts,SportsRatings,0,no_match
44772,2025,7,Western Michigan,Massachusetts,TShoe Index,0,no_match
44773,2025,7,Western Michigan,Massachusetts,TeamRankings,0,no_match
44774,2025,7,Western Michigan,Massachusetts,Trent Sorensen,0,no_match
44775,2025,7,Western Michigan,Massachusetts,Wilson Ratings,0,no_match
44928,2025,8,Ball State,Western Michigan,Beta_Rank,0,no_match
44929,2025,8,Ball State,Western Michigan,CFB Geek,0,no_match
44930,2025,8,Ball State,Western Michigan,CFB Graphs,0,no_match
44931,2025,8,Ball State,Western Michigan,CFB Victory,0,no_match
44932,2025,8,Ball State,Western Michigan,Congrove,0,no_match
44933,2025,8,Ball State,Western Michigan,DRatings,0,no_match
44934,2025,8,Ball State,Western Michigan,David Sasser,0,no_match
44935,2025,8,Ball State,Western Michigan,Dokter Entropy,0,no_match
44936,2025,8,Ball State,Western Michigan,ESPN FPI,0,no_match
44937,2025,8,Ball State,Western Michigan,Harville,0,no_match
44938,2025,8,Ball State,Western Michigan,JP+,0,no_match
44939,2025,8,Ball State,Western Michigan,John Harris,0,no_match
44940,2025,8,Ball State,Western Michigan,KFord,0,no_match
44941,2025,8,Ball State,Western Michigan,Keeper,0,no_match
44942,2025,8,Ball State,Western Michigan,Massey,0,no_match
44943,2025,8,Ball State,Western Michigan,Matt Grissom,0,no_match
44944,2025,8,Ball State,Western Michigan,McIllece Sports,0,no_match
44945,2025,8,Ball State,Western Michigan,Moore Ratings,0,no_match
44946,2025,8,Ball State,Western Michigan,OddsTrader AI,0,no_match
44947,2025,8,Ball State,Western Michigan,PEARatings,0,no_match
44948,2025,8,Ball State,Western Michigan,PiRate,0,no_match
44949,2025,8,Ball State,Western Michigan,PiRate: Bias,0,no_match
44950,2025,8,Ball State,Western Michigan,PiRate: Mean,0,no_match
44951,2025,8,Ball State,Western Michigan,Power Rank,0,no_match
44952,2025,8,Ball State,Western Michigan,Professor Sides,0,no_match
44953,2025,8,Ball State,Western Michigan,Room44 Bets,0,no_match
44954,2025,8,Ball State,Western Michigan,Ryder Analytics,0,no_match
44955,2025,8,Ball State,Western Michigan,SP+,0,no_match
44956,2025,8,Ball State,Western Michigan,Sagarin,0,no_match
44957,2025,8,Ball State,Western Michigan,Sagarin: Golden,0,no_match
44958,2025,8,Ball State,Western Michigan,Sagarin: Predictor,0,no_match
44959,2025,8,Ball State,Western Michigan,Sagarin: Recent,0,no_match
44960,2025,8,Ball State,Western Michigan,SportsLine,0,no_match
44961,2025,8,Ball State,Western Michigan,SportsRatings,0,no_match
44962,2025,8,Ball State,Western Michigan,TShoe Index,0,no_match
44963,2025,8,Ball State,Western Michigan,TeamRankings,0,no_match
44964,2025,8,Ball State,Western Michigan,Trent Sorensen,0,no_match
44965,2025,8,Ball State,Western Michigan,Wilson Ratings,0,no_match
45194,2025,8,Jacksonville State,Sam Houston,Beta_Rank,0,no_match
45195,2025,8,Jacksonville State,Sam Houston,CFB Geek,0,no_match
45196,2025,8,Jacksonville State,Sam Houston,CFB Graphs,0,no_match
45197,2025,8,Jacksonville State,Sam Houston,CFB Victory,0,no_match
45198,2025,8,Jacksonville State,Sam Houston,Congrove,0,no_match
45199,2025,8,Jacksonville State,Sam Houston,DRatings,0,no_match
45200,2025,8,Jacksonville State,Sam Houston,David Sasser,0,no_match
45201,2025,8,Jacksonville State,Sam Houston,Dokter Entropy,0,no_match
45202,2025,8,Jacksonville State,Sam Houston,ESPN FPI,0,no_match
45203,2025,8,Jacksonville State,Sam Houston,Harville,0,no_match
45204,2025,8,Jacksonville State,Sam Houston,JP+,0,no_match
45205,2025,8,Jacksonville State,Sam Houston,John Harris,0,no_match
45206,2025,8,Jacksonville State,Sam Houston,KFord,0,no_match
45207,2025,8,Jacksonville State,Sam Houston,Keeper,0,no_match
45208,2025,8,Jacksonville State,Sam Houston,Massey,0,no_match
45209,2025,8,Jacksonville State,Sam Houston,Matt Grissom,0,no_match
45210,2025,8,Jacksonville State,Sam Houston,McIllece Sports,0,no_match
45211,2025,8,Jacksonville State,Sam Houston,Moore Ratings,0,no_match
45212,2025,8,Jacksonville State,Sam Houston,OddsTrader AI,0,no_match
45213,2025,8,Jacksonville State,Sam Houston,PEARatings,0,no_match
45214,2025,8,Jacksonville State,Sam Houston,PiRate,0,no_match
45215,2025,8,Jacksonville State,Sam Houston,PiRate: Bias,0,no_match
45216,2025,8,Jacksonville State,Sam Houston,PiRate: Mean,0,no_match
45217,2025,8,Jacksonville State,Sam Houston,Power Rank,0,no_match
45218,2025,8,Jacksonville State,Sam Houston,Professor Sides,0,no_match
45219,2025,8,Jacksonville State,Sam Houston,Room44 Bets,0,no_match
45220,2025,8,Jacksonville State,Sam Houston,Ryder Analytics,0,no_match
45221,2025,8,Jacksonville State,Sam Houston,SP+,0,no_match
45222,2025,8,Jacksonville State,Sam Houston,Sagarin,0,no_match
45223,2025,8,Jacksonville State,Sam Houston,Sagarin: Golden,0,no_match
45224,2025,8,Jacksonville State,Sam Houston,Sagarin: Predictor,0,no_match
45225,2025,8,Jacksonville State,Sam Houston,Sagarin: Recent,0,no_match
45226,2025,8,Jacksonville State,Sam Houston,SportsLine,0,no_match
45227,2025,8,Jacksonville State,Sam Houston,SportsRatings,0,no_match
45228,2025,8,Jacksonville State,Sam Houston,TShoe Index,0,no_match
45229,2025,8,Jacksonville State,Sam Houston,TeamRankings,0,no_match
45230,2025,8,Jacksonville State,Sam Houston,Trent Sorensen,0,no_match
45231,2025,8,Jacksonville State,Sam Houston,Wilson Ratings,0,no_match
45346,2025,8,Massachusetts,Kent State,Beta_Rank,0,no_match
45347,2025,8,Massachusetts,Kent State,CFB Geek,0,no_match
45348,2025,8,Massachusetts,Kent State,CFB Graphs,0,no_match
45349,2025,8,Massachusetts,Kent State,CFB Victory,0,no_match
45350,2025,8,Massachusetts,Kent State,Congrove,0,no_match
45351,2025,8,Massachusetts,Kent State,DRatings,0,no_match
45352,2025,8,Massachusetts,Kent State,David Sasser,0,no_match
45353,2025,8,Massachusetts,Kent State,Dokter Entropy,0,no_match
45354,2025,8,Massachusetts,Kent State,ESPN FPI,0,no_match
45355,2025,8,Massachusetts,Kent State,Harville,0,no_match
45356,2025,8,Massachusetts,Kent State,JP+,0,no_match
45357,2025,8,Massachusetts,Kent State,John Harris,0,no_match
45358,2025,8,Massachusetts,Kent State,KFord,0,no_match
45359,2025,8,Massachusetts,Kent State,Keeper,0,no_match
45360,2025,8,Massachusetts,Kent State,Massey,0,no_match
45361,2025,8,Massachusetts,Kent State,Matt Grissom,0,no_match
45362,2025,8,Massachusetts,Kent State,McIllece Sports,0,no_match
45363,2025,8,Massachusetts,Kent State,Moore Ratings,0,no_match
45364,2025,8,Massachusetts,Kent State,OddsTrader AI,0,no_match
45365,2025,8,Massachusetts,Kent State,PEARatings,0,no_match
45366,2025,8,Massachusetts,Kent State,PiRate,0,no_match
45367,2025,8,Massachusetts,Kent State,PiRate: Bias,0,no_match
45368,2025,8,Massachusetts,Kent State,PiRate: Mean,0,no_match
45369,2025,8,Massachusetts,Kent State,Power Rank,0,no_match
45370,2025,8,Massachusetts,Kent State,Professor Sides,0,no_match
45371,2025,8,Massachusetts,Kent State,Room44 Bets,0,no_match
45372,2025,8,Massachusetts,Kent State,Ryder Analytics,0,no_match
45373,2025,8,Massachusetts,Kent State,SP+,0,no_match
45374,2025,8,Massachusetts,Kent State,Sagarin,0,no_match
45375,2025,8,Massachusetts,Kent State,Sagarin: Golden,0,no_match
45376,2025,8,Massachusetts,Kent State,Sagarin: Predictor,0,no_match
45377,2025,8,Massachusetts,Kent State,Sagarin: Recent,0,no_match
45378,2025,8,Massachusetts,Kent State,SportsLine,0,no_match
45379,2025,8,Massachusetts,Kent State,SportsRatings,0,no_match
45380,2025,8,Massachusetts,Kent State,TShoe Index,0,no_match
45381,2025,8,Massachusetts,Kent State,TeamRankings,0,no_match
45382,2025,8,Massachusetts,Kent State,Trent Sorensen,0,no_match
45383,2025,8,Massachusetts,Kent State,Wilson Ratings,0,no_match
45384,2025,8,Miami OH,Akron,Beta_Rank,0,no_match
45385,2025,8,Miami OH,Akron,CFB Geek,0,no_match
45386,2025,8,Miami OH,Akron,CFB Graphs,0,no_match
45387,2025,8,Miami OH,Akron,CFB Victory,0,no_match
45388,2025,8,Miami OH,Akron,Congrove,0,no_match
45389,2025,8,Miami OH,Akron,DRatings,0,no_match
45390,2025,8,Miami OH,Akron,David Sasser,0,no_match
45391,2025,8,Miami OH,Akron,Dokter Entropy,0,no_match
45392,2025,8,Miami OH,Akron,ESPN FPI,0,no_match
45393,2025,8,Miami OH,Akron,Harville,0,no_match
45394,2025,8,Miami OH,Akron,JP+,0,no_match
45395,2025,8,Miami OH,Akron,John Harris,0,no_match
45396,2025,8,Miami OH,Akron,KFord,0,no_match
45397,2025,8,Miami OH,Akron,Keeper,0,no_match
45398,2025,8,Miami OH,Akron,Massey,0,no_match
45399,2025,8,Miami OH,Akron,Matt Grissom,0,no_match
45400,2025,8,Miami OH,Akron,McIllece Sports,0,no_match
45401,2025,8,Miami OH,Akron,Moore Ratings,0,no_match
45402,2025,8,Miami OH,Akron,OddsTrader AI,0,no_match
45403,2025,8,Miami OH,Akron,PEARatings,0,no_match
45404,2025,8,Miami OH,Akron,PiRate,0,no_match
45405,2025,8,Miami OH,Akron,PiRate: Bias,0,no_match
45406,2025,8,Miami OH,Akron,PiRate: Mean,0,no_match
45407,2025,8,Miami OH,Akron,Power Rank,0,no_match
45408,2025,8,Miami OH,Akron,Professor Sides,0,no_match
45409,2025,8,Miami OH,Akron,Room44 Bets,0,no_match
45410,2025,8,Miami OH,Akron,Ryder Analytics,0,no_match
45411,2025,8,Miami OH,Akron,SP+,0,no_match
45412,2025,8,Miami OH,Akron,Sagarin,0,no_match
45413,2025,8,Miami OH,Akron,Sagarin: Golden,0,no_match
45414,2025,8,Miami OH,Akron,Sagarin: Predictor,0,no_match
45415,2025,8,Miami OH,Akron,Sagarin: Recent,0,no_match
45416,2025,8,Miami OH,Akron,SportsLine,0,no_match
45417,2025,8,Miami OH,Akron,SportsRatings,0,no_match
45418,2025,8,Miami OH,Akron,TShoe Index,0,no_match
45419,2025,8,Miami OH,Akron,TeamRankings,0,no_match
45420,2025,8,Miami OH,Akron,Trent Sorensen,0,no_match
45421,2025,8,Miami OH,Akron,Wilson Ratings,0,no_match
45422,2025,8,Missouri State,Middle Tennessee,Beta_Rank,0,no_match
45423,2025,8,Missouri State,Middle Tennessee,CFB Geek,0,no_match
45424,2025,8,Missouri State,Middle Tennessee,CFB Graphs,0,no_match
45425,2025,8,Missouri State,Middle Tennessee,CFB Victory,0,no_match
45426,2025,8,Missouri State,Middle Tennessee,Congrove,0,no_match
45427,2025,8,Missouri State,Middle Tennessee,DRatings,0,no_match
45428,2025,8,Missouri State,Middle Tennessee,David Sasser,0,no_match
45429,2025,8,Missouri State,Middle Tennessee,Dokter Entropy,0,no_match
45430,2025,8,Missouri State,Middle Tennessee,ESPN FPI,0,no_match
45431,2025,8,Missouri State,Middle Tennessee,Harville,0,no_match
45432,2025,8,Missouri State,Middle Tennessee,JP+,0,no_match
45433,2025,8,Missouri State,Middle Tennessee,John Harris,0,no_match
45434,2025,8,Missouri State,Middle Tennessee,KFord,0,no_match
45435,2025,8,Missouri State,Middle Tennessee,Keeper,0,no_match
45436,2025,8,Missouri State,Middle Tennessee,Massey,0,no_match
45437,2025,8,Missouri State,Middle Tennessee,Matt Grissom,0,no_match
45438,2025,8,Missouri State,Middle Tennessee,McIllece Sports,0,no_match
45439,2025,8,Missouri State,Middle Tennessee,Moore Ratings,0,no_match
45440,2025,8,Missouri State,Middle Tennessee,OddsTrader AI,0,no_match
45441,2025,8,Missouri State,Middle Tennessee,PEARatings,0,no_match
45442,2025,8,Missouri State,Middle Tennessee,PiRate,0,no_match
45443,2025,8,Missouri State,Middle Tennessee,PiRate: Bias,0,no_match
45444,2025,8,Missouri State,Middle Tennessee,PiRate: Mean,0,no_match
45445,2025,8,Missouri State,Middle Tennessee,Power Rank,0,no_match
45446,2025,8,Missouri State,Middle Tennessee,Professor Sides,0,no_match
45447,2025,8,Missouri State,Middle Tennessee,Room44 Bets,0,no_match
45448,2025,8,Missouri State,Middle Tennessee,Ryder Analytics,0,no_match
45449,2025,8,Missouri State,Middle Tennessee,SP+,0,no_match
45450,2025,8,Missouri State,Middle Tennessee,Sagarin,0,no_match
45451,2025,8,Missouri State,Middle Tennessee,Sagarin: Golden,0,no_match
45452,2025,8,Missouri State,Middle Tennessee,Sagarin: Predictor,0,no_match
45453,2025,8,Missouri State,Middle Tennessee,Sagarin: Recent,0,no_match
45454,2025,8,Missouri State,Middle Tennessee,SportsLine,0,no_match
45455,2025,8,Missouri State,Middle Tennessee,SportsRatings,0,no_match
45456,2025,8,Missouri State,Middle Tennessee,TShoe Index,0,no_match
45457,2025,8,Missouri State,Middle Tennessee,TeamRankings,0,no_match
45458,2025,8,Missouri State,Middle Tennessee,Trent Sorensen,0,no_match
45459,2025,8,Missouri State,Middle Tennessee,Wilson Ratings,0,no_match
45536,2025,8,Northern Illinois,Eastern Michigan,Beta_Rank,0,no_match
45537,2025,8,Northern Illinois,Eastern Michigan,CFB Geek,0,no_match
45538,2025,8,Northern Illinois,Eastern Michigan,CFB Graphs,0,no_match
45539,2025,8,Northern Illinois,Eastern Michigan,CFB Victory,0,no_match
45540,2025,8,Northern Illinois,Eastern Michigan,Congrove,0,no_match
45541,2025,8,Northern Illinois,Eastern Michigan,DRatings,0,no_match
45542,2025,8,Northern Illinois,Eastern Michigan,David Sasser,0,no_match
45543,2025,8,Northern Illinois,Eastern Michigan,Dokter Entropy,0,no_match
45544,2025,8,Northern Illinois,Eastern Michigan,ESPN FPI,0,no_match
45545,2025,8,Northern Illinois,Eastern Michigan,Harville,0,no_match
45546,2025,8,Northern Illinois,Eastern Michigan,JP+,0,no_match
45547,2025,8,Northern Illinois,Eastern Michigan,John Harris,0,no_match
45548,2025,8,Northern Illinois,Eastern Michigan,KFord,0,no_match
45549,2025,8,Northern Illinois,Eastern Michigan,Keeper,0,no_match
45550,2025,8,Northern Illinois,Eastern Michigan,Massey,0,no_match
45551,2025,8,Northern Illinois,Eastern Michigan,Matt Grissom,0,no_match
45552,2025,8,Northern Illinois,Eastern Michigan,McIllece Sports,0,no_match
45553,2025,8,Northern Illinois,Eastern Michigan,Moore Ratings,0,no_match
45554,2025,8,Northern Illinois,Eastern Michigan,OddsTrader AI,0,no_match
45555,2025,8,Northern Illinois,Eastern Michigan,PEARatings,0,no_match
45556,2025,8,Northern Illinois,Eastern Michigan,PiRate,0,no_match
45557,2025,8,Northern Illinois,Eastern Michigan,PiRate: Bias,0,no_match
45558,2025,8,Northern Illinois,Eastern Michigan,PiRate: Mean,0,no_match
45559,2025,8,Northern Illinois,Eastern Michigan,Power Rank,0,no_match
45560,2025,8,Northern Illinois,Eastern Michigan,Professor Sides,0,no_match
45561,2025,8,Northern Illinois,Eastern Michigan,Room44 Bets,0,no_match
45562,2025,8,Northern Illinois,Eastern Michigan,Ryder Analytics,0,no_match
45563,2025,8,Northern Illinois,Eastern Michigan,SP+,0,no_match
45564,2025,8,Northern Illinois,Eastern Michigan,Sagarin,0,no_match
45565,2025,8,Northern Illinois,Eastern Michigan,Sagarin: Golden,0,no_match
45566,2025,8,Northern Illinois,Eastern Michigan,Sagarin: Predictor,0,no_match
45567,2025,8,Northern Illinois,Eastern Michigan,Sagarin: Recent,0,no_match
45568,2025,8,Northern Illinois,Eastern Michigan,SportsLine,0,no_match
45569,2025,8,Northern Illinois,Eastern Michigan,SportsRatings,0,no_match
45570,2025,8,Northern Illinois,Eastern Michigan,TShoe Index,0,no_match
45571,2025,8,Northern Illinois,Eastern Michigan,TeamRankings,0,no_match
45572,2025,8,Northern Illinois,Eastern Michigan,Trent Sorensen,0,no_match
45573,2025,8,Northern Illinois,Eastern Michigan,Wilson Ratings,0,no_match
45840,2025,8,Southern Mississippi,Georgia Southern,Beta_Rank,0,no_match
45841,2025,8,Southern Mississippi,Georgia Southern,CFB Geek,0,no_match
45842,2025,8,Southern Mississippi,Georgia Southern,CFB Graphs,0,no_match
45843,2025,8,Southern Mississippi,Georgia Southern,CFB Victory,0,no_match
45844,2025,8,Southern Mississippi,Georgia Southern,Congrove,0,no_match
45845,2025,8,Southern Mississippi,Georgia Southern,DRatings,0,no_match
45846,2025,8,Southern Mississippi,Georgia Southern,David Sasser,0,no_match
45847,2025,8,Southern Mississippi,Georgia Southern,Dokter Entropy,0,no_match
45848,2025,8,Southern Mississippi,Georgia Southern,ESPN FPI,0,no_match
45849,2025,8,Southern Mississippi,Georgia Southern,Harville,0,no_match
45850,2025,8,Southern Mississippi,Georgia Southern,JP+,0,no_match
45851,2025,8,Southern Mississippi,Georgia Southern,John Harris,0,no_match
45852,2025,8,Southern Mississippi,Georgia Southern,KFord,0,no_match
45853,2025,8,Southern Mississippi,Georgia Southern,Keeper,0,no_match
45854,2025,8,Southern Mississippi,Georgia Southern,Massey,0,no_match
45855,2025,8,Southern Mississippi,Georgia Southern,Matt Grissom,0,no_match
45856,2025,8,Southern Mississippi,Georgia Southern,McIllece Sports,0,no_match
45857,2025,8,Southern Mississippi,Georgia Southern,Moore Ratings,0,no_match
45858,2025,8,Southern Mississippi,Georgia Southern,OddsTrader AI,0,no_match
45859,2025,8,Southern Mississippi,Georgia Southern,PEARatings,0,no_match
45860,2025,8,Southern Mississippi,Georgia Southern,PiRate,0,no_match
45861,2025,8,Southern Mississippi,Georgia Southern,PiRate: Bias,0,no_match
45862,2025,8,Southern Mississippi,Georgia Southern,PiRate: Mean,0,no_match
45863,2025,8,Southern Mississippi,Georgia Southern,Power Rank,0,no_match
45864,2025,8,Southern Mississippi,Georgia Southern,Professor Sides,0,no_match
45865,2025,8,Southern Mississippi,Georgia Southern,Room44 Bets,0,no_match
45866,2025,8,Southern Mississippi,Georgia Southern,Ryder Analytics,0,no_match
45867,2025,8,Southern Mississippi,Georgia Southern,SP+,0,no_match
45868,2025,8,Southern Mississippi,Georgia Southern,Sagarin,0,no_match
45869,2025,8,Southern Mississippi,Georgia Southern,Sagarin: Golden,0,no_match
45870,2025,8,Southern Mississippi,Georgia Southern,Sagarin: Predictor,0,no_match
45871,2025,8,Southern Mississippi,Georgia Southern,Sagarin: Recent,0,no_match
45872,2025,8,Southern Mississippi,Georgia Southern,SportsLine,0,no_match
45873,2025,8,Southern Mississippi,Georgia Southern,SportsRatings,0,no_match
45874,2025,8,Southern Mississippi,Georgia Southern,TShoe Index,0,no_match
45875,2025,8,Southern Mississippi,Georgia Southern,TeamRankings,0,no_match
45876,2025,8,Southern Mississippi,Georgia Southern,Trent Sorensen,0,no_match
45877,2025,8,Southern Mississippi,Georgia Southern,Wilson Ratings,0,no_match
46372,2025,9,Central Michigan,Bowling Green,Beta_Rank,0,no_match
46373,2025,9,Central Michigan,Bowling Green,CFB Geek,0,no_match
46374,2025,9,Central Michigan,Bowling Green,CFB Graphs,0,no_match
46375,2025,9,Central Michigan,Bowling Green,CFB Victory,0,no_match
46376,2025,9,Central Michigan,Bowling Green,Congrove,0,no_match
46377,2025,9,Central Michigan,Bowling Green,DRatings,0,no_match
46378,2025,9,Central Michigan,Bowling Green,David Sasser,0,no_match
46379,2025,9,Central Michigan,Bowling Green,Dokter Entropy,0,no_match
46380,2025,9,Central Michigan,Bowling Green,ESPN FPI,0,no_match
46381,2025,9,Central Michigan,Bowling Green,Harville,0,no_match
46382,2025,9,Central Michigan,Bowling Green,JP+,0,no_match
46383,2025,9,Central Michigan,Bowling Green,John Harris,0,no_match
46384,2025,9,Central Michigan,Bowling Green,KFord,0,no_match
46385,2025,9,Central Michigan,Bowling Green,Keeper,0,no_match
46386,2025,9,Central Michigan,Bowling Green,Massey,0,no_match
46387,2025,9,Central Michigan,Bowling Green,Matt Grissom,0,no_match
46388,2025,9,Central Michigan,Bowling Green,McIllece Sports,0,no_match
46389,2025,9,Central Michigan,Bowling Green,Moore Ratings,0,no_match
46390,2025,9,Central Michigan,Bowling Green,OddsTrader AI,0,no_match
46391,2025,9,Central Michigan,Bowling Green,PEARatings,0,no_match
46392,2025,9,Central Michigan,Bowling Green,PiRate,0,no_match
46393,2025,9,Central Michigan,Bowling Green,PiRate: Bias,0,no_match
46394,2025,9,Central Michigan,Bowling Green,PiRate: Mean,0,no_match
46395,2025,9,Central Michigan,Bowling Green,Power Rank,0,no_match
46396,2025,9,Central Michigan,Bowling Green,Professor Sides,0,no_match
46397,2025,9,Central Michigan,Bowling Green,Room44 Bets,0,no_match
46398,2025,9,Central Michigan,Bowling Green,Ryder Analytics,0,no_match
46399,2025,9,Central Michigan,Bowling Green,SP+,0,no_match
46400,2025,9,Central Michigan,Bowling Green,Sagarin,0,no_match
46401,2025,9,Central Michigan,Bowling Green,Sagarin: Golden,0,no_match
46402,2025,9,Central Michigan,Bowling Green,Sagarin: Predictor,0,no_match
46403,2025,9,Central Michigan,Bowling Green,Sagarin: Recent,0,no_match
46404,2025,9,Central Michigan,Bowling Green,SportsLine,0,no_match
46405,2025,9,Central Michigan,Bowling Green,SportsRatings,0,no_match
46406,2025,9,Central Michigan,Bowling Green,TShoe Index,0,no_match
46407,2025,9,Central Michigan,Bowling Green,TeamRankings,0,no_match
46408,2025,9,Central Michigan,Bowling Green,Trent Sorensen,0,no_match
46409,2025,9,Central Michigan,Bowling Green,Wilson Ratings,0,no_match
46524,2025,9,Eastern Michigan,Miami OH,Beta_Rank,0,no_match
46525,2025,9,Eastern Michigan,Miami OH,CFB Geek,0,no_match
46526,2025,9,Eastern Michigan,Miami OH,CFB Graphs,0,no_match
46527,2025,9,Eastern Michigan,Miami OH,CFB Victory,0,no_match
46528,2025,9,Eastern Michigan,Miami OH,Congrove,0,no_match
46529,2025,9,Eastern Michigan,Miami OH,DRatings,0,no_match
46530,2025,9,Eastern Michigan,Miami OH,David Sasser,0,no_match
46531,2025,9,Eastern Michigan,Miami OH,Dokter Entropy,0,no_match
46532,2025,9,Eastern Michigan,Miami OH,ESPN FPI,0,no_match
46533,2025,9,Eastern Michigan,Miami OH,Harville,0,no_match
46534,2025,9,Eastern Michigan,Miami OH,JP+,0,no_match
46535,2025,9,Eastern Michigan,Miami OH,John Harris,0,no_match
46536,2025,9,Eastern Michigan,Miami OH,KFord,0,no_match
46537,2025,9,Eastern Michigan,Miami OH,Keeper,0,no_match
46538,2025,9,Eastern Michigan,Miami OH,Massey,0,no_match
46539,2025,9,Eastern Michigan,Miami OH,Matt Grissom,0,no_match
46540,2025,9,Eastern Michigan,Miami OH,McIllece Sports,0,no_match
46541,2025,9,Eastern Michigan,Miami OH,Moore Ratings,0,no_match
46542,2025,9,Eastern Michigan,Miami OH,OddsTrader AI,0,no_match
46543,2025,9,Eastern Michigan,Miami OH,PEARatings,0,no_match
46544,2025,9,Eastern Michigan,Miami OH,PiRate,0,no_match
46545,2025,9,Eastern Michigan,Miami OH,PiRate: Bias,0,no_match
46546,2025,9,Eastern Michigan,Miami OH,PiRate: Mean,0,no_match
46547,2025,9,Eastern Michigan,Miami OH,Power Rank,0,no_match
46548,2025,9,Eastern Michigan,Miami OH,Professor Sides,0,no_match
46549,2025,9,Eastern Michigan,Miami OH,Room44 Bets,0,no_match
46550,2025,9,Eastern Michigan,Miami OH,Ryder Analytics,0,no_match
46551,2025,9,Eastern Michigan,Miami OH,SP+,0,no_match
46552,2025,9,Eastern Michigan,Miami OH,Sagarin,0,no_match
46553,2025,9,Eastern Michigan,Miami OH,Sagarin: Golden,0,no_match
46554,2025,9,Eastern Michigan,Miami OH,Sagarin: Predictor,0,no_match
46555,2025,9,Eastern Michigan,Miami OH,Sagarin: Recent,0,no_match
46556,2025,9,Eastern Michigan,Miami OH,SportsLine,0,no_match
46557,2025,9,Eastern Michigan,Miami OH,SportsRatings,0,no_match
46558,2025,9,Eastern Michigan,Miami OH,TShoe Index,0,no_match
46559,2025,9,Eastern Michigan,Miami OH,TeamRankings,0,no_match
46560,2025,9,Eastern Michigan,Miami OH,Trent Sorensen,0,no_match
46561,2025,9,Eastern Michigan,Miami OH,Wilson Ratings,0,no_match
46562,2025,9,Florida International,Western Kentucky,Beta_Rank,0,no_match
46563,2025,9,Florida International,Western Kentucky,CFB Geek,0,no_match
46564,2025,9,Florida International,Western Kentucky,CFB Graphs,0,no_match
46565,2025,9,Florida International,Western Kentucky,CFB Victory,0,no_match
46566,2025,9,Florida International,Western Kentucky,Congrove,0,no_match
46567,2025,9,Florida International,Western Kentucky,DRatings,0,no_match
46568,2025,9,Florida International,Western Kentucky,David Sasser,0,no_match
46569,2025,9,Florida International,Western Kentucky,Dokter Entropy,0,no_match
46570,2025,9,Florida International,Western Kentucky,ESPN FPI,0,no_match
46571,2025,9,Florida International,Western Kentucky,Harville,0,no_match
46572,2025,9,Florida International,Western Kentucky,JP+,0,no_match
46573,2025,9,Florida International,Western Kentucky,John Harris,0,no_match
46574,2025,9,Florida International,Western Kentucky,KFord,0,no_match
46575,2025,9,Florida International,Western Kentucky,Keeper,0,no_match
46576,2025,9,Florida International,Western Kentucky,Massey,0,no_match
46577,2025,9,Florida International,Western Kentucky,Matt Grissom,0,no_match
46578,2025,9,Florida International,Western Kentucky,McIllece Sports,0,no_match
46579,2025,9,Florida International,Western Kentucky,Moore Ratings,0,no_match
46580,2025,9,Florida International,Western Kentucky,OddsTrader AI,0,no_match
46581,2025,9,Florida International,Western Kentucky,PEARatings,0,no_match
46582,2025,9,Florida International,Western Kentucky,PiRate,0,no_match
46583,2025,9,Florida International,Western Kentucky,PiRate: Bias,0,no_match
46584,2025,9,Florida International,Western Kentucky,PiRate: Mean,0,no_match
46585,2025,9,Florida International,Western Kentucky,Power Rank,0,no_match
46586,2025,9,Florida International,Western Kentucky,Professor Sides,0,no_match
46587,2025,9,Florida International,Western Kentucky,Room44 Bets,0,no_match
46588,2025,9,Florida International,Western Kentucky,Ryder Analytics,0,no_match
46589,2025,9,Florida International,Western Kentucky,SP+,0,no_match
46590,2025,9,Florida International,Western Kentucky,Sagarin,0,no_match
46591,2025,9,Florida International,Western Kentucky,Sagarin: Golden,0,no_match
46592,2025,9,Florida International,Western Kentucky,Sagarin: Predictor,0,no_match
46593,2025,9,Florida International,Western Kentucky,Sagarin: Recent,0,no_match
46594,2025,9,Florida International,Western Kentucky,SportsLine,0,no_match
46595,2025,9,Florida International,Western Kentucky,SportsRatings,0,no_match
46596,2025,9,Florida International,Western Kentucky,TShoe Index,0,no_match
46597,2025,9,Florida International,Western Kentucky,TeamRankings,0,no_match
46598,2025,9,Florida International,Western Kentucky,Trent Sorensen,0,no_match
46599,2025,9,Florida International,Western Kentucky,Wilson Ratings,0,no_match
46638,2025,9,Kent State,Toledo,Beta_Rank,0,no_match
46639,2025,9,Kent State,Toledo,CFB Geek,0,no_match
46640,2025,9,Kent State,Toledo,CFB Graphs,0,no_match
46641,2025,9,Kent State,Toledo,CFB Victory,0,no_match
46642,2025,9,Kent State,Toledo,Congrove,0,no_match
46643,2025,9,Kent State,Toledo,DRatings,0,no_match
46644,2025,9,Kent State,Toledo,David Sasser,0,no_match
46645,2025,9,Kent State,Toledo,Dokter Entropy,0,no_match
46646,2025,9,Kent State,Toledo,ESPN FPI,0,no_match
46647,2025,9,Kent State,Toledo,Harville,0,no_match
46648,2025,9,Kent State,Toledo,JP+,0,no_match
46649,2025,9,Kent State,Toledo,John Harris,0,no_match
46650,2025,9,Kent State,Toledo,KFord,0,no_match
46651,2025,9,Kent State,Toledo,Keeper,0,no_match
46652,2025,9,Kent State,Toledo,Massey,0,no_match
46653,2025,9,Kent State,Toledo,Matt Grissom,0,no_match
46654,2025,9,Kent State,Toledo,McIllece Sports,0,no_match
46655,2025,9,Kent State,Toledo,Moore Ratings,0,no_match
46656,2025,9,Kent State,Toledo,OddsTrader AI,0,no_match
46657,2025,9,Kent State,Toledo,PEARatings,0,no_match
46658,2025,9,Kent State,Toledo,PiRate,0,no_match
46659,2025,9,Kent State,Toledo,PiRate: Bias,0,no_match
46660,2025,9,Kent State,Toledo,PiRate: Mean,0,no_match
46661,2025,9,Kent State,Toledo,Power Rank,0,no_match
46662,2025,9,Kent State,Toledo,Professor Sides,0,no_match
46663,2025,9,Kent State,Toledo,Room44 Bets,0,no_match
46664,2025,9,Kent State,Toledo,Ryder Analytics,0,no_match
46665,2025,9,Kent State,Toledo,SP+,0,no_match
46666,2025,9,Kent State,Toledo,Sagarin,0,no_match
46667,2025,9,Kent State,Toledo,Sagarin: Golden,0,no_match
46668,2025,9,Kent State,Toledo,Sagarin: Predictor,0,no_match
46669,2025,9,Kent State,Toledo,Sagarin: Recent,0,no_match
46670,2025,9,Kent State,Toledo,SportsLine,0,no_match
46671,2025,9,Kent State,Toledo,SportsRatings,0,no_match
46672,2025,9,Kent State,Toledo,TShoe Index,0,no_match
46673,2025,9,Kent State,Toledo,TeamRankings,0,no_match
46674,2025,9,Kent State,Toledo,Trent Sorensen,0,no_match
46675,2025,9,Kent State,Toledo,Wilson Ratings,0,no_match
46714,2025,9,Louisville,Miami,Beta_Rank,0,no_match
46715,2025,9,Louisville,Miami,CFB Geek,0,no_match
46716,2025,9,Louisville,Miami,CFB Graphs,0,no_match
46717,2025,9,Louisville,Miami,CFB Victory,0,no_match
46718,2025,9,Louisville,Miami,Congrove,0,no_match
46719,2025,9,Louisville,Miami,DRatings,0,no_match
46720,2025,9,Louisville,Miami,David Sasser,0,no_match
46721,2025,9,Louisville,Miami,Dokter Entropy,0,no_match
46722,2025,9,Louisville,Miami,ESPN FPI,0,no_match
46723,2025,9,Louisville,Miami,Harville,0,no_match
46724,2025,9,Louisville,Miami,JP+,0,no_match
46725,2025,9,Louisville,Miami,John Harris,0,no_match
46726,2025,9,Louisville,Miami,KFord,0,no_match
46727,2025,9,Louisville,Miami,Keeper,0,no_match
46728,2025,9,Louisville,Miami,Massey,0,no_match
46729,2025,9,Louisville,Miami,Matt Grissom,0,no_match
46730,2025,9,Louisville,Miami,McIllece Sports,0,no_match
46731,2025,9,Louisville,Miami,Moore Ratings,0,no_match
46732,2025,9,Louisville,Miami,OddsTrader AI,0,no_match
46733,2025,9,Louisville,Miami,PEARatings,0,no_match
46734,2025,9,Louisville,Miami,PiRate,0,no_match
46735,2025,9,Louisville,Miami,PiRate: Bias,0,no_match
46736,2025,9,Louisville,Miami,PiRate: Mean,0,no_match
46737,2025,9,Louisville,Miami,Power Rank,0,no_match
46738,2025,9,Louisville,Miami,Professor Sides,0,no_match
46739,2025,9,Louisville,Miami,Room44 Bets,0,no_match
46740,2025,9,Louisville,Miami,Ryder Analytics,0,no_match
46741,2025,9,Louisville,Miami,SP+,0,no_match
46742,2025,9,Louisville,Miami,Sagarin,0,no_match
46743,2025,9,Louisville,Miami,Sagarin: Golden,0,no_match
46744,2025,9,Louisville,Miami,Sagarin: Predictor,0,no_match
46745,2025,9,Louisville,Miami,Sagarin: Recent,0,no_match
46746,2025,9,Louisville,Miami,SportsLine,0,no_match
46747,2025,9,Louisville,Miami,SportsRatings,0,no_match
46748,2025,9,Louisville,Miami,TShoe Index,0,no_match
46749,2025,9,Louisville,Miami,TeamRankings,0,no_match
46750,2025,9,Louisville,Miami,Trent Sorensen,0,no_match
46751,2025,9,Louisville,Miami,Wilson Ratings,0,no_match
46942,2025,9,Northern Illinois,Ohio,Beta_Rank,0,no_match
46943,2025,9,Northern Illinois,Ohio,CFB Geek,0,no_match
46944,2025,9,Northern Illinois,Ohio,CFB Graphs,0,no_match
46945,2025,9,Northern Illinois,Ohio,CFB Victory,0,no_match
46946,2025,9,Northern Illinois,Ohio,Congrove,0,no_match
46947,2025,9,Northern Illinois,Ohio,DRatings,0,no_match
46948,2025,9,Northern Illinois,Ohio,David Sasser,0,no_match
46949,2025,9,Northern Illinois,Ohio,Dokter Entropy,0,no_match
46950,2025,9,Northern Illinois,Ohio,ESPN FPI,0,no_match
46951,2025,9,Northern Illinois,Ohio,Harville,0,no_match
46952,2025,9,Northern Illinois,Ohio,JP+,0,no_match
46953,2025,9,Northern Illinois,Ohio,John Harris,0,no_match
46954,2025,9,Northern Illinois,Ohio,KFord,0,no_match
46955,2025,9,Northern Illinois,Ohio,Keeper,0,no_match
46956,2025,9,Northern Illinois,Ohio,Massey,0,no_match
46957,2025,9,Northern Illinois,Ohio,Matt Grissom,0,no_match
46958,2025,9,Northern Illinois,Ohio,McIllece Sports,0,no_match
46959,2025,9,Northern Illinois,Ohio,Moore Ratings,0,no_match
46960,2025,9,Northern Illinois,Ohio,OddsTrader AI,0,no_match
46961,2025,9,Northern Illinois,Ohio,PEARatings,0,no_match
46962,2025,9,Northern Illinois,Ohio,PiRate,0,no_match
46963,2025,9,Northern Illinois,Ohio,PiRate: Bias,0,no_match
46964,2025,9,Northern Illinois,Ohio,PiRate: Mean,0,no_match
46965,2025,9,Northern Illinois,Ohio,Power Rank,0,no_match
46966,2025,9,Northern Illinois,Ohio,Professor Sides,0,no_match
46967,2025,9,Northern Illinois,Ohio,Room44 Bets,0,no_match
46968,2025,9,Northern Illinois,Ohio,Ryder Analytics,0,no_match
46969,2025,9,Northern Illinois,Ohio,SP+,0,no_match
46970,2025,9,Northern Illinois,Ohio,Sagarin,0,no_match
46971,2025,9,Northern Illinois,Ohio,Sagarin: Golden,0,no_match
46972,2025,9,Northern Illinois,Ohio,Sagarin: Predictor,0,no_match
46973,2025,9,Northern Illinois,Ohio,Sagarin: Recent,0,no_match
46974,2025,9,Northern Illinois,Ohio,SportsLine,0,no_match
46975,2025,9,Northern Illinois,Ohio,SportsRatings,0,no_match
46976,2025,9,Northern Illinois,Ohio,TShoe Index,0,no_match
46977,2025,9,Northern Illinois,Ohio,TeamRankings,0,no_match
46978,2025,9,Northern Illinois,Ohio,Trent Sorensen,0,no_match
46979,2025,9,Northern Illinois,Ohio,Wilson Ratings,0,no_match
47284,2025,9,Troy,ULM,Beta_Rank,0,no_match
47285,2025,9,Troy,ULM,CFB Geek,0,no_match
47286,2025,9,Troy,ULM,CFB Graphs,0,no_match
47287,2025,9,Troy,ULM,CFB Victory,0,no_match
47288,2025,9,Troy,ULM,Congrove,0,no_match
47289,2025,9,Troy,ULM,DRatings,0,no_match
47290,2025,9,Troy,ULM,David Sasser,0,no_match
47291,2025,9,Troy,ULM,Dokter Entropy,0,no_match
47292,2025,9,Troy,ULM,ESPN FPI,0,no_match
47293,2025,9,Troy,ULM,Harville,0,no_match
47294,2025,9,Troy,ULM,JP+,0,no_match
47295,2025,9,Troy,ULM,John Harris,0,no_match
47296,2025,9,Troy,ULM,KFord,0,no_match
47297,2025,9,Troy,ULM,Keeper,0,no_match
47298,2025,9,Troy,ULM,Massey,0,no_match
47299,2025,9,Troy,ULM,Matt Grissom,0,no_match
47300,2025,9,Troy,ULM,McIllece Sports,0,no_match
47301,2025,9,Troy,ULM,Moore Ratings,0,no_match
47302,2025,9,Troy,ULM,OddsTrader AI,0,no_match
47303,2025,9,Troy,ULM,PEARatings,0,no_match
47304,2025,9,Troy,ULM,PiRate,0,no_match
47305,2025,9,Troy,ULM,PiRate: Bias,0,no_match
47306,2025,9,Troy,ULM,PiRate: Mean,0,no_match
47307,2025,9,Troy,ULM,Power Rank,0,no_match
47308,2025,9,Troy,ULM,Professor Sides,0,no_match
47309,2025,9,Troy,ULM,Room44 Bets,0,no_match
47310,2025,9,Troy,ULM,Ryder Analytics,0,no_match
47311,2025,9,Troy,ULM,SP+,0,no_match
47312,2025,9,Troy,ULM,Sagarin,0,no_match
47313,2025,9,Troy,ULM,Sagarin: Golden,0,no_match
47314,2025,9,Troy,ULM,Sagarin: Predictor,0,no_match
47315,2025,9,Troy,ULM,Sagarin: Recent,0,no_match
47316,2025,9,Troy,ULM,SportsLine,0,no_match
47317,2025,9,Troy,ULM,SportsRatings,0,no_match
47318,2025,9,Troy,ULM,TShoe Index,0,no_match
47319,2025,9,Troy,ULM,TeamRankings,0,no_match
47320,2025,9,Troy,ULM,Trent Sorensen,0,no_match
47321,2025,9,Troy,ULM,Wilson Ratings,0,no_match
47360,2025,9,UTEP,Sam Houston,Beta_Rank,0,no_match
47361,2025,9,UTEP,Sam Houston,CFB Geek,0,no_match
47362,2025,9,UTEP,Sam Houston,CFB Graphs,0,no_match
47363,2025,9,UTEP,Sam Houston,CFB Victory,0,no_match
47364,2025,9,UTEP,Sam Houston,Congrove,0,no_match
47365,2025,9,UTEP,Sam Houston,DRatings,0,no_match
47366,2025,9,UTEP,Sam Houston,David Sasser,0,no_match
47367,2025,9,UTEP,Sam Houston,Dokter Entropy,0,no_match
47368,2025,9,UTEP,Sam Houston,ESPN FPI,0,no_match
47369,2025,9,UTEP,Sam Houston,Harville,0,no_match
47370,2025,9,UTEP,Sam Houston,JP+,0,no_match
47371,2025,9,UTEP,Sam Houston,John Harris,0,no_match
47372,2025,9,UTEP,Sam Houston,KFord,0,no_match
47373,2025,9,UTEP,Sam Houston,Keeper,0,no_match
47374,2025,9,UTEP,Sam Houston,Massey,0,no_match
47375,2025,9,UTEP,Sam Houston,Matt Grissom,0,no_match
47376,2025,9,UTEP,Sam Houston,McIllece Sports,0,no_match
47377,2025,9,UTEP,Sam Houston,Moore Ratings,0,no_match
47378,2025,9,UTEP,Sam Houston,OddsTrader AI,0,no_match
47379,2025,9,UTEP,Sam Houston,PEARatings,0,no_match
47380,2025,9,UTEP,Sam Houston,PiRate,0,no_match
47381,2025,9,UTEP,Sam Houston,PiRate: Bias,0,no_match
47382,2025,9,UTEP,Sam Houston,PiRate: Mean,0,no_match
47383,2025,9,UTEP,Sam Houston,Power Rank,0,no_match
47384,2025,9,UTEP,Sam Houston,Professor Sides,0,no_match
47385,2025,9,UTEP,Sam Houston,Room44 Bets,0,no_match
47386,2025,9,UTEP,Sam Houston,Ryder Analytics,0,no_match
47387,2025,9,UTEP,Sam Houston,SP+,0,no_match
47388,2025,9,UTEP,Sam Houston,Sagarin,0,no_match
47389,2025,9,UTEP,Sam Houston,Sagarin: Golden,0,no_match
47390,2025,9,UTEP,Sam Houston,Sagarin: Predictor,0,no_match
47391,2025,9,UTEP,Sam Houston,Sagarin: Recent,0,no_match
47392,2025,9,UTEP,Sam Houston,SportsLine,0,no_match
47393,2025,9,UTEP,Sam Houston,SportsRatings,0,no_match
47394,2025,9,UTEP,Sam Houston,TShoe Index,0,no_match
47395,2025,9,UTEP,Sam Houston,TeamRankings,0,no_match
47396,2025,9,UTEP,Sam Houston,Trent Sorensen,0,no_match
47397,2025,9,UTEP,Sam Houston,Wilson Ratings,0,no_match
47436,2025,9,West Virginia,UCF,Beta_Rank,0,no_match
47437,2025,9,West Virginia,UCF,CFB Geek,0,no_match
47438,2025,9,West Virginia,UCF,CFB Graphs,0,no_match
47439,2025,9,West Virginia,UCF,CFB Victory,0,no_match
47440,2025,9,West Virginia,UCF,Congrove,0,no_match
47441,2025,9,West Virginia,UCF,DRatings,0,no_match
47442,2025,9,West Virginia,UCF,David Sasser,0,no_match
47443,2025,9,West Virginia,UCF,Dokter Entropy,0,no_match
47444,2025,9,West Virginia,UCF,ESPN FPI,0,no_match
47445,2025,9,West Virginia,UCF,Harville,0,no_match
47446,2025,9,West Virginia,UCF,JP+,0,no_match
47447,2025,9,West Virginia,UCF,John Harris,0,no_match
47448,2025,9,West Virginia,UCF,KFord,0,no_match
47449,2025,9,West Virginia,UCF,Keeper,0,no_match
47450,2025,9,West Virginia,UCF,Massey,0,no_match
47451,2025,9,West Virginia,UCF,Matt Grissom,0,no_match
47452,2025,9,West Virginia,UCF,McIllece Sports,0,no_match
47453,2025,9,West Virginia,UCF,Moore Ratings,0,no_match
47454,2025,9,West Virginia,UCF,OddsTrader AI,0,no_match
47455,2025,9,West Virginia,UCF,PEARatings,0,no_match
47456,2025,9,West Virginia,UCF,PiRate,0,no_match
47457,2025,9,West Virginia,UCF,PiRate: Bias,0,no_match
47458,2025,9,West Virginia,UCF,PiRate: Mean,0,no_match
47459,2025,9,West Virginia,UCF,Power Rank,0,no_match
47460,2025,9,West Virginia,UCF,Professor Sides,0,no_match
47461,2025,9,West Virginia,UCF,Room44 Bets,0,no_match
47462,2025,9,West Virginia,UCF,Ryder Analytics,0,no_match
47463,2025,9,West Virginia,UCF,SP+,0,no_match
47464,2025,9,West Virginia,UCF,Sagarin,0,no_match
47465,2025,9,West Virginia,UCF,Sagarin: Golden,0,no_match
47466,2025,9,West Virginia,UCF,Sagarin: Predictor,0,no_match
47467,2025,9,West Virginia,UCF,Sagarin: Recent,0,no_match
47468,2025,9,West Virginia,UCF,SportsLine,0,no_match
47469,2025,9,West Virginia,UCF,SportsRatings,0,no_match
47470,2025,9,West Virginia,UCF,TShoe Index,0,no_match
47471,2025,9,West Virginia,UCF,TeamRankings,0,no_match
47472,2025,9,West Virginia,UCF,Trent Sorensen,0,no_match
47473,2025,9,West Virginia,UCF,Wilson Ratings,0,no_match
47664,2025,10,Ball State,Northern Illinois,Beta_Rank,0,no_match
47665,2025,10,Ball State,Northern Illinois,CFB Geek,0,no_match
47666,2025,10,Ball State,Northern Illinois,CFB Graphs,0,no_match
47667,2025,10,Ball State,Northern Illinois,CFB Victory,0,no_match
47668,2025,10,Ball State,Northern Illinois,Congrove,0,no_match
47669,2025,10,Ball State,Northern Illinois,DRatings,0,no_match
47670,2025,10,Ball State,Northern Illinois,David Sasser,0,no_match
47671,2025,10,Ball State,Northern Illinois,Dokter Entropy,0,no_match
47672,2025,10,Ball State,Northern Illinois,ESPN FPI,0,no_match
47673,2025,10,Ball State,Northern Illinois,Harville,0,no_match
47674,2025,10,Ball State,Northern Illinois,JP+,0,no_match
47675,2025,10,Ball State,Northern Illinois,John Harris,0,no_match
47676,2025,10,Ball State,Northern Illinois,KFord,0,no_match
47677,2025,10,Ball State,Northern Illinois,Keeper,0,no_match
47678,2025,10,Ball State,Northern Illinois,Massey,0,no_match
47679,2025,10,Ball State,Northern Illinois,Matt Grissom,0,no_match
47680,2025,10,Ball State,Northern Illinois,McIllece Sports,0,no_match
47681,2025,10,Ball State,Northern Illinois,Moore Ratings,0,no_match
47682,2025,10,Ball State,Northern Illinois,OddsTrader AI,0,no_match
47683,2025,10,Ball State,Northern Illinois,PEARatings,0,no_match
47684,2025,10,Ball State,Northern Illinois,PiRate,0,no_match
47685,2025,10,Ball State,Northern Illinois,PiRate: Bias,0,no_match
47686,2025,10,Ball State,Northern Illinois,PiRate: Mean,0,no_match
47687,2025,10,Ball State,Northern Illinois,Power Rank,0,no_match
47688,2025,10,Ball State,Northern Illinois,Professor Sides,0,no_match
47689,2025,10,Ball State,Northern Illinois,Room44 Bets,0,no_match
47690,2025,10,Ball State,Northern Illinois,Ryder Analytics,0,no_match
47691,2025,10,Ball State,Northern Illinois,SP+,0,no_match
47692,2025,10,Ball State,Northern Illinois,Sagarin,0,no_match
47693,2025,10,Ball State,Northern Illinois,Sagarin: Golden,0,no_match
47694,2025,10,Ball State,Northern Illinois,Sagarin: Predictor,0,no_match
47695,2025,10,Ball State,Northern Illinois,Sagarin: Recent,0,no_match
47696,2025,10,Ball State,Northern Illinois,SportsLine,0,no_match
47697,2025,10,Ball State,Northern Illinois,SportsRatings,0,no_match
47698,2025,10,Ball State,Northern Illinois,TShoe Index,0,no_match
47699,2025,10,Ball State,Northern Illinois,TeamRankings,0,no_match
47700,2025,10,Ball State,Northern Illinois,Trent Sorensen,0,no_match
47701,2025,10,Ball State,Northern Illinois,Wilson Ratings,0,no_match
47740,2025,10,Bowling Green,Kent State,Beta_Rank,0,no_match
47741,2025,10,Bowling Green,Kent State,CFB Geek,0,no_match
47742,2025,10,Bowling Green,Kent State,CFB Graphs,0,no_match
47743,2025,10,Bowling Green,Kent State,CFB Victory,0,no_match
47744,2025,10,Bowling Green,Kent State,Congrove,0,no_match
47745,2025,10,Bowling Green,Kent State,DRatings,0,no_match
47746,2025,10,Bowling Green,Kent State,David Sasser,0,no_match
47747,2025,10,Bowling Green,Kent State,Dokter Entropy,0,no_match
47748,2025,10,Bowling Green,Kent State,ESPN FPI,0,no_match
47749,2025,10,Bowling Green,Kent State,Harville,0,no_match
47750,2025,10,Bowling Green,Kent State,JP+,0,no_match
47751,2025,10,Bowling Green,Kent State,John Harris,0,no_match
47752,2025,10,Bowling Green,Kent State,KFord,0,no_match
47753,2025,10,Bowling Green,Kent State,Keeper,0,no_match
47754,2025,10,Bowling Green,Kent State,Massey,0,no_match
47755,2025,10,Bowling Green,Kent State,Matt Grissom,0,no_match
47756,2025,10,Bowling Green,Kent State,McIllece Sports,0,no_match
47757,2025,10,Bowling Green,Kent State,Moore Ratings,0,no_match
47758,2025,10,Bowling Green,Kent State,OddsTrader AI,0,no_match
47759,2025,10,Bowling Green,Kent State,PEARatings,0,no_match
47760,2025,10,Bowling Green,Kent State,PiRate,0,no_match
47761,2025,10,Bowling Green,Kent State,PiRate: Bias,0,no_match
47762,2025,10,Bowling Green,Kent State,PiRate: Mean,0,no_match
47763,2025,10,Bowling Green,Kent State,Power Rank,0,no_match
47764,2025,10,Bowling Green,Kent State,Professor Sides,0,no_match
47765,2025,10,Bowling Green,Kent State,Room44 Bets,0,no_match
47766,2025,10,Bowling Green,Kent State,Ryder Analytics,0,no_match
47767,2025,10,Bowling Green,Kent State,SP+,0,no_match
47768,2025,10,Bowling Green,Kent State,Sagarin,0,no_match
47769,2025,10,Bowling Green,Kent State,Sagarin: Golden,0,no_match
47770,2025,10,Bowling Green,Kent State,Sagarin: Predictor,0,no_match
47771,2025,10,Bowling Green,Kent State,Sagarin: Recent,0,no_match
47772,2025,10,Bowling Green,Kent State,SportsLine,0,no_match
47773,2025,10,Bowling Green,Kent State,SportsRatings,0,no_match
47774,2025,10,Bowling Green,Kent State,TShoe Index,0,no_match
47775,2025,10,Bowling Green,Kent State,TeamRankings,0,no_match
47776,2025,10,Bowling Green,Kent State,Trent Sorensen,0,no_match
47777,2025,10,Bowling Green,Kent State,Wilson Ratings,0,no_match
47968,2025,10,Kennesaw State,Florida International,Beta_Rank,0,no_match
47969,2025,10,Kennesaw State,Florida International,CFB Geek,0,no_match
47970,2025,10,Kennesaw State,Florida International,CFB Graphs,0,no_match
47971,2025,10,Kennesaw State,Florida International,CFB Victory,0,no_match
47972,2025,10,Kennesaw State,Florida International,Congrove,0,no_match
47973,2025,10,Kennesaw State,Florida International,DRatings,0,no_match
47974,2025,10,Kennesaw State,Florida International,David Sasser,0,no_match
47975,2025,10,Kennesaw State,Florida International,Dokter Entropy,0,no_match
47976,2025,10,Kennesaw State,Florida International,ESPN FPI,0,no_match
47977,2025,10,Kennesaw State,Florida International,Harville,0,no_match
47978,2025,10,Kennesaw State,Florida International,JP+,0,no_match
47979,2025,10,Kennesaw State,Florida International,John Harris,0,no_match
47980,2025,10,Kennesaw State,Florida International,KFord,0,no_match
47981,2025,10,Kennesaw State,Florida International,Keeper,0,no_match
47982,2025,10,Kennesaw State,Florida International,Massey,0,no_match
47983,2025,10,Kennesaw State,Florida International,Matt Grissom,0,no_match
47984,2025,10,Kennesaw State,Florida International,McIllece Sports,0,no_match
47985,2025,10,Kennesaw State,Florida International,Moore Ratings,0,no_match
47986,2025,10,Kennesaw State,Florida International,OddsTrader AI,0,no_match
47987,2025,10,Kennesaw State,Florida International,PEARatings,0,no_match
47988,2025,10,Kennesaw State,Florida International,PiRate,0,no_match
47989,2025,10,Kennesaw State,Florida International,PiRate: Bias,0,no_match
47990,2025,10,Kennesaw State,Florida International,PiRate: Mean,0,no_match
47991,2025,10,Kennesaw State,Florida International,Power Rank,0,no_match
47992,2025,10,Kennesaw State,Florida International,Professor Sides,0,no_match
47993,2025,10,Kennesaw State,Florida International,Room44 Bets,0,no_match
47994,2025,10,Kennesaw State,Florida International,Ryder Analytics,0,no_match
47995,2025,10,Kennesaw State,Florida International,SP+,0,no_match
47996,2025,10,Kennesaw State,Florida International,Sagarin,0,no_match
47997,2025,10,Kennesaw State,Florida International,Sagarin: Golden,0,no_match
47998,2025,10,Kennesaw State,Florida International,Sagarin: Predictor,0,no_match
47999,2025,10,Kennesaw State,Florida International,Sagarin: Recent,0,no_match
48000,2025,10,Kennesaw State,Florida International,SportsLine,0,no_match
48001,2025,10,Kennesaw State,Florida International,SportsRatings,0,no_match
48002,2025,10,Kennesaw State,Florida International,TShoe Index,0,no_match
48003,2025,10,Kennesaw State,Florida International,TeamRankings,0,no_match
48004,2025,10,Kennesaw State,Florida International,Trent Sorensen,0,no_match
48005,2025,10,Kennesaw State,Florida International,Wilson Ratings,0,no_match
48006,2025,10,Massachusetts,Central Michigan,Beta_Rank,0,no_match
48007,2025,10,Massachusetts,Central Michigan,CFB Geek,0,no_match
48008,2025,10,Massachusetts,Central Michigan,CFB Graphs,0,no_match
48009,2025,10,Massachusetts,Central Michigan,CFB Victory,0,no_match
48010,2025,10,Massachusetts,Central Michigan,Congrove,0,no_match
48011,2025,10,Massachusetts,Central Michigan,DRatings,0,no_match
48012,2025,10,Massachusetts,Central Michigan,David Sasser,0,no_match
48013,2025,10,Massachusetts,Central Michigan,Dokter Entropy,0,no_match
48014,2025,10,Massachusetts,Central Michigan,ESPN FPI,0,no_match
48015,2025,10,Massachusetts,Central Michigan,Harville,0,no_match
48016,2025,10,Massachusetts,Central Michigan,JP+,0,no_match
48017,2025,10,Massachusetts,Central Michigan,John Harris,0,no_match
48018,2025,10,Massachusetts,Central Michigan,KFord,0,no_match
48019,2025,10,Massachusetts,Central Michigan,Keeper,0,no_match
48020,2025,10,Massachusetts,Central Michigan,Massey,0,no_match
48021,2025,10,Massachusetts,Central Michigan,Matt Grissom,0,no_match
48022,2025,10,Massachusetts,Central Michigan,McIllece Sports,0,no_match
48023,2025,10,Massachusetts,Central Michigan,Moore Ratings,0,no_match
48024,2025,10,Massachusetts,Central Michigan,OddsTrader AI,0,no_match
48025,2025,10,Massachusetts,Central Michigan,PEARatings,0,no_match
48026,2025,10,Massachusetts,Central Michigan,PiRate,0,no_match
48027,2025,10,Massachusetts,Central Michigan,PiRate: Bias,0,no_match
48028,2025,10,Massachusetts,Central Michigan,PiRate: Mean,0,no_match
48029,2025,10,Massachusetts,Central Michigan,Power Rank,0,no_match
48030,2025,10,Massachusetts,Central Michigan,Professor Sides,0,no_match
48031,2025,10,Massachusetts,Central Michigan,Room44 Bets,0,no_match
48032,2025,10,Massachusetts,Central Michigan,Ryder Analytics,0,no_match
48033,2025,10,Massachusetts,Central Michigan,SP+,0,no_match
48034,2025,10,Massachusetts,Central Michigan,Sagarin,0,no_match
48035,2025,10,Massachusetts,Central Michigan,Sagarin: Golden,0,no_match
48036,2025,10,Massachusetts,Central Michigan,Sagarin: Predictor,0,no_match
48037,2025,10,Massachusetts,Central Michigan,Sagarin: Recent,0,no_match
48038,2025,10,Massachusetts,Central Michigan,SportsLine,0,no_match
48039,2025,10,Massachusetts,Central Michigan,SportsRatings,0,no_match
48040,2025,10,Massachusetts,Central Michigan,TShoe Index,0,no_match
48041,2025,10,Massachusetts,Central Michigan,TeamRankings,0,no_match
48042,2025,10,Massachusetts,Central Michigan,Trent Sorensen,0,no_match
48043,2025,10,Massachusetts,Central Michigan,Wilson Ratings,0,no_match
48044,2025,10,Middle Tennessee,Delaware,Beta_Rank,0,no_match
48045,2025,10,Middle Tennessee,Delaware,CFB Geek,0,no_match
48046,2025,10,Middle Tennessee,Delaware,CFB Graphs,0,no_match
48047,2025,10,Middle Tennessee,Delaware,CFB Victory,0,no_match
48048,2025,10,Middle Tennessee,Delaware,Congrove,0,no_match
48049,2025,10,Middle Tennessee,Delaware,DRatings,0,no_match
48050,2025,10,Middle Tennessee,Delaware,David Sasser,0,no_match
48051,2025,10,Middle Tennessee,Delaware,Dokter Entropy,0,no_match
48052,2025,10,Middle Tennessee,Delaware,ESPN FPI,0,no_match
48053,2025,10,Middle Tennessee,Delaware,Harville,0,no_match
48054,2025,10,Middle Tennessee,Delaware,JP+,0,no_match
48055,2025,10,Middle Tennessee,Delaware,John Harris,0,no_match
48056,2025,10,Middle Tennessee,Delaware,KFord,0,no_match
48057,2025,10,Middle Tennessee,Delaware,Keeper,0,no_match
48058,2025,10,Middle Tennessee,Delaware,Massey,0,no_match
48059,2025,10,Middle Tennessee,Delaware,Matt Grissom,0,no_match
48060,2025,10,Middle Tennessee,Delaware,McIllece Sports,0,no_match
48061,2025,10,Middle Tennessee,Delaware,Moore Ratings,0,no_match
48062,2025,10,Middle Tennessee,Delaware,OddsTrader AI,0,no_match
48063,2025,10,Middle Tennessee,Delaware,PEARatings,0,no_match
48064,2025,10,Middle Tennessee,Delaware,PiRate,0,no_match
48065,2025,10,Middle Tennessee,Delaware,PiRate: Bias,0,no_match
48066,2025,10,Middle Tennessee,Delaware,PiRate: Mean,0,no_match
48067,2025,10,Middle Tennessee,Delaware,Power Rank,0,no_match
48068,2025,10,Middle Tennessee,Delaware,Professor Sides,0,no_match
48069,2025,10,Middle Tennessee,Delaware,Room44 Bets,0,no_match
48070,2025,10,Middle Tennessee,Delaware,Ryder Analytics,0,no_match
48071,2025,10,Middle Tennessee,Delaware,SP+,0,no_match
48072,2025,10,Middle Tennessee,Delaware,Sagarin,0,no_match
48073,2025,10,Middle Tennessee,Delaware,Sagarin: Golden,0,no_match
48074,2025,10,Middle Tennessee,Delaware,Sagarin: Predictor,0,no_match
48075,2025,10,Middle Tennessee,Delaware,Sagarin: Recent,0,no_match
48076,2025,10,Middle Tennessee,Delaware,SportsLine,0,no_match
48077,2025,10,Middle Tennessee,Delaware,SportsRatings,0,no_match
48078,2025,10,Middle Tennessee,Delaware,TShoe Index,0,no_match
48079,2025,10,Middle Tennessee,Delaware,TeamRankings,0,no_match
48080,2025,10,Middle Tennessee,Delaware,Trent Sorensen,0,no_match
48081,2025,10,Middle Tennessee,Delaware,Wilson Ratings,0,no_match
48348,2025,10,Ohio,Eastern Michigan,Beta_Rank,0,no_match
48349,2025,10,Ohio,Eastern Michigan,CFB Geek,0,no_match
48350,2025,10,Ohio,Eastern Michigan,CFB Graphs,0,no_match
48351,2025,10,Ohio,Eastern Michigan,CFB Victory,0,no_match
48352,2025,10,Ohio,Eastern Michigan,Congrove,0,no_match
48353,2025,10,Ohio,Eastern Michigan,DRatings,0,no_match
48354,2025,10,Ohio,Eastern Michigan,David Sasser,0,no_match
48355,2025,10,Ohio,Eastern Michigan,Dokter Entropy,0,no_match
48356,2025,10,Ohio,Eastern Michigan,ESPN FPI,0,no_match
48357,2025,10,Ohio,Eastern Michigan,Harville,0,no_match
48358,2025,10,Ohio,Eastern Michigan,JP+,0,no_match
48359,2025,10,Ohio,Eastern Michigan,John Harris,0,no_match
48360,2025,10,Ohio,Eastern Michigan,KFord,0,no_match
48361,2025,10,Ohio,Eastern Michigan,Keeper,0,no_match
48362,2025,10,Ohio,Eastern Michigan,Massey,0,no_match
48363,2025,10,Ohio,Eastern Michigan,Matt Grissom,0,no_match
48364,2025,10,Ohio,Eastern Michigan,McIllece Sports,0,no_match
48365,2025,10,Ohio,Eastern Michigan,Moore Ratings,0,no_match
48366,2025,10,Ohio,Eastern Michigan,OddsTrader AI,0,no_match
48367,2025,10,Ohio,Eastern Michigan,PEARatings,0,no_match
48368,2025,10,Ohio,Eastern Michigan,PiRate,0,no_match
48369,2025,10,Ohio,Eastern Michigan,PiRate: Bias,0,no_match
48370,2025,10,Ohio,Eastern Michigan,PiRate: Mean,0,no_match
48371,2025,10,Ohio,Eastern Michigan,Power Rank,0,no_match
48372,2025,10,Ohio,Eastern Michigan,Professor Sides,0,no_match
48373,2025,10,Ohio,Eastern Michigan,Room44 Bets,0,no_match
48374,2025,10,Ohio,Eastern Michigan,Ryder Analytics,0,no_match
48375,2025,10,Ohio,Eastern Michigan,SP+,0,no_match
48376,2025,10,Ohio,Eastern Michigan,Sagarin,0,no_match
48377,2025,10,Ohio,Eastern Michigan,Sagarin: Golden,0,no_match
48378,2025,10,Ohio,Eastern Michigan,Sagarin: Predictor,0,no_match
48379,2025,10,Ohio,Eastern Michigan,Sagarin: Recent,0,no_match
48380,2025,10,Ohio,Eastern Michigan,SportsLine,0,no_match
48381,2025,10,Ohio,Eastern Michigan,SportsRatings,0,no_match
48382,2025,10,Ohio,Eastern Michigan,TShoe Index,0,no_match
48383,2025,10,Ohio,Eastern Michigan,TeamRankings,0,no_match
48384,2025,10,Ohio,Eastern Michigan,Trent Sorensen,0,no_match
48385,2025,10,Ohio,Eastern Michigan,Wilson Ratings,0,no_match
49032,2025,11,Florida International,Missouri State,Beta_Rank,0,no_match
49033,2025,11,Florida International,Missouri State,CFB Geek,0,no_match
49034,2025,11,Florida International,Missouri State,CFB Graphs,0,no_match
49035,2025,11,Florida International,Missouri State,CFB Victory,0,no_match
49036,2025,11,Florida International,Missouri State,Congrove,0,no_match
49037,2025,11,Florida International,Missouri State,DRatings,0,no_match
49038,2025,11,Florida International,Missouri State,David Sasser,0,no_match
49039,2025,11,Florida International,Missouri State,Dokter Entropy,0,no_match
49040,2025,11,Florida International,Missouri State,ESPN FPI,0,no_match
49041,2025,11,Florida International,Missouri State,Harville,0,no_match
49042,2025,11,Florida International,Missouri State,JP+,0,no_match
49043,2025,11,Florida International,Missouri State,John Harris,0,no_match
49044,2025,11,Florida International,Missouri State,KFord,0,no_match
49045,2025,11,Florida International,Missouri State,Keeper,0,no_match
49046,2025,11,Florida International,Missouri State,Massey,0,no_match
49047,2025,11,Florida International,Missouri State,Matt Grissom,0,no_match
49048,2025,11,Florida International,Missouri State,McIllece Sports,0,no_match
49049,2025,11,Florida International,Missouri State,Moore Ratings,0,no_match
49050,2025,11,Florida International,Missouri State,OddsTrader AI,0,no_match
49051,2025,11,Florida International,Missouri State,PEARatings,0,no_match
49052,2025,11,Florida International,Missouri State,PiRate,0,no_match
49053,2025,11,Florida International,Missouri State,PiRate: Bias,0,no_match
49054,2025,11,Florida International,Missouri State,PiRate: Mean,0,no_match
49055,2025,11,Florida International,Missouri State,Power Rank,0,no_match
49056,2025,11,Florida International,Missouri State,Professor Sides,0,no_match
49057,2025,11,Florida International,Missouri State,Room44 Bets,0,no_match
49058,2025,11,Florida International,Missouri State,Ryder Analytics,0,no_match
49059,2025,11,Florida International,Missouri State,SP+,0,no_match
49060,2025,11,Florida International,Missouri State,Sagarin,0,no_match
49061,2025,11,Florida International,Missouri State,Sagarin: Golden,0,no_match
49062,2025,11,Florida International,Missouri State,Sagarin: Predictor,0,no_match
49063,2025,11,Florida International,Missouri State,Sagarin: Recent,0,no_match
49064,2025,11,Florida International,Missouri State,SportsLine,0,no_match
49065,2025,11,Florida International,Missouri State,SportsRatings,0,no_match
49066,2025,11,Florida International,Missouri State,TShoe Index,0,no_match
49067,2025,11,Florida International,Missouri State,TeamRankings,0,no_match
49068,2025,11,Florida International,Missouri State,Trent Sorensen,0,no_match
49069,2025,11,Florida International,Missouri State,Wilson Ratings,0,no_match
49184,2025,11,Jacksonville State,Middle Tennessee,Beta_Rank,0,no_match
49185,2025,11,Jacksonville State,Middle Tennessee,CFB Geek,0,no_match
49186,2025,11,Jacksonville State,Middle Tennessee,CFB Graphs,0,no_match
49187,2025,11,Jacksonville State,Middle Tennessee,CFB Victory,0,no_match
49188,2025,11,Jacksonville State,Middle Tennessee,Congrove,0,no_match
49189,2025,11,Jacksonville State,Middle Tennessee,DRatings,0,no_match
49190,2025,11,Jacksonville State,Middle Tennessee,David Sasser,0,no_match
49191,2025,11,Jacksonville State,Middle Tennessee,Dokter Entropy,0,no_match
49192,2025,11,Jacksonville State,Middle Tennessee,ESPN FPI,0,no_match
49193,2025,11,Jacksonville State,Middle Tennessee,Harville,0,no_match
49194,2025,11,Jacksonville State,Middle Tennessee,JP+,0,no_match
49195,2025,11,Jacksonville State,Middle Tennessee,John Harris,0,no_match
49196,2025,11,Jacksonville State,Middle Tennessee,KFord,0,no_match
49197,2025,11,Jacksonville State,Middle Tennessee,Keeper,0,no_match
49198,2025,11,Jacksonville State,Middle Tennessee,Massey,0,no_match
49199,2025,11,Jacksonville State,Middle Tennessee,Matt Grissom,0,no_match
49200,2025,11,Jacksonville State,Middle Tennessee,McIllece Sports,0,no_match
49201,2025,11,Jacksonville State,Middle Tennessee,Moore Ratings,0,no_match
49202,2025,11,Jacksonville State,Middle Tennessee,OddsTrader AI,0,no_match
49203,2025,11,Jacksonville State,Middle Tennessee,PEARatings,0,no_match
49204,2025,11,Jacksonville State,Middle Tennessee,PiRate,0,no_match
49205,2025,11,Jacksonville State,Middle Tennessee,PiRate: Bias,0,no_match
49206,2025,11,Jacksonville State,Middle Tennessee,PiRate: Mean,0,no_match
49207,2025,11,Jacksonville State,Middle Tennessee,Power Rank,0,no_match
49208,2025,11,Jacksonville State,Middle Tennessee,Professor Sides,0,no_match
49209,2025,11,Jacksonville State,Middle Tennessee,Room44 Bets,0,no_match
49210,2025,11,Jacksonville State,Middle Tennessee,Ryder Analytics,0,no_match
49211,2025,11,Jacksonville State,Middle Tennessee,SP+,0,no_match
49212,2025,11,Jacksonville State,Middle Tennessee,Sagarin,0,no_match
49213,2025,11,Jacksonville State,Middle Tennessee,Sagarin: Golden,0,no_match
49214,2025,11,Jacksonville State,Middle Tennessee,Sagarin: Predictor,0,no_match
49215,2025,11,Jacksonville State,Middle Tennessee,Sagarin: Recent,0,no_match
49216,2025,11,Jacksonville State,Middle Tennessee,SportsLine,0,no_match
49217,2025,11,Jacksonville State,Middle Tennessee,SportsRatings,0,no_match
49218,2025,11,Jacksonville State,Middle Tennessee,TShoe Index,0,no_match
49219,2025,11,Jacksonville State,Middle Tennessee,TeamRankings,0,no_match
49220,2025,11,Jacksonville State,Middle Tennessee,Trent Sorensen,0,no_match
49221,2025,11,Jacksonville State,Middle Tennessee,Wilson Ratings,0,no_match
49412,2025,11,Miami,SMU,Beta_Rank,0,no_match
49413,2025,11,Miami,SMU,CFB Geek,0,no_match
49414,2025,11,Miami,SMU,CFB Graphs,0,no_match
49415,2025,11,Miami,SMU,CFB Victory,0,no_match
49416,2025,11,Miami,SMU,Congrove,0,no_match
49417,2025,11,Miami,SMU,DRatings,0,no_match
49418,2025,11,Miami,SMU,David Sasser,0,no_match
49419,2025,11,Miami,SMU,Dokter Entropy,0,no_match
49420,2025,11,Miami,SMU,ESPN FPI,0,no_match
49421,2025,11,Miami,SMU,Harville,0,no_match
49422,2025,11,Miami,SMU,JP+,0,no_match
49423,2025,11,Miami,SMU,John Harris,0,no_match
49424,2025,11,Miami,SMU,KFord,0,no_match
49425,2025,11,Miami,SMU,Keeper,0,no_match
49426,2025,11,Miami,SMU,Massey,0,no_match
49427,2025,11,Miami,SMU,Matt Grissom,0,no_match
49428,2025,11,Miami,SMU,McIllece Sports,0,no_match
49429,2025,11,Miami,SMU,Moore Ratings,0,no_match
49430,2025,11,Miami,SMU,OddsTrader AI,0,no_match
49431,2025,11,Miami,SMU,PEARatings,0,no_match
49432,2025,11,Miami,SMU,PiRate,0,no_match
49433,2025,11,Miami,SMU,PiRate: Bias,0,no_match
49434,2025,11,Miami,SMU,PiRate: Mean,0,no_match
49435,2025,11,Miami,SMU,Power Rank,0,no_match
49436,2025,11,Miami,SMU,Professor Sides,0,no_match
49437,2025,11,Miami,SMU,Room44 Bets,0,no_match
49438,2025,11,Miami,SMU,Ryder Analytics,0,no_match
49439,2025,11,Miami,SMU,SP+,0,no_match
49440,2025,11,Miami,SMU,Sagarin,0,no_match
49441,2025,11,Miami,SMU,Sagarin: Golden,0,no_match
49442,2025,11,Miami,SMU,Sagarin: Predictor,0,no_match
49443,2025,11,Miami,SMU,Sagarin: Recent,0,no_match
49444,2025,11,Miami,SMU,SportsLine,0,no_match
49445,2025,11,Miami,SMU,SportsRatings,0,no_match
49446,2025,11,Miami,SMU,TShoe Index,0,no_match
49447,2025,11,Miami,SMU,TeamRankings,0,no_match
49448,2025,11,Miami,SMU,Trent Sorensen,0,no_match
49449,2025,11,Miami,SMU,Wilson Ratings,0,no_match
49830,2025,11,Sam Houston,Louisiana Tech,Beta_Rank,0,no_match
49831,2025,11,Sam Houston,Louisiana Tech,CFB Geek,0,no_match
49832,2025,11,Sam Houston,Louisiana Tech,CFB Graphs,0,no_match
49833,2025,11,Sam Houston,Louisiana Tech,CFB Victory,0,no_match
49834,2025,11,Sam Houston,Louisiana Tech,Congrove,0,no_match
49835,2025,11,Sam Houston,Louisiana Tech,DRatings,0,no_match
49836,2025,11,Sam Houston,Louisiana Tech,David Sasser,0,no_match
49837,2025,11,Sam Houston,Louisiana Tech,Dokter Entropy,0,no_match
49838,2025,11,Sam Houston,Louisiana Tech,ESPN FPI,0,no_match
49839,2025,11,Sam Houston,Louisiana Tech,Harville,0,no_match
49840,2025,11,Sam Houston,Louisiana Tech,JP+,0,no_match
49841,2025,11,Sam Houston,Louisiana Tech,John Harris,0,no_match
49842,2025,11,Sam Houston,Louisiana Tech,KFord,0,no_match
49843,2025,11,Sam Houston,Louisiana Tech,Keeper,0,no_match
49844,2025,11,Sam Houston,Louisiana Tech,Massey,0,no_match
49845,2025,11,Sam Houston,Louisiana Tech,Matt Grissom,0,no_match
49846,2025,11,Sam Houston,Louisiana Tech,McIllece Sports,0,no_match
49847,2025,11,Sam Houston,Louisiana Tech,Moore Ratings,0,no_match
49848,2025,11,Sam Houston,Louisiana Tech,OddsTrader AI,0,no_match
49849,2025,11,Sam Houston,Louisiana Tech,PEARatings,0,no_match
49850,2025,11,Sam Houston,Louisiana Tech,PiRate,0,no_match
49851,2025,11,Sam Houston,Louisiana Tech,PiRate: Bias,0,no_match
49852,2025,11,Sam Houston,Louisiana Tech,PiRate: Mean,0,no_match
49853,2025,11,Sam Houston,Louisiana Tech,Power Rank,0,no_match
49854,2025,11,Sam Houston,Louisiana Tech,Professor Sides,0,no_match
49855,2025,11,Sam Houston,Louisiana Tech,Room44 Bets,0,no_match
49856,2025,11,Sam Houston,Louisiana Tech,Ryder Analytics,0,no_match
49857,2025,11,Sam Houston,Louisiana Tech,SP+,0,no_match
49858,2025,11,Sam Houston,Louisiana Tech,Sagarin,0,no_match
49859,2025,11,Sam Houston,Louisiana Tech,Sagarin: Golden,0,no_match
49860,2025,11,Sam Houston,Louisiana Tech,Sagarin: Predictor,0,no_match
49861,2025,11,Sam Houston,Louisiana Tech,Sagarin: Recent,0,no_match
49862,2025,11,Sam Houston,Louisiana Tech,SportsLine,0,no_match
49863,2025,11,Sam Houston,Louisiana Tech,SportsRatings,0,no_match
49864,2025,11,Sam Houston,Louisiana Tech,TShoe Index,0,no_match
49865,2025,11,Sam Houston,Louisiana Tech,TeamRankings,0,no_match
49866,2025,11,Sam Houston,Louisiana Tech,Trent Sorensen,0,no_match
49867,2025,11,Sam Houston,Louisiana Tech,Wilson Ratings,0,no_match
50097,2025,11,West Virginia,Houston,Beta_Rank,0,no_match
50098,2025,11,West Virginia,Houston,CFB Geek,0,no_match
50099,2025,11,West Virginia,Houston,CFB Graphs,0,no_match
50100,2025,11,West Virginia,Houston,CFB Victory,0,no_match
50101,2025,11,West Virginia,Houston,Congrove,0,no_match
50102,2025,11,West Virginia,Houston,DRatings,0,no_match
50103,2025,11,West Virginia,Houston,David Sasser,0,no_match
50104,2025,11,West Virginia,Houston,Dokter Entropy,0,no_match
50105,2025,11,West Virginia,Houston,ESPN FPI,0,no_match
50106,2025,11,West Virginia,Houston,Harville,0,no_match
50107,2025,11,West Virginia,Houston,JP+,0,no_match
50108,2025,11,West Virginia,Houston,KFord,0,no_match
50109,2025,11,West Virginia,Houston,Keeper,0,no_match
50110,2025,11,West Virginia,Houston,Massey,0,no_match
50111,2025,11,West Virginia,Houston,Matt Grissom,0,no_match
50112,2025,11,West Virginia,Houston,McIllece Sports,0,no_match
50113,2025,11,West Virginia,Houston,Moore Ratings,0,no_match
50114,2025,11,West Virginia,Houston,OddsTrader AI,0,no_match
50115,2025,11,West Virginia,Houston,PEARatings,0,no_match
50116,2025,11,West Virginia,Houston,PiRate,0,no_match
50117,2025,11,West Virginia,Houston,PiRate: Bias,0,no_match
50118,2025,11,West Virginia,Houston,PiRate: Mean,0,no_match
50119,2025,11,West Virginia,Houston,Power Rank,0,no_match
50120,2025,11,West Virginia,Houston,Professor Sides,0,no_match
50121,2025,11,West Virginia,Houston,Room44 Bets,0,no_match
50122,2025,11,West Virginia,Houston,Ryder Analytics,0,no_match
50123,2025,11,West Virginia,Houston,SP+,0,no_match
50124,2025,11,West Virginia,Houston,Sagarin,0,no_match
50125,2025,11,West Virginia,Houston,Sagarin: Golden,0,no_match
50126,2025,11,West Virginia,Houston,Sagarin: Predictor,0,no_match
50127,2025,11,West Virginia,Houston,Sagarin: Recent,0,no_match
50128,2025,11,West Virginia,Houston,SportsLine,0,no_match
50129,2025,11,West Virginia,Houston,SportsRatings,0,no_match
50130,2025,11,West Virginia,Houston,TShoe Index,0,no_match
50131,2025,11,West Virginia,Houston,TeamRankings,0,no_match
50132,2025,11,West Virginia,Houston,Trent Sorensen,0,no_match
50133,2025,11,West Virginia,Houston,Wilson Ratings,0,no_match
50210,2025,12,Bowling Green,Eastern Michigan,Beta_Rank,0,no_match
50211,2025,12,Bowling Green,Eastern Michigan,CFB Geek,0,no_match
50212,2025,12,Bowling Green,Eastern Michigan,CFB Graphs,0,no_match
50213,2025,12,Bowling Green,Eastern Michigan,CFB Victory,0,no_match
50214,2025,12,Bowling Green,Eastern Michigan,Congrove,0,no_match
50215,2025,12,Bowling Green,Eastern Michigan,DRatings,0,no_match
50216,2025,12,Bowling Green,Eastern Michigan,David Sasser,0,no_match
50217,2025,12,Bowling Green,Eastern Michigan,Dokter Entropy,0,no_match
50218,2025,12,Bowling Green,Eastern Michigan,ESPN FPI,0,no_match
50219,2025,12,Bowling Green,Eastern Michigan,Harville,0,no_match
50220,2025,12,Bowling Green,Eastern Michigan,JP+,0,no_match
50221,2025,12,Bowling Green,Eastern Michigan,John Harris,0,no_match
50222,2025,12,Bowling Green,Eastern Michigan,KFord,0,no_match
50223,2025,12,Bowling Green,Eastern Michigan,Keeper,0,no_match
50224,2025,12,Bowling Green,Eastern Michigan,Massey,0,no_match
50225,2025,12,Bowling Green,Eastern Michigan,Matt Grissom,0,no_match
50226,2025,12,Bowling Green,Eastern Michigan,McIllece Sports,0,no_match
50227,2025,12,Bowling Green,Eastern Michigan,Moore Ratings,0,no_match
50228,2025,12,Bowling Green,Eastern Michigan,OddsTrader AI,0,no_match
50229,2025,12,Bowling Green,Eastern Michigan,PEARatings,0,no_match
50230,2025,12,Bowling Green,Eastern Michigan,PiRate,0,no_match
50231,2025,12,Bowling Green,Eastern Michigan,PiRate: Bias,0,no_match
50232,2025,12,Bowling Green,Eastern Michigan,PiRate: Mean,0,no_match
50233,2025,12,Bowling Green,Eastern Michigan,Power Rank,0,no_match
50234,2025,12,Bowling Green,Eastern Michigan,Professor Sides,0,no_match
50235,2025,12,Bowling Green,Eastern Michigan,Room44 Bets,0,no_match
50236,2025,12,Bowling Green,Eastern Michigan,Ryder Analytics,0,no_match
50237,2025,12,Bowling Green,Eastern Michigan,SP+,0,no_match
50238,2025,12,Bowling Green,Eastern Michigan,Sagarin,0,no_match
50239,2025,12,Bowling Green,Eastern Michigan,Sagarin: Golden,0,no_match
50240,2025,12,Bowling Green,Eastern Michigan,Sagarin: Predictor,0,no_match
50241,2025,12,Bowling Green,Eastern Michigan,Sagarin: Recent,0,no_match
50242,2025,12,Bowling Green,Eastern Michigan,SportsLine,0,no_match
50243,2025,12,Bowling Green,Eastern Michigan,SportsRatings,0,no_match
50244,2025,12,Bowling Green,Eastern Michigan,TShoe Index,0,no_match
50245,2025,12,Bowling Green,Eastern Michigan,TeamRankings,0,no_match
50246,2025,12,Bowling Green,Eastern Michigan,Trent Sorensen,0,no_match
50247,2025,12,Bowling Green,Eastern Michigan,Wilson Ratings,0,no_match
50286,2025,12,Colorado,West Virginia,Beta_Rank,0,no_match
50287,2025,12,Colorado,West Virginia,CFB Geek,0,no_match
50288,2025,12,Colorado,West Virginia,CFB Graphs,0,no_match
50289,2025,12,Colorado,West Virginia,CFB Victory,0,no_match
50290,2025,12,Colorado,West Virginia,Congrove,0,no_match
50291,2025,12,Colorado,West Virginia,DRatings,0,no_match
50292,2025,12,Colorado,West Virginia,David Sasser,0,no_match
50293,2025,12,Colorado,West Virginia,Dokter Entropy,0,no_match
50294,2025,12,Colorado,West Virginia,ESPN FPI,0,no_match
50295,2025,12,Colorado,West Virginia,Harville,0,no_match
50296,2025,12,Colorado,West Virginia,JP+,0,no_match
50297,2025,12,Colorado,West Virginia,John Harris,0,no_match
50298,2025,12,Colorado,West Virginia,KFord,0,no_match
50299,2025,12,Colorado,West Virginia,Keeper,0,no_match
50300,2025,12,Colorado,West Virginia,Massey,0,no_match
50301,2025,12,Colorado,West Virginia,Matt Grissom,0,no_match
50302,2025,12,Colorado,West Virginia,McIllece Sports,0,no_match
50303,2025,12,Colorado,West Virginia,Moore Ratings,0,no_match
50304,2025,12,Colorado,West Virginia,OddsTrader AI,0,no_match
50305,2025,12,Colorado,West Virginia,PEARatings,0,no_match
50306,2025,12,Colorado,West Virginia,PiRate,0,no_match
50307,2025,12,Colorado,West Virginia,PiRate: Bias,0,no_match
50308,2025,12,Colorado,West Virginia,PiRate: Mean,0,no_match
50309,2025,12,Colorado,West Virginia,Power Rank,0,no_match
50310,2025,12,Colorado,West Virginia,Professor Sides,0,no_match
50311,2025,12,Colorado,West Virginia,Room44 Bets,0,no_match
50312,2025,12,Colorado,West Virginia,Ryder Analytics,0,no_match
50313,2025,12,Colorado,West Virginia,SP+,0,no_match
50314,2025,12,Colorado,West Virginia,Sagarin,0,no_match
50315,2025,12,Colorado,West Virginia,Sagarin: Golden,0,no_match
50316,2025,12,Colorado,West Virginia,Sagarin: Predictor,0,no_match
50317,2025,12,Colorado,West Virginia,Sagarin: Recent,0,no_match
50318,2025,12,Colorado,West Virginia,SportsLine,0,no_match
50319,2025,12,Colorado,West Virginia,SportsRatings,0,no_match
50320,2025,12,Colorado,West Virginia,TShoe Index,0,no_match
50321,2025,12,Colorado,West Virginia,TeamRankings,0,no_match
50322,2025,12,Colorado,West Virginia,Trent Sorensen,0,no_match
50323,2025,12,Colorado,West Virginia,Wilson Ratings,0,no_match
50362,2025,12,Florida International,Middle Tennessee,Beta_Rank,0,no_match
50363,2025,12,Florida International,Middle Tennessee,CFB Geek,0,no_match
50364,2025,12,Florida International,Middle Tennessee,CFB Graphs,0,no_match
50365,2025,12,Florida International,Middle Tennessee,CFB Victory,0,no_match
50366,2025,12,Florida International,Middle Tennessee,Congrove,0,no_match
50367,2025,12,Florida International,Middle Tennessee,DRatings,0,no_match
50368,2025,12,Florida International,Middle Tennessee,David Sasser,0,no_match
50369,2025,12,Florida International,Middle Tennessee,Dokter Entropy,0,no_match
50370,2025,12,Florida International,Middle Tennessee,ESPN FPI,0,no_match
50371,2025,12,Florida International,Middle Tennessee,Harville,0,no_match
50372,2025,12,Florida International,Middle Tennessee,JP+,0,no_match
50373,2025,12,Florida International,Middle Tennessee,John Harris,0,no_match
50374,2025,12,Florida International,Middle Tennessee,KFord,0,no_match
50375,2025,12,Florida International,Middle Tennessee,Keeper,0,no_match
50376,2025,12,Florida International,Middle Tennessee,Massey,0,no_match
50377,2025,12,Florida International,Middle Tennessee,Matt Grissom,0,no_match
50378,2025,12,Florida International,Middle Tennessee,McIllece Sports,0,no_match
50379,2025,12,Florida International,Middle Tennessee,Moore Ratings,0,no_match
50380,2025,12,Florida International,Middle Tennessee,OddsTrader AI,0,no_match
50381,2025,12,Florida International,Middle Tennessee,PEARatings,0,no_match
50382,2025,12,Florida International,Middle Tennessee,PiRate,0,no_match
50383,2025,12,Florida International,Middle Tennessee,PiRate: Bias,0,no_match
50384,2025,12,Florida International,Middle Tennessee,PiRate: Mean,0,no_match
50385,2025,12,Florida International,Middle Tennessee,Power Rank,0,no_match
50386,2025,12,Florida International,Middle Tennessee,Professor Sides,0,no_match
50387,2025,12,Florida International,Middle Tennessee,Room44 Bets,0,no_match
50388,2025,12,Florida International,Middle Tennessee,Ryder Analytics,0,no_match
50389,2025,12,Florida International,Middle Tennessee,SP+,0,no_match
50390,2025,12,Florida International,Middle Tennessee,Sagarin,0,no_match
50391,2025,12,Florida International,Middle Tennessee,Sagarin: Golden,0,no_match
50392,2025,12,Florida International,Middle Tennessee,Sagarin: Predictor,0,no_match
50393,2025,12,Florida International,Middle Tennessee,Sagarin: Recent,0,no_match
50394,2025,12,Florida International,Middle Tennessee,SportsLine,0,no_match
50395,2025,12,Florida International,Middle Tennessee,SportsRatings,0,no_match
50396,2025,12,Florida International,Middle Tennessee,TShoe Index,0,no_match
50397,2025,12,Florida International,Middle Tennessee,TeamRankings,0,no_match
50398,2025,12,Florida International,Middle Tennessee,Trent Sorensen,0,no_match
50399,2025,12,Florida International,Middle Tennessee,Wilson Ratings,0,no_match
50743,2025,12,Kent State,Ball State,Beta_Rank,0,no_match
50744,2025,12,Kent State,Ball State,CFB Geek,0,no_match
50745,2025,12,Kent State,Ball State,CFB Graphs,0,no_match
50746,2025,12,Kent State,Ball State,CFB Victory,0,no_match
50747,2025,12,Kent State,Ball State,Congrove,0,no_match
50748,2025,12,Kent State,Ball State,DRatings,0,no_match
50749,2025,12,Kent State,Ball State,David Sasser,0,no_match
50750,2025,12,Kent State,Ball State,Dokter Entropy,0,no_match
50751,2025,12,Kent State,Ball State,ESPN FPI,0,no_match
50752,2025,12,Kent State,Ball State,Harville,0,no_match
50753,2025,12,Kent State,Ball State,JP+,0,no_match
50754,2025,12,Kent State,Ball State,John Harris,0,no_match
50755,2025,12,Kent State,Ball State,KFord,0,no_match
50756,2025,12,Kent State,Ball State,Keeper,0,no_match
50757,2025,12,Kent State,Ball State,Massey,0,no_match
50758,2025,12,Kent State,Ball State,Matt Grissom,0,no_match
50759,2025,12,Kent State,Ball State,McIllece Sports,0,no_match
50760,2025,12,Kent State,Ball State,Moore Ratings,0,no_match
50761,2025,12,Kent State,Ball State,OddsTrader AI,0,no_match
50762,2025,12,Kent State,Ball State,PEARatings,0,no_match
50763,2025,12,Kent State,Ball State,PiRate,0,no_match
50764,2025,12,Kent State,Ball State,PiRate: Bias,0,no_match
50765,2025,12,Kent State,Ball State,PiRate: Mean,0,no_match
50766,2025,12,Kent State,Ball State,Power Rank,0,no_match
50767,2025,12,Kent State,Ball State,Professor Sides,0,no_match
50768,2025,12,Kent State,Ball State,Room44 Bets,0,no_match
50769,2025,12,Kent State,Ball State,Ryder Analytics,0,no_match
50770,2025,12,Kent State,Ball State,SP+,0,no_match
50771,2025,12,Kent State,Ball State,Sagarin,0,no_match
50772,2025,12,Kent State,Ball State,Sagarin: Golden,0,no_match
50773,2025,12,Kent State,Ball State,Sagarin: Predictor,0,no_match
50774,2025,12,Kent State,Ball State,Sagarin: Recent,0,no_match
50775,2025,12,Kent State,Ball State,SportsLine,0,no_match
50776,2025,12,Kent State,Ball State,SportsRatings,0,no_match
50777,2025,12,Kent State,Ball State,TShoe Index,0,no_match
50778,2025,12,Kent State,Ball State,TeamRankings,0,no_match
50779,2025,12,Kent State,Ball State,Trent Sorensen,0,no_match
50780,2025,12,Kent State,Ball State,Wilson Ratings,0,no_match
50894,2025,12,Miami OH,Ohio,Beta_Rank,0,no_match
50895,2025,12,Miami OH,Ohio,CFB Geek,0,no_match
50896,2025,12,Miami OH,Ohio,CFB Graphs,0,no_match
50897,2025,12,Miami OH,Ohio,CFB Victory,0,no_match
50898,2025,12,Miami OH,Ohio,Congrove,0,no_match
50899,2025,12,Miami OH,Ohio,DRatings,0,no_match
50900,2025,12,Miami OH,Ohio,David Sasser,0,no_match
50901,2025,12,Miami OH,Ohio,Dokter Entropy,0,no_match
50902,2025,12,Miami OH,Ohio,ESPN FPI,0,no_match
50903,2025,12,Miami OH,Ohio,Harville,0,no_match
50904,2025,12,Miami OH,Ohio,JP+,0,no_match
50905,2025,12,Miami OH,Ohio,John Harris,0,no_match
50906,2025,12,Miami OH,Ohio,KFord,0,no_match
50907,2025,12,Miami OH,Ohio,Keeper,0,no_match
50908,2025,12,Miami OH,Ohio,Massey,0,no_match
50909,2025,12,Miami OH,Ohio,Matt Grissom,0,no_match
50910,2025,12,Miami OH,Ohio,McIllece Sports,0,no_match
50911,2025,12,Miami OH,Ohio,Moore Ratings,0,no_match
50912,2025,12,Miami OH,Ohio,OddsTrader AI,0,no_match
50913,2025,12,Miami OH,Ohio,PEARatings,0,no_match
50914,2025,12,Miami OH,Ohio,PiRate,0,no_match
50915,2025,12,Miami OH,Ohio,PiRate: Bias,0,no_match
50916,2025,12,Miami OH,Ohio,PiRate: Mean,0,no_match
50917,2025,12,Miami OH,Ohio,Power Rank,0,no_match
50918,2025,12,Miami OH,Ohio,Professor Sides,0,no_match
50919,2025,12,Miami OH,Ohio,Room44 Bets,0,no_match
50920,2025,12,Miami OH,Ohio,Ryder Analytics,0,no_match
50921,2025,12,Miami OH,Ohio,SP+,0,no_match
50922,2025,12,Miami OH,Ohio,Sagarin,0,no_match
50923,2025,12,Miami OH,Ohio,Sagarin: Golden,0,no_match
50924,2025,12,Miami OH,Ohio,Sagarin: Predictor,0,no_match
50925,2025,12,Miami OH,Ohio,Sagarin: Recent,0,no_match
50926,2025,12,Miami OH,Ohio,SportsLine,0,no_match
50927,2025,12,Miami OH,Ohio,SportsRatings,0,no_match
50928,2025,12,Miami OH,Ohio,TShoe Index,0,no_match
50929,2025,12,Miami OH,Ohio,TeamRankings,0,no_match
50930,2025,12,Miami OH,Ohio,Trent Sorensen,0,no_match
50931,2025,12,Miami OH,Ohio,Wilson Ratings,0,no_match
50970,2025,12,Northern Illinois,Toledo,Beta_Rank,0,no_match
50971,2025,12,Northern Illinois,Toledo,CFB Geek,0,no_match
50972,2025,12,Northern Illinois,Toledo,CFB Graphs,0,no_match
50973,2025,12,Northern Illinois,Toledo,CFB Victory,0,no_match
50974,2025,12,Northern Illinois,Toledo,Congrove,0,no_match
50975,2025,12,Northern Illinois,Toledo,DRatings,0,no_match
50976,2025,12,Northern Illinois,Toledo,David Sasser,0,no_match
50977,2025,12,Northern Illinois,Toledo,Dokter Entropy,0,no_match
50978,2025,12,Northern Illinois,Toledo,ESPN FPI,0,no_match
50979,2025,12,Northern Illinois,Toledo,Harville,0,no_match
50980,2025,12,Northern Illinois,Toledo,JP+,0,no_match
50981,2025,12,Northern Illinois,Toledo,John Harris,0,no_match
50982,2025,12,Northern Illinois,Toledo,KFord,0,no_match
50983,2025,12,Northern Illinois,Toledo,Keeper,0,no_match
50984,2025,12,Northern Illinois,Toledo,Massey,0,no_match
50985,2025,12,Northern Illinois,Toledo,Matt Grissom,0,no_match
50986,2025,12,Northern Illinois,Toledo,McIllece Sports,0,no_match
50987,2025,12,Northern Illinois,Toledo,Moore Ratings,0,no_match
50988,2025,12,Northern Illinois,Toledo,OddsTrader AI,0,no_match
50989,2025,12,Northern Illinois,Toledo,PEARatings,0,no_match
50990,2025,12,Northern Illinois,Toledo,PiRate,0,no_match
50991,2025,12,Northern Illinois,Toledo,PiRate: Bias,0,no_match
50992,2025,12,Northern Illinois,Toledo,PiRate: Mean,0,no_match
50993,2025,12,Northern Illinois,Toledo,Power Rank,0,no_match
50994,2025,12,Northern Illinois,Toledo,Professor Sides,0,no_match
50995,2025,12,Northern Illinois,Toledo,Room44 Bets,0,no_match
50996,2025,12,Northern Illinois,Toledo,Ryder Analytics,0,no_match
50997,2025,12,Northern Illinois,Toledo,SP+,0,no_match
50998,2025,12,Northern Illinois,Toledo,Sagarin,0,no_match
50999,2025,12,Northern Illinois,Toledo,Sagarin: Golden,0,no_match
51000,2025,12,Northern Illinois,Toledo,Sagarin: Predictor,0,no_match
51001,2025,12,Northern Illinois,Toledo,Sagarin: Recent,0,no_match
51002,2025,12,Northern Illinois,Toledo,SportsLine,0,no_match
51003,2025,12,Northern Illinois,Toledo,SportsRatings,0,no_match
51004,2025,12,Northern Illinois,Toledo,TShoe Index,0,no_match
51005,2025,12,Northern Illinois,Toledo,TeamRankings,0,no_match
51006,2025,12,Northern Illinois,Toledo,Trent Sorensen,0,no_match
51007,2025,12,Northern Illinois,Toledo,Wilson Ratings,0,no_match
51160,2025,12,Southern Mississippi,Arkansas State,Beta_Rank,0,no_match
51161,2025,12,Southern Mississippi,Arkansas State,CFB Geek,0,no_match
51162,2025,12,Southern Mississippi,Arkansas State,CFB Graphs,0,no_match
51163,2025,12,Southern Mississippi,Arkansas State,CFB Victory,0,no_match
51164,2025,12,Southern Mississippi,Arkansas State,Congrove,0,no_match
51165,2025,12,Southern Mississippi,Arkansas State,DRatings,0,no_match
51166,2025,12,Southern Mississippi,Arkansas State,David Sasser,0,no_match
51167,2025,12,Southern Mississippi,Arkansas State,Dokter Entropy,0,no_match
51168,2025,12,Southern Mississippi,Arkansas State,ESPN FPI,0,no_match
51169,2025,12,Southern Mississippi,Arkansas State,Harville,0,no_match
51170,2025,12,Southern Mississippi,Arkansas State,JP+,0,no_match
51171,2025,12,Southern Mississippi,Arkansas State,John Harris,0,no_match
51172,2025,12,Southern Mississippi,Arkansas State,KFord,0,no_match
51173,2025,12,Southern Mississippi,Arkansas State,Keeper,0,no_match
51174,2025,12,Southern Mississippi,Arkansas State,Massey,0,no_match
51175,2025,12,Southern Mississippi,Arkansas State,Matt Grissom,0,no_match
51176,2025,12,Southern Mississippi,Arkansas State,McIllece Sports,0,no_match
51177,2025,12,Southern Mississippi,Arkansas State,Moore Ratings,0,no_match
51178,2025,12,Southern Mississippi,Arkansas State,OddsTrader AI,0,no_match
51179,2025,12,Southern Mississippi,Arkansas State,PEARatings,0,no_match
51180,2025,12,Southern Mississippi,Arkansas State,PiRate,0,no_match
51181,2025,12,Southern Mississippi,Arkansas State,PiRate: Bias,0,no_match
51182,2025,12,Southern Mississippi,Arkansas State,PiRate: Mean,0,no_match
51183,2025,12,Southern Mississippi,Arkansas State,Power Rank,0,no_match
51184,2025,12,Southern Mississippi,Arkansas State,Professor Sides,0,no_match
51185,2025,12,Southern Mississippi,Arkansas State,Room44 Bets,0,no_match
51186,2025,12,Southern Mississippi,Arkansas State,Ryder Analytics,0,no_match
51187,2025,12,Southern Mississippi,Arkansas State,SP+,0,no_match
51188,2025,12,Southern Mississippi,Arkansas State,Sagarin,0,no_match
51189,2025,12,Southern Mississippi,Arkansas State,Sagarin: Golden,0,no_match
51190,2025,12,Southern Mississippi,Arkansas State,Sagarin: Predictor,0,no_match
51191,2025,12,Southern Mississippi,Arkansas State,Sagarin: Recent,0,no_match
51192,2025,12,Southern Mississippi,Arkansas State,SportsLine,0,no_match
51193,2025,12,Southern Mississippi,Arkansas State,SportsRatings,0,no_match
51194,2025,12,Southern Mississippi,Arkansas State,TShoe Index,0,no_match
51195,2025,12,Southern Mississippi,Arkansas State,TeamRankings,0,no_match
51196,2025,12,Southern Mississippi,Arkansas State,Trent Sorensen,0,no_match
51197,2025,12,Southern Mississippi,Arkansas State,Wilson Ratings,0,no_match
51198,2025,12,Syracuse,Miami,Beta_Rank,0,no_match
51199,2025,12,Syracuse,Miami,CFB Geek,0,no_match
51200,2025,12,Syracuse,Miami,CFB Graphs,0,no_match
51201,2025,12,Syracuse,Miami,CFB Victory,0,no_match
51202,2025,12,Syracuse,Miami,Congrove,0,no_match
51203,2025,12,Syracuse,Miami,DRatings,0,no_match
51204,2025,12,Syracuse,Miami,David Sasser,0,no_match
51205,2025,12,Syracuse,Miami,Dokter Entropy,0,no_match
51206,2025,12,Syracuse,Miami,ESPN FPI,0,no_match
51207,2025,12,Syracuse,Miami,Harville,0,no_match
51208,2025,12,Syracuse,Miami,JP+,0,no_match
51209,2025,12,Syracuse,Miami,John Harris,0,no_match
51210,2025,12,Syracuse,Miami,KFord,0,no_match
51211,2025,12,Syracuse,Miami,Keeper,0,no_match
51212,2025,12,Syracuse,Miami,Massey,0,no_match
51213,2025,12,Syracuse,Miami,Matt Grissom,0,no_match
51214,2025,12,Syracuse,Miami,McIllece Sports,0,no_match
51215,2025,12,Syracuse,Miami,Moore Ratings,0,no_match
51216,2025,12,Syracuse,Miami,OddsTrader AI,0,no_match
51217,2025,12,Syracuse,Miami,PEARatings,0,no_match
51218,2025,12,Syracuse,Miami,PiRate,0,no_match
51219,2025,12,Syracuse,Miami,PiRate: Bias,0,no_match
51220,2025,12,Syracuse,Miami,PiRate: Mean,0,no_match
51221,2025,12,Syracuse,Miami,Power Rank,0,no_match
51222,2025,12,Syracuse,Miami,Professor Sides,0,no_match
51223,2025,12,Syracuse,Miami,Room44 Bets,0,no_match
51224,2025,12,Syracuse,Miami,Ryder Analytics,0,no_match
51225,2025,12,Syracuse,Miami,SP+,0,no_match
51226,2025,12,Syracuse,Miami,Sagarin,0,no_match
51227,2025,12,Syracuse,Miami,Sagarin: Golden,0,no_match
51228,2025,12,Syracuse,Miami,Sagarin: Predictor,0,no_match
51229,2025,12,Syracuse,Miami,Sagarin: Recent,0,no_match
51230,2025,12,Syracuse,Miami,SportsLine,0,no_match
51231,2025,12,Syracuse,Miami,SportsRatings,0,no_match
51232,2025,12,Syracuse,Miami,TShoe Index,0,no_match
51233,2025,12,Syracuse,Miami,TeamRankings,0,no_match
51234,2025,12,Syracuse,Miami,Trent Sorensen,0,no_match
51235,2025,12,Syracuse,Miami,Wilson Ratings,0,no_match
51616,2025,13,Buffalo,Central Michigan,Beta_Rank,0,no_match
51617,2025,13,Buffalo,Central Michigan,CFB Geek,0,no_match
51618,2025,13,Buffalo,Central Michigan,CFB Graphs,0,no_match
51619,2025,13,Buffalo,Central Michigan,CFB Victory,0,no_match
51620,2025,13,Buffalo,Central Michigan,Congrove,0,no_match
51621,2025,13,Buffalo,Central Michigan,DRatings,0,no_match
51622,2025,13,Buffalo,Central Michigan,David Sasser,0,no_match
51623,2025,13,Buffalo,Central Michigan,Dokter Entropy,0,no_match
51624,2025,13,Buffalo,Central Michigan,ESPN FPI,0,no_match
51625,2025,13,Buffalo,Central Michigan,Harville,0,no_match
51626,2025,13,Buffalo,Central Michigan,JP+,0,no_match
51627,2025,13,Buffalo,Central Michigan,John Harris,0,no_match
51628,2025,13,Buffalo,Central Michigan,KFord,0,no_match
51629,2025,13,Buffalo,Central Michigan,Keeper,0,no_match
51630,2025,13,Buffalo,Central Michigan,Massey,0,no_match
51631,2025,13,Buffalo,Central Michigan,Matt Grissom,0,no_match
51632,2025,13,Buffalo,Central Michigan,McIllece Sports,0,no_match
51633,2025,13,Buffalo,Central Michigan,Moore Ratings,0,no_match
51634,2025,13,Buffalo,Central Michigan,OddsTrader AI,0,no_match
51635,2025,13,Buffalo,Central Michigan,PEARatings,0,no_match
51636,2025,13,Buffalo,Central Michigan,PiRate,0,no_match
51637,2025,13,Buffalo,Central Michigan,PiRate: Bias,0,no_match
51638,2025,13,Buffalo,Central Michigan,PiRate: Mean,0,no_match
51639,2025,13,Buffalo,Central Michigan,Power Rank,0,no_match
51640,2025,13,Buffalo,Central Michigan,Professor Sides,0,no_match
51641,2025,13,Buffalo,Central Michigan,Room44 Bets,0,no_match
51642,2025,13,Buffalo,Central Michigan,Ryder Analytics,0,no_match
51643,2025,13,Buffalo,Central Michigan,SP+,0,no_match
51644,2025,13,Buffalo,Central Michigan,Sagarin,0,no_match
51645,2025,13,Buffalo,Central Michigan,Sagarin: Golden,0,no_match
51646,2025,13,Buffalo,Central Michigan,Sagarin: Predictor,0,no_match
51647,2025,13,Buffalo,Central Michigan,Sagarin: Recent,0,no_match
51648,2025,13,Buffalo,Central Michigan,SportsLine,0,no_match
51649,2025,13,Buffalo,Central Michigan,SportsRatings,0,no_match
51650,2025,13,Buffalo,Central Michigan,TShoe Index,0,no_match
51651,2025,13,Buffalo,Central Michigan,TeamRankings,0,no_match
51652,2025,13,Buffalo,Central Michigan,Trent Sorensen,0,no_match
51653,2025,13,Buffalo,Central Michigan,Wilson Ratings,0,no_match
51730,2025,13,Eastern Michigan,Ball State,Beta_Rank,0,no_match
51731,2025,13,Eastern Michigan,Ball State,CFB Geek,0,no_match
51732,2025,13,Eastern Michigan,Ball State,CFB Graphs,0,no_match
51733,2025,13,Eastern Michigan,Ball State,CFB Victory,0,no_match
51734,2025,13,Eastern Michigan,Ball State,Congrove,0,no_match
51735,2025,13,Eastern Michigan,Ball State,DRatings,0,no_match
51736,2025,13,Eastern Michigan,Ball State,David Sasser,0,no_match
51737,2025,13,Eastern Michigan,Ball State,Dokter Entropy,0,no_match
51738,2025,13,Eastern Michigan,Ball State,ESPN FPI,0,no_match
51739,2025,13,Eastern Michigan,Ball State,Harville,0,no_match
51740,2025,13,Eastern Michigan,Ball State,JP+,0,no_match
51741,2025,13,Eastern Michigan,Ball State,John Harris,0,no_match
51742,2025,13,Eastern Michigan,Ball State,KFord,0,no_match
51743,2025,13,Eastern Michigan,Ball State,Keeper,0,no_match
51744,2025,13,Eastern Michigan,Ball State,Massey,0,no_match
51745,2025,13,Eastern Michigan,Ball State,Matt Grissom,0,no_match
51746,2025,13,Eastern Michigan,Ball State,McIllece Sports,0,no_match
51747,2025,13,Eastern Michigan,Ball State,Moore Ratings,0,no_match
51748,2025,13,Eastern Michigan,Ball State,OddsTrader AI,0,no_match
51749,2025,13,Eastern Michigan,Ball State,PEARatings,0,no_match
51750,2025,13,Eastern Michigan,Ball State,PiRate,0,no_match
51751,2025,13,Eastern Michigan,Ball State,PiRate: Bias,0,no_match
51752,2025,13,Eastern Michigan,Ball State,PiRate: Mean,0,no_match
51753,2025,13,Eastern Michigan,Ball State,Power Rank,0,no_match
51754,2025,13,Eastern Michigan,Ball State,Professor Sides,0,no_match
51755,2025,13,Eastern Michigan,Ball State,Room44 Bets,0,no_match
51756,2025,13,Eastern Michigan,Ball State,Ryder Analytics,0,no_match
51757,2025,13,Eastern Michigan,Ball State,SP+,0,no_match
51758,2025,13,Eastern Michigan,Ball State,Sagarin,0,no_match
51759,2025,13,Eastern Michigan,Ball State,Sagarin: Golden,0,no_match
51760,2025,13,Eastern Michigan,Ball State,Sagarin: Predictor,0,no_match
51761,2025,13,Eastern Michigan,Ball State,Sagarin: Recent,0,no_match
51762,2025,13,Eastern Michigan,Ball State,SportsLine,0,no_match
51763,2025,13,Eastern Michigan,Ball State,SportsRatings,0,no_match
51764,2025,13,Eastern Michigan,Ball State,TShoe Index,0,no_match
51765,2025,13,Eastern Michigan,Ball State,TeamRankings,0,no_match
51766,2025,13,Eastern Michigan,Ball State,Trent Sorensen,0,no_match
51767,2025,13,Eastern Michigan,Ball State,Wilson Ratings,0,no_match
51882,2025,13,Kent State,Akron,Beta_Rank,0,no_match
51883,2025,13,Kent State,Akron,CFB Geek,0,no_match
51884,2025,13,Kent State,Akron,CFB Graphs,0,no_match
51885,2025,13,Kent State,Akron,CFB Victory,0,no_match
51886,2025,13,Kent State,Akron,Congrove,0,no_match
51887,2025,13,Kent State,Akron,DRatings,0,no_match
51888,2025,13,Kent State,Akron,David Sasser,0,no_match
51889,2025,13,Kent State,Akron,Dokter Entropy,0,no_match
51890,2025,13,Kent State,Akron,ESPN FPI,0,no_match
51891,2025,13,Kent State,Akron,Harville,0,no_match
51892,2025,13,Kent State,Akron,JP+,0,no_match
51893,2025,13,Kent State,Akron,John Harris,0,no_match
51894,2025,13,Kent State,Akron,KFord,0,no_match
51895,2025,13,Kent State,Akron,Keeper,0,no_match
51896,2025,13,Kent State,Akron,Massey,0,no_match
51897,2025,13,Kent State,Akron,Matt Grissom,0,no_match
51898,2025,13,Kent State,Akron,McIllece Sports,0,no_match
51899,2025,13,Kent State,Akron,Moore Ratings,0,no_match
51900,2025,13,Kent State,Akron,OddsTrader AI,0,no_match
51901,2025,13,Kent State,Akron,PEARatings,0,no_match
51902,2025,13,Kent State,Akron,PiRate,0,no_match
51903,2025,13,Kent State,Akron,PiRate: Bias,0,no_match
51904,2025,13,Kent State,Akron,PiRate: Mean,0,no_match
51905,2025,13,Kent State,Akron,Power Rank,0,no_match
51906,2025,13,Kent State,Akron,Professor Sides,0,no_match
51907,2025,13,Kent State,Akron,Room44 Bets,0,no_match
51908,2025,13,Kent State,Akron,Ryder Analytics,0,no_match
51909,2025,13,Kent State,Akron,SP+,0,no_match
51910,2025,13,Kent State,Akron,Sagarin,0,no_match
51911,2025,13,Kent State,Akron,Sagarin: Golden,0,no_match
51912,2025,13,Kent State,Akron,Sagarin: Predictor,0,no_match
51913,2025,13,Kent State,Akron,Sagarin: Recent,0,no_match
51914,2025,13,Kent State,Akron,SportsLine,0,no_match
51915,2025,13,Kent State,Akron,SportsRatings,0,no_match
51916,2025,13,Kent State,Akron,TShoe Index,0,no_match
51917,2025,13,Kent State,Akron,TeamRankings,0,no_match
51918,2025,13,Kent State,Akron,Trent Sorensen,0,no_match
51919,2025,13,Kent State,Akron,Wilson Ratings,0,no_match
52034,2025,13,Middle Tennessee,Western Kentucky,Beta_Rank,0,no_match
52035,2025,13,Middle Tennessee,Western Kentucky,CFB Geek,0,no_match
52036,2025,13,Middle Tennessee,Western Kentucky,CFB Graphs,0,no_match
52037,2025,13,Middle Tennessee,Western Kentucky,CFB Victory,0,no_match
52038,2025,13,Middle Tennessee,Western Kentucky,Congrove,0,no_match
52039,2025,13,Middle Tennessee,Western Kentucky,DRatings,0,no_match
52040,2025,13,Middle Tennessee,Western Kentucky,David Sasser,0,no_match
52041,2025,13,Middle Tennessee,Western Kentucky,Dokter Entropy,0,no_match
52042,2025,13,Middle Tennessee,Western Kentucky,ESPN FPI,0,no_match
52043,2025,13,Middle Tennessee,Western Kentucky,Harville,0,no_match
52044,2025,13,Middle Tennessee,Western Kentucky,JP+,0,no_match
52045,2025,13,Middle Tennessee,Western Kentucky,John Harris,0,no_match
52046,2025,13,Middle Tennessee,Western Kentucky,KFord,0,no_match
52047,2025,13,Middle Tennessee,Western Kentucky,Keeper,0,no_match
52048,2025,13,Middle Tennessee,Western Kentucky,Massey,0,no_match
52049,2025,13,Middle Tennessee,Western Kentucky,Matt Grissom,0,no_match
52050,2025,13,Middle Tennessee,Western Kentucky,McIllece Sports,0,no_match
52051,2025,13,Middle Tennessee,Western Kentucky,Moore Ratings,0,no_match
52052,2025,13,Middle Tennessee,Western Kentucky,OddsTrader AI,0,no_match
52053,2025,13,Middle Tennessee,Western Kentucky,PEARatings,0,no_match
52054,2025,13,Middle Tennessee,Western Kentucky,PiRate,0,no_match
52055,2025,13,Middle Tennessee,Western Kentucky,PiRate: Bias,0,no_match
52056,2025,13,Middle Tennessee,Western Kentucky,PiRate: Mean,0,no_match
52057,2025,13,Middle Tennessee,Western Kentucky,Power Rank,0,no_match
52058,2025,13,Middle Tennessee,Western Kentucky,Professor Sides,0,no_match
52059,2025,13,Middle Tennessee,Western Kentucky,Room44 Bets,0,no_match
52060,2025,13,Middle Tennessee,Western Kentucky,Ryder Analytics,0,no_match
52061,2025,13,Middle Tennessee,Western Kentucky,SP+,0,no_match
52062,2025,13,Middle Tennessee,Western Kentucky,Sagarin,0,no_match
52063,2025,13,Middle Tennessee,Western Kentucky,Sagarin: Golden,0,no_match
52064,2025,13,Middle Tennessee,Western Kentucky,Sagarin: Predictor,0,no_match
52065,2025,13,Middle Tennessee,Western Kentucky,Sagarin: Recent,0,no_match
52066,2025,13,Middle Tennessee,Western Kentucky,SportsLine,0,no_match
52067,2025,13,Middle Tennessee,Western Kentucky,SportsRatings,0,no_match
52068,2025,13,Middle Tennessee,Western Kentucky,TShoe Index,0,no_match
52069,2025,13,Middle Tennessee,Western Kentucky,TeamRankings,0,no_match
52070,2025,13,Middle Tennessee,Western Kentucky,Trent Sorensen,0,no_match
52071,2025,13,Middle Tennessee,Western Kentucky,Wilson Ratings,0,no_match
52110,2025,13,NC State,Miami,Beta_Rank,0,no_match
52111,2025,13,NC State,Miami,CFB Geek,0,no_match
52112,2025,13,NC State,Miami,CFB Graphs,0,no_match
52113,2025,13,NC State,Miami,CFB Victory,0,no_match
52114,2025,13,NC State,Miami,Congrove,0,no_match
52115,2025,13,NC State,Miami,DRatings,0,no_match
52116,2025,13,NC State,Miami,David Sasser,0,no_match
52117,2025,13,NC State,Miami,Dokter Entropy,0,no_match
52118,2025,13,NC State,Miami,ESPN FPI,0,no_match
52119,2025,13,NC State,Miami,Harville,0,no_match
52120,2025,13,NC State,Miami,JP+,0,no_match
52121,2025,13,NC State,Miami,John Harris,0,no_match
52122,2025,13,NC State,Miami,KFord,0,no_match
52123,2025,13,NC State,Miami,Keeper,0,no_match
52124,2025,13,NC State,Miami,Massey,0,no_match
52125,2025,13,NC State,Miami,Matt Grissom,0,no_match
52126,2025,13,NC State,Miami,McIllece Sports,0,no_match
52127,2025,13,NC State,Miami,Moore Ratings,0,no_match
52128,2025,13,NC State,Miami,OddsTrader AI,0,no_match
52129,2025,13,NC State,Miami,PEARatings,0,no_match
52130,2025,13,NC State,Miami,PiRate,0,no_match
52131,2025,13,NC State,Miami,PiRate: Bias,0,no_match
52132,2025,13,NC State,Miami,PiRate: Mean,0,no_match
52133,2025,13,NC State,Miami,Power Rank,0,no_match
52134,2025,13,NC State,Miami,Professor Sides,0,no_match
52135,2025,13,NC State,Miami,Room44 Bets,0,no_match
52136,2025,13,NC State,Miami,Ryder Analytics,0,no_match
52137,2025,13,NC State,Miami,SP+,0,no_match
52138,2025,13,NC State,Miami,Sagarin,0,no_match
52139,2025,13,NC State,Miami,Sagarin: Golden,0,no_match
52140,2025,13,NC State,Miami,Sagarin: Predictor,0,no_match
52141,2025,13,NC State,Miami,Sagarin: Recent,0,no_match
52142,2025,13,NC State,Miami,SportsLine,0,no_match
52143,2025,13,NC State,Miami,SportsRatings,0,no_match
52144,2025,13,NC State,Miami,TShoe Index,0,no_match
52145,2025,13,NC State,Miami,TeamRankings,0,no_match
52146,2025,13,NC State,Miami,Trent Sorensen,0,no_match
52147,2025,13,NC State,Miami,Wilson Ratings,0,no_match
52186,2025,13,Northern Illinois,Massachusetts,Beta_Rank,0,no_match
52187,2025,13,Northern Illinois,Massachusetts,CFB Geek,0,no_match
52188,2025,13,Northern Illinois,Massachusetts,CFB Graphs,0,no_match
52189,2025,13,Northern Illinois,Massachusetts,CFB Victory,0,no_match
52190,2025,13,Northern Illinois,Massachusetts,Congrove,0,no_match
52191,2025,13,Northern Illinois,Massachusetts,DRatings,0,no_match
52192,2025,13,Northern Illinois,Massachusetts,David Sasser,0,no_match
52193,2025,13,Northern Illinois,Massachusetts,Dokter Entropy,0,no_match
52194,2025,13,Northern Illinois,Massachusetts,ESPN FPI,0,no_match
52195,2025,13,Northern Illinois,Massachusetts,Harville,0,no_match
52196,2025,13,Northern Illinois,Massachusetts,JP+,0,no_match
52197,2025,13,Northern Illinois,Massachusetts,John Harris,0,no_match
52198,2025,13,Northern Illinois,Massachusetts,KFord,0,no_match
52199,2025,13,Northern Illinois,Massachusetts,Keeper,0,no_match
52200,2025,13,Northern Illinois,Massachusetts,Massey,0,no_match
52201,2025,13,Northern Illinois,Massachusetts,Matt Grissom,0,no_match
52202,2025,13,Northern Illinois,Massachusetts,McIllece Sports,0,no_match
52203,2025,13,Northern Illinois,Massachusetts,Moore Ratings,0,no_match
52204,2025,13,Northern Illinois,Massachusetts,OddsTrader AI,0,no_match
52205,2025,13,Northern Illinois,Massachusetts,PEARatings,0,no_match
52206,2025,13,Northern Illinois,Massachusetts,PiRate,0,no_match
52207,2025,13,Northern Illinois,Massachusetts,PiRate: Bias,0,no_match
52208,2025,13,Northern Illinois,Massachusetts,PiRate: Mean,0,no_match
52209,2025,13,Northern Illinois,Massachusetts,Power Rank,0,no_match
52210,2025,13,Northern Illinois,Massachusetts,Professor Sides,0,no_match
52211,2025,13,Northern Illinois,Massachusetts,Room44 Bets,0,no_match
52212,2025,13,Northern Illinois,Massachusetts,Ryder Analytics,0,no_match
52213,2025,13,Northern Illinois,Massachusetts,SP+,0,no_match
52214,2025,13,Northern Illinois,Massachusetts,Sagarin,0,no_match
52215,2025,13,Northern Illinois,Massachusetts,Sagarin: Golden,0,no_match
52216,2025,13,Northern Illinois,Massachusetts,Sagarin: Predictor,0,no_match
52217,2025,13,Northern Illinois,Massachusetts,Sagarin: Recent,0,no_match
52218,2025,13,Northern Illinois,Massachusetts,SportsLine,0,no_match
52219,2025,13,Northern Illinois,Massachusetts,SportsRatings,0,no_match
52220,2025,13,Northern Illinois,Massachusetts,TShoe Index,0,no_match
52221,2025,13,Northern Illinois,Massachusetts,TeamRankings,0,no_match
52222,2025,13,Northern Illinois,Massachusetts,Trent Sorensen,0,no_match
52223,2025,13,Northern Illinois,Massachusetts,Wilson Ratings,0,no_match
52262,2025,13,Ohio,Western Michigan,Beta_Rank,0,no_match
52263,2025,13,Ohio,Western Michigan,CFB Geek,0,no_match
52264,2025,13,Ohio,Western Michigan,CFB Graphs,0,no_match
52265,2025,13,Ohio,Western Michigan,CFB Victory,0,no_match
52266,2025,13,Ohio,Western Michigan,Congrove,0,no_match
52267,2025,13,Ohio,Western Michigan,DRatings,0,no_match
52268,2025,13,Ohio,Western Michigan,David Sasser,0,no_match
52269,2025,13,Ohio,Western Michigan,Dokter Entropy,0,no_match
52270,2025,13,Ohio,Western Michigan,ESPN FPI,0,no_match
52271,2025,13,Ohio,Western Michigan,Harville,0,no_match
52272,2025,13,Ohio,Western Michigan,JP+,0,no_match
52273,2025,13,Ohio,Western Michigan,John Harris,0,no_match
52274,2025,13,Ohio,Western Michigan,KFord,0,no_match
52275,2025,13,Ohio,Western Michigan,Keeper,0,no_match
52276,2025,13,Ohio,Western Michigan,Massey,0,no_match
52277,2025,13,Ohio,Western Michigan,Matt Grissom,0,no_match
52278,2025,13,Ohio,Western Michigan,McIllece Sports,0,no_match
52279,2025,13,Ohio,Western Michigan,Moore Ratings,0,no_match
52280,2025,13,Ohio,Western Michigan,OddsTrader AI,0,no_match
52281,2025,13,Ohio,Western Michigan,PEARatings,0,no_match
52282,2025,13,Ohio,Western Michigan,PiRate,0,no_match
52283,2025,13,Ohio,Western Michigan,PiRate: Bias,0,no_match
52284,2025,13,Ohio,Western Michigan,PiRate: Mean,0,no_match
52285,2025,13,Ohio,Western Michigan,Power Rank,0,no_match
52286,2025,13,Ohio,Western Michigan,Professor Sides,0,no_match
52287,2025,13,Ohio,Western Michigan,Room44 Bets,0,no_match
52288,2025,13,Ohio,Western Michigan,Ryder Analytics,0,no_match
52289,2025,13,Ohio,Western Michigan,SP+,0,no_match
52290,2025,13,Ohio,Western Michigan,Sagarin,0,no_match
52291,2025,13,Ohio,Western Michigan,Sagarin: Golden,0,no_match
52292,2025,13,Ohio,Western Michigan,Sagarin: Predictor,0,no_match
52293,2025,13,Ohio,Western Michigan,Sagarin: Recent,0,no_match
52294,2025,13,Ohio,Western Michigan,SportsLine,0,no_match
52295,2025,13,Ohio,Western Michigan,SportsRatings,0,no_match
52296,2025,13,Ohio,Western Michigan,TShoe Index,0,no_match
52297,2025,13,Ohio,Western Michigan,TeamRankings,0,no_match
52298,2025,13,Ohio,Western Michigan,Trent Sorensen,0,no_match
52299,2025,13,Ohio,Western Michigan,Wilson Ratings,0,no_match
52566,2025,13,Toledo,Miami OH,Beta_Rank,0,no_match
52567,2025,13,Toledo,Miami OH,CFB Geek,0,no_match
52568,2025,13,Toledo,Miami OH,CFB Graphs,0,no_match
52569,2025,13,Toledo,Miami OH,CFB Victory,0,no_match
52570,2025,13,Toledo,Miami OH,Congrove,0,no_match
52571,2025,13,Toledo,Miami OH,DRatings,0,no_match
52572,2025,13,Toledo,Miami OH,David Sasser,0,no_match
52573,2025,13,Toledo,Miami OH,Dokter Entropy,0,no_match
52574,2025,13,Toledo,Miami OH,ESPN FPI,0,no_match
52575,2025,13,Toledo,Miami OH,Harville,0,no_match
52576,2025,13,Toledo,Miami OH,JP+,0,no_match
52577,2025,13,Toledo,Miami OH,John Harris,0,no_match
52578,2025,13,Toledo,Miami OH,KFord,0,no_match
52579,2025,13,Toledo,Miami OH,Keeper,0,no_match
52580,2025,13,Toledo,Miami OH,Massey,0,no_match
52581,2025,13,Toledo,Miami OH,Matt Grissom,0,no_match
52582,2025,13,Toledo,Miami OH,McIllece Sports,0,no_match
52583,2025,13,Toledo,Miami OH,Moore Ratings,0,no_match
52584,2025,13,Toledo,Miami OH,OddsTrader AI,0,no_match
52585,2025,13,Toledo,Miami OH,PEARatings,0,no_match
52586,2025,13,Toledo,Miami OH,PiRate,0,no_match
52587,2025,13,Toledo,Miami OH,PiRate: Bias,0,no_match
52588,2025,13,Toledo,Miami OH,PiRate: Mean,0,no_match
52589,2025,13,Toledo,Miami OH,Power Rank,0,no_match
52590,2025,13,Toledo,Miami OH,Professor Sides,0,no_match
52591,2025,13,Toledo,Miami OH,Room44 Bets,0,no_match
52592,2025,13,Toledo,Miami OH,Ryder Analytics,0,no_match
52593,2025,13,Toledo,Miami OH,SP+,0,no_match
52594,2025,13,Toledo,Miami OH,Sagarin,0,no_match
52595,2025,13,Toledo,Miami OH,Sagarin: Golden,0,no_match
52596,2025,13,Toledo,Miami OH,Sagarin: Predictor,0,no_match
52597,2025,13,Toledo,Miami OH,Sagarin: Recent,0,no_match
52598,2025,13,Toledo,Miami OH,SportsLine,0,no_match
52599,2025,13,Toledo,Miami OH,SportsRatings,0,no_match
52600,2025,13,Toledo,Miami OH,TShoe Index,0,no_match
52601,2025,13,Toledo,Miami OH,TeamRankings,0,no_match
52602,2025,13,Toledo,Miami OH,Trent Sorensen,0,no_match
52603,2025,13,Toledo,Miami OH,Wilson Ratings,0,no_match
52604,2025,13,Troy,Old Dominion,Beta_Rank,0,no_match
52605,2025,13,Troy,Old Dominion,CFB Geek,0,no_match
52606,2025,13,Troy,Old Dominion,CFB Graphs,0,no_match
52607,2025,13,Troy,Old Dominion,CFB Victory,0,no_match
52608,2025,13,Troy,Old Dominion,Congrove,0,no_match
52609,2025,13,Troy,Old Dominion,DRatings,0,no_match
52610,2025,13,Troy,Old Dominion,David Sasser,0,no_match
52611,2025,13,Troy,Old Dominion,Dokter Entropy,0,no_match
52612,2025,13,Troy,Old Dominion,ESPN FPI,0,no_match
52613,2025,13,Troy,Old Dominion,Harville,0,no_match
52614,2025,13,Troy,Old Dominion,JP+,0,no_match
52615,2025,13,Troy,Old Dominion,John Harris,0,no_match
52616,2025,13,Troy,Old Dominion,KFord,0,no_match
52617,2025,13,Troy,Old Dominion,Keeper,0,no_match
52618,2025,13,Troy,Old Dominion,Massey,0,no_match
52619,2025,13,Troy,Old Dominion,Matt Grissom,0,no_match
52620,2025,13,Troy,Old Dominion,McIllece Sports,0,no_match
52621,2025,13,Troy,Old Dominion,Moore Ratings,0,no_match
52622,2025,13,Troy,Old Dominion,OddsTrader AI,0,no_match
52623,2025,13,Troy,Old Dominion,PEARatings,0,no_match
52624,2025,13,Troy,Old Dominion,PiRate,0,no_match
52625,2025,13,Troy,Old Dominion,PiRate: Bias,0,no_match
52626,2025,13,Troy,Old Dominion,PiRate: Mean,0,no_match
52627,2025,13,Troy,Old Dominion,Power Rank,0,no_match
52628,2025,13,Troy,Old Dominion,Professor Sides,0,no_match
52629,2025,13,Troy,Old Dominion,Room44 Bets,0,no_match
52630,2025,13,Troy,Old Dominion,Ryder Analytics,0,no_match
52631,2025,13,Troy,Old Dominion,SP+,0,no_match
52632,2025,13,Troy,Old Dominion,Sagarin,0,no_match
52633,2025,13,Troy,Old Dominion,Sagarin: Golden,0,no_match
52634,2025,13,Troy,Old Dominion,Sagarin: Predictor,0,no_match
52635,2025,13,Troy,Old Dominion,Sagarin: Recent,0,no_match
52636,2025,13,Troy,Old Dominion,SportsLine,0,no_match
52637,2025,13,Troy,Old Dominion,SportsRatings,0,no_match
52638,2025,13,Troy,Old Dominion,TShoe Index,0,no_match
52639,2025,13,Troy,Old Dominion,TeamRankings,0,no_match
52640,2025,13,Troy,Old Dominion,Trent Sorensen,0,no_match
52641,2025,13,Troy,Old Dominion,Wilson Ratings,0,no_match
52718,2025,13,West Virginia,Arizona State,Beta_Rank,0,no_match
52719,2025,13,West Virginia,Arizona State,CFB Geek,0,no_match
52720,2025,13,West Virginia,Arizona State,CFB Graphs,0,no_match
52721,2025,13,West Virginia,Arizona State,CFB Victory,0,no_match
52722,2025,13,West Virginia,Arizona State,Congrove,0,no_match
52723,2025,13,West Virginia,Arizona State,DRatings,0,no_match
52724,2025,13,West Virginia,Arizona State,David Sasser,0,no_match
52725,2025,13,West Virginia,Arizona State,Dokter Entropy,0,no_match
52726,2025,13,West Virginia,Arizona State,ESPN FPI,0,no_match
52727,2025,13,West Virginia,Arizona State,Harville,0,no_match
52728,2025,13,West Virginia,Arizona State,JP+,0,no_match
52729,2025,13,West Virginia,Arizona State,John Harris,0,no_match
52730,2025,13,West Virginia,Arizona State,KFord,0,no_match
52731,2025,13,West Virginia,Arizona State,Keeper,0,no_match
52732,2025,13,West Virginia,Arizona State,Massey,0,no_match
52733,2025,13,West Virginia,Arizona State,Matt Grissom,0,no_match
52734,2025,13,West Virginia,Arizona State,McIllece Sports,0,no_match
52735,2025,13,West Virginia,Arizona State,Moore Ratings,0,no_match
52736,2025,13,West Virginia,Arizona State,OddsTrader AI,0,no_match
52737,2025,13,West Virginia,Arizona State,PEARatings,0,no_match
52738,2025,13,West Virginia,Arizona State,PiRate,0,no_match
52739,2025,13,West Virginia,Arizona State,PiRate: Bias,0,no_match
52740,2025,13,West Virginia,Arizona State,PiRate: Mean,0,no_match
52741,2025,13,West Virginia,Arizona State,Power Rank,0,no_match
52742,2025,13,West Virginia,Arizona State,Professor Sides,0,no_match
52743,2025,13,West Virginia,Arizona State,Room44 Bets,0,no_match
52744,2025,13,West Virginia,Arizona State,Ryder Analytics,0,no_match
52745,2025,13,West Virginia,Arizona State,SP+,0,no_match
52746,2025,13,West Virginia,Arizona State,Sagarin,0,no_match
52747,2025,13,West Virginia,Arizona State,Sagarin: Golden,0,no_match
52748,2025,13,West Virginia,Arizona State,Sagarin: Predictor,0,no_match
52749,2025,13,West Virginia,Arizona State,Sagarin: Recent,0,no_match
52750,2025,13,West Virginia,Arizona State,SportsLine,0,no_match
52751,2025,13,West Virginia,Arizona State,SportsRatings,0,no_match
52752,2025,13,West Virginia,Arizona State,TShoe Index,0,no_match
52753,2025,13,West Virginia,Arizona State,TeamRankings,0,no_match
52754,2025,13,West Virginia,Arizona State,Trent Sorensen,0,no_match
52755,2025,13,West Virginia,Arizona State,Wilson Ratings,0,no_match
52946,2025,14,Central Michigan,Kent State,Beta_Rank,0,no_match
52947,2025,14,Central Michigan,Kent State,CFB Geek,0,no_match
52948,2025,14,Central Michigan,Kent State,CFB Graphs,0,no_match
52949,2025,14,Central Michigan,Kent State,CFB Victory,0,no_match
52950,2025,14,Central Michigan,Kent State,Congrove,0,no_match
52951,2025,14,Central Michigan,Kent State,DRatings,0,no_match
52952,2025,14,Central Michigan,Kent State,David Sasser,0,no_match
52953,2025,14,Central Michigan,Kent State,Dokter Entropy,0,no_match
52954,2025,14,Central Michigan,Kent State,ESPN FPI,0,no_match
52955,2025,14,Central Michigan,Kent State,Harville,0,no_match
52956,2025,14,Central Michigan,Kent State,JP+,0,no_match
52957,2025,14,Central Michigan,Kent State,John Harris,0,no_match
52958,2025,14,Central Michigan,Kent State,KFord,0,no_match
52959,2025,14,Central Michigan,Kent State,Keeper,0,no_match
52960,2025,14,Central Michigan,Kent State,Massey,0,no_match
52961,2025,14,Central Michigan,Kent State,Matt Grissom,0,no_match
52962,2025,14,Central Michigan,Kent State,McIllece Sports,0,no_match
52963,2025,14,Central Michigan,Kent State,Moore Ratings,0,no_match
52964,2025,14,Central Michigan,Kent State,OddsTrader AI,0,no_match
52965,2025,14,Central Michigan,Kent State,PEARatings,0,no_match
52966,2025,14,Central Michigan,Kent State,PiRate,0,no_match
52967,2025,14,Central Michigan,Kent State,PiRate: Bias,0,no_match
52968,2025,14,Central Michigan,Kent State,PiRate: Mean,0,no_match
52969,2025,14,Central Michigan,Kent State,Power Rank,0,no_match
52970,2025,14,Central Michigan,Kent State,Professor Sides,0,no_match
52971,2025,14,Central Michigan,Kent State,Room44 Bets,0,no_match
52972,2025,14,Central Michigan,Kent State,Ryder Analytics,0,no_match
52973,2025,14,Central Michigan,Kent State,SP+,0,no_match
52974,2025,14,Central Michigan,Kent State,Sagarin,0,no_match
52975,2025,14,Central Michigan,Kent State,Sagarin: Golden,0,no_match
52976,2025,14,Central Michigan,Kent State,Sagarin: Predictor,0,no_match
52977,2025,14,Central Michigan,Kent State,Sagarin: Recent,0,no_match
52978,2025,14,Central Michigan,Kent State,SportsLine,0,no_match
52979,2025,14,Central Michigan,Kent State,SportsRatings,0,no_match
52980,2025,14,Central Michigan,Kent State,TShoe Index,0,no_match
52981,2025,14,Central Michigan,Kent State,TeamRankings,0,no_match
52982,2025,14,Central Michigan,Kent State,Trent Sorensen,0,no_match
52983,2025,14,Central Michigan,Kent State,Wilson Ratings,0,no_match
53250,2025,14,Jacksonville State,Florida International,Beta_Rank,0,no_match
53251,2025,14,Jacksonville State,Florida International,CFB Geek,0,no_match
53252,2025,14,Jacksonville State,Florida International,CFB Graphs,0,no_match
53253,2025,14,Jacksonville State,Florida International,CFB Victory,0,no_match
53254,2025,14,Jacksonville State,Florida International,Congrove,0,no_match
53255,2025,14,Jacksonville State,Florida International,DRatings,0,no_match
53256,2025,14,Jacksonville State,Florida International,David Sasser,0,no_match
53257,2025,14,Jacksonville State,Florida International,Dokter Entropy,0,no_match
53258,2025,14,Jacksonville State,Florida International,ESPN FPI,0,no_match
53259,2025,14,Jacksonville State,Florida International,Harville,0,no_match
53260,2025,14,Jacksonville State,Florida International,JP+,0,no_match
53261,2025,14,Jacksonville State,Florida International,John Harris,0,no_match
53262,2025,14,Jacksonville State,Florida International,KFord,0,no_match
53263,2025,14,Jacksonville State,Florida International,Keeper,0,no_match
53264,2025,14,Jacksonville State,Florida International,Massey,0,no_match
53265,2025,14,Jacksonville State,Florida International,Matt Grissom,0,no_match
53266,2025,14,Jacksonville State,Florida International,McIllece Sports,0,no_match
53267,2025,14,Jacksonville State,Florida International,Moore Ratings,0,no_match
53268,2025,14,Jacksonville State,Florida International,OddsTrader AI,0,no_match
53269,2025,14,Jacksonville State,Florida International,PEARatings,0,no_match
53270,2025,14,Jacksonville State,Florida International,PiRate,0,no_match
53271,2025,14,Jacksonville State,Florida International,PiRate: Bias,0,no_match
53272,2025,14,Jacksonville State,Florida International,PiRate: Mean,0,no_match
53273,2025,14,Jacksonville State,Florida International,Power Rank,0,no_match
53274,2025,14,Jacksonville State,Florida International,Professor Sides,0,no_match
53275,2025,14,Jacksonville State,Florida International,Room44 Bets,0,no_match
53276,2025,14,Jacksonville State,Florida International,Ryder Analytics,0,no_match
53277,2025,14,Jacksonville State,Florida International,SP+,0,no_match
53278,2025,14,Jacksonville State,Florida International,Sagarin,0,no_match
53279,2025,14,Jacksonville State,Florida International,Sagarin: Golden,0,no_match
53280,2025,14,Jacksonville State,Florida International,Sagarin: Predictor,0,no_match
53281,2025,14,Jacksonville State,Florida International,Sagarin: Recent,0,no_match
53282,2025,14,Jacksonville State,Florida International,SportsLine,0,no_match
53283,2025,14,Jacksonville State,Florida International,SportsRatings,0,no_match
53284,2025,14,Jacksonville State,Florida International,TShoe Index,0,no_match
53285,2025,14,Jacksonville State,Florida International,TeamRankings,0,no_match
53286,2025,14,Jacksonville State,Florida International,Trent Sorensen,0,no_match
53287,2025,14,Jacksonville State,Florida International,Wilson Ratings,0,no_match
53554,2025,14,Miami,Virginia Tech,Beta_Rank,0,no_match
53555,2025,14,Miami,Virginia Tech,CFB Geek,0,no_match
53556,2025,14,Miami,Virginia Tech,CFB Graphs,0,no_match
53557,2025,14,Miami,Virginia Tech,CFB Victory,0,no_match
53558,2025,14,Miami,Virginia Tech,Congrove,0,no_match
53559,2025,14,Miami,Virginia Tech,DRatings,0,no_match
53560,2025,14,Miami,Virginia Tech,David Sasser,0,no_match
53561,2025,14,Miami,Virginia Tech,Dokter Entropy,0,no_match
53562,2025,14,Miami,Virginia Tech,ESPN FPI,0,no_match
53563,2025,14,Miami,Virginia Tech,Harville,0,no_match
53564,2025,14,Miami,Virginia Tech,JP+,0,no_match
53565,2025,14,Miami,Virginia Tech,John Harris,0,no_match
53566,2025,14,Miami,Virginia Tech,KFord,0,no_match
53567,2025,14,Miami,Virginia Tech,Keeper,0,no_match
53568,2025,14,Miami,Virginia Tech,Massey,0,no_match
53569,2025,14,Miami,Virginia Tech,Matt Grissom,0,no_match
53570,2025,14,Miami,Virginia Tech,McIllece Sports,0,no_match
53571,2025,14,Miami,Virginia Tech,Moore Ratings,0,no_match
53572,2025,14,Miami,Virginia Tech,OddsTrader AI,0,no_match
53573,2025,14,Miami,Virginia Tech,PEARatings,0,no_match
53574,2025,14,Miami,Virginia Tech,PiRate,0,no_match
53575,2025,14,Miami,Virginia Tech,PiRate: Bias,0,no_match
53576,2025,14,Miami,Virginia Tech,PiRate: Mean,0,no_match
53577,2025,14,Miami,Virginia Tech,Power Rank,0,no_match
53578,2025,14,Miami,Virginia Tech,Professor Sides,0,no_match
53579,2025,14,Miami,Virginia Tech,Room44 Bets,0,no_match
53580,2025,14,Miami,Virginia Tech,Ryder Analytics,0,no_match
53581,2025,14,Miami,Virginia Tech,SP+,0,no_match
53582,2025,14,Miami,Virginia Tech,Sagarin,0,no_match
53583,2025,14,Miami,Virginia Tech,Sagarin: Golden,0,no_match
53584,2025,14,Miami,Virginia Tech,Sagarin: Predictor,0,no_match
53585,2025,14,Miami,Virginia Tech,Sagarin: Recent,0,no_match
53586,2025,14,Miami,Virginia Tech,SportsLine,0,no_match
53587,2025,14,Miami,Virginia Tech,SportsRatings,0,no_match
53588,2025,14,Miami,Virginia Tech,TShoe Index,0,no_match
53589,2025,14,Miami,Virginia Tech,TeamRankings,0,no_match
53590,2025,14,Miami,Virginia Tech,Trent Sorensen,0,no_match
53591,2025,14,Miami,Virginia Tech,Wilson Ratings,0,no_match
53592,2025,14,Miami OH,Buffalo,Beta_Rank,0,no_match
53593,2025,14,Miami OH,Buffalo,CFB Geek,0,no_match
53594,2025,14,Miami OH,Buffalo,CFB Graphs,0,no_match
53595,2025,14,Miami OH,Buffalo,CFB Victory,0,no_match
53596,2025,14,Miami OH,Buffalo,Congrove,0,no_match
53597,2025,14,Miami OH,Buffalo,DRatings,0,no_match
53598,2025,14,Miami OH,Buffalo,David Sasser,0,no_match
53599,2025,14,Miami OH,Buffalo,Dokter Entropy,0,no_match
53600,2025,14,Miami OH,Buffalo,ESPN FPI,0,no_match
53601,2025,14,Miami OH,Buffalo,Harville,0,no_match
53602,2025,14,Miami OH,Buffalo,JP+,0,no_match
53603,2025,14,Miami OH,Buffalo,John Harris,0,no_match
53604,2025,14,Miami OH,Buffalo,KFord,0,no_match
53605,2025,14,Miami OH,Buffalo,Keeper,0,no_match
53606,2025,14,Miami OH,Buffalo,Massey,0,no_match
53607,2025,14,Miami OH,Buffalo,Matt Grissom,0,no_match
53608,2025,14,Miami OH,Buffalo,McIllece Sports,0,no_match
53609,2025,14,Miami OH,Buffalo,Moore Ratings,0,no_match
53610,2025,14,Miami OH,Buffalo,OddsTrader AI,0,no_match
53611,2025,14,Miami OH,Buffalo,PEARatings,0,no_match
53612,2025,14,Miami OH,Buffalo,PiRate,0,no_match
53613,2025,14,Miami OH,Buffalo,PiRate: Bias,0,no_match
53614,2025,14,Miami OH,Buffalo,PiRate: Mean,0,no_match
53615,2025,14,Miami OH,Buffalo,Power Rank,0,no_match
53616,2025,14,Miami OH,Buffalo,Professor Sides,0,no_match
53617,2025,14,Miami OH,Buffalo,Room44 Bets,0,no_match
53618,2025,14,Miami OH,Buffalo,Ryder Analytics,0,no_match
53619,2025,14,Miami OH,Buffalo,SP+,0,no_match
53620,2025,14,Miami OH,Buffalo,Sagarin,0,no_match
53621,2025,14,Miami OH,Buffalo,Sagarin: Golden,0,no_match
53622,2025,14,Miami OH,Buffalo,Sagarin: Predictor,0,no_match
53623,2025,14,Miami OH,Buffalo,Sagarin: Recent,0,no_match
53624,2025,14,Miami OH,Buffalo,SportsLine,0,no_match
53625,2025,14,Miami OH,Buffalo,SportsRatings,0,no_match
53626,2025,14,Miami OH,Buffalo,TShoe Index,0,no_match
53627,2025,14,Miami OH,Buffalo,TeamRankings,0,no_match
53628,2025,14,Miami OH,Buffalo,Trent Sorensen,0,no_match
53629,2025,14,Miami OH,Buffalo,Wilson Ratings,0,no_match
53933,2025,14,Sam Houston,Middle Tennessee,Beta_Rank,0,no_match
53934,2025,14,Sam Houston,Middle Tennessee,CFB Geek,0,no_match
53935,2025,14,Sam Houston,Middle Tennessee,CFB Graphs,0,no_match
53936,2025,14,Sam Houston,Middle Tennessee,CFB Victory,0,no_match
53937,2025,14,Sam Houston,Middle Tennessee,Congrove,0,no_match
53938,2025,14,Sam Houston,Middle Tennessee,DRatings,0,no_match
53939,2025,14,Sam Houston,Middle Tennessee,David Sasser,0,no_match
53940,2025,14,Sam Houston,Middle Tennessee,Dokter Entropy,0,no_match
53941,2025,14,Sam Houston,Middle Tennessee,ESPN FPI,0,no_match
53942,2025,14,Sam Houston,Middle Tennessee,Harville,0,no_match
53943,2025,14,Sam Houston,Middle Tennessee,JP+,0,no_match
53944,2025,14,Sam Houston,Middle Tennessee,John Harris,0,no_match
53945,2025,14,Sam Houston,Middle Tennessee,KFord,0,no_match
53946,2025,14,Sam Houston,Middle Tennessee,Keeper,0,no_match
53947,2025,14,Sam Houston,Middle Tennessee,Massey,0,no_match
53948,2025,14,Sam Houston,Middle Tennessee,Matt Grissom,0,no_match
53949,2025,14,Sam Houston,Middle Tennessee,McIllece Sports,0,no_match
53950,2025,14,Sam Houston,Middle Tennessee,Moore Ratings,0,no_match
53951,2025,14,Sam Houston,Middle Tennessee,OddsTrader AI,0,no_match
53952,2025,14,Sam Houston,Middle Tennessee,PEARatings,0,no_match
53953,2025,14,Sam Houston,Middle Tennessee,PiRate,0,no_match
53954,2025,14,Sam Houston,Middle Tennessee,PiRate: Bias,0,no_match
53955,2025,14,Sam Houston,Middle Tennessee,PiRate: Mean,0,no_match
53956,2025,14,Sam Houston,Middle Tennessee,Power Rank,0,no_match
53957,2025,14,Sam Houston,Middle Tennessee,Professor Sides,0,no_match
53958,2025,14,Sam Houston,Middle Tennessee,Room44 Bets,0,no_match
53959,2025,14,Sam Houston,Middle Tennessee,Ryder Analytics,0,no_match
53960,2025,14,Sam Houston,Middle Tennessee,SP+,0,no_match
53961,2025,14,Sam Houston,Middle Tennessee,Sagarin,0,no_match
53962,2025,14,Sam Houston,Middle Tennessee,Sagarin: Golden,0,no_match
53963,2025,14,Sam Houston,Middle Tennessee,Sagarin: Predictor,0,no_match
53964,2025,14,Sam Houston,Middle Tennessee,Sagarin: Recent,0,no_match
53965,2025,14,Sam Houston,Middle Tennessee,SportsLine,0,no_match
53966,2025,14,Sam Houston,Middle Tennessee,SportsRatings,0,no_match
53967,2025,14,Sam Houston,Middle Tennessee,TShoe Index,0,no_match
53968,2025,14,Sam Houston,Middle Tennessee,TeamRankings,0,no_match
53969,2025,14,Sam Houston,Middle Tennessee,Trent Sorensen,0,no_match
53970,2025,14,Sam Houston,Middle Tennessee,Wilson Ratings,0,no_match
54009,2025,14,Southern Mississippi,South Alabama,OddsTrader AI,0,no_match
54086,2025,14,Western Michigan,Northern Illinois,Beta_Rank,0,no_match
54087,2025,14,Western Michigan,Northern Illinois,CFB Geek,0,no_match
54088,2025,14,Western Michigan,Northern Illinois,CFB Graphs,0,no_match
54089,2025,14,Western Michigan,Northern Illinois,CFB Victory,0,no_match
54090,2025,14,Western Michigan,Northern Illinois,Congrove,0,no_match
54091,2025,14,Western Michigan,Northern Illinois,DRatings,0,no_match
54092,2025,14,Western Michigan,Northern Illinois,David Sasser,0,no_match
54093,2025,14,Western Michigan,Northern Illinois,Dokter Entropy,0,no_match
54094,2025,14,Western Michigan,Northern Illinois,ESPN FPI,0,no_match
54095,2025,14,Western Michigan,Northern Illinois,Harville,0,no_match
54096,2025,14,Western Michigan,Northern Illinois,JP+,0,no_match
54097,2025,14,Western Michigan,Northern Illinois,John Harris,0,no_match
54098,2025,14,Western Michigan,Northern Illinois,KFord,0,no_match
54099,2025,14,Western Michigan,Northern Illinois,Keeper,0,no_match
54100,2025,14,Western Michigan,Northern Illinois,Massey,0,no_match
54101,2025,14,Western Michigan,Northern Illinois,Matt Grissom,0,no_match
54102,2025,14,Western Michigan,Northern Illinois,McIllece Sports,0,no_match
54103,2025,14,Western Michigan,Northern Illinois,Moore Ratings,0,no_match
54104,2025,14,Western Michigan,Northern Illinois,OddsTrader AI,0,no_match
54105,2025,14,Western Michigan,Northern Illinois,PEARatings,0,no_match
54106,2025,14,Western Michigan,Northern Illinois,PiRate,0,no_match
54107,2025,14,Western Michigan,Northern Illinois,PiRate: Bias,0,no_match
54108,2025,14,Western Michigan,Northern Illinois,PiRate: Mean,0,no_match
54109,2025,14,Western Michigan,Northern Illinois,Power Rank,0,no_match
54110,2025,14,Western Michigan,Northern Illinois,Professor Sides,0,no_match
54111,2025,14,Western Michigan,Northern Illinois,Room44 Bets,0,no_match
54112,2025,14,Western Michigan,Northern Illinois,Ryder Analytics,0,no_match
54113,2025,14,Western Michigan,Northern Illinois,SP+,0,no_match
54114,2025,14,Western Michigan,Northern Illinois,Sagarin,0,no_match
54115,2025,14,Western Michigan,Northern Illinois,Sagarin: Golden,0,no_match
54116,2025,14,Western Michigan,Northern Illinois,Sagarin: Predictor,0,no_match
54117,2025,14,Western Michigan,Northern Illinois,Sagarin: Recent,0,no_match
54118,2025,14,Western Michigan,Northern Illinois,SportsLine,0,no_match
54119,2025,14,Western Michigan,Northern Illinois,SportsRatings,0,no_match
54120,2025,14,Western Michigan,Northern Illinois,TShoe Index,0,no_match
54121,2025,14,Western Michigan,Northern Illinois,TeamRankings,0,no_match
54122,2025,14,Western Michigan,Northern Illinois,Trent Sorensen,0,no_match
54123,2025,14,Western Michigan,Northern Illinois,Wilson Ratings,0,no_match
54238,2025,15,Ball State,Miami OH,Beta_Rank,0,no_match
54239,2025,15,Ball State,Miami OH,CFB Geek,0,no_match
54240,2025,15,Ball State,Miami OH,CFB Graphs,0,no_match
54241,2025,15,Ball State,Miami OH,CFB Victory,0,no_match
54242,2025,15,Ball State,Miami OH,Congrove,0,no_match
54243,2025,15,Ball State,Miami OH,DRatings,0,no_match
54244,2025,15,Ball State,Miami OH,David Sasser,0,no_match
54245,2025,15,Ball State,Miami OH,Dokter Entropy,0,no_match
54246,2025,15,Ball State,Miami OH,ESPN FPI,0,no_match
54247,2025,15,Ball State,Miami OH,Harville,0,no_match
54248,2025,15,Ball State,Miami OH,JP+,0,no_match
54249,2025,15,Ball State,Miami OH,John Harris,0,no_match
54250,2025,15,Ball State,Miami OH,KFord,0,no_match
54251,2025,15,Ball State,Miami OH,Keeper,0,no_match
54252,2025,15,Ball State,Miami OH,Massey,0,no_match
54253,2025,15,Ball State,Miami OH,Matt Grissom,0,no_match
54254,2025,15,Ball State,Miami OH,McIllece Sports,0,no_match
54255,2025,15,Ball State,Miami OH,Moore Ratings,0,no_match
54256,2025,15,Ball State,Miami OH,OddsTrader AI,0,no_match
54257,2025,15,Ball State,Miami OH,PEARatings,0,no_match
54258,2025,15,Ball State,Miami OH,PiRate,0,no_match
54259,2025,15,Ball State,Miami OH,PiRate: Bias,0,no_match
54260,2025,15,Ball State,Miami OH,PiRate: Mean,0,no_match
54261,2025,15,Ball State,Miami OH,Power Rank,0,no_match
54262,2025,15,Ball State,Miami OH,Professor Sides,0,no_match
54263,2025,15,Ball State,Miami OH,Room44 Bets,0,no_match
54264,2025,15,Ball State,Miami OH,Ryder Analytics,0,no_match
54265,2025,15,Ball State,Miami OH,SP+,0,no_match
54266,2025,15,Ball State,Miami OH,Sagarin,0,no_match
54267,2025,15,Ball State,Miami OH,Sagarin: Golden,0,no_match
54268,2025,15,Ball State,Miami OH,Sagarin: Predictor,0,no_match
54269,2025,15,Ball State,Miami OH,Sagarin: Recent,0,no_match
54270,2025,15,Ball State,Miami OH,SportsLine,0,no_match
54271,2025,15,Ball State,Miami OH,SportsRatings,0,no_match
54272,2025,15,Ball State,Miami OH,TShoe Index,0,no_match
54273,2025,15,Ball State,Miami OH,TeamRankings,0,no_match
54274,2025,15,Ball State,Miami OH,Trent Sorensen,0,no_match
54275,2025,15,Ball State,Miami OH,Wilson Ratings,0,no_match
54466,2025,15,Florida International,Sam Houston,Beta_Rank,0,no_match
54467,2025,15,Florida International,Sam Houston,CFB Geek,0,no_match
54468,2025,15,Florida International,Sam Houston,CFB Graphs,0,no_match
54469,2025,15,Florida International,Sam Houston,CFB Victory,0,no_match
54470,2025,15,Florida International,Sam Houston,Congrove,0,no_match
54471,2025,15,Florida International,Sam Houston,DRatings,0,no_match
54472,2025,15,Florida International,Sam Houston,David Sasser,0,no_match
54473,2025,15,Florida International,Sam Houston,Dokter Entropy,0,no_match
54474,2025,15,Florida International,Sam Houston,ESPN FPI,0,no_match
54475,2025,15,Florida International,Sam Houston,Harville,0,no_match
54476,2025,15,Florida International,Sam Houston,JP+,0,no_match
54477,2025,15,Florida International,Sam Houston,John Harris,0,no_match
54478,2025,15,Florida International,Sam Houston,KFord,0,no_match
54479,2025,15,Florida International,Sam Houston,Keeper,0,no_match
54480,2025,15,Florida International,Sam Houston,Massey,0,no_match
54481,2025,15,Florida International,Sam Houston,Matt Grissom,0,no_match
54482,2025,15,Florida International,Sam Houston,McIllece Sports,0,no_match
54483,2025,15,Florida International,Sam Houston,Moore Ratings,0,no_match
54484,2025,15,Florida International,Sam Houston,OddsTrader AI,0,no_match
54485,2025,15,Florida International,Sam Houston,PEARatings,0,no_match
54486,2025,15,Florida International,Sam Houston,PiRate,0,no_match
54487,2025,15,Florida International,Sam Houston,PiRate: Bias,0,no_match
54488,2025,15,Florida International,Sam Houston,PiRate: Mean,0,no_match
54489,2025,15,Florida International,Sam Houston,Power Rank,0,no_match
54490,2025,15,Florida International,Sam Houston,Professor Sides,0,no_match
54491,2025,15,Florida International,Sam Houston,Room44 Bets,0,no_match
54492,2025,15,Florida International,Sam Houston,Ryder Analytics,0,no_match
54493,2025,15,Florida International,Sam Houston,SP+,0,no_match
54494,2025,15,Florida International,Sam Houston,Sagarin,0,no_match
54495,2025,15,Florida International,Sam Houston,Sagarin: Golden,0,no_match
54496,2025,15,Florida International,Sam Houston,Sagarin: Predictor,0,no_match
54497,2025,15,Florida International,Sam Houston,Sagarin: Recent,0,no_match
54498,2025,15,Florida International,Sam Houston,SportsLine,0,no_match
54499,2025,15,Florida International,Sam Houston,SportsRatings,0,no_match
54500,2025,15,Florida International,Sam Houston,TShoe Index,0,no_match
54501,2025,15,Florida International,Sam Houston,TeamRankings,0,no_match
54502,2025,15,Florida International,Sam Houston,Trent Sorensen,0,no_match
54503,2025,15,Florida International,Sam Houston,Wilson Ratings,0,no_match
54770,2025,15,Kent State,Northern Illinois,Beta_Rank,0,no_match
54771,2025,15,Kent State,Northern Illinois,CFB Geek,0,no_match
54772,2025,15,Kent State,Northern Illinois,CFB Graphs,0,no_match
54773,2025,15,Kent State,Northern Illinois,CFB Victory,0,no_match
54774,2025,15,Kent State,Northern Illinois,Congrove,0,no_match
54775,2025,15,Kent State,Northern Illinois,DRatings,0,no_match
54776,2025,15,Kent State,Northern Illinois,David Sasser,0,no_match
54777,2025,15,Kent State,Northern Illinois,Dokter Entropy,0,no_match
54778,2025,15,Kent State,Northern Illinois,ESPN FPI,0,no_match
54779,2025,15,Kent State,Northern Illinois,Harville,0,no_match
54780,2025,15,Kent State,Northern Illinois,JP+,0,no_match
54781,2025,15,Kent State,Northern Illinois,John Harris,0,no_match
54782,2025,15,Kent State,Northern Illinois,KFord,0,no_match
54783,2025,15,Kent State,Northern Illinois,Keeper,0,no_match
54784,2025,15,Kent State,Northern Illinois,Massey,0,no_match
54785,2025,15,Kent State,Northern Illinois,Matt Grissom,0,no_match
54786,2025,15,Kent State,Northern Illinois,McIllece Sports,0,no_match
54787,2025,15,Kent State,Northern Illinois,Moore Ratings,0,no_match
54788,2025,15,Kent State,Northern Illinois,OddsTrader AI,0,no_match
54789,2025,15,Kent State,Northern Illinois,PEARatings,0,no_match
54790,2025,15,Kent State,Northern Illinois,PiRate,0,no_match
54791,2025,15,Kent State,Northern Illinois,PiRate: Bias,0,no_match
54792,2025,15,Kent State,Northern Illinois,PiRate: Mean,0,no_match
54793,2025,15,Kent State,Northern Illinois,Power Rank,0,no_match
54794,2025,15,Kent State,Northern Illinois,Professor Sides,0,no_match
54795,2025,15,Kent State,Northern Illinois,Room44 Bets,0,no_match
54796,2025,15,Kent State,Northern Illinois,Ryder Analytics,0,no_match
54797,2025,15,Kent State,Northern Illinois,SP+,0,no_match
54798,2025,15,Kent State,Northern Illinois,Sagarin,0,no_match
54799,2025,15,Kent State,Northern Illinois,Sagarin: Golden,0,no_match
54800,2025,15,Kent State,Northern Illinois,Sagarin: Predictor,0,no_match
54801,2025,15,Kent State,Northern Illinois,Sagarin: Recent,0,no_match
54802,2025,15,Kent State,Northern Illinois,SportsLine,0,no_match
54803,2025,15,Kent State,Northern Illinois,SportsRatings,0,no_match
54804,2025,15,Kent State,Northern Illinois,TShoe Index,0,no_match
54805,2025,15,Kent State,Northern Illinois,TeamRankings,0,no_match
54806,2025,15,Kent State,Northern Illinois,Trent Sorensen,0,no_match
54807,2025,15,Kent State,Northern Illinois,Wilson Ratings,0,no_match
54884,2025,15,Miami,Pittsburgh,Beta_Rank,0,no_match
54885,2025,15,Miami,Pittsburgh,CFB Geek,0,no_match
54886,2025,15,Miami,Pittsburgh,CFB Graphs,0,no_match
54887,2025,15,Miami,Pittsburgh,CFB Victory,0,no_match
54888,2025,15,Miami,Pittsburgh,Congrove,0,no_match
54889,2025,15,Miami,Pittsburgh,DRatings,0,no_match
54890,2025,15,Miami,Pittsburgh,David Sasser,0,no_match
54891,2025,15,Miami,Pittsburgh,Dokter Entropy,0,no_match
54892,2025,15,Miami,Pittsburgh,ESPN FPI,0,no_match
54893,2025,15,Miami,Pittsburgh,Harville,0,no_match
54894,2025,15,Miami,Pittsburgh,JP+,0,no_match
54895,2025,15,Miami,Pittsburgh,John Harris,0,no_match
54896,2025,15,Miami,Pittsburgh,KFord,0,no_match
54897,2025,15,Miami,Pittsburgh,Keeper,0,no_match
54898,2025,15,Miami,Pittsburgh,Massey,0,no_match
54899,2025,15,Miami,Pittsburgh,Matt Grissom,0,no_match
54900,2025,15,Miami,Pittsburgh,McIllece Sports,0,no_match
54901,2025,15,Miami,Pittsburgh,Moore Ratings,0,no_match
54902,2025,15,Miami,Pittsburgh,OddsTrader AI,0,no_match
54903,2025,15,Miami,Pittsburgh,PEARatings,0,no_match
54904,2025,15,Miami,Pittsburgh,PiRate,0,no_match
54905,2025,15,Miami,Pittsburgh,PiRate: Bias,0,no_match
54906,2025,15,Miami,Pittsburgh,PiRate: Mean,0,no_match
54907,2025,15,Miami,Pittsburgh,Power Rank,0,no_match
54908,2025,15,Miami,Pittsburgh,Professor Sides,0,no_match
54909,2025,15,Miami,Pittsburgh,Room44 Bets,0,no_match
54910,2025,15,Miami,Pittsburgh,Ryder Analytics,0,no_match
54911,2025,15,Miami,Pittsburgh,SP+,0,no_match
54912,2025,15,Miami,Pittsburgh,Sagarin,0,no_match
54913,2025,15,Miami,Pittsburgh,Sagarin: Golden,0,no_match
54914,2025,15,Miami,Pittsburgh,Sagarin: Predictor,0,no_match
54915,2025,15,Miami,Pittsburgh,Sagarin: Recent,0,no_match
54916,2025,15,Miami,Pittsburgh,SportsLine,0,no_match
54917,2025,15,Miami,Pittsburgh,SportsRatings,0,no_match
54918,2025,15,Miami,Pittsburgh,TShoe Index,0,no_match
54919,2025,15,Miami,Pittsburgh,TeamRankings,0,no_match
54920,2025,15,Miami,Pittsburgh,Trent Sorensen,0,no_match
54921,2025,15,Miami,Pittsburgh,Wilson Ratings,0,no_match
55188,2025,15,Texas Tech,West Virginia,Beta_Rank,0,no_match
55189,2025,15,Texas Tech,West Virginia,CFB Geek,0,no_match
55190,2025,15,Texas Tech,West Virginia,CFB Graphs,0,no_match
55191,2025,15,Texas Tech,West Virginia,CFB Victory,0,no_match
55192,2025,15,Texas Tech,West Virginia,Congrove,0,no_match
55193,2025,15,Texas Tech,West Virginia,DRatings,0,no_match
55194,2025,15,Texas Tech,West Virginia,David Sasser,0,no_match
55195,2025,15,Texas Tech,West Virginia,Dokter Entropy,0,no_match
55196,2025,15,Texas Tech,West Virginia,ESPN FPI,0,no_match
55197,2025,15,Texas Tech,West Virginia,Harville,0,no_match
55198,2025,15,Texas Tech,West Virginia,JP+,0,no_match
55199,2025,15,Texas Tech,West Virginia,John Harris,0,no_match
55200,2025,15,Texas Tech,West Virginia,KFord,0,no_match
55201,2025,15,Texas Tech,West Virginia,Keeper,0,no_match
55202,2025,15,Texas Tech,West Virginia,Massey,0,no_match
55203,2025,15,Texas Tech,West Virginia,Matt Grissom,0,no_match
55204,2025,15,Texas Tech,West Virginia,McIllece Sports,0,no_match
55205,2025,15,Texas Tech,West Virginia,Moore Ratings,0,no_match
55206,2025,15,Texas Tech,West Virginia,OddsTrader AI,0,no_match
55207,2025,15,Texas Tech,West Virginia,PEARatings,0,no_match
55208,2025,15,Texas Tech,West Virginia,PiRate,0,no_match
55209,2025,15,Texas Tech,West Virginia,PiRate: Bias,0,no_match
55210,2025,15,Texas Tech,West Virginia,PiRate: Mean,0,no_match
55211,2025,15,Texas Tech,West Virginia,Power Rank,0,no_match
55212,2025,15,Texas Tech,West Virginia,Professor Sides,0,no_match
55213,2025,15,Texas Tech,West Virginia,Room44 Bets,0,no_match
55214,2025,15,Texas Tech,West Virginia,Ryder Analytics,0,no_match
55215,2025,15,Texas Tech,West Virginia,SP+,0,no_match
55216,2025,15,Texas Tech,West Virginia,Sagarin,0,no_match
55217,2025,15,Texas Tech,West Virginia,Sagarin: Golden,0,no_match
55218,2025,15,Texas Tech,West Virginia,Sagarin: Predictor,0,no_match
55219,2025,15,Texas Tech,West Virginia,Sagarin: Recent,0,no_match
55220,2025,15,Texas Tech,West Virginia,SportsLine,0,no_match
55221,2025,15,Texas Tech,West Virginia,SportsRatings,0,no_match
55222,2025,15,Texas Tech,West Virginia,TShoe Index,0,no_match
55223,2025,15,Texas Tech,West Virginia,TeamRankings,0,no_match
55224,2025,15,Texas Tech,West Virginia,Trent Sorensen,0,no_match
55225,2025,15,Texas Tech,West Virginia,Wilson Ratings,0,no_match
55226,2025,15,Toledo,Central Michigan,Beta_Rank,0,no_match
55227,2025,15,Toledo,Central Michigan,CFB Geek,0,no_match
55228,2025,15,Toledo,Central Michigan,CFB Graphs,0,no_match
55229,2025,15,Toledo,Central Michigan,CFB Victory,0,no_match
55230,2025,15,Toledo,Central Michigan,Congrove,0,no_match
55231,2025,15,Toledo,Central Michigan,DRatings,0,no_match
55232,2025,15,Toledo,Central Michigan,David Sasser,0,no_match
55233,2025,15,Toledo,Central Michigan,Dokter Entropy,0,no_match
55234,2025,15,Toledo,Central Michigan,ESPN FPI,0,no_match
55235,2025,15,Toledo,Central Michigan,Harville,0,no_match
55236,2025,15,Toledo,Central Michigan,JP+,0,no_match
55237,2025,15,Toledo,Central Michigan,John Harris,0,no_match
55238,2025,15,Toledo,Central Michigan,KFord,0,no_match
55239,2025,15,Toledo,Central Michigan,Keeper,0,no_match
55240,2025,15,Toledo,Central Michigan,Massey,0,no_match
55241,2025,15,Toledo,Central Michigan,Matt Grissom,0,no_match
55242,2025,15,Toledo,Central Michigan,McIllece Sports,0,no_match
55243,2025,15,Toledo,Central Michigan,Moore Ratings,0,no_match
55244,2025,15,Toledo,Central Michigan,OddsTrader AI,0,no_match
55245,2025,15,Toledo,Central Michigan,PEARatings,0,no_match
55246,2025,15,Toledo,Central Michigan,PiRate,0,no_match
55247,2025,15,Toledo,Central Michigan,PiRate: Bias,0,no_match
55248,2025,15,Toledo,Central Michigan,PiRate: Mean,0,no_match
55249,2025,15,Toledo,Central Michigan,Power Rank,0,no_match
55250,2025,15,Toledo,Central Michigan,Professor Sides,0,no_match
55251,2025,15,Toledo,Central Michigan,Room44 Bets,0,no_match
55252,2025,15,Toledo,Central Michigan,Ryder Analytics,0,no_match
55253,2025,15,Toledo,Central Michigan,SP+,0,no_match
55254,2025,15,Toledo,Central Michigan,Sagarin,0,no_match
55255,2025,15,Toledo,Central Michigan,Sagarin: Golden,0,no_match
55256,2025,15,Toledo,Central Michigan,Sagarin: Predictor,0,no_match
55257,2025,15,Toledo,Central Michigan,Sagarin: Recent,0,no_match
55258,2025,15,Toledo,Central Michigan,SportsLine,0,no_match
55259,2025,15,Toledo,Central Michigan,SportsRatings,0,no_match
55260,2025,15,Toledo,Central Michigan,TShoe Index,0,no_match
55261,2025,15,Toledo,Central Michigan,TeamRankings,0,no_match
55262,2025,15,Toledo,Central Michigan,Trent Sorensen,0,no_match
55263,2025,15,Toledo,Central Michigan,Wilson Ratings,0,no_match
55416,2025,15,Western Michigan,Eastern Michigan,Beta_Rank,0,no_match
55417,2025,15,Western Michigan,Eastern Michigan,CFB Geek,0,no_match
55418,2025,15,Western Michigan,Eastern Michigan,CFB Graphs,0,no_match
55419,2025,15,Western Michigan,Eastern Michigan,CFB Victory,0,no_match
55420,2025,15,Western Michigan,Eastern Michigan,Congrove,0,no_match
55421,2025,15,Western Michigan,Eastern Michigan,DRatings,0,no_match
55422,2025,15,Western Michigan,Eastern Michigan,David Sasser,0,no_match
55423,2025,15,Western Michigan,Eastern Michigan,Dokter Entropy,0,no_match
55424,2025,15,Western Michigan,Eastern Michigan,ESPN FPI,0,no_match
55425,2025,15,Western Michigan,Eastern Michigan,Harville,0,no_match
55426,2025,15,Western Michigan,Eastern Michigan,JP+,0,no_match
55427,2025,15,Western Michigan,Eastern Michigan,John Harris,0,no_match
55428,2025,15,Western Michigan,Eastern Michigan,KFord,0,no_match
55429,2025,15,Western Michigan,Eastern Michigan,Keeper,0,no_match
55430,2025,15,Western Michigan,Eastern Michigan,Massey,0,no_match
55431,2025,15,Western Michigan,Eastern Michigan,Matt Grissom,0,no_match
55432,2025,15,Western Michigan,Eastern Michigan,McIllece Sports,0,no_match
55433,2025,15,Western Michigan,Eastern Michigan,Moore Ratings,0,no_match
55434,2025,15,Western Michigan,Eastern Michigan,OddsTrader AI,0,no_match
55435,2025,15,Western Michigan,Eastern Michigan,PEARatings,0,no_match
55436,2025,15,Western Michigan,Eastern Michigan,PiRate,0,no_match
55437,2025,15,Western Michigan,Eastern Michigan,PiRate: Bias,0,no_match
55438,2025,15,Western Michigan,Eastern Michigan,PiRate: Mean,0,no_match
55439,2025,15,Western Michigan,Eastern Michigan,Power Rank,0,no_match
55440,2025,15,Western Michigan,Eastern Michigan,Professor Sides,0,no_match
55441,2025,15,Western Michigan,Eastern Michigan,Room44 Bets,0,no_match
55442,2025,15,Western Michigan,Eastern Michigan,Ryder Analytics,0,no_match
55443,2025,15,Western Michigan,Eastern Michigan,SP+,0,no_match
55444,2025,15,Western Michigan,Eastern Michigan,Sagarin,0,no_match
55445,2025,15,Western Michigan,Eastern Michigan,Sagarin: Golden,0,no_match
55446,2025,15,Western Michigan,Eastern Michigan,Sagarin: Predictor,0,no_match
55447,2025,15,Western Michigan,Eastern Michigan,Sagarin: Recent,0,no_match
55448,2025,15,Western Michigan,Eastern Michigan,SportsLine,0,no_match
55449,2025,15,Western Michigan,Eastern Michigan,SportsRatings,0,no_match
55450,2025,15,Western Michigan,Eastern Michigan,TShoe Index,0,no_match
55451,2025,15,Western Michigan,Eastern Michigan,TeamRankings,0,no_match
55452,2025,15,Western Michigan,Eastern Michigan,Trent Sorensen,0,no_match
55453,2025,15,Western Michigan,Eastern Michigan,Wilson Ratings,0,no_match
55644,2025,16,Miami OH,Western Michigan,Beta_Rank,0,no_match
55645,2025,16,Miami OH,Western Michigan,CFB Geek,0,no_match
55646,2025,16,Miami OH,Western Michigan,CFB Graphs,0,no_match
55647,2025,16,Miami OH,Western Michigan,CFB Victory,0,no_match
55648,2025,16,Miami OH,Western Michigan,Congrove,0,no_match
55649,2025,16,Miami OH,Western Michigan,DRatings,0,no_match
55650,2025,16,Miami OH,Western Michigan,David Sasser,0,no_match
55651,2025,16,Miami OH,Western Michigan,Dokter Entropy,0,no_match
55652,2025,16,Miami OH,Western Michigan,ESPN FPI,0,no_match
55653,2025,16,Miami OH,Western Michigan,Harville,0,no_match
55654,2025,16,Miami OH,Western Michigan,JP+,0,no_match
55655,2025,16,Miami OH,Western Michigan,John Harris,0,no_match
55656,2025,16,Miami OH,Western Michigan,KFord,0,no_match
55657,2025,16,Miami OH,Western Michigan,Keeper,0,no_match
55658,2025,16,Miami OH,Western Michigan,Massey,0,no_match
55659,2025,16,Miami OH,Western Michigan,Matt Grissom,0,no_match
55660,2025,16,Miami OH,Western Michigan,McIllece Sports,0,no_match
55661,2025,16,Miami OH,Western Michigan,Moore Ratings,0,no_match
55662,2025,16,Miami OH,Western Michigan,OddsTrader AI,0,no_match
55663,2025,16,Miami OH,Western Michigan,PEARatings,0,no_match
55664,2025,16,Miami OH,Western Michigan,PiRate,0,no_match
55665,2025,16,Miami OH,Western Michigan,PiRate: Bias,0,no_match
55666,2025,16,Miami OH,Western Michigan,PiRate: Mean,0,no_match
55667,2025,16,Miami OH,Western Michigan,Power Rank,0,no_match
55668,2025,16,Miami OH,Western Michigan,Professor Sides,0,no_match
55669,2025,16,Miami OH,Western Michigan,Room44 Bets,0,no_match
55670,2025,16,Miami OH,Western Michigan,Ryder Analytics,0,no_match
55671,2025,16,Miami OH,Western Michigan,SP+,0,no_match
55672,2025,16,Miami OH,Western Michigan,Sagarin,0,no_match
55673,2025,16,Miami OH,Western Michigan,Sagarin: Golden,0,no_match
55674,2025,16,Miami OH,Western Michigan,Sagarin: Predictor,0,no_match
55675,2025,16,Miami OH,Western Michigan,Sagarin: Recent,0,no_match
55676,2025,16,Miami OH,Western Michigan,SportsLine,0,no_match
55677,2025,16,Miami OH,Western Michigan,SportsRatings,0,no_match
55678,2025,16,Miami OH,Western Michigan,TShoe Index,0,no_match
55679,2025,16,Miami OH,Western Michigan,TeamRankings,0,no_match
55680,2025,16,Miami OH,Western Michigan,Trent Sorensen,0,no_match
55681,2025,16,Miami OH,Western Michigan,Wilson Ratings,0,no_match
55720,2025,16,Troy,James Madison,Beta_Rank,0,no_match
55721,2025,16,Troy,James Madison,CFB Geek,0,no_match
55722,2025,16,Troy,James Madison,CFB Graphs,0,no_match
55723,2025,16,Troy,James Madison,CFB Victory,0,no_match
55724,2025,16,Troy,James Madison,Congrove,0,no_match
55725,2025,16,Troy,James Madison,DRatings,0,no_match
55726,2025,16,Troy,James Madison,David Sasser,0,no_match
55727,2025,16,Troy,James Madison,Dokter Entropy,0,no_match
55728,2025,16,Troy,James Madison,ESPN FPI,0,no_match
55729,2025,16,Troy,James Madison,Harville,0,no_match
55730,2025,16,Troy,James Madison,JP+,0,no_match
55731,2025,16,Troy,James Madison,John Harris,0,no_match
55732,2025,16,Troy,James Madison,KFord,0,no_match
55733,2025,16,Troy,James Madison,Keeper,0,no_match
55734,2025,16,Troy,James Madison,Massey,0,no_match
55735,2025,16,Troy,James Madison,Matt Grissom,0,no_match
55736,2025,16,Troy,James Madison,McIllece Sports,0,no_match
55737,2025,16,Troy,James Madison,Moore Ratings,0,no_match
55738,2025,16,Troy,James Madison,OddsTrader AI,0,no_match
55739,2025,16,Troy,James Madison,PEARatings,0,no_match
55740,2025,16,Troy,James Madison,PiRate,0,no_match
55741,2025,16,Troy,James Madison,PiRate: Bias,0,no_match
55742,2025,16,Troy,James Madison,PiRate: Mean,0,no_match
55743,2025,16,Troy,James Madison,Power Rank,0,no_match
55744,2025,16,Troy,James Madison,Professor Sides,0,no_match
55745,2025,16,Troy,James Madison,Room44 Bets,0,no_match
55746,2025,16,Troy,James Madison,Ryder Analytics,0,no_match
55747,2025,16,Troy,James Madison,SP+,0,no_match
55748,2025,16,Troy,James Madison,Sagarin,0,no_match
55749,2025,16,Troy,James Madison,Sagarin: Golden,0,no_match
55750,2025,16,Troy,James Madison,Sagarin: Predictor,0,no_match
55751,2025,16,Troy,James Madison,Sagarin: Recent,0,no_match
55752,2025,16,Troy,James Madison,SportsLine,0,no_match
55753,2025,16,Troy,James Madison,SportsRatings,0,no_match
55754,2025,16,Troy,James Madison,TShoe Index,0,no_match
55755,2025,16,Troy,James Madison,TeamRankings,0,no_match
55756,2025,16,Troy,James Madison,Trent Sorensen,0,no_match
55757,2025,16,Troy,James Madison,Wilson Ratings,0,no_match
