canonical_model_id,model_name,predictions,bets,wins,losses,pushes,units,mae,bias,ats_pct,roi,wilson_low,seasons,rank,pool_rank,fold,line_reference,ranking_method,incremental_corr,incremental_gamma,incremental_score,residual_mae
massey,Massey Ratings,1425.0,1382,728.0,654.0,41.0,7.818181818181801,12.977761403508772,-0.18466666666666676,0.5267727930535456,0.005657150374950652,0.5004116688936594,2.0,1.0,1,1,Open,wilson,,,,
linept_round,lineround,1034.0,956,498.0,458.0,31.0,-5.272727272727284,13.359767891682786,0.27852998065764023,0.5209205020920502,-0.005515405096995067,0.4892329689249496,2.0,2.0,2,1,Open,wilson,,,,
linept_bihl,Bihl System,750.0,729,383.0,346.0,21.0,2.181818181818174,13.006906666666664,-0.2236,0.5253772290809328,0.00299289188178076,0.48909024078441676,2.0,3.0,3,1,Open,wilson,,,,
linept_rwp,Laffaye RWP,1311.0,1272,656.0,616.0,38.0,-19.636363636363654,13.747955758962624,0.25489702517162466,0.5157232704402516,-0.015437392795883376,0.4882535234762215,2.0,4.0,4,1,Open,wilson,,,,
keeper,Keeper,1418.0,1376,708.0,668.0,41.0,-24.36363636363638,13.362827926657262,-0.16398448519040898,0.5145348837209303,-0.017706131078224115,0.4881237931628594,2.0,5.0,5,1,Open,wilson,,,,
linept_elo,Beck Elo,1425.0,1382,711.0,671.0,41.0,-24.636363636363654,13.35094035087719,-0.30385263157894743,0.5144717800289436,-0.017826601762925946,0.4881180913018758,2.0,6.0,6,1,Open,wilson,,,,
linept_argh,Argh Ratings,1425.0,1302,668.0,634.0,41.0,-26.727272727272744,13.313157894736841,-0.0412280701754386,0.5130568356374808,-0.02052785923753667,0.48590869667788283,2.0,7.0,7,1,Open,wilson,,,,
linept_how,Howell,1423.0,1339,686.0,653.0,41.0,-29.36363636363638,13.450091356289532,-0.29762473647224175,0.5123226288274833,-0.021929526783895727,0.48555274807823207,2.0,9.0,8,1,Open,wilson,,,,
espn_fpi,ESPN FPI,1425.0,1380,704.0,676.0,41.0,-36.00000000000002,12.69581754385965,-0.28245614035087735,0.5101449275362319,-0.026086956521739146,0.48377858582693767,2.0,10.0,9,1,Open,wilson,,,,
congrove,Congrove Computer Rankings,1424.0,1379,703.0,676.0,41.0,-36.90909090909093,13.401362359550562,0.10431179775280912,0.5097897026831038,-0.026765113059529316,0.483414433639725,2.0,11.0,10,1,Open,wilson,,,,
linept_paynewl,linepaynewl,1425.0,1382,702.0,680.0,41.0,-41.81818181818184,13.980715789473681,0.14008421052631578,0.507959479015919,-0.030259176424154734,0.48161617023822134,2.0,12.0,11,1,Open,wilson,,,,
linept_payne,linepayne,1425.0,1382,701.0,681.0,41.0,-43.72727272727275,13.265887719298245,0.15075789473684206,0.5072358900144718,-0.031640573608735706,0.480894009626604,2.0,13.0,12,1,Open,wilson,,,,
linept_laz,Laz Index,1423.0,1381,698.0,683.0,41.0,-48.454545454545475,13.045172171468728,-0.17560084328882639,0.5054308472121651,-0.03508656441313937,0.4790832566064575,2.0,14.0,13,1,Open,wilson,,,,
linept_loud,Loudsound.org,1408.0,1315,665.0,650.0,40.0,-45.454545454545475,14.417613636363637,0.30113636363636365,0.5057034220532319,-0.03456619426201177,0.4787035986124561,2.0,15.0,14,1,Open,wilson,,,,
dokter_entropy,Dokter Entropy,1424.0,1382,696.0,686.0,41.0,-53.272727272727295,12.690730337078653,-0.39092696629213486,0.5036179450072359,-0.03854755953164059,0.4772840314575398,2.0,16.0,15,1,Open,wilson,,,,
linept_kerns,Stephen Kerns,1425.0,1379,694.0,685.0,41.0,-54.09090909090911,14.026224561403508,0.42268771929824556,0.5032632342277013,-0.03922473465620675,0.4769016173373062,2.0,17.0,16,1,Open,wilson,,,,
linecfbp_professor_sides,Professor Sides,931.0,893,455.0,438.0,27.0,-24.363636363636374,12.87798066595059,-0.036090225563909735,0.509518477043673,-0.027282907462078808,0.47676007274734766,2.0,18.0,17,1,Open,wilson,,,,
linept_bill,Billingsley,1424.0,1383,695.0,688.0,41.0,-56.1818181818182,13.716088483146066,-0.11184691011235953,0.502530730296457,-0.04062315125221851,0.4762089769313904,2.0,19.0,18,1,Open,wilson,,,,
linecfbp_power_rank_free,Power Rank: Free,427.0,418,219.0,199.0,9.0,0.09090909090908506,12.80023419203747,-1.3637002341920377,0.5239234449760766,0.00021748586341886376,0.4760459973027177,1.0,20.0,19,1,Open,wilson,,,,
linept_dunk,Dunkel Index,1256.0,1223,616.0,607.0,33.0,-47.00000000000002,13.381942675159237,-0.40136942675159226,0.5036794766966476,-0.038430089942763715,0.47569024648108876,2.0,21.0,20,1,Open,wilson,,,,
harville,David Harville,1425.0,1382,692.0,690.0,41.0,-60.90909090909093,12.848287719298243,-0.17564210526315788,0.5007235890014472,-0.044073148269964495,0.474397038649562,2.0,23.0,21,1,Open,wilson,,,,
linecfbp_sp,SP+,933.0,894,453.0,441.0,27.0,-29.181818181818194,12.872454448017148,-0.0006430868167204643,0.5067114093959731,-0.03264185478950581,0.4739803182994178,2.0,24.0,22,1,Open,wilson,,,,
linecfbp_cfbwe_average,CFBWE: Average,427.0,417,217.0,200.0,9.0,-2.727272727272733,12.848946135831381,-0.9510538641686181,0.5203836930455635,-0.006540222367560511,0.47246658492026367,1.0,25.0,23,1,Open,wilson,,,,
linept_dwig,DP Dwiggins,1421.0,1322,658.0,664.0,41.0,-65.81818181818183,13.7009148486981,-0.1330049261083744,0.4977307110438729,-0.04978682437078807,0.4708239311634621,2.0,27.0,24,1,Open,wilson,,,,
linecfbp_power_rank,Power Rank,931.0,894,450.0,444.0,27.0,-34.90909090909092,12.779806659505908,-0.07368421052631569,0.5033557046979866,-0.03904820012202564,0.47063677076128385,2.0,29.0,25,1,Open,wilson,,,,
sagarin_predictor,Sagarin Predictor,1425.0,1383,687.0,696.0,41.0,-71.45454545454547,12.977263157894736,-0.32380350877192987,0.4967462039045553,-0.051666338000394406,0.47044069281829554,2.0,30.0,26,1,Open,wilson,,,,
linecfbp_cfb_graphs,CFB Graphs,427.0,413,214.0,199.0,9.0,-4.454545454545459,12.431147540983607,-0.42786885245901635,0.5181598062953995,-0.010785824345146388,0.47002477877619997,1.0,31.0,27,1,Open,wilson,,,,
linecfbp_room44_bets,Room44 Bets,931.0,878,441.0,437.0,27.0,-36.0909090909091,13.654027926960257,-0.3809881847475834,0.5022779043280182,-0.04110581901014704,0.4692676461469549,2.0,33.0,28,1,Open,wilson,,,,
linept_donchess,Donchess Inference,1425.0,1346,667.0,679.0,41.0,-72.63636363636365,12.89320701754386,-0.10621754385964913,0.49554234769687966,-0.05396460894232069,0.4688827927750295,2.0,34.0,29,1,Open,wilson,,,,
teamrankings,TeamRankings.com,1425.0,1368,676.0,692.0,41.0,-77.45454545454547,12.769677192982456,-0.2687789473684211,0.49415204678362573,-0.05661881977671452,0.467711671327715,2.0,35.0,30,1,Open,wilson,,,,
linecfbp_beta_rank,Beta_Rank,933.0,902,451.0,451.0,27.0,-41.000000000000014,13.869239013933548,0.3506966773847802,0.5,-0.04545454545454547,0.467439430035674,2.0,36.0,31,1,Open,wilson,,,,
fei,FEI Projections,1425.0,1372,677.0,695.0,41.0,-79.54545454545456,13.567101754385964,-0.20268070175438604,0.4934402332361516,-0.05797773654916513,0.46704075004710294,2.0,37.0,32,1,Open,wilson,,,,
piratings,Pi-Ratings,1425.0,1373,677.0,696.0,41.0,-80.54545454545456,12.818821052631579,-0.3614035087719297,0.49308084486525855,-0.05866384162087004,0.4666922016398199,2.0,38.0,33,1,Open,wilson,,,,
linecfbp_cfbwe,CFBWE,427.0,416,214.0,202.0,9.0,-7.4545454545454595,12.792974238875876,-0.9053864168618267,0.5144230769230769,-0.01791958041958043,0.46648357678911984,1.0,39.0,34,1,Open,wilson,,,,
linept_pugh,Pugh Ratings,1419.0,1378,679.0,699.0,41.0,-81.72727272727275,13.077033121916841,-0.2065327695560254,0.4927431059506531,-0.05930861591238951,0.4664034035896566,2.0,40.0,35,1,Open,wilson,,,,
linept_pig,Pigskin Index,1425.0,1291,637.0,654.0,41.0,-74.90909090909092,12.9052,-0.35654035087719305,0.49341595662277304,-0.058024082811069654,0.4662039466163928,2.0,41.0,36,1,Open,wilson,,,,
linept_curry,Daniel Curry Index,1425.0,1383,681.0,702.0,41.0,-82.90909090909093,13.542533333333333,-0.2142807017543859,0.4924078091106291,-0.059948728061526346,0.4661167848671192,2.0,42.0,37,1,Open,wilson,,,,
linept_fox,linefox,1417.0,1295,638.0,657.0,41.0,-77.00000000000003,13.112971065631617,-0.3958645024700071,0.49266409266409267,-0.059459459459459484,0.4654967781727067,2.0,43.0,38,1,Open,wilson,,,,
linecfbp_tshoe_index,TShoe Index,427.0,407,209.0,198.0,9.0,-8.000000000000005,12.795550351288055,-0.5838407494145197,0.5135135135135135,-0.01965601965601967,0.46505638265025157,1.0,44.0,39,1,Open,wilson,,,,
linept_pfz,PerformanZ Ratings,1425.0,1384,678.0,706.0,41.0,-89.63636363636365,14.073417543859652,0.03541052631578946,0.48988439306358383,-0.06476615869679454,0.46361216428149216,2.0,45.0,40,1,Open,wilson,,,,
linecfbp_cfbwe_margin,CFBWE: Margin,427.0,417,213.0,204.0,9.0,-10.363636363636369,13.033723653395784,-1.1030444964871196,0.5107913669064749,-0.024852844996729902,0.46293349315681864,1.0,46.0,41,1,Open,wilson,,,,
linept_talis,Talisman Red,1373.0,1332,652.0,680.0,40.0,-87.2727272727273,13.206270939548435,-0.35139839766933717,0.4894894894894895,-0.06552006552006553,0.462712916669311,2.0,47.0,42,1,Open,wilson,,,,
linept_log,Logistic Regression,631.0,612,307.0,305.0,19.0,-25.90909090909092,15.14657686212361,0.2535182250396196,0.5016339869281046,-0.04233511586452765,0.46213432231375523,2.0,48.0,43,1,Open,wilson,,,,
moore_ratings,Moore Power Ratings,1425.0,1383,675.0,708.0,41.0,-94.36363636363639,13.319291228070174,-0.3483859649122807,0.4880694143167028,-0.06823111812265827,0.461794853321868,2.0,49.0,44,1,Open,wilson,,,,
sagarin_golden_mean,Sagarin Golden Mean,1425.0,1383,674.0,709.0,41.0,-96.2727272727273,13.02618947368421,-0.3090245614035087,0.48734634851771513,-0.06961151646618026,0.46107472361208396,2.0,50.0,45,1,Open,wilson,,,,
linecfbp_cfbwe_rounded,CFBWE: Rounded,427.0,394,201.0,193.0,9.0,-10.272727272727277,12.822014051522249,-0.9156908665105387,0.5101522842639594,-0.0260729118597139,0.4609324421444432,1.0,51.0,46,1,Open,wilson,,,,
piratings_bias,PI-Rate Bias,1425.0,1375,668.0,707.0,41.0,-99.72727272727275,12.83114385964912,-0.4662035087719298,0.4858181818181818,-0.07252892561983472,0.4594769720032569,2.0,52.0,47,1,Open,wilson,,,,
piratings_mean,Pi-Ratings Mean,1425.0,1371,666.0,705.0,41.0,-99.54545454545456,12.754000000000001,-0.38619649122807026,0.48577680525164113,-0.07260791724686692,0.4593975393823599,2.0,53.0,48,1,Open,wilson,,,,
linept_born,Born Power Index,1425.0,1384,672.0,712.0,41.0,-101.09090909090911,13.331508771929826,-0.22843508771929824,0.48554913294797686,-0.07304256437204415,0.45929449332185995,2.0,54.0,49,1,Open,wilson,,,,
linept_kam,Edward Kambour,1423.0,1382,667.0,715.0,41.0,-108.63636363636365,12.979739985945185,-0.5212157413914266,0.48263386396526775,-0.0786080778844889,0.456373268440376,2.0,55.0,50,1,Open,wilson,,,,
sagarin_recent,Sagarin Recent,1425.0,1382,666.0,716.0,41.0,-110.54545454545456,13.1684,-0.11327017543859663,0.48191027496382055,-0.07998947506906987,0.45565303301862364,2.0,56.0,51,1,Open,wilson,,,,
linecfbp_jp,JP+,427.0,414,208.0,206.0,9.0,-16.909090909090914,13.153629976580795,-0.6266978922716628,0.5024154589371981,-0.040843214756258246,0.45445222783994105,1.0,57.0,52,1,Open,wilson,,,,
linept_paynep,linepaynep,1425.0,1382,664.0,718.0,41.0,-114.36363636363639,13.581873684210525,0.11498245614035077,0.4804630969609262,-0.08275226943823183,0.4542127274455891,2.0,58.0,53,1,Open,wilson,,,,
linecfbp_dratings,DRatings,933.0,881,428.0,453.0,27.0,-63.90909090909092,13.293569131832799,-0.10878885316184339,0.4858115777525539,-0.07254153338148799,0.4529416995040325,2.0,59.0,54,1,Open,wilson,,,,
linecfbp_cfb_professor,CFB Professor,931.0,897,435.0,462.0,27.0,-66.54545454545456,13.319011815252416,0.09752953813104166,0.48494983277591974,-0.07418668288233507,0.4523779362999165,2.0,60.0,55,1,Open,wilson,,,,
linecfbp_wilson_ratings,Wilson Ratings,933.0,896,434.0,462.0,27.0,-67.45454545454547,13.295819935691318,-0.16720257234726688,0.484375,-0.07528409090909093,0.45178864717639844,2.0,61.0,56,1,Open,wilson,,,,
sagarin,Sagarin Ratings,1425.0,1383,658.0,725.0,41.0,-126.81818181818184,12.887950877192983,-0.28977543859649113,0.4757772957339118,-0.09169788996253206,0.4495601241555712,2.0,62.0,57,1,Open,wilson,,,,
linept_clean,Cleanup Hitter,1425.0,1350,639.0,711.0,41.0,-130.09090909090912,14.175101754385965,-0.00036491228070174164,0.47333333333333333,-0.09636363636363639,0.4468129325201635,2.0,63.0,58,1,Open,wilson,,,,
linecfbp_cfbwe_talent,CFBWE: Talent,427.0,414,202.0,212.0,9.0,-28.36363636363637,13.85128805620609,-0.8957845433255269,0.48792270531400966,-0.06851119894598157,0.44010601926280696,1.0,64.0,59,1,Open,wilson,,,,
linept_cather,linecather,805.0,763,351.0,412.0,19.0,-92.90909090909092,13.457142857142857,-0.09813664596273292,0.4600262123197903,-0.12176814011676398,0.4249504113109016,2.0,65.0,60,1,Open,wilson,,,,
linecfbp_cfb_graphs,CFB Graphs,427.0,413,214.0,199.0,9.0,-4.454545454545459,12.431147540983607,-0.42786885245901635,0.5181598062953995,-0.010785824345146388,0.47002477877619997,1.0,31.0,1,1,Open,mae,,,,
dokter_entropy,Dokter Entropy,1424.0,1382,696.0,686.0,41.0,-53.272727272727295,12.690730337078653,-0.39092696629213486,0.5036179450072359,-0.03854755953164059,0.4772840314575398,2.0,16.0,2,1,Open,mae,,,,
espn_fpi,ESPN FPI,1425.0,1380,704.0,676.0,41.0,-36.00000000000002,12.69581754385965,-0.28245614035087735,0.5101449275362319,-0.026086956521739146,0.48377858582693767,2.0,10.0,3,1,Open,mae,,,,
piratings_mean,Pi-Ratings Mean,1425.0,1371,666.0,705.0,41.0,-99.54545454545456,12.754000000000001,-0.38619649122807026,0.48577680525164113,-0.07260791724686692,0.4593975393823599,2.0,53.0,4,1,Open,mae,,,,
teamrankings,TeamRankings.com,1425.0,1368,676.0,692.0,41.0,-77.45454545454547,12.769677192982456,-0.2687789473684211,0.49415204678362573,-0.05661881977671452,0.467711671327715,2.0,35.0,5,1,Open,mae,,,,
linecfbp_power_rank,Power Rank,931.0,894,450.0,444.0,27.0,-34.90909090909092,12.779806659505908,-0.07368421052631569,0.5033557046979866,-0.03904820012202564,0.47063677076128385,2.0,29.0,6,1,Open,mae,,,,
linecfbp_cfbwe,CFBWE,427.0,416,214.0,202.0,9.0,-7.4545454545454595,12.792974238875876,-0.9053864168618267,0.5144230769230769,-0.01791958041958043,0.46648357678911984,1.0,39.0,7,1,Open,mae,,,,
linecfbp_tshoe_index,TShoe Index,427.0,407,209.0,198.0,9.0,-8.000000000000005,12.795550351288055,-0.5838407494145197,0.5135135135135135,-0.01965601965601967,0.46505638265025157,1.0,44.0,8,1,Open,mae,,,,
linecfbp_power_rank_free,Power Rank: Free,427.0,418,219.0,199.0,9.0,0.09090909090908506,12.80023419203747,-1.3637002341920377,0.5239234449760766,0.00021748586341886376,0.4760459973027177,1.0,20.0,9,1,Open,mae,,,,
piratings,Pi-Ratings,1425.0,1373,677.0,696.0,41.0,-80.54545454545456,12.818821052631579,-0.3614035087719297,0.49308084486525855,-0.05866384162087004,0.4666922016398199,2.0,38.0,10,1,Open,mae,,,,
linecfbp_cfbwe_rounded,CFBWE: Rounded,427.0,394,201.0,193.0,9.0,-10.272727272727277,12.822014051522249,-0.9156908665105387,0.5101522842639594,-0.0260729118597139,0.4609324421444432,1.0,51.0,11,1,Open,mae,,,,
piratings_bias,PI-Rate Bias,1425.0,1375,668.0,707.0,41.0,-99.72727272727275,12.83114385964912,-0.4662035087719298,0.4858181818181818,-0.07252892561983472,0.4594769720032569,2.0,52.0,12,1,Open,mae,,,,
harville,David Harville,1425.0,1382,692.0,690.0,41.0,-60.90909090909093,12.848287719298243,-0.17564210526315788,0.5007235890014472,-0.044073148269964495,0.474397038649562,2.0,23.0,13,1,Open,mae,,,,
linecfbp_cfbwe_average,CFBWE: Average,427.0,417,217.0,200.0,9.0,-2.727272727272733,12.848946135831381,-0.9510538641686181,0.5203836930455635,-0.006540222367560511,0.47246658492026367,1.0,25.0,14,1,Open,mae,,,,
linecfbp_sp,SP+,933.0,894,453.0,441.0,27.0,-29.181818181818194,12.872454448017148,-0.0006430868167204643,0.5067114093959731,-0.03264185478950581,0.4739803182994178,2.0,24.0,15,1,Open,mae,,,,
linecfbp_professor_sides,Professor Sides,931.0,893,455.0,438.0,27.0,-24.363636363636374,12.87798066595059,-0.036090225563909735,0.509518477043673,-0.027282907462078808,0.47676007274734766,2.0,18.0,16,1,Open,mae,,,,
sagarin,Sagarin Ratings,1425.0,1383,658.0,725.0,41.0,-126.81818181818184,12.887950877192983,-0.28977543859649113,0.4757772957339118,-0.09169788996253206,0.4495601241555712,2.0,62.0,17,1,Open,mae,,,,
linept_donchess,Donchess Inference,1425.0,1346,667.0,679.0,41.0,-72.63636363636365,12.89320701754386,-0.10621754385964913,0.49554234769687966,-0.05396460894232069,0.4688827927750295,2.0,34.0,18,1,Open,mae,,,,
linept_pig,Pigskin Index,1425.0,1291,637.0,654.0,41.0,-74.90909090909092,12.9052,-0.35654035087719305,0.49341595662277304,-0.058024082811069654,0.4662039466163928,2.0,41.0,19,1,Open,mae,,,,
sagarin_predictor,Sagarin Predictor,1425.0,1383,687.0,696.0,41.0,-71.45454545454547,12.977263157894736,-0.32380350877192987,0.4967462039045553,-0.051666338000394406,0.47044069281829554,2.0,30.0,20,1,Open,mae,,,,
massey,Massey Ratings,1425.0,1382,728.0,654.0,41.0,7.818181818181801,12.977761403508772,-0.18466666666666676,0.5267727930535456,0.005657150374950652,0.5004116688936594,2.0,1.0,21,1,Open,mae,,,,
linept_kam,Edward Kambour,1423.0,1382,667.0,715.0,41.0,-108.63636363636365,12.979739985945185,-0.5212157413914266,0.48263386396526775,-0.0786080778844889,0.456373268440376,2.0,55.0,22,1,Open,mae,,,,
linept_bihl,Bihl System,750.0,729,383.0,346.0,21.0,2.181818181818174,13.006906666666664,-0.2236,0.5253772290809328,0.00299289188178076,0.48909024078441676,2.0,3.0,23,1,Open,mae,,,,
sagarin_golden_mean,Sagarin Golden Mean,1425.0,1383,674.0,709.0,41.0,-96.2727272727273,13.02618947368421,-0.3090245614035087,0.48734634851771513,-0.06961151646618026,0.46107472361208396,2.0,50.0,24,1,Open,mae,,,,
linecfbp_cfbwe_margin,CFBWE: Margin,427.0,417,213.0,204.0,9.0,-10.363636363636369,13.033723653395784,-1.1030444964871196,0.5107913669064749,-0.024852844996729902,0.46293349315681864,1.0,46.0,25,1,Open,mae,,,,
linept_laz,Laz Index,1423.0,1381,698.0,683.0,41.0,-48.454545454545475,13.045172171468728,-0.17560084328882639,0.5054308472121651,-0.03508656441313937,0.4790832566064575,2.0,14.0,26,1,Open,mae,,,,
linept_pugh,Pugh Ratings,1419.0,1378,679.0,699.0,41.0,-81.72727272727275,13.077033121916841,-0.2065327695560254,0.4927431059506531,-0.05930861591238951,0.4664034035896566,2.0,40.0,27,1,Open,mae,,,,
linept_fox,linefox,1417.0,1295,638.0,657.0,41.0,-77.00000000000003,13.112971065631617,-0.3958645024700071,0.49266409266409267,-0.059459459459459484,0.4654967781727067,2.0,43.0,28,1,Open,mae,,,,
linecfbp_jp,JP+,427.0,414,208.0,206.0,9.0,-16.909090909090914,13.153629976580795,-0.6266978922716628,0.5024154589371981,-0.040843214756258246,0.45445222783994105,1.0,57.0,29,1,Open,mae,,,,
sagarin_recent,Sagarin Recent,1425.0,1382,666.0,716.0,41.0,-110.54545454545456,13.1684,-0.11327017543859663,0.48191027496382055,-0.07998947506906987,0.45565303301862364,2.0,56.0,30,1,Open,mae,,,,
linept_talis,Talisman Red,1373.0,1332,652.0,680.0,40.0,-87.2727272727273,13.206270939548435,-0.35139839766933717,0.4894894894894895,-0.06552006552006553,0.462712916669311,2.0,47.0,31,1,Open,mae,,,,
linept_payne,linepayne,1425.0,1382,701.0,681.0,41.0,-43.72727272727275,13.265887719298245,0.15075789473684206,0.5072358900144718,-0.031640573608735706,0.480894009626604,2.0,13.0,32,1,Open,mae,,,,
linecfbp_dratings,DRatings,933.0,881,428.0,453.0,27.0,-63.90909090909092,13.293569131832799,-0.10878885316184339,0.4858115777525539,-0.07254153338148799,0.4529416995040325,2.0,59.0,33,1,Open,mae,,,,
linecfbp_wilson_ratings,Wilson Ratings,933.0,896,434.0,462.0,27.0,-67.45454545454547,13.295819935691318,-0.16720257234726688,0.484375,-0.07528409090909093,0.45178864717639844,2.0,61.0,34,1,Open,mae,,,,
linept_argh,Argh Ratings,1425.0,1302,668.0,634.0,41.0,-26.727272727272744,13.313157894736841,-0.0412280701754386,0.5130568356374808,-0.02052785923753667,0.48590869667788283,2.0,7.0,35,1,Open,mae,,,,
linecfbp_cfb_professor,CFB Professor,931.0,897,435.0,462.0,27.0,-66.54545454545456,13.319011815252416,0.09752953813104166,0.48494983277591974,-0.07418668288233507,0.4523779362999165,2.0,60.0,36,1,Open,mae,,,,
moore_ratings,Moore Power Ratings,1425.0,1383,675.0,708.0,41.0,-94.36363636363639,13.319291228070174,-0.3483859649122807,0.4880694143167028,-0.06823111812265827,0.461794853321868,2.0,49.0,37,1,Open,mae,,,,
linept_born,Born Power Index,1425.0,1384,672.0,712.0,41.0,-101.09090909090911,13.331508771929826,-0.22843508771929824,0.48554913294797686,-0.07304256437204415,0.45929449332185995,2.0,54.0,38,1,Open,mae,,,,
linept_elo,Beck Elo,1425.0,1382,711.0,671.0,41.0,-24.636363636363654,13.35094035087719,-0.30385263157894743,0.5144717800289436,-0.017826601762925946,0.4881180913018758,2.0,6.0,39,1,Open,mae,,,,
linept_round,lineround,1034.0,956,498.0,458.0,31.0,-5.272727272727284,13.359767891682786,0.27852998065764023,0.5209205020920502,-0.005515405096995067,0.4892329689249496,2.0,2.0,40,1,Open,mae,,,,
keeper,Keeper,1418.0,1376,708.0,668.0,41.0,-24.36363636363638,13.362827926657262,-0.16398448519040898,0.5145348837209303,-0.017706131078224115,0.4881237931628594,2.0,5.0,41,1,Open,mae,,,,
linept_dunk,Dunkel Index,1256.0,1223,616.0,607.0,33.0,-47.00000000000002,13.381942675159237,-0.40136942675159226,0.5036794766966476,-0.038430089942763715,0.47569024648108876,2.0,21.0,42,1,Open,mae,,,,
congrove,Congrove Computer Rankings,1424.0,1379,703.0,676.0,41.0,-36.90909090909093,13.401362359550562,0.10431179775280912,0.5097897026831038,-0.026765113059529316,0.483414433639725,2.0,11.0,43,1,Open,mae,,,,
linept_how,Howell,1423.0,1339,686.0,653.0,41.0,-29.36363636363638,13.450091356289532,-0.29762473647224175,0.5123226288274833,-0.021929526783895727,0.48555274807823207,2.0,9.0,44,1,Open,mae,,,,
linept_cather,linecather,805.0,763,351.0,412.0,19.0,-92.90909090909092,13.457142857142857,-0.09813664596273292,0.4600262123197903,-0.12176814011676398,0.4249504113109016,2.0,65.0,45,1,Open,mae,,,,
linept_curry,Daniel Curry Index,1425.0,1383,681.0,702.0,41.0,-82.90909090909093,13.542533333333333,-0.2142807017543859,0.4924078091106291,-0.059948728061526346,0.4661167848671192,2.0,42.0,46,1,Open,mae,,,,
fei,FEI Projections,1425.0,1372,677.0,695.0,41.0,-79.54545454545456,13.567101754385964,-0.20268070175438604,0.4934402332361516,-0.05797773654916513,0.46704075004710294,2.0,37.0,47,1,Open,mae,,,,
linept_paynep,linepaynep,1425.0,1382,664.0,718.0,41.0,-114.36363636363639,13.581873684210525,0.11498245614035077,0.4804630969609262,-0.08275226943823183,0.4542127274455891,2.0,58.0,48,1,Open,mae,,,,
linecfbp_room44_bets,Room44 Bets,931.0,878,441.0,437.0,27.0,-36.0909090909091,13.654027926960257,-0.3809881847475834,0.5022779043280182,-0.04110581901014704,0.4692676461469549,2.0,33.0,49,1,Open,mae,,,,
linept_dwig,DP Dwiggins,1421.0,1322,658.0,664.0,41.0,-65.81818181818183,13.7009148486981,-0.1330049261083744,0.4977307110438729,-0.04978682437078807,0.4708239311634621,2.0,27.0,50,1,Open,mae,,,,
linept_bill,Billingsley,1424.0,1383,695.0,688.0,41.0,-56.1818181818182,13.716088483146066,-0.11184691011235953,0.502530730296457,-0.04062315125221851,0.4762089769313904,2.0,19.0,51,1,Open,mae,,,,
linept_rwp,Laffaye RWP,1311.0,1272,656.0,616.0,38.0,-19.636363636363654,13.747955758962624,0.25489702517162466,0.5157232704402516,-0.015437392795883376,0.4882535234762215,2.0,4.0,52,1,Open,mae,,,,
linecfbp_cfbwe_talent,CFBWE: Talent,427.0,414,202.0,212.0,9.0,-28.36363636363637,13.85128805620609,-0.8957845433255269,0.48792270531400966,-0.06851119894598157,0.44010601926280696,1.0,64.0,53,1,Open,mae,,,,
linecfbp_beta_rank,Beta_Rank,933.0,902,451.0,451.0,27.0,-41.000000000000014,13.869239013933548,0.3506966773847802,0.5,-0.04545454545454547,0.467439430035674,2.0,36.0,54,1,Open,mae,,,,
linept_paynewl,linepaynewl,1425.0,1382,702.0,680.0,41.0,-41.81818181818184,13.980715789473681,0.14008421052631578,0.507959479015919,-0.030259176424154734,0.48161617023822134,2.0,12.0,55,1,Open,mae,,,,
linept_kerns,Stephen Kerns,1425.0,1379,694.0,685.0,41.0,-54.09090909090911,14.026224561403508,0.42268771929824556,0.5032632342277013,-0.03922473465620675,0.4769016173373062,2.0,17.0,56,1,Open,mae,,,,
linept_pfz,PerformanZ Ratings,1425.0,1384,678.0,706.0,41.0,-89.63636363636365,14.073417543859652,0.03541052631578946,0.48988439306358383,-0.06476615869679454,0.46361216428149216,2.0,45.0,57,1,Open,mae,,,,
linept_clean,Cleanup Hitter,1425.0,1350,639.0,711.0,41.0,-130.09090909090912,14.175101754385965,-0.00036491228070174164,0.47333333333333333,-0.09636363636363639,0.4468129325201635,2.0,63.0,58,1,Open,mae,,,,
linept_loud,Loudsound.org,1408.0,1315,665.0,650.0,40.0,-45.454545454545475,14.417613636363637,0.30113636363636365,0.5057034220532319,-0.03456619426201177,0.4787035986124561,2.0,15.0,59,1,Open,mae,,,,
linept_log,Logistic Regression,631.0,612,307.0,305.0,19.0,-25.90909090909092,15.14657686212361,0.2535182250396196,0.5016339869281046,-0.04233511586452765,0.46213432231375523,2.0,48.0,60,1,Open,mae,,,,
linecfbp_cfb_graphs,,,427,,,,,,,,,,,,1,1,Open,incremental,0.08977741189877417,0.40403593772049484,0.08494187227462473,12.431147540983607
linecfbp_sp,,,933,,,,,,,,,,,,2,1,Open,incremental,0.0678663103827758,0.24824236182825127,0.06611778591822758,12.872454448017148
linecfbp_power_rank,,,931,,,,,,,,,,,,3,1,Open,incremental,0.05674046883493629,0.27323768676790106,0.05527557344370546,12.779806659505908
dokter_entropy,,,1424,,,,,,,,,,,,4,1,Open,incremental,0.05331875202096502,0.21541770541229968,0.05240662943133154,12.690730337078652
piratings,,,1425,,,,,,,,,,,,5,1,Open,incremental,0.047485401152398285,0.15868579476395775,0.04667362507637636,12.818821052631579
piratings_mean,,,1425,,,,,,,,,,,,6,1,Open,incremental,0.044528400472129324,0.16881025786084874,0.04376717514119469,12.753999999999998
piratings_bias,,,1425,,,,,,,,,,,,7,1,Open,incremental,0.0423235234357754,0.1426750992956505,0.041599991088057606,12.83114385964912
linecfbp_professor_sides,,,931,,,,,,,,,,,,8,1,Open,incremental,0.04106774523509671,0.1921876297761108,0.040007479926078095,12.87798066595059
linept_pig,,,1425,,,,,,,,,,,,9,1,Open,incremental,0.03774391948236516,0.1264010482247672,0.03709867673180382,12.9052
keeper,,,1418,,,,,,,,,,,,10,1,Open,incremental,0.03744720830060911,0.08188821170320537,0.036803958651218265,13.362827926657264
linecfbp_beta_rank,,,933,,,,,,,,,,,,11,1,Open,incremental,0.03643443780092276,0.07939425295884761,0.03549573190269933,13.86923901393355
massey,,,1425,,,,,,,,,,,,12,1,Open,incremental,0.0351573480978489,0.10653520404752857,0.03455632350103411,12.97776140350877
linept_laz,,,1423,,,,,,,,,,,,13,1,Open,incremental,0.03493238143034457,0.10536909934187183,0.03433438480667872,13.045172171468728
linept_bihl,,,750,,,,,,,,,,,,14,1,Open,incremental,0.03449995334729441,0.1151592336820446,0.033404436189751016,13.006906666666668
linecfbp_cfb_professor,,,931,,,,,,,,,,,,15,1,Open,incremental,0.03300210503794987,0.10640533451714713,0.03215007415833822,13.319011815252416
espn_fpi,,,1425,,,,,,,,,,,,16,1,Open,incremental,0.03204948774418279,0.12713459084480483,0.03150159288032796,12.69581754385965
linept_round,,,1034,,,,,,,,,,,,17,1,Open,incremental,0.0315487232152266,0.0730679363399903,0.030812534025824213,13.359767891682786
linecfbp_cfbwe_average,,,427,,,,,,,,,,,,18,1,Open,incremental,0.030974652997178033,0.08798039368125664,0.02930631394903291,12.848946135831381
linecfbp_cfbwe_talent,,,427,,,,,,,,,,,,19,1,Open,incremental,0.029859327841356212,0.05157715339469469,0.028251061799000873,13.85128805620609
linecfbp_cfbwe,,,427,,,,,,,,,,,,20,1,Open,incremental,0.02953508905576208,0.08517241670918477,0.02794428697747372,12.792974238875878
linecfbp_room44_bets,,,931,,,,,,,,,,,,21,1,Open,incremental,0.026178160168250243,0.05939589761485246,0.025502306285320037,13.654027926960257
linept_talis,,,1373,,,,,,,,,,,,22,1,Open,incremental,0.02403942203754044,0.062289063963108154,0.023613308474902985,13.206270939548435
linept_pugh,,,1419,,,,,,,,,,,,23,1,Open,incremental,0.023174683118120654,0.06792055754109778,0.022776873213043156,13.077033121916843
linecfbp_cfbwe_margin,,,427,,,,,,,,,,,,24,1,Open,incremental,0.023522936384772465,0.056792200691993505,0.02225595743584526,13.033723653395786
linept_kam,,,1423,,,,,,,,,,,,25,1,Open,incremental,0.021685157628436057,0.0673507616444817,0.02131393612808332,12.979739985945185
linept_born,,,1425,,,,,,,,,,,,26,1,Open,incremental,0.021059932473493713,0.05220549203738575,0.0206999070987527,13.331508771929826
linecfbp_cfbwe_rounded,,,427,,,,,,,,,,,,27,1,Open,incremental,0.02157180481827705,0.060394973070017954,0.020409916602109605,12.822014051522249
linecfbp_tshoe_index,,,427,,,,,,,,,,,,28,1,Open,incremental,0.0203218781366809,0.07424480713300724,0.019227312756718122,12.795550351288059
linept_payne,,,1425,,,,,,,,,,,,29,1,Open,incremental,0.01887216933188078,0.04928629890266348,0.018549544373589116,13.265887719298245
linept_dunk,,,1256,,,,,,,,,,,,30,1,Open,incremental,0.017569896590895518,0.04452279196183348,0.01723028403351955,13.381942675159237
linept_dwig,,,1421,,,,,,,,,,,,31,1,Open,incremental,0.017383546535001616,0.03602214230094502,0.017085554854657646,13.7009148486981
linept_paynewl,,,1425,,,,,,,,,,,,32,1,Open,incremental,0.015844804017630193,0.03054522135442768,0.015573932707319726,13.980715789473685
teamrankings,,,1425,,,,,,,,,,,,33,1,Open,incremental,0.010717858394966126,0.043269460461819606,0.010534633639144834,12.769677192982456
harville,,,1425,,,,,,,,,,,,34,1,Open,incremental,0.010293658461808554,0.04042245741623803,0.010117685521257438,12.848287719298243
linept_argh,,,1425,,,,,,,,,,,,35,1,Open,incremental,0.009331865990373852,0.024043713456846957,0.00917233515833316,13.313157894736841
linept_rwp,,,1311,,,,,,,,,,,,36,1,Open,incremental,0.009320233444442348,0.02090735193026489,0.009147429552772686,13.747955758962624
linept_loud,,,1408,,,,,,,,,,,,37,1,Open,incremental,0.009172440965544357,0.015795315146912788,0.009013791139080247,14.417613636363637
sagarin,,,1425,,,,,,,,,,,,38,1,Open,incremental,0.008972313896894311,0.03345519832878646,0.008818929707410845,12.887950877192983
sagarin_recent,,,1425,,,,,,,,,,,,39,1,Open,incremental,0.00727026406197156,0.019829996850852703,0.007145976885520647,13.1684
sagarin_golden_mean,,,1425,,,,,,,,,,,,40,1,Open,incremental,0.006883740092431461,0.02007387574212285,0.006766060650224483,13.02618947368421
congrove,,,1424,,,,,,,,,,,,41,1,Open,incremental,0.006197317859093562,0.017674147075748003,0.006091300493717201,13.40136235955056
linept_fox,,,1417,,,,,,,,,,,,42,1,Open,incremental,0.0025178129730339853,0.0060209977702211275,0.002474533485725721,13.112971065631617
sagarin_predictor,,,1425,,,,,,,,,,,,43,1,Open,incremental,0.0023812505583726794,0.007386694563547704,0.0023405424209791055,12.977263157894736
linecfbp_power_rank_free,,,427,,,,,,,,,,,,44,1,Open,incremental,0.002280473640622943,-0.018395515422699887,0.0021576440733873216,12.80023419203747
linept_curry,,,1425,,,,,,,,,,,,45,1,Open,incremental,0.001972628521232476,0.004541310890176662,0.0019389058906649093,13.542533333333333
linecfbp_wilson_ratings,,,933,,,,,,,,,,,,46,1,Open,incremental,0.0015811572954364012,0.004848398899253059,0.0015404199664468602,13.295819935691318
linecfbp_jp,,,427,,,,,,,,,,,,47,1,Open,incremental,-0.0004997305963782831,-0.002440685438949424,-0.0004728143927466655,13.153629976580797
linept_how,,,1423,,,,,,,,,,,,48,1,Open,incremental,-0.002973621567319696,-0.007187421406094122,-0.002922717060254728,13.450091356289528
fei,,,1425,,,,,,,,,,,,49,1,Open,incremental,-0.004472817643078407,-0.009937648670441312,-0.004396353587454094,13.567101754385964
linept_donchess,,,1425,,,,,,,,,,,,50,1,Open,incremental,-0.007438854092590638,-0.026759773265291394,-0.007311684822902835,12.89320701754386
linept_kerns,,,1425,,,,,,,,,,,,51,1,Open,incremental,-0.008519905674631241,-0.013742527153772697,-0.008374255528927885,14.026224561403511
linept_clean,,,1425,,,,,,,,,,,,52,1,Open,incremental,-0.008869318232864583,-0.01558961009280598,-0.008717694782765522,14.175101754385965
linept_paynep,,,1425,,,,,,,,,,,,53,1,Open,incremental,-0.014425093243532685,-0.03098317828916157,-0.014178492281862302,13.581873684210528
linept_elo,,,1425,,,,,,,,,,,,54,1,Open,incremental,-0.016177136370069657,-0.04230391732332662,-0.015900583746209104,13.35094035087719
linecfbp_dratings,,,933,,,,,,,,,,,,55,1,Open,incremental,-0.018463236853355294,-0.07139505219825289,-0.017987545436645637,13.293569131832795
linept_bill,,,1424,,,,,,,,,,,,56,1,Open,incremental,-0.01849794430395757,-0.038814692245431076,-0.018181500422173025,13.716088483146066
linept_pfz,,,1425,,,,,,,,,,,,57,1,Open,incremental,-0.029015506234915722,-0.05617835996774168,-0.028519478124727167,14.073417543859648
moore_ratings,,,1425,,,,,,,,,,,,58,1,Open,incremental,-0.034809897251386994,-0.09832964574799608,-0.034214812422962204,13.319291228070174
linept_log,,,631,,,,,,,,,,,,59,1,Open,incremental,-0.03603974584399768,-0.0473314814473546,-0.03469148122094504,15.146576862123613
linept_cather,,,805,,,,,,,,,,,,60,1,Open,incremental,-0.03650877650360905,-0.08714071662724279,-0.035425187841641635,13.457142857142857
keeper,Keeper,1418.0,1399,721.0,678.0,16.0,-22.54545454545456,13.362827926657262,-0.16398448519040898,0.5153681200857756,-0.016115407108973953,0.4891737831472682,2.0,1.0,1,1,Midweek,wilson,,,,
massey,Massey Ratings,1425.0,1408,713.0,695.0,16.0,-46.81818181818184,12.977761403508772,-0.18466666666666676,0.5063920454545454,-0.033251549586776875,0.4802957254751514,2.0,2.0,2,1,Midweek,wilson,,,,
linecfbp_sp,SP+,933.0,912,466.0,446.0,11.0,-22.363636363636374,12.872454448017148,-0.0006430868167204643,0.5109649122807017,-0.02452153110047848,0.4785443563728305,2.0,3.0,3,1,Midweek,wilson,,,,
linecfbp_power_rank,Power Rank,931.0,911,464.0,447.0,11.0,-25.181818181818194,12.779806659505908,-0.07368421052631569,0.5093304061470911,-0.027641951901007898,0.4768968330251014,2.0,4.0,4,1,Midweek,wilson,,,,
congrove,Congrove Computer Rankings,1424.0,1406,706.0,700.0,16.0,-58.1818181818182,13.401362359550562,0.10431179775280912,0.5021337126600285,-0.041381094012672974,0.4760285896174048,2.0,5.0,5,1,Midweek,wilson,,,,
linept_round,lineround,1034.0,990,500.0,490.0,10.0,-35.454545454545475,13.359767891682786,0.27852998065764023,0.5050505050505051,-0.03581267217630856,0.47394694278566163,2.0,6.0,6,1,Midweek,wilson,,,,
linecfbp_power_rank_free,Power Rank: Free,427.0,419,218.0,201.0,4.0,-2.8181818181818237,12.80023419203747,-1.3637002341920377,0.5202863961813843,-0.006725970926448267,0.4724836951654902,1.0,7.0,7,1,Midweek,wilson,,,,
linept_talis,Talisman Red,1373.0,1358,677.0,681.0,15.0,-65.54545454545456,13.206270939548435,-0.35139839766933717,0.49852724594992637,-0.04826616682286786,0.4719759945524014,2.0,8.0,8,1,Midweek,wilson,,,,
linept_laz,Laz Index,1423.0,1404,698.0,706.0,16.0,-71.45454545454547,13.045172171468728,-0.17560084328882639,0.49715099715099714,-0.0508935508935509,0.47104111548511823,2.0,10.0,9,1,Midweek,wilson,,,,
piratings,Pi-Ratings,1425.0,1397,694.0,703.0,16.0,-72.09090909090911,12.818821052631579,-0.3614035087719297,0.49677881173944166,-0.05160408667924775,0.47060493392426567,2.0,11.0,10,1,Midweek,wilson,,,,
linept_loud,Loudsound.org,1408.0,1357,672.0,685.0,16.0,-74.09090909090911,14.417613636363637,0.30113636363636365,0.4952100221075903,-0.05459904870369131,0.46865948331081625,2.0,12.0,11,1,Midweek,wilson,,,,
linept_argh,Argh Ratings,1425.0,1357,671.0,686.0,16.0,-76.00000000000001,13.313157894736841,-0.0412280701754386,0.49447310243183495,-0.056005895357406056,0.46792504667016466,2.0,13.0,12,1,Midweek,wilson,,,,
linept_donchess,Donchess Inference,1425.0,1381,682.0,699.0,16.0,-79.00000000000001,12.89320701754386,-0.10621754385964913,0.49384503982621286,-0.05720492396813904,0.46753002814550354,2.0,14.0,13,1,Midweek,wilson,,,,
linept_bill,Billingsley,1424.0,1406,694.0,712.0,16.0,-81.09090909090911,13.716088483146066,-0.11184691011235953,0.49359886201991465,-0.05767489978016295,0.46751889036376376,2.0,15.0,14,1,Midweek,wilson,,,,
linept_rwp,Laffaye RWP,1311.0,1292,638.0,654.0,16.0,-74.00000000000001,13.747955758962624,0.25489702517162466,0.4938080495356037,-0.057275541795665644,0.46660509947242756,2.0,16.0,15,1,Midweek,wilson,,,,
linecfbp_cfb_graphs,CFB Graphs,427.0,417,214.0,203.0,4.0,-8.454545454545459,12.431147540983607,-0.42786885245901635,0.513189448441247,-0.02027468933943755,0.4653151306705581,1.0,17.0,16,1,Midweek,wilson,,,,
fei,FEI Projections,1425.0,1398,687.0,711.0,16.0,-86.45454545454547,13.567101754385964,-0.20268070175438604,0.49141630901287553,-0.06184159188451035,0.4652697650936819,2.0,18.0,17,1,Midweek,wilson,,,,
linept_kerns,Stephen Kerns,1425.0,1404,689.0,715.0,16.0,-88.63636363636365,14.026224561403508,0.42268771929824556,0.49074074074074076,-0.06313131313131315,0.4646523939361912,2.0,19.0,18,1,Midweek,wilson,,,,
linept_pig,Pigskin Index,1425.0,1329,653.0,676.0,16.0,-82.36363636363639,12.9052,-0.35654035087719305,0.49134687735139204,-0.06197414323825161,0.46453296166951735,2.0,20.0,19,1,Midweek,wilson,,,,
sagarin_golden_mean,Sagarin Golden Mean,1425.0,1409,691.0,718.0,16.0,-89.81818181818184,13.02618947368421,-0.3090245614035087,0.49041873669268987,-0.06374604813213758,0.46437774013823513,2.0,21.0,20,1,Midweek,wilson,,,,
piratings_bias,PI-Rate Bias,1425.0,1403,687.0,716.0,16.0,-91.45454545454548,12.83114385964912,-0.4662035087719298,0.4896650035637919,-0.06518499319639735,0.4635714314242555,2.0,23.0,21,1,Midweek,wilson,,,,
linept_dunk,Dunkel Index,1256.0,1244,611.0,633.0,12.0,-77.54545454545456,13.381942675159237,-0.40136942675159226,0.49115755627009644,-0.06233557439345222,0.46344706302902305,2.0,24.0,22,1,Midweek,wilson,,,,
linept_fox,linefox,1417.0,1347,660.0,687.0,16.0,-87.00000000000001,13.112971065631617,-0.3958645024700071,0.48997772828507796,-0.0645879732739421,0.46334814777675243,2.0,25.0,23,1,Midweek,wilson,,,,
linecfbp_cfbwe_average,CFBWE: Average,427.0,419,214.0,205.0,4.0,-10.45454545454546,12.848946135831381,-0.9510538641686181,0.5107398568019093,-0.024951182469082244,0.4629958951547597,1.0,26.0,24,1,Midweek,wilson,,,,
linept_paynewl,linepaynewl,1425.0,1405,687.0,718.0,16.0,-93.45454545454547,13.980715789473681,0.14008421052631578,0.4889679715302491,-0.06651569071497898,0.46289558360642225,2.0,27.0,25,1,Midweek,wilson,,,,
linecfbp_cfbwe_margin,CFBWE: Margin,427.0,422,215.0,207.0,4.0,-11.54545454545455,13.033723653395784,-1.1030444964871196,0.509478672985782,-0.027358897027143485,0.46191250394071537,1.0,28.0,26,1,Midweek,wilson,,,,
piratings_mean,Pi-Ratings Mean,1425.0,1387,677.0,710.0,16.0,-94.54545454545456,12.754000000000001,-0.38619649122807026,0.48810382119682766,-0.0681654322606017,0.4618668842226371,2.0,29.0,27,1,Midweek,wilson,,,,
linept_elo,Beck Elo,1425.0,1407,684.0,723.0,16.0,-101.1818181818182,13.35094035087719,-0.30385263157894743,0.4861407249466951,-0.07191316146540029,0.4600981636781008,2.0,30.0,28,1,Midweek,wilson,,,,
linept_how,Howell,1423.0,1357,660.0,697.0,16.0,-97.00000000000001,13.450091356289532,-0.29762473647224175,0.4863669859985262,-0.07148120854826825,0.45985004295238446,2.0,31.0,29,1,Midweek,wilson,,,,
espn_fpi,ESPN FPI,1425.0,1407,683.0,724.0,16.0,-103.09090909090911,12.69581754385965,-0.28245614035087735,0.48542999289267946,-0.07327001356852104,0.4593904187089851,2.0,32.0,30,1,Midweek,wilson,,,,
moore_ratings,Moore Power Ratings,1425.0,1408,683.0,725.0,16.0,-104.09090909090911,13.319291228070174,-0.3483859649122807,0.4850852272727273,-0.07392820247933886,0.45905632964459886,2.0,33.0,31,1,Midweek,wilson,,,,
linept_dwig,DP Dwiggins,1421.0,1363,660.0,703.0,15.0,-103.00000000000001,13.7009148486981,-0.1330049261083744,0.4842259721203228,-0.07556859867938372,0.457776556415885,2.0,34.0,32,1,Midweek,wilson,,,,
linept_bihl,Bihl System,750.0,745,367.0,378.0,5.0,-44.363636363636374,13.006906666666664,-0.2236,0.49261744966442955,-0.05954850518608909,0.4568476519711654,2.0,35.0,33,1,Midweek,wilson,,,,
linept_curry,Daniel Curry Index,1425.0,1409,680.0,729.0,16.0,-110.81818181818184,13.542533333333333,-0.2142807017543859,0.48261178140525196,-0.07865023549906447,0.4566029649224622,2.0,36.0,34,1,Midweek,wilson,,,,
linept_log,Logistic Regression,631.0,624,309.0,315.0,7.0,-34.0909090909091,15.14657686212361,0.2535182250396196,0.4951923076923077,-0.05463286713286715,0.456113044747531,2.0,37.0,35,1,Midweek,wilson,,,,
linept_payne,linepayne,1425.0,1409,679.0,730.0,16.0,-112.72727272727275,13.265887719298245,0.15075789473684206,0.48190205819730303,-0.08000516162333056,0.4558964819320254,2.0,38.0,36,1,Midweek,wilson,,,,
linept_kam,Edward Kambour,1423.0,1407,677.0,730.0,16.0,-114.54545454545456,12.979739985945185,-0.5212157413914266,0.48116560056858565,-0.0814111261872456,0.45514505458699756,2.0,39.0,37,1,Midweek,wilson,,,,
harville,David Harville,1425.0,1405,676.0,729.0,16.0,-114.45454545454547,12.848287719298243,-0.17564210526315788,0.4811387900355872,-0.08146230993206083,0.45509994325275394,2.0,40.0,38,1,Midweek,wilson,,,,
linecfbp_cfbwe_talent,CFBWE: Talent,427.0,421,211.0,210.0,4.0,-18.181818181818187,13.85128805620609,-0.8957845433255269,0.501187648456057,-0.04318721658389118,0.45363206465850064,1.0,41.0,39,1,Midweek,wilson,,,,
linecfbp_tshoe_index,TShoe Index,427.0,403,202.0,201.0,4.0,-17.363636363636367,12.795550351288055,-0.5838407494145197,0.5012406947890818,-0.04308594631175277,0.45264376042194754,1.0,42.0,40,1,Midweek,wilson,,,,
linecfbp_cfbwe_rounded,CFBWE: Rounded,427.0,393,197.0,196.0,4.0,-16.909090909090914,12.822014051522249,-0.9156908665105387,0.5012722646310432,-0.04302567661346288,0.4520663967146846,1.0,43.0,41,1,Midweek,wilson,,,,
teamrankings,TeamRankings.com,1425.0,1395,667.0,728.0,16.0,-121.63636363636365,12.769677192982456,-0.2687789473684211,0.47813620071684587,-0.08719452590420333,0.45201927189431496,2.0,44.0,42,1,Midweek,wilson,,,,
linecfbp_cfbwe,CFBWE,427.0,413,206.0,207.0,4.0,-19.727272727272734,12.792974238875876,-0.9053864168618267,0.49878934624697335,-0.04776579352850541,0.45080159260619684,1.0,45.0,43,1,Midweek,wilson,,,,
linecfbp_professor_sides,Professor Sides,931.0,904,436.0,468.0,11.0,-71.63636363636364,12.87798066595059,-0.036090225563909735,0.4823008849557522,-0.07924376508447305,0.44987139047051766,2.0,46.0,44,1,Midweek,wilson,,,,
linept_pfz,PerformanZ Ratings,1425.0,1408,670.0,738.0,16.0,-128.90909090909093,14.073417543859652,0.03541052631578946,0.4758522727272727,-0.09155475206611573,0.44986727371949264,2.0,47.0,45,1,Midweek,wilson,,,,
sagarin_predictor,Sagarin Predictor,1425.0,1406,669.0,737.0,16.0,-128.81818181818184,12.977263157894736,-0.32380350877192987,0.47581792318634425,-0.09162032846243374,0.4498147261774829,2.0,48.0,46,1,Midweek,wilson,,,,
linecfbp_room44_bets,Room44 Bets,931.0,900,434.0,466.0,11.0,-71.45454545454547,13.654027926960257,-0.3809881847475834,0.4822222222222222,-0.0793939393939394,0.4497217288253999,2.0,49.0,47,1,Midweek,wilson,,,,
linept_born,Born Power Index,1425.0,1409,670.0,739.0,16.0,-129.90909090909093,13.331508771929826,-0.22843508771929824,0.4755145493257629,-0.09219949674172528,0.4495404981363926,2.0,50.0,48,1,Midweek,wilson,,,,
dokter_entropy,Dokter Entropy,1424.0,1404,667.0,737.0,16.0,-130.63636363636365,12.690730337078653,-0.39092696629213486,0.47507122507122507,-0.09304584304584305,0.4490535611372967,2.0,52.0,49,1,Midweek,wilson,,,,
linecfbp_dratings,DRatings,933.0,908,436.0,472.0,11.0,-75.63636363636365,13.293569131832799,-0.10878885316184339,0.4801762114537445,-0.08329995995194235,0.44783186849561096,2.0,53.0,50,1,Midweek,wilson,,,,
sagarin_recent,Sagarin Recent,1425.0,1408,667.0,741.0,16.0,-134.63636363636365,13.1684,-0.11327017543859663,0.4737215909090909,-0.09562241735537191,0.44774798551018435,2.0,54.0,51,1,Midweek,wilson,,,,
sagarin,Sagarin Ratings,1425.0,1409,663.0,746.0,16.0,-143.27272727272728,12.887950877192983,-0.28977543859649113,0.47054648687012063,-0.10168397961158784,0.44459989912660863,2.0,56.0,52,1,Midweek,wilson,,,,
linept_clean,Cleanup Hitter,1425.0,1375,647.0,728.0,16.0,-139.81818181818184,14.175101754385965,-0.00036491228070174164,0.47054545454545454,-0.10168595041322316,0.44428191084914964,2.0,57.0,53,1,Midweek,wilson,,,,
linecfbp_wilson_ratings,Wilson Ratings,933.0,912,433.0,479.0,11.0,-85.36363636363637,13.295819935691318,-0.16720257234726688,0.47478070175438597,-0.09360047846889953,0.4425452085230941,2.0,58.0,54,1,Midweek,wilson,,,,
linecfbp_beta_rank,Beta_Rank,933.0,917,435.0,482.0,11.0,-86.54545454545456,13.869239013933548,0.3506966773847802,0.4743729552889858,-0.0943789035392089,0.4422278479259257,2.0,59.0,55,1,Midweek,wilson,,,,
linept_pugh,Pugh Ratings,1419.0,1403,651.0,752.0,16.0,-160.1818181818182,13.077033121916841,-0.2065327695560254,0.4640057020669993,-0.11417093241754682,0.4380442305486068,2.0,61.0,56,1,Midweek,wilson,,,,
linecfbp_jp,JP+,427.0,417,202.0,215.0,4.0,-31.36363636363637,13.153629976580795,-0.6266978922716628,0.4844124700239808,-0.07521255722694574,0.4368073654855671,1.0,62.0,57,1,Midweek,wilson,,,,
linept_paynep,linepaynep,1425.0,1406,650.0,756.0,16.0,-165.0909090909091,13.581873684210525,0.11498245614035077,0.4623044096728307,-0.11741885426095952,0.43638165004509183,2.0,63.0,58,1,Midweek,wilson,,,,
linecfbp_cfb_professor,CFB Professor,931.0,913,424.0,489.0,11.0,-103.54545454545456,13.319011815252416,0.09752953813104166,0.4644030668127054,-0.11341232699392613,0.4322693402990261,2.0,64.0,59,1,Midweek,wilson,,,,
linept_cather,linecather,805.0,770,349.0,421.0,8.0,-103.72727272727273,13.457142857142857,-0.09813664596273292,0.45324675324675323,-0.1347107438016529,0.41840408861923456,2.0,65.0,60,1,Midweek,wilson,,,,
linecfbp_cfb_graphs,CFB Graphs,427.0,417,214.0,203.0,4.0,-8.454545454545459,12.431147540983607,-0.42786885245901635,0.513189448441247,-0.02027468933943755,0.4653151306705581,1.0,17.0,1,1,Midweek,mae,,,,
dokter_entropy,Dokter Entropy,1424.0,1404,667.0,737.0,16.0,-130.63636363636365,12.690730337078653,-0.39092696629213486,0.47507122507122507,-0.09304584304584305,0.4490535611372967,2.0,52.0,2,1,Midweek,mae,,,,
espn_fpi,ESPN FPI,1425.0,1407,683.0,724.0,16.0,-103.09090909090911,12.69581754385965,-0.28245614035087735,0.48542999289267946,-0.07327001356852104,0.4593904187089851,2.0,32.0,3,1,Midweek,mae,,,,
piratings_mean,Pi-Ratings Mean,1425.0,1387,677.0,710.0,16.0,-94.54545454545456,12.754000000000001,-0.38619649122807026,0.48810382119682766,-0.0681654322606017,0.4618668842226371,2.0,29.0,4,1,Midweek,mae,,,,
teamrankings,TeamRankings.com,1425.0,1395,667.0,728.0,16.0,-121.63636363636365,12.769677192982456,-0.2687789473684211,0.47813620071684587,-0.08719452590420333,0.45201927189431496,2.0,44.0,5,1,Midweek,mae,,,,
linecfbp_power_rank,Power Rank,931.0,911,464.0,447.0,11.0,-25.181818181818194,12.779806659505908,-0.07368421052631569,0.5093304061470911,-0.027641951901007898,0.4768968330251014,2.0,4.0,6,1,Midweek,mae,,,,
linecfbp_cfbwe,CFBWE,427.0,413,206.0,207.0,4.0,-19.727272727272734,12.792974238875876,-0.9053864168618267,0.49878934624697335,-0.04776579352850541,0.45080159260619684,1.0,45.0,7,1,Midweek,mae,,,,
linecfbp_tshoe_index,TShoe Index,427.0,403,202.0,201.0,4.0,-17.363636363636367,12.795550351288055,-0.5838407494145197,0.5012406947890818,-0.04308594631175277,0.45264376042194754,1.0,42.0,8,1,Midweek,mae,,,,
linecfbp_power_rank_free,Power Rank: Free,427.0,419,218.0,201.0,4.0,-2.8181818181818237,12.80023419203747,-1.3637002341920377,0.5202863961813843,-0.006725970926448267,0.4724836951654902,1.0,7.0,9,1,Midweek,mae,,,,
piratings,Pi-Ratings,1425.0,1397,694.0,703.0,16.0,-72.09090909090911,12.818821052631579,-0.3614035087719297,0.49677881173944166,-0.05160408667924775,0.47060493392426567,2.0,11.0,10,1,Midweek,mae,,,,
linecfbp_cfbwe_rounded,CFBWE: Rounded,427.0,393,197.0,196.0,4.0,-16.909090909090914,12.822014051522249,-0.9156908665105387,0.5012722646310432,-0.04302567661346288,0.4520663967146846,1.0,43.0,11,1,Midweek,mae,,,,
piratings_bias,PI-Rate Bias,1425.0,1403,687.0,716.0,16.0,-91.45454545454548,12.83114385964912,-0.4662035087719298,0.4896650035637919,-0.06518499319639735,0.4635714314242555,2.0,23.0,12,1,Midweek,mae,,,,
harville,David Harville,1425.0,1405,676.0,729.0,16.0,-114.45454545454547,12.848287719298243,-0.17564210526315788,0.4811387900355872,-0.08146230993206083,0.45509994325275394,2.0,40.0,13,1,Midweek,mae,,,,
linecfbp_cfbwe_average,CFBWE: Average,427.0,419,214.0,205.0,4.0,-10.45454545454546,12.848946135831381,-0.9510538641686181,0.5107398568019093,-0.024951182469082244,0.4629958951547597,1.0,26.0,14,1,Midweek,mae,,,,
linecfbp_sp,SP+,933.0,912,466.0,446.0,11.0,-22.363636363636374,12.872454448017148,-0.0006430868167204643,0.5109649122807017,-0.02452153110047848,0.4785443563728305,2.0,3.0,15,1,Midweek,mae,,,,
linecfbp_professor_sides,Professor Sides,931.0,904,436.0,468.0,11.0,-71.63636363636364,12.87798066595059,-0.036090225563909735,0.4823008849557522,-0.07924376508447305,0.44987139047051766,2.0,46.0,16,1,Midweek,mae,,,,
sagarin,Sagarin Ratings,1425.0,1409,663.0,746.0,16.0,-143.27272727272728,12.887950877192983,-0.28977543859649113,0.47054648687012063,-0.10168397961158784,0.44459989912660863,2.0,56.0,17,1,Midweek,mae,,,,
linept_donchess,Donchess Inference,1425.0,1381,682.0,699.0,16.0,-79.00000000000001,12.89320701754386,-0.10621754385964913,0.49384503982621286,-0.05720492396813904,0.46753002814550354,2.0,14.0,18,1,Midweek,mae,,,,
linept_pig,Pigskin Index,1425.0,1329,653.0,676.0,16.0,-82.36363636363639,12.9052,-0.35654035087719305,0.49134687735139204,-0.06197414323825161,0.46453296166951735,2.0,20.0,19,1,Midweek,mae,,,,
sagarin_predictor,Sagarin Predictor,1425.0,1406,669.0,737.0,16.0,-128.81818181818184,12.977263157894736,-0.32380350877192987,0.47581792318634425,-0.09162032846243374,0.4498147261774829,2.0,48.0,20,1,Midweek,mae,,,,
massey,Massey Ratings,1425.0,1408,713.0,695.0,16.0,-46.81818181818184,12.977761403508772,-0.18466666666666676,0.5063920454545454,-0.033251549586776875,0.4802957254751514,2.0,2.0,21,1,Midweek,mae,,,,
linept_kam,Edward Kambour,1423.0,1407,677.0,730.0,16.0,-114.54545454545456,12.979739985945185,-0.5212157413914266,0.48116560056858565,-0.0814111261872456,0.45514505458699756,2.0,39.0,22,1,Midweek,mae,,,,
linept_bihl,Bihl System,750.0,745,367.0,378.0,5.0,-44.363636363636374,13.006906666666664,-0.2236,0.49261744966442955,-0.05954850518608909,0.4568476519711654,2.0,35.0,23,1,Midweek,mae,,,,
sagarin_golden_mean,Sagarin Golden Mean,1425.0,1409,691.0,718.0,16.0,-89.81818181818184,13.02618947368421,-0.3090245614035087,0.49041873669268987,-0.06374604813213758,0.46437774013823513,2.0,21.0,24,1,Midweek,mae,,,,
linecfbp_cfbwe_margin,CFBWE: Margin,427.0,422,215.0,207.0,4.0,-11.54545454545455,13.033723653395784,-1.1030444964871196,0.509478672985782,-0.027358897027143485,0.46191250394071537,1.0,28.0,25,1,Midweek,mae,,,,
linept_laz,Laz Index,1423.0,1404,698.0,706.0,16.0,-71.45454545454547,13.045172171468728,-0.17560084328882639,0.49715099715099714,-0.0508935508935509,0.47104111548511823,2.0,10.0,26,1,Midweek,mae,,,,
linept_pugh,Pugh Ratings,1419.0,1403,651.0,752.0,16.0,-160.1818181818182,13.077033121916841,-0.2065327695560254,0.4640057020669993,-0.11417093241754682,0.4380442305486068,2.0,61.0,27,1,Midweek,mae,,,,
linept_fox,linefox,1417.0,1347,660.0,687.0,16.0,-87.00000000000001,13.112971065631617,-0.3958645024700071,0.48997772828507796,-0.0645879732739421,0.46334814777675243,2.0,25.0,28,1,Midweek,mae,,,,
linecfbp_jp,JP+,427.0,417,202.0,215.0,4.0,-31.36363636363637,13.153629976580795,-0.6266978922716628,0.4844124700239808,-0.07521255722694574,0.4368073654855671,1.0,62.0,29,1,Midweek,mae,,,,
sagarin_recent,Sagarin Recent,1425.0,1408,667.0,741.0,16.0,-134.63636363636365,13.1684,-0.11327017543859663,0.4737215909090909,-0.09562241735537191,0.44774798551018435,2.0,54.0,30,1,Midweek,mae,,,,
linept_talis,Talisman Red,1373.0,1358,677.0,681.0,15.0,-65.54545454545456,13.206270939548435,-0.35139839766933717,0.49852724594992637,-0.04826616682286786,0.4719759945524014,2.0,8.0,31,1,Midweek,mae,,,,
linept_payne,linepayne,1425.0,1409,679.0,730.0,16.0,-112.72727272727275,13.265887719298245,0.15075789473684206,0.48190205819730303,-0.08000516162333056,0.4558964819320254,2.0,38.0,32,1,Midweek,mae,,,,
linecfbp_dratings,DRatings,933.0,908,436.0,472.0,11.0,-75.63636363636365,13.293569131832799,-0.10878885316184339,0.4801762114537445,-0.08329995995194235,0.44783186849561096,2.0,53.0,33,1,Midweek,mae,,,,
linecfbp_wilson_ratings,Wilson Ratings,933.0,912,433.0,479.0,11.0,-85.36363636363637,13.295819935691318,-0.16720257234726688,0.47478070175438597,-0.09360047846889953,0.4425452085230941,2.0,58.0,34,1,Midweek,mae,,,,
linept_argh,Argh Ratings,1425.0,1357,671.0,686.0,16.0,-76.00000000000001,13.313157894736841,-0.0412280701754386,0.49447310243183495,-0.056005895357406056,0.46792504667016466,2.0,13.0,35,1,Midweek,mae,,,,
linecfbp_cfb_professor,CFB Professor,931.0,913,424.0,489.0,11.0,-103.54545454545456,13.319011815252416,0.09752953813104166,0.4644030668127054,-0.11341232699392613,0.4322693402990261,2.0,64.0,36,1,Midweek,mae,,,,
moore_ratings,Moore Power Ratings,1425.0,1408,683.0,725.0,16.0,-104.09090909090911,13.319291228070174,-0.3483859649122807,0.4850852272727273,-0.07392820247933886,0.45905632964459886,2.0,33.0,37,1,Midweek,mae,,,,
linept_born,Born Power Index,1425.0,1409,670.0,739.0,16.0,-129.90909090909093,13.331508771929826,-0.22843508771929824,0.4755145493257629,-0.09219949674172528,0.4495404981363926,2.0,50.0,38,1,Midweek,mae,,,,
linept_elo,Beck Elo,1425.0,1407,684.0,723.0,16.0,-101.1818181818182,13.35094035087719,-0.30385263157894743,0.4861407249466951,-0.07191316146540029,0.4600981636781008,2.0,30.0,39,1,Midweek,mae,,,,
linept_round,lineround,1034.0,990,500.0,490.0,10.0,-35.454545454545475,13.359767891682786,0.27852998065764023,0.5050505050505051,-0.03581267217630856,0.47394694278566163,2.0,6.0,40,1,Midweek,mae,,,,
keeper,Keeper,1418.0,1399,721.0,678.0,16.0,-22.54545454545456,13.362827926657262,-0.16398448519040898,0.5153681200857756,-0.016115407108973953,0.4891737831472682,2.0,1.0,41,1,Midweek,mae,,,,
linept_dunk,Dunkel Index,1256.0,1244,611.0,633.0,12.0,-77.54545454545456,13.381942675159237,-0.40136942675159226,0.49115755627009644,-0.06233557439345222,0.46344706302902305,2.0,24.0,42,1,Midweek,mae,,,,
congrove,Congrove Computer Rankings,1424.0,1406,706.0,700.0,16.0,-58.1818181818182,13.401362359550562,0.10431179775280912,0.5021337126600285,-0.041381094012672974,0.4760285896174048,2.0,5.0,43,1,Midweek,mae,,,,
linept_how,Howell,1423.0,1357,660.0,697.0,16.0,-97.00000000000001,13.450091356289532,-0.29762473647224175,0.4863669859985262,-0.07148120854826825,0.45985004295238446,2.0,31.0,44,1,Midweek,mae,,,,
linept_cather,linecather,805.0,770,349.0,421.0,8.0,-103.72727272727273,13.457142857142857,-0.09813664596273292,0.45324675324675323,-0.1347107438016529,0.41840408861923456,2.0,65.0,45,1,Midweek,mae,,,,
linept_curry,Daniel Curry Index,1425.0,1409,680.0,729.0,16.0,-110.81818181818184,13.542533333333333,-0.2142807017543859,0.48261178140525196,-0.07865023549906447,0.4566029649224622,2.0,36.0,46,1,Midweek,mae,,,,
fei,FEI Projections,1425.0,1398,687.0,711.0,16.0,-86.45454545454547,13.567101754385964,-0.20268070175438604,0.49141630901287553,-0.06184159188451035,0.4652697650936819,2.0,18.0,47,1,Midweek,mae,,,,
linept_paynep,linepaynep,1425.0,1406,650.0,756.0,16.0,-165.0909090909091,13.581873684210525,0.11498245614035077,0.4623044096728307,-0.11741885426095952,0.43638165004509183,2.0,63.0,48,1,Midweek,mae,,,,
linecfbp_room44_bets,Room44 Bets,931.0,900,434.0,466.0,11.0,-71.45454545454547,13.654027926960257,-0.3809881847475834,0.4822222222222222,-0.0793939393939394,0.4497217288253999,2.0,49.0,49,1,Midweek,mae,,,,
linept_dwig,DP Dwiggins,1421.0,1363,660.0,703.0,15.0,-103.00000000000001,13.7009148486981,-0.1330049261083744,0.4842259721203228,-0.07556859867938372,0.457776556415885,2.0,34.0,50,1,Midweek,mae,,,,
linept_bill,Billingsley,1424.0,1406,694.0,712.0,16.0,-81.09090909090911,13.716088483146066,-0.11184691011235953,0.49359886201991465,-0.05767489978016295,0.46751889036376376,2.0,15.0,51,1,Midweek,mae,,,,
linept_rwp,Laffaye RWP,1311.0,1292,638.0,654.0,16.0,-74.00000000000001,13.747955758962624,0.25489702517162466,0.4938080495356037,-0.057275541795665644,0.46660509947242756,2.0,16.0,52,1,Midweek,mae,,,,
linecfbp_cfbwe_talent,CFBWE: Talent,427.0,421,211.0,210.0,4.0,-18.181818181818187,13.85128805620609,-0.8957845433255269,0.501187648456057,-0.04318721658389118,0.45363206465850064,1.0,41.0,53,1,Midweek,mae,,,,
linecfbp_beta_rank,Beta_Rank,933.0,917,435.0,482.0,11.0,-86.54545454545456,13.869239013933548,0.3506966773847802,0.4743729552889858,-0.0943789035392089,0.4422278479259257,2.0,59.0,54,1,Midweek,mae,,,,
linept_paynewl,linepaynewl,1425.0,1405,687.0,718.0,16.0,-93.45454545454547,13.980715789473681,0.14008421052631578,0.4889679715302491,-0.06651569071497898,0.46289558360642225,2.0,27.0,55,1,Midweek,mae,,,,
linept_kerns,Stephen Kerns,1425.0,1404,689.0,715.0,16.0,-88.63636363636365,14.026224561403508,0.42268771929824556,0.49074074074074076,-0.06313131313131315,0.4646523939361912,2.0,19.0,56,1,Midweek,mae,,,,
linept_pfz,PerformanZ Ratings,1425.0,1408,670.0,738.0,16.0,-128.90909090909093,14.073417543859652,0.03541052631578946,0.4758522727272727,-0.09155475206611573,0.44986727371949264,2.0,47.0,57,1,Midweek,mae,,,,
linept_clean,Cleanup Hitter,1425.0,1375,647.0,728.0,16.0,-139.81818181818184,14.175101754385965,-0.00036491228070174164,0.47054545454545454,-0.10168595041322316,0.44428191084914964,2.0,57.0,58,1,Midweek,mae,,,,
linept_loud,Loudsound.org,1408.0,1357,672.0,685.0,16.0,-74.09090909090911,14.417613636363637,0.30113636363636365,0.4952100221075903,-0.05459904870369131,0.46865948331081625,2.0,12.0,59,1,Midweek,mae,,,,
linept_log,Logistic Regression,631.0,624,309.0,315.0,7.0,-34.0909090909091,15.14657686212361,0.2535182250396196,0.4951923076923077,-0.05463286713286715,0.456113044747531,2.0,37.0,60,1,Midweek,mae,,,,
linecfbp_cfb_graphs,,,427,,,,,,,,,,,,1,1,Midweek,incremental,0.07121313171120235,0.3460986170635799,0.0673774907312913,12.431147540983607
linecfbp_cfbwe_talent,,,427,,,,,,,,,,,,2,1,Midweek,incremental,0.04304669403012421,0.0729177064926589,0.04072813761076562,13.85128805620609
linecfbp_cfbwe_average,,,427,,,,,,,,,,,,3,1,Midweek,incremental,0.0411528314500524,0.11334887952642884,0.038936281174053754,12.848946135831381
linecfbp_cfbwe,,,427,,,,,,,,,,,,4,1,Midweek,incremental,0.03506849241574931,0.09838887616646039,0.03317965332973579,12.792974238875878
massey,,,1425,,,,,,,,,,,,5,1,Midweek,incremental,0.03209459922814576,0.0922234117557835,0.03154593317098633,12.97776140350877
linecfbp_cfbwe_rounded,,,427,,,,,,,,,,,,6,1,Midweek,incremental,0.027955815674603278,0.07719135598084012,0.02645007551612798,12.822014051522249
linecfbp_cfbwe_margin,,,427,,,,,,,,,,,,7,1,Midweek,incremental,0.026352303118087842,0.06333167582702098,0.024932930436028487,13.033723653395786
dokter_entropy,,,1424,,,,,,,,,,,,8,1,Midweek,incremental,0.02467789976754821,0.1005845366060475,0.024255735538463462,12.690730337078652
linept_talis,,,1373,,,,,,,,,,,,9,1,Midweek,incremental,0.022656634605008018,0.056300873315828594,0.02225503180133667,13.206270939548435
linept_laz,,,1423,,,,,,,,,,,,10,1,Midweek,incremental,0.02131701893436757,0.0630368190289478,0.020952099486353654,13.045172171468728
piratings,,,1425,,,,,,,,,,,,11,1,Midweek,incremental,0.020892967844001128,0.07062988719525609,0.02053579677581486,12.818821052631579
linecfbp_power_rank_free,,,427,,,,,,,,,,,,12,1,Midweek,incremental,0.021399600269656722,0.05145092760471033,0.020246987236418938,12.80023419203747
linecfbp_sp,,,933,,,,,,,,,,,,13,1,Midweek,incremental,0.018112046213812294,0.07365060848954783,0.01764540295990238,12.872454448017148
linecfbp_cfb_professor,,,931,,,,,,,,,,,,14,1,Midweek,incremental,0.01646508449970359,0.05178443138180698,0.016039997663181173,13.319011815252416
linecfbp_tshoe_index,,,427,,,,,,,,,,,,15,1,Midweek,incremental,0.01668145085150521,0.05871905650399609,0.015782964084347064,12.795550351288059
linecfbp_power_rank,,,931,,,,,,,,,,,,16,1,Midweek,incremental,0.015815171096946187,0.07950018427195031,0.015406863380652192,12.779806659505908
linept_paynewl,,,1425,,,,,,,,,,,,17,1,Midweek,incremental,0.015525402046458818,0.028654069054070648,0.015259991001251704,13.980715789473685
piratings_mean,,,1425,,,,,,,,,,,,18,1,Midweek,incremental,0.014997649059858611,0.05699553048265247,0.014741260098032371,12.753999999999998
linept_rwp,,,1311,,,,,,,,,,,,19,1,Midweek,incremental,0.01169734621064249,0.024179634076739946,0.011480468923238092,13.747955758962624
piratings_bias,,,1425,,,,,,,,,,,,20,1,Midweek,incremental,0.01077153551467873,0.03593187626527271,0.010587393133638845,12.83114385964912
linept_bihl,,,750,,,,,,,,,,,,21,1,Midweek,incremental,0.010448662510724318,0.040293711529059466,0.010116873973544264,13.006906666666668
linept_round,,,1034,,,,,,,,,,,,22,1,Midweek,incremental,0.008668266207545091,0.02431561623513595,0.008465992288904328,13.359767891682786
linecfbp_jp,,,427,,,,,,,,,,,,23,1,Midweek,incremental,0.004654344557404574,0.011290747900626603,0.004403654912250286,13.153629976580797
sagarin_golden_mean,,,1425,,,,,,,,,,,,24,1,Midweek,incremental,0.002004243437019631,0.004955168610815476,0.0019699803407160986,13.02618947368421
linept_payne,,,1425,,,,,,,,,,,,25,1,Midweek,incremental,0.0017860412149318652,0.005717183245187743,0.0017555083460103695,13.265887719298245
linecfbp_beta_rank,,,933,,,,,,,,,,,,26,1,Midweek,incremental,0.0016164938011865536,0.00376857250122433,0.0015748460536926428,13.86923901393355
linept_loud,,,1408,,,,,,,,,,,,27,1,Midweek,incremental,0.000458048891301658,0.0011976513590232143,0.0004501263135069288,14.417613636363637
linept_kam,,,1423,,,,,,,,,,,,28,1,Midweek,incremental,0.000433782139205609,-0.0012723692529786985,0.00042635635705076934,12.979739985945185
linept_argh,,,1425,,,,,,,,,,,,29,1,Midweek,incremental,0.00041651379412929057,0.0014429906141286578,0.0004093933755332227,13.313157894736841
linept_pig,,,1425,,,,,,,,,,,,30,1,Midweek,incremental,-0.0002889794562689404,-0.0027632517364941343,-0.00028403927247838814,12.9052
linept_clean,,,1425,,,,,,,,,,,,31,1,Midweek,incremental,-0.0033090673787374942,-0.005599962764985485,-0.0032524979559925417,14.175101754385965
espn_fpi,,,1425,,,,,,,,,,,,32,1,Midweek,incremental,-0.005174607113563124,-0.023383353864542836,-0.005086145772694968,12.69581754385965
linept_how,,,1423,,,,,,,,,,,,33,1,Midweek,incremental,-0.00618440330111538,-0.014327154101098577,-0.006078534415513369,13.450091356289528
linept_bill,,,1424,,,,,,,,,,,,34,1,Midweek,incremental,-0.006842816803003131,-0.013740573207650797,-0.0067257569029460455,13.716088483146066
sagarin,,,1425,,,,,,,,,,,,35,1,Midweek,incremental,-0.009972197257508,-0.03876522698061472,-0.009801719785220549,12.887950877192983
fei,,,1425,,,,,,,,,,,,36,1,Midweek,incremental,-0.010121632996064228,-0.022637910701003575,-0.009948600878464352,13.567101754385964
congrove,,,1424,,,,,,,,,,,,37,1,Midweek,incremental,-0.010851560358316668,-0.026247463176486775,-0.010665922980088087,13.40136235955056
linecfbp_room44_bets,,,931,,,,,,,,,,,,38,1,Midweek,incremental,-0.01231843411148317,-0.030037073827780193,-0.012000403299831127,13.654027926960257
linept_curry,,,1425,,,,,,,,,,,,39,1,Midweek,incremental,-0.012315589149378383,-0.027691900774860133,-0.012105050744079986,13.542533333333333
linept_fox,,,1417,,,,,,,,,,,,40,1,Midweek,incremental,-0.012524705193446504,-0.037649682246187775,-0.01230941405575476,13.112971065631617
linecfbp_wilson_ratings,,,933,,,,,,,,,,,,41,1,Midweek,incremental,-0.01279064271170368,-0.04051651644384599,-0.012461101418349602,13.295819935691318
linept_dunk,,,1256,,,,,,,,,,,,42,1,Midweek,incremental,-0.015186604169803872,-0.03947092121324129,-0.014893058817770543,13.381942675159237
sagarin_predictor,,,1425,,,,,,,,,,,,43,1,Midweek,incremental,-0.015355432302755394,-0.0550895663841744,-0.015092926937362234,12.977263157894736
linept_dwig,,,1421,,,,,,,,,,,,44,1,Midweek,incremental,-0.015933637659575346,-0.03359490760735952,-0.01566050056119277,13.7009148486981
harville,,,1425,,,,,,,,,,,,45,1,Midweek,incremental,-0.01608439369179097,-0.06284637903498123,-0.01580942652968552,12.848287719298243
linept_donchess,,,1425,,,,,,,,,,,,46,1,Midweek,incremental,-0.017030323852938577,-0.06262603616702232,-0.016739185752907535,12.89320701754386
keeper,,,1418,,,,,,,,,,,,47,1,Midweek,incremental,-0.018626112926103448,-0.04502552388850569,-0.018306162757507422,13.362827926657264
linept_born,,,1425,,,,,,,,,,,,48,1,Midweek,incremental,-0.020030122811702602,-0.05320778047366384,-0.0196877023181674,13.331508771929826
linecfbp_professor_sides,,,931,,,,,,,,,,,,49,1,Midweek,incremental,-0.020669557722224497,-0.11172252160689296,-0.02013592202150179,12.87798066595059
sagarin_recent,,,1425,,,,,,,,,,,,50,1,Midweek,incremental,-0.021606888393753416,-0.05802438881515007,-0.021237512656165507,13.1684
linept_pugh,,,1419,,,,,,,,,,,,51,1,Midweek,incremental,-0.022720865548577628,-0.07260598954459041,-0.022330845744592008,13.077033121916843
linept_log,,,631,,,,,,,,,,,,52,1,Midweek,incremental,-0.029661319911323803,-0.03964252626326364,-0.02855167534050491,15.146576862123613
linept_kerns,,,1425,,,,,,,,,,,,53,1,Midweek,incremental,-0.029518027814396327,-0.05540565163666341,-0.02901340895871532,14.026224561403511
linecfbp_dratings,,,933,,,,,,,,,,,,54,1,Midweek,incremental,-0.03202264182681572,-0.1180205436321841,-0.031197602535039767,13.293569131832795
teamrankings,,,1425,,,,,,,,,,,,55,1,Midweek,incremental,-0.0379159410621268,-0.17193183276030582,-0.037267757555046174,12.769677192982456
linept_elo,,,1425,,,,,,,,,,,,56,1,Midweek,incremental,-0.04115216769850295,-0.10939020141652875,-0.04044866000132938,13.35094035087719
linept_cather,,,805,,,,,,,,,,,,57,1,Midweek,incremental,-0.05275990719207657,-0.12739389081421756,-0.05119398133219092,13.457142857142857
moore_ratings,,,1425,,,,,,,,,,,,58,1,Midweek,incremental,-0.057033700196350574,-0.16245205412560088,-0.05605869330533127,13.319291228070174
linept_pfz,,,1425,,,,,,,,,,,,59,1,Midweek,incremental,-0.05722138331620093,-0.11548009698940342,-0.05624316793029961,14.073417543859648
linept_paynep,,,1425,,,,,,,,,,,,60,1,Midweek,incremental,-0.05747121918096735,-0.13801165362145218,-0.05648873278180664,13.581873684210528
linecfbp_power_rank_free,Power Rank: Free,427.0,414,221.0,193.0,5.0,7.909090909090904,12.80023419203747,-1.3637002341920377,0.533816425120773,0.019104084321475614,0.48567271501257625,1.0,1.0,1,1,Close (PT Updated/final),wilson,,,,
massey,Massey Ratings,1425.0,1403,714.0,689.0,21.0,-39.90909090909093,12.977761403508772,-0.18466666666666676,0.5089094796863863,-0.02844553878053523,0.48276192956305375,2.0,2.0,2,1,Close (PT Updated/final),wilson,,,,
keeper,Keeper,1418.0,1394,709.0,685.0,21.0,-40.454545454545475,13.362827926657262,-0.16398448519040898,0.5086083213773315,-0.029020477370549122,0.4823772040936677,2.0,3.0,3,1,Close (PT Updated/final),wilson,,,,
linecfbp_cfb_graphs,CFB Graphs,427.0,419,221.0,198.0,5.0,2.9090909090909047,12.431147540983607,-0.42786885245901635,0.5274463007159904,0.006942937730527219,0.4796108691558525,1.0,4.0,4,1,Close (PT Updated/final),wilson,,,,
linept_round,lineround,1034.0,987,503.0,484.0,14.0,-26.72727272727274,13.359767891682786,0.27852998065764023,0.5096251266464032,-0.02707930367504837,0.47846091262668733,2.0,5.0,5,1,Close (PT Updated/final),wilson,,,,
linecfbp_sp,SP+,933.0,909,464.0,445.0,14.0,-23.181818181818194,12.872454448017148,-0.0006430868167204643,0.5104510451045104,-0.025502550255025517,0.4779786344393772,2.0,6.0,6,1,Close (PT Updated/final),wilson,,,,
linecfbp_power_rank,Power Rank,931.0,910,464.0,446.0,14.0,-24.181818181818194,12.779806659505908,-0.07368421052631569,0.5098901098901099,-0.026573426573426588,0.47743711630961844,2.0,7.0,7,1,Close (PT Updated/final),wilson,,,,
linept_talis,Talisman Red,1373.0,1353,680.0,673.0,20.0,-54.81818181818184,13.206270939548435,-0.35139839766933717,0.5025868440502587,-0.04051602499496071,0.47597547076362995,2.0,8.0,8,1,Close (PT Updated/final),wilson,,,,
congrove,Congrove Computer Rankings,1424.0,1401,700.0,701.0,21.0,-64.63636363636365,13.401362359550562,0.10431179775280912,0.49964311206281226,-0.046135876970994756,0.47349814391200634,2.0,9.0,9,1,Close (PT Updated/final),wilson,,,,
sagarin_golden_mean,Sagarin Golden Mean,1425.0,1404,698.0,706.0,21.0,-71.45454545454547,13.02618947368421,-0.3090245614035087,0.49715099715099714,-0.0508935508935509,0.47104111548511823,2.0,10.0,10,1,Close (PT Updated/final),wilson,,,,
linept_laz,Laz Index,1423.0,1399,695.0,704.0,21.0,-72.1818181818182,13.045172171468728,-0.17560084328882639,0.496783416726233,-0.05159529534082788,0.470628182875254,2.0,11.0,11,1,Close (PT Updated/final),wilson,,,,
linept_argh,Argh Ratings,1425.0,1354,673.0,681.0,21.0,-69.1818181818182,13.313157894736841,-0.0412280701754386,0.49704579025110784,-0.05109440042970325,0.4704600047319843,2.0,12.0,12,1,Close (PT Updated/final),wilson,,,,
linept_bill,Billingsley,1424.0,1402,696.0,706.0,21.0,-73.2727272727273,13.716088483146066,-0.11184691011235953,0.4964336661911555,-0.05226300090779407,0.4703074242439463,2.0,13.0,13,1,Close (PT Updated/final),wilson,,,,
piratings,Pi-Ratings,1425.0,1392,691.0,701.0,21.0,-72.81818181818184,12.818821052631579,-0.3614035087719297,0.4964080459770115,-0.052311912225705345,0.4701885001142852,2.0,14.0,14,1,Close (PT Updated/final),wilson,,,,
linept_pig,Pigskin Index,1425.0,1325,657.0,668.0,21.0,-70.72727272727275,12.9052,-0.35654035087719305,0.4958490566037736,-0.05337907375643226,0.4689787461384005,2.0,16.0,15,1,Close (PT Updated/final),wilson,,,,
linecfbp_cfbwe_margin,CFBWE: Margin,427.0,420,216.0,204.0,5.0,-7.636363636363641,13.033723653395784,-1.1030444964871196,0.5142857142857142,-0.018181818181818195,0.46657446046750145,1.0,18.0,16,1,Close (PT Updated/final),wilson,,,,
linept_rwp,Laffaye RWP,1311.0,1288,636.0,652.0,21.0,-73.81818181818184,13.747955758962624,0.25489702517162466,0.4937888198757764,-0.057312252964426894,0.4665438859362342,2.0,19.0,17,1,Close (PT Updated/final),wilson,,,,
linept_paynewl,linepaynewl,1425.0,1401,690.0,711.0,21.0,-83.72727272727275,13.980715789473681,0.14008421052631578,0.4925053533190578,-0.05976250729998055,0.4663828256745169,2.0,20.0,18,1,Close (PT Updated/final),wilson,,,,
linept_loud,Loudsound.org,1408.0,1349,665.0,684.0,21.0,-79.45454545454547,14.417613636363637,0.30113636363636365,0.49295774647887325,-0.05889884763124201,0.4663366719792081,2.0,21.0,19,1,Close (PT Updated/final),wilson,,,,
linept_dunk,Dunkel Index,1256.0,1239,612.0,627.0,17.0,-70.63636363636365,13.381942675159237,-0.40136942675159226,0.4939467312348668,-0.05701078582434516,0.46616968458742986,2.0,22.0,20,1,Close (PT Updated/final),wilson,,,,
espn_fpi,ESPN FPI,1425.0,1401,689.0,712.0,21.0,-85.63636363636365,12.69581754385965,-0.28245614035087735,0.4917915774446824,-0.06112517033287913,0.465671586161199,2.0,23.0,21,1,Close (PT Updated/final),wilson,,,,
linecfbp_professor_sides,Professor Sides,931.0,906,451.0,455.0,14.0,-45.000000000000014,12.87798066595059,-0.036090225563909735,0.4977924944812362,-0.04966887417218545,0.46531321317652596,2.0,24.0,22,1,Close (PT Updated/final),wilson,,,,
linept_donchess,Donchess Inference,1425.0,1367,672.0,695.0,21.0,-84.09090909090911,12.89320701754386,-0.10621754385964913,0.49158741770299924,-0.06151492983972868,0.4651465237120356,2.0,25.0,23,1,Close (PT Updated/final),wilson,,,,
linept_how,Howell,1423.0,1356,665.0,691.0,21.0,-86.45454545454547,13.450091356289532,-0.29762473647224175,0.49041297935103245,-0.06375703942075625,0.46386989193907313,2.0,26.0,24,1,Close (PT Updated/final),wilson,,,,
linept_dwig,DP Dwiggins,1421.0,1350,661.0,689.0,20.0,-88.09090909090911,13.7009148486981,-0.1330049261083744,0.48962962962962964,-0.06525252525252527,0.46303090327207846,2.0,27.0,25,1,Close (PT Updated/final),wilson,,,,
linept_kerns,Stephen Kerns,1425.0,1398,683.0,715.0,21.0,-94.09090909090911,14.026224561403508,0.42268771929824556,0.488555078683834,-0.06730394069449865,0.462419367638642,2.0,28.0,26,1,Close (PT Updated/final),wilson,,,,
fei,FEI Projections,1425.0,1397,682.0,715.0,21.0,-95.00000000000001,13.567101754385964,-0.20268070175438604,0.4881889763779528,-0.06800286327845384,0.46204539829711855,2.0,29.0,27,1,Close (PT Updated/final),wilson,,,,
piratings_bias,PI-Rate Bias,1425.0,1396,681.0,715.0,21.0,-95.90909090909093,12.83114385964912,-0.4662035087719298,0.4878223495702006,-0.06870278718416256,0.4616709123540176,2.0,30.0,28,1,Close (PT Updated/final),wilson,,,,
linecfbp_cfbwe,CFBWE,427.0,417,212.0,205.0,5.0,-12.272727272727279,12.792974238875876,-0.9053864168618267,0.5083932853717026,-0.029431000654022252,0.46055294524406537,1.0,31.0,29,1,Close (PT Updated/final),wilson,,,,
linecfbp_cfbwe_average,CFBWE: Average,427.0,417,212.0,205.0,5.0,-12.272727272727277,12.848946135831381,-0.9510538641686181,0.5083932853717026,-0.02943100065402225,0.46055294524406537,1.0,32.0,30,1,Close (PT Updated/final),wilson,,,,
teamrankings,TeamRankings.com,1425.0,1390,676.0,714.0,21.0,-99.45454545454547,12.769677192982456,-0.2687789473684211,0.48633093525179855,-0.07155003270111185,0.4601294731594499,2.0,33.0,31,1,Close (PT Updated/final),wilson,,,,
linept_payne,linepayne,1425.0,1403,682.0,721.0,21.0,-101.00000000000001,13.265887719298245,0.15075789473684206,0.48610121168923737,-0.07198859586600144,0.46002187264093297,2.0,34.0,32,1,Close (PT Updated/final),wilson,,,,
linept_curry,Daniel Curry Index,1425.0,1404,681.0,723.0,21.0,-103.90909090909092,13.542533333333333,-0.2142807017543859,0.48504273504273504,-0.07400932400932402,0.4589771263127662,2.0,35.0,33,1,Close (PT Updated/final),wilson,,,,
linept_bihl,Bihl System,750.0,744,368.0,376.0,6.0,-41.45454545454547,13.006906666666664,-0.2236,0.4946236559139785,-0.0557184750733138,0.4588178455253466,2.0,36.0,34,1,Close (PT Updated/final),wilson,,,,
linept_fox,linefox,1417.0,1350,655.0,695.0,21.0,-99.54545454545456,13.112971065631617,-0.3958645024700071,0.48518518518518516,-0.07373737373737375,0.45860501722096947,2.0,37.0,35,1,Close (PT Updated/final),wilson,,,,
linecfbp_cfbwe_rounded,CFBWE: Rounded,427.0,396,201.0,195.0,5.0,-12.272727272727279,12.822014051522249,-0.9156908665105387,0.5075757575757576,-0.030991735537190097,0.45849973256421206,1.0,38.0,36,1,Close (PT Updated/final),wilson,,,,
moore_ratings,Moore Power Ratings,1425.0,1404,680.0,724.0,21.0,-105.81818181818184,13.319291228070174,-0.3483859649122807,0.4843304843304843,-0.07536907536907539,0.4582679559589371,2.0,39.0,37,1,Close (PT Updated/final),wilson,,,,
piratings_mean,Pi-Ratings Mean,1425.0,1384,669.0,715.0,21.0,-106.81818181818184,12.754000000000001,-0.38619649122807026,0.4833815028901734,-0.07718076720966896,0.4571363982322655,2.0,40.0,38,1,Close (PT Updated/final),wilson,,,,
sagarin_predictor,Sagarin Predictor,1425.0,1401,676.0,725.0,21.0,-110.45454545454547,12.977263157894736,-0.32380350877192987,0.4825124910778016,-0.07883978976056065,0.456430311670892,2.0,41.0,39,1,Close (PT Updated/final),wilson,,,,
linept_elo,Beck Elo,1425.0,1403,676.0,727.0,21.0,-112.45454545454547,13.35094035087719,-0.30385263157894743,0.48182466143977193,-0.08015291906952635,0.4557641515159173,2.0,42.0,40,1,Close (PT Updated/final),wilson,,,,
sagarin,Sagarin Ratings,1425.0,1401,675.0,726.0,21.0,-112.36363636363639,12.887950877192983,-0.28977543859649113,0.4817987152034261,-0.08020245279345924,0.4557198168517125,2.0,43.0,41,1,Close (PT Updated/final),wilson,,,,
harville,David Harville,1425.0,1402,675.0,727.0,21.0,-113.36363636363637,12.848287719298243,-0.17564210526315788,0.4814550641940086,-0.08085851381143822,0.4553870227860576,2.0,44.0,42,1,Close (PT Updated/final),wilson,,,,
linept_born,Born Power Index,1425.0,1404,675.0,729.0,21.0,-115.36363636363639,13.331508771929826,-0.22843508771929824,0.4807692307692308,-0.08216783216783219,0.45472289832058344,2.0,45.0,43,1,Close (PT Updated/final),wilson,,,,
sagarin_recent,Sagarin Recent,1425.0,1403,674.0,729.0,21.0,-116.2727272727273,13.1684,-0.11327017543859663,0.4803991446899501,-0.082874360137368,0.4543453354848314,2.0,46.0,44,1,Close (PT Updated/final),wilson,,,,
linept_kam,Edward Kambour,1423.0,1401,673.0,728.0,21.0,-116.1818181818182,12.979739985945185,-0.5212157413914266,0.48037116345467523,-0.0829277788592564,0.4542989869501248,2.0,47.0,45,1,Close (PT Updated/final),wilson,,,,
linept_clean,Cleanup Hitter,1425.0,1361,653.0,708.0,21.0,-114.36363636363639,14.175101754385965,-0.00036491228070174164,0.47979426891991184,-0.08402912297107744,0.45334642808291614,2.0,48.0,46,1,Close (PT Updated/final),wilson,,,,
dokter_entropy,Dokter Entropy,1424.0,1397,669.0,728.0,21.0,-119.81818181818183,12.690730337078653,-0.39092696629213486,0.47888332140300643,-0.08576820459426043,0.45278127293461556,2.0,49.0,47,1,Close (PT Updated/final),wilson,,,,
linept_pfz,PerformanZ Ratings,1425.0,1404,671.0,733.0,21.0,-123.00000000000001,14.073417543859652,0.03541052631578946,0.4779202279202279,-0.08760683760683761,0.45188780565457737,2.0,50.0,48,1,Close (PT Updated/final),wilson,,,,
linecfbp_cfbwe_talent,CFBWE: Talent,427.0,420,209.0,211.0,5.0,-21.000000000000004,13.85128805620609,-0.8957845433255269,0.4976190476190476,-0.05000000000000001,0.4500401290346092,1.0,51.0,49,1,Close (PT Updated/final),wilson,,,,
linept_log,Logistic Regression,631.0,623,303.0,320.0,8.0,-44.545454545454554,15.14657686212361,0.2535182250396196,0.48635634028892455,-0.0715015321756895,0.4473127783069891,2.0,52.0,50,1,Close (PT Updated/final),wilson,,,,
linecfbp_room44_bets,Room44 Bets,931.0,899,431.0,468.0,14.0,-76.18181818181819,13.654027926960257,-0.3809881847475834,0.4794215795328142,-0.0847406208919001,0.4469220325849805,2.0,53.0,51,1,Close (PT Updated/final),wilson,,,,
linept_paynep,linepaynep,1425.0,1404,661.0,743.0,21.0,-142.09090909090912,13.581873684210525,0.11498245614035077,0.4707977207977208,-0.10120435120435123,0.44480378615385935,2.0,55.0,52,1,Close (PT Updated/final),wilson,,,,
linept_pugh,Pugh Ratings,1419.0,1398,658.0,740.0,21.0,-141.81818181818184,13.077033121916841,-0.2065327695560254,0.47067238912732473,-0.10144362075692549,0.4446237829971797,2.0,56.0,53,1,Close (PT Updated/final),wilson,,,,
linecfbp_tshoe_index,TShoe Index,427.0,409,201.0,208.0,5.0,-25.272727272727277,12.795550351288055,-0.5838407494145197,0.49144254278728605,-0.06179150922427207,0.4432981483434931,1.0,57.0,54,1,Close (PT Updated/final),wilson,,,,
linecfbp_beta_rank,Beta_Rank,933.0,916,435.0,481.0,14.0,-85.54545454545456,13.869239013933548,0.3506966773847802,0.47489082969432317,-0.09339023421992856,0.4427244560115635,2.0,58.0,55,1,Close (PT Updated/final),wilson,,,,
linecfbp_wilson_ratings,Wilson Ratings,933.0,910,432.0,478.0,14.0,-85.27272727272728,13.295819935691318,-0.16720257234726688,0.4747252747252747,-0.09370629370629371,0.44245505542047997,2.0,59.0,56,1,Close (PT Updated/final),wilson,,,,
linecfbp_dratings,DRatings,933.0,904,428.0,476.0,14.0,-86.90909090909092,13.293569131832799,-0.10878885316184339,0.47345132743362833,-0.09613837489943686,0.44108466871823226,2.0,60.0,57,1,Close (PT Updated/final),wilson,,,,
linecfbp_jp,JP+,427.0,420,204.0,216.0,5.0,-30.545454545454554,13.153629976580795,-0.6266978922716628,0.4857142857142857,-0.07272727272727275,0.43826198713516373,1.0,62.0,58,1,Close (PT Updated/final),wilson,,,,
linecfbp_cfb_professor,CFB Professor,931.0,912,420.0,492.0,14.0,-110.18181818181819,13.319011815252416,0.09752953813104166,0.4605263157894737,-0.12081339712918661,0.42841021515569083,2.0,64.0,59,1,Close (PT Updated/final),wilson,,,,
linept_cather,linecather,805.0,767,350.0,417.0,10.0,-98.81818181818183,13.457142857142857,-0.09813664596273292,0.45632333767926986,-0.1288372644304848,0.4213784322589059,2.0,65.0,60,1,Close (PT Updated/final),wilson,,,,
linecfbp_cfb_graphs,CFB Graphs,427.0,419,221.0,198.0,5.0,2.9090909090909047,12.431147540983607,-0.42786885245901635,0.5274463007159904,0.006942937730527219,0.4796108691558525,1.0,4.0,1,1,Close (PT Updated/final),mae,,,,
dokter_entropy,Dokter Entropy,1424.0,1397,669.0,728.0,21.0,-119.81818181818183,12.690730337078653,-0.39092696629213486,0.47888332140300643,-0.08576820459426043,0.45278127293461556,2.0,49.0,2,1,Close (PT Updated/final),mae,,,,
espn_fpi,ESPN FPI,1425.0,1401,689.0,712.0,21.0,-85.63636363636365,12.69581754385965,-0.28245614035087735,0.4917915774446824,-0.06112517033287913,0.465671586161199,2.0,23.0,3,1,Close (PT Updated/final),mae,,,,
piratings_mean,Pi-Ratings Mean,1425.0,1384,669.0,715.0,21.0,-106.81818181818184,12.754000000000001,-0.38619649122807026,0.4833815028901734,-0.07718076720966896,0.4571363982322655,2.0,40.0,4,1,Close (PT Updated/final),mae,,,,
teamrankings,TeamRankings.com,1425.0,1390,676.0,714.0,21.0,-99.45454545454547,12.769677192982456,-0.2687789473684211,0.48633093525179855,-0.07155003270111185,0.4601294731594499,2.0,33.0,5,1,Close (PT Updated/final),mae,,,,
linecfbp_power_rank,Power Rank,931.0,910,464.0,446.0,14.0,-24.181818181818194,12.779806659505908,-0.07368421052631569,0.5098901098901099,-0.026573426573426588,0.47743711630961844,2.0,7.0,6,1,Close (PT Updated/final),mae,,,,
linecfbp_cfbwe,CFBWE,427.0,417,212.0,205.0,5.0,-12.272727272727279,12.792974238875876,-0.9053864168618267,0.5083932853717026,-0.029431000654022252,0.46055294524406537,1.0,31.0,7,1,Close (PT Updated/final),mae,,,,
linecfbp_tshoe_index,TShoe Index,427.0,409,201.0,208.0,5.0,-25.272727272727277,12.795550351288055,-0.5838407494145197,0.49144254278728605,-0.06179150922427207,0.4432981483434931,1.0,57.0,8,1,Close (PT Updated/final),mae,,,,
linecfbp_power_rank_free,Power Rank: Free,427.0,414,221.0,193.0,5.0,7.909090909090904,12.80023419203747,-1.3637002341920377,0.533816425120773,0.019104084321475614,0.48567271501257625,1.0,1.0,9,1,Close (PT Updated/final),mae,,,,
piratings,Pi-Ratings,1425.0,1392,691.0,701.0,21.0,-72.81818181818184,12.818821052631579,-0.3614035087719297,0.4964080459770115,-0.052311912225705345,0.4701885001142852,2.0,14.0,10,1,Close (PT Updated/final),mae,,,,
linecfbp_cfbwe_rounded,CFBWE: Rounded,427.0,396,201.0,195.0,5.0,-12.272727272727279,12.822014051522249,-0.9156908665105387,0.5075757575757576,-0.030991735537190097,0.45849973256421206,1.0,38.0,11,1,Close (PT Updated/final),mae,,,,
piratings_bias,PI-Rate Bias,1425.0,1396,681.0,715.0,21.0,-95.90909090909093,12.83114385964912,-0.4662035087719298,0.4878223495702006,-0.06870278718416256,0.4616709123540176,2.0,30.0,12,1,Close (PT Updated/final),mae,,,,
harville,David Harville,1425.0,1402,675.0,727.0,21.0,-113.36363636363637,12.848287719298243,-0.17564210526315788,0.4814550641940086,-0.08085851381143822,0.4553870227860576,2.0,44.0,13,1,Close (PT Updated/final),mae,,,,
linecfbp_cfbwe_average,CFBWE: Average,427.0,417,212.0,205.0,5.0,-12.272727272727277,12.848946135831381,-0.9510538641686181,0.5083932853717026,-0.02943100065402225,0.46055294524406537,1.0,32.0,14,1,Close (PT Updated/final),mae,,,,
linecfbp_sp,SP+,933.0,909,464.0,445.0,14.0,-23.181818181818194,12.872454448017148,-0.0006430868167204643,0.5104510451045104,-0.025502550255025517,0.4779786344393772,2.0,6.0,15,1,Close (PT Updated/final),mae,,,,
linecfbp_professor_sides,Professor Sides,931.0,906,451.0,455.0,14.0,-45.000000000000014,12.87798066595059,-0.036090225563909735,0.4977924944812362,-0.04966887417218545,0.46531321317652596,2.0,24.0,16,1,Close (PT Updated/final),mae,,,,
sagarin,Sagarin Ratings,1425.0,1401,675.0,726.0,21.0,-112.36363636363639,12.887950877192983,-0.28977543859649113,0.4817987152034261,-0.08020245279345924,0.4557198168517125,2.0,43.0,17,1,Close (PT Updated/final),mae,,,,
linept_donchess,Donchess Inference,1425.0,1367,672.0,695.0,21.0,-84.09090909090911,12.89320701754386,-0.10621754385964913,0.49158741770299924,-0.06151492983972868,0.4651465237120356,2.0,25.0,18,1,Close (PT Updated/final),mae,,,,
linept_pig,Pigskin Index,1425.0,1325,657.0,668.0,21.0,-70.72727272727275,12.9052,-0.35654035087719305,0.4958490566037736,-0.05337907375643226,0.4689787461384005,2.0,16.0,19,1,Close (PT Updated/final),mae,,,,
sagarin_predictor,Sagarin Predictor,1425.0,1401,676.0,725.0,21.0,-110.45454545454547,12.977263157894736,-0.32380350877192987,0.4825124910778016,-0.07883978976056065,0.456430311670892,2.0,41.0,20,1,Close (PT Updated/final),mae,,,,
massey,Massey Ratings,1425.0,1403,714.0,689.0,21.0,-39.90909090909093,12.977761403508772,-0.18466666666666676,0.5089094796863863,-0.02844553878053523,0.48276192956305375,2.0,2.0,21,1,Close (PT Updated/final),mae,,,,
linept_kam,Edward Kambour,1423.0,1401,673.0,728.0,21.0,-116.1818181818182,12.979739985945185,-0.5212157413914266,0.48037116345467523,-0.0829277788592564,0.4542989869501248,2.0,47.0,22,1,Close (PT Updated/final),mae,,,,
linept_bihl,Bihl System,750.0,744,368.0,376.0,6.0,-41.45454545454547,13.006906666666664,-0.2236,0.4946236559139785,-0.0557184750733138,0.4588178455253466,2.0,36.0,23,1,Close (PT Updated/final),mae,,,,
sagarin_golden_mean,Sagarin Golden Mean,1425.0,1404,698.0,706.0,21.0,-71.45454545454547,13.02618947368421,-0.3090245614035087,0.49715099715099714,-0.0508935508935509,0.47104111548511823,2.0,10.0,24,1,Close (PT Updated/final),mae,,,,
linecfbp_cfbwe_margin,CFBWE: Margin,427.0,420,216.0,204.0,5.0,-7.636363636363641,13.033723653395784,-1.1030444964871196,0.5142857142857142,-0.018181818181818195,0.46657446046750145,1.0,18.0,25,1,Close (PT Updated/final),mae,,,,
linept_laz,Laz Index,1423.0,1399,695.0,704.0,21.0,-72.1818181818182,13.045172171468728,-0.17560084328882639,0.496783416726233,-0.05159529534082788,0.470628182875254,2.0,11.0,26,1,Close (PT Updated/final),mae,,,,
linept_pugh,Pugh Ratings,1419.0,1398,658.0,740.0,21.0,-141.81818181818184,13.077033121916841,-0.2065327695560254,0.47067238912732473,-0.10144362075692549,0.4446237829971797,2.0,56.0,27,1,Close (PT Updated/final),mae,,,,
linept_fox,linefox,1417.0,1350,655.0,695.0,21.0,-99.54545454545456,13.112971065631617,-0.3958645024700071,0.48518518518518516,-0.07373737373737375,0.45860501722096947,2.0,37.0,28,1,Close (PT Updated/final),mae,,,,
linecfbp_jp,JP+,427.0,420,204.0,216.0,5.0,-30.545454545454554,13.153629976580795,-0.6266978922716628,0.4857142857142857,-0.07272727272727275,0.43826198713516373,1.0,62.0,29,1,Close (PT Updated/final),mae,,,,
sagarin_recent,Sagarin Recent,1425.0,1403,674.0,729.0,21.0,-116.2727272727273,13.1684,-0.11327017543859663,0.4803991446899501,-0.082874360137368,0.4543453354848314,2.0,46.0,30,1,Close (PT Updated/final),mae,,,,
linept_talis,Talisman Red,1373.0,1353,680.0,673.0,20.0,-54.81818181818184,13.206270939548435,-0.35139839766933717,0.5025868440502587,-0.04051602499496071,0.47597547076362995,2.0,8.0,31,1,Close (PT Updated/final),mae,,,,
linept_payne,linepayne,1425.0,1403,682.0,721.0,21.0,-101.00000000000001,13.265887719298245,0.15075789473684206,0.48610121168923737,-0.07198859586600144,0.46002187264093297,2.0,34.0,32,1,Close (PT Updated/final),mae,,,,
linecfbp_dratings,DRatings,933.0,904,428.0,476.0,14.0,-86.90909090909092,13.293569131832799,-0.10878885316184339,0.47345132743362833,-0.09613837489943686,0.44108466871823226,2.0,60.0,33,1,Close (PT Updated/final),mae,,,,
linecfbp_wilson_ratings,Wilson Ratings,933.0,910,432.0,478.0,14.0,-85.27272727272728,13.295819935691318,-0.16720257234726688,0.4747252747252747,-0.09370629370629371,0.44245505542047997,2.0,59.0,34,1,Close (PT Updated/final),mae,,,,
linept_argh,Argh Ratings,1425.0,1354,673.0,681.0,21.0,-69.1818181818182,13.313157894736841,-0.0412280701754386,0.49704579025110784,-0.05109440042970325,0.4704600047319843,2.0,12.0,35,1,Close (PT Updated/final),mae,,,,
linecfbp_cfb_professor,CFB Professor,931.0,912,420.0,492.0,14.0,-110.18181818181819,13.319011815252416,0.09752953813104166,0.4605263157894737,-0.12081339712918661,0.42841021515569083,2.0,64.0,36,1,Close (PT Updated/final),mae,,,,
moore_ratings,Moore Power Ratings,1425.0,1404,680.0,724.0,21.0,-105.81818181818184,13.319291228070174,-0.3483859649122807,0.4843304843304843,-0.07536907536907539,0.4582679559589371,2.0,39.0,37,1,Close (PT Updated/final),mae,,,,
linept_born,Born Power Index,1425.0,1404,675.0,729.0,21.0,-115.36363636363639,13.331508771929826,-0.22843508771929824,0.4807692307692308,-0.08216783216783219,0.45472289832058344,2.0,45.0,38,1,Close (PT Updated/final),mae,,,,
linept_elo,Beck Elo,1425.0,1403,676.0,727.0,21.0,-112.45454545454547,13.35094035087719,-0.30385263157894743,0.48182466143977193,-0.08015291906952635,0.4557641515159173,2.0,42.0,39,1,Close (PT Updated/final),mae,,,,
linept_round,lineround,1034.0,987,503.0,484.0,14.0,-26.72727272727274,13.359767891682786,0.27852998065764023,0.5096251266464032,-0.02707930367504837,0.47846091262668733,2.0,5.0,40,1,Close (PT Updated/final),mae,,,,
keeper,Keeper,1418.0,1394,709.0,685.0,21.0,-40.454545454545475,13.362827926657262,-0.16398448519040898,0.5086083213773315,-0.029020477370549122,0.4823772040936677,2.0,3.0,41,1,Close (PT Updated/final),mae,,,,
linept_dunk,Dunkel Index,1256.0,1239,612.0,627.0,17.0,-70.63636363636365,13.381942675159237,-0.40136942675159226,0.4939467312348668,-0.05701078582434516,0.46616968458742986,2.0,22.0,42,1,Close (PT Updated/final),mae,,,,
congrove,Congrove Computer Rankings,1424.0,1401,700.0,701.0,21.0,-64.63636363636365,13.401362359550562,0.10431179775280912,0.49964311206281226,-0.046135876970994756,0.47349814391200634,2.0,9.0,43,1,Close (PT Updated/final),mae,,,,
linept_how,Howell,1423.0,1356,665.0,691.0,21.0,-86.45454545454547,13.450091356289532,-0.29762473647224175,0.49041297935103245,-0.06375703942075625,0.46386989193907313,2.0,26.0,44,1,Close (PT Updated/final),mae,,,,
linept_cather,linecather,805.0,767,350.0,417.0,10.0,-98.81818181818183,13.457142857142857,-0.09813664596273292,0.45632333767926986,-0.1288372644304848,0.4213784322589059,2.0,65.0,45,1,Close (PT Updated/final),mae,,,,
linept_curry,Daniel Curry Index,1425.0,1404,681.0,723.0,21.0,-103.90909090909092,13.542533333333333,-0.2142807017543859,0.48504273504273504,-0.07400932400932402,0.4589771263127662,2.0,35.0,46,1,Close (PT Updated/final),mae,,,,
fei,FEI Projections,1425.0,1397,682.0,715.0,21.0,-95.00000000000001,13.567101754385964,-0.20268070175438604,0.4881889763779528,-0.06800286327845384,0.46204539829711855,2.0,29.0,47,1,Close (PT Updated/final),mae,,,,
linept_paynep,linepaynep,1425.0,1404,661.0,743.0,21.0,-142.09090909090912,13.581873684210525,0.11498245614035077,0.4707977207977208,-0.10120435120435123,0.44480378615385935,2.0,55.0,48,1,Close (PT Updated/final),mae,,,,
linecfbp_room44_bets,Room44 Bets,931.0,899,431.0,468.0,14.0,-76.18181818181819,13.654027926960257,-0.3809881847475834,0.4794215795328142,-0.0847406208919001,0.4469220325849805,2.0,53.0,49,1,Close (PT Updated/final),mae,,,,
linept_dwig,DP Dwiggins,1421.0,1350,661.0,689.0,20.0,-88.09090909090911,13.7009148486981,-0.1330049261083744,0.48962962962962964,-0.06525252525252527,0.46303090327207846,2.0,27.0,50,1,Close (PT Updated/final),mae,,,,
linept_bill,Billingsley,1424.0,1402,696.0,706.0,21.0,-73.2727272727273,13.716088483146066,-0.11184691011235953,0.4964336661911555,-0.05226300090779407,0.4703074242439463,2.0,13.0,51,1,Close (PT Updated/final),mae,,,,
linept_rwp,Laffaye RWP,1311.0,1288,636.0,652.0,21.0,-73.81818181818184,13.747955758962624,0.25489702517162466,0.4937888198757764,-0.057312252964426894,0.4665438859362342,2.0,19.0,52,1,Close (PT Updated/final),mae,,,,
linecfbp_cfbwe_talent,CFBWE: Talent,427.0,420,209.0,211.0,5.0,-21.000000000000004,13.85128805620609,-0.8957845433255269,0.4976190476190476,-0.05000000000000001,0.4500401290346092,1.0,51.0,53,1,Close (PT Updated/final),mae,,,,
linecfbp_beta_rank,Beta_Rank,933.0,916,435.0,481.0,14.0,-85.54545454545456,13.869239013933548,0.3506966773847802,0.47489082969432317,-0.09339023421992856,0.4427244560115635,2.0,58.0,54,1,Close (PT Updated/final),mae,,,,
linept_paynewl,linepaynewl,1425.0,1401,690.0,711.0,21.0,-83.72727272727275,13.980715789473681,0.14008421052631578,0.4925053533190578,-0.05976250729998055,0.4663828256745169,2.0,20.0,55,1,Close (PT Updated/final),mae,,,,
linept_kerns,Stephen Kerns,1425.0,1398,683.0,715.0,21.0,-94.09090909090911,14.026224561403508,0.42268771929824556,0.488555078683834,-0.06730394069449865,0.462419367638642,2.0,28.0,56,1,Close (PT Updated/final),mae,,,,
linept_pfz,PerformanZ Ratings,1425.0,1404,671.0,733.0,21.0,-123.00000000000001,14.073417543859652,0.03541052631578946,0.4779202279202279,-0.08760683760683761,0.45188780565457737,2.0,50.0,57,1,Close (PT Updated/final),mae,,,,
linept_clean,Cleanup Hitter,1425.0,1361,653.0,708.0,21.0,-114.36363636363639,14.175101754385965,-0.00036491228070174164,0.47979426891991184,-0.08402912297107744,0.45334642808291614,2.0,48.0,58,1,Close (PT Updated/final),mae,,,,
linept_loud,Loudsound.org,1408.0,1349,665.0,684.0,21.0,-79.45454545454547,14.417613636363637,0.30113636363636365,0.49295774647887325,-0.05889884763124201,0.4663366719792081,2.0,21.0,59,1,Close (PT Updated/final),mae,,,,
linept_log,Logistic Regression,631.0,623,303.0,320.0,8.0,-44.545454545454554,15.14657686212361,0.2535182250396196,0.48635634028892455,-0.0715015321756895,0.4473127783069891,2.0,52.0,60,1,Close (PT Updated/final),mae,,,,
linecfbp_cfb_graphs,,,427,,,,,,,,,,,,1,1,Close (PT Updated/final),incremental,0.06554432859845655,0.317682940160476,0.06201401745033093,12.431147540983607
linecfbp_cfbwe_talent,,,427,,,,,,,,,,,,2,1,Close (PT Updated/final),incremental,0.037441490854879536,0.06356770343711317,0.03542483868383972,13.85128805620609
linecfbp_cfbwe_average,,,427,,,,,,,,,,,,3,1,Close (PT Updated/final),incremental,0.03545699218488328,0.09752443849694532,0.033547227946452374,12.848946135831381
massey,,,1425,,,,,,,,,,,,4,1,Close (PT Updated/final),incremental,0.03118269580934816,0.08899533765663528,0.030649618993535698,12.97776140350877
linecfbp_cfbwe,,,427,,,,,,,,,,,,5,1,Close (PT Updated/final),incremental,0.0300421457916111,0.08389712116071338,0.0284240329133561,12.792974238875878
linecfbp_cfbwe_margin,,,427,,,,,,,,,,,,6,1,Close (PT Updated/final),incremental,0.023757583132257842,0.056151655474611595,0.022477965774390728,13.033723653395786
linecfbp_cfbwe_rounded,,,427,,,,,,,,,,,,7,1,Close (PT Updated/final),incremental,0.022826327025057987,0.062111103623334905,0.02159686845113614,12.822014051522249
linept_talis,,,1373,,,,,,,,,,,,8,1,Close (PT Updated/final),incremental,0.02073948914897211,0.051422359480836975,0.02037186892936996,13.206270939548435
linept_laz,,,1423,,,,,,,,,,,,9,1,Close (PT Updated/final),incremental,0.019793368468401996,0.05828436464249802,0.019454531921037473,13.045172171468728
dokter_entropy,,,1424,,,,,,,,,,,,10,1,Close (PT Updated/final),incremental,0.01965780017712877,0.07944790310841504,0.019321514669226974,12.690730337078652
piratings,,,1425,,,,,,,,,,,,11,1,Close (PT Updated/final),incremental,0.017830925477332615,0.05974306225646323,0.017526100870936773,12.818821052631579
linecfbp_tshoe_index,,,427,,,,,,,,,,,,12,1,Close (PT Updated/final),incremental,0.017612521102714523,0.06148825792145482,0.016663885562080198,12.795550351288059
linecfbp_power_rank_free,,,427,,,,,,,,,,,,13,1,Close (PT Updated/final),incremental,0.017009510715261415,0.03633687263158863,0.01609335417530925,12.80023419203747
linept_paynewl,,,1425,,,,,,,,,,,,14,1,Close (PT Updated/final),incremental,0.015313858281605152,0.028383754734784064,0.015052063635610687,13.980715789473685
linept_bihl,,,750,,,,,,,,,,,,15,1,Close (PT Updated/final),incremental,0.01360866397014726,0.05136589374392128,0.013176532230128312,13.006906666666668
piratings_mean,,,1425,,,,,,,,,,,,16,1,Close (PT Updated/final),incremental,0.012155739647185438,0.045290950355313754,0.011947933913371225,12.753999999999998
linecfbp_cfb_professor,,,931,,,,,,,,,,,,17,1,Close (PT Updated/final),incremental,0.010852565915188529,0.03438268523449926,0.01057238011273355,13.319011815252416
linept_rwp,,,1311,,,,,,,,,,,,18,1,Close (PT Updated/final),incremental,0.010407147558518886,0.021817715281354202,0.010214191490410434,13.747955758962624
linecfbp_sp,,,933,,,,,,,,,,,,19,1,Close (PT Updated/final),incremental,0.00837474394711364,0.03416477831337484,0.008158974965519324,12.872454448017148
piratings_bias,,,1425,,,,,,,,,,,,20,1,Close (PT Updated/final),incremental,0.00798971580041338,0.025595780542302063,0.007853129397359219,12.83114385964912
linept_round,,,1034,,,,,,,,,,,,21,1,Close (PT Updated/final),incremental,0.007742786872497636,0.023188578172818722,0.007562109006312916,13.359767891682786
linecfbp_power_rank,,,931,,,,,,,,,,,,22,1,Close (PT Updated/final),incremental,0.003651000083437369,0.018287868424120297,0.003556740495784514,12.779806659505908
linecfbp_jp,,,427,,,,,,,,,,,,23,1,Close (PT Updated/final),incremental,0.0022110275960655038,0.004653219901806667,0.002091938491971954,13.153629976580797
linept_payne,,,1425,,,,,,,,,,,,24,1,Close (PT Updated/final),incremental,0.0014387474748978795,0.005307677741640646,0.0014141516885885104,13.265887719298245
sagarin_golden_mean,,,1425,,,,,,,,,,,,25,1,Close (PT Updated/final),incremental,0.0003973189593340055,0.00036843041659434875,0.00039052668175163565,13.02618947368421
linept_loud,,,1408,,,,,,,,,,,,26,1,Close (PT Updated/final),incremental,0.000228363263320504,0.0010651070916766721,0.0002244134104697012,14.417613636363637
linecfbp_beta_rank,,,933,,,,,,,,,,,,27,1,Close (PT Updated/final),incremental,0.0001256721852339998,0.0008213821511718054,0.0001224343358628536,13.86923901393355
linept_argh,,,1425,,,,,,,,,,,,28,1,Close (PT Updated/final),incremental,-0.001211442563080407,-0.0021789763922924303,-0.0011907326171535064,13.313157894736841
linept_kam,,,1423,,,,,,,,,,,,29,1,Close (PT Updated/final),incremental,-0.0015614216853531734,-0.007939653816538304,-0.001534692190891947,12.979739985945185
linept_pig,,,1425,,,,,,,,,,,,30,1,Close (PT Updated/final),incremental,-0.00324355444972716,-0.013363892866688775,-0.003188104988636738,12.9052
linept_clean,,,1425,,,,,,,,,,,,31,1,Close (PT Updated/final),incremental,-0.005431189337984189,-0.009202510376061443,-0.005338341652971039,14.175101754385965
linept_how,,,1423,,,,,,,,,,,,32,1,Close (PT Updated/final),incremental,-0.0070271795631911774,-0.016100442374508882,-0.006906883451657491,13.450091356289528
espn_fpi,,,1425,,,,,,,,,,,,33,1,Close (PT Updated/final),incremental,-0.0072317330056223,-0.03145027919510139,-0.007108104528244557,12.69581754385965
linept_bill,,,1424,,,,,,,,,,,,34,1,Close (PT Updated/final),incremental,-0.00785336953098372,-0.015575612311360296,-0.007719022130070567,13.716088483146066
fei,,,1425,,,,,,,,,,,,35,1,Close (PT Updated/final),incremental,-0.010259683695796017,-0.022670126616825475,-0.010084291563273645,13.567101754385964
sagarin,,,1425,,,,,,,,,,,,36,1,Close (PT Updated/final),incremental,-0.011511818252681699,-0.04388849869209414,-0.011315020533335328,12.887950877192983
congrove,,,1424,,,,,,,,,,,,37,1,Close (PT Updated/final),incremental,-0.013185876957128154,-0.03153812909455029,-0.012960306481810294,13.40136235955056
linept_fox,,,1417,,,,,,,,,,,,38,1,Close (PT Updated/final),incremental,-0.013317190437609275,-0.03975065437945301,-0.013088277019218341,13.112971065631617
linept_curry,,,1425,,,,,,,,,,,,39,1,Close (PT Updated/final),incremental,-0.013673788581241377,-0.03048555898410205,-0.013440031380723909,13.542533333333333
linept_dwig,,,1421,,,,,,,,,,,,40,1,Close (PT Updated/final),incremental,-0.015455569976077735,-0.03213531210224514,-0.015190627994384195,13.7009148486981
linecfbp_room44_bets,,,931,,,,,,,,,,,,41,1,Close (PT Updated/final),incremental,-0.015843645650956986,-0.03844190943728485,-0.015434602793699332,13.654027926960257
harville,,,1425,,,,,,,,,,,,42,1,Close (PT Updated/final),incremental,-0.016547684340478017,-0.0631476602133876,-0.016264797096500628,12.848287719298243
sagarin_predictor,,,1425,,,,,,,,,,,,43,1,Close (PT Updated/final),incremental,-0.016796820001083977,-0.05946925419793536,-0.01650967371403112,12.977263157894736
keeper,,,1418,,,,,,,,,,,,44,1,Close (PT Updated/final),incremental,-0.017692758018285182,-0.042210331153793766,-0.01738884055932112,13.362827926657264
linecfbp_wilson_ratings,,,933,,,,,,,,,,,,45,1,Close (PT Updated/final),incremental,-0.01799097495122468,-0.05652506907225654,-0.01752745100737294,13.295819935691318
linept_donchess,,,1425,,,,,,,,,,,,46,1,Close (PT Updated/final),incremental,-0.018619413267999353,-0.06717895047927988,-0.018301109244579228,12.89320701754386
linept_dunk,,,1256,,,,,,,,,,,,47,1,Close (PT Updated/final),incremental,-0.019007141279104193,-0.04852456854200994,-0.01863974788980287,13.381942675159237
linept_born,,,1425,,,,,,,,,,,,48,1,Close (PT Updated/final),incremental,-0.021068808024407873,-0.055440385324623705,-0.02070863091966735,13.331508771929826
linept_pugh,,,1419,,,,,,,,,,,,49,1,Close (PT Updated/final),incremental,-0.02251300435212928,-0.07077923053180364,-0.022126552633299646,13.077033121916843
sagarin_recent,,,1425,,,,,,,,,,,,50,1,Close (PT Updated/final),incremental,-0.022826929967398386,-0.06062431823409527,-0.022436697281417884,13.1684
linecfbp_professor_sides,,,931,,,,,,,,,,,,51,1,Close (PT Updated/final),incremental,-0.028614374283255584,-0.15051891844946882,-0.02787562351381031,12.87798066595059
linept_kerns,,,1425,,,,,,,,,,,,52,1,Close (PT Updated/final),incremental,-0.030158112894526523,-0.055882100266533924,-0.02964255160723373,14.026224561403511
linept_log,,,631,,,,,,,,,,,,53,1,Close (PT Updated/final),incremental,-0.03247378193669532,-0.04268548355216532,-0.03125892177781703,15.146576862123613
linecfbp_dratings,,,933,,,,,,,,,,,,54,1,Close (PT Updated/final),incremental,-0.03894042837045777,-0.14214759188656167,-0.0379371575092351,13.293569131832795
teamrankings,,,1425,,,,,,,,,,,,55,1,Close (PT Updated/final),incremental,-0.03877092373227962,-0.17229791115795762,-0.038108124059805,12.769677192982456
linept_elo,,,1425,,,,,,,,,,,,56,1,Close (PT Updated/final),incremental,-0.04177979528015456,-0.11019232129682431,-0.04106555811575376,13.35094035087719
linept_cather,,,805,,,,,,,,,,,,57,1,Close (PT Updated/final),incremental,-0.052658704085982895,-0.12657862958201863,-0.05109578195694832,13.457142857142857
moore_ratings,,,1425,,,,,,,,,,,,58,1,Close (PT Updated/final),incremental,-0.05631944772126396,-0.15865444981472004,-0.05535665117400176,13.319291228070174
linept_paynep,,,1425,,,,,,,,,,,,59,1,Close (PT Updated/final),incremental,-0.056847355663206506,-0.13477929981450654,-0.05587553438355896,13.581873684210528
linept_pfz,,,1425,,,,,,,,,,,,60,1,Close (PT Updated/final),incremental,-0.058079709939699915,-0.11642772836352713,-0.0570868212225966,14.073417543859648
congrove,Congrove Computer Rankings,1694.0,1648,855.0,793.0,42.0,-15.727272727272753,13.289456906729635,0.24939787485242038,0.5188106796116505,-0.009543248014121816,0.4946719265215091,3.0,3.0,1,2,Open,wilson,,,,
massey,Massey Ratings,1695.0,1649,852.0,797.0,42.0,-22.454545454545478,12.907640117994102,-0.27794100294985247,0.5166767738023045,-0.013617068195600653,0.492546652229935,3.0,6.0,2,2,Open,wilson,,,,
keeper,Keeper,1687.0,1643,846.0,797.0,42.0,-27.90909090909093,13.245684647302905,-0.015453467694131709,0.5149117468046257,-0.016986665191169162,0.4907390666061108,3.0,7.0,3,2,Open,wilson,,,,
linept_rwp,Laffaye RWP,1575.0,1535,789.0,746.0,39.0,-28.72727272727275,13.650495238095237,0.19424126984127002,0.5140065146579804,-0.018714835652946418,0.48899967700856545,3.0,8.0,4,2,Open,wilson,,,,
espn_fpi,ESPN FPI,1695.0,1649,843.0,806.0,42.0,-39.63636363636366,12.598454277286136,-0.2847905604719764,0.5112189205579138,-0.02403660620761896,0.4870941580619474,3.0,9.0,5,2,Open,wilson,,,,
linept_argh,Argh Ratings,1695.0,1561,799.0,762.0,42.0,-35.636363636363654,13.22920353982301,-0.04218289085545723,0.5118513773222293,-0.02282918874847127,0.4870559803898833,3.0,10.0,6,2,Open,wilson,,,,
linept_round,lineround,1049.0,971,503.0,468.0,31.0,-10.727272727272739,13.332697807435652,0.25738798856053385,0.518022657054583,-0.011047654713978105,0.4865848598847505,2.0,11.0,7,2,Open,wilson,,,,
linept_payne,linepayne,1695.0,1650,841.0,809.0,42.0,-44.454545454545475,13.118348082595869,0.13941002949852516,0.5096969696969696,-0.02694214876033059,0.48558151389898957,3.0,13.0,8,2,Open,wilson,,,,
linept_laz,Laz Index,1693.0,1650,838.0,812.0,42.0,-50.18181818181821,12.951701122268164,-0.19701712935617235,0.5078787878787879,-0.030413223140495885,0.4837660184862334,3.0,14.0,9,2,Open,wilson,,,,
linept_loud,Loudsound.org,1627.0,1529,777.0,752.0,41.0,-45.63636363636366,14.519975414874,0.07867240319606637,0.5081752779594506,-0.02984719662286701,0.48312763035358736,3.0,15.0,10,2,Open,wilson,,,,
linept_elo,Beck Elo,1695.0,1651,837.0,814.0,42.0,-53.090909090909115,13.30411209439528,-0.2531150442477876,0.5069654754694125,-0.032156819558394376,0.48286146658853685,3.0,16.0,11,2,Open,wilson,,,,
linept_how,Howell,1693.0,1597,810.0,787.0,42.0,-50.636363636363654,13.468694624926167,-0.34407560543414056,0.5072010018785222,-0.03170717823191212,0.48269314613816633,3.0,17.0,12,2,Open,wilson,,,,
harville,David Harville,1695.0,1651,835.0,816.0,42.0,-56.909090909090935,12.780053097345132,-0.2163362831858406,0.5057540884312538,-0.0344694675403337,0.48165215088334684,3.0,18.0,13,2,Open,wilson,,,,
linecfbp_room44_bets,Room44 Bets,1132.0,1074,549.0,525.0,28.0,-25.909090909090924,13.308480565371026,-0.19028268551236743,0.5111731843575419,-0.024123920771965478,0.4812910431457361,3.0,19.0,14,2,Open,wilson,,,,
linecfbp_professor_sides,Professor Sides,1132.0,1091,557.0,534.0,28.0,-27.63636363636365,12.74779151943463,0.08189045936395759,0.5105407882676444,-0.025331222398133502,0.4808932666145704,3.0,20.0,15,2,Open,wilson,,,,
linept_bill,Billingsley,1694.0,1651,833.0,818.0,42.0,-60.72727272727275,13.645891381345926,-0.07684769775678867,0.5045427013930951,-0.036782115522273014,0.48044297628339405,3.0,21.0,16,2,Open,wilson,,,,
linept_paynewl,linepaynewl,1695.0,1651,833.0,818.0,42.0,-60.727272727272755,13.869073746312685,0.10174631268436574,0.5045427013930951,-0.03678211552227302,0.48044297628339405,3.0,22.0,17,2,Open,wilson,,,,
linept_kerns,Stephen Kerns,1695.0,1644,829.0,815.0,42.0,-61.36363636363639,13.881988200589971,0.3468613569321533,0.504257907542579,-0.037325812873258146,0.4801075698315685,3.0,23.0,18,2,Open,wilson,,,,
dokter_entropy,Dokter Entropy,1694.0,1651,832.0,819.0,42.0,-62.63636363636366,12.60210743801653,-0.36633412042502955,0.5039370078740157,-0.037938439513242675,0.47983844189449204,3.0,24.0,19,2,Open,wilson,,,,
linecfbp_cfb_graphs,CFB Graphs,627.0,611,317.0,294.0,10.0,-5.818181818181824,12.457735247208932,0.007655502392344606,0.5188216039279869,-0.009522392501115914,0.47921006251776876,2.0,25.0,20,2,Open,wilson,,,,
linept_donchess,Donchess Inference,1695.0,1611,810.0,801.0,42.0,-64.63636363636365,12.775882005899705,-0.13714454277286145,0.5027932960893855,-0.040121889283900466,0.4784003245054929,3.0,26.0,21,2,Open,wilson,,,,
linept_dunk,Dunkel Index,1443.0,1408,710.0,698.0,34.0,-52.54545454545457,13.334109494109493,-0.28952182952182953,0.5042613636363636,-0.037319214876033076,0.478169660121162,3.0,27.0,22,2,Open,wilson,,,,
linept_dwig,DP Dwiggins,1690.0,1573,787.0,786.0,42.0,-70.54545454545456,13.620118343195266,-0.08402366863905325,0.5003178639542276,-0.04484771426920188,0.4756382921754172,3.0,29.0,23,2,Open,wilson,,,,
linecfbp_sp,SP+,1134.0,1093,551.0,542.0,28.0,-41.0909090909091,12.824338624338624,0.03721340388007049,0.5041171088746569,-0.03759461033020046,0.47451360734868825,3.0,31.0,24,2,Open,wilson,,,,
sagarin_predictor,Sagarin Predictor,1695.0,1651,821.0,830.0,42.0,-83.63636363636365,12.845085545722712,-0.3466902654867257,0.49727437916414297,-0.050658003413908935,0.4731908914771787,3.0,33.0,25,2,Open,wilson,,,,
teamrankings,TeamRankings.com,1695.0,1633,812.0,821.0,42.0,-82.81818181818184,12.644477876106194,-0.22856047197640117,0.4972443355786895,-0.05071535934977455,0.4730289027811194,3.0,34.0,26,2,Open,wilson,,,,
linept_pugh,Pugh Ratings,1689.0,1647,817.0,830.0,42.0,-87.2727272727273,12.984635879218471,-0.20616341030195384,0.49605343047966,-0.052988905447921855,0.4719440240641746,3.0,36.0,27,2,Open,wilson,,,,
fei,FEI Projections,1695.0,1637,812.0,825.0,42.0,-86.81818181818184,13.407681415929204,-0.27546902654867256,0.4960293219303604,-0.05303493086022104,0.47184665418815513,3.0,37.0,28,2,Open,wilson,,,,
linecfbp_power_rank,Power Rank,1132.0,1093,548.0,545.0,28.0,-46.818181818181834,12.676060070671378,0.009628975265017749,0.5013723696248856,-0.042834567079763804,0.4717775924042611,3.0,38.0,29,2,Open,wilson,,,,
linecfbp_beta_rank,Beta_Rank,1134.0,1100,550.0,550.0,28.0,-50.00000000000002,13.659611992945326,0.3809523809523809,0.5,-0.04545454545454548,0.4705038899756658,3.0,40.0,30,2,Open,wilson,,,,
linept_pig,Pigskin Index,1695.0,1544,764.0,780.0,42.0,-85.45454545454548,12.81353982300885,-0.3085840707964602,0.4948186528497409,-0.05534620819594915,0.4699239284406189,3.0,42.0,31,2,Open,wilson,,,,
piratings,Pi-Ratings,1695.0,1638,809.0,829.0,42.0,-93.54545454545458,12.744495575221238,-0.2805427728613569,0.4938949938949939,-0.057109557109557126,0.46972572050719474,3.0,43.0,32,2,Open,wilson,,,,
linecfbp_power_rank_free,Power Rank: Free,628.0,617,314.0,303.0,10.0,-17.545454545454554,12.670063694267515,-0.8964968152866244,0.5089141004862237,-0.02843671725357302,0.46953481319288626,2.0,44.0,33,2,Open,wilson,,,,
linept_pfz,PerformanZ Ratings,1695.0,1653,813.0,840.0,42.0,-100.90909090909093,14.122011799410028,0.06156342182890853,0.49183303085299457,-0.0610460320079195,0.46777954306033637,3.0,45.0,34,2,Open,wilson,,,,
piratings_mean,Pi-Ratings Mean,1695.0,1637,804.0,833.0,42.0,-102.09090909090911,12.663333333333332,-0.3217994100294986,0.49114233353695785,-0.06236463597489866,0.46697413353820716,3.0,46.0,35,2,Open,wilson,,,,
linecfbp_tshoe_index,TShoe Index,628.0,606,307.0,299.0,10.0,-19.909090909090917,12.611624203821657,-0.23646496815286633,0.5066006600660066,-0.032853285328532864,0.466879049720454,2.0,47.0,36,2,Open,wilson,,,,
linecfbp_dratings,DRatings,1134.0,1080,536.0,544.0,28.0,-56.72727272727274,13.116137566137567,-0.015608465608465573,0.4962962962962963,-0.05252525252525254,0.4665432269481223,3.0,48.0,37,2,Open,wilson,,,,
linept_talis,Talisman Red,1643.0,1601,786.0,815.0,41.0,-100.45454545454547,13.151533779671334,-0.22704199634814348,0.4909431605246721,-0.06274487536198968,0.46650627649165916,3.0,49.0,38,2,Open,wilson,,,,
linecfbp_jp,JP+,628.0,611,309.0,302.0,10.0,-21.090909090909097,12.867197452229298,-0.40509554140127396,0.5057283142389526,-0.034518672816545165,0.46617331952498325,2.0,51.0,39,2,Open,wilson,,,,
linecfbp_cbcr2_sam,CBCR2: Sam,112.0,111,62.0,49.0,1.0,7.3636363636363615,11.341964285714285,0.21517857142857125,0.5585585585585585,0.06633906633906632,0.46576112533977826,1.0,52.0,40,2,Open,wilson,,,,
sagarin_recent,Sagarin Recent,1695.0,1651,808.0,843.0,42.0,-108.45454545454548,13.005923303834809,-0.17112684365781713,0.48940036341611143,-0.06569021529651453,0.4653401981483157,3.0,53.0,41,2,Open,wilson,,,,
linecfbp_cfb_geek,CFB Geek,618.0,594,300.0,294.0,19.0,-21.272727272727277,13.179773462783173,0.277831715210356,0.5050505050505051,-0.03581267217630855,0.4649403272796995,2.0,54.0,42,2,Open,wilson,,,,
linept_paynep,linepaynep,1695.0,1651,805.0,846.0,42.0,-114.1818181818182,13.388407079646017,0.10452507374631259,0.4875832828588734,-0.06915918726942351,0.4635293465458625,3.0,55.0,43,2,Open,wilson,,,,
linept_curry,Daniel Curry Index,1692.0,1649,804.0,845.0,42.0,-114.09090909090911,13.50637706855792,-0.16677895981087454,0.48756822316555487,-0.0691879375930316,0.46349980859922724,3.0,56.0,44,2,Open,wilson,,,,
piratings_bias,PI-Rate Bias,1695.0,1639,798.0,841.0,42.0,-115.54545454545456,12.783492625368734,-0.3395516224188791,0.48688224527150703,-0.0704975317543957,0.46274322723250755,3.0,57.0,45,2,Open,wilson,,,,
moore_ratings,Moore Power Ratings,1693.0,1649,802.0,847.0,42.0,-117.90909090909093,13.28370348493798,-0.2343827525103367,0.48635536688902364,-0.07150339048459123,0.4622912928800491,3.0,58.0,46,2,Open,wilson,,,,
linecfbp_wilson_ratings,Wilson Ratings,1134.0,1093,537.0,556.0,28.0,-67.81818181818184,13.150440917107584,-0.15749559082892417,0.49130832570905764,-0.06204774182816271,0.46175314009189106,3.0,59.0,47,2,Open,wilson,,,,
linept_fox,linefox,1687.0,1556,755.0,801.0,42.0,-114.63636363636365,13.041564908120927,-0.31114404267931245,0.4852185089974293,-0.07367375555036225,0.4604528108035229,3.0,60.0,48,2,Open,wilson,,,,
sagarin_golden_mean,Sagarin Golden Mean,1695.0,1650,799.0,851.0,42.0,-124.63636363636365,12.91100884955752,-0.3541710914454277,0.48424242424242425,-0.07553719008264465,0.4601935132601447,3.0,61.0,49,2,Open,wilson,,,,
linept_born,Born Power Index,1695.0,1653,800.0,853.0,42.0,-125.72727272727275,13.314218289085545,-0.1542300884955753,0.4839685420447671,-0.07606005609635375,0.45994243370028676,3.0,62.0,50,2,Open,wilson,,,,
linept_kam,Edward Kambour,1693.0,1651,794.0,857.0,42.0,-135.18181818181822,12.88492025989368,-0.5041523922031894,0.4809206541490006,-0.08187875117008978,0.4568922763286798,3.0,63.0,51,2,Open,wilson,,,,
sagarin,Sagarin Ratings,1695.0,1651,794.0,857.0,42.0,-135.18181818181822,12.766289085545724,-0.31892625368731553,0.4809206541490006,-0.08187875117008978,0.4568922763286798,3.0,64.0,52,2,Open,wilson,,,,
linept_clean,Cleanup Hitter,1695.0,1612,768.0,844.0,42.0,-145.81818181818184,14.27140412979351,-0.0955811209439528,0.47642679900744417,-0.0904579291676066,0.45213072757757683,3.0,65.0,53,2,Open,wilson,,,,
linecfbp_blake_atkinson,Blake Atkinson,112.0,110,55.0,55.0,1.0,-5.000000000000002,11.155357142857142,0.36071428571428565,0.5,-0.04545454545454547,0.40815238803027565,1.0,67.0,54,2,Open,wilson,,,,
linecfbp_cbcr2_power,CBCR2: Power,112.0,110,52.0,58.0,1.0,-10.727272727272728,11.772321428571429,-0.5508928571428573,0.4727272727272727,-0.0975206611570248,0.38193206720592304,1.0,68.0,55,2,Open,wilson,,,,
linecfbp_oddstrader_ai,OddsTrader AI,111.0,108,51.0,57.0,1.0,-10.636363636363637,14.792792792792794,1.6936936936936937,0.4722222222222222,-0.0984848484848485,0.38064930523089247,1.0,69.0,56,2,Open,wilson,,,,
linecfbp_sportsline,SportsLine,112.0,108,51.0,57.0,1.0,-10.636363636363638,12.491071428571429,0.20535714285714285,0.4722222222222222,-0.09848484848484851,0.38064930523089247,1.0,70.0,57,2,Open,wilson,,,,
linecfbp_kford,KFord,112.0,110,45.0,65.0,1.0,-24.090909090909093,12.075892857142858,-0.015178571428571328,0.4090909090909091,-0.21900826446280994,0.32178974693383433,1.0,71.0,58,2,Open,wilson,,,,
linecfbp_blake_atkinson,Blake Atkinson,112.0,110,55.0,55.0,1.0,-5.000000000000002,11.155357142857142,0.36071428571428565,0.5,-0.04545454545454547,0.40815238803027565,1.0,67.0,1,2,Open,mae,,,,
linecfbp_cbcr2_sam,CBCR2: Sam,112.0,111,62.0,49.0,1.0,7.3636363636363615,11.341964285714285,0.21517857142857125,0.5585585585585585,0.06633906633906632,0.46576112533977826,1.0,52.0,2,2,Open,mae,,,,
linecfbp_cbcr2_power,CBCR2: Power,112.0,110,52.0,58.0,1.0,-10.727272727272728,11.772321428571429,-0.5508928571428573,0.4727272727272727,-0.0975206611570248,0.38193206720592304,1.0,68.0,3,2,Open,mae,,,,
linecfbp_kford,KFord,112.0,110,45.0,65.0,1.0,-24.090909090909093,12.075892857142858,-0.015178571428571328,0.4090909090909091,-0.21900826446280994,0.32178974693383433,1.0,71.0,4,2,Open,mae,,,,
linecfbp_cfb_graphs,CFB Graphs,627.0,611,317.0,294.0,10.0,-5.818181818181824,12.457735247208932,0.007655502392344606,0.5188216039279869,-0.009522392501115914,0.47921006251776876,2.0,25.0,5,2,Open,mae,,,,
linecfbp_sportsline,SportsLine,112.0,108,51.0,57.0,1.0,-10.636363636363638,12.491071428571429,0.20535714285714285,0.4722222222222222,-0.09848484848484851,0.38064930523089247,1.0,70.0,6,2,Open,mae,,,,
espn_fpi,ESPN FPI,1695.0,1649,843.0,806.0,42.0,-39.63636363636366,12.598454277286136,-0.2847905604719764,0.5112189205579138,-0.02403660620761896,0.4870941580619474,3.0,9.0,7,2,Open,mae,,,,
dokter_entropy,Dokter Entropy,1694.0,1651,832.0,819.0,42.0,-62.63636363636366,12.60210743801653,-0.36633412042502955,0.5039370078740157,-0.037938439513242675,0.47983844189449204,3.0,24.0,8,2,Open,mae,,,,
linecfbp_tshoe_index,TShoe Index,628.0,606,307.0,299.0,10.0,-19.909090909090917,12.611624203821657,-0.23646496815286633,0.5066006600660066,-0.032853285328532864,0.466879049720454,2.0,47.0,9,2,Open,mae,,,,
teamrankings,TeamRankings.com,1695.0,1633,812.0,821.0,42.0,-82.81818181818184,12.644477876106194,-0.22856047197640117,0.4972443355786895,-0.05071535934977455,0.4730289027811194,3.0,34.0,10,2,Open,mae,,,,
piratings_mean,Pi-Ratings Mean,1695.0,1637,804.0,833.0,42.0,-102.09090909090911,12.663333333333332,-0.3217994100294986,0.49114233353695785,-0.06236463597489866,0.46697413353820716,3.0,46.0,11,2,Open,mae,,,,
linecfbp_power_rank_free,Power Rank: Free,628.0,617,314.0,303.0,10.0,-17.545454545454554,12.670063694267515,-0.8964968152866244,0.5089141004862237,-0.02843671725357302,0.46953481319288626,2.0,44.0,12,2,Open,mae,,,,
linecfbp_power_rank,Power Rank,1132.0,1093,548.0,545.0,28.0,-46.818181818181834,12.676060070671378,0.009628975265017749,0.5013723696248856,-0.042834567079763804,0.4717775924042611,3.0,38.0,13,2,Open,mae,,,,
piratings,Pi-Ratings,1695.0,1638,809.0,829.0,42.0,-93.54545454545458,12.744495575221238,-0.2805427728613569,0.4938949938949939,-0.057109557109557126,0.46972572050719474,3.0,43.0,14,2,Open,mae,,,,
linecfbp_professor_sides,Professor Sides,1132.0,1091,557.0,534.0,28.0,-27.63636363636365,12.74779151943463,0.08189045936395759,0.5105407882676444,-0.025331222398133502,0.4808932666145704,3.0,20.0,15,2,Open,mae,,,,
sagarin,Sagarin Ratings,1695.0,1651,794.0,857.0,42.0,-135.18181818181822,12.766289085545724,-0.31892625368731553,0.4809206541490006,-0.08187875117008978,0.4568922763286798,3.0,64.0,16,2,Open,mae,,,,
linept_donchess,Donchess Inference,1695.0,1611,810.0,801.0,42.0,-64.63636363636365,12.775882005899705,-0.13714454277286145,0.5027932960893855,-0.040121889283900466,0.4784003245054929,3.0,26.0,17,2,Open,mae,,,,
harville,David Harville,1695.0,1651,835.0,816.0,42.0,-56.909090909090935,12.780053097345132,-0.2163362831858406,0.5057540884312538,-0.0344694675403337,0.48165215088334684,3.0,18.0,18,2,Open,mae,,,,
piratings_bias,PI-Rate Bias,1695.0,1639,798.0,841.0,42.0,-115.54545454545456,12.783492625368734,-0.3395516224188791,0.48688224527150703,-0.0704975317543957,0.46274322723250755,3.0,57.0,19,2,Open,mae,,,,
linept_pig,Pigskin Index,1695.0,1544,764.0,780.0,42.0,-85.45454545454548,12.81353982300885,-0.3085840707964602,0.4948186528497409,-0.05534620819594915,0.4699239284406189,3.0,42.0,20,2,Open,mae,,,,
linecfbp_sp,SP+,1134.0,1093,551.0,542.0,28.0,-41.0909090909091,12.824338624338624,0.03721340388007049,0.5041171088746569,-0.03759461033020046,0.47451360734868825,3.0,31.0,21,2,Open,mae,,,,
sagarin_predictor,Sagarin Predictor,1695.0,1651,821.0,830.0,42.0,-83.63636363636365,12.845085545722712,-0.3466902654867257,0.49727437916414297,-0.050658003413908935,0.4731908914771787,3.0,33.0,22,2,Open,mae,,,,
linecfbp_jp,JP+,628.0,611,309.0,302.0,10.0,-21.090909090909097,12.867197452229298,-0.40509554140127396,0.5057283142389526,-0.034518672816545165,0.46617331952498325,2.0,51.0,23,2,Open,mae,,,,
linept_kam,Edward Kambour,1693.0,1651,794.0,857.0,42.0,-135.18181818181822,12.88492025989368,-0.5041523922031894,0.4809206541490006,-0.08187875117008978,0.4568922763286798,3.0,63.0,24,2,Open,mae,,,,
massey,Massey Ratings,1695.0,1649,852.0,797.0,42.0,-22.454545454545478,12.907640117994102,-0.27794100294985247,0.5166767738023045,-0.013617068195600653,0.492546652229935,3.0,6.0,25,2,Open,mae,,,,
sagarin_golden_mean,Sagarin Golden Mean,1695.0,1650,799.0,851.0,42.0,-124.63636363636365,12.91100884955752,-0.3541710914454277,0.48424242424242425,-0.07553719008264465,0.4601935132601447,3.0,61.0,26,2,Open,mae,,,,
linept_laz,Laz Index,1693.0,1650,838.0,812.0,42.0,-50.18181818181821,12.951701122268164,-0.19701712935617235,0.5078787878787879,-0.030413223140495885,0.4837660184862334,3.0,14.0,27,2,Open,mae,,,,
linept_pugh,Pugh Ratings,1689.0,1647,817.0,830.0,42.0,-87.2727272727273,12.984635879218471,-0.20616341030195384,0.49605343047966,-0.052988905447921855,0.4719440240641746,3.0,36.0,28,2,Open,mae,,,,
sagarin_recent,Sagarin Recent,1695.0,1651,808.0,843.0,42.0,-108.45454545454548,13.005923303834809,-0.17112684365781713,0.48940036341611143,-0.06569021529651453,0.4653401981483157,3.0,53.0,29,2,Open,mae,,,,
linept_fox,linefox,1687.0,1556,755.0,801.0,42.0,-114.63636363636365,13.041564908120927,-0.31114404267931245,0.4852185089974293,-0.07367375555036225,0.4604528108035229,3.0,60.0,30,2,Open,mae,,,,
linecfbp_dratings,DRatings,1134.0,1080,536.0,544.0,28.0,-56.72727272727274,13.116137566137567,-0.015608465608465573,0.4962962962962963,-0.05252525252525254,0.4665432269481223,3.0,48.0,31,2,Open,mae,,,,
linept_payne,linepayne,1695.0,1650,841.0,809.0,42.0,-44.454545454545475,13.118348082595869,0.13941002949852516,0.5096969696969696,-0.02694214876033059,0.48558151389898957,3.0,13.0,32,2,Open,mae,,,,
linecfbp_wilson_ratings,Wilson Ratings,1134.0,1093,537.0,556.0,28.0,-67.81818181818184,13.150440917107584,-0.15749559082892417,0.49130832570905764,-0.06204774182816271,0.46175314009189106,3.0,59.0,33,2,Open,mae,,,,
linept_talis,Talisman Red,1643.0,1601,786.0,815.0,41.0,-100.45454545454547,13.151533779671334,-0.22704199634814348,0.4909431605246721,-0.06274487536198968,0.46650627649165916,3.0,49.0,34,2,Open,mae,,,,
linecfbp_cfb_geek,CFB Geek,618.0,594,300.0,294.0,19.0,-21.272727272727277,13.179773462783173,0.277831715210356,0.5050505050505051,-0.03581267217630855,0.4649403272796995,2.0,54.0,35,2,Open,mae,,,,
linept_argh,Argh Ratings,1695.0,1561,799.0,762.0,42.0,-35.636363636363654,13.22920353982301,-0.04218289085545723,0.5118513773222293,-0.02282918874847127,0.4870559803898833,3.0,10.0,36,2,Open,mae,,,,
keeper,Keeper,1687.0,1643,846.0,797.0,42.0,-27.90909090909093,13.245684647302905,-0.015453467694131709,0.5149117468046257,-0.016986665191169162,0.4907390666061108,3.0,7.0,37,2,Open,mae,,,,
moore_ratings,Moore Power Ratings,1693.0,1649,802.0,847.0,42.0,-117.90909090909093,13.28370348493798,-0.2343827525103367,0.48635536688902364,-0.07150339048459123,0.4622912928800491,3.0,58.0,38,2,Open,mae,,,,
congrove,Congrove Computer Rankings,1694.0,1648,855.0,793.0,42.0,-15.727272727272753,13.289456906729635,0.24939787485242038,0.5188106796116505,-0.009543248014121816,0.4946719265215091,3.0,3.0,39,2,Open,mae,,,,
linept_elo,Beck Elo,1695.0,1651,837.0,814.0,42.0,-53.090909090909115,13.30411209439528,-0.2531150442477876,0.5069654754694125,-0.032156819558394376,0.48286146658853685,3.0,16.0,40,2,Open,mae,,,,
linecfbp_room44_bets,Room44 Bets,1132.0,1074,549.0,525.0,28.0,-25.909090909090924,13.308480565371026,-0.19028268551236743,0.5111731843575419,-0.024123920771965478,0.4812910431457361,3.0,19.0,41,2,Open,mae,,,,
linept_born,Born Power Index,1695.0,1653,800.0,853.0,42.0,-125.72727272727275,13.314218289085545,-0.1542300884955753,0.4839685420447671,-0.07606005609635375,0.45994243370028676,3.0,62.0,42,2,Open,mae,,,,
linept_round,lineround,1049.0,971,503.0,468.0,31.0,-10.727272727272739,13.332697807435652,0.25738798856053385,0.518022657054583,-0.011047654713978105,0.4865848598847505,2.0,11.0,43,2,Open,mae,,,,
linept_dunk,Dunkel Index,1443.0,1408,710.0,698.0,34.0,-52.54545454545457,13.334109494109493,-0.28952182952182953,0.5042613636363636,-0.037319214876033076,0.478169660121162,3.0,27.0,44,2,Open,mae,,,,
linept_paynep,linepaynep,1695.0,1651,805.0,846.0,42.0,-114.1818181818182,13.388407079646017,0.10452507374631259,0.4875832828588734,-0.06915918726942351,0.4635293465458625,3.0,55.0,45,2,Open,mae,,,,
fei,FEI Projections,1695.0,1637,812.0,825.0,42.0,-86.81818181818184,13.407681415929204,-0.27546902654867256,0.4960293219303604,-0.05303493086022104,0.47184665418815513,3.0,37.0,46,2,Open,mae,,,,
linept_how,Howell,1693.0,1597,810.0,787.0,42.0,-50.636363636363654,13.468694624926167,-0.34407560543414056,0.5072010018785222,-0.03170717823191212,0.48269314613816633,3.0,17.0,47,2,Open,mae,,,,
linept_curry,Daniel Curry Index,1692.0,1649,804.0,845.0,42.0,-114.09090909090911,13.50637706855792,-0.16677895981087454,0.48756822316555487,-0.0691879375930316,0.46349980859922724,3.0,56.0,48,2,Open,mae,,,,
linept_dwig,DP Dwiggins,1690.0,1573,787.0,786.0,42.0,-70.54545454545456,13.620118343195266,-0.08402366863905325,0.5003178639542276,-0.04484771426920188,0.4756382921754172,3.0,29.0,49,2,Open,mae,,,,
linept_bill,Billingsley,1694.0,1651,833.0,818.0,42.0,-60.72727272727275,13.645891381345926,-0.07684769775678867,0.5045427013930951,-0.036782115522273014,0.48044297628339405,3.0,21.0,50,2,Open,mae,,,,
linept_rwp,Laffaye RWP,1575.0,1535,789.0,746.0,39.0,-28.72727272727275,13.650495238095237,0.19424126984127002,0.5140065146579804,-0.018714835652946418,0.48899967700856545,3.0,8.0,51,2,Open,mae,,,,
linecfbp_beta_rank,Beta_Rank,1134.0,1100,550.0,550.0,28.0,-50.00000000000002,13.659611992945326,0.3809523809523809,0.5,-0.04545454545454548,0.4705038899756658,3.0,40.0,52,2,Open,mae,,,,
linept_paynewl,linepaynewl,1695.0,1651,833.0,818.0,42.0,-60.727272727272755,13.869073746312685,0.10174631268436574,0.5045427013930951,-0.03678211552227302,0.48044297628339405,3.0,22.0,53,2,Open,mae,,,,
linept_kerns,Stephen Kerns,1695.0,1644,829.0,815.0,42.0,-61.36363636363639,13.881988200589971,0.3468613569321533,0.504257907542579,-0.037325812873258146,0.4801075698315685,3.0,23.0,54,2,Open,mae,,,,
linept_pfz,PerformanZ Ratings,1695.0,1653,813.0,840.0,42.0,-100.90909090909093,14.122011799410028,0.06156342182890853,0.49183303085299457,-0.0610460320079195,0.46777954306033637,3.0,45.0,55,2,Open,mae,,,,
linept_clean,Cleanup Hitter,1695.0,1612,768.0,844.0,42.0,-145.81818181818184,14.27140412979351,-0.0955811209439528,0.47642679900744417,-0.0904579291676066,0.45213072757757683,3.0,65.0,56,2,Open,mae,,,,
linept_loud,Loudsound.org,1627.0,1529,777.0,752.0,41.0,-45.63636363636366,14.519975414874,0.07867240319606637,0.5081752779594506,-0.02984719662286701,0.48312763035358736,3.0,15.0,57,2,Open,mae,,,,
linecfbp_oddstrader_ai,OddsTrader AI,111.0,108,51.0,57.0,1.0,-10.636363636363637,14.792792792792794,1.6936936936936937,0.4722222222222222,-0.0984848484848485,0.38064930523089247,1.0,69.0,58,2,Open,mae,,,,
linecfbp_blake_atkinson,,,112,,,,,,,,,,,,1,2,Open,incremental,0.22755368913415186,0.8118973446076249,0.18920620929699122,11.155357142857143
linecfbp_cbcr2_sam,,,112,,,,,,,,,,,,2,2,Open,incremental,0.13351240834204184,0.3050834021945923,0.11101281975532881,11.341964285714283
linecfbp_cfb_graphs,,,627,,,,,,,,,,,,3,2,Open,incremental,0.055375930201194246,0.21501496685909777,0.05329180997184596,12.457735247208932
linecfbp_sp,,,1134,,,,,,,,,,,,4,2,Open,incremental,0.053699854184581834,0.18498944931118927,0.05255375868063118,12.824338624338626
linecfbp_professor_sides,,,1132,,,,,,,,,,,,5,2,Open,incremental,0.048773719514317214,0.21540585581502375,0.0477309800327465,12.74779151943463
linecfbp_cbcr2_power,,,112,,,,,,,,,,,,6,2,Open,incremental,0.051811599252291174,0.15098641058624251,0.04308027845842367,11.772321428571429
linecfbp_room44_bets,,,1132,,,,,,,,,,,,7,2,Open,incremental,0.041415711473401416,0.09972569034044798,0.040530279770822734,13.308480565371026
piratings,,,1695,,,,,,,,,,,,8,2,Open,incremental,0.040751285383787354,0.13569460630589478,0.04016321291065727,12.744495575221238
keeper,,,1687,,,,,,,,,,,,9,2,Open,incremental,0.03902074248818106,0.08576897434370566,0.038455030573955114,13.245684647302905
piratings_mean,,,1695,,,,,,,,,,,,10,2,Open,incremental,0.03796466009368185,0.14336268467092614,0.03741680077237277,12.663333333333334
dokter_entropy,,,1694,,,,,,,,,,,,11,2,Open,incremental,0.03699644085549524,0.15010861768961037,0.03646224531398586,12.60210743801653
linept_pig,,,1695,,,,,,,,,,,,12,2,Open,incremental,0.035231443770792986,0.11657200786222469,0.03472302686872205,12.81353982300885
piratings_bias,,,1695,,,,,,,,,,,,13,2,Open,incremental,0.03448031352602922,0.11382943123889358,0.03398273601261857,12.783492625368732
linecfbp_power_rank,,,1132,,,,,,,,,,,,14,2,Open,incremental,0.033059855239803496,0.15557890024950632,0.03235306443818263,12.676060070671378
espn_fpi,,,1695,,,,,,,,,,,,15,2,Open,incremental,0.030321735060452458,0.11743821742384074,0.029884169041156056,12.598454277286134
linept_round,,,1049,,,,,,,,,,,,16,2,Open,incremental,0.030562844698132075,0.07144396409550491,0.02985950971845,13.332697807435652
linecfbp_cfb_geek,,,618,,,,,,,,,,,,17,2,Open,incremental,0.026509337212427323,0.07590314630783887,0.025497927147618376,13.179773462783173
linept_laz,,,1693,,,,,,,,,,,,18,2,Open,incremental,0.022853715531147328,0.06879604438240901,0.022523537594627073,12.951701122268165
linecfbp_beta_rank,,,1134,,,,,,,,,,,,19,2,Open,incremental,0.02288673380101783,0.05056615815937057,0.022398270971690573,13.659611992945326
linecfbp_tshoe_index,,,628,,,,,,,,,,,,20,2,Open,incremental,0.018653432234321612,0.065012265538259,0.017952450117810975,12.611624203821657
massey,,,1695,,,,,,,,,,,,21,2,Open,incremental,0.015806341931576304,0.04711172685495259,0.015578244228563975,12.907640117994099
linept_payne,,,1695,,,,,,,,,,,,22,2,Open,incremental,0.015088513888671325,0.04031579010393576,0.014870774997865719,13.118348082595869
linept_pugh,,,1689,,,,,,,,,,,,23,2,Open,incremental,0.013355368528954867,0.03937788688205829,0.013161970414542841,12.984635879218475
teamrankings,,,1695,,,,,,,,,,,,24,2,Open,incremental,0.01297217058375697,0.05310103474593466,0.01278497215884323,12.644477876106194
linecfbp_jp,,,628,,,,,,,,,,,,25,2,Open,incremental,0.012240115708447769,0.03316558549510919,0.011780141259356532,12.8671974522293
linept_paynewl,,,1695,,,,,,,,,,,,26,2,Open,incremental,0.011003196974321033,0.021230481940337574,0.010844412356950394,13.869073746312685
congrove,,,1694,,,,,,,,,,,,27,2,Open,incremental,0.00971384025721712,0.02617963413349619,0.009573581085352242,13.289456906729631
linept_dunk,,,1443,,,,,,,,,,,,28,2,Open,incremental,0.009728849985096193,0.02471278214201259,0.00956455499150221,13.334109494109496
sagarin_recent,,,1695,,,,,,,,,,,,29,2,Open,incremental,0.00737952309673684,0.02012502370502323,0.0072730308877881344,13.005923303834809
linept_kam,,,1693,,,,,,,,,,,,30,2,Open,incremental,0.006311290434863651,0.017887328320158123,0.006220108375223361,12.88492025989368
linept_rwp,,,1575,,,,,,,,,,,,31,2,Open,incremental,0.005843176554469176,0.013013779315300462,0.005752579182809409,13.650495238095237
linept_talis,,,1643,,,,,,,,,,,,32,2,Open,incremental,0.005721284724836787,0.015425026745095445,0.0056361671455668685,13.151533779671334
linept_argh,,,1695,,,,,,,,,,,,33,2,Open,incremental,0.005438775571674948,0.014202596133058869,0.005360289846105495,13.22920353982301
sagarin,,,1695,,,,,,,,,,,,34,2,Open,incremental,0.0051160488289990515,0.018022595124061395,0.005042220299194672,12.766289085545724
linept_loud,,,1627,,,,,,,,,,,,35,2,Open,incremental,0.004409052335677626,0.007370329980027202,0.004342826698834566,14.519975414874
linept_dwig,,,1690,,,,,,,,,,,,36,2,Open,incremental,0.002973793727974296,0.006624705823706739,0.0029307553693398857,13.620118343195266
linept_born,,,1695,,,,,,,,,,,,37,2,Open,incremental,0.0003616945607735155,0.0011231314322008603,0.00035647502934355957,13.314218289085545
sagarin_golden_mean,,,1695,,,,,,,,,,,,38,2,Open,incremental,-0.0018280901752413515,-0.006841312052028248,-0.0018017094242948626,12.911008849557522
sagarin_predictor,,,1695,,,,,,,,,,,,39,2,Open,incremental,-0.0023777733237337582,-0.010035197418589638,-0.0023434602210705684,12.845085545722712
harville,,,1695,,,,,,,,,,,,40,2,Open,incremental,-0.004490787386123527,-0.017023728863595326,-0.00442598186110542,12.780053097345133
linept_donchess,,,1695,,,,,,,,,,,,41,2,Open,incremental,-0.007238503440278384,-0.027072262450028108,-0.007134046253718604,12.775882005899707
linecfbp_wilson_ratings,,,1134,,,,,,,,,,,,42,2,Open,incremental,-0.00853466150544458,-0.026144853989509165,-0.008352509480496638,13.150440917107586
fei,,,1695,,,,,,,,,,,,43,2,Open,incremental,-0.008475198289916554,-0.020116806281665834,-0.00835289464300872,13.407681415929204
linept_curry,,,1692,,,,,,,,,,,,44,2,Open,incremental,-0.011895115256176928,-0.026484133025132615,-0.011723161783901538,13.50637706855792
linept_clean,,,1695,,,,,,,,,,,,45,2,Open,incremental,-0.012751184193655228,-0.022070481407087728,-0.012567174772762622,14.27140412979351
linept_paynep,,,1695,,,,,,,,,,,,46,2,Open,incremental,-0.014437373185071958,-0.032498190031607775,-0.014229030756741463,13.388407079646017
linept_how,,,1693,,,,,,,,,,,,47,2,Open,incremental,-0.014460540478183962,-0.03333158112460385,-0.014251622527422425,13.468694624926167
linept_fox,,,1687,,,,,,,,,,,,48,2,Open,incremental,-0.015975184905778757,-0.04737525315098039,-0.01574358110080506,13.041564908120927
linept_kerns,,,1695,,,,,,,,,,,,49,2,Open,incremental,-0.018424691436825336,-0.03382783941345984,-0.01815880893133207,13.881988200589971
linept_bill,,,1694,,,,,,,,,,,,50,2,Open,incremental,-0.01876523485203359,-0.03880954409606383,-0.018494281631628234,13.645891381345926
linecfbp_power_rank_free,,,628,,,,,,,,,,,,51,2,Open,incremental,-0.02394310117838253,-0.09536229521558397,-0.02304333723526382,12.670063694267515
linecfbp_dratings,,,1134,,,,,,,,,,,,52,2,Open,incremental,-0.028504595754194954,-0.10765205862886486,-0.0278962330401451,13.116137566137567
linept_pfz,,,1695,,,,,,,,,,,,53,2,Open,incremental,-0.03180932780710882,-0.05925813347431631,-0.0313502946773324,14.12201179941003
linept_elo,,,1695,,,,,,,,,,,,54,2,Open,incremental,-0.03379034415116443,-0.08832611776349414,-0.03330272342789768,13.30411209439528
moore_ratings,,,1693,,,,,,,,,,,,55,2,Open,incremental,-0.047011522601228116,-0.12974798915266833,-0.04633232592950996,13.283703484937979
linecfbp_sportsline,,,112,,,,,,,,,,,,56,2,Open,incremental,-0.09139270738672498,-0.21751274352349695,-0.07599115526462419,12.491071428571429
linecfbp_kford,,,112,,,,,,,,,,,,57,2,Open,incremental,-0.11915453430372527,-0.469218908029778,-0.09907454298780949,12.075892857142858
linecfbp_oddstrader_ai,,,111,,,,,,,,,,,,58,2,Open,incremental,-0.14332805046406152,-0.20432813286361348,-0.11900898331171482,14.792792792792794
keeper,Keeper,1687.0,1663,856.0,807.0,21.0,-28.81818181818184,13.245684647302905,-0.015453467694131709,0.5147324113048707,-0.017329032963428647,0.4907055565371007,3.0,1.0,1,2,Midweek,wilson,,,,
massey,Massey Ratings,1695.0,1673,845.0,828.0,21.0,-59.81818181818184,12.907640117994102,-0.27794100294985247,0.5050806933652122,-0.03575503993914037,0.4811386670179331,3.0,3.0,2,2,Midweek,wilson,,,,
linecfbp_power_rank,Power Rank,1132.0,1107,564.0,543.0,15.0,-30.272727272727288,12.676060070671378,0.009628975265017749,0.5094850948509485,-0.02734663710273468,0.4800545388805362,3.0,4.0,3,2,Midweek,wilson,,,,
linecfbp_cbcr2_sam,CBCR2: Sam,112.0,110,63.0,47.0,2.0,10.272727272727272,11.341964285714285,0.21517857142857125,0.5727272727272728,0.0933884297520661,0.479369229296701,1.0,5.0,4,2,Midweek,wilson,,,,
congrove,Congrove Computer Rankings,1694.0,1671,841.0,830.0,21.0,-65.45454545454548,13.289456906729635,0.24939787485242038,0.5032914422501497,-0.03917088297698712,0.4793385061916,3.0,6.0,5,2,Midweek,wilson,,,,
linept_talis,Talisman Red,1643.0,1623,816.0,807.0,20.0,-65.1818181818182,13.151533779671334,-0.22704199634814348,0.5027726432532348,-0.04016131742564276,0.4784698702555994,3.0,7.0,6,2,Midweek,wilson,,,,
linecfbp_sp,SP+,1134.0,1107,560.0,547.0,15.0,-37.90909090909092,12.824338624338624,0.03721340388007049,0.5058717253839206,-0.0342448879034245,0.476450412736002,3.0,8.0,7,2,Midweek,wilson,,,,
linept_laz,Laz Index,1693.0,1669,834.0,835.0,21.0,-76.81818181818184,12.951701122268164,-0.19701712935617235,0.49970041941282206,-0.04602647203006701,0.47574089703858924,3.0,9.0,8,2,Midweek,wilson,,,,
linecfbp_cfb_graphs,CFB Graphs,627.0,610,314.0,296.0,8.0,-10.545454545454554,12.457735247208932,0.007655502392344606,0.5147540983606558,-0.017287630402384513,0.4751249211760388,2.0,10.0,9,2,Midweek,wilson,,,,
linecfbp_blake_atkinson,Blake Atkinson,112.0,109,62.0,47.0,2.0,9.363636363636363,11.155357142857142,0.36071428571428565,0.5688073394495413,0.08590492076730609,0.47505894003317817,1.0,11.0,10,2,Midweek,wilson,,,,
linept_donchess,Donchess Inference,1695.0,1644,818.0,826.0,21.0,-82.36363636363639,12.775882005899705,-0.13714454277286145,0.4975669099756691,-0.05009953550099537,0.4734315821993589,3.0,13.0,11,2,Midweek,wilson,,,,
linept_loud,Loudsound.org,1627.0,1566,780.0,786.0,20.0,-76.90909090909093,14.519975414874,0.07867240319606637,0.49808429118773945,-0.0491118077324974,0.47335539691919737,3.0,14.0,12,2,Midweek,wilson,,,,
linept_round,lineround,1049.0,1005,505.0,500.0,10.0,-40.90909090909093,13.332697807435652,0.25738798856053385,0.5024875621890548,-0.04070556309362281,0.4716248143508448,2.0,16.0,13,2,Midweek,wilson,,,,
linecfbp_power_rank_free,Power Rank: Free,628.0,614,313.0,301.0,8.0,-16.45454545454546,12.670063694267515,-0.8964968152866244,0.509771986970684,-0.026798933965057753,0.4702929983127055,2.0,18.0,14,2,Midweek,wilson,,,,
linept_rwp,Laffaye RWP,1575.0,1551,766.0,785.0,21.0,-88.63636363636365,13.650495238095237,0.19424126984127002,0.4938749194068343,-0.057147881132407256,0.4690391288926398,3.0,20.0,15,2,Midweek,wilson,,,,
linept_kerns,Stephen Kerns,1695.0,1669,822.0,847.0,21.0,-99.72727272727275,13.881988200589971,0.3468613569321533,0.49251048532055125,-0.05975270984258403,0.4685701513566293,3.0,21.0,16,2,Midweek,wilson,,,,
piratings,Pi-Ratings,1695.0,1659,817.0,842.0,21.0,-99.2727272727273,12.744495575221238,-0.2805427728613569,0.4924653405666064,-0.05983889528193327,0.4684533168629286,3.0,22.0,17,2,Midweek,wilson,,,,
linept_pig,Pigskin Index,1695.0,1578,777.0,801.0,21.0,-94.63636363636365,12.81353982300885,-0.3085840707964602,0.4923954372623574,-0.0599723470445904,0.46777697955188635,3.0,23.0,18,2,Midweek,wilson,,,,
linept_dunk,Dunkel Index,1443.0,1429,705.0,724.0,14.0,-83.09090909090911,13.334109494109493,-0.28952182952182953,0.4933519944016795,-0.05814619250588461,0.46748287656020476,3.0,24.0,19,2,Midweek,wilson,,,,
linecfbp_room44_bets,Room44 Bets,1132.0,1097,545.0,552.0,15.0,-56.54545454545456,13.308480565371026,-0.19028268551236743,0.4968094804010939,-0.051545537416093495,0.467284939258365,3.0,25.0,20,2,Midweek,wilson,,,,
linept_bill,Billingsley,1694.0,1671,820.0,851.0,21.0,-105.54545454545456,13.645891381345926,-0.07684769775678867,0.4907241172950329,-0.06316304880039172,0.466803599924282,3.0,26.0,21,2,Midweek,wilson,,,,
fei,FEI Projections,1695.0,1662,813.0,849.0,21.0,-109.90909090909093,13.407681415929204,-0.27546902654867256,0.4891696750902527,-0.06613062028224484,0.4651897671275703,3.0,29.0,22,2,Midweek,wilson,,,,
piratings_mean,Pi-Ratings Mean,1695.0,1650,807.0,843.0,21.0,-109.36363636363639,12.663333333333332,-0.3217994100294986,0.4890909090909091,-0.0662809917355372,0.4650245172279986,3.0,30.0,23,2,Midweek,wilson,,,,
piratings_bias,PI-Rate Bias,1695.0,1668,814.0,854.0,21.0,-114.00000000000003,12.783492625368734,-0.3395516224188791,0.4880095923261391,-0.06834532374100721,0.46407664054790343,3.0,31.0,24,2,Midweek,wilson,,,,
linept_argh,Argh Ratings,1695.0,1616,788.0,828.0,21.0,-111.63636363636365,13.22920353982301,-0.04218289085545723,0.4876237623762376,-0.0690819081908191,0.4633115154176454,3.0,33.0,25,2,Midweek,wilson,,,,
linept_fox,linefox,1687.0,1605,781.0,824.0,21.0,-114.00000000000003,13.041564908120927,-0.31114404267931245,0.4866043613707165,-0.07102803738317759,0.4622129574722426,3.0,34.0,26,2,Midweek,wilson,,,,
espn_fpi,ESPN FPI,1695.0,1672,812.0,860.0,21.0,-121.81818181818184,12.598454277286136,-0.2847905604719764,0.48564593301435405,-0.07285776424532407,0.46174992140879373,3.0,35.0,27,2,Midweek,wilson,,,,
linept_dwig,DP Dwiggins,1690.0,1617,785.0,832.0,20.0,-118.36363636363639,13.620118343195266,-0.08402366863905325,0.48546691403834263,-0.07319952774498231,0.46117009075651716,3.0,36.0,28,2,Midweek,wilson,,,,
harville,David Harville,1695.0,1670,809.0,861.0,21.0,-125.54545454545456,12.780053097345132,-0.2163362831858406,0.4844311377245509,-0.07517691888949375,0.4605253999967238,3.0,37.0,29,2,Midweek,wilson,,,,
linept_paynewl,linepaynewl,1695.0,1670,807.0,863.0,21.0,-129.36363636363637,13.869073746312685,0.10174631268436574,0.48323353293413174,-0.07746325530756669,0.4593323955755496,3.0,38.0,30,2,Midweek,wilson,,,,
sagarin_recent,Sagarin Recent,1695.0,1673,808.0,865.0,21.0,-130.45454545454547,13.005923303834809,-0.17112684365781713,0.4829647340107591,-0.07797641688855078,0.4590860022907785,3.0,39.0,31,2,Midweek,wilson,,,,
moore_ratings,Moore Power Ratings,1693.0,1671,807.0,864.0,21.0,-130.36363636363637,13.28370348493798,-0.2343827525103367,0.4829443447037702,-0.078015341929166,0.45905146319650475,3.0,40.0,32,2,Midweek,wilson,,,,
sagarin_golden_mean,Sagarin Golden Mean,1695.0,1674,807.0,867.0,21.0,-133.36363636363637,12.91100884955752,-0.3541710914454277,0.482078853046595,-0.07966764418377323,0.45821073419218117,3.0,41.0,33,2,Midweek,wilson,,,,
linecfbp_dratings,DRatings,1134.0,1105,538.0,567.0,15.0,-77.90909090909092,13.116137566137567,-0.015608465608465573,0.48687782805429863,-0.0705059646236117,0.45750385722073755,3.0,42.0,34,2,Midweek,wilson,,,,
linept_kam,Edward Kambour,1693.0,1671,804.0,867.0,21.0,-136.09090909090912,12.88492025989368,-0.5041523922031894,0.48114901256732495,-0.08144279418965238,0.4572633311004929,3.0,43.0,35,2,Midweek,wilson,,,,
linept_payne,linepayne,1695.0,1674,805.0,869.0,21.0,-137.18181818181822,13.118348082595869,0.13941002949852516,0.480884109916368,-0.08194851743238842,0.4570208403612608,3.0,44.0,36,2,Midweek,wilson,,,,
linept_how,Howell,1693.0,1614,776.0,838.0,21.0,-132.54545454545456,13.468694624926167,-0.34407560543414056,0.48079306071871125,-0.08212233862791485,0.4564925208889272,3.0,45.0,37,2,Midweek,wilson,,,,
linept_pfz,PerformanZ Ratings,1695.0,1673,801.0,872.0,21.0,-143.81818181818184,14.122011799410028,0.06156342182890853,0.47878063359234907,-0.08596424496006087,0.45491913633607706,3.0,46.0,38,2,Midweek,wilson,,,,
linecfbp_wilson_ratings,Wilson Ratings,1134.0,1105,535.0,570.0,15.0,-83.63636363636365,13.150440917107584,-0.15749559082892417,0.4841628959276018,-0.07568901686548747,0.45480294423497897,3.0,47.0,39,2,Midweek,wilson,,,,
teamrankings,TeamRankings.com,1695.0,1657,793.0,864.0,21.0,-143.09090909090912,12.644477876106194,-0.22856047197640117,0.4785757392878696,-0.08635540681406706,0.4546007083845029,3.0,48.0,40,2,Midweek,wilson,,,,
linept_elo,Beck Elo,1695.0,1670,799.0,871.0,21.0,-144.63636363636365,13.30411209439528,-0.2531150442477876,0.4784431137724551,-0.08660860097985848,0.4545617515975745,3.0,49.0,41,2,Midweek,wilson,,,,
sagarin_predictor,Sagarin Predictor,1695.0,1671,798.0,873.0,21.0,-147.54545454545456,12.845085545722712,-0.3466902654867257,0.47755834829443444,-0.08829769871062511,0.4536879930819215,3.0,51.0,42,2,Midweek,wilson,,,,
linept_curry,Daniel Curry Index,1692.0,1670,797.0,873.0,21.0,-148.45454545454547,13.50637706855792,-0.16677895981087454,0.47724550898203594,-0.08889493739793142,0.45336943421880693,3.0,52.0,43,2,Midweek,wilson,,,,
dokter_entropy,Dokter Entropy,1694.0,1669,796.0,873.0,21.0,-149.36363636363637,12.60210743801653,-0.36633412042502955,0.47693229478729776,-0.08949289176970424,0.45305050644132583,3.0,53.0,44,2,Midweek,wilson,,,,
linecfbp_cfb_geek,CFB Geek,618.0,605,298.0,307.0,9.0,-36.0909090909091,13.179773462783173,0.277831715210356,0.4925619834710744,-0.05965439519158529,0.45289723603806,2.0,54.0,45,2,Midweek,wilson,,,,
linecfbp_tshoe_index,TShoe Index,628.0,597,294.0,303.0,8.0,-35.727272727272734,12.611624203821657,-0.23646496815286633,0.49246231155778897,-0.05984467793513021,0.45253544491097214,2.0,55.0,46,2,Midweek,wilson,,,,
linecfbp_professor_sides,Professor Sides,1132.0,1097,528.0,569.0,15.0,-89.00000000000001,12.74779151943463,0.08189045936395759,0.4813126709206928,-0.08113035551504104,0.4518621719511512,3.0,56.0,47,2,Midweek,wilson,,,,
linept_clean,Cleanup Hitter,1695.0,1637,777.0,860.0,21.0,-153.63636363636365,14.27140412979351,-0.0955811209439528,0.4746487477092242,-0.09385239073693565,0.45054641781677324,3.0,57.0,48,2,Midweek,wilson,,,,
linept_born,Born Power Index,1695.0,1674,794.0,880.0,21.0,-158.18181818181822,13.314218289085545,-0.1542300884955753,0.4743130227001195,-0.09449332029977194,0.45047886686353106,3.0,58.0,49,2,Midweek,wilson,,,,
sagarin,Sagarin Ratings,1695.0,1674,791.0,883.0,21.0,-163.90909090909093,12.766289085545724,-0.31892625368731553,0.472520908004779,-0.09791463017269471,0.44869541029077353,3.0,59.0,50,2,Midweek,wilson,,,,
linecfbp_jp,JP+,628.0,610,296.0,314.0,8.0,-44.909090909090914,12.867197452229298,-0.40509554140127396,0.4852459016393443,-0.07362146050670641,0.4458013886232174,2.0,61.0,51,2,Midweek,wilson,,,,
linept_paynep,linepaynep,1695.0,1671,782.0,889.0,21.0,-178.09090909090912,13.388407079646017,0.10452507374631259,0.4679832435667265,-0.10657744409988577,0.44415980381267955,3.0,63.0,52,2,Midweek,wilson,,,,
linecfbp_cbcr2_power,CBCR2: Power,112.0,110,59.0,51.0,2.0,2.636363636363635,11.772321428571429,-0.5508928571428573,0.5363636363636364,0.023966942148760318,0.4435239791327419,1.0,64.0,53,2,Midweek,wilson,,,,
linept_pugh,Pugh Ratings,1689.0,1668,777.0,891.0,21.0,-184.63636363636365,12.984635879218471,-0.20616341030195384,0.4658273381294964,-0.11069326357096142,0.4419943921147854,3.0,65.0,54,2,Midweek,wilson,,,,
linecfbp_beta_rank,Beta_Rank,1134.0,1113,520.0,593.0,15.0,-120.2727272727273,13.659611992945326,0.3809523809523809,0.46720575022461813,-0.10806174957118356,0.43805753201185055,3.0,67.0,55,2,Midweek,wilson,,,,
linecfbp_sportsline,SportsLine,112.0,106,47.0,59.0,2.0,-16.272727272727273,12.491071428571429,0.20535714285714285,0.44339622641509435,-0.153516295025729,0.35245081369761305,1.0,69.0,56,2,Midweek,wilson,,,,
linecfbp_kford,KFord,112.0,110,47.0,63.0,2.0,-20.272727272727273,12.075892857142858,-0.015178571428571328,0.42727272727272725,-0.18429752066115704,0.3388228926127975,1.0,70.0,57,2,Midweek,wilson,,,,
linecfbp_oddstrader_ai,OddsTrader AI,111.0,108,46.0,62.0,1.0,-20.181818181818183,14.792792792792794,1.6936936936936937,0.42592592592592593,-0.18686868686868688,0.33679220437956364,1.0,71.0,58,2,Midweek,wilson,,,,
linecfbp_blake_atkinson,Blake Atkinson,112.0,109,62.0,47.0,2.0,9.363636363636363,11.155357142857142,0.36071428571428565,0.5688073394495413,0.08590492076730609,0.47505894003317817,1.0,11.0,1,2,Midweek,mae,,,,
linecfbp_cbcr2_sam,CBCR2: Sam,112.0,110,63.0,47.0,2.0,10.272727272727272,11.341964285714285,0.21517857142857125,0.5727272727272728,0.0933884297520661,0.479369229296701,1.0,5.0,2,2,Midweek,mae,,,,
linecfbp_cbcr2_power,CBCR2: Power,112.0,110,59.0,51.0,2.0,2.636363636363635,11.772321428571429,-0.5508928571428573,0.5363636363636364,0.023966942148760318,0.4435239791327419,1.0,64.0,3,2,Midweek,mae,,,,
linecfbp_kford,KFord,112.0,110,47.0,63.0,2.0,-20.272727272727273,12.075892857142858,-0.015178571428571328,0.42727272727272725,-0.18429752066115704,0.3388228926127975,1.0,70.0,4,2,Midweek,mae,,,,
linecfbp_cfb_graphs,CFB Graphs,627.0,610,314.0,296.0,8.0,-10.545454545454554,12.457735247208932,0.007655502392344606,0.5147540983606558,-0.017287630402384513,0.4751249211760388,2.0,10.0,5,2,Midweek,mae,,,,
linecfbp_sportsline,SportsLine,112.0,106,47.0,59.0,2.0,-16.272727272727273,12.491071428571429,0.20535714285714285,0.44339622641509435,-0.153516295025729,0.35245081369761305,1.0,69.0,6,2,Midweek,mae,,,,
espn_fpi,ESPN FPI,1695.0,1672,812.0,860.0,21.0,-121.81818181818184,12.598454277286136,-0.2847905604719764,0.48564593301435405,-0.07285776424532407,0.46174992140879373,3.0,35.0,7,2,Midweek,mae,,,,
dokter_entropy,Dokter Entropy,1694.0,1669,796.0,873.0,21.0,-149.36363636363637,12.60210743801653,-0.36633412042502955,0.47693229478729776,-0.08949289176970424,0.45305050644132583,3.0,53.0,8,2,Midweek,mae,,,,
linecfbp_tshoe_index,TShoe Index,628.0,597,294.0,303.0,8.0,-35.727272727272734,12.611624203821657,-0.23646496815286633,0.49246231155778897,-0.05984467793513021,0.45253544491097214,2.0,55.0,9,2,Midweek,mae,,,,
teamrankings,TeamRankings.com,1695.0,1657,793.0,864.0,21.0,-143.09090909090912,12.644477876106194,-0.22856047197640117,0.4785757392878696,-0.08635540681406706,0.4546007083845029,3.0,48.0,10,2,Midweek,mae,,,,
piratings_mean,Pi-Ratings Mean,1695.0,1650,807.0,843.0,21.0,-109.36363636363639,12.663333333333332,-0.3217994100294986,0.4890909090909091,-0.0662809917355372,0.4650245172279986,3.0,30.0,11,2,Midweek,mae,,,,
linecfbp_power_rank_free,Power Rank: Free,628.0,614,313.0,301.0,8.0,-16.45454545454546,12.670063694267515,-0.8964968152866244,0.509771986970684,-0.026798933965057753,0.4702929983127055,2.0,18.0,12,2,Midweek,mae,,,,
linecfbp_power_rank,Power Rank,1132.0,1107,564.0,543.0,15.0,-30.272727272727288,12.676060070671378,0.009628975265017749,0.5094850948509485,-0.02734663710273468,0.4800545388805362,3.0,4.0,13,2,Midweek,mae,,,,
piratings,Pi-Ratings,1695.0,1659,817.0,842.0,21.0,-99.2727272727273,12.744495575221238,-0.2805427728613569,0.4924653405666064,-0.05983889528193327,0.4684533168629286,3.0,22.0,14,2,Midweek,mae,,,,
linecfbp_professor_sides,Professor Sides,1132.0,1097,528.0,569.0,15.0,-89.00000000000001,12.74779151943463,0.08189045936395759,0.4813126709206928,-0.08113035551504104,0.4518621719511512,3.0,56.0,15,2,Midweek,mae,,,,
sagarin,Sagarin Ratings,1695.0,1674,791.0,883.0,21.0,-163.90909090909093,12.766289085545724,-0.31892625368731553,0.472520908004779,-0.09791463017269471,0.44869541029077353,3.0,59.0,16,2,Midweek,mae,,,,
linept_donchess,Donchess Inference,1695.0,1644,818.0,826.0,21.0,-82.36363636363639,12.775882005899705,-0.13714454277286145,0.4975669099756691,-0.05009953550099537,0.4734315821993589,3.0,13.0,17,2,Midweek,mae,,,,
harville,David Harville,1695.0,1670,809.0,861.0,21.0,-125.54545454545456,12.780053097345132,-0.2163362831858406,0.4844311377245509,-0.07517691888949375,0.4605253999967238,3.0,37.0,18,2,Midweek,mae,,,,
piratings_bias,PI-Rate Bias,1695.0,1668,814.0,854.0,21.0,-114.00000000000003,12.783492625368734,-0.3395516224188791,0.4880095923261391,-0.06834532374100721,0.46407664054790343,3.0,31.0,19,2,Midweek,mae,,,,
linept_pig,Pigskin Index,1695.0,1578,777.0,801.0,21.0,-94.63636363636365,12.81353982300885,-0.3085840707964602,0.4923954372623574,-0.0599723470445904,0.46777697955188635,3.0,23.0,20,2,Midweek,mae,,,,
linecfbp_sp,SP+,1134.0,1107,560.0,547.0,15.0,-37.90909090909092,12.824338624338624,0.03721340388007049,0.5058717253839206,-0.0342448879034245,0.476450412736002,3.0,8.0,21,2,Midweek,mae,,,,
sagarin_predictor,Sagarin Predictor,1695.0,1671,798.0,873.0,21.0,-147.54545454545456,12.845085545722712,-0.3466902654867257,0.47755834829443444,-0.08829769871062511,0.4536879930819215,3.0,51.0,22,2,Midweek,mae,,,,
linecfbp_jp,JP+,628.0,610,296.0,314.0,8.0,-44.909090909090914,12.867197452229298,-0.40509554140127396,0.4852459016393443,-0.07362146050670641,0.4458013886232174,2.0,61.0,23,2,Midweek,mae,,,,
linept_kam,Edward Kambour,1693.0,1671,804.0,867.0,21.0,-136.09090909090912,12.88492025989368,-0.5041523922031894,0.48114901256732495,-0.08144279418965238,0.4572633311004929,3.0,43.0,24,2,Midweek,mae,,,,
massey,Massey Ratings,1695.0,1673,845.0,828.0,21.0,-59.81818181818184,12.907640117994102,-0.27794100294985247,0.5050806933652122,-0.03575503993914037,0.4811386670179331,3.0,3.0,25,2,Midweek,mae,,,,
sagarin_golden_mean,Sagarin Golden Mean,1695.0,1674,807.0,867.0,21.0,-133.36363636363637,12.91100884955752,-0.3541710914454277,0.482078853046595,-0.07966764418377323,0.45821073419218117,3.0,41.0,26,2,Midweek,mae,,,,
linept_laz,Laz Index,1693.0,1669,834.0,835.0,21.0,-76.81818181818184,12.951701122268164,-0.19701712935617235,0.49970041941282206,-0.04602647203006701,0.47574089703858924,3.0,9.0,27,2,Midweek,mae,,,,
linept_pugh,Pugh Ratings,1689.0,1668,777.0,891.0,21.0,-184.63636363636365,12.984635879218471,-0.20616341030195384,0.4658273381294964,-0.11069326357096142,0.4419943921147854,3.0,65.0,28,2,Midweek,mae,,,,
sagarin_recent,Sagarin Recent,1695.0,1673,808.0,865.0,21.0,-130.45454545454547,13.005923303834809,-0.17112684365781713,0.4829647340107591,-0.07797641688855078,0.4590860022907785,3.0,39.0,29,2,Midweek,mae,,,,
linept_fox,linefox,1687.0,1605,781.0,824.0,21.0,-114.00000000000003,13.041564908120927,-0.31114404267931245,0.4866043613707165,-0.07102803738317759,0.4622129574722426,3.0,34.0,30,2,Midweek,mae,,,,
linecfbp_dratings,DRatings,1134.0,1105,538.0,567.0,15.0,-77.90909090909092,13.116137566137567,-0.015608465608465573,0.48687782805429863,-0.0705059646236117,0.45750385722073755,3.0,42.0,31,2,Midweek,mae,,,,
linept_payne,linepayne,1695.0,1674,805.0,869.0,21.0,-137.18181818181822,13.118348082595869,0.13941002949852516,0.480884109916368,-0.08194851743238842,0.4570208403612608,3.0,44.0,32,2,Midweek,mae,,,,
linecfbp_wilson_ratings,Wilson Ratings,1134.0,1105,535.0,570.0,15.0,-83.63636363636365,13.150440917107584,-0.15749559082892417,0.4841628959276018,-0.07568901686548747,0.45480294423497897,3.0,47.0,33,2,Midweek,mae,,,,
linept_talis,Talisman Red,1643.0,1623,816.0,807.0,20.0,-65.1818181818182,13.151533779671334,-0.22704199634814348,0.5027726432532348,-0.04016131742564276,0.4784698702555994,3.0,7.0,34,2,Midweek,mae,,,,
linecfbp_cfb_geek,CFB Geek,618.0,605,298.0,307.0,9.0,-36.0909090909091,13.179773462783173,0.277831715210356,0.4925619834710744,-0.05965439519158529,0.45289723603806,2.0,54.0,35,2,Midweek,mae,,,,
linept_argh,Argh Ratings,1695.0,1616,788.0,828.0,21.0,-111.63636363636365,13.22920353982301,-0.04218289085545723,0.4876237623762376,-0.0690819081908191,0.4633115154176454,3.0,33.0,36,2,Midweek,mae,,,,
keeper,Keeper,1687.0,1663,856.0,807.0,21.0,-28.81818181818184,13.245684647302905,-0.015453467694131709,0.5147324113048707,-0.017329032963428647,0.4907055565371007,3.0,1.0,37,2,Midweek,mae,,,,
moore_ratings,Moore Power Ratings,1693.0,1671,807.0,864.0,21.0,-130.36363636363637,13.28370348493798,-0.2343827525103367,0.4829443447037702,-0.078015341929166,0.45905146319650475,3.0,40.0,38,2,Midweek,mae,,,,
congrove,Congrove Computer Rankings,1694.0,1671,841.0,830.0,21.0,-65.45454545454548,13.289456906729635,0.24939787485242038,0.5032914422501497,-0.03917088297698712,0.4793385061916,3.0,6.0,39,2,Midweek,mae,,,,
linept_elo,Beck Elo,1695.0,1670,799.0,871.0,21.0,-144.63636363636365,13.30411209439528,-0.2531150442477876,0.4784431137724551,-0.08660860097985848,0.4545617515975745,3.0,49.0,40,2,Midweek,mae,,,,
linecfbp_room44_bets,Room44 Bets,1132.0,1097,545.0,552.0,15.0,-56.54545454545456,13.308480565371026,-0.19028268551236743,0.4968094804010939,-0.051545537416093495,0.467284939258365,3.0,25.0,41,2,Midweek,mae,,,,
linept_born,Born Power Index,1695.0,1674,794.0,880.0,21.0,-158.18181818181822,13.314218289085545,-0.1542300884955753,0.4743130227001195,-0.09449332029977194,0.45047886686353106,3.0,58.0,42,2,Midweek,mae,,,,
linept_round,lineround,1049.0,1005,505.0,500.0,10.0,-40.90909090909093,13.332697807435652,0.25738798856053385,0.5024875621890548,-0.04070556309362281,0.4716248143508448,2.0,16.0,43,2,Midweek,mae,,,,
linept_dunk,Dunkel Index,1443.0,1429,705.0,724.0,14.0,-83.09090909090911,13.334109494109493,-0.28952182952182953,0.4933519944016795,-0.05814619250588461,0.46748287656020476,3.0,24.0,44,2,Midweek,mae,,,,
linept_paynep,linepaynep,1695.0,1671,782.0,889.0,21.0,-178.09090909090912,13.388407079646017,0.10452507374631259,0.4679832435667265,-0.10657744409988577,0.44415980381267955,3.0,63.0,45,2,Midweek,mae,,,,
fei,FEI Projections,1695.0,1662,813.0,849.0,21.0,-109.90909090909093,13.407681415929204,-0.27546902654867256,0.4891696750902527,-0.06613062028224484,0.4651897671275703,3.0,29.0,46,2,Midweek,mae,,,,
linept_how,Howell,1693.0,1614,776.0,838.0,21.0,-132.54545454545456,13.468694624926167,-0.34407560543414056,0.48079306071871125,-0.08212233862791485,0.4564925208889272,3.0,45.0,47,2,Midweek,mae,,,,
linept_curry,Daniel Curry Index,1692.0,1670,797.0,873.0,21.0,-148.45454545454547,13.50637706855792,-0.16677895981087454,0.47724550898203594,-0.08889493739793142,0.45336943421880693,3.0,52.0,48,2,Midweek,mae,,,,
linept_dwig,DP Dwiggins,1690.0,1617,785.0,832.0,20.0,-118.36363636363639,13.620118343195266,-0.08402366863905325,0.48546691403834263,-0.07319952774498231,0.46117009075651716,3.0,36.0,49,2,Midweek,mae,,,,
linept_bill,Billingsley,1694.0,1671,820.0,851.0,21.0,-105.54545454545456,13.645891381345926,-0.07684769775678867,0.4907241172950329,-0.06316304880039172,0.466803599924282,3.0,26.0,50,2,Midweek,mae,,,,
linept_rwp,Laffaye RWP,1575.0,1551,766.0,785.0,21.0,-88.63636363636365,13.650495238095237,0.19424126984127002,0.4938749194068343,-0.057147881132407256,0.4690391288926398,3.0,20.0,51,2,Midweek,mae,,,,
linecfbp_beta_rank,Beta_Rank,1134.0,1113,520.0,593.0,15.0,-120.2727272727273,13.659611992945326,0.3809523809523809,0.46720575022461813,-0.10806174957118356,0.43805753201185055,3.0,67.0,52,2,Midweek,mae,,,,
linept_paynewl,linepaynewl,1695.0,1670,807.0,863.0,21.0,-129.36363636363637,13.869073746312685,0.10174631268436574,0.48323353293413174,-0.07746325530756669,0.4593323955755496,3.0,38.0,53,2,Midweek,mae,,,,
linept_kerns,Stephen Kerns,1695.0,1669,822.0,847.0,21.0,-99.72727272727275,13.881988200589971,0.3468613569321533,0.49251048532055125,-0.05975270984258403,0.4685701513566293,3.0,21.0,54,2,Midweek,mae,,,,
linept_pfz,PerformanZ Ratings,1695.0,1673,801.0,872.0,21.0,-143.81818181818184,14.122011799410028,0.06156342182890853,0.47878063359234907,-0.08596424496006087,0.45491913633607706,3.0,46.0,55,2,Midweek,mae,,,,
linept_clean,Cleanup Hitter,1695.0,1637,777.0,860.0,21.0,-153.63636363636365,14.27140412979351,-0.0955811209439528,0.4746487477092242,-0.09385239073693565,0.45054641781677324,3.0,57.0,56,2,Midweek,mae,,,,
linept_loud,Loudsound.org,1627.0,1566,780.0,786.0,20.0,-76.90909090909093,14.519975414874,0.07867240319606637,0.49808429118773945,-0.0491118077324974,0.47335539691919737,3.0,14.0,57,2,Midweek,mae,,,,
linecfbp_oddstrader_ai,OddsTrader AI,111.0,108,46.0,62.0,1.0,-20.181818181818183,14.792792792792794,1.6936936936936937,0.42592592592592593,-0.18686868686868688,0.33679220437956364,1.0,71.0,58,2,Midweek,mae,,,,
linecfbp_blake_atkinson,,,112,,,,,,,,,,,,1,2,Midweek,incremental,0.17463100346208138,0.6730277259213163,0.1452020853474761,11.155357142857143
linecfbp_cbcr2_sam,,,112,,,,,,,,,,,,2,2,Midweek,incremental,0.09043834575128169,0.217522957002243,0.07519762320619974,11.341964285714283
linecfbp_cfb_graphs,,,627,,,,,,,,,,,,3,2,Midweek,incremental,0.020047567461320182,0.0804530048528714,0.01929306020982013,12.457735247208932
piratings,,,1695,,,,,,,,,,,,4,2,Midweek,incremental,0.012207582520829478,0.04028044016579641,0.01203141769127002,12.744495575221238
massey,,,1695,,,,,,,,,,,,5,2,Midweek,incremental,0.011477227392233105,0.03200452090916725,0.011311602150387063,12.907640117994099
linecfbp_cbcr2_power,,,112,,,,,,,,,,,,6,2,Midweek,incremental,0.01264950447632837,0.060416085742765406,0.010517802636196463,11.772321428571429
linept_paynewl,,,1695,,,,,,,,,,,,7,2,Midweek,incremental,0.010317923780517026,0.01895509516245389,0.01016902818377616,13.869073746312685
linept_laz,,,1693,,,,,,,,,,,,8,2,Midweek,incremental,0.008656480174461705,0.024988496732010968,0.00853141610084808,12.951701122268165
linept_rwp,,,1575,,,,,,,,,,,,9,2,Midweek,incremental,0.007684707300252624,0.015683453053774436,0.007565557335008975,13.650495238095237
linept_round,,,1049,,,,,,,,,,,,10,2,Midweek,incremental,0.007526118535594126,0.022302959706756526,0.007352921881958004,13.332697807435652
linecfbp_jp,,,628,,,,,,,,,,,,11,2,Midweek,incremental,0.007131182739198092,0.017987730261940043,0.006863198193139618,12.8671974522293
piratings_mean,,,1695,,,,,,,,,,,,12,2,Midweek,incremental,0.006746015774245448,0.024351787742760322,0.00664866556448462,12.663333333333334
dokter_entropy,,,1694,,,,,,,,,,,,13,2,Midweek,incremental,0.0039428922974730825,0.0140417445247004,0.0038859604565376605,12.60210743801653
linecfbp_room44_bets,,,1132,,,,,,,,,,,,14,2,Midweek,incremental,0.003545051899762938,0.009322899374403977,0.0034692617894963836,13.308480565371026
linecfbp_sp,,,1134,,,,,,,,,,,,15,2,Midweek,incremental,0.001850332990850155,0.007292402958774301,0.0018108420396394569,12.824338624338626
linept_talis,,,1643,,,,,,,,,,,,16,2,Midweek,incremental,0.001768063805787161,0.00436212539455853,0.0017417596943189704,13.151533779671334
piratings_bias,,,1695,,,,,,,,,,,,17,2,Midweek,incremental,0.0013208694659770331,0.0031549300091998516,0.0013018083010045986,12.783492625368732
linept_loud,,,1627,,,,,,,,,,,,18,2,Midweek,incremental,-0.0014394558496275583,-0.0019054134020634159,-0.0014178346773004208,14.519975414874
linept_payne,,,1695,,,,,,,,,,,,19,2,Midweek,incremental,-0.002414268814999081,-0.005142317478264798,-0.0023794290542537137,13.118348082595869
linecfbp_tshoe_index,,,628,,,,,,,,,,,,20,2,Midweek,incremental,-0.003129213046499774,-0.011473534804515798,-0.00301161954645145,12.611624203821657
linept_pig,,,1695,,,,,,,,,,,,21,2,Midweek,incremental,-0.004939329192367133,-0.018515595185763793,-0.004868050863195347,12.81353982300885
linept_argh,,,1695,,,,,,,,,,,,22,2,Midweek,incremental,-0.005169037405323641,-0.012153368086680934,-0.005094444209501162,13.22920353982301
linept_clean,,,1695,,,,,,,,,,,,23,2,Midweek,incremental,-0.007401296703911915,-0.012437360158548957,-0.007294490285021123,14.27140412979351
linept_bill,,,1694,,,,,,,,,,,,24,2,Midweek,incremental,-0.009081842619740424,-0.01786646871123222,-0.008950708928932039,13.645891381345926
sagarin_golden_mean,,,1695,,,,,,,,,,,,25,2,Midweek,incremental,-0.009886646936179267,-0.03001892785616563,-0.009743974996878034,12.911008849557522
espn_fpi,,,1695,,,,,,,,,,,,26,2,Midweek,incremental,-0.010664369718185223,-0.04493558833863475,-0.01051047463940467,12.598454277286134
congrove,,,1694,,,,,,,,,,,,27,2,Midweek,incremental,-0.012231947040571298,-0.028962162083247287,-0.012055328657236148,13.289456906729631
linecfbp_power_rank,,,1132,,,,,,,,,,,,28,2,Midweek,incremental,-0.013330282423090284,-0.062307412889467624,-0.01304529263921776,12.676060070671378
linecfbp_professor_sides,,,1132,,,,,,,,,,,,29,2,Midweek,incremental,-0.013479264466647033,-0.06535546171950712,-0.013191089576934547,12.74779151943463
linecfbp_beta_rank,,,1134,,,,,,,,,,,,30,2,Midweek,incremental,-0.013782683437407038,-0.03226849194116424,-0.013488524882233108,13.659611992945326
fei,,,1695,,,,,,,,,,,,31,2,Midweek,incremental,-0.016184030678718403,-0.03714349018420572,-0.015950482635833024,13.407681415929204
linept_kam,,,1693,,,,,,,,,,,,32,2,Midweek,incremental,-0.016226141377209666,-0.05481763920008958,-0.01599171499387995,12.88492025989368
sagarin,,,1695,,,,,,,,,,,,33,2,Midweek,incremental,-0.01678762053690255,-0.06359405850215218,-0.01654536222690987,12.766289085545724
keeper,,,1687,,,,,,,,,,,,34,2,Midweek,incremental,-0.01754671280974706,-0.041335085694711816,-0.017292325428600184,13.245684647302905
linept_how,,,1693,,,,,,,,,,,,35,2,Midweek,incremental,-0.0186254570601011,-0.041268412117042526,-0.01835636668088161,13.468694624926167
linecfbp_power_rank_free,,,628,,,,,,,,,,,,36,2,Midweek,incremental,-0.019252127031188324,-0.06887297997870515,-0.018528646409277736,12.670063694267515
linept_donchess,,,1695,,,,,,,,,,,,37,2,Midweek,incremental,-0.02084287934545722,-0.07596204659756739,-0.020542100523675284,12.775882005899707
linecfbp_wilson_ratings,,,1134,,,,,,,,,,,,38,2,Midweek,incremental,-0.021792142361112647,-0.06379804141336404,-0.021327040979353312,13.150440917107586
sagarin_predictor,,,1695,,,,,,,,,,,,39,2,Midweek,incremental,-0.02257494952067479,-0.07979246016584952,-0.022249175590591797,12.845085545722712
sagarin_recent,,,1695,,,,,,,,,,,,40,2,Midweek,incremental,-0.023235190972394158,-0.06437649482113186,-0.02289988924902271,13.005923303834809
linept_dunk,,,1443,,,,,,,,,,,,41,2,Midweek,incremental,-0.023925950609465636,-0.061727954537641384,-0.023521903480757313,13.334109494109496
linept_curry,,,1692,,,,,,,,,,,,42,2,Midweek,incremental,-0.02671607423285726,-0.05928103805234155,-0.026329871860625405,13.50637706855792
linept_dwig,,,1690,,,,,,,,,,,,43,2,Midweek,incremental,-0.028547184778097822,-0.060076301615798924,-0.028134034408949835,13.620118343195266
linept_fox,,,1687,,,,,,,,,,,,44,2,Midweek,incremental,-0.02989530440665697,-0.08575479200650014,-0.029461890565611278,13.041564908120927
harville,,,1695,,,,,,,,,,,,45,2,Midweek,incremental,-0.03053896505847519,-0.11386033218902668,-0.03009826424279207,12.780053097345133
linept_pugh,,,1689,,,,,,,,,,,,46,2,Midweek,incremental,-0.031045155639568316,-0.09776340071045381,-0.03059559301242678,12.984635879218475
linept_born,,,1695,,,,,,,,,,,,47,2,Midweek,incremental,-0.03847052759079354,-0.0990098519906126,-0.03791536821140529,13.314218289085545
teamrankings,,,1695,,,,,,,,,,,,48,2,Midweek,incremental,-0.03850832605693484,-0.17240893144721087,-0.037952621216532166,12.644477876106194
linept_kerns,,,1695,,,,,,,,,,,,49,2,Midweek,incremental,-0.04010245100444203,-0.07693441354172291,-0.03952374171174956,13.881988200589971
linecfbp_cfb_geek,,,618,,,,,,,,,,,,50,2,Midweek,incremental,-0.04526699288234237,-0.13810222385223214,-0.043539922460401635,13.179773462783173
linecfbp_dratings,,,1134,,,,,,,,,,,,51,2,Midweek,incremental,-0.047130276453928636,-0.16808816509818908,-0.04612439294150547,13.116137566137567
linept_elo,,,1695,,,,,,,,,,,,52,2,Midweek,incremental,-0.056251825480277975,-0.1470435115239561,-0.055440068260432594,13.30411209439528
linept_paynep,,,1695,,,,,,,,,,,,53,2,Midweek,incremental,-0.05672856387098234,-0.13903305895091034,-0.05590992694852593,13.388407079646017
linept_pfz,,,1695,,,,,,,,,,,,54,2,Midweek,incremental,-0.05699435732204616,-0.1085745534809237,-0.05617188479512632,14.12201179941003
moore_ratings,,,1693,,,,,,,,,,,,55,2,Midweek,incremental,-0.06536065796601329,-0.17847284416932788,-0.06441636305924366,13.283703484937979
linecfbp_sportsline,,,112,,,,,,,,,,,,56,2,Midweek,incremental,-0.08999087904544165,-0.1931278177165834,-0.07482556384947935,12.491071428571429
linecfbp_oddstrader_ai,,,111,,,,,,,,,,,,57,2,Midweek,incremental,-0.1402485903104326,-0.19338649053816237,-0.11645202798548432,14.792792792792794
linecfbp_kford,,,112,,,,,,,,,,,,58,2,Midweek,incremental,-0.18294480970839588,-0.7000440305389173,-0.1521148441371939,12.075892857142858
linecfbp_cfb_graphs,CFB Graphs,627.0,615,326.0,289.0,7.0,7.363636363636356,12.457735247208932,0.007655502392344606,0.5300813008130081,0.011973392461197328,0.49057163908277285,2.0,1.0,1,2,Close (PT Updated/final),wilson,,,,
linecfbp_cbcr2_sam,CBCR2: Sam,112.0,111,64.0,47.0,1.0,11.18181818181818,11.341964285714285,0.21517857142857125,0.5765765765765766,0.10073710073710072,0.4836107848995071,1.0,4.0,2,2,Close (PT Updated/final),wilson,,,,
massey,Massey Ratings,1695.0,1669,847.0,822.0,24.0,-52.00000000000002,12.907640117994102,-0.27794100294985247,0.5074895146794488,-0.031156381066506905,0.48351478335877035,3.0,5.0,3,2,Close (PT Updated/final),wilson,,,,
keeper,Keeper,1687.0,1657,841.0,816.0,24.0,-51.454545454545475,13.245684647302905,-0.015453467694131709,0.5075437537718769,-0.03105283370823505,0.4834824179715624,3.0,6.0,4,2,Close (PT Updated/final),wilson,,,,
linecfbp_power_rank_free,Power Rank: Free,628.0,610,319.0,291.0,7.0,-1.0000000000000075,12.670063694267515,-0.8964968152866244,0.5229508196721312,-0.0016393442622950943,0.48329466071117105,2.0,8.0,5,2,Close (PT Updated/final),wilson,,,,
linept_talis,Talisman Red,1643.0,1620,819.0,801.0,23.0,-56.45454545454548,13.151533779671334,-0.22704199634814348,0.5055555555555555,-0.034848484848484865,0.4812248787466346,3.0,9.0,6,2,Close (PT Updated/final),wilson,,,,
congrove,Congrove Computer Rankings,1694.0,1668,842.0,826.0,24.0,-60.54545454545457,13.289456906729635,0.24939787485242038,0.5047961630695443,-0.03629823413996077,0.4808188635156284,3.0,10.0,7,2,Close (PT Updated/final),wilson,,,,
linecfbp_power_rank,Power Rank,1132.0,1107,564.0,543.0,16.0,-30.272727272727288,12.676060070671378,0.009628975265017749,0.5094850948509485,-0.02734663710273468,0.4800545388805362,3.0,11.0,8,2,Close (PT Updated/final),wilson,,,,
linecfbp_sp,SP+,1134.0,1107,560.0,547.0,16.0,-37.90909090909093,12.824338624338624,0.03721340388007049,0.5058717253839206,-0.034244887903424504,0.476450412736002,3.0,12.0,9,2,Close (PT Updated/final),wilson,,,,
linept_round,lineround,1049.0,1002,508.0,494.0,14.0,-32.181818181818194,13.332697807435652,0.25738798856053385,0.5069860279441117,-0.03211758301578662,0.4760627184141257,2.0,14.0,10,2,Close (PT Updated/final),wilson,,,,
linept_pig,Pigskin Index,1695.0,1575,785.0,790.0,24.0,-76.36363636363639,12.81353982300885,-0.3085840707964602,0.4984126984126984,-0.0484848484848485,0.4737535179605842,3.0,15.0,11,2,Close (PT Updated/final),wilson,,,,
linept_laz,Laz Index,1693.0,1666,828.0,838.0,24.0,-85.2727272727273,12.951701122268164,-0.19701712935617235,0.4969987995198079,-0.051184110007639436,0.4730244066395154,3.0,16.0,12,2,Close (PT Updated/final),wilson,,,,
linept_loud,Loudsound.org,1627.0,1562,775.0,787.0,24.0,-82.45454545454548,14.519975414874,0.07867240319606637,0.49615877080665816,-0.05278780118728904,0.47140358880616595,3.0,17.0,13,2,Close (PT Updated/final),wilson,,,,
linept_bill,Billingsley,1694.0,1669,826.0,843.0,24.0,-92.09090909090911,13.645891381345926,-0.07684769775678867,0.4949071300179748,-0.055177297238411686,0.4709598506125953,3.0,18.0,14,2,Close (PT Updated/final),wilson,,,,
piratings,Pi-Ratings,1695.0,1656,819.0,837.0,24.0,-92.45454545454548,12.744495575221238,-0.2805427728613569,0.4945652173913043,-0.05583003952569172,0.4705253524123418,3.0,19.0,15,2,Close (PT Updated/final),wilson,,,,
linept_dunk,Dunkel Index,1443.0,1423,706.0,717.0,20.0,-75.1818181818182,13.334109494109493,-0.28952182952182953,0.4961349262122277,-0.052833322685747156,0.47020250539344416,3.0,20.0,16,2,Close (PT Updated/final),wilson,,,,
linept_donchess,Donchess Inference,1695.0,1628,802.0,826.0,24.0,-96.90909090909093,12.775882005899705,-0.13714454277286145,0.4926289926289926,-0.059526468617377724,0.46838962707784954,3.0,22.0,17,2,Close (PT Updated/final),wilson,,,,
espn_fpi,ESPN FPI,1695.0,1668,821.0,847.0,24.0,-100.63636363636365,12.598454277286136,-0.2847905604719764,0.4922062350119904,-0.0603335513407456,0.4682596688855118,3.0,23.0,18,2,Close (PT Updated/final),wilson,,,,
linept_rwp,Laffaye RWP,1575.0,1549,762.0,787.0,24.0,-94.2727272727273,13.650495238095237,0.19424126984127002,0.4919302775984506,-0.06086037913023066,0.46708468859692054,3.0,25.0,19,2,Close (PT Updated/final),wilson,,,,
linept_dwig,DP Dwiggins,1690.0,1608,790.0,818.0,23.0,-99.81818181818184,13.620118343195266,-0.08402366863905325,0.49129353233830847,-0.06207598371777478,0.4669085838378222,3.0,26.0,20,2,Close (PT Updated/final),wilson,,,,
sagarin_golden_mean,Sagarin Golden Mean,1695.0,1671,820.0,851.0,24.0,-105.54545454545456,12.91100884955752,-0.3541710914454277,0.4907241172950329,-0.06316304880039172,0.466803599924282,3.0,27.0,21,2,Close (PT Updated/final),wilson,,,,
linept_argh,Argh Ratings,1695.0,1609,789.0,820.0,24.0,-102.72727272727275,13.22920353982301,-0.04218289085545723,0.490366687383468,-0.06384541499519748,0.465992328541924,3.0,28.0,22,2,Close (PT Updated/final),wilson,,,,
linecfbp_professor_sides,Professor Sides,1132.0,1100,545.0,555.0,16.0,-59.54545454545456,12.74779151943463,0.08189045936395759,0.4954545454545455,-0.054132231404958694,0.4659754686157173,3.0,29.0,23,2,Close (PT Updated/final),wilson,,,,
linept_kerns,Stephen Kerns,1695.0,1664,815.0,849.0,24.0,-108.09090909090911,13.881988200589971,0.3468613569321533,0.48978365384615385,-0.06495847902097904,0.46581608003078534,3.0,30.0,24,2,Close (PT Updated/final),wilson,,,,
linept_paynewl,linepaynewl,1695.0,1668,816.0,852.0,24.0,-110.1818181818182,13.869073746312685,0.10174631268436574,0.4892086330935252,-0.06605624591236103,0.4652716195002797,3.0,32.0,25,2,Close (PT Updated/final),wilson,,,,
fei,FEI Projections,1695.0,1663,812.0,851.0,24.0,-112.81818181818184,13.407681415929204,-0.27546902654867256,0.4882742032471437,-0.0678401574372711,0.464304513499834,3.0,33.0,26,2,Close (PT Updated/final),wilson,,,,
piratings_bias,PI-Rate Bias,1695.0,1662,810.0,852.0,24.0,-115.63636363636365,12.783492625368734,-0.3395516224188791,0.48736462093862815,-0.06957663275352807,0.46339090535143823,3.0,35.0,27,2,Close (PT Updated/final),wilson,,,,
teamrankings,TeamRankings.com,1695.0,1652,805.0,847.0,24.0,-115.1818181818182,12.644477876106194,-0.22856047197640117,0.4872881355932203,-0.06972265023112482,0.46324249627918745,3.0,36.0,28,2,Close (PT Updated/final),wilson,,,,
harville,David Harville,1695.0,1669,813.0,856.0,24.0,-116.90909090909093,12.780053097345132,-0.2163362831858406,0.48711803475134813,-0.0700473882019718,0.4631953370758072,3.0,37.0,29,2,Close (PT Updated/final),wilson,,,,
sagarin_recent,Sagarin Recent,1695.0,1669,812.0,857.0,24.0,-118.81818181818184,13.005923303834809,-0.17112684365781713,0.4865188735769922,-0.07119124135301488,0.4625983072583051,3.0,38.0,30,2,Close (PT Updated/final),wilson,,,,
linept_payne,linepayne,1695.0,1669,811.0,858.0,24.0,-120.72727272727275,13.118348082595869,0.13941002949852516,0.4859197124026363,-0.07233509450405796,0.4620013118054898,3.0,39.0,31,2,Close (PT Updated/final),wilson,,,,
piratings_mean,Pi-Ratings Mean,1695.0,1649,801.0,848.0,24.0,-119.81818181818184,12.663333333333332,-0.3217994100294986,0.48574893875075803,-0.07266111693037104,0.46168708814218945,3.0,40.0,32,2,Close (PT Updated/final),wilson,,,,
sagarin_predictor,Sagarin Predictor,1695.0,1668,809.0,859.0,24.0,-123.54545454545456,12.845085545722712,-0.3466902654867257,0.48501199040767384,-0.07406801831262264,0.4610897953682744,3.0,41.0,33,2,Close (PT Updated/final),wilson,,,,
linecfbp_room44_bets,Room44 Bets,1132.0,1096,537.0,559.0,16.0,-70.81818181818183,13.308480565371026,-0.19028268551236743,0.48996350364963503,-0.0646151293961513,0.460454793101791,3.0,42.0,34,2,Close (PT Updated/final),wilson,,,,
linept_how,Howell,1693.0,1616,782.0,834.0,24.0,-123.09090909090911,13.468694624926167,-0.34407560543414056,0.4839108910891089,-0.07617011701170118,0.4596125859328477,3.0,43.0,35,2,Close (PT Updated/final),wilson,,,,
moore_ratings,Moore Power Ratings,1693.0,1669,806.0,863.0,24.0,-130.2727272727273,13.28370348493798,-0.2343827525103367,0.4829239065308568,-0.0780543602592734,0.4590168501359058,3.0,44.0,36,2,Close (PT Updated/final),wilson,,,,
sagarin,Sagarin Ratings,1695.0,1668,803.0,865.0,24.0,-135.00000000000003,12.766289085545724,-0.31892625368731553,0.4814148681055156,-0.08093525179856116,0.4575067172304947,3.0,45.0,37,2,Close (PT Updated/final),wilson,,,,
linept_fox,linefox,1687.0,1613,777.0,836.0,24.0,-129.63636363636365,13.041564908120927,-0.31114404267931245,0.48171109733415995,-0.08036972327114919,0.45739920170430554,3.0,46.0,38,2,Close (PT Updated/final),wilson,,,,
linept_clean,Cleanup Hitter,1695.0,1627,783.0,844.0,24.0,-132.18181818181822,14.27140412979351,-0.0955811209439528,0.4812538414259373,-0.08124266636866516,0.4570482355713066,3.0,47.0,39,2,Close (PT Updated/final),wilson,,,,
linecfbp_blake_atkinson,Blake Atkinson,112.0,111,61.0,50.0,1.0,5.454545454545453,11.155357142857142,0.36071428571428565,0.5495495495495496,0.04914004914004913,0.4568803105775983,1.0,48.0,40,2,Close (PT Updated/final),wilson,,,,
linept_kam,Edward Kambour,1693.0,1667,800.0,867.0,24.0,-139.72727272727275,12.88492025989368,-0.5041523922031894,0.47990401919616077,-0.08381959971642036,0.4559949991011311,3.0,50.0,41,2,Close (PT Updated/final),wilson,,,,
linept_born,Born Power Index,1695.0,1671,801.0,870.0,24.0,-141.81818181818184,13.314218289085545,-0.1542300884955753,0.4793536804308797,-0.08487024645013874,0.4554755076852099,3.0,51.0,42,2,Close (PT Updated/final),wilson,,,,
dokter_entropy,Dokter Entropy,1694.0,1664,797.0,867.0,24.0,-142.45454545454547,12.60210743801653,-0.36633412042502955,0.47896634615384615,-0.0856097027972028,0.4550398821200838,3.0,52.0,43,2,Close (PT Updated/final),wilson,,,,
linept_pfz,PerformanZ Ratings,1695.0,1671,800.0,871.0,24.0,-143.72727272727275,14.122011799410028,0.06156342182890853,0.47875523638539796,-0.08601273053696754,0.4548796351648411,3.0,53.0,44,2,Close (PT Updated/final),wilson,,,,
linept_elo,Beck Elo,1695.0,1669,798.0,871.0,24.0,-145.54545454545456,13.30411209439528,-0.2531150442477876,0.4781306171360096,-0.08720518546761807,0.45424349985515944,3.0,54.0,45,2,Close (PT Updated/final),wilson,,,,
linept_curry,Daniel Curry Index,1692.0,1668,797.0,871.0,24.0,-146.45454545454547,13.50637706855792,-0.16677895981087454,0.47781774580335734,-0.08780248528449969,0.45392487930537406,3.0,55.0,46,2,Close (PT Updated/final),wilson,,,,
linecfbp_wilson_ratings,Wilson Ratings,1134.0,1104,532.0,572.0,16.0,-88.36363636363637,13.150440917107584,-0.15749559082892417,0.48188405797101447,-0.08003952569169961,0.45252332793596606,3.0,56.0,47,2,Close (PT Updated/final),wilson,,,,
linecfbp_cfb_geek,CFB Geek,618.0,602,296.0,306.0,10.0,-36.909090909090914,13.179773462783173,0.277831715210356,0.49169435215946844,-0.061310782241014807,0.45193821876646867,2.0,57.0,48,2,Close (PT Updated/final),wilson,,,,
linept_paynep,linepaynep,1695.0,1671,793.0,878.0,24.0,-157.09090909090912,13.388407079646017,0.10452507374631259,0.47456612806702575,-0.09401011914476907,0.45070948872000355,3.0,58.0,49,2,Close (PT Updated/final),wilson,,,,
linecfbp_tshoe_index,TShoe Index,628.0,608,296.0,312.0,7.0,-42.90909090909092,12.611624203821657,-0.23646496815286633,0.4868421052631579,-0.07057416267942586,0.4473197957407113,2.0,59.0,50,2,Close (PT Updated/final),wilson,,,,
linecfbp_dratings,DRatings,1134.0,1100,524.0,576.0,16.0,-99.63636363636365,13.116137566137567,-0.015608465608465573,0.4763636363636364,-0.09057851239669423,0.44698264407041705,3.0,60.0,51,2,Close (PT Updated/final),wilson,,,,
linept_pugh,Pugh Ratings,1689.0,1665,779.0,886.0,24.0,-177.81818181818184,12.984635879218471,-0.20616341030195384,0.4678678678678679,-0.10679770679770681,0.4440023925382026,3.0,61.0,52,2,Close (PT Updated/final),wilson,,,,
linecfbp_jp,JP+,628.0,615,297.0,318.0,7.0,-48.00000000000001,12.867197452229298,-0.40509554140127396,0.48292682926829267,-0.07804878048780489,0.44366179403434547,2.0,62.0,53,2,Close (PT Updated/final),wilson,,,,
linecfbp_cbcr2_power,CBCR2: Power,112.0,111,59.0,52.0,1.0,1.6363636363636356,11.772321428571429,-0.5508928571428573,0.5315315315315315,0.014742014742014736,0.4392058760374,1.0,65.0,54,2,Close (PT Updated/final),wilson,,,,
linecfbp_beta_rank,Beta_Rank,1134.0,1113,517.0,596.0,16.0,-126.00000000000001,13.659611992945326,0.3809523809523809,0.46451033243486073,-0.11320754716981134,0.4353821676611013,3.0,67.0,55,2,Close (PT Updated/final),wilson,,,,
linecfbp_sportsline,SportsLine,112.0,108,47.0,61.0,1.0,-18.272727272727273,12.491071428571429,0.20535714285714285,0.4351851851851852,-0.1691919191919192,0.34550109835439147,1.0,69.0,56,2,Close (PT Updated/final),wilson,,,,
linecfbp_kford,KFord,112.0,110,47.0,63.0,1.0,-20.272727272727273,12.075892857142858,-0.015178571428571328,0.42727272727272725,-0.18429752066115704,0.3388228926127975,1.0,70.0,57,2,Close (PT Updated/final),wilson,,,,
linecfbp_oddstrader_ai,OddsTrader AI,111.0,109,46.0,63.0,1.0,-21.181818181818183,14.792792792792794,1.6936936936936937,0.42201834862385323,-0.19432860717264389,0.33350964579265363,1.0,71.0,58,2,Close (PT Updated/final),wilson,,,,
linecfbp_blake_atkinson,Blake Atkinson,112.0,111,61.0,50.0,1.0,5.454545454545453,11.155357142857142,0.36071428571428565,0.5495495495495496,0.04914004914004913,0.4568803105775983,1.0,48.0,1,2,Close (PT Updated/final),mae,,,,
linecfbp_cbcr2_sam,CBCR2: Sam,112.0,111,64.0,47.0,1.0,11.18181818181818,11.341964285714285,0.21517857142857125,0.5765765765765766,0.10073710073710072,0.4836107848995071,1.0,4.0,2,2,Close (PT Updated/final),mae,,,,
linecfbp_cbcr2_power,CBCR2: Power,112.0,111,59.0,52.0,1.0,1.6363636363636356,11.772321428571429,-0.5508928571428573,0.5315315315315315,0.014742014742014736,0.4392058760374,1.0,65.0,3,2,Close (PT Updated/final),mae,,,,
linecfbp_kford,KFord,112.0,110,47.0,63.0,1.0,-20.272727272727273,12.075892857142858,-0.015178571428571328,0.42727272727272725,-0.18429752066115704,0.3388228926127975,1.0,70.0,4,2,Close (PT Updated/final),mae,,,,
linecfbp_cfb_graphs,CFB Graphs,627.0,615,326.0,289.0,7.0,7.363636363636356,12.457735247208932,0.007655502392344606,0.5300813008130081,0.011973392461197328,0.49057163908277285,2.0,1.0,5,2,Close (PT Updated/final),mae,,,,
linecfbp_sportsline,SportsLine,112.0,108,47.0,61.0,1.0,-18.272727272727273,12.491071428571429,0.20535714285714285,0.4351851851851852,-0.1691919191919192,0.34550109835439147,1.0,69.0,6,2,Close (PT Updated/final),mae,,,,
espn_fpi,ESPN FPI,1695.0,1668,821.0,847.0,24.0,-100.63636363636365,12.598454277286136,-0.2847905604719764,0.4922062350119904,-0.0603335513407456,0.4682596688855118,3.0,23.0,7,2,Close (PT Updated/final),mae,,,,
dokter_entropy,Dokter Entropy,1694.0,1664,797.0,867.0,24.0,-142.45454545454547,12.60210743801653,-0.36633412042502955,0.47896634615384615,-0.0856097027972028,0.4550398821200838,3.0,52.0,8,2,Close (PT Updated/final),mae,,,,
linecfbp_tshoe_index,TShoe Index,628.0,608,296.0,312.0,7.0,-42.90909090909092,12.611624203821657,-0.23646496815286633,0.4868421052631579,-0.07057416267942586,0.4473197957407113,2.0,59.0,9,2,Close (PT Updated/final),mae,,,,
teamrankings,TeamRankings.com,1695.0,1652,805.0,847.0,24.0,-115.1818181818182,12.644477876106194,-0.22856047197640117,0.4872881355932203,-0.06972265023112482,0.46324249627918745,3.0,36.0,10,2,Close (PT Updated/final),mae,,,,
piratings_mean,Pi-Ratings Mean,1695.0,1649,801.0,848.0,24.0,-119.81818181818184,12.663333333333332,-0.3217994100294986,0.48574893875075803,-0.07266111693037104,0.46168708814218945,3.0,40.0,11,2,Close (PT Updated/final),mae,,,,
linecfbp_power_rank_free,Power Rank: Free,628.0,610,319.0,291.0,7.0,-1.0000000000000075,12.670063694267515,-0.8964968152866244,0.5229508196721312,-0.0016393442622950943,0.48329466071117105,2.0,8.0,12,2,Close (PT Updated/final),mae,,,,
linecfbp_power_rank,Power Rank,1132.0,1107,564.0,543.0,16.0,-30.272727272727288,12.676060070671378,0.009628975265017749,0.5094850948509485,-0.02734663710273468,0.4800545388805362,3.0,11.0,13,2,Close (PT Updated/final),mae,,,,
piratings,Pi-Ratings,1695.0,1656,819.0,837.0,24.0,-92.45454545454548,12.744495575221238,-0.2805427728613569,0.4945652173913043,-0.05583003952569172,0.4705253524123418,3.0,19.0,14,2,Close (PT Updated/final),mae,,,,
linecfbp_professor_sides,Professor Sides,1132.0,1100,545.0,555.0,16.0,-59.54545454545456,12.74779151943463,0.08189045936395759,0.4954545454545455,-0.054132231404958694,0.4659754686157173,3.0,29.0,15,2,Close (PT Updated/final),mae,,,,
sagarin,Sagarin Ratings,1695.0,1668,803.0,865.0,24.0,-135.00000000000003,12.766289085545724,-0.31892625368731553,0.4814148681055156,-0.08093525179856116,0.4575067172304947,3.0,45.0,16,2,Close (PT Updated/final),mae,,,,
linept_donchess,Donchess Inference,1695.0,1628,802.0,826.0,24.0,-96.90909090909093,12.775882005899705,-0.13714454277286145,0.4926289926289926,-0.059526468617377724,0.46838962707784954,3.0,22.0,17,2,Close (PT Updated/final),mae,,,,
harville,David Harville,1695.0,1669,813.0,856.0,24.0,-116.90909090909093,12.780053097345132,-0.2163362831858406,0.48711803475134813,-0.0700473882019718,0.4631953370758072,3.0,37.0,18,2,Close (PT Updated/final),mae,,,,
piratings_bias,PI-Rate Bias,1695.0,1662,810.0,852.0,24.0,-115.63636363636365,12.783492625368734,-0.3395516224188791,0.48736462093862815,-0.06957663275352807,0.46339090535143823,3.0,35.0,19,2,Close (PT Updated/final),mae,,,,
linept_pig,Pigskin Index,1695.0,1575,785.0,790.0,24.0,-76.36363636363639,12.81353982300885,-0.3085840707964602,0.4984126984126984,-0.0484848484848485,0.4737535179605842,3.0,15.0,20,2,Close (PT Updated/final),mae,,,,
linecfbp_sp,SP+,1134.0,1107,560.0,547.0,16.0,-37.90909090909093,12.824338624338624,0.03721340388007049,0.5058717253839206,-0.034244887903424504,0.476450412736002,3.0,12.0,21,2,Close (PT Updated/final),mae,,,,
sagarin_predictor,Sagarin Predictor,1695.0,1668,809.0,859.0,24.0,-123.54545454545456,12.845085545722712,-0.3466902654867257,0.48501199040767384,-0.07406801831262264,0.4610897953682744,3.0,41.0,22,2,Close (PT Updated/final),mae,,,,
linecfbp_jp,JP+,628.0,615,297.0,318.0,7.0,-48.00000000000001,12.867197452229298,-0.40509554140127396,0.48292682926829267,-0.07804878048780489,0.44366179403434547,2.0,62.0,23,2,Close (PT Updated/final),mae,,,,
linept_kam,Edward Kambour,1693.0,1667,800.0,867.0,24.0,-139.72727272727275,12.88492025989368,-0.5041523922031894,0.47990401919616077,-0.08381959971642036,0.4559949991011311,3.0,50.0,24,2,Close (PT Updated/final),mae,,,,
massey,Massey Ratings,1695.0,1669,847.0,822.0,24.0,-52.00000000000002,12.907640117994102,-0.27794100294985247,0.5074895146794488,-0.031156381066506905,0.48351478335877035,3.0,5.0,25,2,Close (PT Updated/final),mae,,,,
sagarin_golden_mean,Sagarin Golden Mean,1695.0,1671,820.0,851.0,24.0,-105.54545454545456,12.91100884955752,-0.3541710914454277,0.4907241172950329,-0.06316304880039172,0.466803599924282,3.0,27.0,26,2,Close (PT Updated/final),mae,,,,
linept_laz,Laz Index,1693.0,1666,828.0,838.0,24.0,-85.2727272727273,12.951701122268164,-0.19701712935617235,0.4969987995198079,-0.051184110007639436,0.4730244066395154,3.0,16.0,27,2,Close (PT Updated/final),mae,,,,
linept_pugh,Pugh Ratings,1689.0,1665,779.0,886.0,24.0,-177.81818181818184,12.984635879218471,-0.20616341030195384,0.4678678678678679,-0.10679770679770681,0.4440023925382026,3.0,61.0,28,2,Close (PT Updated/final),mae,,,,
sagarin_recent,Sagarin Recent,1695.0,1669,812.0,857.0,24.0,-118.81818181818184,13.005923303834809,-0.17112684365781713,0.4865188735769922,-0.07119124135301488,0.4625983072583051,3.0,38.0,29,2,Close (PT Updated/final),mae,,,,
linept_fox,linefox,1687.0,1613,777.0,836.0,24.0,-129.63636363636365,13.041564908120927,-0.31114404267931245,0.48171109733415995,-0.08036972327114919,0.45739920170430554,3.0,46.0,30,2,Close (PT Updated/final),mae,,,,
linecfbp_dratings,DRatings,1134.0,1100,524.0,576.0,16.0,-99.63636363636365,13.116137566137567,-0.015608465608465573,0.4763636363636364,-0.09057851239669423,0.44698264407041705,3.0,60.0,31,2,Close (PT Updated/final),mae,,,,
linept_payne,linepayne,1695.0,1669,811.0,858.0,24.0,-120.72727272727275,13.118348082595869,0.13941002949852516,0.4859197124026363,-0.07233509450405796,0.4620013118054898,3.0,39.0,32,2,Close (PT Updated/final),mae,,,,
linecfbp_wilson_ratings,Wilson Ratings,1134.0,1104,532.0,572.0,16.0,-88.36363636363637,13.150440917107584,-0.15749559082892417,0.48188405797101447,-0.08003952569169961,0.45252332793596606,3.0,56.0,33,2,Close (PT Updated/final),mae,,,,
linept_talis,Talisman Red,1643.0,1620,819.0,801.0,23.0,-56.45454545454548,13.151533779671334,-0.22704199634814348,0.5055555555555555,-0.034848484848484865,0.4812248787466346,3.0,9.0,34,2,Close (PT Updated/final),mae,,,,
linecfbp_cfb_geek,CFB Geek,618.0,602,296.0,306.0,10.0,-36.909090909090914,13.179773462783173,0.277831715210356,0.49169435215946844,-0.061310782241014807,0.45193821876646867,2.0,57.0,35,2,Close (PT Updated/final),mae,,,,
linept_argh,Argh Ratings,1695.0,1609,789.0,820.0,24.0,-102.72727272727275,13.22920353982301,-0.04218289085545723,0.490366687383468,-0.06384541499519748,0.465992328541924,3.0,28.0,36,2,Close (PT Updated/final),mae,,,,
keeper,Keeper,1687.0,1657,841.0,816.0,24.0,-51.454545454545475,13.245684647302905,-0.015453467694131709,0.5075437537718769,-0.03105283370823505,0.4834824179715624,3.0,6.0,37,2,Close (PT Updated/final),mae,,,,
moore_ratings,Moore Power Ratings,1693.0,1669,806.0,863.0,24.0,-130.2727272727273,13.28370348493798,-0.2343827525103367,0.4829239065308568,-0.0780543602592734,0.4590168501359058,3.0,44.0,38,2,Close (PT Updated/final),mae,,,,
congrove,Congrove Computer Rankings,1694.0,1668,842.0,826.0,24.0,-60.54545454545457,13.289456906729635,0.24939787485242038,0.5047961630695443,-0.03629823413996077,0.4808188635156284,3.0,10.0,39,2,Close (PT Updated/final),mae,,,,
linept_elo,Beck Elo,1695.0,1669,798.0,871.0,24.0,-145.54545454545456,13.30411209439528,-0.2531150442477876,0.4781306171360096,-0.08720518546761807,0.45424349985515944,3.0,54.0,40,2,Close (PT Updated/final),mae,,,,
linecfbp_room44_bets,Room44 Bets,1132.0,1096,537.0,559.0,16.0,-70.81818181818183,13.308480565371026,-0.19028268551236743,0.48996350364963503,-0.0646151293961513,0.460454793101791,3.0,42.0,41,2,Close (PT Updated/final),mae,,,,
linept_born,Born Power Index,1695.0,1671,801.0,870.0,24.0,-141.81818181818184,13.314218289085545,-0.1542300884955753,0.4793536804308797,-0.08487024645013874,0.4554755076852099,3.0,51.0,42,2,Close (PT Updated/final),mae,,,,
linept_round,lineround,1049.0,1002,508.0,494.0,14.0,-32.181818181818194,13.332697807435652,0.25738798856053385,0.5069860279441117,-0.03211758301578662,0.4760627184141257,2.0,14.0,43,2,Close (PT Updated/final),mae,,,,
linept_dunk,Dunkel Index,1443.0,1423,706.0,717.0,20.0,-75.1818181818182,13.334109494109493,-0.28952182952182953,0.4961349262122277,-0.052833322685747156,0.47020250539344416,3.0,20.0,44,2,Close (PT Updated/final),mae,,,,
linept_paynep,linepaynep,1695.0,1671,793.0,878.0,24.0,-157.09090909090912,13.388407079646017,0.10452507374631259,0.47456612806702575,-0.09401011914476907,0.45070948872000355,3.0,58.0,45,2,Close (PT Updated/final),mae,,,,
fei,FEI Projections,1695.0,1663,812.0,851.0,24.0,-112.81818181818184,13.407681415929204,-0.27546902654867256,0.4882742032471437,-0.0678401574372711,0.464304513499834,3.0,33.0,46,2,Close (PT Updated/final),mae,,,,
linept_how,Howell,1693.0,1616,782.0,834.0,24.0,-123.09090909090911,13.468694624926167,-0.34407560543414056,0.4839108910891089,-0.07617011701170118,0.4596125859328477,3.0,43.0,47,2,Close (PT Updated/final),mae,,,,
linept_curry,Daniel Curry Index,1692.0,1668,797.0,871.0,24.0,-146.45454545454547,13.50637706855792,-0.16677895981087454,0.47781774580335734,-0.08780248528449969,0.45392487930537406,3.0,55.0,48,2,Close (PT Updated/final),mae,,,,
linept_dwig,DP Dwiggins,1690.0,1608,790.0,818.0,23.0,-99.81818181818184,13.620118343195266,-0.08402366863905325,0.49129353233830847,-0.06207598371777478,0.4669085838378222,3.0,26.0,49,2,Close (PT Updated/final),mae,,,,
linept_bill,Billingsley,1694.0,1669,826.0,843.0,24.0,-92.09090909090911,13.645891381345926,-0.07684769775678867,0.4949071300179748,-0.055177297238411686,0.4709598506125953,3.0,18.0,50,2,Close (PT Updated/final),mae,,,,
linept_rwp,Laffaye RWP,1575.0,1549,762.0,787.0,24.0,-94.2727272727273,13.650495238095237,0.19424126984127002,0.4919302775984506,-0.06086037913023066,0.46708468859692054,3.0,25.0,51,2,Close (PT Updated/final),mae,,,,
linecfbp_beta_rank,Beta_Rank,1134.0,1113,517.0,596.0,16.0,-126.00000000000001,13.659611992945326,0.3809523809523809,0.46451033243486073,-0.11320754716981134,0.4353821676611013,3.0,67.0,52,2,Close (PT Updated/final),mae,,,,
linept_paynewl,linepaynewl,1695.0,1668,816.0,852.0,24.0,-110.1818181818182,13.869073746312685,0.10174631268436574,0.4892086330935252,-0.06605624591236103,0.4652716195002797,3.0,32.0,53,2,Close (PT Updated/final),mae,,,,
linept_kerns,Stephen Kerns,1695.0,1664,815.0,849.0,24.0,-108.09090909090911,13.881988200589971,0.3468613569321533,0.48978365384615385,-0.06495847902097904,0.46581608003078534,3.0,30.0,54,2,Close (PT Updated/final),mae,,,,
linept_pfz,PerformanZ Ratings,1695.0,1671,800.0,871.0,24.0,-143.72727272727275,14.122011799410028,0.06156342182890853,0.47875523638539796,-0.08601273053696754,0.4548796351648411,3.0,53.0,55,2,Close (PT Updated/final),mae,,,,
linept_clean,Cleanup Hitter,1695.0,1627,783.0,844.0,24.0,-132.18181818181822,14.27140412979351,-0.0955811209439528,0.4812538414259373,-0.08124266636866516,0.4570482355713066,3.0,47.0,56,2,Close (PT Updated/final),mae,,,,
linept_loud,Loudsound.org,1627.0,1562,775.0,787.0,24.0,-82.45454545454548,14.519975414874,0.07867240319606637,0.49615877080665816,-0.05278780118728904,0.47140358880616595,3.0,17.0,57,2,Close (PT Updated/final),mae,,,,
linecfbp_oddstrader_ai,OddsTrader AI,111.0,109,46.0,63.0,1.0,-21.181818181818183,14.792792792792794,1.6936936936936937,0.42201834862385323,-0.19432860717264389,0.33350964579265363,1.0,71.0,58,2,Close (PT Updated/final),mae,,,,
linecfbp_blake_atkinson,,,112,,,,,,,,,,,,1,2,Close (PT Updated/final),incremental,0.1593178477600769,0.5945542088660135,0.13246951153698178,11.155357142857143
linecfbp_cbcr2_sam,,,112,,,,,,,,,,,,2,2,Close (PT Updated/final),incremental,0.08202524768235417,0.19318876384872594,0.06820230530947613,11.341964285714283
linecfbp_cfb_graphs,,,627,,,,,,,,,,,,3,2,Close (PT Updated/final),incremental,0.011747924910637754,0.04758498943704194,0.011305781765228402,12.457735247208932
massey,,,1695,,,,,,,,,,,,4,2,Close (PT Updated/final),incremental,0.009894797693375349,0.027317360066153894,0.009752008132362383,12.907640117994099
linept_paynewl,,,1695,,,,,,,,,,,,5,2,Close (PT Updated/final),incremental,0.009841955278871167,0.018224514632822916,0.009699928274648521,13.869073746312685
piratings,,,1695,,,,,,,,,,,,6,2,Close (PT Updated/final),incremental,0.008158288482700206,0.0265599809012425,0.008040558088693079,12.744495575221238
linept_laz,,,1693,,,,,,,,,,,,7,2,Close (PT Updated/final),incremental,0.006837634001722599,0.019645212169022666,0.006738847619162942,12.951701122268165
linept_round,,,1049,,,,,,,,,,,,8,2,Close (PT Updated/final),incremental,0.006735512067150372,0.02144948154633252,0.006580509439296587,13.332697807435652
linept_rwp,,,1575,,,,,,,,,,,,9,2,Close (PT Updated/final),incremental,0.006008688017210339,0.012564265056225054,0.005915524420935565,13.650495238095237
piratings_mean,,,1695,,,,,,,,,,,,10,2,Close (PT Updated/final),incremental,0.0029608047039632614,0.009696037690179252,0.0029180780088831704,12.663333333333334
linept_talis,,,1643,,,,,,,,,,,,11,2,Close (PT Updated/final),incremental,0.00037614229387789917,0.001155393738061906,0.0003705462917462565,13.151533779671334
linept_loud,,,1627,,,,,,,,,,,,12,2,Close (PT Updated/final),incremental,-0.0009869502411954591,-0.0010544423656866377,-0.0009721258745789226,14.519975414874
linecfbp_room44_bets,,,1132,,,,,,,,,,,,13,2,Close (PT Updated/final),incremental,-0.0021108889584631695,-0.005057546039397053,-0.0020657599980287472,13.308480565371026
dokter_entropy,,,1694,,,,,,,,,,,,14,2,Close (PT Updated/final),incremental,-0.0021056508439047552,-0.01120407459280703,-0.0020752471275801805,12.60210743801653
piratings_bias,,,1695,,,,,,,,,,,,15,2,Close (PT Updated/final),incremental,-0.0022307682030002557,-0.009017335419961537,-0.0021985764975911244,12.783492625368732
linecfbp_jp,,,628,,,,,,,,,,,,16,2,Close (PT Updated/final),incremental,-0.002516404471365157,-0.007983822589561939,-0.002421839862011991,12.8671974522293
linecfbp_cbcr2_power,,,112,,,,,,,,,,,,17,2,Close (PT Updated/final),incremental,-0.0030651223376224296,0.014966820542411996,-0.00254858614131795,11.772321428571429
linept_payne,,,1695,,,,,,,,,,,,18,2,Close (PT Updated/final),incremental,-0.00313085965076238,-0.006417680199559731,-0.003085678931663406,13.118348082595869
linecfbp_tshoe_index,,,628,,,,,,,,,,,,19,2,Close (PT Updated/final),incremental,-0.006126075051357115,-0.02132994295310031,-0.00589586170501638,12.611624203821657
linept_argh,,,1695,,,,,,,,,,,,20,2,Close (PT Updated/final),incremental,-0.007424501792361856,-0.017248955280017506,-0.007317360506150304,13.22920353982301
linept_pig,,,1695,,,,,,,,,,,,21,2,Close (PT Updated/final),incremental,-0.0079776334249841,-0.028958232932439525,-0.007862510022770582,12.81353982300885
linecfbp_sp,,,1134,,,,,,,,,,,,22,2,Close (PT Updated/final),incremental,-0.008249793325821979,-0.030241796029683497,-0.008073721133768218,12.824338624338626
linept_clean,,,1695,,,,,,,,,,,,23,2,Close (PT Updated/final),incremental,-0.01028649592321408,-0.017195399375810466,-0.010138053854689447,14.27140412979351
linept_bill,,,1694,,,,,,,,,,,,24,2,Close (PT Updated/final),incremental,-0.010607733072698902,-0.020667106964068087,-0.010454566887467986,13.645891381345926
sagarin_golden_mean,,,1695,,,,,,,,,,,,25,2,Close (PT Updated/final),incremental,-0.012365138333440743,-0.037147928705768135,-0.012186699852007344,12.911008849557522
espn_fpi,,,1695,,,,,,,,,,,,26,2,Close (PT Updated/final),incremental,-0.01442939328629827,-0.05974603545512835,-0.014221166014060718,12.598454277286134
congrove,,,1694,,,,,,,,,,,,27,2,Close (PT Updated/final),incremental,-0.01462655613013286,-0.03413947553181936,-0.014415361731653496,13.289456906729631
fei,,,1695,,,,,,,,,,,,28,2,Close (PT Updated/final),incremental,-0.016898484195910453,-0.03848538317456435,-0.016654626037826626,13.407681415929204
linecfbp_beta_rank,,,1134,,,,,,,,,,,,29,2,Close (PT Updated/final),incremental,-0.01704845701674731,-0.03908054596139744,-0.016684598301805024,13.659611992945326
keeper,,,1687,,,,,,,,,,,,30,2,Close (PT Updated/final),incremental,-0.01715567790911806,-0.039699660060467004,-0.01690695964362758,13.245684647302905
linept_kam,,,1693,,,,,,,,,,,,31,2,Close (PT Updated/final),incremental,-0.018512085843814398,-0.06199979710311473,-0.018244633389693052,12.88492025989368
sagarin,,,1695,,,,,,,,,,,,32,2,Close (PT Updated/final),incremental,-0.019392721618092374,-0.07257068935704435,-0.019112869690594354,12.766289085545724
linept_how,,,1693,,,,,,,,,,,,33,2,Close (PT Updated/final),incremental,-0.019534272640972197,-0.04305537977695982,-0.019252052193131676,13.468694624926167
linecfbp_professor_sides,,,1132,,,,,,,,,,,,34,2,Close (PT Updated/final),incremental,-0.023674814524444508,-0.11321558311411756,-0.023168667688211207,12.74779151943463
linept_donchess,,,1695,,,,,,,,,,,,35,2,Close (PT Updated/final),incremental,-0.023524112069826474,-0.08453597968464555,-0.02318464099221978,12.775882005899707
sagarin_recent,,,1695,,,,,,,,,,,,36,2,Close (PT Updated/final),incremental,-0.025112531771206925,-0.0689383036408854,-0.02475013857241161,13.005923303834809
sagarin_predictor,,,1695,,,,,,,,,,,,37,2,Close (PT Updated/final),incremental,-0.025123113912249834,-0.08800696927919267,-0.024760568004998932,12.845085545722712
linept_dunk,,,1443,,,,,,,,,,,,38,2,Close (PT Updated/final),incremental,-0.027127748289955556,-0.06899485712583647,-0.026669631119031433,13.334109494109496
linept_dwig,,,1690,,,,,,,,,,,,39,2,Close (PT Updated/final),incremental,-0.027750798650247453,-0.057679396821099106,-0.02734917401385607,13.620118343195266
linecfbp_power_rank,,,1132,,,,,,,,,,,,40,2,Close (PT Updated/final),incremental,-0.028078261080610113,-0.133414313777912,-0.027477972406829386,12.676060070671378
linept_curry,,,1692,,,,,,,,,,,,41,2,Close (PT Updated/final),incremental,-0.02818639467092991,-0.0621163647128708,-0.027778937632455727,13.50637706855792
linecfbp_wilson_ratings,,,1134,,,,,,,,,,,,42,2,Close (PT Updated/final),incremental,-0.02842121925619232,-0.0833632469123129,-0.02781463601493521,13.150440917107586
linecfbp_power_rank_free,,,628,,,,,,,,,,,,43,2,Close (PT Updated/final),incremental,-0.02892695820489753,-0.10228069038115438,-0.02783990461969328,12.670063694267515
linept_fox,,,1687,,,,,,,,,,,,44,2,Close (PT Updated/final),incremental,-0.031416881537098,-0.08956516871093383,-0.03096140829235529,13.041564908120927
linept_pugh,,,1689,,,,,,,,,,,,45,2,Close (PT Updated/final),incremental,-0.03170631795047081,-0.0985130009955717,-0.03124718108028449,12.984635879218475
harville,,,1695,,,,,,,,,,,,46,2,Close (PT Updated/final),incremental,-0.03175503340491956,-0.11648621781226473,-0.03129678378523544,12.780053097345133
linept_born,,,1695,,,,,,,,,,,,47,2,Close (PT Updated/final),incremental,-0.039489306652573095,-0.10070203307458904,-0.03891944550569968,13.314218289085545
teamrankings,,,1695,,,,,,,,,,,,48,2,Close (PT Updated/final),incremental,-0.040382618355487204,-0.17739136078369253,-0.03979986603187025,12.644477876106194
linept_kerns,,,1695,,,,,,,,,,,,49,2,Close (PT Updated/final),incremental,-0.04087922648080042,-0.07758498929154461,-0.040289307718979636,13.881988200589971
linecfbp_cfb_geek,,,618,,,,,,,,,,,,50,2,Close (PT Updated/final),incremental,-0.05408969431448223,-0.165313718307648,-0.05202601159040188,13.179773462783173
linecfbp_dratings,,,1134,,,,,,,,,,,,51,2,Close (PT Updated/final),incremental,-0.05619647142123452,-0.19939569927314976,-0.054997091567941345,13.116137566137567
linept_paynep,,,1695,,,,,,,,,,,,52,2,Close (PT Updated/final),incremental,-0.05633605579012515,-0.13623112096317852,-0.055523083061955116,13.388407079646017
linept_elo,,,1695,,,,,,,,,,,,53,2,Close (PT Updated/final),incremental,-0.057072273014329024,-0.1479744674797756,-0.056248676103885446,13.30411209439528
linept_pfz,,,1695,,,,,,,,,,,,54,2,Close (PT Updated/final),incremental,-0.05791828180782125,-0.10958407771360057,-0.05708247633809437,14.12201179941003
moore_ratings,,,1693,,,,,,,,,,,,55,2,Close (PT Updated/final),incremental,-0.06480860574266323,-0.17487253782384515,-0.06387228658336927,13.283703484937979
linecfbp_sportsline,,,112,,,,,,,,,,,,56,2,Close (PT Updated/final),incremental,-0.09194912204348842,-0.1964612208787968,-0.07645380260031046,12.491071428571429
linecfbp_oddstrader_ai,,,111,,,,,,,,,,,,57,2,Close (PT Updated/final),incremental,-0.14726215800946943,-0.20064977257959715,-0.12227557444793723,14.792792792792794
linecfbp_kford,,,112,,,,,,,,,,,,58,2,Close (PT Updated/final),incremental,-0.2069700813616578,-0.8187502123755478,-0.1720913630595668,12.075892857142858
massey,Massey Ratings,2026.0,1975,1024.0,951.0,47.0,-20.09090909090912,12.830192497532083,-0.17143632773938802,0.5184810126582279,-0.010172612197928668,0.4964302570155692,3.0,3.0,1,3,Open,wilson,,,,
linecfbp_professor_sides,Professor Sides,1342.0,1297,673.0,624.0,31.0,-12.1818181818182,12.598360655737705,-0.00923994038748135,0.5188897455666923,-0.009392303918132767,0.49168228513713463,3.0,5.0,2,3,Open,wilson,,,,
congrove,Congrove Computer Rankings,2025.0,1974,1014.0,960.0,47.0,-38.181818181818215,13.269792592592593,0.37347654320987655,0.513677811550152,-0.019342359767891698,0.4916240042874266,3.0,6.0,3,3,Open,wilson,,,,
linept_bihl,Bihl System,989.0,966,504.0,462.0,23.0,-3.818181818181829,13.248938321536906,0.03720930232558129,0.5217391304347826,-0.003952569169960485,0.4902147653737835,3.0,7.0,4,3,Open,wilson,,,,
linecfbp_room44_bets,Room44 Bets,1342.0,1278,659.0,619.0,31.0,-19.909090909090928,13.14307004470939,-0.20253353204172878,0.5156494522691706,-0.015578318395219818,0.48824427606043497,3.0,8.0,5,3,Open,wilson,,,,
linept_how,Howell,2024.0,1911,975.0,936.0,47.0,-49.63636363636366,13.349782608695651,-0.2593675889328063,0.5102040816326531,-0.025974025974025986,0.48779323368507177,3.0,9.0,6,3,Open,wilson,,,,
keeper,Keeper,2018.0,1968,1002.0,966.0,47.0,-55.09090909090912,13.231883052527255,0.016382556987115958,0.5091463414634146,-0.02799334811529935,0.4870632367028752,3.0,10.0,7,3,Open,wilson,,,,
linecfbp_jp,JP+,838.0,818,426.0,392.0,13.0,-4.727272727272738,12.581384248210025,-0.5164677804295942,0.5207823960880196,-0.005779062013780854,0.48653056434448744,2.0,11.0,8,3,Open,wilson,,,,
linept_round,lineround,1375.0,1284,659.0,625.0,36.0,-25.909090909090924,13.354909090909091,0.3861818181818182,0.5132398753894081,-0.02017841971113,0.4859021181560508,3.0,12.0,9,3,Open,wilson,,,,
linept_loud,Loudsound.org,1958.0,1842,937.0,905.0,46.0,-53.18181818181821,14.360061287027579,0.10265577119509704,0.508686210640608,-0.02887177968611195,0.485861798970032,3.0,13.0,10,3,Open,wilson,,,,
linept_dunk,Dunkel Index,1774.0,1734,883.0,851.0,39.0,-48.2727272727273,13.272209695603157,-0.16107102593010147,0.5092272202998847,-0.027838943063856574,0.48570296239997385,3.0,14.0,11,3,Open,wilson,,,,
harville,David Harville,2026.0,1977,1002.0,975.0,47.0,-64.09090909090912,12.710301085883515,-0.07394373149062194,0.5068285280728376,-0.03241826458821908,0.484798555779555,3.0,16.0,12,3,Open,wilson,,,,
linept_elo,Beck Elo,2026.0,1977,1000.0,977.0,47.0,-67.90909090909093,13.244353405725567,-0.08658440276406708,0.5058168942842691,-0.03434956545730447,0.483788321554299,3.0,17.0,13,3,Open,wilson,,,,
linecfbp_sp,SP+,1344.0,1298,663.0,635.0,31.0,-32.27272727272729,12.627901785714286,-0.02358630952380945,0.5107858243451464,-0.024863426250175107,0.48359971873604507,3.0,18.0,14,3,Open,wilson,,,,
linept_donchess,Donchess Inference,2026.0,1928,975.0,953.0,47.0,-66.63636363636365,12.66990128331688,-0.05684106614017773,0.5057053941908713,-0.03456242927197285,0.4833992205974036,3.0,19.0,15,3,Open,wilson,,,,
espn_fpi,ESPN FPI,2026.0,1975,997.0,978.0,47.0,-71.63636363636367,12.593262586377096,-0.16699407699901275,0.5048101265822785,-0.0362715765247411,0.4827719028027873,3.0,20.0,16,3,Open,wilson,,,,
linept_log,Logistic Regression,856.0,835,431.0,404.0,21.0,-12.181818181818196,15.201121495327103,0.6408177570093455,0.5161676646706587,-0.014589003810560714,0.48227530504927585,3.0,21.0,17,3,Open,wilson,,,,
linept_argh,Argh Ratings,2026.0,1876,947.0,929.0,47.0,-68.09090909090912,13.170409674234946,0.026036525172754194,0.5047974413646056,-0.03629579375848034,0.4821861237585468,3.0,22.0,18,3,Open,wilson,,,,
linept_payne,linepayne,2026.0,1976,995.0,981.0,47.0,-76.45454545454548,13.141219151036525,0.23012339585389915,0.5035425101214575,-0.03869157158630844,0.4815118490996699,3.0,23.0,19,3,Open,wilson,,,,
linept_rwp,Laffaye RWP,1906.0,1860,937.0,923.0,44.0,-71.18181818181822,13.618064008394542,0.24410807974816373,0.5037634408602151,-0.038269794721407645,0.4810569659924883,3.0,24.0,20,3,Open,wilson,,,,
linept_paynewl,linepaynewl,2026.0,1975,991.0,984.0,47.0,-83.09090909090912,13.822981243830208,0.16830207305034553,0.5017721518987341,-0.042071346375143856,0.4797389462703657,3.0,25.0,21,3,Open,wilson,,,,
piratings,Pi-Ratings,2026.0,1963,984.0,979.0,47.0,-84.45454545454548,12.665607107601184,-0.11990128331688053,0.5012735608762099,-0.04302320196359933,0.4791741397918044,3.0,26.0,22,3,Open,wilson,,,,
linecfbp_cfb_graphs,CFB Graphs,837.0,813,417.0,396.0,13.0,-16.909090909090917,12.407646356033453,-0.10896057347670253,0.5129151291512916,-0.020798389802079847,0.478577221368471,2.0,27.0,23,3,Open,wilson,,,,
linecfbp_cbcr2_sam,CBCR2: Sam,322.0,317,169.0,148.0,4.0,5.636363636363631,11.9,-0.12360248447204963,0.5331230283911672,0.017780326928591897,0.4781344121729192,1.0,28.0,24,3,Open,wilson,,,,
linept_pig,Pigskin Index,2026.0,1860,931.0,929.0,47.0,-82.63636363636367,12.77737907206318,-0.2186821322803553,0.5005376344086021,-0.04442815249266864,0.47783717947665294,3.0,29.0,25,3,Open,wilson,,,,
dokter_entropy,Dokter Entropy,2025.0,1977,988.0,989.0,47.0,-90.81818181818184,12.566375308641975,-0.26829135802469145,0.49974709155285785,-0.045937370671816816,0.4777288056156266,3.0,30.0,26,3,Open,wilson,,,,
linept_bill,Billingsley,2025.0,1976,987.0,989.0,47.0,-91.72727272727275,13.53657283950617,0.023920987654320946,0.49949392712550605,-0.04642068457857933,0.4774705810544869,3.0,31.0,27,3,Open,wilson,,,,
linept_laz,Laz Index,2024.0,1976,987.0,989.0,47.0,-91.72727272727275,12.952272727272728,-0.07320158102766793,0.49949392712550605,-0.04642068457857933,0.4774705810544869,3.0,32.0,28,3,Open,wilson,,,,
fei,FEI Projections,2026.0,1960,977.0,983.0,47.0,-94.81818181818184,13.24423988153998,-0.17873149062191498,0.498469387755102,-0.048376623376623386,0.4763586085167437,3.0,33.0,29,3,Open,wilson,,,,
piratings_mean,Pi-Ratings Mean,2026.0,1960,977.0,983.0,47.0,-94.81818181818184,12.57509871668312,-0.1626110562685094,0.498469387755102,-0.048376623376623386,0.4763586085167437,3.0,34.0,30,3,Open,wilson,,,,
sagarin_predictor,Sagarin Predictor,2026.0,1977,985.0,992.0,47.0,-96.54545454545458,12.790898321816387,-0.23828232971372162,0.49822964087000504,-0.048834321975444905,0.476214432677552,3.0,35.0,31,3,Open,wilson,,,,
piratings_bias,PI-Rate Bias,2026.0,1963,978.0,985.0,47.0,-95.90909090909093,12.698376110562686,-0.17110069101678194,0.49821701477330615,-0.04885842634187006,0.47612363214086245,3.0,36.0,32,3,Open,wilson,,,,
linecfbp_power_rank_free,Power Rank: Free,838.0,822,419.0,403.0,13.0,-22.090909090909104,12.491766109785203,-0.7836515513126494,0.5097323600973236,-0.02687458526874587,0.47559231267326346,2.0,37.0,33,3,Open,wilson,,,,
linecfbp_cfb_geek,CFB Geek,828.0,798,407.0,391.0,22.0,-21.000000000000007,12.825845410628018,0.06835748792270534,0.5100250626566416,-0.02631578947368422,0.47537617029614926,2.0,38.0,34,3,Open,wilson,,,,
linecfbp_dratings,DRatings,1344.0,1284,645.0,639.0,31.0,-52.636363636363654,12.874925595238096,-0.06004464285714284,0.5023364485981309,-0.04099405267629568,0.475021965168268,3.0,40.0,35,3,Open,wilson,,,,
linept_kerns,Stephen Kerns,2026.0,1967,977.0,990.0,47.0,-101.81818181818184,13.854220138203358,0.5193731490621915,0.49669547534316216,-0.05176318343578131,0.4746278276140269,3.0,41.0,36,3,Open,wilson,,,,
linecfbp_beta_rank,Beta_Rank,1344.0,1307,655.0,652.0,31.0,-56.54545454545457,13.43578869047619,0.3499255952380952,0.5011476664116297,-0.04326354594143425,0.47407719423714295,3.0,42.0,37,3,Open,wilson,,,,
teamrankings,TeamRankings.com,2026.0,1953,969.0,984.0,47.0,-103.09090909090912,12.61495064165844,-0.11278874629812446,0.49615975422427033,-0.052785923753665705,0.4740145509495829,3.0,43.0,38,3,Open,wilson,,,,
linecfbp_wilson_ratings,Wilson Ratings,1344.0,1298,650.0,648.0,31.0,-57.09090909090911,12.923214285714286,-0.18735119047619045,0.5007704160246533,-0.04398375122566187,0.47360759443199024,3.0,44.0,39,3,Open,wilson,,,,
linecfbp_power_rank,Power Rank,1342.0,1299,648.0,651.0,31.0,-61.90909090909093,12.572131147540983,-0.040834575260804654,0.49884526558891457,-0.04765903842116315,0.4716985877320308,3.0,47.0,40,3,Open,wilson,,,,
linept_curry,Daniel Curry Index,2023.0,1975,974.0,1001.0,47.0,-115.54545454545458,13.407928818586257,-0.048561542263964426,0.4931645569620253,-0.05850402761795168,0.4711499775858041,3.0,48.0,41,3,Open,wilson,,,,
linept_talis,Talisman Red,1974.0,1927,949.0,978.0,46.0,-115.2727272727273,13.11340932117528,-0.09263931104356628,0.4924753502854177,-0.059819785818747945,0.470190791258001,3.0,51.0,42,3,Open,wilson,,,,
linept_fox,linefox,2018.0,1868,920.0,948.0,47.0,-111.63636363636367,12.946551040634292,-0.1119425173439049,0.4925053533190578,-0.059762507299980554,0.4698724726090614,3.0,52.0,43,3,Open,wilson,,,,
linept_pugh,Pugh Ratings,2020.0,1973,970.0,1003.0,47.0,-121.1818181818182,13.021841584158418,-0.09330693069306926,0.49163710086163204,-0.061420080173247946,0.4696153844582055,3.0,53.0,44,3,Open,wilson,,,,
sagarin_recent,Sagarin Recent,2026.0,1976,971.0,1005.0,47.0,-122.2727272727273,12.889096742349455,-0.1041707798617966,0.49139676113360325,-0.0618789105631211,0.469392368830745,3.0,54.0,45,3,Open,wilson,,,,
linecfbp_tshoe_index,TShoe Index,838.0,813,409.0,404.0,13.0,-32.181818181818194,12.674940334128879,-0.24534606205250586,0.5030750307503075,-0.03958403220395842,0.4687726577960401,2.0,55.0,46,3,Open,wilson,,,,
moore_ratings,Moore Power Ratings,2024.0,1975,968.0,1007.0,47.0,-127.00000000000003,13.187411067193676,-0.11770750988142305,0.490126582278481,-0.06430379746835445,0.468120132924778,3.0,56.0,47,3,Open,wilson,,,,
linept_dwig,DP Dwiggins,2020.0,1892,928.0,964.0,47.0,-120.36363636363639,13.643069306930693,0.06485148514851485,0.4904862579281184,-0.06361714395541035,0.4680026287228866,3.0,57.0,48,3,Open,wilson,,,,
linept_pfz,PerformanZ Ratings,2026.0,1979,966.0,1013.0,47.0,-134.81818181818184,14.03502467917078,0.1242546890424483,0.4881253158160687,-0.06812439707841426,0.46614684485539193,3.0,59.0,49,3,Open,wilson,,,,
sagarin_golden_mean,Sagarin Golden Mean,2026.0,1976,964.0,1012.0,47.0,-135.63636363636365,12.823756169792695,-0.2697087857847976,0.48785425101214575,-0.06864188443135813,0.4658599643569878,3.0,60.0,50,3,Open,wilson,,,,
linept_clean,Cleanup Hitter,2026.0,1932,939.0,993.0,47.0,-139.3636363636364,14.064422507403751,-0.08615004935834154,0.4860248447204969,-0.07213438735177867,0.463788031397322,3.0,61.0,51,3,Open,wilson,,,,
linept_kam,Edward Kambour,2024.0,1977,956.0,1021.0,47.0,-151.90909090909093,12.794056324110674,-0.2880681818181819,0.48356095093576124,-0.07683818457718307,0.4615859330144186,3.0,62.0,52,3,Open,wilson,,,,
sagarin,Sagarin Ratings,2026.0,1977,952.0,1025.0,47.0,-159.54545454545456,12.688430404738401,-0.22792694965449142,0.4815376833586242,-0.08070078631535385,0.459569694740852,3.0,63.0,53,3,Open,wilson,,,,
linept_born,Born Power Index,2026.0,1979,949.0,1030.0,47.0,-167.2727272727273,13.274457058242843,-0.07347976307996057,0.47953511874684185,-0.08452386421057469,0.45758550074928,3.0,64.0,54,3,Open,wilson,,,,
linept_paynep,linepaynep,2026.0,1977,944.0,1033.0,47.0,-174.81818181818184,13.49207305034551,0.2573050345508391,0.47749114820435,-0.08842598979169541,0.4555383001142765,3.0,65.0,55,3,Open,wilson,,,,
linecfbp_blake_atkinson,Blake Atkinson,322.0,312,159.0,153.0,4.0,-8.454545454545459,11.438198757763974,-0.20590062111801277,0.5096153846153846,-0.02709790209790211,0.45436638105889127,1.0,66.0,56,3,Open,wilson,,,,
linecfbp_sportsline,SportsLine,322.0,307,153.0,154.0,4.0,-14.909090909090914,12.0,-0.055900621118012424,0.498371335504886,-0.04856381403612675,0.44280790402324727,1.0,67.0,57,3,Open,wilson,,,,
linecfbp_cbcr2_power,CBCR2: Power,322.0,317,149.0,168.0,4.0,-32.54545454545455,12.272981366459627,-0.16614906832298132,0.47003154574132494,-0.10266704903928879,0.4157767689585765,1.0,69.0,58,3,Open,wilson,,,,
linecfbp_oddstrader_ai,OddsTrader AI,321.0,311,142.0,169.0,4.0,-39.909090909090914,13.813084112149532,-0.12461059190031153,0.4565916398713826,-0.12832505115463316,0.4020976269864013,1.0,70.0,59,3,Open,wilson,,,,
linecfbp_kford,KFord,322.0,315,143.0,172.0,4.0,-42.00000000000001,11.983850931677019,-0.3801242236024846,0.45396825396825397,-0.13333333333333336,0.3998710176746727,1.0,71.0,60,3,Open,wilson,,,,
linecfbp_blake_atkinson,Blake Atkinson,322.0,312,159.0,153.0,4.0,-8.454545454545459,11.438198757763974,-0.20590062111801277,0.5096153846153846,-0.02709790209790211,0.45436638105889127,1.0,66.0,1,3,Open,mae,,,,
linecfbp_cbcr2_sam,CBCR2: Sam,322.0,317,169.0,148.0,4.0,5.636363636363631,11.9,-0.12360248447204963,0.5331230283911672,0.017780326928591897,0.4781344121729192,1.0,28.0,2,3,Open,mae,,,,
linecfbp_kford,KFord,322.0,315,143.0,172.0,4.0,-42.00000000000001,11.983850931677019,-0.3801242236024846,0.45396825396825397,-0.13333333333333336,0.3998710176746727,1.0,71.0,3,3,Open,mae,,,,
linecfbp_sportsline,SportsLine,322.0,307,153.0,154.0,4.0,-14.909090909090914,12.0,-0.055900621118012424,0.498371335504886,-0.04856381403612675,0.44280790402324727,1.0,67.0,4,3,Open,mae,,,,
linecfbp_cbcr2_power,CBCR2: Power,322.0,317,149.0,168.0,4.0,-32.54545454545455,12.272981366459627,-0.16614906832298132,0.47003154574132494,-0.10266704903928879,0.4157767689585765,1.0,69.0,5,3,Open,mae,,,,
linecfbp_cfb_graphs,CFB Graphs,837.0,813,417.0,396.0,13.0,-16.909090909090917,12.407646356033453,-0.10896057347670253,0.5129151291512916,-0.020798389802079847,0.478577221368471,2.0,27.0,6,3,Open,mae,,,,
linecfbp_power_rank_free,Power Rank: Free,838.0,822,419.0,403.0,13.0,-22.090909090909104,12.491766109785203,-0.7836515513126494,0.5097323600973236,-0.02687458526874587,0.47559231267326346,2.0,37.0,7,3,Open,mae,,,,
dokter_entropy,Dokter Entropy,2025.0,1977,988.0,989.0,47.0,-90.81818181818184,12.566375308641975,-0.26829135802469145,0.49974709155285785,-0.045937370671816816,0.4777288056156266,3.0,30.0,8,3,Open,mae,,,,
linecfbp_power_rank,Power Rank,1342.0,1299,648.0,651.0,31.0,-61.90909090909093,12.572131147540983,-0.040834575260804654,0.49884526558891457,-0.04765903842116315,0.4716985877320308,3.0,47.0,9,3,Open,mae,,,,
piratings_mean,Pi-Ratings Mean,2026.0,1960,977.0,983.0,47.0,-94.81818181818184,12.57509871668312,-0.1626110562685094,0.498469387755102,-0.048376623376623386,0.4763586085167437,3.0,34.0,10,3,Open,mae,,,,
linecfbp_jp,JP+,838.0,818,426.0,392.0,13.0,-4.727272727272738,12.581384248210025,-0.5164677804295942,0.5207823960880196,-0.005779062013780854,0.48653056434448744,2.0,11.0,11,3,Open,mae,,,,
espn_fpi,ESPN FPI,2026.0,1975,997.0,978.0,47.0,-71.63636363636367,12.593262586377096,-0.16699407699901275,0.5048101265822785,-0.0362715765247411,0.4827719028027873,3.0,20.0,12,3,Open,mae,,,,
linecfbp_professor_sides,Professor Sides,1342.0,1297,673.0,624.0,31.0,-12.1818181818182,12.598360655737705,-0.00923994038748135,0.5188897455666923,-0.009392303918132767,0.49168228513713463,3.0,5.0,13,3,Open,mae,,,,
teamrankings,TeamRankings.com,2026.0,1953,969.0,984.0,47.0,-103.09090909090912,12.61495064165844,-0.11278874629812446,0.49615975422427033,-0.052785923753665705,0.4740145509495829,3.0,43.0,14,3,Open,mae,,,,
linecfbp_sp,SP+,1344.0,1298,663.0,635.0,31.0,-32.27272727272729,12.627901785714286,-0.02358630952380945,0.5107858243451464,-0.024863426250175107,0.48359971873604507,3.0,18.0,15,3,Open,mae,,,,
piratings,Pi-Ratings,2026.0,1963,984.0,979.0,47.0,-84.45454545454548,12.665607107601184,-0.11990128331688053,0.5012735608762099,-0.04302320196359933,0.4791741397918044,3.0,26.0,16,3,Open,mae,,,,
linept_donchess,Donchess Inference,2026.0,1928,975.0,953.0,47.0,-66.63636363636365,12.66990128331688,-0.05684106614017773,0.5057053941908713,-0.03456242927197285,0.4833992205974036,3.0,19.0,17,3,Open,mae,,,,
linecfbp_tshoe_index,TShoe Index,838.0,813,409.0,404.0,13.0,-32.181818181818194,12.674940334128879,-0.24534606205250586,0.5030750307503075,-0.03958403220395842,0.4687726577960401,2.0,55.0,18,3,Open,mae,,,,
sagarin,Sagarin Ratings,2026.0,1977,952.0,1025.0,47.0,-159.54545454545456,12.688430404738401,-0.22792694965449142,0.4815376833586242,-0.08070078631535385,0.459569694740852,3.0,63.0,19,3,Open,mae,,,,
piratings_bias,PI-Rate Bias,2026.0,1963,978.0,985.0,47.0,-95.90909090909093,12.698376110562686,-0.17110069101678194,0.49821701477330615,-0.04885842634187006,0.47612363214086245,3.0,36.0,20,3,Open,mae,,,,
harville,David Harville,2026.0,1977,1002.0,975.0,47.0,-64.09090909090912,12.710301085883515,-0.07394373149062194,0.5068285280728376,-0.03241826458821908,0.484798555779555,3.0,16.0,21,3,Open,mae,,,,
linept_pig,Pigskin Index,2026.0,1860,931.0,929.0,47.0,-82.63636363636367,12.77737907206318,-0.2186821322803553,0.5005376344086021,-0.04442815249266864,0.47783717947665294,3.0,29.0,22,3,Open,mae,,,,
sagarin_predictor,Sagarin Predictor,2026.0,1977,985.0,992.0,47.0,-96.54545454545458,12.790898321816387,-0.23828232971372162,0.49822964087000504,-0.048834321975444905,0.476214432677552,3.0,35.0,23,3,Open,mae,,,,
linept_kam,Edward Kambour,2024.0,1977,956.0,1021.0,47.0,-151.90909090909093,12.794056324110674,-0.2880681818181819,0.48356095093576124,-0.07683818457718307,0.4615859330144186,3.0,62.0,24,3,Open,mae,,,,
sagarin_golden_mean,Sagarin Golden Mean,2026.0,1976,964.0,1012.0,47.0,-135.63636363636365,12.823756169792695,-0.2697087857847976,0.48785425101214575,-0.06864188443135813,0.4658599643569878,3.0,60.0,25,3,Open,mae,,,,
linecfbp_cfb_geek,CFB Geek,828.0,798,407.0,391.0,22.0,-21.000000000000007,12.825845410628018,0.06835748792270534,0.5100250626566416,-0.02631578947368422,0.47537617029614926,2.0,38.0,26,3,Open,mae,,,,
massey,Massey Ratings,2026.0,1975,1024.0,951.0,47.0,-20.09090909090912,12.830192497532083,-0.17143632773938802,0.5184810126582279,-0.010172612197928668,0.4964302570155692,3.0,3.0,27,3,Open,mae,,,,
linecfbp_dratings,DRatings,1344.0,1284,645.0,639.0,31.0,-52.636363636363654,12.874925595238096,-0.06004464285714284,0.5023364485981309,-0.04099405267629568,0.475021965168268,3.0,40.0,28,3,Open,mae,,,,
sagarin_recent,Sagarin Recent,2026.0,1976,971.0,1005.0,47.0,-122.2727272727273,12.889096742349455,-0.1041707798617966,0.49139676113360325,-0.0618789105631211,0.469392368830745,3.0,54.0,29,3,Open,mae,,,,
linecfbp_wilson_ratings,Wilson Ratings,1344.0,1298,650.0,648.0,31.0,-57.09090909090911,12.923214285714286,-0.18735119047619045,0.5007704160246533,-0.04398375122566187,0.47360759443199024,3.0,44.0,30,3,Open,mae,,,,
linept_fox,linefox,2018.0,1868,920.0,948.0,47.0,-111.63636363636367,12.946551040634292,-0.1119425173439049,0.4925053533190578,-0.059762507299980554,0.4698724726090614,3.0,52.0,31,3,Open,mae,,,,
linept_laz,Laz Index,2024.0,1976,987.0,989.0,47.0,-91.72727272727275,12.952272727272728,-0.07320158102766793,0.49949392712550605,-0.04642068457857933,0.4774705810544869,3.0,32.0,32,3,Open,mae,,,,
linept_pugh,Pugh Ratings,2020.0,1973,970.0,1003.0,47.0,-121.1818181818182,13.021841584158418,-0.09330693069306926,0.49163710086163204,-0.061420080173247946,0.4696153844582055,3.0,53.0,33,3,Open,mae,,,,
linept_talis,Talisman Red,1974.0,1927,949.0,978.0,46.0,-115.2727272727273,13.11340932117528,-0.09263931104356628,0.4924753502854177,-0.059819785818747945,0.470190791258001,3.0,51.0,34,3,Open,mae,,,,
linept_payne,linepayne,2026.0,1976,995.0,981.0,47.0,-76.45454545454548,13.141219151036525,0.23012339585389915,0.5035425101214575,-0.03869157158630844,0.4815118490996699,3.0,23.0,35,3,Open,mae,,,,
linecfbp_room44_bets,Room44 Bets,1342.0,1278,659.0,619.0,31.0,-19.909090909090928,13.14307004470939,-0.20253353204172878,0.5156494522691706,-0.015578318395219818,0.48824427606043497,3.0,8.0,36,3,Open,mae,,,,
linept_argh,Argh Ratings,2026.0,1876,947.0,929.0,47.0,-68.09090909090912,13.170409674234946,0.026036525172754194,0.5047974413646056,-0.03629579375848034,0.4821861237585468,3.0,22.0,37,3,Open,mae,,,,
moore_ratings,Moore Power Ratings,2024.0,1975,968.0,1007.0,47.0,-127.00000000000003,13.187411067193676,-0.11770750988142305,0.490126582278481,-0.06430379746835445,0.468120132924778,3.0,56.0,38,3,Open,mae,,,,
keeper,Keeper,2018.0,1968,1002.0,966.0,47.0,-55.09090909090912,13.231883052527255,0.016382556987115958,0.5091463414634146,-0.02799334811529935,0.4870632367028752,3.0,10.0,39,3,Open,mae,,,,
fei,FEI Projections,2026.0,1960,977.0,983.0,47.0,-94.81818181818184,13.24423988153998,-0.17873149062191498,0.498469387755102,-0.048376623376623386,0.4763586085167437,3.0,33.0,40,3,Open,mae,,,,
linept_elo,Beck Elo,2026.0,1977,1000.0,977.0,47.0,-67.90909090909093,13.244353405725567,-0.08658440276406708,0.5058168942842691,-0.03434956545730447,0.483788321554299,3.0,17.0,41,3,Open,mae,,,,
linept_bihl,Bihl System,989.0,966,504.0,462.0,23.0,-3.818181818181829,13.248938321536906,0.03720930232558129,0.5217391304347826,-0.003952569169960485,0.4902147653737835,3.0,7.0,42,3,Open,mae,,,,
congrove,Congrove Computer Rankings,2025.0,1974,1014.0,960.0,47.0,-38.181818181818215,13.269792592592593,0.37347654320987655,0.513677811550152,-0.019342359767891698,0.4916240042874266,3.0,6.0,43,3,Open,mae,,,,
linept_dunk,Dunkel Index,1774.0,1734,883.0,851.0,39.0,-48.2727272727273,13.272209695603157,-0.16107102593010147,0.5092272202998847,-0.027838943063856574,0.48570296239997385,3.0,14.0,44,3,Open,mae,,,,
linept_born,Born Power Index,2026.0,1979,949.0,1030.0,47.0,-167.2727272727273,13.274457058242843,-0.07347976307996057,0.47953511874684185,-0.08452386421057469,0.45758550074928,3.0,64.0,45,3,Open,mae,,,,
linept_how,Howell,2024.0,1911,975.0,936.0,47.0,-49.63636363636366,13.349782608695651,-0.2593675889328063,0.5102040816326531,-0.025974025974025986,0.48779323368507177,3.0,9.0,46,3,Open,mae,,,,
linept_round,lineround,1375.0,1284,659.0,625.0,36.0,-25.909090909090924,13.354909090909091,0.3861818181818182,0.5132398753894081,-0.02017841971113,0.4859021181560508,3.0,12.0,47,3,Open,mae,,,,
linept_curry,Daniel Curry Index,2023.0,1975,974.0,1001.0,47.0,-115.54545454545458,13.407928818586257,-0.048561542263964426,0.4931645569620253,-0.05850402761795168,0.4711499775858041,3.0,48.0,48,3,Open,mae,,,,
linecfbp_beta_rank,Beta_Rank,1344.0,1307,655.0,652.0,31.0,-56.54545454545457,13.43578869047619,0.3499255952380952,0.5011476664116297,-0.04326354594143425,0.47407719423714295,3.0,42.0,49,3,Open,mae,,,,
linept_paynep,linepaynep,2026.0,1977,944.0,1033.0,47.0,-174.81818181818184,13.49207305034551,0.2573050345508391,0.47749114820435,-0.08842598979169541,0.4555383001142765,3.0,65.0,50,3,Open,mae,,,,
linept_bill,Billingsley,2025.0,1976,987.0,989.0,47.0,-91.72727272727275,13.53657283950617,0.023920987654320946,0.49949392712550605,-0.04642068457857933,0.4774705810544869,3.0,31.0,51,3,Open,mae,,,,
linept_rwp,Laffaye RWP,1906.0,1860,937.0,923.0,44.0,-71.18181818181822,13.618064008394542,0.24410807974816373,0.5037634408602151,-0.038269794721407645,0.4810569659924883,3.0,24.0,52,3,Open,mae,,,,
linept_dwig,DP Dwiggins,2020.0,1892,928.0,964.0,47.0,-120.36363636363639,13.643069306930693,0.06485148514851485,0.4904862579281184,-0.06361714395541035,0.4680026287228866,3.0,57.0,53,3,Open,mae,,,,
linecfbp_oddstrader_ai,OddsTrader AI,321.0,311,142.0,169.0,4.0,-39.909090909090914,13.813084112149532,-0.12461059190031153,0.4565916398713826,-0.12832505115463316,0.4020976269864013,1.0,70.0,54,3,Open,mae,,,,
linept_paynewl,linepaynewl,2026.0,1975,991.0,984.0,47.0,-83.09090909090912,13.822981243830208,0.16830207305034553,0.5017721518987341,-0.042071346375143856,0.4797389462703657,3.0,25.0,55,3,Open,mae,,,,
linept_kerns,Stephen Kerns,2026.0,1967,977.0,990.0,47.0,-101.81818181818184,13.854220138203358,0.5193731490621915,0.49669547534316216,-0.05176318343578131,0.4746278276140269,3.0,41.0,56,3,Open,mae,,,,
linept_pfz,PerformanZ Ratings,2026.0,1979,966.0,1013.0,47.0,-134.81818181818184,14.03502467917078,0.1242546890424483,0.4881253158160687,-0.06812439707841426,0.46614684485539193,3.0,59.0,57,3,Open,mae,,,,
linept_clean,Cleanup Hitter,2026.0,1932,939.0,993.0,47.0,-139.3636363636364,14.064422507403751,-0.08615004935834154,0.4860248447204969,-0.07213438735177867,0.463788031397322,3.0,61.0,58,3,Open,mae,,,,
linept_loud,Loudsound.org,1958.0,1842,937.0,905.0,46.0,-53.18181818181821,14.360061287027579,0.10265577119509704,0.508686210640608,-0.02887177968611195,0.485861798970032,3.0,13.0,59,3,Open,mae,,,,
linept_log,Logistic Regression,856.0,835,431.0,404.0,21.0,-12.181818181818196,15.201121495327103,0.6408177570093455,0.5161676646706587,-0.014589003810560714,0.48227530504927585,3.0,21.0,60,3,Open,mae,,,,
linecfbp_blake_atkinson,,,322,,,,,,,,,,,,1,3,Open,incremental,0.12032242238552336,0.5337813300130309,0.11194457004710895,11.438198757763974
linecfbp_cbcr2_sam,,,322,,,,,,,,,,,,2,3,Open,incremental,0.09357936048885593,0.2332307686405255,0.0870635835575463,11.899999999999999
linecfbp_sp,,,1344,,,,,,,,,,,,3,3,Open,incremental,0.05689133268235259,0.1981470272417729,0.05586172657280645,12.627901785714286
linecfbp_professor_sides,,,1342,,,,,,,,,,,,4,3,Open,incremental,0.054410281480428646,0.22176031962860618,0.05342414899565106,12.598360655737705
piratings,,,2026,,,,,,,,,,,,5,3,Open,incremental,0.04737466500479139,0.1584684386871561,0.046800683733172165,12.665607107601183
piratings_mean,,,2026,,,,,,,,,,,,6,3,Open,incremental,0.04665493159388064,0.17763194692908252,0.04608967045776801,12.57509871668312
linecfbp_cfb_graphs,,,837,,,,,,,,,,,,7,3,Open,incremental,0.046219241611808994,0.17348725508516225,0.04489766282849294,12.407646356033453
piratings_bias,,,2026,,,,,,,,,,,,8,3,Open,incremental,0.04543956940747296,0.14910299798434573,0.04488903333871777,12.698376110562686
linecfbp_sportsline,,,322,,,,,,,,,,,,9,3,Open,incremental,0.04575052125755943,0.13053809836475627,0.042564987722727286,12.0
keeper,,,2018,,,,,,,,,,,,10,3,Open,incremental,0.0410698753196436,0.09001071254766217,0.04057034474856503,13.231883052527255
linecfbp_room44_bets,,,1342,,,,,,,,,,,,11,3,Open,incremental,0.04092861384750485,0.09942136886294196,0.04018682324150587,13.14307004470939
dokter_entropy,,,2025,,,,,,,,,,,,12,3,Open,incremental,0.039846884105267495,0.16728132852815725,0.03936387372038677,12.566375308641975
linecfbp_jp,,,838,,,,,,,,,,,,13,3,Open,incremental,0.038513157569552356,0.10398572928580073,0.03741318254222585,12.581384248210025
linept_pig,,,2026,,,,,,,,,,,,14,3,Open,incremental,0.035093680256008945,0.11632240833252593,0.034668492759335236,12.777379072063177
linecfbp_cfb_geek,,,828,,,,,,,,,,,,15,3,Open,incremental,0.0317136711375874,0.09568485084522584,0.03079742659750268,12.825845410628018
espn_fpi,,,2026,,,,,,,,,,,,16,3,Open,incremental,0.024149804194771373,0.09489911407464882,0.023857210351212407,12.593262586377096
linecfbp_beta_rank,,,1344,,,,,,,,,,,,17,3,Open,incremental,0.024084243871692928,0.054749389199678526,0.02364837282658053,13.43578869047619
massey,,,2026,,,,,,,,,,,,18,3,Open,incremental,0.023774944234639918,0.07239092251176162,0.02348689211388941,12.830192497532083
linecfbp_power_rank,,,1342,,,,,,,,,,,,19,3,Open,incremental,0.021209834648568304,0.09922676573885782,0.02082542739364098,12.572131147540986
linept_kam,,,2024,,,,,,,,,,,,20,3,Open,incremental,0.021048808083650873,0.06799542095705487,0.020793537810118418,12.794056324110674
linept_dunk,,,1774,,,,,,,,,,,,21,3,Open,incremental,0.01921204920082793,0.04545341467370354,0.0189468964209984,13.272209695603157
linecfbp_cbcr2_power,,,322,,,,,,,,,,,,22,3,Open,incremental,0.020021844267593573,0.05103356233980922,0.01862775618749181,12.272981366459627
sagarin_recent,,,2026,,,,,,,,,,,,23,3,Open,incremental,0.016415643445549362,0.04663527475210067,0.016216755033391272,12.889096742349455
linept_round,,,1375,,,,,,,,,,,,24,3,Open,incremental,0.016060456875696884,0.03658174727650375,0.015776178538057833,13.354909090909091
linept_laz,,,2024,,,,,,,,,,,,25,3,Open,incremental,0.015077280408829432,0.045274298928015655,0.014894430079309974,12.952272727272726
congrove,,,2025,,,,,,,,,,,,26,3,Open,incremental,0.014525777315591237,0.036086781817586996,0.014349700780388127,13.269792592592593
teamrankings,,,2026,,,,,,,,,,,,27,3,Open,incremental,0.0144884462220265,0.059516142881105294,0.014312907317731039,12.61495064165844
sagarin,,,2026,,,,,,,,,,,,28,3,Open,incremental,0.012707224230846184,0.04878098270305474,0.012553266229833741,12.688430404738401
linept_bihl,,,989,,,,,,,,,,,,29,3,Open,incremental,0.012766452451271414,0.04307044376100486,0.01245548388180914,13.248938321536906
linept_pugh,,,2020,,,,,,,,,,,,30,3,Open,incremental,0.011215783536816112,0.032207343880661515,0.011079499210336533,13.021841584158418
linept_talis,,,1974,,,,,,,,,,,,31,3,Open,incremental,0.006579291495648496,0.01738262795191207,0.006497517357223626,13.11340932117528
linecfbp_wilson_ratings,,,1344,,,,,,,,,,,,32,3,Open,incremental,0.0056686500322499726,0.01781764184315563,0.005566060122137111,12.923214285714288
sagarin_predictor,,,2026,,,,,,,,,,,,33,3,Open,incremental,0.004582831904139503,0.015852956044537885,0.004527307296552533,12.790898321816387
linept_donchess,,,2026,,,,,,,,,,,,34,3,Open,incremental,0.003010310427392882,0.012037303740328707,0.002973838152456292,12.66990128331688
linept_loud,,,1958,,,,,,,,,,,,35,3,Open,incremental,0.0028788364326349757,0.004778550952974901,0.002842768403118376,14.360061287027579
linept_born,,,2026,,,,,,,,,,,,36,3,Open,incremental,0.001976045354596602,0.005014807383314329,0.0019521040132637628,13.274457058242843
linept_dwig,,,2020,,,,,,,,,,,,37,3,Open,incremental,0.0018693069101848024,0.004209233517557081,0.0018465927384640382,13.643069306930693
linecfbp_tshoe_index,,,838,,,,,,,,,,,,38,3,Open,incremental,0.0014683819895519997,0.0042334815502857075,0.0014264435035640283,12.674940334128879
sagarin_golden_mean,,,2026,,,,,,,,,,,,39,3,Open,incremental,0.0007522158598709927,0.0016725897988888983,0.0007431021739855677,12.823756169792695
harville,,,2026,,,,,,,,,,,,40,3,Open,incremental,0.0006593704842023256,0.002647114024933486,0.0006513816929580527,12.710301085883515
linept_paynewl,,,2026,,,,,,,,,,,,41,3,Open,incremental,-0.0003360701213946693,-0.0002518961277044731,-0.0003319983679456089,13.822981243830208
linept_payne,,,2026,,,,,,,,,,,,42,3,Open,incremental,-0.0007960324052272883,-0.001161579207701582,-0.0007863878474841092,13.141219151036525
linept_fox,,,2018,,,,,,,,,,,,43,3,Open,incremental,-0.0009604973044169339,-0.0028611423936205946,-0.0009488148300178617,12.946551040634292
linept_curry,,,2023,,,,,,,,,,,,44,3,Open,incremental,-0.0010870875621362625,-0.002373638309064246,-0.0010738974648708136,13.407928818586258
linept_argh,,,2026,,,,,,,,,,,,45,3,Open,incremental,-0.003843913377687951,-0.009329625637448937,-0.0037973413483491395,13.170409674234946
fei,,,2026,,,,,,,,,,,,46,3,Open,incremental,-0.004751444088534583,-0.011861053272595535,-0.004693876611916248,13.24423988153998
linept_clean,,,2026,,,,,,,,,,,,47,3,Open,incremental,-0.0059829688257083515,-0.010594807355733095,-0.005910480459736983,14.064422507403751
linept_rwp,,,1906,,,,,,,,,,,,48,3,Open,incremental,-0.006168463380317678,-0.012653779421400042,-0.006089112721421659,13.618064008394542
linecfbp_power_rank_free,,,838,,,,,,,,,,,,49,3,Open,incremental,-0.007123658549620987,-0.03346852874643264,-0.006920199602022806,12.491766109785203
linept_how,,,2024,,,,,,,,,,,,50,3,Open,incremental,-0.013869458294028704,-0.0326081900222266,-0.013701255876181888,13.349782608695651
linept_kerns,,,2026,,,,,,,,,,,,51,3,Open,incremental,-0.01577917189940473,-0.02973788834199945,-0.015587994839872957,13.854220138203358
linecfbp_dratings,,,1344,,,,,,,,,,,,52,3,Open,incremental,-0.01756844102463294,-0.06757784991159468,-0.01725049146428147,12.874925595238096
linept_bill,,,2025,,,,,,,,,,,,53,3,Open,incremental,-0.019243903050044222,-0.04082791963032386,-0.01901063499841304,13.53657283950617
linept_paynep,,,2026,,,,,,,,,,,,54,3,Open,incremental,-0.02447547000776931,-0.05504455544664997,-0.0241789304671284,13.492073050345507
moore_ratings,,,2024,,,,,,,,,,,,55,3,Open,incremental,-0.029408748333174566,-0.08070738690336403,-0.029052092545282824,13.187411067193676
linept_pfz,,,2026,,,,,,,,,,,,56,3,Open,incremental,-0.031147952113899178,-0.05918932523766212,-0.030770570212394172,14.03502467917078
linept_elo,,,2026,,,,,,,,,,,,57,3,Open,incremental,-0.034879058521970624,-0.09123930196009236,-0.03445647133615522,13.244353405725569
linept_log,,,856,,,,,,,,,,,,58,3,Open,incremental,-0.039221425063613057,-0.05603601344748862,-0.038123797379384095,15.201121495327103
linecfbp_kford,,,322,,,,,,,,,,,,59,3,Open,incremental,-0.05312225806075302,-0.24554956720561807,-0.049423442618938246,11.983850931677019
linecfbp_oddstrader_ai,,,321,,,,,,,,,,,,60,3,Open,incremental,-0.10424590030376446,-0.17363195318466884,-0.09696713091610809,13.813084112149532
massey,Massey Ratings,2026.0,1996,1016.0,980.0,29.0,-56.363636363636395,12.830192497532083,-0.17143632773938802,0.5090180360721442,-0.02823829477136092,0.48709033913722294,3.0,1.0,1,3,Midweek,wilson,,,,
keeper,Keeper,2018.0,1983,1008.0,975.0,29.0,-58.63636363636366,13.231883052527255,0.016382556987115958,0.5083207261724659,-0.029569522761655906,0.4863221699300478,3.0,2.0,2,3,Midweek,wilson,,,,
linecfbp_sp,SP+,1344.0,1312,670.0,642.0,19.0,-32.90909090909093,12.627901785714286,-0.02358630952380945,0.510670731707317,-0.02508314855875833,0.48363000919737326,3.0,4.0,3,3,Midweek,wilson,,,,
linept_talis,Talisman Red,1974.0,1946,984.0,962.0,28.0,-67.45454545454548,13.11340932117528,-0.09263931104356628,0.5056526207605344,-0.03466317854807065,0.48344977551894647,3.0,5.0,4,3,Midweek,wilson,,,,
congrove,Congrove Computer Rankings,2025.0,1994,1007.0,987.0,29.0,-71.54545454545458,13.269792592592593,0.37347654320987655,0.5050150451354062,-0.03588036837786087,0.4830816047851705,3.0,6.0,5,3,Midweek,wilson,,,,
linecfbp_cfb_graphs,CFB Graphs,837.0,812,420.0,392.0,12.0,-10.181818181818192,12.407646356033453,-0.10896057347670253,0.5172413793103449,-0.01253918495297807,0.4828709400138576,2.0,7.0,6,3,Midweek,wilson,,,,
linept_donchess,Donchess Inference,2026.0,1958,984.0,974.0,29.0,-79.45454545454548,12.66990128331688,-0.05684106614017773,0.5025536261491318,-0.04057944098802119,0.48042376811517445,3.0,8.0,7,3,Midweek,wilson,,,,
linept_loud,Loudsound.org,1958.0,1885,947.0,938.0,28.0,-77.09090909090912,14.360061287027579,0.10265577119509704,0.5023872679045093,-0.040897034000482294,0.47983402982045137,3.0,9.0,8,3,Midweek,wilson,,,,
piratings,Pi-Ratings,2026.0,1981,992.0,989.0,29.0,-87.1818181818182,12.665607107601184,-0.11990128331688053,0.5007571933366987,-0.044008994539029886,0.4787591719542727,3.0,10.0,9,3,Midweek,wilson,,,,
linept_log,Logistic Regression,856.0,846,432.0,414.0,10.0,-21.272727272727288,15.201121495327103,0.6408177570093455,0.5106382978723404,-0.025145067698259204,0.476981545748341,3.0,11.0,10,3,Midweek,wilson,,,,
linecfbp_power_rank_free,Power Rank: Free,838.0,818,418.0,400.0,12.0,-20.00000000000001,12.491766109785203,-0.7836515513126494,0.511002444987775,-0.02444987775061126,0.4767751619288288,2.0,12.0,11,3,Midweek,wilson,,,,
linecfbp_cbcr2_sam,CBCR2: Sam,322.0,316,168.0,148.0,6.0,4.727272727272724,11.9,-0.12360248447204963,0.5316455696202531,0.014959723820483304,0.47657779543585704,1.0,13.0,12,3,Midweek,wilson,,,,
linept_round,lineround,1375.0,1318,663.0,655.0,17.0,-52.272727272727295,13.354909090909091,0.3861818181818182,0.5030349013657056,-0.0396606428472893,0.47607225469405223,3.0,14.0,13,3,Midweek,wilson,,,,
piratings_bias,PI-Rate Bias,2026.0,1990,991.0,999.0,29.0,-98.09090909090912,12.698376110562686,-0.17110069101678194,0.4979899497487437,-0.04929191411603474,0.4760471196819952,3.0,15.0,14,3,Midweek,wilson,,,,
linecfbp_power_rank,Power Rank,1342.0,1310,659.0,651.0,19.0,-51.90909090909093,12.572131147540983,-0.040834575260804654,0.5030534351145038,-0.03962526023594727,0.47600875003861814,3.0,16.0,15,3,Midweek,wilson,,,,
piratings_mean,Pi-Ratings Mean,2026.0,1970,981.0,989.0,29.0,-97.18181818181822,12.57509871668312,-0.1626110562685094,0.49796954314720815,-0.049330872173511786,0.4759158881291039,3.0,17.0,16,3,Midweek,wilson,,,,
linecfbp_room44_bets,Room44 Bets,1342.0,1302,653.0,649.0,19.0,-55.36363636363638,13.14307004470939,-0.20253353204172878,0.5015360983102919,-0.04252199413489737,0.474412757184903,3.0,18.0,17,3,Midweek,wilson,,,,
linept_dunk,Dunkel Index,1774.0,1752,872.0,880.0,22.0,-87.2727272727273,13.272209695603157,-0.16107102593010147,0.4977168949771689,-0.04981320049813202,0.474335083190173,3.0,19.0,18,3,Midweek,wilson,,,,
linecfbp_jp,JP+,838.0,814,414.0,400.0,12.0,-23.636363636363647,12.581384248210025,-0.5164677804295942,0.5085995085995086,-0.029037301764574506,0.47429657315592105,2.0,20.0,19,3,Midweek,wilson,,,,
linept_fox,linefox,2018.0,1917,951.0,966.0,29.0,-101.45454545454548,12.946551040634292,-0.1119425173439049,0.49608763693270735,-0.052923602219376885,0.47373611677265826,3.0,22.0,20,3,Midweek,wilson,,,,
fei,FEI Projections,2026.0,1982,979.0,1003.0,29.0,-113.00000000000003,13.24423988153998,-0.17873149062191498,0.4939455095862765,-0.05701311806256308,0.47196778868523903,3.0,23.0,21,3,Midweek,wilson,,,,
linept_pig,Pigskin Index,2026.0,1891,932.0,959.0,29.0,-111.72727272727275,12.77737907206318,-0.2186821322803553,0.4928609201480698,-0.059083697899139476,0.47036477256528714,3.0,26.0,22,3,Midweek,wilson,,,,
sagarin_golden_mean,Sagarin Golden Mean,2026.0,1997,983.0,1014.0,29.0,-120.36363636363639,12.823756169792695,-0.2697087857847976,0.49223835753630446,-0.060272226521600594,0.47034743880502977,3.0,27.0,23,3,Midweek,wilson,,,,
linecfbp_wilson_ratings,Wilson Ratings,1344.0,1311,652.0,659.0,19.0,-66.2727272727273,12.923214285714286,-0.18735119047619045,0.4973302822273074,-0.050551279384231346,0.4703124893779274,3.0,28.0,24,3,Midweek,wilson,,,,
linecfbp_blake_atkinson,Blake Atkinson,322.0,312,164.0,148.0,6.0,1.0909090909090877,11.438198757763974,-0.20590062111801277,0.5256410256410257,0.003496503496503486,0.4702587074647579,1.0,29.0,25,3,Midweek,wilson,,,,
harville,David Harville,2026.0,1993,980.0,1013.0,29.0,-122.09090909090912,12.710301085883515,-0.07394373149062194,0.4917210235825389,-0.06125986406969851,0.4698095637470541,3.0,30.0,26,3,Midweek,wilson,,,,
linept_bill,Billingsley,2025.0,1994,980.0,1014.0,29.0,-123.09090909090912,13.53657283950617,0.023920987654320946,0.49147442326980945,-0.061730646484909286,0.46956909947584347,3.0,31.0,27,3,Midweek,wilson,,,,
linept_argh,Argh Ratings,2026.0,1926,946.0,980.0,29.0,-120.00000000000003,13.170409674234946,0.026036525172754194,0.49117341640706125,-0.06230529595015578,0.46888662792583485,3.0,33.0,28,3,Midweek,wilson,,,,
sagarin_recent,Sagarin Recent,2026.0,1995,978.0,1017.0,29.0,-127.90909090909093,12.889096742349455,-0.1041707798617966,0.49022556390977445,-0.06411483253588518,0.4683291164617633,3.0,34.0,29,3,Midweek,wilson,,,,
linecfbp_cfb_geek,CFB Geek,828.0,810,407.0,403.0,13.0,-33.00000000000001,12.825845410628018,0.06835748792270534,0.5024691358024691,-0.04074074074074075,0.46810620145759585,2.0,35.0,30,3,Midweek,wilson,,,,
moore_ratings,Moore Power Ratings,2024.0,1994,976.0,1018.0,29.0,-130.72727272727275,13.187411067193676,-0.11770750988142305,0.48946840521564694,-0.06556031731558312,0.46756861202109423,3.0,36.0,31,3,Midweek,wilson,,,,
linept_laz,Laz Index,2024.0,1992,975.0,1017.0,29.0,-130.63636363636365,12.952272727272728,-0.07320158102766793,0.4894578313253012,-0.0655805038335159,0.46754710841705416,3.0,37.0,32,3,Midweek,wilson,,,,
linecfbp_professor_sides,Professor Sides,1342.0,1302,644.0,658.0,19.0,-72.54545454545456,12.598360655737705,-0.00923994038748135,0.4946236559139785,-0.055718475073313796,0.46752208504473686,3.0,38.0,33,3,Midweek,wilson,,,,
linept_kam,Edward Kambour,2024.0,1994,975.0,1019.0,29.0,-132.63636363636365,12.794056324110674,-0.2880681818181819,0.4889669007021063,-0.06651773502325158,0.4670685452272539,3.0,39.0,34,3,Midweek,wilson,,,,
linept_how,Howell,2024.0,1922,940.0,982.0,29.0,-127.45454545454548,13.349782608695651,-0.2593675889328063,0.4890738813735692,-0.06631349919591337,0.46677001494330134,3.0,40.0,35,3,Midweek,wilson,,,,
linept_rwp,Laffaye RWP,1906.0,1874,916.0,958.0,29.0,-125.2727272727273,13.618064008394542,0.24410807974816373,0.4887940234791889,-0.06684777335791212,0.466208030402065,3.0,41.0,36,3,Midweek,wilson,,,,
linept_kerns,Stephen Kerns,2026.0,1991,971.0,1020.0,29.0,-137.2727272727273,13.854220138203358,0.5193731490621915,0.4876946258161728,-0.06894662344185198,0.46578357710173646,3.0,42.0,37,3,Midweek,wilson,,,,
linecfbp_dratings,DRatings,1344.0,1303,642.0,661.0,19.0,-77.36363636363637,12.874925595238096,-0.06004464285714284,0.4927091327705295,-0.05937347380171633,0.4656248657880413,3.0,43.0,38,3,Midweek,wilson,,,,
linept_payne,linepayne,2026.0,1997,972.0,1025.0,29.0,-141.3636363636364,13.141219151036525,0.23012339585389915,0.4867300951427141,-0.07078800018209133,0.4648548193634145,3.0,45.0,39,3,Midweek,wilson,,,,
linept_paynewl,linepaynewl,2026.0,1992,969.0,1023.0,29.0,-142.09090909090912,13.822981243830208,0.16830207305034553,0.4864457831325301,-0.07133077765607887,0.4645440366045232,3.0,46.0,40,3,Midweek,wilson,,,,
sagarin_predictor,Sagarin Predictor,2026.0,1994,966.0,1028.0,29.0,-149.81818181818184,12.790898321816387,-0.23828232971372162,0.4844533600802407,-0.07513449439226773,0.4625689356571786,3.0,48.0,41,3,Midweek,wilson,,,,
linecfbp_sportsline,SportsLine,322.0,301,156.0,145.0,6.0,-3.1818181818181857,12.0,-0.055900621118012424,0.5182724252491694,-0.010570824524312909,0.4619509901090495,1.0,49.0,42,3,Midweek,wilson,,,,
linept_curry,Daniel Curry Index,2023.0,1993,963.0,1030.0,29.0,-154.54545454545456,13.407928818586257,-0.048561542263964426,0.48319116909182136,-0.07754413173379557,0.46130548994336906,3.0,50.0,43,3,Midweek,wilson,,,,
linept_clean,Cleanup Hitter,2026.0,1951,943.0,1008.0,29.0,-150.72727272727275,14.064422507403751,-0.08615004935834154,0.4833418759610456,-0.077256418619822,0.46122216733370125,3.0,51.0,44,3,Midweek,wilson,,,,
linept_dwig,DP Dwiggins,2020.0,1930,930.0,1000.0,28.0,-154.54545454545456,13.643069306930693,0.06485148514851485,0.48186528497409326,-0.08007536504945832,0.45963119700090277,3.0,52.0,45,3,Midweek,wilson,,,,
sagarin,Sagarin Ratings,2026.0,1995,959.0,1036.0,29.0,-164.18181818181822,12.688430404738401,-0.22792694965449142,0.4807017543859649,-0.08229665071770337,0.4588357307484496,3.0,53.0,46,3,Midweek,wilson,,,,
linept_elo,Beck Elo,2026.0,1992,957.0,1035.0,29.0,-165.00000000000003,13.244353405725567,-0.08658440276406708,0.48042168674698793,-0.08283132530120484,0.4585402796040731,3.0,54.0,47,3,Midweek,wilson,,,,
teamrankings,TeamRankings.com,2026.0,1976,948.0,1028.0,29.0,-166.18181818181822,12.61495064165844,-0.11278874629812446,0.4797570850202429,-0.0841001104158999,0.45779004523528966,3.0,55.0,48,3,Midweek,wilson,,,,
espn_fpi,ESPN FPI,2026.0,1995,955.0,1040.0,29.0,-171.81818181818184,12.593262586377096,-0.16699407699901275,0.47869674185463656,-0.0861244019138756,0.456838136384634,3.0,56.0,49,3,Midweek,wilson,,,,
linept_pfz,PerformanZ Ratings,2026.0,1995,955.0,1040.0,29.0,-171.81818181818184,14.03502467917078,0.1242546890424483,0.47869674185463656,-0.0861244019138756,0.456838136384634,3.0,57.0,50,3,Midweek,wilson,,,,
linept_born,Born Power Index,2026.0,1997,949.0,1048.0,29.0,-185.2727272727273,13.274457058242843,-0.07347976307996057,0.4752128192288433,-0.09277552692675378,0.4533788395504315,3.0,58.0,51,3,Midweek,wilson,,,,
dokter_entropy,Dokter Entropy,2025.0,1992,946.0,1046.0,29.0,-186.00000000000003,12.566375308641975,-0.26829135802469145,0.4748995983935743,-0.09337349397590362,0.45303963393027524,3.0,59.0,52,3,Midweek,wilson,,,,
linecfbp_tshoe_index,TShoe Index,838.0,803,391.0,412.0,12.0,-56.545454545454554,12.674940334128879,-0.24534606205250586,0.48692403486924035,-0.07041775161326844,0.4524976455434275,2.0,60.0,53,3,Midweek,wilson,,,,
linept_bihl,Bihl System,989.0,981,474.0,507.0,8.0,-76.09090909090911,13.248938321536906,0.03720930232558129,0.4831804281345566,-0.07756463719766474,0.45203630282934654,3.0,61.0,54,3,Midweek,wilson,,,,
linecfbp_beta_rank,Beta_Rank,1344.0,1316,625.0,691.0,19.0,-122.81818181818184,13.43578869047619,0.3499255952380952,0.4749240121580547,-0.09332688588007738,0.44805610659593564,3.0,62.0,55,3,Midweek,wilson,,,,
linept_pugh,Pugh Ratings,2020.0,1990,921.0,1069.0,29.0,-231.72727272727275,13.021841584158418,-0.09330693069306926,0.4628140703517588,-0.11644586569209686,0.4409994982136488,3.0,65.0,56,3,Midweek,wilson,,,,
linept_paynep,linepaynep,2026.0,1994,922.0,1072.0,29.0,-233.81818181818184,13.49207305034551,0.2573050345508391,0.46238716148445336,-0.11726087352967995,0.4405965892894214,3.0,66.0,57,3,Midweek,wilson,,,,
linecfbp_cbcr2_power,CBCR2: Power,322.0,314,153.0,161.0,6.0,-21.909090909090914,12.272981366459627,-0.16614906832298132,0.4872611464968153,-0.06977417486971628,0.4324643715000537,1.0,69.0,58,3,Midweek,wilson,,,,
linecfbp_oddstrader_ai,OddsTrader AI,321.0,313,144.0,169.0,5.0,-38.09090909090909,13.813084112149532,-0.12461059190031153,0.46006389776357826,-0.1216961951786233,0.4056668096412432,1.0,70.0,59,3,Midweek,wilson,,,,
linecfbp_kford,KFord,322.0,315,144.0,171.0,6.0,-40.09090909090909,11.983850931677019,-0.3801242236024846,0.45714285714285713,-0.1272727272727273,0.4029766515258232,1.0,71.0,60,3,Midweek,wilson,,,,
linecfbp_blake_atkinson,Blake Atkinson,322.0,312,164.0,148.0,6.0,1.0909090909090877,11.438198757763974,-0.20590062111801277,0.5256410256410257,0.003496503496503486,0.4702587074647579,1.0,29.0,1,3,Midweek,mae,,,,
linecfbp_cbcr2_sam,CBCR2: Sam,322.0,316,168.0,148.0,6.0,4.727272727272724,11.9,-0.12360248447204963,0.5316455696202531,0.014959723820483304,0.47657779543585704,1.0,13.0,2,3,Midweek,mae,,,,
linecfbp_kford,KFord,322.0,315,144.0,171.0,6.0,-40.09090909090909,11.983850931677019,-0.3801242236024846,0.45714285714285713,-0.1272727272727273,0.4029766515258232,1.0,71.0,3,3,Midweek,mae,,,,
linecfbp_sportsline,SportsLine,322.0,301,156.0,145.0,6.0,-3.1818181818181857,12.0,-0.055900621118012424,0.5182724252491694,-0.010570824524312909,0.4619509901090495,1.0,49.0,4,3,Midweek,mae,,,,
linecfbp_cbcr2_power,CBCR2: Power,322.0,314,153.0,161.0,6.0,-21.909090909090914,12.272981366459627,-0.16614906832298132,0.4872611464968153,-0.06977417486971628,0.4324643715000537,1.0,69.0,5,3,Midweek,mae,,,,
linecfbp_cfb_graphs,CFB Graphs,837.0,812,420.0,392.0,12.0,-10.181818181818192,12.407646356033453,-0.10896057347670253,0.5172413793103449,-0.01253918495297807,0.4828709400138576,2.0,7.0,6,3,Midweek,mae,,,,
linecfbp_power_rank_free,Power Rank: Free,838.0,818,418.0,400.0,12.0,-20.00000000000001,12.491766109785203,-0.7836515513126494,0.511002444987775,-0.02444987775061126,0.4767751619288288,2.0,12.0,7,3,Midweek,mae,,,,
dokter_entropy,Dokter Entropy,2025.0,1992,946.0,1046.0,29.0,-186.00000000000003,12.566375308641975,-0.26829135802469145,0.4748995983935743,-0.09337349397590362,0.45303963393027524,3.0,59.0,8,3,Midweek,mae,,,,
linecfbp_power_rank,Power Rank,1342.0,1310,659.0,651.0,19.0,-51.90909090909093,12.572131147540983,-0.040834575260804654,0.5030534351145038,-0.03962526023594727,0.47600875003861814,3.0,16.0,9,3,Midweek,mae,,,,
piratings_mean,Pi-Ratings Mean,2026.0,1970,981.0,989.0,29.0,-97.18181818181822,12.57509871668312,-0.1626110562685094,0.49796954314720815,-0.049330872173511786,0.4759158881291039,3.0,17.0,10,3,Midweek,mae,,,,
linecfbp_jp,JP+,838.0,814,414.0,400.0,12.0,-23.636363636363647,12.581384248210025,-0.5164677804295942,0.5085995085995086,-0.029037301764574506,0.47429657315592105,2.0,20.0,11,3,Midweek,mae,,,,
espn_fpi,ESPN FPI,2026.0,1995,955.0,1040.0,29.0,-171.81818181818184,12.593262586377096,-0.16699407699901275,0.47869674185463656,-0.0861244019138756,0.456838136384634,3.0,56.0,12,3,Midweek,mae,,,,
linecfbp_professor_sides,Professor Sides,1342.0,1302,644.0,658.0,19.0,-72.54545454545456,12.598360655737705,-0.00923994038748135,0.4946236559139785,-0.055718475073313796,0.46752208504473686,3.0,38.0,13,3,Midweek,mae,,,,
teamrankings,TeamRankings.com,2026.0,1976,948.0,1028.0,29.0,-166.18181818181822,12.61495064165844,-0.11278874629812446,0.4797570850202429,-0.0841001104158999,0.45779004523528966,3.0,55.0,14,3,Midweek,mae,,,,
linecfbp_sp,SP+,1344.0,1312,670.0,642.0,19.0,-32.90909090909093,12.627901785714286,-0.02358630952380945,0.510670731707317,-0.02508314855875833,0.48363000919737326,3.0,4.0,15,3,Midweek,mae,,,,
piratings,Pi-Ratings,2026.0,1981,992.0,989.0,29.0,-87.1818181818182,12.665607107601184,-0.11990128331688053,0.5007571933366987,-0.044008994539029886,0.4787591719542727,3.0,10.0,16,3,Midweek,mae,,,,
linept_donchess,Donchess Inference,2026.0,1958,984.0,974.0,29.0,-79.45454545454548,12.66990128331688,-0.05684106614017773,0.5025536261491318,-0.04057944098802119,0.48042376811517445,3.0,8.0,17,3,Midweek,mae,,,,
linecfbp_tshoe_index,TShoe Index,838.0,803,391.0,412.0,12.0,-56.545454545454554,12.674940334128879,-0.24534606205250586,0.48692403486924035,-0.07041775161326844,0.4524976455434275,2.0,60.0,18,3,Midweek,mae,,,,
sagarin,Sagarin Ratings,2026.0,1995,959.0,1036.0,29.0,-164.18181818181822,12.688430404738401,-0.22792694965449142,0.4807017543859649,-0.08229665071770337,0.4588357307484496,3.0,53.0,19,3,Midweek,mae,,,,
piratings_bias,PI-Rate Bias,2026.0,1990,991.0,999.0,29.0,-98.09090909090912,12.698376110562686,-0.17110069101678194,0.4979899497487437,-0.04929191411603474,0.4760471196819952,3.0,15.0,20,3,Midweek,mae,,,,
harville,David Harville,2026.0,1993,980.0,1013.0,29.0,-122.09090909090912,12.710301085883515,-0.07394373149062194,0.4917210235825389,-0.06125986406969851,0.4698095637470541,3.0,30.0,21,3,Midweek,mae,,,,
linept_pig,Pigskin Index,2026.0,1891,932.0,959.0,29.0,-111.72727272727275,12.77737907206318,-0.2186821322803553,0.4928609201480698,-0.059083697899139476,0.47036477256528714,3.0,26.0,22,3,Midweek,mae,,,,
sagarin_predictor,Sagarin Predictor,2026.0,1994,966.0,1028.0,29.0,-149.81818181818184,12.790898321816387,-0.23828232971372162,0.4844533600802407,-0.07513449439226773,0.4625689356571786,3.0,48.0,23,3,Midweek,mae,,,,
linept_kam,Edward Kambour,2024.0,1994,975.0,1019.0,29.0,-132.63636363636365,12.794056324110674,-0.2880681818181819,0.4889669007021063,-0.06651773502325158,0.4670685452272539,3.0,39.0,24,3,Midweek,mae,,,,
sagarin_golden_mean,Sagarin Golden Mean,2026.0,1997,983.0,1014.0,29.0,-120.36363636363639,12.823756169792695,-0.2697087857847976,0.49223835753630446,-0.060272226521600594,0.47034743880502977,3.0,27.0,25,3,Midweek,mae,,,,
linecfbp_cfb_geek,CFB Geek,828.0,810,407.0,403.0,13.0,-33.00000000000001,12.825845410628018,0.06835748792270534,0.5024691358024691,-0.04074074074074075,0.46810620145759585,2.0,35.0,26,3,Midweek,mae,,,,
massey,Massey Ratings,2026.0,1996,1016.0,980.0,29.0,-56.363636363636395,12.830192497532083,-0.17143632773938802,0.5090180360721442,-0.02823829477136092,0.48709033913722294,3.0,1.0,27,3,Midweek,mae,,,,
linecfbp_dratings,DRatings,1344.0,1303,642.0,661.0,19.0,-77.36363636363637,12.874925595238096,-0.06004464285714284,0.4927091327705295,-0.05937347380171633,0.4656248657880413,3.0,43.0,28,3,Midweek,mae,,,,
sagarin_recent,Sagarin Recent,2026.0,1995,978.0,1017.0,29.0,-127.90909090909093,12.889096742349455,-0.1041707798617966,0.49022556390977445,-0.06411483253588518,0.4683291164617633,3.0,34.0,29,3,Midweek,mae,,,,
linecfbp_wilson_ratings,Wilson Ratings,1344.0,1311,652.0,659.0,19.0,-66.2727272727273,12.923214285714286,-0.18735119047619045,0.4973302822273074,-0.050551279384231346,0.4703124893779274,3.0,28.0,30,3,Midweek,mae,,,,
linept_fox,linefox,2018.0,1917,951.0,966.0,29.0,-101.45454545454548,12.946551040634292,-0.1119425173439049,0.49608763693270735,-0.052923602219376885,0.47373611677265826,3.0,22.0,31,3,Midweek,mae,,,,
linept_laz,Laz Index,2024.0,1992,975.0,1017.0,29.0,-130.63636363636365,12.952272727272728,-0.07320158102766793,0.4894578313253012,-0.0655805038335159,0.46754710841705416,3.0,37.0,32,3,Midweek,mae,,,,
linept_pugh,Pugh Ratings,2020.0,1990,921.0,1069.0,29.0,-231.72727272727275,13.021841584158418,-0.09330693069306926,0.4628140703517588,-0.11644586569209686,0.4409994982136488,3.0,65.0,33,3,Midweek,mae,,,,
linept_talis,Talisman Red,1974.0,1946,984.0,962.0,28.0,-67.45454545454548,13.11340932117528,-0.09263931104356628,0.5056526207605344,-0.03466317854807065,0.48344977551894647,3.0,5.0,34,3,Midweek,mae,,,,
linept_payne,linepayne,2026.0,1997,972.0,1025.0,29.0,-141.3636363636364,13.141219151036525,0.23012339585389915,0.4867300951427141,-0.07078800018209133,0.4648548193634145,3.0,45.0,35,3,Midweek,mae,,,,
linecfbp_room44_bets,Room44 Bets,1342.0,1302,653.0,649.0,19.0,-55.36363636363638,13.14307004470939,-0.20253353204172878,0.5015360983102919,-0.04252199413489737,0.474412757184903,3.0,18.0,36,3,Midweek,mae,,,,
linept_argh,Argh Ratings,2026.0,1926,946.0,980.0,29.0,-120.00000000000003,13.170409674234946,0.026036525172754194,0.49117341640706125,-0.06230529595015578,0.46888662792583485,3.0,33.0,37,3,Midweek,mae,,,,
moore_ratings,Moore Power Ratings,2024.0,1994,976.0,1018.0,29.0,-130.72727272727275,13.187411067193676,-0.11770750988142305,0.48946840521564694,-0.06556031731558312,0.46756861202109423,3.0,36.0,38,3,Midweek,mae,,,,
keeper,Keeper,2018.0,1983,1008.0,975.0,29.0,-58.63636363636366,13.231883052527255,0.016382556987115958,0.5083207261724659,-0.029569522761655906,0.4863221699300478,3.0,2.0,39,3,Midweek,mae,,,,
fei,FEI Projections,2026.0,1982,979.0,1003.0,29.0,-113.00000000000003,13.24423988153998,-0.17873149062191498,0.4939455095862765,-0.05701311806256308,0.47196778868523903,3.0,23.0,40,3,Midweek,mae,,,,
linept_elo,Beck Elo,2026.0,1992,957.0,1035.0,29.0,-165.00000000000003,13.244353405725567,-0.08658440276406708,0.48042168674698793,-0.08283132530120484,0.4585402796040731,3.0,54.0,41,3,Midweek,mae,,,,
linept_bihl,Bihl System,989.0,981,474.0,507.0,8.0,-76.09090909090911,13.248938321536906,0.03720930232558129,0.4831804281345566,-0.07756463719766474,0.45203630282934654,3.0,61.0,42,3,Midweek,mae,,,,
congrove,Congrove Computer Rankings,2025.0,1994,1007.0,987.0,29.0,-71.54545454545458,13.269792592592593,0.37347654320987655,0.5050150451354062,-0.03588036837786087,0.4830816047851705,3.0,6.0,43,3,Midweek,mae,,,,
linept_dunk,Dunkel Index,1774.0,1752,872.0,880.0,22.0,-87.2727272727273,13.272209695603157,-0.16107102593010147,0.4977168949771689,-0.04981320049813202,0.474335083190173,3.0,19.0,44,3,Midweek,mae,,,,
linept_born,Born Power Index,2026.0,1997,949.0,1048.0,29.0,-185.2727272727273,13.274457058242843,-0.07347976307996057,0.4752128192288433,-0.09277552692675378,0.4533788395504315,3.0,58.0,45,3,Midweek,mae,,,,
linept_how,Howell,2024.0,1922,940.0,982.0,29.0,-127.45454545454548,13.349782608695651,-0.2593675889328063,0.4890738813735692,-0.06631349919591337,0.46677001494330134,3.0,40.0,46,3,Midweek,mae,,,,
linept_round,lineround,1375.0,1318,663.0,655.0,17.0,-52.272727272727295,13.354909090909091,0.3861818181818182,0.5030349013657056,-0.0396606428472893,0.47607225469405223,3.0,14.0,47,3,Midweek,mae,,,,
linept_curry,Daniel Curry Index,2023.0,1993,963.0,1030.0,29.0,-154.54545454545456,13.407928818586257,-0.048561542263964426,0.48319116909182136,-0.07754413173379557,0.46130548994336906,3.0,50.0,48,3,Midweek,mae,,,,
linecfbp_beta_rank,Beta_Rank,1344.0,1316,625.0,691.0,19.0,-122.81818181818184,13.43578869047619,0.3499255952380952,0.4749240121580547,-0.09332688588007738,0.44805610659593564,3.0,62.0,49,3,Midweek,mae,,,,
linept_paynep,linepaynep,2026.0,1994,922.0,1072.0,29.0,-233.81818181818184,13.49207305034551,0.2573050345508391,0.46238716148445336,-0.11726087352967995,0.4405965892894214,3.0,66.0,50,3,Midweek,mae,,,,
linept_bill,Billingsley,2025.0,1994,980.0,1014.0,29.0,-123.09090909090912,13.53657283950617,0.023920987654320946,0.49147442326980945,-0.061730646484909286,0.46956909947584347,3.0,31.0,51,3,Midweek,mae,,,,
linept_rwp,Laffaye RWP,1906.0,1874,916.0,958.0,29.0,-125.2727272727273,13.618064008394542,0.24410807974816373,0.4887940234791889,-0.06684777335791212,0.466208030402065,3.0,41.0,52,3,Midweek,mae,,,,
linept_dwig,DP Dwiggins,2020.0,1930,930.0,1000.0,28.0,-154.54545454545456,13.643069306930693,0.06485148514851485,0.48186528497409326,-0.08007536504945832,0.45963119700090277,3.0,52.0,53,3,Midweek,mae,,,,
linecfbp_oddstrader_ai,OddsTrader AI,321.0,313,144.0,169.0,5.0,-38.09090909090909,13.813084112149532,-0.12461059190031153,0.46006389776357826,-0.1216961951786233,0.4056668096412432,1.0,70.0,54,3,Midweek,mae,,,,
linept_paynewl,linepaynewl,2026.0,1992,969.0,1023.0,29.0,-142.09090909090912,13.822981243830208,0.16830207305034553,0.4864457831325301,-0.07133077765607887,0.4645440366045232,3.0,46.0,55,3,Midweek,mae,,,,
linept_kerns,Stephen Kerns,2026.0,1991,971.0,1020.0,29.0,-137.2727272727273,13.854220138203358,0.5193731490621915,0.4876946258161728,-0.06894662344185198,0.46578357710173646,3.0,42.0,56,3,Midweek,mae,,,,
linept_pfz,PerformanZ Ratings,2026.0,1995,955.0,1040.0,29.0,-171.81818181818184,14.03502467917078,0.1242546890424483,0.47869674185463656,-0.0861244019138756,0.456838136384634,3.0,57.0,57,3,Midweek,mae,,,,
linept_clean,Cleanup Hitter,2026.0,1951,943.0,1008.0,29.0,-150.72727272727275,14.064422507403751,-0.08615004935834154,0.4833418759610456,-0.077256418619822,0.46122216733370125,3.0,51.0,58,3,Midweek,mae,,,,
linept_loud,Loudsound.org,1958.0,1885,947.0,938.0,28.0,-77.09090909090912,14.360061287027579,0.10265577119509704,0.5023872679045093,-0.040897034000482294,0.47983402982045137,3.0,9.0,59,3,Midweek,mae,,,,
linept_log,Logistic Regression,856.0,846,432.0,414.0,10.0,-21.272727272727288,15.201121495327103,0.6408177570093455,0.5106382978723404,-0.025145067698259204,0.476981545748341,3.0,11.0,60,3,Midweek,mae,,,,
linecfbp_blake_atkinson,,,322,,,,,,,,,,,,1,3,Midweek,incremental,0.08848895610421263,0.41155447477985335,0.08232761565640992,11.438198757763974
linecfbp_cbcr2_sam,,,322,,,,,,,,,,,,2,3,Midweek,incremental,0.07506274509263773,0.18922370670300842,0.06983624963124133,11.899999999999999
linecfbp_sportsline,,,322,,,,,,,,,,,,3,3,Midweek,incremental,0.04676536393925025,0.12642397571233602,0.04350916857792425,12.0
linecfbp_jp,,,838,,,,,,,,,,,,4,3,Midweek,incremental,0.032332850180100486,0.08404879094227924,0.03140939102990822,12.581384248210025
piratings,,,2026,,,,,,,,,,,,5,3,Midweek,incremental,0.026521458665910862,0.08911808182476869,0.02620013036588559,12.665607107601183
piratings_mean,,,2026,,,,,,,,,,,,6,3,Midweek,incremental,0.024084099205274094,0.09195296349586572,0.02379230142926346,12.57509871668312
massey,,,2026,,,,,,,,,,,,7,3,Midweek,incremental,0.02319047072304048,0.06697330657815034,0.022909499957891783,12.830192497532083
linecfbp_cfb_graphs,,,837,,,,,,,,,,,,8,3,Midweek,incremental,0.022410990547029348,0.08549052493932625,0.02177017757418119,12.407646356033453
piratings_bias,,,2026,,,,,,,,,,,,9,3,Midweek,incremental,0.020956343877970744,0.07007165876341405,0.020702441314092962,12.698376110562686
dokter_entropy,,,2025,,,,,,,,,,,,10,3,Midweek,incremental,0.015265684913858678,0.06417994207052928,0.0150806394702493,12.566375308641975
linecfbp_sp,,,1344,,,,,,,,,,,,11,3,Midweek,incremental,0.011624028747099698,0.04335681190671413,0.011413659777851307,12.627901785714286
linecfbp_professor_sides,,,1342,,,,,,,,,,,,12,3,Midweek,incremental,0.0075721411894823735,0.033124881006429296,0.007434903626964765,12.598360655737705
linept_talis,,,1974,,,,,,,,,,,,13,3,Midweek,incremental,0.00458312664434761,0.011460186809903919,0.0045261628766103896,13.11340932117528
linept_laz,,,2024,,,,,,,,,,,,14,3,Midweek,incremental,0.004547408502112168,0.013307787959663961,0.004492259621112126,12.952272727272726
linept_kam,,,2024,,,,,,,,,,,,15,3,Midweek,incremental,0.004486727842329649,0.014221343445071123,0.00443231486849163,12.794056324110674
linecfbp_room44_bets,,,1342,,,,,,,,,,,,16,3,Midweek,incremental,0.004372266507537374,0.011250434634914722,0.004293023505702535,13.14307004470939
linept_pig,,,2026,,,,,,,,,,,,17,3,Midweek,incremental,0.0036721588303972076,0.012576935750115002,0.003627667742284057,12.777379072063177
linept_paynewl,,,2026,,,,,,,,,,,,18,3,Midweek,incremental,0.00184262101995383,0.003389413001773852,0.0018202962192182795,13.822981243830208
linept_clean,,,2026,,,,,,,,,,,,19,3,Midweek,incremental,0.0008293698847167556,0.0014080386486101668,0.0008193214172283993,14.064422507403751
linept_round,,,1375,,,,,,,,,,,,20,3,Midweek,incremental,-7.735568611651505e-05,0.0022711972745632705,-7.59864507313494e-05,13.354909090909091
linept_loud,,,1958,,,,,,,,,,,,21,3,Midweek,incremental,-0.0009867240617264488,-0.0015295048380225978,-0.0009743617085966763,14.360061287027579
linept_rwp,,,1906,,,,,,,,,,,,22,3,Midweek,incremental,-0.0018310705525008358,-0.003806805929274159,-0.0018075157956890097,13.618064008394542
sagarin,,,2026,,,,,,,,,,,,23,3,Midweek,incremental,-0.0025082295842593534,-0.009702046632205023,-0.0024778404130400837,12.688430404738401
sagarin_golden_mean,,,2026,,,,,,,,,,,,24,3,Midweek,incremental,-0.0026712841705042035,-0.008215612082515329,-0.0026389194649197472,12.823756169792695
congrove,,,2025,,,,,,,,,,,,25,3,Midweek,incremental,-0.0030996222738451373,-0.007376368065320743,-0.0030620497062255557,13.269792592592593
linecfbp_cbcr2_power,,,322,,,,,,,,,,,,26,3,Midweek,incremental,-0.0034718040763955112,-0.007959154610138509,-0.003230068069728758,12.272981366459627
linept_donchess,,,2026,,,,,,,,,,,,27,3,Midweek,incremental,-0.004363094940265356,-0.016194745089041646,-0.0043102326185633305,12.66990128331688
linept_dunk,,,1774,,,,,,,,,,,,28,3,Midweek,incremental,-0.005370473233756735,-0.013132283470985719,-0.005296353295167919,13.272209695603157
linecfbp_power_rank_free,,,838,,,,,,,,,,,,29,3,Midweek,incremental,-0.006075060132932281,-0.025199023945720003,-0.005901550224697301,12.491766109785203
linecfbp_wilson_ratings,,,1344,,,,,,,,,,,,30,3,Midweek,incremental,-0.0062449450701626465,-0.018134075899401955,-0.006131925506463552,12.923214285714288
linept_bill,,,2025,,,,,,,,,,,,31,3,Midweek,incremental,-0.007509015281441469,-0.015190175156300712,-0.0074179935505682935,13.53657283950617
sagarin_recent,,,2026,,,,,,,,,,,,32,3,Midweek,incremental,-0.007664456302895165,-0.022250950213045535,-0.007571595395603032,12.889096742349455
linecfbp_beta_rank,,,1344,,,,,,,,,,,,33,3,Midweek,incremental,-0.008509450220650158,-0.020269926875624882,-0.008355448169318744,13.43578869047619
keeper,,,2018,,,,,,,,,,,,34,3,Midweek,incremental,-0.009061043480826767,-0.021576306555131288,-0.008950834521356655,13.231883052527255
espn_fpi,,,2026,,,,,,,,,,,,35,3,Midweek,incremental,-0.009123367013248175,-0.0376753653473658,-0.009012830256963282,12.593262586377096
fei,,,2026,,,,,,,,,,,,36,3,Midweek,incremental,-0.009696073573480629,-0.02324816735962313,-0.00957859802745076,13.24423988153998
linept_argh,,,2026,,,,,,,,,,,,37,3,Midweek,incremental,-0.010166721894853388,-0.024914691238346835,-0.010043544074792458,13.170409674234946
linept_fox,,,2018,,,,,,,,,,,,38,3,Midweek,incremental,-0.010200767885341565,-0.02917205689292192,-0.01007669652238889,12.946551040634292
sagarin_predictor,,,2026,,,,,,,,,,,,39,3,Midweek,incremental,-0.010487833729386688,-0.03734132284930512,-0.010360765387269322,12.790898321816387
linept_bihl,,,989,,,,,,,,,,,,40,3,Midweek,incremental,-0.012492580718119189,-0.0405781761452731,-0.012188283187569218,13.248938321536906
linept_curry,,,2023,,,,,,,,,,,,41,3,Midweek,incremental,-0.012399044712148791,-0.02787387608358674,-0.012248601811826663,13.407928818586258
linept_payne,,,2026,,,,,,,,,,,,42,3,Midweek,incremental,-0.013529385584196354,-0.03388245032593475,-0.013365466452714189,13.141219151036525
linept_how,,,2024,,,,,,,,,,,,43,3,Midweek,incremental,-0.014115182252000846,-0.03178171550896664,-0.01394399980688998,13.349782608695651
harville,,,2026,,,,,,,,,,,,44,3,Midweek,incremental,-0.01800603327752108,-0.06787791368614284,-0.017787876043556375,12.710301085883515
linecfbp_tshoe_index,,,838,,,,,,,,,,,,45,3,Midweek,incremental,-0.019838122711512945,-0.06203338627287221,-0.019271525710675117,12.674940334128879
linecfbp_power_rank,,,1342,,,,,,,,,,,,46,3,Midweek,incremental,-0.020539977075060487,-0.09647065943608804,-0.020167710325483205,12.572131147540986
linept_pugh,,,2020,,,,,,,,,,,,47,3,Midweek,incremental,-0.025909224183469543,-0.07873282262981515,-0.02559439810325304,13.021841584158418
linecfbp_cfb_geek,,,828,,,,,,,,,,,,48,3,Midweek,incremental,-0.02676923444931653,-0.08419450587335085,-0.025995840388438975,12.825845410628018
linept_dwig,,,2020,,,,,,,,,,,,49,3,Midweek,incremental,-0.026413539649366706,-0.05605658539853607,-0.02609258557163871,13.643069306930693
teamrankings,,,2026,,,,,,,,,,,,50,3,Midweek,incremental,-0.027012920165033302,-0.1193238433472557,-0.02668563742298317,12.61495064165844
linept_born,,,2026,,,,,,,,,,,,51,3,Midweek,incremental,-0.03092665650090417,-0.08086388831936125,-0.030551955769542272,13.274457058242843
linecfbp_dratings,,,1344,,,,,,,,,,,,52,3,Midweek,incremental,-0.03385950543169096,-0.12274060031096308,-0.033246723975975584,12.874925595238096
linept_kerns,,,2026,,,,,,,,,,,,53,3,Midweek,incremental,-0.0353049979719817,-0.06937611186052121,-0.03487725019522332,13.854220138203358
linept_log,,,856,,,,,,,,,,,,54,3,Midweek,incremental,-0.035904033779405924,-0.05090303856375128,-0.034899244652344626,15.201121495327103
moore_ratings,,,2024,,,,,,,,,,,,55,3,Midweek,incremental,-0.04268788008664233,-0.11595805103120307,-0.04217018108996129,13.187411067193676
linept_pfz,,,2026,,,,,,,,,,,,56,3,Midweek,incremental,-0.05119743580184749,-0.09894176998816419,-0.050577138659857857,14.03502467917078
linept_elo,,,2026,,,,,,,,,,,,57,3,Midweek,incremental,-0.05180688969925412,-0.13561169866779887,-0.0511792085446706,13.244353405725569
linept_paynep,,,2026,,,,,,,,,,,,58,3,Midweek,incremental,-0.060581426254102975,-0.14431733400496627,-0.059847434698187596,13.492073050345507
linecfbp_kford,,,322,,,,,,,,,,,,59,3,Midweek,incremental,-0.08312184887337228,-0.37005991945253913,-0.07733421127307662,11.983850931677019
linecfbp_oddstrader_ai,,,321,,,,,,,,,,,,60,3,Midweek,incremental,-0.0996755612583791,-0.1605406296357343,-0.09271590699983405,13.813084112149532
linecfbp_cfb_graphs,CFB Graphs,837.0,813,429.0,384.0,16.0,5.999999999999991,12.407646356033453,-0.10896057347670253,0.5276752767527675,0.007380073800737997,0.49330888539346673,2.0,1.0,1,3,Close (PT Updated/final),wilson,,,,
linecfbp_power_rank_free,Power Rank: Free,838.0,808,421.0,387.0,16.0,-4.272727272727282,12.491766109785203,-0.7836515513126494,0.5210396039603961,-0.0052880288028803,0.48657638458927605,2.0,4.0,2,3,Close (PT Updated/final),wilson,,,,
massey,Massey Ratings,2026.0,1987,1010.0,977.0,37.0,-58.81818181818185,12.830192497532083,-0.17143632773938802,0.5083039758429794,-0.029601500663403044,0.4863275667453634,3.0,5.0,3,3,Close (PT Updated/final),wilson,,,,
linecfbp_sp,SP+,1344.0,1306,670.0,636.0,25.0,-26.909090909090928,12.627901785714286,-0.02358630952380945,0.5130168453292496,-0.020604204371432563,0.485910310270164,3.0,6.0,4,3,Close (PT Updated/final),wilson,,,,
congrove,Congrove Computer Rankings,2025.0,1986,1005.0,981.0,37.0,-67.36363636363639,13.269792592592593,0.37347654320987655,0.5060422960725075,-0.033919252952485594,0.4840633047055294,3.0,7.0,5,3,Close (PT Updated/final),wilson,,,,
linept_round,lineround,1375.0,1312,670.0,642.0,26.0,-32.90909090909093,13.354909090909091,0.3861818181818182,0.510670731707317,-0.02508314855875833,0.48363000919737326,3.0,8.0,6,3,Close (PT Updated/final),wilson,,,,
piratings,Pi-Ratings,2026.0,1974,994.0,980.0,37.0,-76.36363636363639,12.665607107601184,-0.11990128331688053,0.5035460992907801,-0.038684719535783375,0.48150429301467895,3.0,10.0,7,3,Close (PT Updated/final),wilson,,,,
linept_talis,Talisman Red,1974.0,1938,976.0,962.0,36.0,-74.72727272727276,13.11340932117528,-0.09263931104356628,0.5036119711042312,-0.0385589642555587,0.4813666119151494,3.0,11.0,8,3,Close (PT Updated/final),wilson,,,,
keeper,Keeper,2018.0,1974,992.0,982.0,37.0,-80.18181818181822,13.231883052527255,0.016382556987115958,0.502532928064843,-0.04061895551257255,0.48049281870353944,3.0,12.0,9,3,Close (PT Updated/final),wilson,,,,
linecfbp_power_rank,Power Rank,1342.0,1306,661.0,645.0,25.0,-44.09090909090911,12.572131147540983,-0.040834575260804654,0.5061255742725881,-0.03376026729778645,0.47903212528952316,3.0,13.0,10,3,Close (PT Updated/final),wilson,,,,
linept_loud,Loudsound.org,1958.0,1874,940.0,934.0,37.0,-79.45454545454548,14.360061287027579,0.10265577119509704,0.5016008537886874,-0.0423983700397788,0.4789831090392672,3.0,14.0,11,3,Close (PT Updated/final),wilson,,,,
linecfbp_professor_sides,Professor Sides,1342.0,1301,657.0,644.0,25.0,-46.72727272727275,12.598360655737705,-0.00923994038748135,0.5049961568024597,-0.03591642792257706,0.47785345893785025,3.0,15.0,12,3,Close (PT Updated/final),wilson,,,,
piratings_bias,PI-Rate Bias,2026.0,1978,986.0,992.0,37.0,-95.63636363636367,12.698376110562686,-0.17110069101678194,0.49848331648129424,-0.048350032172074654,0.4764731340074204,3.0,16.0,13,3,Close (PT Updated/final),wilson,,,,
linept_log,Logistic Regression,856.0,845,430.0,415.0,11.0,-24.090909090909104,15.201121495327103,0.6408177570093455,0.5088757396449705,-0.02850995158687468,0.475204812617348,3.0,18.0,14,3,Close (PT Updated/final),wilson,,,,
linept_pig,Pigskin Index,2026.0,1883,937.0,946.0,37.0,-94.18181818181822,12.77737907206318,-0.2186821322803553,0.49761019649495486,-0.05001689760054074,0.47505473237860507,3.0,19.0,15,3,Close (PT Updated/final),wilson,,,,
linept_donchess,Donchess Inference,2026.0,1936,962.0,974.0,37.0,-99.45454545454548,12.66990128331688,-0.05684106614017773,0.496900826446281,-0.05137114951164539,0.4746571361097375,3.0,20.0,16,3,Close (PT Updated/final),wilson,,,,
sagarin_golden_mean,Sagarin Golden Mean,2026.0,1988,987.0,1001.0,37.0,-103.72727272727275,12.823756169792695,-0.2697087857847976,0.4964788732394366,-0.05217669654289374,0.4745283121321937,3.0,21.0,17,3,Close (PT Updated/final),wilson,,,,
linept_dunk,Dunkel Index,1774.0,1741,866.0,875.0,33.0,-87.72727272727275,13.272209695603157,-0.16107102593010147,0.4974152785755313,-0.05038901362853116,0.4739606281815662,3.0,22.0,18,3,Close (PT Updated/final),wilson,,,,
sagarin_recent,Sagarin Recent,2026.0,1985,984.0,1001.0,37.0,-106.45454545454548,12.889096742349455,-0.1041707798617966,0.4957178841309824,-0.053629493931760946,0.47375250943227454,3.0,23.0,19,3,Close (PT Updated/final),wilson,,,,
linecfbp_cbcr2_sam,CBCR2: Sam,322.0,312,165.0,147.0,10.0,2.9999999999999973,11.9,-0.12360248447204963,0.5288461538461539,0.009615384615384607,0.4734439065946047,1.0,24.0,20,3,Close (PT Updated/final),wilson,,,,
piratings_mean,Pi-Ratings Mean,2026.0,1962,972.0,990.0,37.0,-106.36363636363639,12.57509871668312,-0.1626110562685094,0.4954128440366973,-0.054211843202668905,0.4733201114391107,3.0,25.0,21,3,Close (PT Updated/final),wilson,,,,
fei,FEI Projections,2026.0,1977,976.0,1001.0,37.0,-113.72727272727275,13.24423988153998,-0.17873149062191498,0.4936772888214466,-0.05752517588632916,0.4716725284123706,3.0,26.0,22,3,Close (PT Updated/final),wilson,,,,
linept_laz,Laz Index,2024.0,1984,977.0,1007.0,37.0,-118.81818181818184,12.952272727272728,-0.07320158102766793,0.49243951612903225,-0.059888196480938426,0.4704766581948789,3.0,27.0,23,3,Close (PT Updated/final),wilson,,,,
harville,David Harville,2026.0,1986,977.0,1009.0,37.0,-120.81818181818184,12.710301085883515,-0.07394373149062194,0.4919436052366566,-0.06083493545729197,0.46999307727102796,3.0,28.0,24,3,Close (PT Updated/final),wilson,,,,
linept_bill,Billingsley,2025.0,1987,976.0,1011.0,37.0,-123.72727272727275,13.53657283950617,0.023920987654320946,0.49119275289380976,-0.06226838083909046,0.46924973862508473,3.0,29.0,25,3,Close (PT Updated/final),wilson,,,,
linecfbp_cfb_geek,CFB Geek,828.0,802,404.0,398.0,19.0,-30.727272727272737,12.825845410628018,0.06835748792270534,0.5037406483790524,-0.03831330763999095,0.469201989305873,2.0,30.0,26,3,Close (PT Updated/final),wilson,,,,
linept_paynewl,linepaynewl,2026.0,1985,974.0,1011.0,37.0,-125.54545454545458,13.822981243830208,0.16830207305034553,0.4906801007556675,-0.06324708037554387,0.46872746261825754,3.0,32.0,27,3,Close (PT Updated/final),wilson,,,,
linept_fox,linefox,2018.0,1917,941.0,976.0,37.0,-120.54545454545458,12.946551040634292,-0.1119425173439049,0.4908711528429838,-0.06288234457248543,0.4685331015297993,3.0,33.0,28,3,Close (PT Updated/final),wilson,,,,
linept_argh,Argh Ratings,2026.0,1916,939.0,977.0,37.0,-123.36363636363639,13.170409674234946,0.026036525172754194,0.4900835073068894,-0.06438603150502943,0.46774188963895297,3.0,34.0,29,3,Close (PT Updated/final),wilson,,,,
sagarin_predictor,Sagarin Predictor,2026.0,1985,972.0,1013.0,37.0,-129.3636363636364,12.790898321816387,-0.23828232971372162,0.4896725440806045,-0.06517059766430046,0.4677227205367815,3.0,35.0,30,3,Close (PT Updated/final),wilson,,,,
linept_how,Howell,2024.0,1921,940.0,981.0,37.0,-126.45454545454548,13.349782608695651,-0.2593675889328063,0.48932847475273294,-0.0658274572902371,0.4670180677333858,3.0,37.0,31,3,Close (PT Updated/final),wilson,,,,
linecfbp_wilson_ratings,Wilson Ratings,1344.0,1304,644.0,660.0,25.0,-74.54545454545456,12.923214285714286,-0.18735119047619045,0.4938650306748466,-0.05716675962074736,0.4667868782187049,3.0,38.0,32,3,Close (PT Updated/final),wilson,,,,
linept_payne,linepayne,2026.0,1987,971.0,1016.0,37.0,-133.2727272727273,13.141219151036525,0.23012339585389915,0.4886763965777554,-0.06707233380610332,0.46674045912001666,3.0,39.0,33,3,Close (PT Updated/final),wilson,,,,
linept_clean,Cleanup Hitter,2026.0,1935,946.0,989.0,37.0,-129.00000000000003,14.064422507403751,-0.08615004935834154,0.4888888888888889,-0.06666666666666668,0.4666603971292495,3.0,40.0,34,3,Close (PT Updated/final),wilson,,,,
teamrankings,TeamRankings.com,2026.0,1965,960.0,1005.0,37.0,-132.2727272727273,12.61495064165844,-0.11278874629812446,0.48854961832061067,-0.06731436502428871,0.4664919612946299,3.0,41.0,35,3,Close (PT Updated/final),wilson,,,,
espn_fpi,ESPN FPI,2026.0,1986,970.0,1016.0,37.0,-134.18181818181822,12.593262586377096,-0.16699407699901275,0.48841893252769386,-0.06756385608349356,0.46647824498473794,3.0,42.0,36,3,Close (PT Updated/final),wilson,,,,
moore_ratings,Moore Power Ratings,2024.0,1987,970.0,1017.0,37.0,-135.18181818181822,13.187411067193676,-0.11770750988142305,0.48817312531454454,-0.0680331243995059,0.4662386698908965,3.0,43.0,37,3,Close (PT Updated/final),wilson,,,,
sagarin,Sagarin Ratings,2026.0,1984,968.0,1016.0,37.0,-136.00000000000003,12.688430404738401,-0.22792694965449142,0.4879032258064516,-0.0685483870967742,0.46595304732501563,3.0,44.0,38,3,Close (PT Updated/final),wilson,,,,
linecfbp_room44_bets,Room44 Bets,1342.0,1296,639.0,657.0,25.0,-76.09090909090911,13.14307004470939,-0.20253353204172878,0.4930555555555556,-0.05871212121212122,0.4658972250433456,3.0,45.0,39,3,Close (PT Updated/final),wilson,,,,
linept_rwp,Laffaye RWP,1906.0,1867,910.0,957.0,37.0,-129.72727272727275,13.618064008394542,0.24410807974816373,0.4874129619710766,-0.0694843453279447,0.4647891191251725,3.0,47.0,40,3,Close (PT Updated/final),wilson,,,,
linept_kam,Edward Kambour,2024.0,1985,966.0,1019.0,37.0,-140.81818181818184,12.794056324110674,-0.2880681818181819,0.4866498740554156,-0.0709411495305702,0.4647090290354661,3.0,48.0,41,3,Close (PT Updated/final),wilson,,,,
linept_kerns,Stephen Kerns,2026.0,1981,962.0,1019.0,37.0,-144.45454545454547,13.854220138203358,0.5193731490621915,0.4856133266027259,-0.07292001284934148,0.46365367926052775,3.0,49.0,42,3,Close (PT Updated/final),wilson,,,,
linept_dwig,DP Dwiggins,2020.0,1916,931.0,985.0,36.0,-138.63636363636365,13.643069306930693,0.06485148514851485,0.4859081419624217,-0.07235718352628583,0.463579355310179,3.0,50.0,43,3,Close (PT Updated/final),wilson,,,,
linecfbp_jp,JP+,838.0,815,405.0,410.0,16.0,-41.818181818181834,12.581384248210025,-0.5164677804295942,0.49693251533742333,-0.051310652537646426,0.4627008904317505,2.0,51.0,44,3,Close (PT Updated/final),wilson,,,,
linecfbp_blake_atkinson,Blake Atkinson,322.0,310,160.0,150.0,10.0,-4.5454545454545485,11.438198757763974,-0.20590062111801277,0.5161290322580645,-0.014662756598240479,0.4606424969733265,1.0,52.0,45,3,Close (PT Updated/final),wilson,,,,
linept_curry,Daniel Curry Index,2023.0,1986,957.0,1029.0,37.0,-159.00000000000003,13.407928818586257,-0.048561542263964426,0.4818731117824773,-0.08006042296072509,0.45995359290750487,3.0,53.0,46,3,Close (PT Updated/final),wilson,,,,
linept_pfz,PerformanZ Ratings,2026.0,1987,952.0,1035.0,37.0,-169.54545454545456,14.03502467917078,0.1242546890424483,0.4791142425767489,-0.08532735508075218,0.4572102664884839,3.0,54.0,47,3,Close (PT Updated/final),wilson,,,,
linept_elo,Beck Elo,2026.0,1984,949.0,1035.0,37.0,-172.2727272727273,13.244353405725567,-0.08658440276406708,0.4783266129032258,-0.0868310117302053,0.4564091390844074,3.0,55.0,48,3,Close (PT Updated/final),wilson,,,,
dokter_entropy,Dokter Entropy,2025.0,1982,947.0,1035.0,37.0,-174.09090909090912,12.566375308641975,-0.26829135802469145,0.47780020181634714,-0.08783597835061005,0.4558737480544796,3.0,56.0,49,3,Close (PT Updated/final),wilson,,,,
linept_bihl,Bihl System,989.0,978,476.0,502.0,11.0,-69.27272727272728,13.248938321536906,0.03720930232558129,0.4867075664621677,-0.07083100948131624,0.4554955769967488,3.0,57.0,50,3,Close (PT Updated/final),wilson,,,,
linept_born,Born Power Index,2026.0,1989,948.0,1041.0,37.0,-179.18181818181822,13.274457058242843,-0.07347976307996057,0.4766214177978884,-0.09008638420403128,0.45473806086445356,3.0,58.0,51,3,Close (PT Updated/final),wilson,,,,
linecfbp_dratings,DRatings,1344.0,1295,620.0,675.0,25.0,-111.36363636363639,12.874925595238096,-0.06004464285714284,0.47876447876447875,-0.08599508599508601,0.4516598183593517,3.0,59.0,52,3,Close (PT Updated/final),wilson,,,,
linecfbp_tshoe_index,TShoe Index,838.0,809,391.0,418.0,16.0,-62.545454545454554,12.674940334128879,-0.24534606205250586,0.48331273176761436,-0.07731205753455446,0.4490378325926909,2.0,60.0,53,3,Close (PT Updated/final),wilson,,,,
linept_paynep,linepaynep,2026.0,1989,933.0,1056.0,37.0,-207.81818181818184,13.49207305034551,0.2573050345508391,0.46907993966817496,-0.10448375154257508,0.4472290908764889,3.0,61.0,54,3,Close (PT Updated/final),wilson,,,,
linecfbp_beta_rank,Beta_Rank,1344.0,1314,621.0,693.0,25.0,-128.45454545454547,13.43578869047619,0.3499255952380952,0.4726027397260274,-0.09775840597758408,0.4457278419076362,3.0,62.0,55,3,Close (PT Updated/final),wilson,,,,
linept_pugh,Pugh Ratings,2020.0,1983,923.0,1060.0,37.0,-220.90909090909093,13.021841584158418,-0.09330693069306926,0.4654563792233989,-0.11140145784623849,0.4435900904216495,3.0,63.0,56,3,Close (PT Updated/final),wilson,,,,
linecfbp_sportsline,SportsLine,322.0,298,147.0,151.0,10.0,-17.363636363636367,12.0,-0.055900621118012424,0.49328859060402686,-0.05826723611958513,0.4369725873046257,1.0,67.0,57,3,Close (PT Updated/final),wilson,,,,
linecfbp_cbcr2_power,CBCR2: Power,322.0,311,150.0,161.0,10.0,-24.63636363636364,12.272981366459627,-0.16614906832298132,0.48231511254019294,-0.07921660333235897,0.4273353955382625,1.0,69.0,58,3,Close (PT Updated/final),wilson,,,,
linecfbp_kford,KFord,322.0,307,146.0,161.0,10.0,-28.272727272727277,11.983850931677019,-0.3801242236024846,0.4755700325732899,-0.09209357417826475,0.4203536604388099,1.0,70.0,59,3,Close (PT Updated/final),wilson,,,,
linecfbp_oddstrader_ai,OddsTrader AI,321.0,306,138.0,168.0,10.0,-42.54545454545455,13.813084112149532,-0.12461059190031153,0.45098039215686275,-0.13903743315508021,0.396179540003197,1.0,71.0,60,3,Close (PT Updated/final),wilson,,,,
linecfbp_blake_atkinson,Blake Atkinson,322.0,310,160.0,150.0,10.0,-4.5454545454545485,11.438198757763974,-0.20590062111801277,0.5161290322580645,-0.014662756598240479,0.4606424969733265,1.0,52.0,1,3,Close (PT Updated/final),mae,,,,
linecfbp_cbcr2_sam,CBCR2: Sam,322.0,312,165.0,147.0,10.0,2.9999999999999973,11.9,-0.12360248447204963,0.5288461538461539,0.009615384615384607,0.4734439065946047,1.0,24.0,2,3,Close (PT Updated/final),mae,,,,
linecfbp_kford,KFord,322.0,307,146.0,161.0,10.0,-28.272727272727277,11.983850931677019,-0.3801242236024846,0.4755700325732899,-0.09209357417826475,0.4203536604388099,1.0,70.0,3,3,Close (PT Updated/final),mae,,,,
linecfbp_sportsline,SportsLine,322.0,298,147.0,151.0,10.0,-17.363636363636367,12.0,-0.055900621118012424,0.49328859060402686,-0.05826723611958513,0.4369725873046257,1.0,67.0,4,3,Close (PT Updated/final),mae,,,,
linecfbp_cbcr2_power,CBCR2: Power,322.0,311,150.0,161.0,10.0,-24.63636363636364,12.272981366459627,-0.16614906832298132,0.48231511254019294,-0.07921660333235897,0.4273353955382625,1.0,69.0,5,3,Close (PT Updated/final),mae,,,,
linecfbp_cfb_graphs,CFB Graphs,837.0,813,429.0,384.0,16.0,5.999999999999991,12.407646356033453,-0.10896057347670253,0.5276752767527675,0.007380073800737997,0.49330888539346673,2.0,1.0,6,3,Close (PT Updated/final),mae,,,,
linecfbp_power_rank_free,Power Rank: Free,838.0,808,421.0,387.0,16.0,-4.272727272727282,12.491766109785203,-0.7836515513126494,0.5210396039603961,-0.0052880288028803,0.48657638458927605,2.0,4.0,7,3,Close (PT Updated/final),mae,,,,
dokter_entropy,Dokter Entropy,2025.0,1982,947.0,1035.0,37.0,-174.09090909090912,12.566375308641975,-0.26829135802469145,0.47780020181634714,-0.08783597835061005,0.4558737480544796,3.0,56.0,8,3,Close (PT Updated/final),mae,,,,
linecfbp_power_rank,Power Rank,1342.0,1306,661.0,645.0,25.0,-44.09090909090911,12.572131147540983,-0.040834575260804654,0.5061255742725881,-0.03376026729778645,0.47903212528952316,3.0,13.0,9,3,Close (PT Updated/final),mae,,,,
piratings_mean,Pi-Ratings Mean,2026.0,1962,972.0,990.0,37.0,-106.36363636363639,12.57509871668312,-0.1626110562685094,0.4954128440366973,-0.054211843202668905,0.4733201114391107,3.0,25.0,10,3,Close (PT Updated/final),mae,,,,
linecfbp_jp,JP+,838.0,815,405.0,410.0,16.0,-41.818181818181834,12.581384248210025,-0.5164677804295942,0.49693251533742333,-0.051310652537646426,0.4627008904317505,2.0,51.0,11,3,Close (PT Updated/final),mae,,,,
espn_fpi,ESPN FPI,2026.0,1986,970.0,1016.0,37.0,-134.18181818181822,12.593262586377096,-0.16699407699901275,0.48841893252769386,-0.06756385608349356,0.46647824498473794,3.0,42.0,12,3,Close (PT Updated/final),mae,,,,
linecfbp_professor_sides,Professor Sides,1342.0,1301,657.0,644.0,25.0,-46.72727272727275,12.598360655737705,-0.00923994038748135,0.5049961568024597,-0.03591642792257706,0.47785345893785025,3.0,15.0,13,3,Close (PT Updated/final),mae,,,,
teamrankings,TeamRankings.com,2026.0,1965,960.0,1005.0,37.0,-132.2727272727273,12.61495064165844,-0.11278874629812446,0.48854961832061067,-0.06731436502428871,0.4664919612946299,3.0,41.0,14,3,Close (PT Updated/final),mae,,,,
linecfbp_sp,SP+,1344.0,1306,670.0,636.0,25.0,-26.909090909090928,12.627901785714286,-0.02358630952380945,0.5130168453292496,-0.020604204371432563,0.485910310270164,3.0,6.0,15,3,Close (PT Updated/final),mae,,,,
piratings,Pi-Ratings,2026.0,1974,994.0,980.0,37.0,-76.36363636363639,12.665607107601184,-0.11990128331688053,0.5035460992907801,-0.038684719535783375,0.48150429301467895,3.0,10.0,16,3,Close (PT Updated/final),mae,,,,
linept_donchess,Donchess Inference,2026.0,1936,962.0,974.0,37.0,-99.45454545454548,12.66990128331688,-0.05684106614017773,0.496900826446281,-0.05137114951164539,0.4746571361097375,3.0,20.0,17,3,Close (PT Updated/final),mae,,,,
linecfbp_tshoe_index,TShoe Index,838.0,809,391.0,418.0,16.0,-62.545454545454554,12.674940334128879,-0.24534606205250586,0.48331273176761436,-0.07731205753455446,0.4490378325926909,2.0,60.0,18,3,Close (PT Updated/final),mae,,,,
sagarin,Sagarin Ratings,2026.0,1984,968.0,1016.0,37.0,-136.00000000000003,12.688430404738401,-0.22792694965449142,0.4879032258064516,-0.0685483870967742,0.46595304732501563,3.0,44.0,19,3,Close (PT Updated/final),mae,,,,
piratings_bias,PI-Rate Bias,2026.0,1978,986.0,992.0,37.0,-95.63636363636367,12.698376110562686,-0.17110069101678194,0.49848331648129424,-0.048350032172074654,0.4764731340074204,3.0,16.0,20,3,Close (PT Updated/final),mae,,,,
harville,David Harville,2026.0,1986,977.0,1009.0,37.0,-120.81818181818184,12.710301085883515,-0.07394373149062194,0.4919436052366566,-0.06083493545729197,0.46999307727102796,3.0,28.0,21,3,Close (PT Updated/final),mae,,,,
linept_pig,Pigskin Index,2026.0,1883,937.0,946.0,37.0,-94.18181818181822,12.77737907206318,-0.2186821322803553,0.49761019649495486,-0.05001689760054074,0.47505473237860507,3.0,19.0,22,3,Close (PT Updated/final),mae,,,,
sagarin_predictor,Sagarin Predictor,2026.0,1985,972.0,1013.0,37.0,-129.3636363636364,12.790898321816387,-0.23828232971372162,0.4896725440806045,-0.06517059766430046,0.4677227205367815,3.0,35.0,23,3,Close (PT Updated/final),mae,,,,
linept_kam,Edward Kambour,2024.0,1985,966.0,1019.0,37.0,-140.81818181818184,12.794056324110674,-0.2880681818181819,0.4866498740554156,-0.0709411495305702,0.4647090290354661,3.0,48.0,24,3,Close (PT Updated/final),mae,,,,
sagarin_golden_mean,Sagarin Golden Mean,2026.0,1988,987.0,1001.0,37.0,-103.72727272727275,12.823756169792695,-0.2697087857847976,0.4964788732394366,-0.05217669654289374,0.4745283121321937,3.0,21.0,25,3,Close (PT Updated/final),mae,,,,
linecfbp_cfb_geek,CFB Geek,828.0,802,404.0,398.0,19.0,-30.727272727272737,12.825845410628018,0.06835748792270534,0.5037406483790524,-0.03831330763999095,0.469201989305873,2.0,30.0,26,3,Close (PT Updated/final),mae,,,,
massey,Massey Ratings,2026.0,1987,1010.0,977.0,37.0,-58.81818181818185,12.830192497532083,-0.17143632773938802,0.5083039758429794,-0.029601500663403044,0.4863275667453634,3.0,5.0,27,3,Close (PT Updated/final),mae,,,,
linecfbp_dratings,DRatings,1344.0,1295,620.0,675.0,25.0,-111.36363636363639,12.874925595238096,-0.06004464285714284,0.47876447876447875,-0.08599508599508601,0.4516598183593517,3.0,59.0,28,3,Close (PT Updated/final),mae,,,,
sagarin_recent,Sagarin Recent,2026.0,1985,984.0,1001.0,37.0,-106.45454545454548,12.889096742349455,-0.1041707798617966,0.4957178841309824,-0.053629493931760946,0.47375250943227454,3.0,23.0,29,3,Close (PT Updated/final),mae,,,,
linecfbp_wilson_ratings,Wilson Ratings,1344.0,1304,644.0,660.0,25.0,-74.54545454545456,12.923214285714286,-0.18735119047619045,0.4938650306748466,-0.05716675962074736,0.4667868782187049,3.0,38.0,30,3,Close (PT Updated/final),mae,,,,
linept_fox,linefox,2018.0,1917,941.0,976.0,37.0,-120.54545454545458,12.946551040634292,-0.1119425173439049,0.4908711528429838,-0.06288234457248543,0.4685331015297993,3.0,33.0,31,3,Close (PT Updated/final),mae,,,,
linept_laz,Laz Index,2024.0,1984,977.0,1007.0,37.0,-118.81818181818184,12.952272727272728,-0.07320158102766793,0.49243951612903225,-0.059888196480938426,0.4704766581948789,3.0,27.0,32,3,Close (PT Updated/final),mae,,,,
linept_pugh,Pugh Ratings,2020.0,1983,923.0,1060.0,37.0,-220.90909090909093,13.021841584158418,-0.09330693069306926,0.4654563792233989,-0.11140145784623849,0.4435900904216495,3.0,63.0,33,3,Close (PT Updated/final),mae,,,,
linept_talis,Talisman Red,1974.0,1938,976.0,962.0,36.0,-74.72727272727276,13.11340932117528,-0.09263931104356628,0.5036119711042312,-0.0385589642555587,0.4813666119151494,3.0,11.0,34,3,Close (PT Updated/final),mae,,,,
linept_payne,linepayne,2026.0,1987,971.0,1016.0,37.0,-133.2727272727273,13.141219151036525,0.23012339585389915,0.4886763965777554,-0.06707233380610332,0.46674045912001666,3.0,39.0,35,3,Close (PT Updated/final),mae,,,,
linecfbp_room44_bets,Room44 Bets,1342.0,1296,639.0,657.0,25.0,-76.09090909090911,13.14307004470939,-0.20253353204172878,0.4930555555555556,-0.05871212121212122,0.4658972250433456,3.0,45.0,36,3,Close (PT Updated/final),mae,,,,
linept_argh,Argh Ratings,2026.0,1916,939.0,977.0,37.0,-123.36363636363639,13.170409674234946,0.026036525172754194,0.4900835073068894,-0.06438603150502943,0.46774188963895297,3.0,34.0,37,3,Close (PT Updated/final),mae,,,,
moore_ratings,Moore Power Ratings,2024.0,1987,970.0,1017.0,37.0,-135.18181818181822,13.187411067193676,-0.11770750988142305,0.48817312531454454,-0.0680331243995059,0.4662386698908965,3.0,43.0,38,3,Close (PT Updated/final),mae,,,,
keeper,Keeper,2018.0,1974,992.0,982.0,37.0,-80.18181818181822,13.231883052527255,0.016382556987115958,0.502532928064843,-0.04061895551257255,0.48049281870353944,3.0,12.0,39,3,Close (PT Updated/final),mae,,,,
fei,FEI Projections,2026.0,1977,976.0,1001.0,37.0,-113.72727272727275,13.24423988153998,-0.17873149062191498,0.4936772888214466,-0.05752517588632916,0.4716725284123706,3.0,26.0,40,3,Close (PT Updated/final),mae,,,,
linept_elo,Beck Elo,2026.0,1984,949.0,1035.0,37.0,-172.2727272727273,13.244353405725567,-0.08658440276406708,0.4783266129032258,-0.0868310117302053,0.4564091390844074,3.0,55.0,41,3,Close (PT Updated/final),mae,,,,
linept_bihl,Bihl System,989.0,978,476.0,502.0,11.0,-69.27272727272728,13.248938321536906,0.03720930232558129,0.4867075664621677,-0.07083100948131624,0.4554955769967488,3.0,57.0,42,3,Close (PT Updated/final),mae,,,,
congrove,Congrove Computer Rankings,2025.0,1986,1005.0,981.0,37.0,-67.36363636363639,13.269792592592593,0.37347654320987655,0.5060422960725075,-0.033919252952485594,0.4840633047055294,3.0,7.0,43,3,Close (PT Updated/final),mae,,,,
linept_dunk,Dunkel Index,1774.0,1741,866.0,875.0,33.0,-87.72727272727275,13.272209695603157,-0.16107102593010147,0.4974152785755313,-0.05038901362853116,0.4739606281815662,3.0,22.0,44,3,Close (PT Updated/final),mae,,,,
linept_born,Born Power Index,2026.0,1989,948.0,1041.0,37.0,-179.18181818181822,13.274457058242843,-0.07347976307996057,0.4766214177978884,-0.09008638420403128,0.45473806086445356,3.0,58.0,45,3,Close (PT Updated/final),mae,,,,
linept_how,Howell,2024.0,1921,940.0,981.0,37.0,-126.45454545454548,13.349782608695651,-0.2593675889328063,0.48932847475273294,-0.0658274572902371,0.4670180677333858,3.0,37.0,46,3,Close (PT Updated/final),mae,,,,
linept_round,lineround,1375.0,1312,670.0,642.0,26.0,-32.90909090909093,13.354909090909091,0.3861818181818182,0.510670731707317,-0.02508314855875833,0.48363000919737326,3.0,8.0,47,3,Close (PT Updated/final),mae,,,,
linept_curry,Daniel Curry Index,2023.0,1986,957.0,1029.0,37.0,-159.00000000000003,13.407928818586257,-0.048561542263964426,0.4818731117824773,-0.08006042296072509,0.45995359290750487,3.0,53.0,48,3,Close (PT Updated/final),mae,,,,
linecfbp_beta_rank,Beta_Rank,1344.0,1314,621.0,693.0,25.0,-128.45454545454547,13.43578869047619,0.3499255952380952,0.4726027397260274,-0.09775840597758408,0.4457278419076362,3.0,62.0,49,3,Close (PT Updated/final),mae,,,,
linept_paynep,linepaynep,2026.0,1989,933.0,1056.0,37.0,-207.81818181818184,13.49207305034551,0.2573050345508391,0.46907993966817496,-0.10448375154257508,0.4472290908764889,3.0,61.0,50,3,Close (PT Updated/final),mae,,,,
linept_bill,Billingsley,2025.0,1987,976.0,1011.0,37.0,-123.72727272727275,13.53657283950617,0.023920987654320946,0.49119275289380976,-0.06226838083909046,0.46924973862508473,3.0,29.0,51,3,Close (PT Updated/final),mae,,,,
linept_rwp,Laffaye RWP,1906.0,1867,910.0,957.0,37.0,-129.72727272727275,13.618064008394542,0.24410807974816373,0.4874129619710766,-0.0694843453279447,0.4647891191251725,3.0,47.0,52,3,Close (PT Updated/final),mae,,,,
linept_dwig,DP Dwiggins,2020.0,1916,931.0,985.0,36.0,-138.63636363636365,13.643069306930693,0.06485148514851485,0.4859081419624217,-0.07235718352628583,0.463579355310179,3.0,50.0,53,3,Close (PT Updated/final),mae,,,,
linecfbp_oddstrader_ai,OddsTrader AI,321.0,306,138.0,168.0,10.0,-42.54545454545455,13.813084112149532,-0.12461059190031153,0.45098039215686275,-0.13903743315508021,0.396179540003197,1.0,71.0,54,3,Close (PT Updated/final),mae,,,,
linept_paynewl,linepaynewl,2026.0,1985,974.0,1011.0,37.0,-125.54545454545458,13.822981243830208,0.16830207305034553,0.4906801007556675,-0.06324708037554387,0.46872746261825754,3.0,32.0,55,3,Close (PT Updated/final),mae,,,,
linept_kerns,Stephen Kerns,2026.0,1981,962.0,1019.0,37.0,-144.45454545454547,13.854220138203358,0.5193731490621915,0.4856133266027259,-0.07292001284934148,0.46365367926052775,3.0,49.0,56,3,Close (PT Updated/final),mae,,,,
linept_pfz,PerformanZ Ratings,2026.0,1987,952.0,1035.0,37.0,-169.54545454545456,14.03502467917078,0.1242546890424483,0.4791142425767489,-0.08532735508075218,0.4572102664884839,3.0,54.0,57,3,Close (PT Updated/final),mae,,,,
linept_clean,Cleanup Hitter,2026.0,1935,946.0,989.0,37.0,-129.00000000000003,14.064422507403751,-0.08615004935834154,0.4888888888888889,-0.06666666666666668,0.4666603971292495,3.0,40.0,58,3,Close (PT Updated/final),mae,,,,
linept_loud,Loudsound.org,1958.0,1874,940.0,934.0,37.0,-79.45454545454548,14.360061287027579,0.10265577119509704,0.5016008537886874,-0.0423983700397788,0.4789831090392672,3.0,14.0,59,3,Close (PT Updated/final),mae,,,,
linept_log,Logistic Regression,856.0,845,430.0,415.0,11.0,-24.090909090909104,15.201121495327103,0.6408177570093455,0.5088757396449705,-0.02850995158687468,0.475204812617348,3.0,18.0,60,3,Close (PT Updated/final),mae,,,,
linecfbp_blake_atkinson,,,322,,,,,,,,,,,,1,3,Close (PT Updated/final),incremental,0.07628777594649251,0.3439684795826368,0.07097598360193734,11.438198757763974
linecfbp_cbcr2_sam,,,322,,,,,,,,,,,,2,3,Close (PT Updated/final),incremental,0.06802885670457082,0.1696614007846021,0.06329211932077776,11.899999999999999
linecfbp_sportsline,,,322,,,,,,,,,,,,3,3,Close (PT Updated/final),incremental,0.0416355904776576,0.110068980560024,0.038736572803903746,12.0
linecfbp_jp,,,838,,,,,,,,,,,,4,3,Close (PT Updated/final),incremental,0.023207502466928674,0.05997290896929247,0.022544672546682888,12.581384248210025
piratings,,,2026,,,,,,,,,,,,5,3,Close (PT Updated/final),incremental,0.021280184980608498,0.07115360773228702,0.0210223588274478,12.665607107601183
massey,,,2026,,,,,,,,,,,,6,3,Close (PT Updated/final),incremental,0.02033656021261591,0.05810984994774718,0.020090166814583064,12.830192497532083
piratings_mean,,,2026,,,,,,,,,,,,7,3,Close (PT Updated/final),incremental,0.01873137127635796,0.07079990610050681,0.018504426002902443,12.57509871668312
linecfbp_cfb_graphs,,,837,,,,,,,,,,,,8,3,Close (PT Updated/final),incremental,0.0165909978241603,0.0644945425294371,0.016116599933718695,12.407646356033453
piratings_bias,,,2026,,,,,,,,,,,,9,3,Close (PT Updated/final),incremental,0.01616725963286564,0.05357191545439605,0.01597138058566326,12.698376110562686
dokter_entropy,,,2025,,,,,,,,,,,,10,3,Close (PT Updated/final),incremental,0.008321056058094474,0.03409135713900443,0.008220191044945228,12.566375308641975
linept_talis,,,1974,,,,,,,,,,,,11,3,Close (PT Updated/final),incremental,0.0018816182696717617,0.0048209532288075166,0.001858231600613449,13.11340932117528
linecfbp_sp,,,1344,,,,,,,,,,,,12,3,Close (PT Updated/final),incremental,0.0017007630631798547,0.006264604238486407,0.0016699830487527437,12.627901785714286
linept_laz,,,2024,,,,,,,,,,,,13,3,Close (PT Updated/final),incremental,0.0012640175840176815,0.00364619895373669,0.001248688159513467,12.952272727272726
linept_kam,,,2024,,,,,,,,,,,,14,3,Close (PT Updated/final),incremental,0.001071886601998912,0.002744032693825483,0.0010588872537697568,12.794056324110674
linept_paynewl,,,2026,,,,,,,,,,,,15,3,Close (PT Updated/final),incremental,0.0005562187619283762,0.0012056768318663266,0.0005494797348083357,13.822981243830208
linept_pig,,,2026,,,,,,,,,,,,16,3,Close (PT Updated/final),incremental,-0.00030383305870523337,-0.0015392976588986644,-0.0003001518825876196,12.777379072063177
linecfbp_room44_bets,,,1342,,,,,,,,,,,,17,3,Close (PT Updated/final),incremental,-0.0013602631958415882,-0.0035187675541449247,-0.0013356097720994362,13.14307004470939
linept_loud,,,1958,,,,,,,,,,,,18,3,Close (PT Updated/final),incremental,-0.001625893222148465,-0.002430467609034226,-0.0016055229211259737,14.360061287027579
linept_round,,,1375,,,,,,,,,,,,19,3,Close (PT Updated/final),incremental,-0.002231196801301236,-0.0013419117028825877,-0.002191703471657588,13.354909090909091
linept_clean,,,2026,,,,,,,,,,,,20,3,Close (PT Updated/final),incremental,-0.0028934508973384276,-0.004976348274333702,-0.002858394467382582,14.064422507403751
linecfbp_professor_sides,,,1342,,,,,,,,,,,,21,3,Close (PT Updated/final),incremental,-0.0034884124917053147,-0.01492079299643338,-0.003425188468877719,12.598360655737705
linept_rwp,,,1906,,,,,,,,,,,,22,3,Close (PT Updated/final),incremental,-0.004416558113128722,-0.008789475563461728,-0.004359743834641221,13.618064008394542
congrove,,,2025,,,,,,,,,,,,23,3,Close (PT Updated/final),incremental,-0.0059357792762349485,-0.013646145252026497,-0.005863827777462621,13.269792592592593
sagarin_golden_mean,,,2026,,,,,,,,,,,,24,3,Close (PT Updated/final),incremental,-0.006092712095220718,-0.018778110506140432,-0.0060188941033537365,12.823756169792695
sagarin,,,2026,,,,,,,,,,,,25,3,Close (PT Updated/final),incremental,-0.006569208548028708,-0.025268412840113202,-0.006489617427425574,12.688430404738401
linept_donchess,,,2026,,,,,,,,,,,,26,3,Close (PT Updated/final),incremental,-0.00851806256744752,-0.031221406898870967,-0.00841485954989159,12.66990128331688
keeper,,,2018,,,,,,,,,,,,27,3,Close (PT Updated/final),incremental,-0.009760913424064018,-0.022887970040958848,-0.009642191986050812,13.231883052527255
linept_dunk,,,1774,,,,,,,,,,,,28,3,Close (PT Updated/final),incremental,-0.009781956366082725,-0.023516405429641854,-0.009646951875123676,13.272209695603157
linept_bill,,,2025,,,,,,,,,,,,29,3,Close (PT Updated/final),incremental,-0.00984687888611617,-0.019772972170080443,-0.009727518367283831,13.53657283950617
sagarin_recent,,,2026,,,,,,,,,,,,30,3,Close (PT Updated/final),incremental,-0.010648340044642787,-0.03071656554762496,-0.010519327042464515,12.889096742349455
linept_bihl,,,989,,,,,,,,,,,,31,3,Close (PT Updated/final),incremental,-0.011634924505230359,-0.037071090860114855,-0.011351517987797028,13.248938321536906
fei,,,2026,,,,,,,,,,,,32,3,Close (PT Updated/final),incremental,-0.011609127219282192,-0.027754531812655976,-0.011468473525941266,13.24423988153998
linecfbp_cbcr2_power,,,322,,,,,,,,,,,,33,3,Close (PT Updated/final),incremental,-0.013390567508030292,-0.03478897835906848,-0.012458204320141672,12.272981366459627
linept_fox,,,2018,,,,,,,,,,,,34,3,Close (PT Updated/final),incremental,-0.012971641978502672,-0.036909641998080014,-0.012813868630643275,12.946551040634292
linecfbp_beta_rank,,,1344,,,,,,,,,,,,35,3,Close (PT Updated/final),incremental,-0.013097378671426359,-0.030315388292382242,-0.012860345357855857,13.43578869047619
linecfbp_wilson_ratings,,,1344,,,,,,,,,,,,36,3,Close (PT Updated/final),incremental,-0.013169506067315697,-0.03918394827090448,-0.012931167408906676,12.923214285714288
linept_argh,,,2026,,,,,,,,,,,,37,3,Close (PT Updated/final),incremental,-0.013441258196980327,-0.03268159541390911,-0.013278406798004,13.170409674234946
sagarin_predictor,,,2026,,,,,,,,,,,,38,3,Close (PT Updated/final),incremental,-0.014414582765071156,-0.0512321574755437,-0.014239938774564429,12.790898321816387
linecfbp_power_rank_free,,,838,,,,,,,,,,,,39,3,Close (PT Updated/final),incremental,-0.014736224274858179,-0.055635683630867086,-0.014315342692501464,12.491766109785203
linept_curry,,,2023,,,,,,,,,,,,40,3,Close (PT Updated/final),incremental,-0.014549417925344447,-0.03250076122833915,-0.014372883629235094,13.407928818586258
espn_fpi,,,2026,,,,,,,,,,,,41,3,Close (PT Updated/final),incremental,-0.01477678473882518,-0.060814531565359764,-0.014597752386955742,12.593262586377096
linept_payne,,,2026,,,,,,,,,,,,42,3,Close (PT Updated/final),incremental,-0.015412739332876922,-0.037907029158856825,-0.015226001891661756,13.141219151036525
linept_how,,,2024,,,,,,,,,,,,43,3,Close (PT Updated/final),incremental,-0.01593317345402351,-0.03585669290455879,-0.015739943246893266,13.349782608695651
harville,,,2026,,,,,,,,,,,,44,3,Close (PT Updated/final),incremental,-0.021171117818918464,-0.07873995512686666,-0.020914613100076137,12.710301085883515
linecfbp_tshoe_index,,,838,,,,,,,,,,,,45,3,Close (PT Updated/final),incremental,-0.022366322111621328,-0.06855149789018294,-0.02172751715953466,12.674940334128879
linept_dwig,,,2020,,,,,,,,,,,,46,3,Close (PT Updated/final),incremental,-0.027145153282649152,-0.05700184837640696,-0.02681530928020677,13.643069306930693
linept_pugh,,,2020,,,,,,,,,,,,47,3,Close (PT Updated/final),incremental,-0.028487129153598054,-0.08581743380516703,-0.028140978641929295,13.021841584158418
teamrankings,,,2026,,,,,,,,,,,,48,3,Close (PT Updated/final),incremental,-0.030991161354050164,-0.134916281105325,-0.030615679095734344,12.61495064165844
linept_born,,,2026,,,,,,,,,,,,49,3,Close (PT Updated/final),incremental,-0.0336067286792456,-0.0873210955833952,-0.03319955676868275,13.274457058242843
linecfbp_power_rank,,,1342,,,,,,,,,,,,50,3,Close (PT Updated/final),incremental,-0.033951829397817705,-0.16006161838206762,-0.033336486102840304,12.572131147540986
linecfbp_cfb_geek,,,828,,,,,,,,,,,,51,3,Close (PT Updated/final),incremental,-0.036529124574610244,-0.1167306233422485,-0.035473756030225845,12.825845410628018
linept_kerns,,,2026,,,,,,,,,,,,52,3,Close (PT Updated/final),incremental,-0.037323726285043324,-0.07250297187582981,-0.03687152002938979,13.854220138203358
linept_log,,,856,,,,,,,,,,,,53,3,Close (PT Updated/final),incremental,-0.03950803016236371,-0.055470457553486015,-0.03840238171676976,15.201121495327103
linecfbp_dratings,,,1344,,,,,,,,,,,,54,3,Close (PT Updated/final),incremental,-0.042635709255399515,-0.1536843522580984,-0.041864098103674655,12.874925595238096
moore_ratings,,,2024,,,,,,,,,,,,55,3,Close (PT Updated/final),incremental,-0.04453271306161766,-0.1199950282008987,-0.04399264077822736,13.187411067193676
linept_pfz,,,2026,,,,,,,,,,,,56,3,Close (PT Updated/final),incremental,-0.053021468533267696,-0.10182714465873177,-0.05237907180225617,14.03502467917078
linept_elo,,,2026,,,,,,,,,,,,57,3,Close (PT Updated/final),incremental,-0.053924203817572174,-0.14013430560019532,-0.05327086973963971,13.244353405725569
linept_paynep,,,2026,,,,,,,,,,,,58,3,Close (PT Updated/final),incremental,-0.0617206310928189,-0.14536934639701796,-0.06097283717562255,13.492073050345507
linecfbp_kford,,,322,,,,,,,,,,,,59,3,Close (PT Updated/final),incremental,-0.09536802394409852,-0.42884100512886686,-0.08872770531878005,11.983850931677019
linecfbp_oddstrader_ai,,,321,,,,,,,,,,,,60,3,Close (PT Updated/final),incremental,-0.10447434743592468,-0.16808111075764262,-0.0971796271668675,13.813084112149532
massey,Massey Ratings,2336.0,2281,1179.0,1102.0,51.0,-30.181818181818215,12.879075342465754,-0.17216609589041085,0.5168785620341956,-0.013231836116535825,0.496360140639413,4.0,3.0,1,4,Open,wilson,,,,
congrove,Congrove Computer Rankings,2335.0,2280,1177.0,1103.0,51.0,-33.000000000000036,13.287948608137045,0.3605481798715204,0.5162280701754386,-0.014473684210526331,0.49570536287929073,4.0,4.0,2,4,Open,wilson,,,,
linecfbp_room44_bets,Room44 Bets,1537.0,1465,758.0,707.0,35.0,-17.90909090909093,13.103122966818477,-0.1338321405335069,0.5174061433447099,-0.012224635432826574,0.49180608483522636,4.0,6.0,3,4,Open,wilson,,,,
linecfbp_sp,SP+,1539.0,1487,767.0,720.0,35.0,-22.727272727272748,12.625406107862249,0.03710201429499673,0.515803631472764,-0.015283976279268828,0.49039493047692473,4.0,8.0,4,4,Open,wilson,,,,
espn_fpi,ESPN FPI,2336.0,2280,1164.0,1116.0,51.0,-57.81818181818185,12.603163527397259,-0.13237585616438363,0.5105263157894737,-0.02535885167464116,0.49000695081166445,4.0,9.0,5,4,Open,wilson,,,,
linecfbp_professor_sides,Professor Sides,1537.0,1487,765.0,722.0,35.0,-26.545454545454565,12.654391672088483,0.03266102797657778,0.5144586415601883,-0.017851684294185988,0.48905134447919046,4.0,10.0,6,4,Open,wilson,,,,
harville,David Harville,2336.0,2283,1163.0,1120.0,51.0,-62.72727272727276,12.726673801369863,-0.05353167808219171,0.5094174332019273,-0.027475809341775192,0.48891250110577933,4.0,11.0,7,4,Open,wilson,,,,
linept_donchess,Donchess Inference,2336.0,2230,1136.0,1094.0,51.0,-61.2727272727273,12.697868150684933,-0.020102739726027413,0.5094170403587444,-0.02747655931512435,0.4886700962355313,4.0,12.0,8,4,Open,wilson,,,,
linept_how,Howell,2334.0,2207,1124.0,1083.0,51.0,-61.18181818181821,13.379597257926306,-0.2124935732647815,0.5092886270956049,-0.02772171190839067,0.48843408270992433,4.0,13.0,9,4,Open,wilson,,,,
linecfbp_jp,JP+,1033.0,1007,522.0,485.0,17.0,-10.454545454545467,12.618973862536302,-0.3907066795740561,0.5183714001986097,-0.010381872348108707,0.48749919990232626,3.0,14.0,10,4,Open,wilson,,,,
keeper,Keeper,2327.0,2273,1154.0,1119.0,51.0,-69.90909090909093,13.271027073485174,0.06446067898581877,0.5076990761108667,-0.030756309242890866,0.4871508221379797,4.0,15.0,11,4,Open,wilson,,,,
linept_laz,Laz Index,2334.0,2282,1156.0,1126.0,51.0,-75.09090909090912,12.933097686375321,-0.049061696658097634,0.5065731814198072,-0.03290574456218629,0.48606667944475934,4.0,17.0,12,4,Open,wilson,,,,
linept_argh,Argh Ratings,2336.0,2167,1098.0,1069.0,51.0,-70.81818181818184,13.214576198630137,0.037564212328767124,0.5066912782648824,-0.03268028694886103,0.485648181192569,4.0,19.0,13,4,Open,wilson,,,,
linept_loud,Loudsound.org,2259.0,2132,1076.0,1056.0,50.0,-77.81818181818186,14.261177512173528,0.11775121735281098,0.5046904315196998,-0.0365000852805731,0.48347815568991265,4.0,21.0,14,4,Open,wilson,,,,
dokter_entropy,Dokter Entropy,2335.0,2283,1150.0,1133.0,51.0,-87.54545454545458,12.589541755888652,-0.20155032119914332,0.5037231712658782,-0.038346673037868845,0.4832247425035779,4.0,22.0,15,4,Open,wilson,,,,
linept_payne,linepayne,2336.0,2281,1149.0,1132.0,51.0,-87.45454545454548,13.191930650684931,0.22608304794520553,0.5037264357737834,-0.038340440795504374,0.48321903025370705,4.0,23.0,16,4,Open,wilson,,,,
piratings,Pi-Ratings,2336.0,2265,1140.0,1125.0,51.0,-88.63636363636367,12.694828767123289,-0.1255650684931507,0.5033112582781457,-0.0391330523780855,0.4827322308808303,4.0,24.0,17,4,Open,wilson,,,,
linecfbp_dratings,DRatings,1539.0,1474,749.0,725.0,35.0,-44.090909090909115,12.787199480181936,0.018648473034437976,0.5081411126187245,-0.02991242136425313,0.48263130597479886,4.0,25.0,18,4,Open,wilson,,,,
linecfbp_cfb_graphs,CFB Graphs,1032.0,1003,515.0,488.0,17.0,-19.81818181818183,12.441375968992247,0.03459302325581405,0.5134596211365903,-0.01975890510287321,0.4825351323738412,3.0,26.0,19,4,Open,wilson,,,,
linept_elo,Beck Elo,2336.0,2283,1148.0,1135.0,51.0,-91.36363636363639,13.246224315068494,-0.05395547945205485,0.5028471309680246,-0.04001911360649864,0.4823499382716873,4.0,27.0,20,4,Open,wilson,,,,
piratings_bias,PI-Rate Bias,2336.0,2268,1140.0,1128.0,51.0,-91.63636363636367,12.743154965753426,-0.16804366438356175,0.5026455026455027,-0.04040404040404042,0.48208103381799317,4.0,28.0,21,4,Open,wilson,,,,
piratings_mean,Pi-Ratings Mean,2336.0,2263,1133.0,1130.0,51.0,-100.00000000000003,12.617354452054794,-0.15713184931506843,0.5006628369421122,-0.04418912947414937,0.4800787863400883,4.0,29.0,22,4,Open,wilson,,,,
sagarin_predictor,Sagarin Predictor,2336.0,2282,1142.0,1140.0,51.0,-101.81818181818184,12.79841609589041,-0.20923801369863007,0.5004382120946538,-0.04461795872838819,0.4799402597339031,4.0,30.0,23,4,Open,wilson,,,,
fei,FEI Projections,2336.0,2264,1132.0,1132.0,51.0,-102.90909090909093,13.21482876712329,-0.1298287671232877,0.5,-0.04545454545454546,0.4794215931099722,4.0,31.0,24,4,Open,wilson,,,,
linecfbp_cfb_geek,CFB Geek,1023.0,988,504.0,484.0,26.0,-25.81818181818183,12.829521016617791,0.08484848484848491,0.5101214574898786,-0.02613176297386825,0.47897166192372337,3.0,32.0,25,4,Open,wilson,,,,
linept_kerns,Stephen Kerns,2336.0,2271,1134.0,1137.0,51.0,-106.09090909090912,13.785209760273972,0.49762414383561654,0.49933949801849403,-0.046715503782875,0.47879391008432487,4.0,33.0,26,4,Open,wilson,,,,
linept_paynewl,linepaynewl,2336.0,2281,1138.0,1143.0,51.0,-108.45454545454548,13.863009417808218,0.14718749999999997,0.498903989478299,-0.047546929177792845,0.4784041725767884,4.0,35.0,27,4,Open,wilson,,,,
linept_rwp,Laffaye RWP,2214.0,2163,1080.0,1083.0,48.0,-101.18181818181822,13.614927732610658,0.23930894308943085,0.49930651872399445,-0.04677846425419242,0.4782552271102865,3.0,36.0,28,4,Open,wilson,,,,
teamrankings,TeamRankings.com,2336.0,2254,1124.0,1130.0,51.0,-108.18181818181822,12.649567636986301,-0.07354880136986301,0.4986690328305235,-0.047995482778091486,0.47804744274721,4.0,37.0,29,4,Open,wilson,,,,
linecfbp_power_rank_free,Power Rank: Free,1033.0,1010,513.0,497.0,17.0,-30.63636363636365,12.472120038722169,-0.6186834462729913,0.5079207920792079,-0.030333033303330346,0.477117146586865,3.0,39.0,30,4,Open,wilson,,,,
linept_pig,Pigskin Index,2336.0,2147,1069.0,1078.0,51.0,-106.18181818181822,12.842876712328767,-0.20593321917808216,0.49790405216581274,-0.04945590041072111,0.47677728034555134,4.0,40.0,31,4,Open,wilson,,,,
linecfbp_wilson_ratings,Wilson Ratings,1539.0,1488,747.0,741.0,35.0,-61.909090909090935,12.881806367771281,-0.12417153996101352,0.5020161290322581,-0.04160557184750735,0.4766390231325509,4.0,41.0,32,4,Open,wilson,,,,
linept_bill,Billingsley,2335.0,2282,1133.0,1149.0,51.0,-119.00000000000003,13.554496788008565,0.04864668094218409,0.4964943032427695,-0.05214723926380369,0.4760034739158757,4.0,42.0,33,4,Open,wilson,,,,
linept_talis,Talisman Red,2284.0,2233,1108.0,1125.0,50.0,-117.72727272727276,13.096571803852889,-0.037456217162872056,0.4961934617107031,-0.052721573097748664,0.47548008582286666,4.0,43.0,34,4,Open,wilson,,,,
linept_pugh,Pugh Ratings,2330.0,2278,1129.0,1149.0,51.0,-122.63636363636367,13.030424892703863,-0.02800429184549349,0.49561018437225635,-0.05383510256205604,0.4751031825156852,4.0,45.0,35,4,Open,wilson,,,,
linept_curry,Daniel Curry Index,2333.0,2280,1128.0,1152.0,51.0,-126.54545454545458,13.421414487783968,-0.048264037719674246,0.49473684210526314,-0.05550239234449762,0.4742406323113444,4.0,47.0,36,4,Open,wilson,,,,
sagarin_golden_mean,Sagarin Golden Mean,2336.0,2282,1126.0,1156.0,51.0,-132.3636363636364,12.836596746575342,-0.2503981164383562,0.4934268185801928,-0.05800334634690465,0.47294240965595363,4.0,49.0,37,4,Open,wilson,,,,
linept_dwig,DP Dwiggins,2330.0,2183,1077.0,1106.0,51.0,-126.90909090909093,13.589377682403434,0.0861587982832618,0.4933577645442052,-0.05813517677924459,0.47241522745746184,4.0,50.0,38,4,Open,wilson,,,,
linecfbp_tshoe_index,TShoe Index,1033.0,1003,503.0,500.0,17.0,-42.72727272727274,12.75246853823814,-0.13020329138431752,0.5014955134596212,-0.04259947430435966,0.4706056602528458,3.0,53.0,39,4,Open,wilson,,,,
linecfbp_beta_rank,Beta_Rank,1539.0,1497,741.0,756.0,35.0,-82.36363636363639,13.484860298895388,0.3745289148797921,0.49498997995991983,-0.055019129167425775,0.46970813787192706,4.0,56.0,40,4,Open,wilson,,,,
linept_pfz,PerformanZ Ratings,2336.0,2285,1118.0,1167.0,51.0,-150.63636363636365,13.997337328767125,0.10641267123287677,0.4892778993435449,-0.06592401034414164,0.46881681064899056,4.0,57.0,41,4,Open,wilson,,,,
linecfbp_power_rank,Power Rank,1537.0,1488,734.0,754.0,35.0,-86.72727272727275,12.540403383214052,-0.01730644111906294,0.4932795698924731,-0.058284457478005876,0.46792704072961716,4.0,58.0,42,4,Open,wilson,,,,
moore_ratings,Moore Power Ratings,2334.0,2281,1112.0,1169.0,51.0,-158.09090909090912,13.217112253641817,-0.0670265638389032,0.4875054800526085,-0.06930771989956559,0.46703116946953144,4.0,59.0,43,4,Open,wilson,,,,
sagarin_recent,Sagarin Recent,2336.0,2282,1112.0,1170.0,51.0,-159.09090909090912,12.926339897260274,-0.12131421232876717,0.48729184925503943,-0.06971556051310654,0.4668225925102987,4.0,60.0,44,4,Open,wilson,,,,
linept_born,Born Power Index,2336.0,2285,1111.0,1174.0,51.0,-164.00000000000003,13.28058647260274,-0.06201626712328772,0.4862144420131291,-0.07177242888402627,0.4657615663912514,4.0,62.0,45,4,Open,wilson,,,,
linept_kam,Edward Kambour,2334.0,2283,1108.0,1175.0,51.0,-167.72727272727275,12.861666666666666,-0.241700942587832,0.4853263250109505,-0.0734679249790945,0.4648670441889558,4.0,63.0,46,4,Open,wilson,,,,
sagarin,Sagarin Ratings,2336.0,2282,1105.0,1177.0,51.0,-172.4545454545455,12.719815924657533,-0.21788099315068496,0.48422436459246276,-0.0755716675962075,0.46376384017085664,4.0,65.0,47,4,Open,wilson,,,,
linept_paynep,linepaynep,2336.0,2282,1098.0,1184.0,51.0,-185.81818181818184,13.452457191780821,0.2967037671232876,0.48115687992988604,-0.08142777467930844,0.46070585916315626,4.0,66.0,48,4,Open,wilson,,,,
linecfbp_cbcr2_power,CBCR2: Power,517.0,505,251.0,254.0,8.0,-25.818181818181827,12.370212765957445,0.21663442940038685,0.497029702970297,-0.051125112511251146,0.45360918331049527,2.0,67.0,49,4,Open,wilson,,,,
linecfbp_sportsline,SportsLine,517.0,489,239.0,250.0,8.0,-32.727272727272734,12.421663442940039,0.17408123791102514,0.4887525562372188,-0.06692693809258228,0.44470803994784924,2.0,68.0,50,4,Open,wilson,,,,
linecfbp_kford,KFord,517.0,504,243.0,261.0,8.0,-40.0909090909091,12.054932301740811,-0.07852998065764022,0.48214285714285715,-0.07954545454545456,0.43881900999762924,2.0,70.0,51,4,Open,wilson,,,,
linecfbp_kford,KFord,517.0,504,243.0,261.0,8.0,-40.0909090909091,12.054932301740811,-0.07852998065764022,0.48214285714285715,-0.07954545454545456,0.43881900999762924,2.0,70.0,1,4,Open,mae,,,,
linecfbp_cbcr2_power,CBCR2: Power,517.0,505,251.0,254.0,8.0,-25.818181818181827,12.370212765957445,0.21663442940038685,0.497029702970297,-0.051125112511251146,0.45360918331049527,2.0,67.0,2,4,Open,mae,,,,
linecfbp_sportsline,SportsLine,517.0,489,239.0,250.0,8.0,-32.727272727272734,12.421663442940039,0.17408123791102514,0.4887525562372188,-0.06692693809258228,0.44470803994784924,2.0,68.0,3,4,Open,mae,,,,
linecfbp_cfb_graphs,CFB Graphs,1032.0,1003,515.0,488.0,17.0,-19.81818181818183,12.441375968992247,0.03459302325581405,0.5134596211365903,-0.01975890510287321,0.4825351323738412,3.0,26.0,4,4,Open,mae,,,,
linecfbp_power_rank_free,Power Rank: Free,1033.0,1010,513.0,497.0,17.0,-30.63636363636365,12.472120038722169,-0.6186834462729913,0.5079207920792079,-0.030333033303330346,0.477117146586865,3.0,39.0,5,4,Open,mae,,,,
linecfbp_power_rank,Power Rank,1537.0,1488,734.0,754.0,35.0,-86.72727272727275,12.540403383214052,-0.01730644111906294,0.4932795698924731,-0.058284457478005876,0.46792704072961716,4.0,58.0,6,4,Open,mae,,,,
dokter_entropy,Dokter Entropy,2335.0,2283,1150.0,1133.0,51.0,-87.54545454545458,12.589541755888652,-0.20155032119914332,0.5037231712658782,-0.038346673037868845,0.4832247425035779,4.0,22.0,7,4,Open,mae,,,,
espn_fpi,ESPN FPI,2336.0,2280,1164.0,1116.0,51.0,-57.81818181818185,12.603163527397259,-0.13237585616438363,0.5105263157894737,-0.02535885167464116,0.49000695081166445,4.0,9.0,8,4,Open,mae,,,,
piratings_mean,Pi-Ratings Mean,2336.0,2263,1133.0,1130.0,51.0,-100.00000000000003,12.617354452054794,-0.15713184931506843,0.5006628369421122,-0.04418912947414937,0.4800787863400883,4.0,29.0,9,4,Open,mae,,,,
linecfbp_jp,JP+,1033.0,1007,522.0,485.0,17.0,-10.454545454545467,12.618973862536302,-0.3907066795740561,0.5183714001986097,-0.010381872348108707,0.48749919990232626,3.0,14.0,10,4,Open,mae,,,,
linecfbp_sp,SP+,1539.0,1487,767.0,720.0,35.0,-22.727272727272748,12.625406107862249,0.03710201429499673,0.515803631472764,-0.015283976279268828,0.49039493047692473,4.0,8.0,11,4,Open,mae,,,,
teamrankings,TeamRankings.com,2336.0,2254,1124.0,1130.0,51.0,-108.18181818181822,12.649567636986301,-0.07354880136986301,0.4986690328305235,-0.047995482778091486,0.47804744274721,4.0,37.0,12,4,Open,mae,,,,
linecfbp_professor_sides,Professor Sides,1537.0,1487,765.0,722.0,35.0,-26.545454545454565,12.654391672088483,0.03266102797657778,0.5144586415601883,-0.017851684294185988,0.48905134447919046,4.0,10.0,13,4,Open,mae,,,,
piratings,Pi-Ratings,2336.0,2265,1140.0,1125.0,51.0,-88.63636363636367,12.694828767123289,-0.1255650684931507,0.5033112582781457,-0.0391330523780855,0.4827322308808303,4.0,24.0,14,4,Open,mae,,,,
linept_donchess,Donchess Inference,2336.0,2230,1136.0,1094.0,51.0,-61.2727272727273,12.697868150684933,-0.020102739726027413,0.5094170403587444,-0.02747655931512435,0.4886700962355313,4.0,12.0,15,4,Open,mae,,,,
sagarin,Sagarin Ratings,2336.0,2282,1105.0,1177.0,51.0,-172.4545454545455,12.719815924657533,-0.21788099315068496,0.48422436459246276,-0.0755716675962075,0.46376384017085664,4.0,65.0,16,4,Open,mae,,,,
harville,David Harville,2336.0,2283,1163.0,1120.0,51.0,-62.72727272727276,12.726673801369863,-0.05353167808219171,0.5094174332019273,-0.027475809341775192,0.48891250110577933,4.0,11.0,17,4,Open,mae,,,,
piratings_bias,PI-Rate Bias,2336.0,2268,1140.0,1128.0,51.0,-91.63636363636367,12.743154965753426,-0.16804366438356175,0.5026455026455027,-0.04040404040404042,0.48208103381799317,4.0,28.0,18,4,Open,mae,,,,
linecfbp_tshoe_index,TShoe Index,1033.0,1003,503.0,500.0,17.0,-42.72727272727274,12.75246853823814,-0.13020329138431752,0.5014955134596212,-0.04259947430435966,0.4706056602528458,3.0,53.0,19,4,Open,mae,,,,
linecfbp_dratings,DRatings,1539.0,1474,749.0,725.0,35.0,-44.090909090909115,12.787199480181936,0.018648473034437976,0.5081411126187245,-0.02991242136425313,0.48263130597479886,4.0,25.0,20,4,Open,mae,,,,
sagarin_predictor,Sagarin Predictor,2336.0,2282,1142.0,1140.0,51.0,-101.81818181818184,12.79841609589041,-0.20923801369863007,0.5004382120946538,-0.04461795872838819,0.4799402597339031,4.0,30.0,21,4,Open,mae,,,,
linecfbp_cfb_geek,CFB Geek,1023.0,988,504.0,484.0,26.0,-25.81818181818183,12.829521016617791,0.08484848484848491,0.5101214574898786,-0.02613176297386825,0.47897166192372337,3.0,32.0,22,4,Open,mae,,,,
sagarin_golden_mean,Sagarin Golden Mean,2336.0,2282,1126.0,1156.0,51.0,-132.3636363636364,12.836596746575342,-0.2503981164383562,0.4934268185801928,-0.05800334634690465,0.47294240965595363,4.0,49.0,23,4,Open,mae,,,,
linept_pig,Pigskin Index,2336.0,2147,1069.0,1078.0,51.0,-106.18181818181822,12.842876712328767,-0.20593321917808216,0.49790405216581274,-0.04945590041072111,0.47677728034555134,4.0,40.0,24,4,Open,mae,,,,
linept_kam,Edward Kambour,2334.0,2283,1108.0,1175.0,51.0,-167.72727272727275,12.861666666666666,-0.241700942587832,0.4853263250109505,-0.0734679249790945,0.4648670441889558,4.0,63.0,25,4,Open,mae,,,,
massey,Massey Ratings,2336.0,2281,1179.0,1102.0,51.0,-30.181818181818215,12.879075342465754,-0.17216609589041085,0.5168785620341956,-0.013231836116535825,0.496360140639413,4.0,3.0,26,4,Open,mae,,,,
linecfbp_wilson_ratings,Wilson Ratings,1539.0,1488,747.0,741.0,35.0,-61.909090909090935,12.881806367771281,-0.12417153996101352,0.5020161290322581,-0.04160557184750735,0.4766390231325509,4.0,41.0,27,4,Open,mae,,,,
sagarin_recent,Sagarin Recent,2336.0,2282,1112.0,1170.0,51.0,-159.09090909090912,12.926339897260274,-0.12131421232876717,0.48729184925503943,-0.06971556051310654,0.4668225925102987,4.0,60.0,28,4,Open,mae,,,,
linept_laz,Laz Index,2334.0,2282,1156.0,1126.0,51.0,-75.09090909090912,12.933097686375321,-0.049061696658097634,0.5065731814198072,-0.03290574456218629,0.48606667944475934,4.0,17.0,29,4,Open,mae,,,,
linept_pugh,Pugh Ratings,2330.0,2278,1129.0,1149.0,51.0,-122.63636363636367,13.030424892703863,-0.02800429184549349,0.49561018437225635,-0.05383510256205604,0.4751031825156852,4.0,45.0,30,4,Open,mae,,,,
linept_talis,Talisman Red,2284.0,2233,1108.0,1125.0,50.0,-117.72727272727276,13.096571803852889,-0.037456217162872056,0.4961934617107031,-0.052721573097748664,0.47548008582286666,4.0,43.0,31,4,Open,mae,,,,
linecfbp_room44_bets,Room44 Bets,1537.0,1465,758.0,707.0,35.0,-17.90909090909093,13.103122966818477,-0.1338321405335069,0.5174061433447099,-0.012224635432826574,0.49180608483522636,4.0,6.0,32,4,Open,mae,,,,
linept_payne,linepayne,2336.0,2281,1149.0,1132.0,51.0,-87.45454545454548,13.191930650684931,0.22608304794520553,0.5037264357737834,-0.038340440795504374,0.48321903025370705,4.0,23.0,33,4,Open,mae,,,,
linept_argh,Argh Ratings,2336.0,2167,1098.0,1069.0,51.0,-70.81818181818184,13.214576198630137,0.037564212328767124,0.5066912782648824,-0.03268028694886103,0.485648181192569,4.0,19.0,34,4,Open,mae,,,,
fei,FEI Projections,2336.0,2264,1132.0,1132.0,51.0,-102.90909090909093,13.21482876712329,-0.1298287671232877,0.5,-0.04545454545454546,0.4794215931099722,4.0,31.0,35,4,Open,mae,,,,
moore_ratings,Moore Power Ratings,2334.0,2281,1112.0,1169.0,51.0,-158.09090909090912,13.217112253641817,-0.0670265638389032,0.4875054800526085,-0.06930771989956559,0.46703116946953144,4.0,59.0,36,4,Open,mae,,,,
linept_elo,Beck Elo,2336.0,2283,1148.0,1135.0,51.0,-91.36363636363639,13.246224315068494,-0.05395547945205485,0.5028471309680246,-0.04001911360649864,0.4823499382716873,4.0,27.0,37,4,Open,mae,,,,
keeper,Keeper,2327.0,2273,1154.0,1119.0,51.0,-69.90909090909093,13.271027073485174,0.06446067898581877,0.5076990761108667,-0.030756309242890866,0.4871508221379797,4.0,15.0,38,4,Open,mae,,,,
linept_born,Born Power Index,2336.0,2285,1111.0,1174.0,51.0,-164.00000000000003,13.28058647260274,-0.06201626712328772,0.4862144420131291,-0.07177242888402627,0.4657615663912514,4.0,62.0,39,4,Open,mae,,,,
congrove,Congrove Computer Rankings,2335.0,2280,1177.0,1103.0,51.0,-33.000000000000036,13.287948608137045,0.3605481798715204,0.5162280701754386,-0.014473684210526331,0.49570536287929073,4.0,4.0,40,4,Open,mae,,,,
linept_how,Howell,2334.0,2207,1124.0,1083.0,51.0,-61.18181818181821,13.379597257926306,-0.2124935732647815,0.5092886270956049,-0.02772171190839067,0.48843408270992433,4.0,13.0,41,4,Open,mae,,,,
linept_curry,Daniel Curry Index,2333.0,2280,1128.0,1152.0,51.0,-126.54545454545458,13.421414487783968,-0.048264037719674246,0.49473684210526314,-0.05550239234449762,0.4742406323113444,4.0,47.0,42,4,Open,mae,,,,
linept_paynep,linepaynep,2336.0,2282,1098.0,1184.0,51.0,-185.81818181818184,13.452457191780821,0.2967037671232876,0.48115687992988604,-0.08142777467930844,0.46070585916315626,4.0,66.0,43,4,Open,mae,,,,
linecfbp_beta_rank,Beta_Rank,1539.0,1497,741.0,756.0,35.0,-82.36363636363639,13.484860298895388,0.3745289148797921,0.49498997995991983,-0.055019129167425775,0.46970813787192706,4.0,56.0,44,4,Open,mae,,,,
linept_bill,Billingsley,2335.0,2282,1133.0,1149.0,51.0,-119.00000000000003,13.554496788008565,0.04864668094218409,0.4964943032427695,-0.05214723926380369,0.4760034739158757,4.0,42.0,45,4,Open,mae,,,,
linept_dwig,DP Dwiggins,2330.0,2183,1077.0,1106.0,51.0,-126.90909090909093,13.589377682403434,0.0861587982832618,0.4933577645442052,-0.05813517677924459,0.47241522745746184,4.0,50.0,46,4,Open,mae,,,,
linept_rwp,Laffaye RWP,2214.0,2163,1080.0,1083.0,48.0,-101.18181818181822,13.614927732610658,0.23930894308943085,0.49930651872399445,-0.04677846425419242,0.4782552271102865,3.0,36.0,47,4,Open,mae,,,,
linept_kerns,Stephen Kerns,2336.0,2271,1134.0,1137.0,51.0,-106.09090909090912,13.785209760273972,0.49762414383561654,0.49933949801849403,-0.046715503782875,0.47879391008432487,4.0,33.0,48,4,Open,mae,,,,
linept_paynewl,linepaynewl,2336.0,2281,1138.0,1143.0,51.0,-108.45454545454548,13.863009417808218,0.14718749999999997,0.498903989478299,-0.047546929177792845,0.4784041725767884,4.0,35.0,49,4,Open,mae,,,,
linept_pfz,PerformanZ Ratings,2336.0,2285,1118.0,1167.0,51.0,-150.63636363636365,13.997337328767125,0.10641267123287677,0.4892778993435449,-0.06592401034414164,0.46881681064899056,4.0,57.0,50,4,Open,mae,,,,
linept_loud,Loudsound.org,2259.0,2132,1076.0,1056.0,50.0,-77.81818181818186,14.261177512173528,0.11775121735281098,0.5046904315196998,-0.0365000852805731,0.48347815568991265,4.0,21.0,51,4,Open,mae,,,,
linecfbp_sp,,,1539,,,,,,,,,,,,1,4,Open,incremental,0.05028274783771865,0.17722850469084192,0.049485317855130065,12.625406107862249
piratings,,,2336,,,,,,,,,,,,2,4,Open,incremental,0.04373008042749539,0.1496349521365207,0.04326946003768789,12.694828767123289
linecfbp_cfb_graphs,,,1032,,,,,,,,,,,,3,4,Open,incremental,0.042955844873209865,0.15374208101733375,0.0419515956027358,12.441375968992247
piratings_mean,,,2336,,,,,,,,,,,,4,4,Open,incremental,0.03981904963076929,0.15464463526266542,0.03939962515262091,12.617354452054794
piratings_bias,,,2336,,,,,,,,,,,,5,4,Open,incremental,0.03969038726607142,0.13253225981265207,0.03927231802230636,12.743154965753424
dokter_entropy,,,2335,,,,,,,,,,,,6,4,Open,incremental,0.038269680002174976,0.16591074310832463,0.03786640552350279,12.58954175588865
keeper,,,2327,,,,,,,,,,,,7,4,Open,incremental,0.0364717874864915,0.08271924940700758,0.03608615825987947,13.271027073485174
linecfbp_room44_bets,,,1537,,,,,,,,,,,,8,4,Open,incremental,0.03290049127906502,0.08340749004397519,0.03237806222542751,13.103122966818477
linecfbp_cbcr2_power,,,517,,,,,,,,,,,,9,4,Open,incremental,0.03308583188476149,0.0873731714908186,0.03159335887755085,12.370212765957445
linecfbp_professor_sides,,,1537,,,,,,,,,,,,10,4,Open,incremental,0.03146899791093999,0.11992545759669042,0.030969299634154856,12.654391672088487
espn_fpi,,,2336,,,,,,,,,,,,11,4,Open,incremental,0.03076250883018498,0.12374542888939728,0.030438479268146783,12.603163527397259
linecfbp_jp,,,1033,,,,,,,,,,,,12,4,Open,incremental,0.02836104730743188,0.07908671274986798,0.02769862411653291,12.618973862536302
linept_pig,,,2336,,,,,,,,,,,,13,4,Open,incremental,0.02209534629843592,0.07468893069007734,0.021862610229226268,12.842876712328767
linecfbp_cfb_geek,,,1023,,,,,,,,,,,,14,4,Open,incremental,0.021975439537594385,0.06972904413595662,0.021457322378387166,12.829521016617791
linecfbp_power_rank,,,1537,,,,,,,,,,,,15,4,Open,incremental,0.019952978868042762,0.09514509064215196,0.01963614421111125,12.540403383214052
linecfbp_sportsline,,,517,,,,,,,,,,,,16,4,Open,incremental,0.019726491553688552,0.059748553182997405,0.018836646732092614,12.421663442940039
linept_donchess,,,2336,,,,,,,,,,,,17,4,Open,incremental,0.017735220659393786,0.06998545293271359,0.0175484109354328,12.697868150684931
massey,,,2336,,,,,,,,,,,,18,4,Open,incremental,0.01752105657324234,0.0549339315856916,0.01733650269568917,12.879075342465752
congrove,,,2335,,,,,,,,,,,,19,4,Open,incremental,0.017017738676707483,0.04262929872879594,0.01683841081996453,13.287948608137045
linept_laz,,,2334,,,,,,,,,,,,20,4,Open,incremental,0.013918041918425031,0.04353726099523778,0.013771315894080342,12.933097686375321
linept_kam,,,2334,,,,,,,,,,,,21,4,Open,incremental,0.01305251392096306,0.043018183672921116,0.012914912418786858,12.861666666666666
teamrankings,,,2336,,,,,,,,,,,,22,4,Open,incremental,0.01281998293306077,0.053492508094775966,0.012684946695344658,12.649567636986301
linept_pugh,,,2330,,,,,,,,,,,,23,4,Open,incremental,0.010084611756266858,0.02971327383523998,0.0099781186792957,13.030424892703863
sagarin_recent,,,2336,,,,,,,,,,,,24,4,Open,incremental,0.009769140378338028,0.02912550245010403,0.009666239464249497,12.926339897260274
linept_talis,,,2284,,,,,,,,,,,,25,4,Open,incremental,0.009755593217736806,0.02663027715853085,0.009650533153095412,13.096571803852889
sagarin,,,2336,,,,,,,,,,,,26,4,Open,incremental,0.006368896811685175,0.02515997576925325,0.006301811553589065,12.719815924657533
linecfbp_dratings,,,1539,,,,,,,,,,,,27,4,Open,incremental,0.004642640202990107,0.01786038317065789,0.004569012951985771,12.787199480181936
linept_dwig,,,2330,,,,,,,,,,,,28,4,Open,incremental,0.004040327303297071,0.008950910912626411,0.003997661616516288,13.589377682403434
linecfbp_beta_rank,,,1539,,,,,,,,,,,,29,4,Open,incremental,0.002694637945596336,0.005881485353587463,0.002651903902958604,13.484860298895388
sagarin_predictor,,,2336,,,,,,,,,,,,30,4,Open,incremental,0.0009953506548842138,0.003163060180593878,0.0009848663657595212,12.79841609589041
linept_curry,,,2333,,,,,,,,,,,,31,4,Open,incremental,0.0007902023768336946,0.0018694878325289,0.00078186843392083,13.421414487783968
linept_born,,,2336,,,,,,,,,,,,32,4,Open,incremental,0.0005468429567179918,0.001431135053568506,0.0005410829166397541,13.28058647260274
linept_loud,,,2259,,,,,,,,,,,,33,4,Open,incremental,0.00014836941029970356,0.00041914530804576755,0.00014675419333523668,14.261177512173528
sagarin_golden_mean,,,2336,,,,,,,,,,,,34,4,Open,incremental,-0.0007259860466282344,-0.0029741954631761366,-0.000718339045467394,12.836596746575342
harville,,,2336,,,,,,,,,,,,35,4,Open,incremental,-0.0015170336641347464,-0.005910460210411128,-0.0015010543512477413,12.726673801369863
linecfbp_wilson_ratings,,,1539,,,,,,,,,,,,36,4,Open,incremental,-0.0021340117479567793,-0.006574736085244649,-0.0021001686303032036,12.88180636777128
linept_paynewl,,,2336,,,,,,,,,,,,37,4,Open,incremental,-0.002351133242854091,-0.0042820298073582225,-0.0023263681406583974,13.86300941780822
linept_payne,,,2336,,,,,,,,,,,,38,4,Open,incremental,-0.0023619330144259826,-0.0055476229372293006,-0.002337054155407922,13.191930650684931
linept_argh,,,2336,,,,,,,,,,,,39,4,Open,incremental,-0.004026270867317262,-0.010167206060951431,-0.003983861101813876,13.214576198630137
fei,,,2336,,,,,,,,,,,,40,4,Open,incremental,-0.004993706446439323,-0.013052635729684868,-0.00494110642861505,13.21482876712329
linept_rwp,,,2214,,,,,,,,,,,,41,4,Open,incremental,-0.010307883294943072,-0.022405850054850247,-0.01019342401435935,13.614927732610658
linecfbp_power_rank_free,,,1033,,,,,,,,,,,,42,4,Open,incremental,-0.011324310990716197,-0.0459520107139771,-0.011059811371224474,12.472120038722167
linecfbp_tshoe_index,,,1033,,,,,,,,,,,,43,4,Open,incremental,-0.012038883168440796,-0.037125981243446904,-0.011757693432502919,12.75246853823814
linept_how,,,2334,,,,,,,,,,,,44,4,Open,incremental,-0.013481530504735901,-0.03249870742718279,-0.01333940624726956,13.379597257926308
linept_kerns,,,2336,,,,,,,,,,,,45,4,Open,incremental,-0.017091025449854882,-0.03421103574350836,-0.016911001202747113,13.785209760273972
linept_bill,,,2335,,,,,,,,,,,,46,4,Open,incremental,-0.02045751894851072,-0.045122472824777604,-0.020241943712751804,13.554496788008565
linecfbp_kford,,,517,,,,,,,,,,,,47,4,Open,incremental,-0.021492613101049794,-0.09588133874989828,-0.020523100077485396,12.054932301740811
linept_paynep,,,2336,,,,,,,,,,,,48,4,Open,incremental,-0.021398870355700594,-0.05021752946248806,-0.021173470449998944,13.452457191780821
linept_pfz,,,2336,,,,,,,,,,,,49,4,Open,incremental,-0.02627594883284088,-0.051689749105470355,-0.025999177382259802,13.997337328767124
moore_ratings,,,2334,,,,,,,,,,,,50,4,Open,incremental,-0.029037684512780347,-0.08219963818547756,-0.028731565014814518,13.217112253641815
linept_elo,,,2336,,,,,,,,,,,,51,4,Open,incremental,-0.03416018299276705,-0.09269139020231841,-0.03380036483894242,13.246224315068494
linept_donchess,Donchess Inference,2336.0,2255,1150.0,1105.0,34.0,-59.545454545454575,12.697868150684933,-0.020102739726027413,0.5099778270509978,-0.026405966539004247,0.48934559561047775,4.0,1.0,1,4,Midweek,wilson,,,,
linept_talis,Talisman Red,2284.0,2250,1145.0,1105.0,33.0,-64.09090909090912,13.096571803852889,-0.037456217162872056,0.5088888888888888,-0.0284848484848485,0.4882347747608988,4.0,2.0,2,4,Midweek,wilson,,,,
congrove,Congrove Computer Rankings,2335.0,2299,1169.0,1130.0,34.0,-67.27272727272731,13.287948608137045,0.3605481798715204,0.5084819486733362,-0.02926173435090357,0.4880493067953866,4.0,3.0,3,4,Midweek,wilson,,,,
linecfbp_sp,SP+,1539.0,1503,770.0,733.0,23.0,-33.00000000000002,12.625406107862249,0.03710201429499673,0.5123087159015303,-0.021956087824351312,0.48703944833500673,4.0,4.0,4,4,Midweek,wilson,,,,
keeper,Keeper,2327.0,2284,1159.0,1125.0,34.0,-71.3636363636364,13.271027073485174,0.06446067898581877,0.5074430823117339,-0.031245024677599126,0.48694458857718886,4.0,5.0,5,4,Midweek,wilson,,,,
massey,Massey Ratings,2336.0,2301,1162.0,1139.0,34.0,-82.63636363636367,12.879075342465754,-0.17216609589041085,0.5049978270317254,-0.035913239303069826,0.48457795092159156,4.0,6.0,6,4,Midweek,wilson,,,,
linecfbp_cfb_graphs,CFB Graphs,1032.0,1000,514.0,486.0,16.0,-18.72727272727274,12.441375968992247,0.03459302325581405,0.514,-0.01872727272727274,0.48302810642681226,3.0,8.0,7,4,Midweek,wilson,,,,
piratings,Pi-Ratings,2336.0,2284,1150.0,1134.0,34.0,-88.54545454545458,12.694828767123289,-0.1255650684931507,0.5035026269702276,-0.038767712147747185,0.48300898504478257,4.0,9.0,8,4,Midweek,wilson,,,,
piratings_bias,PI-Rate Bias,2336.0,2292,1150.0,1142.0,34.0,-96.54545454545458,12.743154965753426,-0.16804366438356175,0.5017452006980803,-0.0421227986673013,0.4812898697873806,4.0,11.0,9,4,Midweek,wilson,,,,
linecfbp_room44_bets,Room44 Bets,1537.0,1493,755.0,738.0,23.0,-51.63636363636366,13.103122966818477,-0.1338321405335069,0.5056932350971199,-0.034585642087316584,0.48035055337042903,4.0,12.0,10,4,Midweek,wilson,,,,
piratings_mean,Pi-Ratings Mean,2336.0,2272,1135.0,1137.0,34.0,-105.18181818181822,12.617354452054794,-0.15713184931506843,0.49955985915492956,-0.046294814340589005,0.47901840341428426,4.0,13.0,11,4,Midweek,wilson,,,,
linecfbp_power_rank,Power Rank,1537.0,1499,753.0,746.0,23.0,-61.454545454545475,12.540403383214052,-0.01730644111906294,0.5023348899266178,-0.04099702832191159,0.4770501021717111,4.0,15.0,12,4,Midweek,wilson,,,,
linept_loud,Loudsound.org,2259.0,2170,1079.0,1091.0,33.0,-110.09090909090912,14.261177512173528,0.11775121735281098,0.49723502304147466,-0.05073313782991204,0.4762216117081904,4.0,17.0,13,4,Midweek,wilson,,,,
linecfbp_cfb_geek,CFB Geek,1023.0,1000,507.0,493.0,17.0,-32.0909090909091,12.829521016617791,0.08484848484848491,0.507,-0.0320909090909091,0.47604583278568624,3.0,18.0,14,4,Midweek,wilson,,,,
linecfbp_dratings,DRatings,1539.0,1493,748.0,745.0,23.0,-65.00000000000001,12.787199480181936,0.018648473034437976,0.5010046885465506,-0.043536503683858016,0.4756724525413269,4.0,20.0,15,4,Midweek,wilson,,,,
linecfbp_jp,JP+,1033.0,1005,509.0,496.0,16.0,-33.27272727272729,12.618973862536302,-0.3907066795740561,0.5064676616915423,-0.033107191316146554,0.4755919496047905,3.0,21.0,16,4,Midweek,wilson,,,,
linecfbp_power_rank_free,Power Rank: Free,1033.0,1008,509.0,499.0,16.0,-36.27272727272729,12.472120038722169,-0.6186834462729913,0.5049603174603174,-0.0359848484848485,0.4741351126369129,3.0,23.0,17,4,Midweek,wilson,,,,
harville,David Harville,2336.0,2298,1135.0,1163.0,34.0,-131.18181818181822,12.726673801369863,-0.05353167808219171,0.4939077458659704,-0.05708521243769287,0.4734935648619115,4.0,24.0,18,4,Midweek,wilson,,,,
fei,FEI Projections,2336.0,2281,1126.0,1155.0,34.0,-131.3636363636364,13.21482876712329,-0.1298287671232877,0.49364313897413414,-0.05759037104938027,0.47315377208055615,4.0,26.0,19,4,Midweek,wilson,,,,
sagarin_golden_mean,Sagarin Golden Mean,2336.0,2302,1132.0,1170.0,34.0,-140.90909090909093,12.836596746575342,-0.2503981164383562,0.4917463075586447,-0.0612115946607693,0.47135469645939027,4.0,28.0,20,4,Midweek,wilson,,,,
linept_argh,Argh Ratings,2336.0,2217,1090.0,1127.0,34.0,-136.09090909090912,13.214576198630137,0.037564212328767124,0.4916553901668922,-0.06138516422684218,0.47087769651530026,4.0,30.0,21,4,Midweek,wilson,,,,
linept_kerns,Stephen Kerns,2336.0,2294,1127.0,1167.0,34.0,-142.4545454545455,13.785209760273972,0.49762414383561654,0.49128160418482997,-0.06209875564714276,0.4708556497443868,4.0,31.0,22,4,Midweek,wilson,,,,
linept_laz,Laz Index,2334.0,2297,1128.0,1169.0,34.0,-143.54545454545456,12.933097686375321,-0.049061696658097634,0.4910753156290814,-0.06249257925357186,0.4706631653494678,4.0,32.0,23,4,Midweek,wilson,,,,
linept_kam,Edward Kambour,2334.0,2298,1128.0,1170.0,34.0,-144.54545454545456,12.861666666666666,-0.241700942587832,0.4908616187989556,-0.06290054592926657,0.4704544137228779,4.0,33.0,24,4,Midweek,wilson,,,,
linecfbp_cbcr2_power,CBCR2: Power,517.0,504,259.0,245.0,10.0,-9.54545454545455,12.370212765957445,0.21663442940038685,0.5138888888888888,-0.01893939393939395,0.4703140264552346,2.0,34.0,25,4,Midweek,wilson,,,,
moore_ratings,Moore Power Ratings,2334.0,2299,1126.0,1173.0,34.0,-149.3636363636364,13.217112253641817,-0.0670265638389032,0.48977816441931277,-0.0649689588358575,0.4693780501905038,4.0,35.0,26,4,Midweek,wilson,,,,
linecfbp_professor_sides,Professor Sides,1537.0,1492,738.0,754.0,23.0,-83.09090909090911,12.654391672088483,0.03266102797657778,0.49463806970509383,-0.055690957835729964,0.46931511900180106,4.0,36.0,27,4,Midweek,wilson,,,,
linept_how,Howell,2334.0,2219,1085.0,1134.0,34.0,-147.63636363636365,13.379597257926306,-0.2124935732647815,0.4889589905362776,-0.06653283624892459,0.4681974693581911,4.0,38.0,28,4,Midweek,wilson,,,,
linecfbp_wilson_ratings,Wilson Ratings,1539.0,1502,741.0,761.0,23.0,-87.36363636363639,12.881806367771281,-0.12417153996101352,0.4933422103861518,-0.05816487108098295,0.46810752705377356,4.0,39.0,29,4,Midweek,wilson,,,,
linept_pig,Pigskin Index,2336.0,2178,1065.0,1113.0,34.0,-144.81818181818184,12.842876712328767,-0.20593321917808216,0.4889807162534435,-0.06649135987978964,0.46802515487968094,4.0,40.0,30,4,Midweek,wilson,,,,
sagarin_predictor,Sagarin Predictor,2336.0,2299,1122.0,1177.0,34.0,-157.00000000000003,12.79841609589041,-0.20923801369863007,0.4880382775119617,-0.06829056111352763,0.4676426398219691,4.0,41.0,31,4,Midweek,wilson,,,,
linept_bill,Billingsley,2335.0,2299,1120.0,1179.0,34.0,-160.81818181818184,13.554496788008565,0.04864668094218409,0.4871683340582862,-0.0699513622523627,0.4667750272885844,4.0,42.0,32,4,Midweek,wilson,,,,
linept_payne,linepayne,2336.0,2302,1119.0,1183.0,34.0,-165.72727272727275,13.191930650684931,0.22608304794520553,0.4860990443092963,-0.0719927335913435,0.465721940846931,4.0,43.0,33,4,Midweek,wilson,,,,
espn_fpi,ESPN FPI,2336.0,2299,1116.0,1183.0,34.0,-168.4545454545455,12.603163527397259,-0.13237585616438363,0.4854284471509352,-0.07327296453003283,0.46503998756351045,4.0,45.0,34,4,Midweek,wilson,,,,
teamrankings,TeamRankings.com,2336.0,2276,1104.0,1172.0,34.0,-168.3636363636364,12.649567636986301,-0.07354880136986301,0.4850615114235501,-0.0739734781914044,0.4645716512133657,4.0,46.0,35,4,Midweek,wilson,,,,
linept_dwig,DP Dwiggins,2330.0,2225,1079.0,1146.0,33.0,-165.09090909090912,13.589377682403434,0.0861587982832618,0.4849438202247191,-0.07419816138917264,0.4642215014739189,4.0,47.0,36,4,Midweek,wilson,,,,
linept_rwp,Laffaye RWP,2214.0,2173,1054.0,1119.0,34.0,-160.81818181818184,13.614927732610658,0.23930894308943085,0.4850437183617119,-0.07400744676400453,0.464075364087972,3.0,48.0,37,4,Midweek,wilson,,,,
linept_pfz,PerformanZ Ratings,2336.0,2300,1114.0,1186.0,34.0,-173.2727272727273,13.997337328767125,0.10641267123287677,0.48434782608695653,-0.07533596837944666,0.46396692047669325,4.0,49.0,38,4,Midweek,wilson,,,,
sagarin_recent,Sagarin Recent,2336.0,2299,1113.0,1186.0,34.0,-174.18181818181822,12.926339897260274,-0.12131421232876717,0.4841235319704219,-0.07576416623828544,0.463738869978732,4.0,50.0,39,4,Midweek,wilson,,,,
linept_paynewl,linepaynewl,2336.0,2297,1109.0,1188.0,34.0,-179.81818181818184,13.863009417808218,0.14718749999999997,0.4828036569438398,-0.0782839276526695,0.4624141340106333,4.0,53.0,40,4,Midweek,wilson,,,,
sagarin,Sagarin Ratings,2336.0,2300,1108.0,1192.0,34.0,-184.72727272727275,12.719815924657533,-0.21788099315068496,0.4817391304347826,-0.08031620553359685,0.4613661831968834,4.0,54.0,41,4,Midweek,wilson,,,,
dokter_entropy,Dokter Entropy,2335.0,2296,1106.0,1190.0,34.0,-184.54545454545456,12.589541755888652,-0.20155032119914332,0.4817073170731707,-0.0803769401330377,0.4613167877726166,4.0,56.0,42,4,Midweek,wilson,,,,
linept_curry,Daniel Curry Index,2333.0,2297,1104.0,1193.0,34.0,-189.3636363636364,13.421414487783968,-0.048264037719674246,0.48062690465824986,-0.08243954565243204,0.4602442653633665,4.0,57.0,43,4,Midweek,wilson,,,,
linept_elo,Beck Elo,2336.0,2297,1102.0,1195.0,34.0,-193.18181818181822,13.246224315068494,-0.05395547945205485,0.47975620374401395,-0.08410179285233706,0.4593764263769982,4.0,58.0,44,4,Midweek,wilson,,,,
linept_born,Born Power Index,2336.0,2301,1101.0,1200.0,34.0,-199.09090909090912,13.28058647260274,-0.06201626712328772,0.4784876140808344,-0.08652364584567976,0.45812977463899235,4.0,60.0,45,4,Midweek,wilson,,,,
linecfbp_tshoe_index,TShoe Index,1033.0,994,485.0,509.0,16.0,-68.09090909090911,12.75246853823814,-0.13020329138431752,0.4879275653923541,-0.06850192061459669,0.4569597986674252,3.0,61.0,46,4,Midweek,wilson,,,,
linecfbp_sportsline,SportsLine,517.0,483,240.0,243.0,10.0,-24.818181818181824,12.421663442940039,0.17408123791102514,0.4968944099378882,-0.051383399209486175,0.4525053118022285,2.0,62.0,47,4,Midweek,wilson,,,,
linept_pugh,Pugh Ratings,2330.0,2294,1076.0,1218.0,34.0,-239.81818181818184,13.030424892703863,-0.02800429184549349,0.46904969485614645,-0.10454149163826584,0.44869694289458806,4.0,63.0,48,4,Midweek,wilson,,,,
linept_paynep,linepaynep,2336.0,2298,1073.0,1225.0,34.0,-249.54545454545456,13.452457191780821,0.2967037671232876,0.4669277632724108,-0.1085924519344885,0.44660175116508943,4.0,65.0,49,4,Midweek,wilson,,,,
linecfbp_beta_rank,Beta_Rank,1539.0,1504,708.0,796.0,23.0,-152.36363636363637,13.484860298895388,0.3745289148797921,0.47074468085106386,-0.1013056092843327,0.44562519282806595,4.0,66.0,50,4,Midweek,wilson,,,,
linecfbp_kford,KFord,517.0,505,238.0,267.0,10.0,-50.63636363636364,12.054932301740811,-0.07852998065764022,0.47128712871287126,-0.10027002700270028,0.42813133978418405,2.0,70.0,51,4,Midweek,wilson,,,,
linecfbp_kford,KFord,517.0,505,238.0,267.0,10.0,-50.63636363636364,12.054932301740811,-0.07852998065764022,0.47128712871287126,-0.10027002700270028,0.42813133978418405,2.0,70.0,1,4,Midweek,mae,,,,
linecfbp_cbcr2_power,CBCR2: Power,517.0,504,259.0,245.0,10.0,-9.54545454545455,12.370212765957445,0.21663442940038685,0.5138888888888888,-0.01893939393939395,0.4703140264552346,2.0,34.0,2,4,Midweek,mae,,,,
linecfbp_sportsline,SportsLine,517.0,483,240.0,243.0,10.0,-24.818181818181824,12.421663442940039,0.17408123791102514,0.4968944099378882,-0.051383399209486175,0.4525053118022285,2.0,62.0,3,4,Midweek,mae,,,,
linecfbp_cfb_graphs,CFB Graphs,1032.0,1000,514.0,486.0,16.0,-18.72727272727274,12.441375968992247,0.03459302325581405,0.514,-0.01872727272727274,0.48302810642681226,3.0,8.0,4,4,Midweek,mae,,,,
linecfbp_power_rank_free,Power Rank: Free,1033.0,1008,509.0,499.0,16.0,-36.27272727272729,12.472120038722169,-0.6186834462729913,0.5049603174603174,-0.0359848484848485,0.4741351126369129,3.0,23.0,5,4,Midweek,mae,,,,
linecfbp_power_rank,Power Rank,1537.0,1499,753.0,746.0,23.0,-61.454545454545475,12.540403383214052,-0.01730644111906294,0.5023348899266178,-0.04099702832191159,0.4770501021717111,4.0,15.0,6,4,Midweek,mae,,,,
dokter_entropy,Dokter Entropy,2335.0,2296,1106.0,1190.0,34.0,-184.54545454545456,12.589541755888652,-0.20155032119914332,0.4817073170731707,-0.0803769401330377,0.4613167877726166,4.0,56.0,7,4,Midweek,mae,,,,
espn_fpi,ESPN FPI,2336.0,2299,1116.0,1183.0,34.0,-168.4545454545455,12.603163527397259,-0.13237585616438363,0.4854284471509352,-0.07327296453003283,0.46503998756351045,4.0,45.0,8,4,Midweek,mae,,,,
piratings_mean,Pi-Ratings Mean,2336.0,2272,1135.0,1137.0,34.0,-105.18181818181822,12.617354452054794,-0.15713184931506843,0.49955985915492956,-0.046294814340589005,0.47901840341428426,4.0,13.0,9,4,Midweek,mae,,,,
linecfbp_jp,JP+,1033.0,1005,509.0,496.0,16.0,-33.27272727272729,12.618973862536302,-0.3907066795740561,0.5064676616915423,-0.033107191316146554,0.4755919496047905,3.0,21.0,10,4,Midweek,mae,,,,
linecfbp_sp,SP+,1539.0,1503,770.0,733.0,23.0,-33.00000000000002,12.625406107862249,0.03710201429499673,0.5123087159015303,-0.021956087824351312,0.48703944833500673,4.0,4.0,11,4,Midweek,mae,,,,
teamrankings,TeamRankings.com,2336.0,2276,1104.0,1172.0,34.0,-168.3636363636364,12.649567636986301,-0.07354880136986301,0.4850615114235501,-0.0739734781914044,0.4645716512133657,4.0,46.0,12,4,Midweek,mae,,,,
linecfbp_professor_sides,Professor Sides,1537.0,1492,738.0,754.0,23.0,-83.09090909090911,12.654391672088483,0.03266102797657778,0.49463806970509383,-0.055690957835729964,0.46931511900180106,4.0,36.0,13,4,Midweek,mae,,,,
piratings,Pi-Ratings,2336.0,2284,1150.0,1134.0,34.0,-88.54545454545458,12.694828767123289,-0.1255650684931507,0.5035026269702276,-0.038767712147747185,0.48300898504478257,4.0,9.0,14,4,Midweek,mae,,,,
linept_donchess,Donchess Inference,2336.0,2255,1150.0,1105.0,34.0,-59.545454545454575,12.697868150684933,-0.020102739726027413,0.5099778270509978,-0.026405966539004247,0.48934559561047775,4.0,1.0,15,4,Midweek,mae,,,,
sagarin,Sagarin Ratings,2336.0,2300,1108.0,1192.0,34.0,-184.72727272727275,12.719815924657533,-0.21788099315068496,0.4817391304347826,-0.08031620553359685,0.4613661831968834,4.0,54.0,16,4,Midweek,mae,,,,
harville,David Harville,2336.0,2298,1135.0,1163.0,34.0,-131.18181818181822,12.726673801369863,-0.05353167808219171,0.4939077458659704,-0.05708521243769287,0.4734935648619115,4.0,24.0,17,4,Midweek,mae,,,,
piratings_bias,PI-Rate Bias,2336.0,2292,1150.0,1142.0,34.0,-96.54545454545458,12.743154965753426,-0.16804366438356175,0.5017452006980803,-0.0421227986673013,0.4812898697873806,4.0,11.0,18,4,Midweek,mae,,,,
linecfbp_tshoe_index,TShoe Index,1033.0,994,485.0,509.0,16.0,-68.09090909090911,12.75246853823814,-0.13020329138431752,0.4879275653923541,-0.06850192061459669,0.4569597986674252,3.0,61.0,19,4,Midweek,mae,,,,
linecfbp_dratings,DRatings,1539.0,1493,748.0,745.0,23.0,-65.00000000000001,12.787199480181936,0.018648473034437976,0.5010046885465506,-0.043536503683858016,0.4756724525413269,4.0,20.0,20,4,Midweek,mae,,,,
sagarin_predictor,Sagarin Predictor,2336.0,2299,1122.0,1177.0,34.0,-157.00000000000003,12.79841609589041,-0.20923801369863007,0.4880382775119617,-0.06829056111352763,0.4676426398219691,4.0,41.0,21,4,Midweek,mae,,,,
linecfbp_cfb_geek,CFB Geek,1023.0,1000,507.0,493.0,17.0,-32.0909090909091,12.829521016617791,0.08484848484848491,0.507,-0.0320909090909091,0.47604583278568624,3.0,18.0,22,4,Midweek,mae,,,,
sagarin_golden_mean,Sagarin Golden Mean,2336.0,2302,1132.0,1170.0,34.0,-140.90909090909093,12.836596746575342,-0.2503981164383562,0.4917463075586447,-0.0612115946607693,0.47135469645939027,4.0,28.0,23,4,Midweek,mae,,,,
linept_pig,Pigskin Index,2336.0,2178,1065.0,1113.0,34.0,-144.81818181818184,12.842876712328767,-0.20593321917808216,0.4889807162534435,-0.06649135987978964,0.46802515487968094,4.0,40.0,24,4,Midweek,mae,,,,
linept_kam,Edward Kambour,2334.0,2298,1128.0,1170.0,34.0,-144.54545454545456,12.861666666666666,-0.241700942587832,0.4908616187989556,-0.06290054592926657,0.4704544137228779,4.0,33.0,25,4,Midweek,mae,,,,
massey,Massey Ratings,2336.0,2301,1162.0,1139.0,34.0,-82.63636363636367,12.879075342465754,-0.17216609589041085,0.5049978270317254,-0.035913239303069826,0.48457795092159156,4.0,6.0,26,4,Midweek,mae,,,,
linecfbp_wilson_ratings,Wilson Ratings,1539.0,1502,741.0,761.0,23.0,-87.36363636363639,12.881806367771281,-0.12417153996101352,0.4933422103861518,-0.05816487108098295,0.46810752705377356,4.0,39.0,27,4,Midweek,mae,,,,
sagarin_recent,Sagarin Recent,2336.0,2299,1113.0,1186.0,34.0,-174.18181818181822,12.926339897260274,-0.12131421232876717,0.4841235319704219,-0.07576416623828544,0.463738869978732,4.0,50.0,28,4,Midweek,mae,,,,
linept_laz,Laz Index,2334.0,2297,1128.0,1169.0,34.0,-143.54545454545456,12.933097686375321,-0.049061696658097634,0.4910753156290814,-0.06249257925357186,0.4706631653494678,4.0,32.0,29,4,Midweek,mae,,,,
linept_pugh,Pugh Ratings,2330.0,2294,1076.0,1218.0,34.0,-239.81818181818184,13.030424892703863,-0.02800429184549349,0.46904969485614645,-0.10454149163826584,0.44869694289458806,4.0,63.0,30,4,Midweek,mae,,,,
linept_talis,Talisman Red,2284.0,2250,1145.0,1105.0,33.0,-64.09090909090912,13.096571803852889,-0.037456217162872056,0.5088888888888888,-0.0284848484848485,0.4882347747608988,4.0,2.0,31,4,Midweek,mae,,,,
linecfbp_room44_bets,Room44 Bets,1537.0,1493,755.0,738.0,23.0,-51.63636363636366,13.103122966818477,-0.1338321405335069,0.5056932350971199,-0.034585642087316584,0.48035055337042903,4.0,12.0,32,4,Midweek,mae,,,,
linept_payne,linepayne,2336.0,2302,1119.0,1183.0,34.0,-165.72727272727275,13.191930650684931,0.22608304794520553,0.4860990443092963,-0.0719927335913435,0.465721940846931,4.0,43.0,33,4,Midweek,mae,,,,
linept_argh,Argh Ratings,2336.0,2217,1090.0,1127.0,34.0,-136.09090909090912,13.214576198630137,0.037564212328767124,0.4916553901668922,-0.06138516422684218,0.47087769651530026,4.0,30.0,34,4,Midweek,mae,,,,
fei,FEI Projections,2336.0,2281,1126.0,1155.0,34.0,-131.3636363636364,13.21482876712329,-0.1298287671232877,0.49364313897413414,-0.05759037104938027,0.47315377208055615,4.0,26.0,35,4,Midweek,mae,,,,
moore_ratings,Moore Power Ratings,2334.0,2299,1126.0,1173.0,34.0,-149.3636363636364,13.217112253641817,-0.0670265638389032,0.48977816441931277,-0.0649689588358575,0.4693780501905038,4.0,35.0,36,4,Midweek,mae,,,,
linept_elo,Beck Elo,2336.0,2297,1102.0,1195.0,34.0,-193.18181818181822,13.246224315068494,-0.05395547945205485,0.47975620374401395,-0.08410179285233706,0.4593764263769982,4.0,58.0,37,4,Midweek,mae,,,,
keeper,Keeper,2327.0,2284,1159.0,1125.0,34.0,-71.3636363636364,13.271027073485174,0.06446067898581877,0.5074430823117339,-0.031245024677599126,0.48694458857718886,4.0,5.0,38,4,Midweek,mae,,,,
linept_born,Born Power Index,2336.0,2301,1101.0,1200.0,34.0,-199.09090909090912,13.28058647260274,-0.06201626712328772,0.4784876140808344,-0.08652364584567976,0.45812977463899235,4.0,60.0,39,4,Midweek,mae,,,,
congrove,Congrove Computer Rankings,2335.0,2299,1169.0,1130.0,34.0,-67.27272727272731,13.287948608137045,0.3605481798715204,0.5084819486733362,-0.02926173435090357,0.4880493067953866,4.0,3.0,40,4,Midweek,mae,,,,
linept_how,Howell,2334.0,2219,1085.0,1134.0,34.0,-147.63636363636365,13.379597257926306,-0.2124935732647815,0.4889589905362776,-0.06653283624892459,0.4681974693581911,4.0,38.0,41,4,Midweek,mae,,,,
linept_curry,Daniel Curry Index,2333.0,2297,1104.0,1193.0,34.0,-189.3636363636364,13.421414487783968,-0.048264037719674246,0.48062690465824986,-0.08243954565243204,0.4602442653633665,4.0,57.0,42,4,Midweek,mae,,,,
linept_paynep,linepaynep,2336.0,2298,1073.0,1225.0,34.0,-249.54545454545456,13.452457191780821,0.2967037671232876,0.4669277632724108,-0.1085924519344885,0.44660175116508943,4.0,65.0,43,4,Midweek,mae,,,,
linecfbp_beta_rank,Beta_Rank,1539.0,1504,708.0,796.0,23.0,-152.36363636363637,13.484860298895388,0.3745289148797921,0.47074468085106386,-0.1013056092843327,0.44562519282806595,4.0,66.0,44,4,Midweek,mae,,,,
linept_bill,Billingsley,2335.0,2299,1120.0,1179.0,34.0,-160.81818181818184,13.554496788008565,0.04864668094218409,0.4871683340582862,-0.0699513622523627,0.4667750272885844,4.0,42.0,45,4,Midweek,mae,,,,
linept_dwig,DP Dwiggins,2330.0,2225,1079.0,1146.0,33.0,-165.09090909090912,13.589377682403434,0.0861587982832618,0.4849438202247191,-0.07419816138917264,0.4642215014739189,4.0,47.0,46,4,Midweek,mae,,,,
linept_rwp,Laffaye RWP,2214.0,2173,1054.0,1119.0,34.0,-160.81818181818184,13.614927732610658,0.23930894308943085,0.4850437183617119,-0.07400744676400453,0.464075364087972,3.0,48.0,47,4,Midweek,mae,,,,
linept_kerns,Stephen Kerns,2336.0,2294,1127.0,1167.0,34.0,-142.4545454545455,13.785209760273972,0.49762414383561654,0.49128160418482997,-0.06209875564714276,0.4708556497443868,4.0,31.0,48,4,Midweek,mae,,,,
linept_paynewl,linepaynewl,2336.0,2297,1109.0,1188.0,34.0,-179.81818181818184,13.863009417808218,0.14718749999999997,0.4828036569438398,-0.0782839276526695,0.4624141340106333,4.0,53.0,49,4,Midweek,mae,,,,
linept_pfz,PerformanZ Ratings,2336.0,2300,1114.0,1186.0,34.0,-173.2727272727273,13.997337328767125,0.10641267123287677,0.48434782608695653,-0.07533596837944666,0.46396692047669325,4.0,49.0,50,4,Midweek,mae,,,,
linept_loud,Loudsound.org,2259.0,2170,1079.0,1091.0,33.0,-110.09090909090912,14.261177512173528,0.11775121735281098,0.49723502304147466,-0.05073313782991204,0.4762216117081904,4.0,17.0,51,4,Midweek,mae,,,,
piratings,,,2336,,,,,,,,,,,,1,4,Midweek,incremental,0.02582286712333459,0.08811941431674884,0.025550868101059318,12.694828767123289
linecfbp_cfb_graphs,,,1032,,,,,,,,,,,,2,4,Midweek,incremental,0.021405439520815476,0.07618740101788213,0.020905009437635753,12.441375968992247
piratings_mean,,,2336,,,,,,,,,,,,3,4,Midweek,incremental,0.0206349140791998,0.07962462964512866,0.02041756112503443,12.617354452054794
linecfbp_jp,,,1033,,,,,,,,,,,,4,4,Midweek,incremental,0.020309607240689566,0.05474160956558019,0.019835239891400708,12.618973862536302
massey,,,2336,,,,,,,,,,,,5,4,Midweek,incremental,0.018722368494323145,0.05556902634717074,0.018525160883688326,12.879075342465752
piratings_bias,,,2336,,,,,,,,,,,,6,4,Midweek,incremental,0.018717372632826274,0.06317748578796362,0.01852021764490899,12.743154965753424
dokter_entropy,,,2335,,,,,,,,,,,,7,4,Midweek,incremental,0.018025678969952545,0.07719069545262403,0.01783572973889269,12.58954175588865
linecfbp_cbcr2_power,,,517,,,,,,,,,,,,8,4,Midweek,incremental,0.01658309474258026,0.0436006317329024,0.015835045808356037,12.370212765957445
linecfbp_sportsline,,,517,,,,,,,,,,,,9,4,Midweek,incremental,0.01622180434718325,0.04764282148206262,0.015490052907450706,12.421663442940039
linept_donchess,,,2336,,,,,,,,,,,,10,4,Midweek,incremental,0.010270398206984336,0.03825811910680757,0.010162217412910037,12.697868150684931
linecfbp_sp,,,1539,,,,,,,,,,,,11,4,Midweek,incremental,0.010070395523898127,0.03733875821644774,0.009910689945491803,12.625406107862249
linept_talis,,,2284,,,,,,,,,,,,12,4,Midweek,incremental,0.008045796827772747,0.02097913978616516,0.007959149925226576,13.096571803852889
linept_laz,,,2334,,,,,,,,,,,,13,4,Midweek,incremental,0.005059972295048841,0.015401664726445996,0.005006629330392013,12.933097686375321
espn_fpi,,,2336,,,,,,,,,,,,14,4,Midweek,incremental,0.0032607016764225785,0.013492452594542003,0.003226355851705197,12.603163527397259
congrove,,,2335,,,,,,,,,,,,15,4,Midweek,incremental,0.001978893193485056,0.004833114848084625,0.0019580402069718354,13.287948608137045
linept_paynewl,,,2336,,,,,,,,,,,,16,4,Midweek,incremental,0.0016511939768944332,0.0030624488786706035,0.001633801518297291,13.86300941780822
linept_kam,,,2334,,,,,,,,,,,,17,4,Midweek,incremental,0.0003638391761436459,0.0011526329430901342,0.00036000353057444176,12.861666666666666
linecfbp_room44_bets,,,1537,,,,,,,,,,,,18,4,Midweek,incremental,-0.0015843937323566475,-0.003543353562920042,-0.0015592350406166558,13.103122966818477
sagarin_golden_mean,,,2336,,,,,,,,,,,,19,4,Midweek,incremental,-0.0017686079995414673,-0.0054736682943173085,-0.0017499787882937047,12.836596746575342
linept_loud,,,2259,,,,,,,,,,,,20,4,Midweek,incremental,-0.002283465212455976,-0.0037815502309099516,-0.0022586063703167606,14.261177512173528
linept_rwp,,,2214,,,,,,,,,,,,21,4,Midweek,incremental,-0.0052749988674575905,-0.011252150682375835,-0.005216425001400594,13.61492773261066
sagarin,,,2336,,,,,,,,,,,,22,4,Midweek,incremental,-0.005774327939062567,-0.022442605064657065,-0.00571350543061607,12.719815924657533
linept_pig,,,2336,,,,,,,,,,,,23,4,Midweek,incremental,-0.006744396599381777,-0.023636188901984878,-0.006673356103680554,12.842876712328767
linept_argh,,,2336,,,,,,,,,,,,24,4,Midweek,incremental,-0.00701288593024728,-0.017530418632137695,-0.006939017366108189,13.214576198630137
linept_bill,,,2335,,,,,,,,,,,,25,4,Midweek,incremental,-0.0075568131945459895,-0.01582718756961137,-0.007477181749985166,13.554496788008565
fei,,,2336,,,,,,,,,,,,26,4,Midweek,incremental,-0.008700893235773013,-0.021864418730839105,-0.008609244448605101,13.21482876712329
linecfbp_power_rank_free,,,1033,,,,,,,,,,,,27,4,Midweek,incremental,-0.008962354003274267,-0.03164355045820343,-0.00875302213084869,12.472120038722167
keeper,,,2327,,,,,,,,,,,,28,4,Midweek,incremental,-0.00884798202058974,-0.021611336244616194,-0.008754429148662613,13.271027073485174
linept_curry,,,2333,,,,,,,,,,,,29,4,Midweek,incremental,-0.009656759682406039,-0.022317220597893282,-0.009554913767643164,13.421414487783968
linept_how,,,2334,,,,,,,,,,,,30,4,Midweek,incremental,-0.010848892496960806,-0.02489464557170255,-0.010734521892679559,13.379597257926308
sagarin_predictor,,,2336,,,,,,,,,,,,31,4,Midweek,incremental,-0.011097839646314986,-0.040229325481081525,-0.01098094319485791,12.79841609589041
linecfbp_professor_sides,,,1537,,,,,,,,,,,,32,4,Midweek,incremental,-0.01139181125304441,-0.04438668570706757,-0.011210919936812544,12.654391672088487
linept_payne,,,2336,,,,,,,,,,,,33,4,Midweek,incremental,-0.011466536822351785,-0.02931560470281603,-0.011345756786979775,13.191930650684931
sagarin_recent,,,2336,,,,,,,,,,,,34,4,Midweek,incremental,-0.011583091551805026,-0.035072354180660424,-0.011461083814942648,12.926339897260274
linecfbp_dratings,,,1539,,,,,,,,,,,,35,4,Midweek,incremental,-0.012798871765017653,-0.04573230278862757,-0.012595895505214375,12.787199480181936
linecfbp_wilson_ratings,,,1539,,,,,,,,,,,,36,4,Midweek,incremental,-0.013439496092174472,-0.04045834456303183,-0.013226360223598434,12.88180636777128
harville,,,2336,,,,,,,,,,,,37,4,Midweek,incremental,-0.016226915036999755,-0.062319824655343324,-0.016055992691176295,12.726673801369863
teamrankings,,,2336,,,,,,,,,,,,38,4,Midweek,incremental,-0.020719798071695963,-0.09019903051284932,-0.020501551012206985,12.649567636986301
linecfbp_power_rank,,,1537,,,,,,,,,,,,39,4,Midweek,incremental,-0.021091745872791855,-0.09892828212047565,-0.02075682866008455,12.540403383214052
linept_dwig,,,2330,,,,,,,,,,,,40,4,Midweek,incremental,-0.021297517909348737,-0.04692661951450343,-0.02107261701392205,13.589377682403434
linept_pugh,,,2330,,,,,,,,,,,,41,4,Midweek,incremental,-0.021715466600982537,-0.06660911566164368,-0.02148615218491035,13.030424892703863
linecfbp_tshoe_index,,,1033,,,,,,,,,,,,42,4,Midweek,incremental,-0.02879261850656754,-0.08695746150876682,-0.028120115195293165,12.75246853823814
linecfbp_beta_rank,,,1539,,,,,,,,,,,,43,4,Midweek,incremental,-0.028775068081705893,-0.06881860424593576,-0.02831872663208115,13.484860298895388
linept_born,,,2336,,,,,,,,,,,,44,4,Midweek,incremental,-0.02968125069363963,-0.0797633351446777,-0.029368610306729152,13.28058647260274
linecfbp_cfb_geek,,,1023,,,,,,,,,,,,45,4,Midweek,incremental,-0.030364368724235386,-0.09700985491771599,-0.02964846493366012,12.829521016617791
linecfbp_kford,,,517,,,,,,,,,,,,46,4,Midweek,incremental,-0.036054865543482924,-0.14531625814448615,-0.03442846201856382,12.054932301740811
linept_kerns,,,2336,,,,,,,,,,,,47,4,Midweek,incremental,-0.03542807038686642,-0.07317101657440843,-0.03505489724306709,13.785209760273972
moore_ratings,,,2334,,,,,,,,,,,,48,4,Midweek,incremental,-0.04007757478844041,-0.11181539243683455,-0.03965507115980137,13.217112253641815
linept_pfz,,,2336,,,,,,,,,,,,49,4,Midweek,incremental,-0.04261688805899115,-0.08468127706188786,-0.04216799321593999,13.997337328767124
linept_elo,,,2336,,,,,,,,,,,,50,4,Midweek,incremental,-0.04810727042752189,-0.12979830425025501,-0.047600543949082405,13.246224315068494
linept_paynep,,,2336,,,,,,,,,,,,51,4,Midweek,incremental,-0.05283592555185193,-0.13028949359256617,-0.05227939091057942,13.452457191780821
linecfbp_cfb_graphs,CFB Graphs,1032.0,1001,528.0,473.0,21.0,6.9999999999999885,12.441375968992247,0.03459302325581405,0.5274725274725275,0.006993006993006982,0.4964990184262165,3.0,1.0,1,4,Close (PT Updated/final),wilson,,,,
linecfbp_sp,SP+,1539.0,1495,772.0,723.0,30.0,-21.181818181818205,12.625406107862249,0.03710201429499673,0.5163879598662208,-0.014168440255396793,0.49104671994210014,4.0,2.0,2,4,Close (PT Updated/final),wilson,,,,
linept_talis,Talisman Red,2284.0,2242,1142.0,1100.0,41.0,-61.81818181818185,13.096571803852889,-0.037456217162872056,0.5093666369313113,-0.02757278404022384,0.48867528503284596,4.0,4.0,3,4,Close (PT Updated/final),wilson,,,,
congrove,Congrove Computer Rankings,2335.0,2291,1160.0,1131.0,42.0,-76.45454545454548,13.287948608137045,0.3605481798715204,0.5063291139240507,-0.03337169159953971,0.4858631646326791,4.0,6.0,4,4,Close (PT Updated/final),wilson,,,,
piratings,Pi-Ratings,2336.0,2277,1152.0,1125.0,42.0,-77.72727272727276,12.694828767123289,-0.1255650684931507,0.5059288537549407,-0.034135824649658655,0.48540063019686563,4.0,7.0,5,4,Close (PT Updated/final),wilson,,,,
linept_donchess,Donchess Inference,2336.0,2238,1132.0,1106.0,42.0,-76.90909090909093,12.697868150684933,-0.020102739726027413,0.5058087578194816,-0.03436509870826226,0.4851028056800598,4.0,8.0,6,4,Close (PT Updated/final),wilson,,,,
massey,Massey Ratings,2336.0,2292,1156.0,1136.0,42.0,-85.09090909090912,12.879075342465754,-0.17216609589041085,0.5043630017452007,-0.03712517848643505,0.4839039436593786,4.0,9.0,7,4,Close (PT Updated/final),wilson,,,,
linecfbp_power_rank_free,Power Rank: Free,1033.0,997,513.0,484.0,21.0,-17.636363636363647,12.472120038722169,-0.6186834462729913,0.5145436308926781,-0.01768943193216013,0.4835241442407813,3.0,10.0,8,4,Close (PT Updated/final),wilson,,,,
keeper,Keeper,2327.0,2277,1143.0,1134.0,42.0,-94.90909090909093,13.271027073485174,0.06446067898581877,0.5019762845849802,-0.041681638519583196,0.481453437867847,4.0,13.0,9,4,Close (PT Updated/final),wilson,,,,
linecfbp_professor_sides,Professor Sides,1537.0,1490,753.0,737.0,30.0,-52.454545454545475,12.654391672088483,0.03266102797657778,0.5053691275167785,-0.03520439292251374,0.48000164879891954,4.0,14.0,10,4,Close (PT Updated/final),wilson,,,,
piratings_bias,PI-Rate Bias,2336.0,2280,1141.0,1139.0,42.0,-101.72727272727276,12.743154965753426,-0.16804366438356175,0.500438596491228,-0.04461722488038279,0.4799316699311556,4.0,15.0,11,4,Close (PT Updated/final),wilson,,,,
piratings_mean,Pi-Ratings Mean,2336.0,2265,1127.0,1138.0,42.0,-113.45454545454548,12.617354452054794,-0.15713184931506843,0.4975717439293598,-0.05009030704394944,0.4770022261272905,4.0,16.0,12,4,Close (PT Updated/final),wilson,,,,
linecfbp_power_rank,Power Rank,1537.0,1495,749.0,746.0,30.0,-65.09090909090911,12.540403383214052,-0.01730644111906294,0.5010033444816053,-0.04353906962602616,0.47568802035776564,4.0,18.0,13,4,Close (PT Updated/final),wilson,,,,
linept_loud,Loudsound.org,2259.0,2160,1072.0,1088.0,42.0,-113.45454545454548,14.261177512173528,0.11775121735281098,0.4962962962962963,-0.05252525252525254,0.47523631835365393,4.0,19.0,14,4,Close (PT Updated/final),wilson,,,,
espn_fpi,ESPN FPI,2336.0,2289,1134.0,1155.0,42.0,-124.09090909090912,12.603163527397259,-0.13237585616438363,0.4954128440366973,-0.054211843202668905,0.474955478228729,4.0,20.0,15,4,Close (PT Updated/final),wilson,,,,
fei,FEI Projections,2336.0,2277,1128.0,1149.0,42.0,-123.54545454545458,13.21482876712329,-0.1298287671232877,0.49538866930171277,-0.054257994969457435,0.4748776288425046,4.0,21.0,16,4,Close (PT Updated/final),wilson,,,,
sagarin_golden_mean,Sagarin Golden Mean,2336.0,2293,1134.0,1159.0,42.0,-128.09090909090912,12.836596746575342,-0.2503981164383562,0.49454862625381596,-0.055861713515442266,0.47411087461744406,4.0,22.0,17,4,Close (PT Updated/final),wilson,,,,
teamrankings,TeamRankings.com,2336.0,2258,1116.0,1142.0,42.0,-127.45454545454548,12.649567636986301,-0.07354880136986301,0.4942426926483614,-0.05644576858040101,0.4736481514233202,4.0,24.0,18,4,Close (PT Updated/final),wilson,,,,
linept_laz,Laz Index,2334.0,2288,1129.0,1159.0,42.0,-132.63636363636365,12.933097686375321,-0.049061696658097634,0.49344405594405594,-0.057970438652256845,0.47298642591523943,4.0,27.0,19,4,Close (PT Updated/final),wilson,,,,
harville,David Harville,2336.0,2291,1129.0,1162.0,42.0,-135.63636363636365,12.726673801369863,-0.05353167808219171,0.4927979048450458,-0.059203999841276146,0.4723550887052825,4.0,28.0,20,4,Close (PT Updated/final),wilson,,,,
sagarin_predictor,Sagarin Predictor,2336.0,2290,1127.0,1163.0,42.0,-138.4545454545455,12.79841609589041,-0.20923801369863007,0.49213973799126637,-0.06046050019849148,0.4716939762204633,4.0,29.0,21,4,Close (PT Updated/final),wilson,,,,
linecfbp_cfb_geek,CFB Geek,1023.0,991,498.0,493.0,24.0,-40.27272727272729,12.829521016617791,0.08484848484848491,0.5025227043390514,-0.04063847353453813,0.47144336401003095,3.0,30.0,22,4,Close (PT Updated/final),wilson,,,,
linecfbp_room44_bets,Room44 Bets,1537.0,1486,738.0,748.0,30.0,-77.09090909090911,13.103122966818477,-0.1338321405335069,0.49663526244952894,-0.05187813532362659,0.4712553670991532,4.0,31.0,23,4,Close (PT Updated/final),wilson,,,,
linept_pig,Pigskin Index,2336.0,2174,1070.0,1104.0,42.0,-131.2727272727273,12.842876712328767,-0.20593321917808216,0.4921803127874885,-0.060383039223885604,0.4711973624438827,4.0,32.0,24,4,Close (PT Updated/final),wilson,,,,
linept_argh,Argh Ratings,2336.0,2211,1084.0,1127.0,42.0,-141.54545454545456,13.214576198630137,0.037564212328767124,0.4902758932609679,-0.06401874922906131,0.4694735238918954,4.0,34.0,25,4,Close (PT Updated/final),wilson,,,,
linept_dwig,DP Dwiggins,2330.0,2211,1084.0,1127.0,41.0,-141.54545454545456,13.589377682403434,0.0861587982832618,0.4902758932609679,-0.06401874922906131,0.4694735238918954,4.0,35.0,26,4,Close (PT Updated/final),wilson,,,,
moore_ratings,Moore Power Ratings,2334.0,2292,1121.0,1171.0,42.0,-151.90909090909093,13.217112253641817,-0.0670265638389032,0.48909249563699825,-0.06627796287482153,0.46866307022823656,4.0,37.0,27,4,Close (PT Updated/final),wilson,,,,
linept_kerns,Stephen Kerns,2336.0,2284,1117.0,1167.0,42.0,-151.54545454545456,13.785209760273972,0.49762414383561654,0.4890542907180385,-0.06635089953829008,0.4685893084448413,4.0,38.0,28,4,Close (PT Updated/final),wilson,,,,
sagarin_recent,Sagarin Recent,2336.0,2289,1118.0,1171.0,42.0,-154.63636363636365,12.926339897260274,-0.12131421232876717,0.48842289209261686,-0.0675562969140951,0.46798185509625667,4.0,39.0,29,4,Close (PT Updated/final),wilson,,,,
linept_payne,linepayne,2336.0,2292,1119.0,1173.0,42.0,-155.72727272727275,13.191930650684931,0.22608304794520553,0.4882198952879581,-0.06794383626844361,0.46779273859533804,4.0,40.0,30,4,Close (PT Updated/final),wilson,,,,
linecfbp_wilson_ratings,Wilson Ratings,1539.0,1493,736.0,757.0,30.0,-87.90909090909093,12.881806367771281,-0.12417153996101352,0.49296718017414604,-0.058880837849357624,0.46765801977331173,4.0,41.0,31,4,Close (PT Updated/final),wilson,,,,
linept_how,Howell,2334.0,2214,1081.0,1133.0,42.0,-150.2727272727273,13.379597257926306,-0.2124935732647815,0.488256549232159,-0.0678738605567874,0.4674735416686228,4.0,43.0,32,4,Close (PT Updated/final),wilson,,,,
linept_kam,Edward Kambour,2334.0,2289,1115.0,1174.0,42.0,-160.3636363636364,12.861666666666666,-0.241700942587832,0.4871122761031018,-0.07005838198498751,0.4666747455630073,4.0,45.0,33,4,Close (PT Updated/final),wilson,,,,
linept_paynewl,linepaynewl,2336.0,2290,1115.0,1175.0,42.0,-161.3636363636364,13.863009417808218,0.14718749999999997,0.4868995633187773,-0.07046447002778883,0.46646706557943224,4.0,46.0,34,4,Close (PT Updated/final),wilson,,,,
sagarin,Sagarin Ratings,2336.0,2289,1114.0,1175.0,42.0,-162.2727272727273,12.719815924657533,-0.21788099315068496,0.48667540410659677,-0.07089241034195164,0.4662390736111247,4.0,47.0,35,4,Close (PT Updated/final),wilson,,,,
linept_bill,Billingsley,2335.0,2292,1115.0,1177.0,42.0,-163.3636363636364,13.554496788008565,0.04864668094218409,0.48647469458987785,-0.07127558305568779,0.4660522620585568,4.0,48.0,36,4,Close (PT Updated/final),wilson,,,,
linecfbp_cbcr2_power,CBCR2: Power,517.0,499,254.0,245.0,15.0,-14.090909090909097,12.370212765957445,0.21663442940038685,0.5090180360721442,-0.028238294771360917,0.46525407201050845,2.0,50.0,37,4,Close (PT Updated/final),wilson,,,,
linecfbp_dratings,DRatings,1539.0,1484,728.0,756.0,30.0,-94.1818181818182,12.787199480181936,0.018648473034437976,0.49056603773584906,-0.06346483704974272,0.465188703100356,4.0,51.0,38,4,Close (PT Updated/final),wilson,,,,
linecfbp_jp,JP+,1033.0,1005,497.0,508.0,21.0,-56.1818181818182,12.618973862536302,-0.3907066795740561,0.4945273631840796,-0.055902306648575324,0.46369638687638226,3.0,52.0,39,4,Close (PT Updated/final),wilson,,,,
dokter_entropy,Dokter Entropy,2335.0,2286,1105.0,1181.0,42.0,-176.45454545454547,12.589541755888652,-0.20155032119914332,0.48337707786526685,-0.07718921498449058,0.46293695329836376,4.0,53.0,40,4,Close (PT Updated/final),wilson,,,,
linept_rwp,Laffaye RWP,2214.0,2167,1048.0,1119.0,42.0,-166.2727272727273,13.614927732610658,0.23930894308943085,0.4836179049377019,-0.07672945420984185,0.46262503014918316,3.0,54.0,41,4,Close (PT Updated/final),wilson,,,,
linept_pfz,PerformanZ Ratings,2336.0,2292,1107.0,1185.0,42.0,-178.63636363636365,13.997337328767125,0.10641267123287677,0.4829842931937173,-0.07793907663017612,0.46257205614372177,4.0,55.0,42,4,Close (PT Updated/final),wilson,,,,
linept_curry,Daniel Curry Index,2333.0,2290,1101.0,1189.0,42.0,-188.09090909090912,13.421414487783968,-0.048264037719674246,0.48078602620087335,-0.08213576816196905,0.4603718420619472,4.0,58.0,43,4,Close (PT Updated/final),wilson,,,,
linept_born,Born Power Index,2336.0,2294,1102.0,1192.0,42.0,-190.18181818181822,13.28058647260274,-0.06201626712328772,0.4803836094158675,-0.08290401838788937,0.4599884842699233,4.0,59.0,44,4,Close (PT Updated/final),wilson,,,,
linept_elo,Beck Elo,2336.0,2289,1095.0,1194.0,42.0,-198.5454545454546,13.246224315068494,-0.05395547945205485,0.4783748361730013,-0.08673894912427024,0.4579642747531428,4.0,60.0,45,4,Close (PT Updated/final),wilson,,,,
linecfbp_tshoe_index,TShoe Index,1033.0,998,487.0,511.0,21.0,-68.27272727272728,12.75246853823814,-0.13020329138431752,0.4879759519038076,-0.0684095463654582,0.45706971867668833,3.0,61.0,46,4,Close (PT Updated/final),wilson,,,,
linept_paynep,linepaynep,2336.0,2293,1092.0,1201.0,42.0,-208.2727272727273,13.452457191780821,0.2967037671232876,0.4762320104666376,-0.09082979820005552,0.4558467573028668,4.0,62.0,47,4,Close (PT Updated/final),wilson,,,,
linept_pugh,Pugh Ratings,2330.0,2287,1080.0,1207.0,42.0,-225.18181818181822,13.030424892703863,-0.02800429184549349,0.47223436816790554,-0.09846166077036214,0.4518376255172713,4.0,63.0,48,4,Close (PT Updated/final),wilson,,,,
linecfbp_kford,KFord,517.0,497,244.0,253.0,15.0,-31.18181818181819,12.054932301740811,-0.07852998065764022,0.4909456740442656,-0.06274007682458388,0.4472329504578178,2.0,64.0,49,4,Close (PT Updated/final),wilson,,,,
linecfbp_beta_rank,Beta_Rank,1539.0,1500,704.0,796.0,30.0,-156.00000000000003,13.484860298895388,0.3745289148797921,0.4693333333333333,-0.10400000000000002,0.4441884355466058,4.0,65.0,50,4,Close (PT Updated/final),wilson,,,,
linecfbp_sportsline,SportsLine,517.0,482,231.0,251.0,15.0,-41.00000000000001,12.421663442940039,0.17408123791102514,0.47925311203319504,-0.08506224066390043,0.4349950034080573,2.0,69.0,51,4,Close (PT Updated/final),wilson,,,,
linecfbp_kford,KFord,517.0,497,244.0,253.0,15.0,-31.18181818181819,12.054932301740811,-0.07852998065764022,0.4909456740442656,-0.06274007682458388,0.4472329504578178,2.0,64.0,1,4,Close (PT Updated/final),mae,,,,
linecfbp_cbcr2_power,CBCR2: Power,517.0,499,254.0,245.0,15.0,-14.090909090909097,12.370212765957445,0.21663442940038685,0.5090180360721442,-0.028238294771360917,0.46525407201050845,2.0,50.0,2,4,Close (PT Updated/final),mae,,,,
linecfbp_sportsline,SportsLine,517.0,482,231.0,251.0,15.0,-41.00000000000001,12.421663442940039,0.17408123791102514,0.47925311203319504,-0.08506224066390043,0.4349950034080573,2.0,69.0,3,4,Close (PT Updated/final),mae,,,,
linecfbp_cfb_graphs,CFB Graphs,1032.0,1001,528.0,473.0,21.0,6.9999999999999885,12.441375968992247,0.03459302325581405,0.5274725274725275,0.006993006993006982,0.4964990184262165,3.0,1.0,4,4,Close (PT Updated/final),mae,,,,
linecfbp_power_rank_free,Power Rank: Free,1033.0,997,513.0,484.0,21.0,-17.636363636363647,12.472120038722169,-0.6186834462729913,0.5145436308926781,-0.01768943193216013,0.4835241442407813,3.0,10.0,5,4,Close (PT Updated/final),mae,,,,
linecfbp_power_rank,Power Rank,1537.0,1495,749.0,746.0,30.0,-65.09090909090911,12.540403383214052,-0.01730644111906294,0.5010033444816053,-0.04353906962602616,0.47568802035776564,4.0,18.0,6,4,Close (PT Updated/final),mae,,,,
dokter_entropy,Dokter Entropy,2335.0,2286,1105.0,1181.0,42.0,-176.45454545454547,12.589541755888652,-0.20155032119914332,0.48337707786526685,-0.07718921498449058,0.46293695329836376,4.0,53.0,7,4,Close (PT Updated/final),mae,,,,
espn_fpi,ESPN FPI,2336.0,2289,1134.0,1155.0,42.0,-124.09090909090912,12.603163527397259,-0.13237585616438363,0.4954128440366973,-0.054211843202668905,0.474955478228729,4.0,20.0,8,4,Close (PT Updated/final),mae,,,,
piratings_mean,Pi-Ratings Mean,2336.0,2265,1127.0,1138.0,42.0,-113.45454545454548,12.617354452054794,-0.15713184931506843,0.4975717439293598,-0.05009030704394944,0.4770022261272905,4.0,16.0,9,4,Close (PT Updated/final),mae,,,,
linecfbp_jp,JP+,1033.0,1005,497.0,508.0,21.0,-56.1818181818182,12.618973862536302,-0.3907066795740561,0.4945273631840796,-0.055902306648575324,0.46369638687638226,3.0,52.0,10,4,Close (PT Updated/final),mae,,,,
linecfbp_sp,SP+,1539.0,1495,772.0,723.0,30.0,-21.181818181818205,12.625406107862249,0.03710201429499673,0.5163879598662208,-0.014168440255396793,0.49104671994210014,4.0,2.0,11,4,Close (PT Updated/final),mae,,,,
teamrankings,TeamRankings.com,2336.0,2258,1116.0,1142.0,42.0,-127.45454545454548,12.649567636986301,-0.07354880136986301,0.4942426926483614,-0.05644576858040101,0.4736481514233202,4.0,24.0,12,4,Close (PT Updated/final),mae,,,,
linecfbp_professor_sides,Professor Sides,1537.0,1490,753.0,737.0,30.0,-52.454545454545475,12.654391672088483,0.03266102797657778,0.5053691275167785,-0.03520439292251374,0.48000164879891954,4.0,14.0,13,4,Close (PT Updated/final),mae,,,,
piratings,Pi-Ratings,2336.0,2277,1152.0,1125.0,42.0,-77.72727272727276,12.694828767123289,-0.1255650684931507,0.5059288537549407,-0.034135824649658655,0.48540063019686563,4.0,7.0,14,4,Close (PT Updated/final),mae,,,,
linept_donchess,Donchess Inference,2336.0,2238,1132.0,1106.0,42.0,-76.90909090909093,12.697868150684933,-0.020102739726027413,0.5058087578194816,-0.03436509870826226,0.4851028056800598,4.0,8.0,15,4,Close (PT Updated/final),mae,,,,
sagarin,Sagarin Ratings,2336.0,2289,1114.0,1175.0,42.0,-162.2727272727273,12.719815924657533,-0.21788099315068496,0.48667540410659677,-0.07089241034195164,0.4662390736111247,4.0,47.0,16,4,Close (PT Updated/final),mae,,,,
harville,David Harville,2336.0,2291,1129.0,1162.0,42.0,-135.63636363636365,12.726673801369863,-0.05353167808219171,0.4927979048450458,-0.059203999841276146,0.4723550887052825,4.0,28.0,17,4,Close (PT Updated/final),mae,,,,
piratings_bias,PI-Rate Bias,2336.0,2280,1141.0,1139.0,42.0,-101.72727272727276,12.743154965753426,-0.16804366438356175,0.500438596491228,-0.04461722488038279,0.4799316699311556,4.0,15.0,18,4,Close (PT Updated/final),mae,,,,
linecfbp_tshoe_index,TShoe Index,1033.0,998,487.0,511.0,21.0,-68.27272727272728,12.75246853823814,-0.13020329138431752,0.4879759519038076,-0.0684095463654582,0.45706971867668833,3.0,61.0,19,4,Close (PT Updated/final),mae,,,,
linecfbp_dratings,DRatings,1539.0,1484,728.0,756.0,30.0,-94.1818181818182,12.787199480181936,0.018648473034437976,0.49056603773584906,-0.06346483704974272,0.465188703100356,4.0,51.0,20,4,Close (PT Updated/final),mae,,,,
sagarin_predictor,Sagarin Predictor,2336.0,2290,1127.0,1163.0,42.0,-138.4545454545455,12.79841609589041,-0.20923801369863007,0.49213973799126637,-0.06046050019849148,0.4716939762204633,4.0,29.0,21,4,Close (PT Updated/final),mae,,,,
linecfbp_cfb_geek,CFB Geek,1023.0,991,498.0,493.0,24.0,-40.27272727272729,12.829521016617791,0.08484848484848491,0.5025227043390514,-0.04063847353453813,0.47144336401003095,3.0,30.0,22,4,Close (PT Updated/final),mae,,,,
sagarin_golden_mean,Sagarin Golden Mean,2336.0,2293,1134.0,1159.0,42.0,-128.09090909090912,12.836596746575342,-0.2503981164383562,0.49454862625381596,-0.055861713515442266,0.47411087461744406,4.0,22.0,23,4,Close (PT Updated/final),mae,,,,
linept_pig,Pigskin Index,2336.0,2174,1070.0,1104.0,42.0,-131.2727272727273,12.842876712328767,-0.20593321917808216,0.4921803127874885,-0.060383039223885604,0.4711973624438827,4.0,32.0,24,4,Close (PT Updated/final),mae,,,,
linept_kam,Edward Kambour,2334.0,2289,1115.0,1174.0,42.0,-160.3636363636364,12.861666666666666,-0.241700942587832,0.4871122761031018,-0.07005838198498751,0.4666747455630073,4.0,45.0,25,4,Close (PT Updated/final),mae,,,,
massey,Massey Ratings,2336.0,2292,1156.0,1136.0,42.0,-85.09090909090912,12.879075342465754,-0.17216609589041085,0.5043630017452007,-0.03712517848643505,0.4839039436593786,4.0,9.0,26,4,Close (PT Updated/final),mae,,,,
linecfbp_wilson_ratings,Wilson Ratings,1539.0,1493,736.0,757.0,30.0,-87.90909090909093,12.881806367771281,-0.12417153996101352,0.49296718017414604,-0.058880837849357624,0.46765801977331173,4.0,41.0,27,4,Close (PT Updated/final),mae,,,,
sagarin_recent,Sagarin Recent,2336.0,2289,1118.0,1171.0,42.0,-154.63636363636365,12.926339897260274,-0.12131421232876717,0.48842289209261686,-0.0675562969140951,0.46798185509625667,4.0,39.0,28,4,Close (PT Updated/final),mae,,,,
linept_laz,Laz Index,2334.0,2288,1129.0,1159.0,42.0,-132.63636363636365,12.933097686375321,-0.049061696658097634,0.49344405594405594,-0.057970438652256845,0.47298642591523943,4.0,27.0,29,4,Close (PT Updated/final),mae,,,,
linept_pugh,Pugh Ratings,2330.0,2287,1080.0,1207.0,42.0,-225.18181818181822,13.030424892703863,-0.02800429184549349,0.47223436816790554,-0.09846166077036214,0.4518376255172713,4.0,63.0,30,4,Close (PT Updated/final),mae,,,,
linept_talis,Talisman Red,2284.0,2242,1142.0,1100.0,41.0,-61.81818181818185,13.096571803852889,-0.037456217162872056,0.5093666369313113,-0.02757278404022384,0.48867528503284596,4.0,4.0,31,4,Close (PT Updated/final),mae,,,,
linecfbp_room44_bets,Room44 Bets,1537.0,1486,738.0,748.0,30.0,-77.09090909090911,13.103122966818477,-0.1338321405335069,0.49663526244952894,-0.05187813532362659,0.4712553670991532,4.0,31.0,32,4,Close (PT Updated/final),mae,,,,
linept_payne,linepayne,2336.0,2292,1119.0,1173.0,42.0,-155.72727272727275,13.191930650684931,0.22608304794520553,0.4882198952879581,-0.06794383626844361,0.46779273859533804,4.0,40.0,33,4,Close (PT Updated/final),mae,,,,
linept_argh,Argh Ratings,2336.0,2211,1084.0,1127.0,42.0,-141.54545454545456,13.214576198630137,0.037564212328767124,0.4902758932609679,-0.06401874922906131,0.4694735238918954,4.0,34.0,34,4,Close (PT Updated/final),mae,,,,
fei,FEI Projections,2336.0,2277,1128.0,1149.0,42.0,-123.54545454545458,13.21482876712329,-0.1298287671232877,0.49538866930171277,-0.054257994969457435,0.4748776288425046,4.0,21.0,35,4,Close (PT Updated/final),mae,,,,
moore_ratings,Moore Power Ratings,2334.0,2292,1121.0,1171.0,42.0,-151.90909090909093,13.217112253641817,-0.0670265638389032,0.48909249563699825,-0.06627796287482153,0.46866307022823656,4.0,37.0,36,4,Close (PT Updated/final),mae,,,,
linept_elo,Beck Elo,2336.0,2289,1095.0,1194.0,42.0,-198.5454545454546,13.246224315068494,-0.05395547945205485,0.4783748361730013,-0.08673894912427024,0.4579642747531428,4.0,60.0,37,4,Close (PT Updated/final),mae,,,,
keeper,Keeper,2327.0,2277,1143.0,1134.0,42.0,-94.90909090909093,13.271027073485174,0.06446067898581877,0.5019762845849802,-0.041681638519583196,0.481453437867847,4.0,13.0,38,4,Close (PT Updated/final),mae,,,,
linept_born,Born Power Index,2336.0,2294,1102.0,1192.0,42.0,-190.18181818181822,13.28058647260274,-0.06201626712328772,0.4803836094158675,-0.08290401838788937,0.4599884842699233,4.0,59.0,39,4,Close (PT Updated/final),mae,,,,
congrove,Congrove Computer Rankings,2335.0,2291,1160.0,1131.0,42.0,-76.45454545454548,13.287948608137045,0.3605481798715204,0.5063291139240507,-0.03337169159953971,0.4858631646326791,4.0,6.0,40,4,Close (PT Updated/final),mae,,,,
linept_how,Howell,2334.0,2214,1081.0,1133.0,42.0,-150.2727272727273,13.379597257926306,-0.2124935732647815,0.488256549232159,-0.0678738605567874,0.4674735416686228,4.0,43.0,41,4,Close (PT Updated/final),mae,,,,
linept_curry,Daniel Curry Index,2333.0,2290,1101.0,1189.0,42.0,-188.09090909090912,13.421414487783968,-0.048264037719674246,0.48078602620087335,-0.08213576816196905,0.4603718420619472,4.0,58.0,42,4,Close (PT Updated/final),mae,,,,
linept_paynep,linepaynep,2336.0,2293,1092.0,1201.0,42.0,-208.2727272727273,13.452457191780821,0.2967037671232876,0.4762320104666376,-0.09082979820005552,0.4558467573028668,4.0,62.0,43,4,Close (PT Updated/final),mae,,,,
linecfbp_beta_rank,Beta_Rank,1539.0,1500,704.0,796.0,30.0,-156.00000000000003,13.484860298895388,0.3745289148797921,0.4693333333333333,-0.10400000000000002,0.4441884355466058,4.0,65.0,44,4,Close (PT Updated/final),mae,,,,
linept_bill,Billingsley,2335.0,2292,1115.0,1177.0,42.0,-163.3636363636364,13.554496788008565,0.04864668094218409,0.48647469458987785,-0.07127558305568779,0.4660522620585568,4.0,48.0,45,4,Close (PT Updated/final),mae,,,,
linept_dwig,DP Dwiggins,2330.0,2211,1084.0,1127.0,41.0,-141.54545454545456,13.589377682403434,0.0861587982832618,0.4902758932609679,-0.06401874922906131,0.4694735238918954,4.0,35.0,46,4,Close (PT Updated/final),mae,,,,
linept_rwp,Laffaye RWP,2214.0,2167,1048.0,1119.0,42.0,-166.2727272727273,13.614927732610658,0.23930894308943085,0.4836179049377019,-0.07672945420984185,0.46262503014918316,3.0,54.0,47,4,Close (PT Updated/final),mae,,,,
linept_kerns,Stephen Kerns,2336.0,2284,1117.0,1167.0,42.0,-151.54545454545456,13.785209760273972,0.49762414383561654,0.4890542907180385,-0.06635089953829008,0.4685893084448413,4.0,38.0,48,4,Close (PT Updated/final),mae,,,,
linept_paynewl,linepaynewl,2336.0,2290,1115.0,1175.0,42.0,-161.3636363636364,13.863009417808218,0.14718749999999997,0.4868995633187773,-0.07046447002778883,0.46646706557943224,4.0,46.0,49,4,Close (PT Updated/final),mae,,,,
linept_pfz,PerformanZ Ratings,2336.0,2292,1107.0,1185.0,42.0,-178.63636363636365,13.997337328767125,0.10641267123287677,0.4829842931937173,-0.07793907663017612,0.46257205614372177,4.0,55.0,50,4,Close (PT Updated/final),mae,,,,
linept_loud,Loudsound.org,2259.0,2160,1072.0,1088.0,42.0,-113.45454545454548,14.261177512173528,0.11775121735281098,0.4962962962962963,-0.05252525252525254,0.47523631835365393,4.0,19.0,51,4,Close (PT Updated/final),mae,,,,
piratings,,,2336,,,,,,,,,,,,1,4,Close (PT Updated/final),incremental,0.02089939867560409,0.07036347016364891,0.02067925983591775,12.694828767123289
linecfbp_sportsline,,,517,,,,,,,,,,,,2,4,Close (PT Updated/final),incremental,0.016327255370091574,0.0451488313244989,0.015590747126727143,12.421663442940039
piratings_mean,,,2336,,,,,,,,,,,,3,4,Close (PT Updated/final),incremental,0.015468263218027035,0.0585213527369243,0.015305331950499506,12.617354452054794
linecfbp_cfb_graphs,,,1032,,,,,,,,,,,,4,4,Close (PT Updated/final),incremental,0.015552312687562544,0.055249535192891906,0.015188720754572537,12.441375968992247
massey,,,2336,,,,,,,,,,,,5,4,Close (PT Updated/final),incremental,0.015269854002579695,0.0446272063351688,0.015109012631280741,12.879075342465752
piratings_bias,,,2336,,,,,,,,,,,,6,4,Close (PT Updated/final),incremental,0.014186283670009795,0.04708706530228972,0.01403685582880484,12.743154965753424
linecfbp_jp,,,1033,,,,,,,,,,,,7,4,Close (PT Updated/final),incremental,0.011634324708458687,0.030839522921434073,0.011362584161863556,12.618973862536302
dokter_entropy,,,2335,,,,,,,,,,,,8,4,Close (PT Updated/final),incremental,0.010529032316713023,0.044182047348706274,0.01041808051313892,12.58954175588865
linecfbp_cbcr2_power,,,517,,,,,,,,,,,,9,4,Close (PT Updated/final),incremental,0.01006652857684539,0.025684818630183032,0.0096124362563142,12.370212765957445
linept_donchess,,,2336,,,,,,,,,,,,10,4,Close (PT Updated/final),incremental,0.006467651106715149,0.023666674480723803,0.006399525643766288,12.697868150684931
linept_talis,,,2284,,,,,,,,,,,,11,4,Close (PT Updated/final),incremental,0.00453152652748435,0.01183912902433436,0.004482725551544093,13.096571803852889
linecfbp_sp,,,1539,,,,,,,,,,,,12,4,Close (PT Updated/final),incremental,0.002730365939433359,0.009886056610979873,0.0026870652894655073,12.625406107862249
linept_laz,,,2334,,,,,,,,,,,,13,4,Close (PT Updated/final),incremental,0.0013894549710562509,0.00415370080856854,0.0013748071344493527,12.933097686375321
linept_paynewl,,,2336,,,,,,,,,,,,14,4,Close (PT Updated/final),incremental,0.0007780097004462614,0.001520212893200972,0.0007698147205150503,13.86300941780822
congrove,,,2335,,,,,,,,,,,,15,4,Close (PT Updated/final),incremental,-0.0010424275202513612,-0.0022267300698323826,-0.0010314427298178113,13.287948608137045
linept_loud,,,2259,,,,,,,,,,,,16,4,Close (PT Updated/final),incremental,-0.002642645501942869,-0.0042850490236508824,-0.002613876459610032,14.261177512173528
espn_fpi,,,2336,,,,,,,,,,,,17,4,Close (PT Updated/final),incremental,-0.003245617440601138,-0.013448657428023569,-0.0032114305020901415,12.603163527397259
linept_kam,,,2334,,,,,,,,,,,,18,4,Close (PT Updated/final),incremental,-0.003821479295673464,-0.012712007523165383,-0.0037811927045382963,12.861666666666666
sagarin_golden_mean,,,2336,,,,,,,,,,,,19,4,Close (PT Updated/final),incremental,-0.005223133550033776,-0.016417277982771553,-0.005168116916441662,12.836596746575342
linecfbp_room44_bets,,,1537,,,,,,,,,,,,20,4,Close (PT Updated/final),incremental,-0.007164025072560492,-0.01825271997460041,-0.007050267049704625,13.103122966818477
linept_rwp,,,2214,,,,,,,,,,,,21,4,Close (PT Updated/final),incremental,-0.00796050684291367,-0.01662181347057745,-0.00787211295444496,13.614927732610658
linept_bill,,,2335,,,,,,,,,,,,22,4,Close (PT Updated/final),incremental,-0.00979922528932586,-0.02033546197605112,-0.009695963974631835,13.554496788008565
linept_argh,,,2336,,,,,,,,,,,,23,4,Close (PT Updated/final),incremental,-0.010182936869959497,-0.025186268079983476,-0.010075677329053718,13.214576198630137
sagarin,,,2336,,,,,,,,,,,,24,4,Close (PT Updated/final),incremental,-0.010491901048861614,-0.040653173218132506,-0.010381387107343461,12.719815924657533
keeper,,,2327,,,,,,,,,,,,25,4,Close (PT Updated/final),incremental,-0.011004548308714003,-0.026508199735248098,-0.010888193291700488,13.271027073485174
fei,,,2336,,,,,,,,,,,,26,4,Close (PT Updated/final),incremental,-0.011135239702267478,-0.027821874617863368,-0.011017949306226188,13.21482876712329
linept_pig,,,2336,,,,,,,,,,,,27,4,Close (PT Updated/final),incremental,-0.011137490546758031,-0.0389176660995027,-0.011020176441982239,12.842876712328767
linept_curry,,,2333,,,,,,,,,,,,28,4,Close (PT Updated/final),incremental,-0.012425004834934217,-0.028526683967934015,-0.012293963365024538,13.421414487783968
linept_how,,,2334,,,,,,,,,,,,29,4,Close (PT Updated/final),incremental,-0.012833696965489774,-0.029365433117815195,-0.012698402263517507,13.379597257926308
linept_payne,,,2336,,,,,,,,,,,,30,4,Close (PT Updated/final),incremental,-0.013346356358026732,-0.03345435006079324,-0.013205775691171182,13.191930650684931
sagarin_recent,,,2336,,,,,,,,,,,,31,4,Close (PT Updated/final),incremental,-0.015408095446936887,-0.046325461953368126,-0.015245797942299853,12.926339897260274
sagarin_predictor,,,2336,,,,,,,,,,,,32,4,Close (PT Updated/final),incremental,-0.01579435369317065,-0.05692845271019089,-0.01562798762926715,12.79841609589041
linecfbp_power_rank_free,,,1033,,,,,,,,,,,,33,4,Close (PT Updated/final),incremental,-0.016803635041991505,-0.058937278227350495,-0.01641115596946089,12.472120038722167
linecfbp_dratings,,,1539,,,,,,,,,,,,34,4,Close (PT Updated/final),incremental,-0.01937201937560103,-0.06851586250010373,-0.01906480010581794,12.787199480181936
linecfbp_wilson_ratings,,,1539,,,,,,,,,,,,35,4,Close (PT Updated/final),incremental,-0.019819144091700415,-0.059968537565777386,-0.019504833907639435,12.88180636777128
harville,,,2336,,,,,,,,,,,,36,4,Close (PT Updated/final),incremental,-0.02019659817079404,-0.07625187031667525,-0.019983862112884405,12.726673801369863
linecfbp_professor_sides,,,1537,,,,,,,,,,,,37,4,Close (PT Updated/final),incremental,-0.022746173270473367,-0.0890909553146954,-0.022384985296872207,12.654391672088487
linept_dwig,,,2330,,,,,,,,,,,,38,4,Close (PT Updated/final),incremental,-0.02317475233155352,-0.05051595891816166,-0.022930027919401706,13.589377682403434
teamrankings,,,2336,,,,,,,,,,,,39,4,Close (PT Updated/final),incremental,-0.02529098904133149,-0.10791158740926084,-0.025024592430189868,12.649567636986301
linept_pugh,,,2330,,,,,,,,,,,,40,4,Close (PT Updated/final),incremental,-0.025464020911010403,-0.07728039598008546,-0.025195121918722845,13.030424892703863
linecfbp_tshoe_index,,,1033,,,,,,,,,,,,41,4,Close (PT Updated/final),incremental,-0.030816270629146523,-0.09106502752657786,-0.030096501288455917,12.75246853823814
linecfbp_beta_rank,,,1539,,,,,,,,,,,,42,4,Close (PT Updated/final),incremental,-0.03301098185366951,-0.07767577676908047,-0.03248746339422173,13.484860298895388
linecfbp_power_rank,,,1537,,,,,,,,,,,,43,4,Close (PT Updated/final),incremental,-0.033284347745467985,-0.1555682211879743,-0.03275582340988546,12.540403383214052
linept_born,,,2336,,,,,,,,,,,,44,4,Close (PT Updated/final),incremental,-0.033384312909446205,-0.08906718619602245,-0.03303266719840525,13.28058647260274
linecfbp_cfb_geek,,,1023,,,,,,,,,,,,45,4,Close (PT Updated/final),incremental,-0.036971331145362725,-0.11788129333640948,-0.03609965433396723,12.829521016617791
linept_kerns,,,2336,,,,,,,,,,,,46,4,Close (PT Updated/final),incremental,-0.038525787453188416,-0.07874816218006299,-0.03811998524425465,13.785209760273972
linecfbp_kford,,,517,,,,,,,,,,,,47,4,Close (PT Updated/final),incremental,-0.04373871091382936,-0.1737462703523657,-0.041765695828809075,12.054932301740811
moore_ratings,,,2334,,,,,,,,,,,,48,4,Close (PT Updated/final),incremental,-0.04295488800287689,-0.11865632069112787,-0.04250205131939988,13.217112253641815
linept_pfz,,,2336,,,,,,,,,,,,49,4,Close (PT Updated/final),incremental,-0.04512924878100216,-0.08906099805852957,-0.04465389058449277,13.997337328767124
linept_elo,,,2336,,,,,,,,,,,,50,4,Close (PT Updated/final),incremental,-0.05036135387151922,-0.13441729511606335,-0.04983088454183221,13.246224315068494
linept_paynep,,,2336,,,,,,,,,,,,51,4,Close (PT Updated/final),incremental,-0.055256045100715453,-0.13465243344783062,-0.05467401870641892,13.452457191780821
congrove,Congrove Computer Rankings,2628.0,2566,1319.0,1247.0,57.0,-47.90909090909095,13.373580669710808,0.41390030441400305,0.5140296180826188,-0.01867072911500037,0.4946847742139809,4.0,3.0,1,5,Open,wilson,,,,
espn_fpi,ESPN FPI,2629.0,2567,1318.0,1249.0,57.0,-50.818181818181856,12.644385697984026,-0.015667554203119143,0.5134398130112973,-0.019796720614796204,0.49409899167915156,4.0,4.0,2,5,Open,wilson,,,,
massey,Massey Ratings,2629.0,2567,1313.0,1254.0,57.0,-60.3636363636364,12.962502852795739,-0.006557626473944598,0.5114920140241527,-0.0235152459538903,0.49215222820222165,4.0,6.0,3,5,Open,wilson,,,,
linecfbp_sp,SP+,1749.0,1689,871.0,818.0,41.0,-26.18181818181821,12.661806746712408,0.10720411663807876,0.5156897572528123,-0.015501372517358324,0.491847600713798,4.0,7.0,4,5,Open,wilson,,,,
keeper,Keeper,2620.0,2560,1308.0,1252.0,57.0,-62.90909090909094,13.331740458015268,0.2079770992366411,0.5109375,-0.02457386363636365,0.491571657208256,4.0,8.0,5,5,Open,wilson,,,,
linept_laz,Laz Index,2627.0,2569,1312.0,1257.0,57.0,-64.27272727272731,13.008705748001521,0.0840768937952037,0.5107045543012846,-0.025018578152093154,0.4913727947083245,4.0,9.0,6,5,Open,wilson,,,,
harville,David Harville,2629.0,2570,1312.0,1258.0,57.0,-65.27272727272731,12.783796120197795,0.09218714340053247,0.5105058365758754,-0.02539794835514681,0.49117796984394774,4.0,10.0,7,5,Open,wilson,,,,
linecfbp_professor_sides,Professor Sides,1747.0,1690,870.0,820.0,41.0,-29.090909090909115,12.69026903262736,0.1461362335432169,0.514792899408284,-0.01721355567509415,0.4909585267269568,4.0,11.0,8,5,Open,wilson,,,,
linept_big200,Big 200,295.0,289,158.0,131.0,6.0,12.636363636363633,13.743389830508475,0.5367457627118645,0.5467128027681661,0.04372444164831707,0.48908055162923386,1.0,13.0,9,5,Open,wilson,,,,
linecfbp_jp,JP+,1243.0,1208,624.0,584.0,23.0,-16.727272727272744,12.783105390185035,-0.21094127111826225,0.5165562913907285,-0.01384708007224565,0.4883681088301933,3.0,14.0,10,5,Open,wilson,,,,
dokter_entropy,Dokter Entropy,2628.0,2570,1304.0,1266.0,57.0,-80.54545454545459,12.627671232876711,-0.06759512937595138,0.5073929961089494,-0.03134064379200568,0.48806762567205003,4.0,15.0,11,5,Open,wilson,,,,
linept_donchess,Donchess Inference,2629.0,2503,1267.0,1236.0,57.0,-84.18181818181822,12.765926207683528,0.05166983643971097,0.5061925689172992,-0.03363236843061056,0.4866117016646591,4.0,16.0,12,5,Open,wilson,,,,
linept_how,Howell,2627.0,2484,1256.0,1228.0,57.0,-86.18181818181822,13.499242481918536,-0.1650057099352874,0.5056360708534622,-0.03469477382520862,0.48598113955956096,4.0,17.0,13,5,Open,wilson,,,,
linecfbp_room44_bets,Room44 Bets,1747.0,1669,851.0,818.0,41.0,-44.36363636363639,13.136691471093302,-0.01041785918717803,0.5098861593768724,-0.026580968462334563,0.48590791576782977,4.0,18.0,14,5,Open,wilson,,,,
linept_round,lineround,1721.0,1615,824.0,791.0,41.0,-41.90909090909093,13.415456130156885,0.4009296920395119,0.5102167182662539,-0.02594990149169717,0.4858409883343705,4.0,19.0,15,5,Open,wilson,,,,
sagarin_predictor,Sagarin Predictor,2629.0,2568,1297.0,1271.0,57.0,-91.90909090909095,12.798836059338152,-0.0848763788512743,0.5050623052959502,-0.035790144435004265,0.4857317787301695,4.0,20.0,16,5,Open,wilson,,,,
linept_loud,Loudsound.org,2552.0,2408,1217.0,1191.0,56.0,-84.63636363636367,14.5282131661442,0.08542319749216301,0.5053986710963455,-0.0351479915433404,0.48543660199527494,4.0,22.0,17,5,Open,wilson,,,,
linecfbp_cfb_victory,CFB Victory,212.0,204,113.0,91.0,6.0,11.727272727272725,13.683490566037737,0.0551886792452831,0.553921568627451,0.05748663101604277,0.48533860902096143,1.0,23.0,18,5,Open,wilson,,,,
linept_argh,Argh Ratings,2629.0,2443,1234.0,1209.0,57.0,-87.18181818181822,13.315899581589958,0.09166983643971091,0.5051166598444535,-0.03568637666058871,0.4852982619778961,4.0,24.0,19,5,Open,wilson,,,,
linept_kerns,Stephen Kerns,2629.0,2557,1287.0,1270.0,57.0,-100.00000000000003,13.883259794598706,0.49517306960821605,0.503324208056316,-0.039108330074305836,0.48395423647587693,4.0,25.0,20,5,Open,wilson,,,,
linept_dunk,Dunkel Index,2295.0,2246,1131.0,1115.0,48.0,-86.81818181818186,13.408065359477124,-0.10669716775599124,0.5035618878005342,-0.03865457783534366,0.4828957671389363,4.0,26.0,21,5,Open,wilson,,,,
linecfbp_dratings,DRatings,1749.0,1671,846.0,825.0,41.0,-55.909090909090935,12.841395082904516,0.08324757004002271,0.5062836624775583,-0.03345846254284317,0.4823252324481024,4.0,27.0,22,5,Open,wilson,,,,
teamrankings,TeamRankings.com,2629.0,2538,1271.0,1267.0,57.0,-111.54545454545458,12.680863446177254,0.031110688474705134,0.5007880220646178,-0.043950139694820554,0.4813492004042137,4.0,28.0,23,5,Open,wilson,,,,
linept_pig,Pigskin Index,2617.0,2411,1208.0,1203.0,57.0,-104.81818181818186,12.871597248758121,-0.11656476881925866,0.5010369141435089,-0.04347498208966481,0.4810930745791938,4.0,29.0,24,5,Open,wilson,,,,
linept_pugh,Pugh Ratings,2623.0,2565,1283.0,1282.0,57.0,-115.63636363636367,13.02787647731605,0.12834159359512012,0.5001949317738792,-0.045082402977139835,0.48085940720041015,4.0,30.0,25,5,Open,wilson,,,,
fei,FEI Projections,2629.0,2550,1274.0,1276.0,57.0,-117.81818181818186,13.237713959680486,-0.03445036135412707,0.4996078431372549,-0.04620320855614975,0.48021650477021466,4.0,31.0,26,5,Open,wilson,,,,
piratings,Pi-Ratings,2629.0,2552,1273.0,1279.0,57.0,-121.72727272727276,12.782658805629517,0.0030391783948269338,0.4988244514106583,-0.04769877457965234,0.4794419263520157,4.0,32.0,27,5,Open,wilson,,,,
piratings_bias,PI-Rate Bias,2629.0,2552,1273.0,1279.0,57.0,-121.72727272727276,12.847017877519969,-0.052015975656143104,0.4988244514106583,-0.04769877457965234,0.4794419263520157,4.0,33.0,28,5,Open,wilson,,,,
linept_elo,Beck Elo,2629.0,2570,1281.0,1289.0,57.0,-124.4545454545455,13.327672118676302,0.029650057055914728,0.49844357976653697,-0.0484258931729749,0.4791295512836703,4.0,34.0,29,5,Open,wilson,,,,
linept_rwp,Laffaye RWP,2507.0,2450,1222.0,1228.0,54.0,-117.09090909090912,13.859046669325886,0.2825329078579977,0.4987755102040816,-0.0477922077922078,0.47899436362115777,4.0,35.0,30,5,Open,wilson,,,,
piratings_mean,Pi-Ratings Mean,2629.0,2547,1269.0,1278.0,57.0,-124.3636363636364,12.70594903004945,-0.03113731456827683,0.49823321554770317,-0.04882749759074849,0.4788326630972699,4.0,36.0,31,5,Open,wilson,,,,
linecfbp_tshoe_index,TShoe Index,1243.0,1203,609.0,594.0,23.0,-40.36363636363638,12.814802896218826,0.008045052292839812,0.5062344139650873,-0.03355248243028793,0.47800741151740916,3.0,38.0,32,5,Open,wilson,,,,
linept_dwig,DP Dwiggins,2623.0,2462,1224.0,1238.0,57.0,-125.2727272727273,13.618852459016393,0.11885245901639344,0.49715678310316813,-0.0508825049848608,0.47742660422132266,4.0,39.0,33,5,Open,wilson,,,,
linecfbp_wilson_ratings,Wilson Ratings,1749.0,1692,848.0,844.0,41.0,-73.09090909090912,12.96735277301315,-0.04648370497427108,0.5011820330969267,-0.04319793681495811,0.47738224321572653,4.0,40.0,34,5,Open,wilson,,,,
sagarin_recent,Sagarin Recent,2629.0,2568,1272.0,1296.0,57.0,-139.63636363636368,12.898546976036515,-0.006770635222518137,0.4953271028037383,-0.054375531011045045,0.4760109710274623,4.0,42.0,35,5,Open,wilson,,,,
linept_curry,Daniel Curry Index,2626.0,2567,1271.0,1296.0,57.0,-140.5454545454546,13.596881188118813,0.05944782939832441,0.4951305025321387,-0.054750858802280714,0.47581098188827353,4.0,43.0,36,5,Open,wilson,,,,
linecfbp_power_rank_free,Power Rank: Free,1243.0,1209,609.0,600.0,23.0,-46.36363636363638,12.63765084473049,-0.3578439259855189,0.5037220843672456,-0.0383487480261674,0.4755715918668398,3.0,44.0,37,5,Open,wilson,,,,
sagarin_golden_mean,Sagarin Golden Mean,2629.0,2569,1270.0,1299.0,57.0,-144.4545454545455,12.865233929250664,-0.12662609357170027,0.4943557804593227,-0.056229873668565786,0.47504523847373303,4.0,46.0,38,5,Open,wilson,,,,
linept_payne,linepayne,2625.0,2564,1267.0,1297.0,57.0,-145.18181818181822,13.51344761904762,0.364632380952381,0.49414976599063964,-0.05662317401786982,0.47482084064320207,4.0,47.0,39,5,Open,wilson,,,,
linecfbp_cfb_geek,CFB Geek,1233.0,1190,598.0,592.0,32.0,-48.36363636363638,12.9323600973236,0.19772911597729112,0.5025210084033613,-0.04064171122994654,0.47415073897992344,3.0,49.0,40,5,Open,wilson,,,,
linecfbp_power_rank,Power Rank,1747.0,1690,840.0,850.0,41.0,-86.36363636363639,12.590383514596452,0.1289066971951918,0.4970414201183432,-0.05110274341043573,0.47323732202843816,4.0,51.0,41,5,Open,wilson,,,,
linecfbp_cfb_graphs,CFB Graphs,1242.0,1207,605.0,602.0,23.0,-52.000000000000014,12.702093397745571,0.2053140096618357,0.5012427506213754,-0.04308202154101078,0.47307618393690937,3.0,52.0,42,5,Open,wilson,,,,
linept_pfz,PerformanZ Ratings,2629.0,2572,1266.0,1306.0,57.0,-155.09090909090912,14.076968429060482,0.22368581209585403,0.49222395023328147,-0.06029973137282625,0.47292893439273465,4.0,53.0,43,5,Open,wilson,,,,
linept_bill,Billingsley,2628.0,2569,1262.0,1307.0,57.0,-159.72727272727275,13.770570776255706,0.09458143074581432,0.491241728298949,-0.06217488233837008,0.4719375664692798,4.0,55.0,44,5,Open,wilson,,,,
linept_talis,Talisman Red,2577.0,2520,1235.0,1285.0,56.0,-162.2727272727273,13.267590221187428,0.13520372526193247,0.49007936507936506,-0.0643939393939394,0.47059145296350896,4.0,57.0,45,5,Open,wilson,,,,
sagarin,Sagarin Ratings,2629.0,2569,1256.0,1313.0,57.0,-171.18181818181822,12.734986686953214,-0.09301635602890831,0.48890618917866874,-0.06663363884072332,0.4696073037525638,4.0,60.0,46,5,Open,wilson,,,,
linept_born,Born Power Index,2629.0,2572,1257.0,1315.0,57.0,-172.2727272727273,13.34213389121339,0.11868010650437429,0.48872472783825816,-0.06698006503605261,0.46943750162926234,4.0,61.0,47,5,Open,wilson,,,,
linecfbp_beta_rank,Beta_Rank,1749.0,1698,836.0,862.0,41.0,-102.00000000000003,13.583076043453401,0.48153230417381354,0.4923439340400471,-0.06007067137809189,0.46860880226569296,4.0,62.0,48,5,Open,wilson,,,,
linept_paynewl,linepaynewl,2625.0,2564,1251.0,1313.0,57.0,-175.72727272727278,14.169356190476192,0.26771047619047617,0.4879095163806552,-0.06853637781874913,0.4685942508481727,4.0,63.0,49,5,Open,wilson,,,,
moore_ratings,Moore Power Ratings,2626.0,2567,1247.0,1320.0,57.0,-186.3636363636364,13.421557501904037,0.04021706016755535,0.48578106739384497,-0.07259978042993237,0.4664824069934241,4.0,64.0,50,5,Open,wilson,,,,
linecfbp_kford,KFord,727.0,706,355.0,351.0,14.0,-28.272727272727284,12.26850068775791,0.17056396148555716,0.5028328611898017,-0.04004635591037859,0.4660359420061078,2.0,66.0,51,5,Open,wilson,,,,
linept_clean,Cleanup Hitter,2590.0,2471,1198.0,1273.0,57.0,-183.90909090909093,14.189571428571428,-0.003872586872586862,0.4848239579117766,-0.07442698944115375,0.46515756592138063,4.0,67.0,52,5,Open,wilson,,,,
linept_kam,Edward Kambour,2627.0,2569,1244.0,1325.0,57.0,-194.09090909090912,12.995226494099736,-0.06976018271792915,0.4842351109381082,-0.07555115184542979,0.46494804215472374,4.0,68.0,53,5,Open,wilson,,,,
linecfbp_john_harris,John Harris,212.0,205,109.0,96.0,6.0,3.090909090909089,12.877358490566039,1.0141509433962266,0.5317073170731708,0.015077605321507752,0.4634455666958912,1.0,69.0,54,5,Open,wilson,,,,
linecfbp_cbcr2_power,CBCR2: Power,727.0,706,352.0,354.0,14.0,-34.000000000000014,12.67840440165062,0.6434662998624484,0.4985835694050991,-0.04815864022662891,0.4618092057930699,2.0,70.0,55,5,Open,wilson,,,,
linept_paynep,linepaynep,2625.0,2565,1221.0,1344.0,57.0,-234.00000000000003,13.68878857142857,0.47702476190476195,0.4760233918128655,-0.0912280701754386,0.4567462223224874,4.0,71.0,56,5,Open,wilson,,,,
linecfbp_sportsline,SportsLine,727.0,684,332.0,352.0,14.0,-50.181818181818194,12.778541953232462,0.30261348005502064,0.4853801169590643,-0.07336523125996812,0.4481118848001628,2.0,72.0,57,5,Open,wilson,,,,
linept_wayward,Waywardtrends,295.0,289,141.0,148.0,6.0,-19.81818181818182,13.610542372881355,0.6601016949152541,0.48788927335640137,-0.06857502359232463,0.43079806624235634,1.0,74.0,58,5,Open,wilson,,,,
linecfbp_trent_sorensen,Trent Sorensen,212.0,205,101.0,104.0,6.0,-12.181818181818185,15.19245283018868,0.3764150943396226,0.4926829268292683,-0.059423503325942366,0.42501214921330754,1.0,75.0,59,5,Open,wilson,,,,
linecfbp_matt_grissom,Matt Grissom,212.0,206,93.0,113.0,6.0,-28.454545454545457,13.251415094339626,0.9938679245283019,0.45145631067961167,-0.13812886142983233,0.38500797827613664,1.0,77.0,60,5,Open,wilson,,,,
linecfbp_kford,KFord,727.0,706,355.0,351.0,14.0,-28.272727272727284,12.26850068775791,0.17056396148555716,0.5028328611898017,-0.04004635591037859,0.4660359420061078,2.0,66.0,1,5,Open,mae,,,,
linecfbp_power_rank,Power Rank,1747.0,1690,840.0,850.0,41.0,-86.36363636363639,12.590383514596452,0.1289066971951918,0.4970414201183432,-0.05110274341043573,0.47323732202843816,4.0,51.0,2,5,Open,mae,,,,
dokter_entropy,Dokter Entropy,2628.0,2570,1304.0,1266.0,57.0,-80.54545454545459,12.627671232876711,-0.06759512937595138,0.5073929961089494,-0.03134064379200568,0.48806762567205003,4.0,15.0,3,5,Open,mae,,,,
linecfbp_power_rank_free,Power Rank: Free,1243.0,1209,609.0,600.0,23.0,-46.36363636363638,12.63765084473049,-0.3578439259855189,0.5037220843672456,-0.0383487480261674,0.4755715918668398,3.0,44.0,4,5,Open,mae,,,,
espn_fpi,ESPN FPI,2629.0,2567,1318.0,1249.0,57.0,-50.818181818181856,12.644385697984026,-0.015667554203119143,0.5134398130112973,-0.019796720614796204,0.49409899167915156,4.0,4.0,5,5,Open,mae,,,,
linecfbp_sp,SP+,1749.0,1689,871.0,818.0,41.0,-26.18181818181821,12.661806746712408,0.10720411663807876,0.5156897572528123,-0.015501372517358324,0.491847600713798,4.0,7.0,6,5,Open,mae,,,,
linecfbp_cbcr2_power,CBCR2: Power,727.0,706,352.0,354.0,14.0,-34.000000000000014,12.67840440165062,0.6434662998624484,0.4985835694050991,-0.04815864022662891,0.4618092057930699,2.0,70.0,7,5,Open,mae,,,,
teamrankings,TeamRankings.com,2629.0,2538,1271.0,1267.0,57.0,-111.54545454545458,12.680863446177254,0.031110688474705134,0.5007880220646178,-0.043950139694820554,0.4813492004042137,4.0,28.0,8,5,Open,mae,,,,
linecfbp_professor_sides,Professor Sides,1747.0,1690,870.0,820.0,41.0,-29.090909090909115,12.69026903262736,0.1461362335432169,0.514792899408284,-0.01721355567509415,0.4909585267269568,4.0,11.0,9,5,Open,mae,,,,
linecfbp_cfb_graphs,CFB Graphs,1242.0,1207,605.0,602.0,23.0,-52.000000000000014,12.702093397745571,0.2053140096618357,0.5012427506213754,-0.04308202154101078,0.47307618393690937,3.0,52.0,10,5,Open,mae,,,,
piratings_mean,Pi-Ratings Mean,2629.0,2547,1269.0,1278.0,57.0,-124.3636363636364,12.70594903004945,-0.03113731456827683,0.49823321554770317,-0.04882749759074849,0.4788326630972699,4.0,36.0,11,5,Open,mae,,,,
sagarin,Sagarin Ratings,2629.0,2569,1256.0,1313.0,57.0,-171.18181818181822,12.734986686953214,-0.09301635602890831,0.48890618917866874,-0.06663363884072332,0.4696073037525638,4.0,60.0,12,5,Open,mae,,,,
linept_donchess,Donchess Inference,2629.0,2503,1267.0,1236.0,57.0,-84.18181818181822,12.765926207683528,0.05166983643971097,0.5061925689172992,-0.03363236843061056,0.4866117016646591,4.0,16.0,13,5,Open,mae,,,,
linecfbp_sportsline,SportsLine,727.0,684,332.0,352.0,14.0,-50.181818181818194,12.778541953232462,0.30261348005502064,0.4853801169590643,-0.07336523125996812,0.4481118848001628,2.0,72.0,14,5,Open,mae,,,,
piratings,Pi-Ratings,2629.0,2552,1273.0,1279.0,57.0,-121.72727272727276,12.782658805629517,0.0030391783948269338,0.4988244514106583,-0.04769877457965234,0.4794419263520157,4.0,32.0,15,5,Open,mae,,,,
linecfbp_jp,JP+,1243.0,1208,624.0,584.0,23.0,-16.727272727272744,12.783105390185035,-0.21094127111826225,0.5165562913907285,-0.01384708007224565,0.4883681088301933,3.0,14.0,16,5,Open,mae,,,,
harville,David Harville,2629.0,2570,1312.0,1258.0,57.0,-65.27272727272731,12.783796120197795,0.09218714340053247,0.5105058365758754,-0.02539794835514681,0.49117796984394774,4.0,10.0,17,5,Open,mae,,,,
sagarin_predictor,Sagarin Predictor,2629.0,2568,1297.0,1271.0,57.0,-91.90909090909095,12.798836059338152,-0.0848763788512743,0.5050623052959502,-0.035790144435004265,0.4857317787301695,4.0,20.0,18,5,Open,mae,,,,
linecfbp_tshoe_index,TShoe Index,1243.0,1203,609.0,594.0,23.0,-40.36363636363638,12.814802896218826,0.008045052292839812,0.5062344139650873,-0.03355248243028793,0.47800741151740916,3.0,38.0,19,5,Open,mae,,,,
linecfbp_dratings,DRatings,1749.0,1671,846.0,825.0,41.0,-55.909090909090935,12.841395082904516,0.08324757004002271,0.5062836624775583,-0.03345846254284317,0.4823252324481024,4.0,27.0,20,5,Open,mae,,,,
piratings_bias,PI-Rate Bias,2629.0,2552,1273.0,1279.0,57.0,-121.72727272727276,12.847017877519969,-0.052015975656143104,0.4988244514106583,-0.04769877457965234,0.4794419263520157,4.0,33.0,21,5,Open,mae,,,,
sagarin_golden_mean,Sagarin Golden Mean,2629.0,2569,1270.0,1299.0,57.0,-144.4545454545455,12.865233929250664,-0.12662609357170027,0.4943557804593227,-0.056229873668565786,0.47504523847373303,4.0,46.0,22,5,Open,mae,,,,
linept_pig,Pigskin Index,2617.0,2411,1208.0,1203.0,57.0,-104.81818181818186,12.871597248758121,-0.11656476881925866,0.5010369141435089,-0.04347498208966481,0.4810930745791938,4.0,29.0,23,5,Open,mae,,,,
linecfbp_john_harris,John Harris,212.0,205,109.0,96.0,6.0,3.090909090909089,12.877358490566039,1.0141509433962266,0.5317073170731708,0.015077605321507752,0.4634455666958912,1.0,69.0,24,5,Open,mae,,,,
sagarin_recent,Sagarin Recent,2629.0,2568,1272.0,1296.0,57.0,-139.63636363636368,12.898546976036515,-0.006770635222518137,0.4953271028037383,-0.054375531011045045,0.4760109710274623,4.0,42.0,25,5,Open,mae,,,,
linecfbp_cfb_geek,CFB Geek,1233.0,1190,598.0,592.0,32.0,-48.36363636363638,12.9323600973236,0.19772911597729112,0.5025210084033613,-0.04064171122994654,0.47415073897992344,3.0,49.0,26,5,Open,mae,,,,
massey,Massey Ratings,2629.0,2567,1313.0,1254.0,57.0,-60.3636363636364,12.962502852795739,-0.006557626473944598,0.5114920140241527,-0.0235152459538903,0.49215222820222165,4.0,6.0,27,5,Open,mae,,,,
linecfbp_wilson_ratings,Wilson Ratings,1749.0,1692,848.0,844.0,41.0,-73.09090909090912,12.96735277301315,-0.04648370497427108,0.5011820330969267,-0.04319793681495811,0.47738224321572653,4.0,40.0,28,5,Open,mae,,,,
linept_kam,Edward Kambour,2627.0,2569,1244.0,1325.0,57.0,-194.09090909090912,12.995226494099736,-0.06976018271792915,0.4842351109381082,-0.07555115184542979,0.46494804215472374,4.0,68.0,29,5,Open,mae,,,,
linept_laz,Laz Index,2627.0,2569,1312.0,1257.0,57.0,-64.27272727272731,13.008705748001521,0.0840768937952037,0.5107045543012846,-0.025018578152093154,0.4913727947083245,4.0,9.0,30,5,Open,mae,,,,
linept_pugh,Pugh Ratings,2623.0,2565,1283.0,1282.0,57.0,-115.63636363636367,13.02787647731605,0.12834159359512012,0.5001949317738792,-0.045082402977139835,0.48085940720041015,4.0,30.0,31,5,Open,mae,,,,
linecfbp_room44_bets,Room44 Bets,1747.0,1669,851.0,818.0,41.0,-44.36363636363639,13.136691471093302,-0.01041785918717803,0.5098861593768724,-0.026580968462334563,0.48590791576782977,4.0,18.0,32,5,Open,mae,,,,
fei,FEI Projections,2629.0,2550,1274.0,1276.0,57.0,-117.81818181818186,13.237713959680486,-0.03445036135412707,0.4996078431372549,-0.04620320855614975,0.48021650477021466,4.0,31.0,33,5,Open,mae,,,,
linecfbp_matt_grissom,Matt Grissom,212.0,206,93.0,113.0,6.0,-28.454545454545457,13.251415094339626,0.9938679245283019,0.45145631067961167,-0.13812886142983233,0.38500797827613664,1.0,77.0,34,5,Open,mae,,,,
linept_talis,Talisman Red,2577.0,2520,1235.0,1285.0,56.0,-162.2727272727273,13.267590221187428,0.13520372526193247,0.49007936507936506,-0.0643939393939394,0.47059145296350896,4.0,57.0,35,5,Open,mae,,,,
linept_argh,Argh Ratings,2629.0,2443,1234.0,1209.0,57.0,-87.18181818181822,13.315899581589958,0.09166983643971091,0.5051166598444535,-0.03568637666058871,0.4852982619778961,4.0,24.0,36,5,Open,mae,,,,
linept_elo,Beck Elo,2629.0,2570,1281.0,1289.0,57.0,-124.4545454545455,13.327672118676302,0.029650057055914728,0.49844357976653697,-0.0484258931729749,0.4791295512836703,4.0,34.0,37,5,Open,mae,,,,
keeper,Keeper,2620.0,2560,1308.0,1252.0,57.0,-62.90909090909094,13.331740458015268,0.2079770992366411,0.5109375,-0.02457386363636365,0.491571657208256,4.0,8.0,38,5,Open,mae,,,,
linept_born,Born Power Index,2629.0,2572,1257.0,1315.0,57.0,-172.2727272727273,13.34213389121339,0.11868010650437429,0.48872472783825816,-0.06698006503605261,0.46943750162926234,4.0,61.0,39,5,Open,mae,,,,
congrove,Congrove Computer Rankings,2628.0,2566,1319.0,1247.0,57.0,-47.90909090909095,13.373580669710808,0.41390030441400305,0.5140296180826188,-0.01867072911500037,0.4946847742139809,4.0,3.0,40,5,Open,mae,,,,
linept_dunk,Dunkel Index,2295.0,2246,1131.0,1115.0,48.0,-86.81818181818186,13.408065359477124,-0.10669716775599124,0.5035618878005342,-0.03865457783534366,0.4828957671389363,4.0,26.0,41,5,Open,mae,,,,
linept_round,lineround,1721.0,1615,824.0,791.0,41.0,-41.90909090909093,13.415456130156885,0.4009296920395119,0.5102167182662539,-0.02594990149169717,0.4858409883343705,4.0,19.0,42,5,Open,mae,,,,
moore_ratings,Moore Power Ratings,2626.0,2567,1247.0,1320.0,57.0,-186.3636363636364,13.421557501904037,0.04021706016755535,0.48578106739384497,-0.07259978042993237,0.4664824069934241,4.0,64.0,43,5,Open,mae,,,,
linept_how,Howell,2627.0,2484,1256.0,1228.0,57.0,-86.18181818181822,13.499242481918536,-0.1650057099352874,0.5056360708534622,-0.03469477382520862,0.48598113955956096,4.0,17.0,44,5,Open,mae,,,,
linept_payne,linepayne,2625.0,2564,1267.0,1297.0,57.0,-145.18181818181822,13.51344761904762,0.364632380952381,0.49414976599063964,-0.05662317401786982,0.47482084064320207,4.0,47.0,45,5,Open,mae,,,,
linecfbp_beta_rank,Beta_Rank,1749.0,1698,836.0,862.0,41.0,-102.00000000000003,13.583076043453401,0.48153230417381354,0.4923439340400471,-0.06007067137809189,0.46860880226569296,4.0,62.0,46,5,Open,mae,,,,
linept_curry,Daniel Curry Index,2626.0,2567,1271.0,1296.0,57.0,-140.5454545454546,13.596881188118813,0.05944782939832441,0.4951305025321387,-0.054750858802280714,0.47581098188827353,4.0,43.0,47,5,Open,mae,,,,
linept_wayward,Waywardtrends,295.0,289,141.0,148.0,6.0,-19.81818181818182,13.610542372881355,0.6601016949152541,0.48788927335640137,-0.06857502359232463,0.43079806624235634,1.0,74.0,48,5,Open,mae,,,,
linept_dwig,DP Dwiggins,2623.0,2462,1224.0,1238.0,57.0,-125.2727272727273,13.618852459016393,0.11885245901639344,0.49715678310316813,-0.0508825049848608,0.47742660422132266,4.0,39.0,49,5,Open,mae,,,,
linecfbp_cfb_victory,CFB Victory,212.0,204,113.0,91.0,6.0,11.727272727272725,13.683490566037737,0.0551886792452831,0.553921568627451,0.05748663101604277,0.48533860902096143,1.0,23.0,50,5,Open,mae,,,,
linept_paynep,linepaynep,2625.0,2565,1221.0,1344.0,57.0,-234.00000000000003,13.68878857142857,0.47702476190476195,0.4760233918128655,-0.0912280701754386,0.4567462223224874,4.0,71.0,51,5,Open,mae,,,,
linept_big200,Big 200,295.0,289,158.0,131.0,6.0,12.636363636363633,13.743389830508475,0.5367457627118645,0.5467128027681661,0.04372444164831707,0.48908055162923386,1.0,13.0,52,5,Open,mae,,,,
linept_bill,Billingsley,2628.0,2569,1262.0,1307.0,57.0,-159.72727272727275,13.770570776255706,0.09458143074581432,0.491241728298949,-0.06217488233837008,0.4719375664692798,4.0,55.0,53,5,Open,mae,,,,
linept_rwp,Laffaye RWP,2507.0,2450,1222.0,1228.0,54.0,-117.09090909090912,13.859046669325886,0.2825329078579977,0.4987755102040816,-0.0477922077922078,0.47899436362115777,4.0,35.0,54,5,Open,mae,,,,
linept_kerns,Stephen Kerns,2629.0,2557,1287.0,1270.0,57.0,-100.00000000000003,13.883259794598706,0.49517306960821605,0.503324208056316,-0.039108330074305836,0.48395423647587693,4.0,25.0,55,5,Open,mae,,,,
linept_pfz,PerformanZ Ratings,2629.0,2572,1266.0,1306.0,57.0,-155.09090909090912,14.076968429060482,0.22368581209585403,0.49222395023328147,-0.06029973137282625,0.47292893439273465,4.0,53.0,56,5,Open,mae,,,,
linept_paynewl,linepaynewl,2625.0,2564,1251.0,1313.0,57.0,-175.72727272727278,14.169356190476192,0.26771047619047617,0.4879095163806552,-0.06853637781874913,0.4685942508481727,4.0,63.0,57,5,Open,mae,,,,
linept_clean,Cleanup Hitter,2590.0,2471,1198.0,1273.0,57.0,-183.90909090909093,14.189571428571428,-0.003872586872586862,0.4848239579117766,-0.07442698944115375,0.46515756592138063,4.0,67.0,58,5,Open,mae,,,,
linept_loud,Loudsound.org,2552.0,2408,1217.0,1191.0,56.0,-84.63636363636367,14.5282131661442,0.08542319749216301,0.5053986710963455,-0.0351479915433404,0.48543660199527494,4.0,22.0,59,5,Open,mae,,,,
linecfbp_trent_sorensen,Trent Sorensen,212.0,205,101.0,104.0,6.0,-12.181818181818185,15.19245283018868,0.3764150943396226,0.4926829268292683,-0.059423503325942366,0.42501214921330754,1.0,75.0,60,5,Open,mae,,,,
linept_big200,,,295,,,,,,,,,,,,1,5,Open,incremental,0.06183124628462622,0.1453832152329615,0.0571754328018569,13.743389830508475
linecfbp_cbcr2_power,,,727,,,,,,,,,,,,2,5,Open,incremental,0.05342868923518754,0.14089465323294995,0.05168103657693304,12.67840440165062
linecfbp_cfb_graphs,,,1242,,,,,,,,,,,,3,5,Open,incremental,0.05253940773681824,0.16445505259907095,0.051512747466106464,12.702093397745571
linecfbp_sp,,,1749,,,,,,,,,,,,4,5,Open,incremental,0.04720481414406355,0.16867586248170865,0.04654420482892252,12.661806746712408
piratings,,,2629,,,,,,,,,,,,5,5,Open,incremental,0.038946774581927586,0.1324639754114887,0.038581617685976864,12.782658805629517
keeper,,,2620,,,,,,,,,,,,6,5,Open,incremental,0.03816532842069507,0.08660794425221281,0.0378062863055696,13.331740458015268
linecfbp_jp,,,1243,,,,,,,,,,,,7,5,Open,incremental,0.03751608807815071,0.10580485506277265,0.03678356759711345,12.783105390185037
dokter_entropy,,,2628,,,,,,,,,,,,8,5,Open,incremental,0.03621761143769578,0.15967887353590218,0.035877915210722894,12.627671232876715
linecfbp_professor_sides,,,1747,,,,,,,,,,,,9,5,Open,incremental,0.03473940565005527,0.12873863903999905,0.034252698976018084,12.690269032627363
piratings_bias,,,2629,,,,,,,,,,,,10,5,Open,incremental,0.033021026802112684,0.10921438846768293,0.03271142849063247,12.847017877519969
espn_fpi,,,2629,,,,,,,,,,,,11,5,Open,incremental,0.03279822883775055,0.13163195488040808,0.03249071943386189,12.644385697984022
piratings_mean,,,2629,,,,,,,,,,,,12,5,Open,incremental,0.03258589471975066,0.12635357900227354,0.032280376116596225,12.70594903004945
linecfbp_room44_bets,,,1747,,,,,,,,,,,,13,5,Open,incremental,0.028817378203659632,0.07574969351076462,0.02841364042986866,13.136691471093302
linept_round,,,1721,,,,,,,,,,,,14,5,Open,incremental,0.027332618805929302,0.05783993864791442,0.026944020427935523,13.415456130156885
linept_pig,,,2617,,,,,,,,,,,,15,5,Open,incremental,0.025717202927909893,0.0864602260432886,0.025474993699065834,12.871597248758121
linept_pugh,,,2623,,,,,,,,,,,,16,5,Open,incremental,0.019814727120375346,0.058221559197117016,0.019628529351088254,13.027876477316049
linecfbp_john_harris,,,212,,,,,,,,,,,,17,5,Open,incremental,0.020947034026790035,0.11800714359545662,0.018842556361117382,12.877358490566039
congrove,,,2628,,,,,,,,,,,,18,5,Open,incremental,0.018798497381220105,0.045646051147419035,0.018622180435411972,13.373580669710805
linecfbp_power_rank,,,1747,,,,,,,,,,,,19,5,Open,incremental,0.018076954947164887,0.08899834385350922,0.017823692853170463,12.590383514596452
linecfbp_cfb_geek,,,1233,,,,,,,,,,,,20,5,Open,incremental,0.017958799431670638,0.059762686957223705,0.0176053843304663,12.9323600973236
linecfbp_cfb_victory,,,212,,,,,,,,,,,,21,5,Open,incremental,0.017782894016088513,0.04713842963740622,0.015996306796149908,13.683490566037737
sagarin_recent,,,2629,,,,,,,,,,,,22,5,Open,incremental,0.015313111972158556,0.04775905110093106,0.015169539404336881,12.898546976036515
linept_laz,,,2627,,,,,,,,,,,,23,5,Open,incremental,0.015103119339265227,0.04195846337517182,0.014961409325037752,13.008705748001521
linept_dunk,,,2295,,,,,,,,,,,,24,5,Open,incremental,0.01503145272522119,0.03480400479024007,0.014870339254996591,13.408065359477124
teamrankings,,,2629,,,,,,,,,,,,25,5,Open,incremental,0.014178463477232764,0.05910752480685067,0.014045529138811337,12.680863446177256
linept_dwig,,,2623,,,,,,,,,,,,26,5,Open,incremental,0.014001232748088956,0.029648036561028955,0.013869664027050008,13.618852459016393
sagarin,,,2629,,,,,,,,,,,,27,5,Open,incremental,0.0122338222927506,0.05141813171384739,0.012119120507506836,12.734986686953214
massey,,,2629,,,,,,,,,,,,28,5,Open,incremental,0.010816989414287166,0.03412601824758797,0.010715571560807567,12.962502852795739
sagarin_predictor,,,2629,,,,,,,,,,,,29,5,Open,incremental,0.010720737992169082,0.041609426852784126,0.010620222572097866,12.798836059338152
linept_donchess,,,2629,,,,,,,,,,,,30,5,Open,incremental,0.007269300787228005,0.028671824485214503,0.007201145327894331,12.765926207683528
linept_born,,,2629,,,,,,,,,,,,31,5,Open,incremental,0.004313006800487953,0.010826001522600505,0.004272568941579571,13.34213389121339
linept_kam,,,2627,,,,,,,,,,,,32,5,Open,incremental,0.0030941775842775526,0.01024059809463586,0.003065145439351679,12.995226494099732
linept_kerns,,,2629,,,,,,,,,,,,33,5,Open,incremental,0.001408838528557052,0.0023842149661945427,0.0013956295501626667,13.883259794598706
sagarin_golden_mean,,,2629,,,,,,,,,,,,34,5,Open,incremental,0.00121749267859258,0.004572211268886236,0.001206077719276183,12.865233929250664
harville,,,2629,,,,,,,,,,,,35,5,Open,incremental,0.0011749024636696812,0.004457963273180681,0.0011638868213916284,12.783796120197795
linecfbp_beta_rank,,,1749,,,,,,,,,,,,36,5,Open,incremental,0.0010116282180156505,0.0012428051674977373,0.0009974709538382912,13.583076043453403
linept_loud,,,2552,,,,,,,,,,,,37,5,Open,incremental,-0.000793917947799812,-0.0012781039960146022,-0.0007862529879806392,14.5282131661442
linecfbp_sportsline,,,727,,,,,,,,,,,,38,5,Open,incremental,-0.0008882006259244694,-0.00021654395842355997,-0.0008591475795709028,12.778541953232462
linept_talis,,,2577,,,,,,,,,,,,39,5,Open,incremental,-0.0012319354667360662,-0.003196521993661366,-0.0012201553580805681,13.267590221187428
linecfbp_dratings,,,1749,,,,,,,,,,,,40,5,Open,incremental,-0.0034136100066668915,-0.012250682019668158,-0.0033658381298032184,12.841395082904517
fei,,,2629,,,,,,,,,,,,41,5,Open,incremental,-0.004159937690345604,-0.010896529140846243,-0.004120934975726461,13.237713959680486
linecfbp_tshoe_index,,,1243,,,,,,,,,,,,42,5,Open,incremental,-0.0054292555160651125,-0.016944473273111948,-0.005323246572541536,12.814802896218826
linept_curry,,,2626,,,,,,,,,,,,43,5,Open,incremental,-0.006235172350714935,-0.014180271260205978,-0.0061766468172661515,13.596881188118811
linept_argh,,,2629,,,,,,,,,,,,44,5,Open,incremental,-0.008351345363753277,-0.02127189270710444,-0.008273044878468529,13.315899581589958
linecfbp_wilson_ratings,,,1749,,,,,,,,,,,,45,5,Open,incremental,-0.009064810168306783,-0.027684816772951083,-0.008937952385986256,12.96735277301315
linecfbp_kford,,,727,,,,,,,,,,,,46,5,Open,incremental,-0.012957809799562398,-0.05532626284837933,-0.012533959784420212,12.26850068775791
linecfbp_power_rank_free,,,1243,,,,,,,,,,,,47,5,Open,incremental,-0.01303124664607351,-0.046079422301055724,-0.012776805003815605,12.637650844730489
linept_clean,,,2590,,,,,,,,,,,,48,5,Open,incremental,-0.013389694214987514,-0.02408700338509061,-0.013262291753321132,14.18957142857143
linept_paynewl,,,2625,,,,,,,,,,,,49,5,Open,incremental,-0.01590686064214206,-0.02962815246735567,-0.015757497140523373,14.16935619047619
linept_payne,,,2625,,,,,,,,,,,,50,5,Open,incremental,-0.01786633080575954,-0.04325806974689418,-0.01769856811579442,13.51344761904762
linept_rwp,,,2507,,,,,,,,,,,,51,5,Open,incremental,-0.02217443374196692,-0.04646176743082111,-0.021956562140961824,13.859046669325886
linept_how,,,2627,,,,,,,,,,,,52,5,Open,incremental,-0.023139369279727994,-0.05496061314105932,-0.022922256491555812,13.499242481918536
linecfbp_trent_sorensen,,,212,,,,,,,,,,,,53,5,Open,incremental,-0.02663561471102686,-0.036734211829261086,-0.023959624582824076,15.19245283018868
linept_bill,,,2628,,,,,,,,,,,,54,5,Open,incremental,-0.028386188856742683,-0.06125437035087398,-0.0281199459746199,13.770570776255706
linept_pfz,,,2629,,,,,,,,,,,,55,5,Open,incremental,-0.029502234817915425,-0.05794056224209931,-0.029225627971639682,14.076968429060479
linept_paynep,,,2625,,,,,,,,,,,,56,5,Open,incremental,-0.029507251144961777,-0.06762645986675092,-0.02923018161796302,13.688788571428569
linept_elo,,,2629,,,,,,,,,,,,57,5,Open,incremental,-0.030387358364981357,-0.0818247427994929,-0.030102452783561332,13.327672118676304
linecfbp_matt_grissom,,,212,,,,,,,,,,,,58,5,Open,incremental,-0.03814906593352604,-0.19247129359974446,-0.03431635829956217,13.251415094339624
moore_ratings,,,2626,,,,,,,,,,,,59,5,Open,incremental,-0.03778838254755014,-0.10141605332481184,-0.037433687420877576,13.421557501904037
linept_wayward,,,295,,,,,,,,,,,,60,5,Open,incremental,-0.04899612000957376,-0.13508092436629604,-0.04530677506100402,13.610542372881357
keeper,Keeper,2620.0,2575,1313.0,1262.0,36.0,-68.3636363636364,13.331740458015268,0.2079770992366411,0.5099029126213592,-0.02654898499558695,0.49059423096707677,4.0,1.0,1,5,Midweek,wilson,,,,
linecfbp_sp,SP+,1749.0,1711,878.0,833.0,24.0,-34.81818181818184,12.661806746712408,0.10720411663807876,0.5131502045587376,-0.020349609478773723,0.4894639360427234,4.0,2.0,2,5,Midweek,wilson,,,,
linept_donchess,Donchess Inference,2629.0,2541,1292.0,1249.0,36.0,-74.4545454545455,12.765926207683528,0.05166983643971097,0.508461235733963,-0.02930127723516155,0.4890250466051697,4.0,3.0,3,5,Midweek,wilson,,,,
congrove,Congrove Computer Rankings,2628.0,2590,1316.0,1274.0,36.0,-77.63636363636367,13.373580669710808,0.41390030441400305,0.5081081081081081,-0.029975429975429988,0.48885679608928184,4.0,4.0,4,5,Midweek,wilson,,,,
massey,Massey Ratings,2629.0,2592,1305.0,1287.0,36.0,-100.63636363636367,12.962502852795739,-0.006557626473944598,0.5034722222222222,-0.03882575757575759,0.484233130586882,4.0,5.0,5,5,Midweek,wilson,,,,
linept_talis,Talisman Red,2577.0,2541,1278.0,1263.0,35.0,-101.18181818181822,13.267590221187428,0.13520372526193247,0.5029515938606848,-0.03981968444778364,0.4835212820115152,4.0,7.0,6,5,Midweek,wilson,,,,
piratings,Pi-Ratings,2629.0,2573,1289.0,1284.0,36.0,-112.18181818181822,12.782658805629517,0.0030391783948269338,0.500971628449281,-0.04359961841500902,0.4816650190228344,4.0,9.0,7,5,Midweek,wilson,,,,
linecfbp_cfb_victory,CFB Victory,212.0,206,113.0,93.0,1.0,9.727272727272725,13.683490566037737,0.0551886792452831,0.5485436893203883,0.04721977052074138,0.48031802859888845,1.0,10.0,8,5,Midweek,wilson,,,,
linecfbp_cbcr2_power,CBCR2: Power,727.0,712,368.0,344.0,11.0,-9.454545454545462,12.67840440165062,0.6434662998624484,0.5168539325842697,-0.0132788559754852,0.48015648920811876,2.0,11.0,9,5,Midweek,wilson,,,,
linecfbp_jp,JP+,1243.0,1212,616.0,596.0,17.0,-36.00000000000002,12.783105390185035,-0.21094127111826225,0.5082508250825083,-0.02970297029702972,0.4801238280509951,3.0,12.0,10,5,Midweek,wilson,,,,
piratings_mean,Pi-Ratings Mean,2629.0,2557,1275.0,1282.0,36.0,-122.90909090909095,12.70594903004945,-0.03113731456827683,0.4986312084473993,-0.04806769296405591,0.47926792183147826,4.0,13.0,11,5,Midweek,wilson,,,,
linecfbp_room44_bets,Room44 Bets,1747.0,1699,854.0,845.0,24.0,-68.63636363636365,13.136691471093302,-0.01041785918717803,0.5026486168334314,-0.04039809513617637,0.478894758382009,4.0,14.0,12,5,Midweek,wilson,,,,
linept_loud,Loudsound.org,2552.0,2457,1225.0,1232.0,35.0,-118.3636363636364,14.5282131661442,0.08542319749216301,0.4985754985754986,-0.04817404817404819,0.4788228367144893,4.0,15.0,13,5,Midweek,wilson,,,,
piratings_bias,PI-Rate Bias,2629.0,2582,1285.0,1297.0,36.0,-128.81818181818184,12.847017877519969,-0.052015975656143104,0.4976762199845081,-0.04989085275684812,0.4784083076733942,4.0,16.0,14,5,Midweek,wilson,,,,
linept_round,lineround,1721.0,1652,830.0,822.0,24.0,-67.45454545454548,13.415456130156885,0.4009296920395119,0.5024213075060533,-0.040832049306625595,0.4783330754377282,4.0,17.0,15,5,Midweek,wilson,,,,
harville,David Harville,2629.0,2589,1287.0,1302.0,36.0,-132.00000000000003,12.783796120197795,0.09218714340053247,0.49710312862108924,-0.050984936268829675,0.47786220248119465,4.0,18.0,16,5,Midweek,wilson,,,,
linecfbp_dratings,DRatings,1749.0,1699,852.0,847.0,24.0,-72.45454545454548,12.841395082904516,0.08324757004002271,0.5014714537963508,-0.04264540638878486,0.47772002108011313,4.0,19.0,17,5,Midweek,wilson,,,,
linept_kerns,Stephen Kerns,2629.0,2584,1282.0,1302.0,36.0,-136.5454545454546,13.883259794598706,0.49517306960821605,0.49613003095975233,-0.052842668167745584,0.47687222794438705,4.0,20.0,18,5,Midweek,wilson,,,,
fei,FEI Projections,2629.0,2569,1272.0,1297.0,36.0,-140.63636363636365,13.237713959680486,-0.03445036135412707,0.4951342934994161,-0.0547436215011147,0.475822273425762,4.0,23.0,19,5,Midweek,wilson,,,,
linept_laz,Laz Index,2627.0,2588,1281.0,1307.0,36.0,-142.4545454545455,13.008705748001521,0.0840768937952037,0.4949768160741886,-0.05504426022200367,0.475735978172223,4.0,24.0,20,5,Midweek,wilson,,,,
linecfbp_power_rank,Power Rank,1747.0,1706,852.0,854.0,24.0,-79.45454545454548,12.590383514596452,0.1289066971951918,0.49941383352872215,-0.0465735905360759,0.4757156126722723,4.0,25.0,21,5,Midweek,wilson,,,,
linecfbp_power_rank_free,Power Rank: Free,1243.0,1215,612.0,603.0,17.0,-46.636363636363654,12.63765084473049,-0.3578439259855189,0.5037037037037037,-0.0383838383838384,0.4756226642912594,3.0,26.0,22,5,Midweek,wilson,,,,
linept_argh,Argh Ratings,2629.0,2504,1239.0,1265.0,36.0,-138.63636363636365,13.315899581589958,0.09166983643971091,0.4948083067092652,-0.05536595991867558,0.475248338547764,4.0,27.0,23,5,Midweek,wilson,,,,
linept_dunk,Dunkel Index,2295.0,2266,1119.0,1147.0,29.0,-129.72727272727275,13.408065359477124,-0.10669716775599124,0.49382171226831423,-0.0572494583968547,0.4732643971807342,4.0,29.0,24,5,Midweek,wilson,,,,
sagarin_golden_mean,Sagarin Golden Mean,2629.0,2593,1277.0,1316.0,36.0,-155.09090909090912,12.865233929250664,-0.12662609357170027,0.4924797531816429,-0.05981138028959087,0.4732623372046274,4.0,30.0,25,5,Midweek,wilson,,,,
linecfbp_cfb_graphs,CFB Graphs,1242.0,1209,606.0,603.0,17.0,-52.09090909090911,12.702093397745571,0.2053140096618357,0.5012406947890818,-0.043085946311752776,0.4730973707794895,3.0,31.0,26,5,Midweek,wilson,,,,
espn_fpi,ESPN FPI,2629.0,2590,1273.0,1317.0,36.0,-159.72727272727275,12.644385697984026,-0.015667554203119143,0.4915057915057915,-0.06167076167076168,0.47227931374244614,4.0,32.0,27,5,Midweek,wilson,,,,
sagarin_predictor,Sagarin Predictor,2629.0,2589,1272.0,1317.0,36.0,-160.63636363636368,12.798836059338152,-0.0848763788512743,0.49130938586326767,-0.0620457178973981,0.47207962400319853,4.0,33.0,28,5,Midweek,wilson,,,,
linecfbp_professor_sides,Professor Sides,1747.0,1697,840.0,857.0,24.0,-93.36363636363639,12.69026903262736,0.1461362335432169,0.4949911608721273,-0.05501687469866611,0.4712414889253859,4.0,35.0,29,5,Midweek,wilson,,,,
linecfbp_wilson_ratings,Wilson Ratings,1749.0,1709,845.0,864.0,24.0,-95.81818181818184,12.96735277301315,-0.04648370497427108,0.4944411936805149,-0.056066812064471526,0.47077633042744305,4.0,37.0,30,5,Midweek,wilson,,,,
linept_dwig,DP Dwiggins,2623.0,2508,1229.0,1279.0,35.0,-161.72727272727275,13.618852459016393,0.11885245901639344,0.49003189792663476,-0.06448455850369726,0.47049763632416114,4.0,38.0,31,5,Midweek,wilson,,,,
linept_pig,Pigskin Index,2617.0,2452,1202.0,1250.0,36.0,-157.2727272727273,12.871597248758121,-0.11656476881925866,0.4902120717781403,-0.06414059024173219,0.47045610009859434,4.0,39.0,32,5,Midweek,wilson,,,,
sagarin_recent,Sagarin Recent,2629.0,2590,1267.0,1323.0,36.0,-171.18181818181822,12.898546976036515,-0.006770635222518137,0.4891891891891892,-0.06609336609336611,0.4699678611395338,4.0,40.0,33,5,Midweek,wilson,,,,
linecfbp_cfb_geek,CFB Geek,1233.0,1206,600.0,606.0,18.0,-60.54545454545456,12.9323600973236,0.19772911597729112,0.4975124378109453,-0.05020352781546813,0.46934633652437485,3.0,41.0,34,5,Midweek,wilson,,,,
linept_kam,Edward Kambour,2627.0,2589,1263.0,1326.0,36.0,-177.81818181818184,12.995226494099736,-0.06976018271792915,0.48783314020857477,-0.06868218687453914,0.4686113159369906,4.0,43.0,35,5,Midweek,wilson,,,,
teamrankings,TeamRankings.com,2629.0,2562,1249.0,1313.0,36.0,-177.5454545454546,12.680863446177254,0.031110688474705134,0.48750975800156127,-0.0692995529061103,0.468187951387799,4.0,44.0,36,5,Midweek,wilson,,,,
linept_pfz,PerformanZ Ratings,2629.0,2591,1262.0,1329.0,36.0,-181.72727272727275,14.076968429060482,0.22368581209585403,0.4870706291007333,-0.07013788989860005,0.4678580712913274,4.0,45.0,37,5,Midweek,wilson,,,,
linept_how,Howell,2627.0,2499,1217.0,1282.0,36.0,-175.63636363636365,13.499242481918536,-0.1650057099352874,0.48699479791916767,-0.07028265851795264,0.46743286495814323,4.0,46.0,38,5,Midweek,wilson,,,,
sagarin,Sagarin Ratings,2629.0,2590,1260.0,1330.0,36.0,-184.5454545454546,12.734986686953214,-0.09301635602890831,0.4864864864864865,-0.07125307125307127,0.46727168809762293,4.0,47.0,39,5,Midweek,wilson,,,,
linept_bill,Billingsley,2628.0,2590,1259.0,1331.0,36.0,-186.4545454545455,13.770570776255706,0.09458143074581432,0.4861003861003861,-0.071990171990172,0.4668865663921293,4.0,48.0,40,5,Midweek,wilson,,,,
linecfbp_tshoe_index,TShoe Index,1243.0,1190,589.0,601.0,17.0,-65.54545454545456,12.814802896218826,0.008045052292839812,0.49495798319327733,-0.055080213903743326,0.4666131276378448,3.0,49.0,41,5,Midweek,wilson,,,,
moore_ratings,Moore Power Ratings,2626.0,2588,1257.0,1331.0,36.0,-188.2727272727273,13.421557501904037,0.04021706016755535,0.4857032457496136,-0.07274834902346496,0.46648304146439057,4.0,50.0,42,5,Midweek,wilson,,,,
linept_rwp,Laffaye RWP,2507.0,2463,1195.0,1268.0,36.0,-181.63636363636365,13.859046669325886,0.2825329078579977,0.48518067397482745,-0.0737459860480567,0.4654814795331402,4.0,51.0,43,5,Midweek,wilson,,,,
dokter_entropy,Dokter Entropy,2628.0,2586,1252.0,1334.0,36.0,-195.81818181818184,12.627671232876711,-0.06759512937595138,0.48414539829853054,-0.07572242143007805,0.4649219001195696,4.0,53.0,44,5,Midweek,wilson,,,,
linept_born,Born Power Index,2629.0,2592,1253.0,1339.0,36.0,-199.90909090909093,13.34213389121339,0.11868010650437429,0.4834104938271605,-0.07712542087542089,0.4642112017632664,4.0,54.0,45,5,Midweek,wilson,,,,
linept_curry,Daniel Curry Index,2626.0,2588,1249.0,1339.0,36.0,-203.5454545454546,13.596881188118813,0.05944782939832441,0.48261205564142196,-0.07864971195728539,0.4634001999106017,4.0,56.0,46,5,Midweek,wilson,,,,
linept_clean,Cleanup Hitter,2590.0,2495,1203.0,1292.0,36.0,-198.3636363636364,14.189571428571428,-0.003872586872586862,0.4821643286573146,-0.07950446347239935,0.4626000219430486,4.0,57.0,47,5,Midweek,wilson,,,,
linept_payne,linepayne,2625.0,2589,1244.0,1345.0,36.0,-214.09090909090912,13.51344761904762,0.364632380952381,0.4804943993820008,-0.08269251027072581,0.4612923860950021,4.0,59.0,48,5,Midweek,wilson,,,,
linept_elo,Beck Elo,2629.0,2588,1234.0,1354.0,36.0,-232.18181818181822,13.327672118676302,0.029650057055914728,0.4768160741885626,-0.08971476745819869,0.45762185612715495,4.0,61.0,49,5,Midweek,wilson,,,,
linept_paynewl,linepaynewl,2625.0,2584,1229.0,1355.0,36.0,-237.72727272727275,14.169356190476192,0.26771047619047617,0.4756191950464396,-0.09199971854770617,0.4564141443645549,4.0,62.0,50,5,Midweek,wilson,,,,
linecfbp_sportsline,SportsLine,727.0,689,340.0,349.0,11.0,-39.90909090909092,12.778541953232462,0.30261348005502064,0.4934687953555878,-0.05792320886660511,0.4562774698501062,2.0,63.0,51,5,Midweek,wilson,,,,
linept_pugh,Pugh Ratings,2623.0,2585,1227.0,1358.0,36.0,-242.5454545454546,13.02787647731605,0.12834159359512012,0.4746615087040619,-0.09382802883770003,0.45546341539832,4.0,64.0,52,5,Midweek,wilson,,,,
linecfbp_kford,KFord,727.0,714,351.0,363.0,11.0,-43.90909090909092,12.26850068775791,0.17056396148555716,0.49159663865546216,-0.06149732620320857,0.4550701053846594,2.0,65.0,53,5,Midweek,wilson,,,,
linept_big200,Big 200,295.0,293,150.0,143.0,2.0,-6.63636363636364,13.743389830508475,0.5367457627118645,0.5119453924914675,-0.022649705243561913,0.4549273244444321,1.0,66.0,54,5,Midweek,wilson,,,,
linept_paynep,linepaynep,2625.0,2585,1205.0,1380.0,36.0,-284.54545454545456,13.68878857142857,0.47702476190476195,0.4661508704061896,-0.11007561104272903,0.4469848153935718,4.0,68.0,55,5,Midweek,wilson,,,,
linecfbp_john_harris,John Harris,212.0,208,107.0,101.0,1.0,-3.7272727272727293,12.877358490566039,1.0141509433962266,0.5144230769230769,-0.01791958041958043,0.44685842407570814,1.0,69.0,56,5,Midweek,wilson,,,,
linecfbp_beta_rank,Beta_Rank,1749.0,1710,800.0,910.0,24.0,-182.72727272727275,13.583076043453401,0.48153230417381354,0.4678362573099415,-0.10685805422647529,0.4442853871064206,4.0,71.0,57,5,Midweek,wilson,,,,
linept_wayward,Waywardtrends,295.0,293,146.0,147.0,2.0,-14.272727272727275,13.610542372881355,0.6601016949152541,0.49829351535836175,-0.04871237977040026,0.44143642004760547,1.0,72.0,58,5,Midweek,wilson,,,,
linecfbp_trent_sorensen,Trent Sorensen,212.0,211,102.0,109.0,1.0,-16.272727272727277,15.19245283018868,0.3764150943396226,0.4834123222748815,-0.07712193020249894,0.4168861890640926,1.0,76.0,59,5,Midweek,wilson,,,,
linecfbp_matt_grissom,Matt Grissom,212.0,211,99.0,112.0,1.0,-22.000000000000004,13.251415094339626,0.9938679245283019,0.46919431279620855,-0.10426540284360192,0.40301100355778346,1.0,77.0,60,5,Midweek,wilson,,,,
linecfbp_kford,KFord,727.0,714,351.0,363.0,11.0,-43.90909090909092,12.26850068775791,0.17056396148555716,0.49159663865546216,-0.06149732620320857,0.4550701053846594,2.0,65.0,1,5,Midweek,mae,,,,
linecfbp_power_rank,Power Rank,1747.0,1706,852.0,854.0,24.0,-79.45454545454548,12.590383514596452,0.1289066971951918,0.49941383352872215,-0.0465735905360759,0.4757156126722723,4.0,25.0,2,5,Midweek,mae,,,,
dokter_entropy,Dokter Entropy,2628.0,2586,1252.0,1334.0,36.0,-195.81818181818184,12.627671232876711,-0.06759512937595138,0.48414539829853054,-0.07572242143007805,0.4649219001195696,4.0,53.0,3,5,Midweek,mae,,,,
linecfbp_power_rank_free,Power Rank: Free,1243.0,1215,612.0,603.0,17.0,-46.636363636363654,12.63765084473049,-0.3578439259855189,0.5037037037037037,-0.0383838383838384,0.4756226642912594,3.0,26.0,4,5,Midweek,mae,,,,
espn_fpi,ESPN FPI,2629.0,2590,1273.0,1317.0,36.0,-159.72727272727275,12.644385697984026,-0.015667554203119143,0.4915057915057915,-0.06167076167076168,0.47227931374244614,4.0,32.0,5,5,Midweek,mae,,,,
linecfbp_sp,SP+,1749.0,1711,878.0,833.0,24.0,-34.81818181818184,12.661806746712408,0.10720411663807876,0.5131502045587376,-0.020349609478773723,0.4894639360427234,4.0,2.0,6,5,Midweek,mae,,,,
linecfbp_cbcr2_power,CBCR2: Power,727.0,712,368.0,344.0,11.0,-9.454545454545462,12.67840440165062,0.6434662998624484,0.5168539325842697,-0.0132788559754852,0.48015648920811876,2.0,11.0,7,5,Midweek,mae,,,,
teamrankings,TeamRankings.com,2629.0,2562,1249.0,1313.0,36.0,-177.5454545454546,12.680863446177254,0.031110688474705134,0.48750975800156127,-0.0692995529061103,0.468187951387799,4.0,44.0,8,5,Midweek,mae,,,,
linecfbp_professor_sides,Professor Sides,1747.0,1697,840.0,857.0,24.0,-93.36363636363639,12.69026903262736,0.1461362335432169,0.4949911608721273,-0.05501687469866611,0.4712414889253859,4.0,35.0,9,5,Midweek,mae,,,,
linecfbp_cfb_graphs,CFB Graphs,1242.0,1209,606.0,603.0,17.0,-52.09090909090911,12.702093397745571,0.2053140096618357,0.5012406947890818,-0.043085946311752776,0.4730973707794895,3.0,31.0,10,5,Midweek,mae,,,,
piratings_mean,Pi-Ratings Mean,2629.0,2557,1275.0,1282.0,36.0,-122.90909090909095,12.70594903004945,-0.03113731456827683,0.4986312084473993,-0.04806769296405591,0.47926792183147826,4.0,13.0,11,5,Midweek,mae,,,,
sagarin,Sagarin Ratings,2629.0,2590,1260.0,1330.0,36.0,-184.5454545454546,12.734986686953214,-0.09301635602890831,0.4864864864864865,-0.07125307125307127,0.46727168809762293,4.0,47.0,12,5,Midweek,mae,,,,
linept_donchess,Donchess Inference,2629.0,2541,1292.0,1249.0,36.0,-74.4545454545455,12.765926207683528,0.05166983643971097,0.508461235733963,-0.02930127723516155,0.4890250466051697,4.0,3.0,13,5,Midweek,mae,,,,
linecfbp_sportsline,SportsLine,727.0,689,340.0,349.0,11.0,-39.90909090909092,12.778541953232462,0.30261348005502064,0.4934687953555878,-0.05792320886660511,0.4562774698501062,2.0,63.0,14,5,Midweek,mae,,,,
piratings,Pi-Ratings,2629.0,2573,1289.0,1284.0,36.0,-112.18181818181822,12.782658805629517,0.0030391783948269338,0.500971628449281,-0.04359961841500902,0.4816650190228344,4.0,9.0,15,5,Midweek,mae,,,,
linecfbp_jp,JP+,1243.0,1212,616.0,596.0,17.0,-36.00000000000002,12.783105390185035,-0.21094127111826225,0.5082508250825083,-0.02970297029702972,0.4801238280509951,3.0,12.0,16,5,Midweek,mae,,,,
harville,David Harville,2629.0,2589,1287.0,1302.0,36.0,-132.00000000000003,12.783796120197795,0.09218714340053247,0.49710312862108924,-0.050984936268829675,0.47786220248119465,4.0,18.0,17,5,Midweek,mae,,,,
sagarin_predictor,Sagarin Predictor,2629.0,2589,1272.0,1317.0,36.0,-160.63636363636368,12.798836059338152,-0.0848763788512743,0.49130938586326767,-0.0620457178973981,0.47207962400319853,4.0,33.0,18,5,Midweek,mae,,,,
linecfbp_tshoe_index,TShoe Index,1243.0,1190,589.0,601.0,17.0,-65.54545454545456,12.814802896218826,0.008045052292839812,0.49495798319327733,-0.055080213903743326,0.4666131276378448,3.0,49.0,19,5,Midweek,mae,,,,
linecfbp_dratings,DRatings,1749.0,1699,852.0,847.0,24.0,-72.45454545454548,12.841395082904516,0.08324757004002271,0.5014714537963508,-0.04264540638878486,0.47772002108011313,4.0,19.0,20,5,Midweek,mae,,,,
piratings_bias,PI-Rate Bias,2629.0,2582,1285.0,1297.0,36.0,-128.81818181818184,12.847017877519969,-0.052015975656143104,0.4976762199845081,-0.04989085275684812,0.4784083076733942,4.0,16.0,21,5,Midweek,mae,,,,
sagarin_golden_mean,Sagarin Golden Mean,2629.0,2593,1277.0,1316.0,36.0,-155.09090909090912,12.865233929250664,-0.12662609357170027,0.4924797531816429,-0.05981138028959087,0.4732623372046274,4.0,30.0,22,5,Midweek,mae,,,,
linept_pig,Pigskin Index,2617.0,2452,1202.0,1250.0,36.0,-157.2727272727273,12.871597248758121,-0.11656476881925866,0.4902120717781403,-0.06414059024173219,0.47045610009859434,4.0,39.0,23,5,Midweek,mae,,,,
linecfbp_john_harris,John Harris,212.0,208,107.0,101.0,1.0,-3.7272727272727293,12.877358490566039,1.0141509433962266,0.5144230769230769,-0.01791958041958043,0.44685842407570814,1.0,69.0,24,5,Midweek,mae,,,,
sagarin_recent,Sagarin Recent,2629.0,2590,1267.0,1323.0,36.0,-171.18181818181822,12.898546976036515,-0.006770635222518137,0.4891891891891892,-0.06609336609336611,0.4699678611395338,4.0,40.0,25,5,Midweek,mae,,,,
linecfbp_cfb_geek,CFB Geek,1233.0,1206,600.0,606.0,18.0,-60.54545454545456,12.9323600973236,0.19772911597729112,0.4975124378109453,-0.05020352781546813,0.46934633652437485,3.0,41.0,26,5,Midweek,mae,,,,
massey,Massey Ratings,2629.0,2592,1305.0,1287.0,36.0,-100.63636363636367,12.962502852795739,-0.006557626473944598,0.5034722222222222,-0.03882575757575759,0.484233130586882,4.0,5.0,27,5,Midweek,mae,,,,
linecfbp_wilson_ratings,Wilson Ratings,1749.0,1709,845.0,864.0,24.0,-95.81818181818184,12.96735277301315,-0.04648370497427108,0.4944411936805149,-0.056066812064471526,0.47077633042744305,4.0,37.0,28,5,Midweek,mae,,,,
linept_kam,Edward Kambour,2627.0,2589,1263.0,1326.0,36.0,-177.81818181818184,12.995226494099736,-0.06976018271792915,0.48783314020857477,-0.06868218687453914,0.4686113159369906,4.0,43.0,29,5,Midweek,mae,,,,
linept_laz,Laz Index,2627.0,2588,1281.0,1307.0,36.0,-142.4545454545455,13.008705748001521,0.0840768937952037,0.4949768160741886,-0.05504426022200367,0.475735978172223,4.0,24.0,30,5,Midweek,mae,,,,
linept_pugh,Pugh Ratings,2623.0,2585,1227.0,1358.0,36.0,-242.5454545454546,13.02787647731605,0.12834159359512012,0.4746615087040619,-0.09382802883770003,0.45546341539832,4.0,64.0,31,5,Midweek,mae,,,,
linecfbp_room44_bets,Room44 Bets,1747.0,1699,854.0,845.0,24.0,-68.63636363636365,13.136691471093302,-0.01041785918717803,0.5026486168334314,-0.04039809513617637,0.478894758382009,4.0,14.0,32,5,Midweek,mae,,,,
fei,FEI Projections,2629.0,2569,1272.0,1297.0,36.0,-140.63636363636365,13.237713959680486,-0.03445036135412707,0.4951342934994161,-0.0547436215011147,0.475822273425762,4.0,23.0,33,5,Midweek,mae,,,,
linecfbp_matt_grissom,Matt Grissom,212.0,211,99.0,112.0,1.0,-22.000000000000004,13.251415094339626,0.9938679245283019,0.46919431279620855,-0.10426540284360192,0.40301100355778346,1.0,77.0,34,5,Midweek,mae,,,,
linept_talis,Talisman Red,2577.0,2541,1278.0,1263.0,35.0,-101.18181818181822,13.267590221187428,0.13520372526193247,0.5029515938606848,-0.03981968444778364,0.4835212820115152,4.0,7.0,35,5,Midweek,mae,,,,
linept_argh,Argh Ratings,2629.0,2504,1239.0,1265.0,36.0,-138.63636363636365,13.315899581589958,0.09166983643971091,0.4948083067092652,-0.05536595991867558,0.475248338547764,4.0,27.0,36,5,Midweek,mae,,,,
linept_elo,Beck Elo,2629.0,2588,1234.0,1354.0,36.0,-232.18181818181822,13.327672118676302,0.029650057055914728,0.4768160741885626,-0.08971476745819869,0.45762185612715495,4.0,61.0,37,5,Midweek,mae,,,,
keeper,Keeper,2620.0,2575,1313.0,1262.0,36.0,-68.3636363636364,13.331740458015268,0.2079770992366411,0.5099029126213592,-0.02654898499558695,0.49059423096707677,4.0,1.0,38,5,Midweek,mae,,,,
linept_born,Born Power Index,2629.0,2592,1253.0,1339.0,36.0,-199.90909090909093,13.34213389121339,0.11868010650437429,0.4834104938271605,-0.07712542087542089,0.4642112017632664,4.0,54.0,39,5,Midweek,mae,,,,
congrove,Congrove Computer Rankings,2628.0,2590,1316.0,1274.0,36.0,-77.63636363636367,13.373580669710808,0.41390030441400305,0.5081081081081081,-0.029975429975429988,0.48885679608928184,4.0,4.0,40,5,Midweek,mae,,,,
linept_dunk,Dunkel Index,2295.0,2266,1119.0,1147.0,29.0,-129.72727272727275,13.408065359477124,-0.10669716775599124,0.49382171226831423,-0.0572494583968547,0.4732643971807342,4.0,29.0,41,5,Midweek,mae,,,,
linept_round,lineround,1721.0,1652,830.0,822.0,24.0,-67.45454545454548,13.415456130156885,0.4009296920395119,0.5024213075060533,-0.040832049306625595,0.4783330754377282,4.0,17.0,42,5,Midweek,mae,,,,
moore_ratings,Moore Power Ratings,2626.0,2588,1257.0,1331.0,36.0,-188.2727272727273,13.421557501904037,0.04021706016755535,0.4857032457496136,-0.07274834902346496,0.46648304146439057,4.0,50.0,43,5,Midweek,mae,,,,
linept_how,Howell,2627.0,2499,1217.0,1282.0,36.0,-175.63636363636365,13.499242481918536,-0.1650057099352874,0.48699479791916767,-0.07028265851795264,0.46743286495814323,4.0,46.0,44,5,Midweek,mae,,,,
linept_payne,linepayne,2625.0,2589,1244.0,1345.0,36.0,-214.09090909090912,13.51344761904762,0.364632380952381,0.4804943993820008,-0.08269251027072581,0.4612923860950021,4.0,59.0,45,5,Midweek,mae,,,,
linecfbp_beta_rank,Beta_Rank,1749.0,1710,800.0,910.0,24.0,-182.72727272727275,13.583076043453401,0.48153230417381354,0.4678362573099415,-0.10685805422647529,0.4442853871064206,4.0,71.0,46,5,Midweek,mae,,,,
linept_curry,Daniel Curry Index,2626.0,2588,1249.0,1339.0,36.0,-203.5454545454546,13.596881188118813,0.05944782939832441,0.48261205564142196,-0.07864971195728539,0.4634001999106017,4.0,56.0,47,5,Midweek,mae,,,,
linept_wayward,Waywardtrends,295.0,293,146.0,147.0,2.0,-14.272727272727275,13.610542372881355,0.6601016949152541,0.49829351535836175,-0.04871237977040026,0.44143642004760547,1.0,72.0,48,5,Midweek,mae,,,,
linept_dwig,DP Dwiggins,2623.0,2508,1229.0,1279.0,35.0,-161.72727272727275,13.618852459016393,0.11885245901639344,0.49003189792663476,-0.06448455850369726,0.47049763632416114,4.0,38.0,49,5,Midweek,mae,,,,
linecfbp_cfb_victory,CFB Victory,212.0,206,113.0,93.0,1.0,9.727272727272725,13.683490566037737,0.0551886792452831,0.5485436893203883,0.04721977052074138,0.48031802859888845,1.0,10.0,50,5,Midweek,mae,,,,
linept_paynep,linepaynep,2625.0,2585,1205.0,1380.0,36.0,-284.54545454545456,13.68878857142857,0.47702476190476195,0.4661508704061896,-0.11007561104272903,0.4469848153935718,4.0,68.0,51,5,Midweek,mae,,,,
linept_big200,Big 200,295.0,293,150.0,143.0,2.0,-6.63636363636364,13.743389830508475,0.5367457627118645,0.5119453924914675,-0.022649705243561913,0.4549273244444321,1.0,66.0,52,5,Midweek,mae,,,,
linept_bill,Billingsley,2628.0,2590,1259.0,1331.0,36.0,-186.4545454545455,13.770570776255706,0.09458143074581432,0.4861003861003861,-0.071990171990172,0.4668865663921293,4.0,48.0,53,5,Midweek,mae,,,,
linept_rwp,Laffaye RWP,2507.0,2463,1195.0,1268.0,36.0,-181.63636363636365,13.859046669325886,0.2825329078579977,0.48518067397482745,-0.0737459860480567,0.4654814795331402,4.0,51.0,54,5,Midweek,mae,,,,
linept_kerns,Stephen Kerns,2629.0,2584,1282.0,1302.0,36.0,-136.5454545454546,13.883259794598706,0.49517306960821605,0.49613003095975233,-0.052842668167745584,0.47687222794438705,4.0,20.0,55,5,Midweek,mae,,,,
linept_pfz,PerformanZ Ratings,2629.0,2591,1262.0,1329.0,36.0,-181.72727272727275,14.076968429060482,0.22368581209585403,0.4870706291007333,-0.07013788989860005,0.4678580712913274,4.0,45.0,56,5,Midweek,mae,,,,
linept_paynewl,linepaynewl,2625.0,2584,1229.0,1355.0,36.0,-237.72727272727275,14.169356190476192,0.26771047619047617,0.4756191950464396,-0.09199971854770617,0.4564141443645549,4.0,62.0,57,5,Midweek,mae,,,,
linept_clean,Cleanup Hitter,2590.0,2495,1203.0,1292.0,36.0,-198.3636363636364,14.189571428571428,-0.003872586872586862,0.4821643286573146,-0.07950446347239935,0.4626000219430486,4.0,57.0,58,5,Midweek,mae,,,,
linept_loud,Loudsound.org,2552.0,2457,1225.0,1232.0,35.0,-118.3636363636364,14.5282131661442,0.08542319749216301,0.4985754985754986,-0.04817404817404819,0.4788228367144893,4.0,15.0,59,5,Midweek,mae,,,,
linecfbp_trent_sorensen,Trent Sorensen,212.0,211,102.0,109.0,1.0,-16.272727272727277,15.19245283018868,0.3764150943396226,0.4834123222748815,-0.07712193020249894,0.4168861890640926,1.0,76.0,60,5,Midweek,mae,,,,
linept_big200,,,295,,,,,,,,,,,,1,5,Midweek,incremental,0.05463664403841227,0.1317946997794113,0.05052257487027136,13.743389830508475
linecfbp_cbcr2_power,,,727,,,,,,,,,,,,2,5,Midweek,incremental,0.04347593309973926,0.1140713845193155,0.042053835138147984,12.67840440165062
linecfbp_john_harris,,,212,,,,,,,,,,,,3,5,Midweek,incremental,0.045879215292811575,0.25129535044302836,0.04126988569613335,12.877358490566039
linecfbp_cfb_graphs,,,1242,,,,,,,,,,,,4,5,Midweek,incremental,0.03915938167459919,0.12151423724270483,0.038394177361822435,12.702093397745571
linecfbp_jp,,,1243,,,,,,,,,,,,5,5,Midweek,incremental,0.03316534352242058,0.09113627157703036,0.03251777351618215,12.783105390185037
linecfbp_cfb_victory,,,212,,,,,,,,,,,,6,5,Midweek,incremental,0.03473438467953525,0.07807807056185176,0.031244738522686666,13.683490566037737
piratings,,,2629,,,,,,,,,,,,7,5,Midweek,incremental,0.02359868264600959,0.08025047326002896,0.023377426282779407,12.782658805629517
dokter_entropy,,,2628,,,,,,,,,,,,8,5,Midweek,incremental,0.017624950021328356,0.07787407973780436,0.01745964014071598,12.627671232876715
piratings_mean,,,2629,,,,,,,,,,,,9,5,Midweek,incremental,0.016234335032689846,0.06306052824300497,0.016082125268158744,12.70594903004945
piratings_bias,,,2629,,,,,,,,,,,,10,5,Midweek,incremental,0.01440734080451738,0.04870963599354404,0.014272260559656153,12.847017877519969
massey,,,2629,,,,,,,,,,,,11,5,Midweek,incremental,0.014187984539056179,0.042476137192024935,0.014054960933130089,12.962502852795739
linept_round,,,1721,,,,,,,,,,,,12,5,Midweek,incremental,0.013089240036686373,0.0279144999799484,0.012903145265323882,13.415456130156885
linecfbp_sp,,,1749,,,,,,,,,,,,13,5,Midweek,incremental,0.012555407198691526,0.047760903848097815,0.012379700142086423,12.661806746712408
linept_laz,,,2627,,,,,,,,,,,,14,5,Midweek,incremental,0.008610630416802583,0.02353634618227635,0.008529838327998761,13.008705748001521
espn_fpi,,,2629,,,,,,,,,,,,15,5,Midweek,incremental,0.007921865094452989,0.03345028555058907,0.007847591327264753,12.644385697984022
linecfbp_sportsline,,,727,,,,,,,,,,,,16,5,Midweek,incremental,0.00623611015106016,0.02167563783822926,0.006032126960780236,12.778541953232462
congrove,,,2628,,,,,,,,,,,,17,5,Midweek,incremental,0.0055453178137666904,0.012744537175918159,0.005493306555599028,13.373580669710805
sagarin,,,2629,,,,,,,,,,,,18,5,Midweek,incremental,0.0030847054328427916,0.013817614664666985,0.0030557838732818135,12.734986686953214
sagarin_golden_mean,,,2629,,,,,,,,,,,,19,5,Midweek,incremental,0.0029416801033591857,0.010610428855505023,0.0029140995196791936,12.865233929250664
linept_donchess,,,2629,,,,,,,,,,,,20,5,Midweek,incremental,0.002753794637832996,0.010681294143941745,0.0027279756293828467,12.765926207683528
linecfbp_room44_bets,,,1747,,,,,,,,,,,,21,5,Midweek,incremental,0.0013346960087686666,0.004758882183805842,0.0013159966256582514,13.136691471093302
sagarin_predictor,,,2629,,,,,,,,,,,,22,5,Midweek,incremental,0.0007546673009126354,0.004127012672159395,0.0007475916965260107,12.798836059338152
linept_pig,,,2617,,,,,,,,,,,,23,5,Midweek,incremental,0.00015610666208681998,0.0014776630214433574,0.0001546364215498744,12.871597248758121
linept_talis,,,2577,,,,,,,,,,,,24,5,Midweek,incremental,-0.00042991898086250217,-0.0012139002976913184,-0.00042580797631366863,13.267590221187428
linept_loud,,,2552,,,,,,,,,,,,25,5,Midweek,incremental,-0.0007302503044087732,-0.0010963016558452267,-0.0007232000301874335,14.5282131661442
linecfbp_professor_sides,,,1747,,,,,,,,,,,,26,5,Midweek,incremental,-0.003462475782276278,-0.012334889955033564,-0.003413965738987057,12.690269032627363
keeper,,,2620,,,,,,,,,,,,27,5,Midweek,incremental,-0.0035404529142263113,-0.008930005318739049,-0.0035071459375690204,13.331740458015268
linept_clean,,,2590,,,,,,,,,,,,28,5,Midweek,incremental,-0.003596540014641415,-0.006204635202097675,-0.003562319065007324,14.18957142857143
sagarin_recent,,,2629,,,,,,,,,,,,29,5,Midweek,incremental,-0.003870201647361578,-0.0115690477996906,-0.0038339154379020226,12.898546976036515
linecfbp_power_rank_free,,,1243,,,,,,,,,,,,30,5,Midweek,incremental,-0.004764716283684561,-0.012727059411647677,-0.004671682802772051,12.637650844730489
linept_kam,,,2627,,,,,,,,,,,,31,5,Midweek,incremental,-0.004931454396731362,-0.01474101343167826,-0.00488518339423017,12.995226494099732
linept_dunk,,,2295,,,,,,,,,,,,32,5,Midweek,incremental,-0.0050255621824761435,-0.011887520968796375,-0.0049716960806528866,13.408065359477124
fei,,,2629,,,,,,,,,,,,33,5,Midweek,incremental,-0.005159680399846372,-0.012731829790464754,-0.0051113043045437345,13.237713959680486
linept_paynewl,,,2625,,,,,,,,,,,,34,5,Midweek,incremental,-0.006903909847394754,-0.01258032200523318,-0.0068390829671658125,14.16935619047619
linept_dwig,,,2623,,,,,,,,,,,,35,5,Midweek,incremental,-0.008746202246384574,-0.019011366088334765,-0.008664014723027972,13.618852459016393
linept_argh,,,2629,,,,,,,,,,,,36,5,Midweek,incremental,-0.00895047010650844,-0.021948251002484393,-0.008866552351662857,13.315899581589958
linept_pugh,,,2623,,,,,,,,,,,,37,5,Midweek,incremental,-0.009336965905056572,-0.028746359378412703,-0.009249227012016584,13.027876477316049
harville,,,2629,,,,,,,,,,,,38,5,Midweek,incremental,-0.01032004144721173,-0.038970311098563776,-0.01022328287499622,12.783796120197795
linecfbp_trent_sorensen,,,212,,,,,,,,,,,,39,5,Midweek,incremental,-0.012878662881042897,-0.014508600025232323,-0.011584787177102224,15.19245283018868
linept_bill,,,2628,,,,,,,,,,,,40,5,Midweek,incremental,-0.012684676619152931,-0.02579370049069264,-0.012565703097243293,13.770570776255706
linecfbp_tshoe_index,,,1243,,,,,,,,,,,,41,5,Midweek,incremental,-0.013145386468773293,-0.039940315652539915,-0.01288871618909308,12.814802896218826
linept_curry,,,2626,,,,,,,,,,,,42,5,Midweek,incremental,-0.01375403701673049,-0.03075237638007072,-0.013624936759640376,13.596881188118811
linecfbp_wilson_ratings,,,1749,,,,,,,,,,,,43,5,Midweek,incremental,-0.01412304651076516,-0.040759337590705456,-0.013925401074545287,12.96735277301315
linecfbp_matt_grissom,,,212,,,,,,,,,,,,44,5,Midweek,incremental,-0.015647810575602477,-0.07631069292337224,-0.014075727968064073,13.251415094339624
linecfbp_power_rank,,,1747,,,,,,,,,,,,45,5,Midweek,incremental,-0.014281484139752528,-0.06725005179292624,-0.014081397422207816,12.590383514596452
linecfbp_dratings,,,1749,,,,,,,,,,,,46,5,Midweek,incremental,-0.01475832885680487,-0.05181256321632236,-0.01455179294101955,12.841395082904517
linept_rwp,,,2507,,,,,,,,,,,,47,5,Midweek,incremental,-0.014937810323237781,-0.030269017860434115,-0.014791041089420785,13.859046669325886
linept_kerns,,,2629,,,,,,,,,,,,48,5,Midweek,incremental,-0.015877746189275063,-0.03179937708889096,-0.01572887972792092,13.883259794598706
linept_how,,,2627,,,,,,,,,,,,49,5,Midweek,incremental,-0.01672240120528264,-0.037421115559486226,-0.01656549774319072,13.499242481918536
linept_wayward,,,295,,,,,,,,,,,,50,5,Midweek,incremental,-0.019168231334416024,-0.04235560544519692,-0.017724888117997547,13.610542372881357
teamrankings,,,2629,,,,,,,,,,,,51,5,Midweek,incremental,-0.018214349656295575,-0.07869181921228495,-0.018043575684544386,12.680863446177256
linept_payne,,,2625,,,,,,,,,,,,52,5,Midweek,incremental,-0.018621113660572525,-0.04416022848984092,-0.018446263650696026,13.51344761904762
linecfbp_kford,,,727,,,,,,,,,,,,53,5,Midweek,incremental,-0.021707120313032038,-0.0882283414998883,-0.02099708031277809,12.26850068775791
linecfbp_cfb_geek,,,1233,,,,,,,,,,,,54,5,Midweek,incremental,-0.021714066905402212,-0.06779775188870359,-0.021286751082753335,12.9323600973236
linept_born,,,2629,,,,,,,,,,,,55,5,Midweek,incremental,-0.023162572486283995,-0.060652878184953345,-0.02294540500163047,13.34213389121339
linecfbp_beta_rank,,,1749,,,,,,,,,,,,56,5,Midweek,incremental,-0.023687499886435395,-0.05761621226477644,-0.023356004394691165,13.583076043453403
linept_elo,,,2629,,,,,,,,,,,,57,5,Midweek,incremental,-0.04017807301947387,-0.10661365807831198,-0.039801371724268786,13.327672118676304
linept_pfz,,,2629,,,,,,,,,,,,58,5,Midweek,incremental,-0.04120844559442455,-0.0809210741738043,-0.04082208373925832,14.076968429060479
moore_ratings,,,2626,,,,,,,,,,,,59,5,Midweek,incremental,-0.04769200602193756,-0.126269345659341,-0.04724435198181203,13.421557501904037
linept_paynep,,,2625,,,,,,,,,,,,60,5,Midweek,incremental,-0.050359423891168535,-0.1176151058938377,-0.04988655497874738,13.688788571428569
linecfbp_sp,SP+,1749.0,1700,879.0,821.0,33.0,-21.909090909090935,12.661806746712408,0.10720411663807876,0.5170588235294118,-0.012887700534759374,0.49329290753976823,4.0,1.0,1,5,Close (PT Updated/final),wilson,,,,
linept_donchess,Donchess Inference,2629.0,2523,1278.0,1245.0,46.0,-83.18181818181822,12.765926207683528,0.05166983643971097,0.5065398335315101,-0.032969408712571625,0.4870362934147929,4.0,4.0,2,5,Close (PT Updated/final),wilson,,,,
congrove,Congrove Computer Rankings,2628.0,2579,1305.0,1274.0,46.0,-87.63636363636367,13.373580669710808,0.41390030441400305,0.5060100814269096,-0.03398075363953613,0.4867197725328284,4.0,5.0,3,5,Close (PT Updated/final),wilson,,,,
linecfbp_cfb_victory,CFB Victory,212.0,202,112.0,90.0,3.0,11.818181818181815,13.683490566037737,0.0551886792452831,0.5544554455445545,0.058505850585058486,0.48553302133434256,1.0,6.0,4,5,Close (PT Updated/final),wilson,,,,
keeper,Keeper,2620.0,2566,1295.0,1271.0,46.0,-93.72727272727276,13.331740458015268,0.2079770992366411,0.504676539360873,-0.0365266066746971,0.485338920853051,4.0,7.0,5,5,Close (PT Updated/final),wilson,,,,
linept_round,lineround,1721.0,1646,838.0,808.0,35.0,-46.18181818181821,13.415456130156885,0.4009296920395119,0.5091130012150669,-0.02805699768032698,0.48496913291078375,4.0,8.0,6,5,Close (PT Updated/final),wilson,,,,
linept_talis,Talisman Red,2577.0,2531,1273.0,1258.0,45.0,-100.72727272727276,13.267590221187428,0.13520372526193247,0.5029632556301857,-0.0397974210696455,0.48349463123198616,4.0,9.0,7,5,Close (PT Updated/final),wilson,,,,
massey,Massey Ratings,2629.0,2580,1297.0,1283.0,46.0,-103.90909090909095,12.962502852795739,-0.006557626473944598,0.5027131782945736,-0.04027484143763215,0.4834303986314525,4.0,11.0,8,5,Close (PT Updated/final),wilson,,,,
linecfbp_cfb_graphs,CFB Graphs,1242.0,1208,618.0,590.0,24.0,-28.181818181818194,12.702093397745571,0.2053140096618357,0.5115894039735099,-0.02332931968693559,0.48340911703036554,3.0,12.0,9,5,Close (PT Updated/final),wilson,,,,
linecfbp_power_rank_free,Power Rank: Free,1243.0,1202,615.0,587.0,24.0,-27.909090909090924,12.63765084473049,-0.3578439259855189,0.5116472545757071,-0.023218877628195446,0.483396744919432,3.0,13.0,10,5,Close (PT Updated/final),wilson,,,,
linecfbp_professor_sides,Professor Sides,1747.0,1694,856.0,838.0,33.0,-59.81818181818184,12.69026903262736,0.1461362335432169,0.5053128689492326,-0.03531179564237417,0.4815190295338919,4.0,14.0,11,5,Close (PT Updated/final),wilson,,,,
piratings,Pi-Ratings,2629.0,2563,1282.0,1281.0,46.0,-115.54545454545458,12.782658805629517,0.0030391783948269338,0.500195083886071,-0.045082112581137174,0.4808520276321458,4.0,15.0,12,5,Close (PT Updated/final),wilson,,,,
teamrankings,TeamRankings.com,2629.0,2543,1268.0,1275.0,46.0,-122.27272727272731,12.680863446177254,0.031110688474705134,0.49862367282736925,-0.04808207914774963,0.4792072569269816,4.0,16.0,13,5,Close (PT Updated/final),wilson,,,,
espn_fpi,ESPN FPI,2629.0,2578,1282.0,1296.0,46.0,-130.5454545454546,12.644385697984026,-0.015667554203119143,0.4972847168347556,-0.0506382678609211,0.4780025457547956,4.0,17.0,14,5,Close (PT Updated/final),wilson,,,,
linept_laz,Laz Index,2627.0,2577,1280.0,1297.0,46.0,-133.3636363636364,13.008705748001521,0.0840768937952037,0.49670159099728367,-0.05175150809609484,0.4774166884727959,4.0,18.0,15,5,Close (PT Updated/final),wilson,,,,
linept_loud,Loudsound.org,2552.0,2447,1216.0,1231.0,46.0,-125.54545454545458,14.5282131661442,0.08542319749216301,0.49693502247650184,-0.05130586618122377,0.4771449708783155,4.0,19.0,16,5,Close (PT Updated/final),wilson,,,,
piratings_bias,PI-Rate Bias,2629.0,2569,1275.0,1294.0,46.0,-134.90909090909093,12.847017877519969,-0.052015975656143104,0.49630206305955626,-0.052514243249938086,0.4769879135568126,4.0,20.0,17,5,Close (PT Updated/final),wilson,,,,
fei,FEI Projections,2629.0,2560,1268.0,1292.0,46.0,-139.2727272727273,13.237713959680486,-0.03445036135412707,0.4953125,-0.054403409090909106,0.47596629351835956,4.0,22.0,18,5,Close (PT Updated/final),wilson,,,,
linecfbp_kford,KFord,727.0,702,360.0,342.0,18.0,-14.727272727272739,12.26850068775791,0.17056396148555716,0.5128205128205128,-0.020979020979020997,0.4758765496464332,2.0,23.0,19,5,Close (PT Updated/final),wilson,,,,
sagarin_golden_mean,Sagarin Golden Mean,2629.0,2581,1277.0,1304.0,46.0,-143.09090909090912,12.865233929250664,-0.12662609357170027,0.49476946919798526,-0.055440104258391756,0.47550299596434065,4.0,24.0,20,5,Close (PT Updated/final),wilson,,,,
piratings_mean,Pi-Ratings Mean,2629.0,2548,1260.0,1288.0,46.0,-142.5454545454546,12.70594903004945,-0.03113731456827683,0.4945054945054945,-0.05594405594405596,0.4751154034501555,4.0,25.0,21,5,Close (PT Updated/final),wilson,,,,
linept_pig,Pigskin Index,2617.0,2437,1206.0,1231.0,46.0,-134.63636363636368,12.871597248758121,-0.11656476881925866,0.49487074271645465,-0.055246763904950216,0.4750441218347737,4.0,26.0,22,5,Close (PT Updated/final),wilson,,,,
linept_dwig,DP Dwiggins,2623.0,2494,1232.0,1262.0,45.0,-142.00000000000003,13.618852459016393,0.11885245901639344,0.49398556535685645,-0.056936647955092234,0.47438812482407117,4.0,27.0,23,5,Close (PT Updated/final),wilson,,,,
linept_kerns,Stephen Kerns,2629.0,2572,1269.0,1303.0,46.0,-149.3636363636364,13.883259794598706,0.49517306960821605,0.49339035769828926,-0.058072953485084136,0.47409295525326217,4.0,28.0,24,5,Close (PT Updated/final),wilson,,,,
linecfbp_cbcr2_power,CBCR2: Power,727.0,703,359.0,344.0,18.0,-17.636363636363647,12.67840440165062,0.6434662998624484,0.5106685633001422,-0.025087288245182998,0.47375877996573684,2.0,29.0,25,5,Close (PT Updated/final),wilson,,,,
linept_dunk,Dunkel Index,2295.0,2253,1113.0,1140.0,42.0,-128.18181818181822,13.408065359477124,-0.10669716775599124,0.4940079893475366,-0.0568938385183392,0.473391171203148,4.0,31.0,26,5,Close (PT Updated/final),wilson,,,,
harville,David Harville,2629.0,2580,1271.0,1309.0,46.0,-153.5454545454546,12.783796120197795,0.09218714340053247,0.49263565891472866,-0.05951374207188163,0.473369666464839,4.0,32.0,27,5,Close (PT Updated/final),wilson,,,,
sagarin_predictor,Sagarin Predictor,2629.0,2578,1270.0,1308.0,46.0,-153.4545454545455,12.798836059338152,-0.0848763788512743,0.4926299456943367,-0.0595246491289936,0.47335650855837563,4.0,33.0,28,5,Close (PT Updated/final),wilson,,,,
linecfbp_power_rank,Power Rank,1747.0,1701,845.0,856.0,33.0,-87.81818181818184,12.590383514596452,0.1289066971951918,0.496766607877719,-0.05162738496071831,0.4730401068296391,4.0,35.0,29,5,Close (PT Updated/final),wilson,,,,
linept_argh,Argh Ratings,2629.0,2491,1226.0,1265.0,46.0,-150.4545454545455,13.315899581589958,0.09166983643971091,0.4921718185467684,-0.06039925550162405,0.4725663808453438,4.0,36.0,30,5,Close (PT Updated/final),wilson,,,,
sagarin_recent,Sagarin Recent,2629.0,2578,1267.0,1311.0,46.0,-159.18181818181822,12.898546976036515,-0.006770635222518137,0.49146625290923196,-0.06174624444601172,0.47219526010737206,4.0,37.0,31,5,Close (PT Updated/final),wilson,,,,
linecfbp_jp,JP+,1243.0,1210,605.0,605.0,24.0,-55.00000000000002,12.783105390185035,-0.21094127111826225,0.5,-0.04545454545454547,0.4718721127863374,3.0,38.0,32,5,Close (PT Updated/final),wilson,,,,
linecfbp_room44_bets,Room44 Bets,1747.0,1690,837.0,853.0,33.0,-92.09090909090911,13.136691471093302,-0.01041785918717803,0.4952662721893491,-0.054491662183969884,0.4714668487821638,4.0,39.0,33,5,Close (PT Updated/final),wilson,,,,
linecfbp_wilson_ratings,Wilson Ratings,1749.0,1699,839.0,860.0,33.0,-97.2727272727273,12.96735277301315,-0.04648370497427108,0.49381989405532667,-0.05725292953074002,0.470087430012216,4.0,41.0,34,5,Close (PT Updated/final),wilson,,,,
linecfbp_dratings,DRatings,1749.0,1689,834.0,855.0,33.0,-96.81818181818184,12.841395082904516,0.08324757004002271,0.4937833037300178,-0.057322783788147924,0.4699809921743336,4.0,42.0,35,5,Close (PT Updated/final),wilson,,,,
sagarin,Sagarin Ratings,2629.0,2576,1260.0,1316.0,46.0,-170.5454545454546,12.734986686953214,-0.09301635602890831,0.4891304347826087,-0.06620553359683796,0.469857203247205,4.0,43.0,36,5,Close (PT Updated/final),wilson,,,,
dokter_entropy,Dokter Entropy,2628.0,2574,1253.0,1321.0,46.0,-181.90909090909093,12.627671232876711,-0.06759512937595138,0.4867909867909868,-0.07067175248993432,0.46751594460671025,4.0,46.0,37,5,Close (PT Updated/final),wilson,,,,
linept_clean,Cleanup Hitter,2590.0,2475,1204.0,1271.0,46.0,-176.4545454545455,14.189571428571428,-0.003872586872586862,0.4864646464646465,-0.0712947658402204,0.46680971444287866,4.0,47.0,38,5,Close (PT Updated/final),wilson,,,,
linecfbp_cfb_geek,CFB Geek,1233.0,1196,592.0,604.0,27.0,-65.81818181818183,12.9323600973236,0.19772911597729112,0.49498327759197325,-0.055031924597142,0.46670924653656665,3.0,48.0,39,5,Close (PT Updated/final),wilson,,,,
linept_how,Howell,2627.0,2493,1211.0,1282.0,46.0,-181.09090909090912,13.499242481918536,-0.1650057099352874,0.48576012835940635,-0.07263975495022428,0.4661779469375331,4.0,49.0,40,5,Close (PT Updated/final),wilson,,,,
linecfbp_tshoe_index,TShoe Index,1243.0,1198,592.0,606.0,24.0,-67.81818181818183,12.814802896218826,0.008045052292839812,0.4941569282136895,-0.05660950068295645,0.4659095662241675,3.0,50.0,41,5,Close (PT Updated/final),wilson,,,,
linept_pfz,PerformanZ Ratings,2629.0,2581,1250.0,1331.0,46.0,-194.63636363636368,14.076968429060482,0.22368581209585403,0.4843084075939558,-0.07541122186608434,0.46506590829485284,4.0,52.0,42,5,Close (PT Updated/final),wilson,,,,
moore_ratings,Moore Power Ratings,2626.0,2580,1249.0,1331.0,46.0,-195.5454545454546,13.421557501904037,0.04021706016755535,0.48410852713178293,-0.07579281183932349,0.46486284941531547,4.0,53.0,43,5,Close (PT Updated/final),wilson,,,,
linept_bill,Billingsley,2628.0,2581,1249.0,1332.0,46.0,-196.5454545454546,13.770570776255706,0.09458143074581432,0.48392096086788067,-0.07615089288859148,0.4646795114417955,4.0,54.0,44,5,Close (PT Updated/final),wilson,,,,
linept_rwp,Laffaye RWP,2507.0,2456,1189.0,1267.0,46.0,-186.09090909090912,13.859046669325886,0.2825329078579977,0.48412052117263843,-0.07576991412496299,0.4643962906818012,4.0,55.0,45,5,Close (PT Updated/final),wilson,,,,
linept_kam,Edward Kambour,2627.0,2578,1244.0,1334.0,46.0,-203.09090909090912,12.995226494099736,-0.06976018271792915,0.48254460822342904,-0.07877847520981734,0.46329582353963905,4.0,56.0,46,5,Close (PT Updated/final),wilson,,,,
linept_curry,Daniel Curry Index,2626.0,2579,1243.0,1336.0,46.0,-206.00000000000003,13.596881188118813,0.05944782939832441,0.48196975571927103,-0.07987592089957349,0.46272633365709914,4.0,57.0,47,5,Close (PT Updated/final),wilson,,,,
linept_born,Born Power Index,2629.0,2583,1244.0,1339.0,46.0,-208.09090909090912,13.34213389121339,0.11868010650437429,0.4816105303910182,-0.08056171470805619,0.4623830085104108,4.0,58.0,48,5,Close (PT Updated/final),wilson,,,,
linept_payne,linepayne,2625.0,2577,1239.0,1338.0,46.0,-211.63636363636368,13.51344761904762,0.364632380952381,0.4807916181606519,-0.0821250926023918,0.461544196526771,4.0,61.0,49,5,Close (PT Updated/final),wilson,,,,
linept_paynewl,linepaynewl,2625.0,2575,1234.0,1341.0,46.0,-219.18181818181822,14.169356190476192,0.26771047619047617,0.4792233009708738,-0.08511915269196824,0.45997318305920415,4.0,62.0,50,5,Close (PT Updated/final),wilson,,,,
linept_pugh,Pugh Ratings,2623.0,2576,1228.0,1348.0,46.0,-231.63636363636368,13.02787647731605,0.12834159359512012,0.4767080745341615,-0.08992094861660081,0.45746970209140714,4.0,63.0,51,5,Close (PT Updated/final),wilson,,,,
linept_elo,Beck Elo,2629.0,2578,1228.0,1350.0,46.0,-233.63636363636368,13.327672118676302,0.029650057055914728,0.47633824670287045,-0.09062698356724735,0.4571085335223974,4.0,64.0,52,5,Close (PT Updated/final),wilson,,,,
linept_paynep,linepaynep,2625.0,2578,1218.0,1360.0,46.0,-252.72727272727275,13.68878857142857,0.47702476190476195,0.4724592707525213,-0.0980323012906411,0.4532429888019693,4.0,65.0,53,5,Close (PT Updated/final),wilson,,,,
linept_big200,Big 200,295.0,291,148.0,143.0,4.0,-8.454545454545459,13.743389830508475,0.5367457627118645,0.5085910652920962,-0.02905342080599814,0.4514153529792602,1.0,66.0,54,5,Close (PT Updated/final),wilson,,,,
linecfbp_beta_rank,Beta_Rank,1749.0,1706,798.0,908.0,33.0,-182.54545454545456,13.583076043453401,0.48153230417381354,0.46776084407971863,-0.10700202493871896,0.44418292625359956,4.0,67.0,55,5,Close (PT Updated/final),wilson,,,,
linecfbp_trent_sorensen,Trent Sorensen,212.0,208,106.0,102.0,3.0,-5.63636363636364,15.19245283018868,0.3764150943396226,0.5096153846153846,-0.027097902097902117,0.44212262773952915,1.0,68.0,56,5,Close (PT Updated/final),wilson,,,,
linecfbp_sportsline,SportsLine,727.0,686,327.0,359.0,18.0,-61.72727272727274,12.778541953232462,0.30261348005502064,0.47667638483965014,-0.08998144712430428,0.43953509146815967,2.0,70.0,57,5,Close (PT Updated/final),wilson,,,,
linept_wayward,Waywardtrends,295.0,291,143.0,148.0,4.0,-18.000000000000004,13.610542372881355,0.6601016949152541,0.49140893470790376,-0.06185567010309279,0.43445708659433935,1.0,73.0,58,5,Close (PT Updated/final),wilson,,,,
linecfbp_john_harris,John Harris,212.0,204,100.0,104.0,3.0,-13.090909090909093,12.877358490566039,1.0141509433962266,0.49019607843137253,-0.06417112299465241,0.42241467126201937,1.0,76.0,59,5,Close (PT Updated/final),wilson,,,,
linecfbp_matt_grissom,Matt Grissom,212.0,209,97.0,112.0,3.0,-23.81818181818182,13.251415094339626,0.9938679245283019,0.46411483253588515,-0.11396259243149197,0.3977603353885958,1.0,77.0,60,5,Close (PT Updated/final),wilson,,,,
linecfbp_kford,KFord,727.0,702,360.0,342.0,18.0,-14.727272727272739,12.26850068775791,0.17056396148555716,0.5128205128205128,-0.020979020979020997,0.4758765496464332,2.0,23.0,1,5,Close (PT Updated/final),mae,,,,
linecfbp_power_rank,Power Rank,1747.0,1701,845.0,856.0,33.0,-87.81818181818184,12.590383514596452,0.1289066971951918,0.496766607877719,-0.05162738496071831,0.4730401068296391,4.0,35.0,2,5,Close (PT Updated/final),mae,,,,
dokter_entropy,Dokter Entropy,2628.0,2574,1253.0,1321.0,46.0,-181.90909090909093,12.627671232876711,-0.06759512937595138,0.4867909867909868,-0.07067175248993432,0.46751594460671025,4.0,46.0,3,5,Close (PT Updated/final),mae,,,,
linecfbp_power_rank_free,Power Rank: Free,1243.0,1202,615.0,587.0,24.0,-27.909090909090924,12.63765084473049,-0.3578439259855189,0.5116472545757071,-0.023218877628195446,0.483396744919432,3.0,13.0,4,5,Close (PT Updated/final),mae,,,,
espn_fpi,ESPN FPI,2629.0,2578,1282.0,1296.0,46.0,-130.5454545454546,12.644385697984026,-0.015667554203119143,0.4972847168347556,-0.0506382678609211,0.4780025457547956,4.0,17.0,5,5,Close (PT Updated/final),mae,,,,
linecfbp_sp,SP+,1749.0,1700,879.0,821.0,33.0,-21.909090909090935,12.661806746712408,0.10720411663807876,0.5170588235294118,-0.012887700534759374,0.49329290753976823,4.0,1.0,6,5,Close (PT Updated/final),mae,,,,
linecfbp_cbcr2_power,CBCR2: Power,727.0,703,359.0,344.0,18.0,-17.636363636363647,12.67840440165062,0.6434662998624484,0.5106685633001422,-0.025087288245182998,0.47375877996573684,2.0,29.0,7,5,Close (PT Updated/final),mae,,,,
teamrankings,TeamRankings.com,2629.0,2543,1268.0,1275.0,46.0,-122.27272727272731,12.680863446177254,0.031110688474705134,0.49862367282736925,-0.04808207914774963,0.4792072569269816,4.0,16.0,8,5,Close (PT Updated/final),mae,,,,
linecfbp_professor_sides,Professor Sides,1747.0,1694,856.0,838.0,33.0,-59.81818181818184,12.69026903262736,0.1461362335432169,0.5053128689492326,-0.03531179564237417,0.4815190295338919,4.0,14.0,9,5,Close (PT Updated/final),mae,,,,
linecfbp_cfb_graphs,CFB Graphs,1242.0,1208,618.0,590.0,24.0,-28.181818181818194,12.702093397745571,0.2053140096618357,0.5115894039735099,-0.02332931968693559,0.48340911703036554,3.0,12.0,10,5,Close (PT Updated/final),mae,,,,
piratings_mean,Pi-Ratings Mean,2629.0,2548,1260.0,1288.0,46.0,-142.5454545454546,12.70594903004945,-0.03113731456827683,0.4945054945054945,-0.05594405594405596,0.4751154034501555,4.0,25.0,11,5,Close (PT Updated/final),mae,,,,
sagarin,Sagarin Ratings,2629.0,2576,1260.0,1316.0,46.0,-170.5454545454546,12.734986686953214,-0.09301635602890831,0.4891304347826087,-0.06620553359683796,0.469857203247205,4.0,43.0,12,5,Close (PT Updated/final),mae,,,,
linept_donchess,Donchess Inference,2629.0,2523,1278.0,1245.0,46.0,-83.18181818181822,12.765926207683528,0.05166983643971097,0.5065398335315101,-0.032969408712571625,0.4870362934147929,4.0,4.0,13,5,Close (PT Updated/final),mae,,,,
linecfbp_sportsline,SportsLine,727.0,686,327.0,359.0,18.0,-61.72727272727274,12.778541953232462,0.30261348005502064,0.47667638483965014,-0.08998144712430428,0.43953509146815967,2.0,70.0,14,5,Close (PT Updated/final),mae,,,,
piratings,Pi-Ratings,2629.0,2563,1282.0,1281.0,46.0,-115.54545454545458,12.782658805629517,0.0030391783948269338,0.500195083886071,-0.045082112581137174,0.4808520276321458,4.0,15.0,15,5,Close (PT Updated/final),mae,,,,
linecfbp_jp,JP+,1243.0,1210,605.0,605.0,24.0,-55.00000000000002,12.783105390185035,-0.21094127111826225,0.5,-0.04545454545454547,0.4718721127863374,3.0,38.0,16,5,Close (PT Updated/final),mae,,,,
harville,David Harville,2629.0,2580,1271.0,1309.0,46.0,-153.5454545454546,12.783796120197795,0.09218714340053247,0.49263565891472866,-0.05951374207188163,0.473369666464839,4.0,32.0,17,5,Close (PT Updated/final),mae,,,,
sagarin_predictor,Sagarin Predictor,2629.0,2578,1270.0,1308.0,46.0,-153.4545454545455,12.798836059338152,-0.0848763788512743,0.4926299456943367,-0.0595246491289936,0.47335650855837563,4.0,33.0,18,5,Close (PT Updated/final),mae,,,,
linecfbp_tshoe_index,TShoe Index,1243.0,1198,592.0,606.0,24.0,-67.81818181818183,12.814802896218826,0.008045052292839812,0.4941569282136895,-0.05660950068295645,0.4659095662241675,3.0,50.0,19,5,Close (PT Updated/final),mae,,,,
linecfbp_dratings,DRatings,1749.0,1689,834.0,855.0,33.0,-96.81818181818184,12.841395082904516,0.08324757004002271,0.4937833037300178,-0.057322783788147924,0.4699809921743336,4.0,42.0,20,5,Close (PT Updated/final),mae,,,,
piratings_bias,PI-Rate Bias,2629.0,2569,1275.0,1294.0,46.0,-134.90909090909093,12.847017877519969,-0.052015975656143104,0.49630206305955626,-0.052514243249938086,0.4769879135568126,4.0,20.0,21,5,Close (PT Updated/final),mae,,,,
sagarin_golden_mean,Sagarin Golden Mean,2629.0,2581,1277.0,1304.0,46.0,-143.09090909090912,12.865233929250664,-0.12662609357170027,0.49476946919798526,-0.055440104258391756,0.47550299596434065,4.0,24.0,22,5,Close (PT Updated/final),mae,,,,
linept_pig,Pigskin Index,2617.0,2437,1206.0,1231.0,46.0,-134.63636363636368,12.871597248758121,-0.11656476881925866,0.49487074271645465,-0.055246763904950216,0.4750441218347737,4.0,26.0,23,5,Close (PT Updated/final),mae,,,,
linecfbp_john_harris,John Harris,212.0,204,100.0,104.0,3.0,-13.090909090909093,12.877358490566039,1.0141509433962266,0.49019607843137253,-0.06417112299465241,0.42241467126201937,1.0,76.0,24,5,Close (PT Updated/final),mae,,,,
sagarin_recent,Sagarin Recent,2629.0,2578,1267.0,1311.0,46.0,-159.18181818181822,12.898546976036515,-0.006770635222518137,0.49146625290923196,-0.06174624444601172,0.47219526010737206,4.0,37.0,25,5,Close (PT Updated/final),mae,,,,
linecfbp_cfb_geek,CFB Geek,1233.0,1196,592.0,604.0,27.0,-65.81818181818183,12.9323600973236,0.19772911597729112,0.49498327759197325,-0.055031924597142,0.46670924653656665,3.0,48.0,26,5,Close (PT Updated/final),mae,,,,
massey,Massey Ratings,2629.0,2580,1297.0,1283.0,46.0,-103.90909090909095,12.962502852795739,-0.006557626473944598,0.5027131782945736,-0.04027484143763215,0.4834303986314525,4.0,11.0,27,5,Close (PT Updated/final),mae,,,,
linecfbp_wilson_ratings,Wilson Ratings,1749.0,1699,839.0,860.0,33.0,-97.2727272727273,12.96735277301315,-0.04648370497427108,0.49381989405532667,-0.05725292953074002,0.470087430012216,4.0,41.0,28,5,Close (PT Updated/final),mae,,,,
linept_kam,Edward Kambour,2627.0,2578,1244.0,1334.0,46.0,-203.09090909090912,12.995226494099736,-0.06976018271792915,0.48254460822342904,-0.07877847520981734,0.46329582353963905,4.0,56.0,29,5,Close (PT Updated/final),mae,,,,
linept_laz,Laz Index,2627.0,2577,1280.0,1297.0,46.0,-133.3636363636364,13.008705748001521,0.0840768937952037,0.49670159099728367,-0.05175150809609484,0.4774166884727959,4.0,18.0,30,5,Close (PT Updated/final),mae,,,,
linept_pugh,Pugh Ratings,2623.0,2576,1228.0,1348.0,46.0,-231.63636363636368,13.02787647731605,0.12834159359512012,0.4767080745341615,-0.08992094861660081,0.45746970209140714,4.0,63.0,31,5,Close (PT Updated/final),mae,,,,
linecfbp_room44_bets,Room44 Bets,1747.0,1690,837.0,853.0,33.0,-92.09090909090911,13.136691471093302,-0.01041785918717803,0.4952662721893491,-0.054491662183969884,0.4714668487821638,4.0,39.0,32,5,Close (PT Updated/final),mae,,,,
fei,FEI Projections,2629.0,2560,1268.0,1292.0,46.0,-139.2727272727273,13.237713959680486,-0.03445036135412707,0.4953125,-0.054403409090909106,0.47596629351835956,4.0,22.0,33,5,Close (PT Updated/final),mae,,,,
linecfbp_matt_grissom,Matt Grissom,212.0,209,97.0,112.0,3.0,-23.81818181818182,13.251415094339626,0.9938679245283019,0.46411483253588515,-0.11396259243149197,0.3977603353885958,1.0,77.0,34,5,Close (PT Updated/final),mae,,,,
linept_talis,Talisman Red,2577.0,2531,1273.0,1258.0,45.0,-100.72727272727276,13.267590221187428,0.13520372526193247,0.5029632556301857,-0.0397974210696455,0.48349463123198616,4.0,9.0,35,5,Close (PT Updated/final),mae,,,,
linept_argh,Argh Ratings,2629.0,2491,1226.0,1265.0,46.0,-150.4545454545455,13.315899581589958,0.09166983643971091,0.4921718185467684,-0.06039925550162405,0.4725663808453438,4.0,36.0,36,5,Close (PT Updated/final),mae,,,,
linept_elo,Beck Elo,2629.0,2578,1228.0,1350.0,46.0,-233.63636363636368,13.327672118676302,0.029650057055914728,0.47633824670287045,-0.09062698356724735,0.4571085335223974,4.0,64.0,37,5,Close (PT Updated/final),mae,,,,
keeper,Keeper,2620.0,2566,1295.0,1271.0,46.0,-93.72727272727276,13.331740458015268,0.2079770992366411,0.504676539360873,-0.0365266066746971,0.485338920853051,4.0,7.0,38,5,Close (PT Updated/final),mae,,,,
linept_born,Born Power Index,2629.0,2583,1244.0,1339.0,46.0,-208.09090909090912,13.34213389121339,0.11868010650437429,0.4816105303910182,-0.08056171470805619,0.4623830085104108,4.0,58.0,39,5,Close (PT Updated/final),mae,,,,
congrove,Congrove Computer Rankings,2628.0,2579,1305.0,1274.0,46.0,-87.63636363636367,13.373580669710808,0.41390030441400305,0.5060100814269096,-0.03398075363953613,0.4867197725328284,4.0,5.0,40,5,Close (PT Updated/final),mae,,,,
linept_dunk,Dunkel Index,2295.0,2253,1113.0,1140.0,42.0,-128.18181818181822,13.408065359477124,-0.10669716775599124,0.4940079893475366,-0.0568938385183392,0.473391171203148,4.0,31.0,41,5,Close (PT Updated/final),mae,,,,
linept_round,lineround,1721.0,1646,838.0,808.0,35.0,-46.18181818181821,13.415456130156885,0.4009296920395119,0.5091130012150669,-0.02805699768032698,0.48496913291078375,4.0,8.0,42,5,Close (PT Updated/final),mae,,,,
moore_ratings,Moore Power Ratings,2626.0,2580,1249.0,1331.0,46.0,-195.5454545454546,13.421557501904037,0.04021706016755535,0.48410852713178293,-0.07579281183932349,0.46486284941531547,4.0,53.0,43,5,Close (PT Updated/final),mae,,,,
linept_how,Howell,2627.0,2493,1211.0,1282.0,46.0,-181.09090909090912,13.499242481918536,-0.1650057099352874,0.48576012835940635,-0.07263975495022428,0.4661779469375331,4.0,49.0,44,5,Close (PT Updated/final),mae,,,,
linept_payne,linepayne,2625.0,2577,1239.0,1338.0,46.0,-211.63636363636368,13.51344761904762,0.364632380952381,0.4807916181606519,-0.0821250926023918,0.461544196526771,4.0,61.0,45,5,Close (PT Updated/final),mae,,,,
linecfbp_beta_rank,Beta_Rank,1749.0,1706,798.0,908.0,33.0,-182.54545454545456,13.583076043453401,0.48153230417381354,0.46776084407971863,-0.10700202493871896,0.44418292625359956,4.0,67.0,46,5,Close (PT Updated/final),mae,,,,
linept_curry,Daniel Curry Index,2626.0,2579,1243.0,1336.0,46.0,-206.00000000000003,13.596881188118813,0.05944782939832441,0.48196975571927103,-0.07987592089957349,0.46272633365709914,4.0,57.0,47,5,Close (PT Updated/final),mae,,,,
linept_wayward,Waywardtrends,295.0,291,143.0,148.0,4.0,-18.000000000000004,13.610542372881355,0.6601016949152541,0.49140893470790376,-0.06185567010309279,0.43445708659433935,1.0,73.0,48,5,Close (PT Updated/final),mae,,,,
linept_dwig,DP Dwiggins,2623.0,2494,1232.0,1262.0,45.0,-142.00000000000003,13.618852459016393,0.11885245901639344,0.49398556535685645,-0.056936647955092234,0.47438812482407117,4.0,27.0,49,5,Close (PT Updated/final),mae,,,,
linecfbp_cfb_victory,CFB Victory,212.0,202,112.0,90.0,3.0,11.818181818181815,13.683490566037737,0.0551886792452831,0.5544554455445545,0.058505850585058486,0.48553302133434256,1.0,6.0,50,5,Close (PT Updated/final),mae,,,,
linept_paynep,linepaynep,2625.0,2578,1218.0,1360.0,46.0,-252.72727272727275,13.68878857142857,0.47702476190476195,0.4724592707525213,-0.0980323012906411,0.4532429888019693,4.0,65.0,51,5,Close (PT Updated/final),mae,,,,
linept_big200,Big 200,295.0,291,148.0,143.0,4.0,-8.454545454545459,13.743389830508475,0.5367457627118645,0.5085910652920962,-0.02905342080599814,0.4514153529792602,1.0,66.0,52,5,Close (PT Updated/final),mae,,,,
linept_bill,Billingsley,2628.0,2581,1249.0,1332.0,46.0,-196.5454545454546,13.770570776255706,0.09458143074581432,0.48392096086788067,-0.07615089288859148,0.4646795114417955,4.0,54.0,53,5,Close (PT Updated/final),mae,,,,
linept_rwp,Laffaye RWP,2507.0,2456,1189.0,1267.0,46.0,-186.09090909090912,13.859046669325886,0.2825329078579977,0.48412052117263843,-0.07576991412496299,0.4643962906818012,4.0,55.0,54,5,Close (PT Updated/final),mae,,,,
linept_kerns,Stephen Kerns,2629.0,2572,1269.0,1303.0,46.0,-149.3636363636364,13.883259794598706,0.49517306960821605,0.49339035769828926,-0.058072953485084136,0.47409295525326217,4.0,28.0,55,5,Close (PT Updated/final),mae,,,,
linept_pfz,PerformanZ Ratings,2629.0,2581,1250.0,1331.0,46.0,-194.63636363636368,14.076968429060482,0.22368581209585403,0.4843084075939558,-0.07541122186608434,0.46506590829485284,4.0,52.0,56,5,Close (PT Updated/final),mae,,,,
linept_paynewl,linepaynewl,2625.0,2575,1234.0,1341.0,46.0,-219.18181818181822,14.169356190476192,0.26771047619047617,0.4792233009708738,-0.08511915269196824,0.45997318305920415,4.0,62.0,57,5,Close (PT Updated/final),mae,,,,
linept_clean,Cleanup Hitter,2590.0,2475,1204.0,1271.0,46.0,-176.4545454545455,14.189571428571428,-0.003872586872586862,0.4864646464646465,-0.0712947658402204,0.46680971444287866,4.0,47.0,58,5,Close (PT Updated/final),mae,,,,
linept_loud,Loudsound.org,2552.0,2447,1216.0,1231.0,46.0,-125.54545454545458,14.5282131661442,0.08542319749216301,0.49693502247650184,-0.05130586618122377,0.4771449708783155,4.0,19.0,59,5,Close (PT Updated/final),mae,,,,
linecfbp_trent_sorensen,Trent Sorensen,212.0,208,106.0,102.0,3.0,-5.63636363636364,15.19245283018868,0.3764150943396226,0.5096153846153846,-0.027097902097902117,0.44212262773952915,1.0,68.0,60,5,Close (PT Updated/final),mae,,,,
linept_big200,,,295,,,,,,,,,,,,1,5,Close (PT Updated/final),incremental,0.04509243192975348,0.11204144996356115,0.041697029683080596,13.743389830508475
linecfbp_john_harris,,,212,,,,,,,,,,,,2,5,Close (PT Updated/final),incremental,0.044242437138657,0.24855781670953886,0.03979754910753282,12.877358490566039
linecfbp_cbcr2_power,,,727,,,,,,,,,,,,3,5,Close (PT Updated/final),incremental,0.03674973487118095,0.09484118911608012,0.03554765088302522,12.67840440165062
linecfbp_cfb_graphs,,,1242,,,,,,,,,,,,4,5,Close (PT Updated/final),incremental,0.03250728568069455,0.10000710495635297,0.031872068418935064,12.702093397745571
linecfbp_cfb_victory,,,212,,,,,,,,,,,,5,5,Close (PT Updated/final),incremental,0.031138504076357116,0.07402783968010557,0.028010123882419347,13.683490566037737
linecfbp_jp,,,1243,,,,,,,,,,,,6,5,Close (PT Updated/final),incremental,0.024554475484453775,0.0677243494228673,0.024075037005793068,12.783105390185037
piratings,,,2629,,,,,,,,,,,,7,5,Close (PT Updated/final),incremental,0.017659075606388422,0.059328227648886483,0.017493507769179635,12.782658805629517
piratings_mean,,,2629,,,,,,,,,,,,8,5,Close (PT Updated/final),incremental,0.010002078363779721,0.03829794648510441,0.009908300947611645,12.70594903004945
massey,,,2629,,,,,,,,,,,,9,5,Close (PT Updated/final),incremental,0.00970841187176177,0.028709636904273698,0.009617387811829765,12.962502852795739
piratings_bias,,,2629,,,,,,,,,,,,10,5,Close (PT Updated/final),incremental,0.009191583550381612,0.030700136268496544,0.009105405165800145,12.847017877519969
dokter_entropy,,,2628,,,,,,,,,,,,11,5,Close (PT Updated/final),incremental,0.00902829129603622,0.039650160094773707,0.008943612147756342,12.627671232876715
linept_round,,,1721,,,,,,,,,,,,12,5,Close (PT Updated/final),incremental,0.00899028277275843,0.019657151327770954,0.008862464456921038,13.415456130156885
linecfbp_sp,,,1749,,,,,,,,,,,,13,5,Close (PT Updated/final),incremental,0.005484672977861218,0.02068116351737564,0.005407917542523209,12.661806746712408
linept_laz,,,2627,,,,,,,,,,,,14,5,Close (PT Updated/final),incremental,0.005398130725575779,0.014522644020034331,0.005347480978014404,13.008705748001521
linecfbp_sportsline,,,727,,,,,,,,,,,,15,5,Close (PT Updated/final),incremental,0.005013828596031387,0.017091164385926547,0.004849826240755266,12.778541953232462
congrove,,,2628,,,,,,,,,,,,16,5,Close (PT Updated/final),incremental,0.0014139830873119083,0.0027331444292108746,0.0014007209007486222,13.373580669710805
espn_fpi,,,2629,,,,,,,,,,,,17,5,Close (PT Updated/final),incremental,0.0008913918797870708,0.004209510998993015,0.0008830343740528279,12.644385697984022
sagarin_golden_mean,,,2629,,,,,,,,,,,,18,5,Close (PT Updated/final),incremental,-0.002271133014982868,-0.006405114185699975,-0.002249839341990826,12.865233929250664
linept_loud,,,2552,,,,,,,,,,,,19,5,Close (PT Updated/final),incremental,-0.0028288408890076717,-0.004398818216048116,-0.002801529563184686,14.5282131661442
linept_donchess,,,2629,,,,,,,,,,,,20,5,Close (PT Updated/final),incremental,-0.0029353523942191695,-0.010592245767126593,-0.0029078311378301497,12.765926207683528
sagarin,,,2629,,,,,,,,,,,,21,5,Close (PT Updated/final),incremental,-0.0034882073646928346,-0.012628272110606811,-0.0034555026545493987,12.734986686953214
linecfbp_room44_bets,,,1747,,,,,,,,,,,,22,5,Close (PT Updated/final),incremental,-0.004385341618067759,-0.0107368875398606,-0.004323902022498766,13.136691471093302
linept_talis,,,2577,,,,,,,,,,,,23,5,Close (PT Updated/final),incremental,-0.004568340296773059,-0.01159381831929322,-0.004524656559658275,13.267590221187428
sagarin_predictor,,,2629,,,,,,,,,,,,24,5,Close (PT Updated/final),incremental,-0.0056759812695071,-0.019949792109957943,-0.0056227644441320555,12.798836059338152
linept_pig,,,2617,,,,,,,,,,,,25,5,Close (PT Updated/final),incremental,-0.005692528218526238,-0.01888177901077195,-0.005638914966966678,12.871597248758121
keeper,,,2620,,,,,,,,,,,,26,5,Close (PT Updated/final),incremental,-0.00650193850149059,-0.015995983038788623,-0.006440771210428449,13.331740458015268
sagarin_recent,,,2629,,,,,,,,,,,,27,5,Close (PT Updated/final),incremental,-0.008585759222511962,-0.02632190292565746,-0.008505260921414454,12.898546976036515
fei,,,2629,,,,,,,,,,,,28,5,Close (PT Updated/final),incremental,-0.009126294676893399,-0.022884067868741326,-0.009040728427274044,13.237713959680486
linept_clean,,,2590,,,,,,,,,,,,29,5,Close (PT Updated/final),incremental,-0.009224144407896316,-0.01598355550745367,-0.00913637700369251,14.18957142857143
linept_paynewl,,,2625,,,,,,,,,,,,30,5,Close (PT Updated/final),incremental,-0.00971004136000002,-0.017477474258790655,-0.009618865243541847,14.16935619047619
linept_kam,,,2627,,,,,,,,,,,,31,5,Close (PT Updated/final),incremental,-0.009896179117296755,-0.03034929887269423,-0.009803324942473159,12.995226494099732
linept_dunk,,,2295,,,,,,,,,,,,32,5,Close (PT Updated/final),incremental,-0.010182275218272498,-0.023890915082107844,-0.01007313728428923,13.408065359477124
linept_dwig,,,2623,,,,,,,,,,,,33,5,Close (PT Updated/final),incremental,-0.011215675157697683,-0.024197265077364857,-0.011110282149622163,13.618852459016393
linecfbp_power_rank_free,,,1243,,,,,,,,,,,,34,5,Close (PT Updated/final),incremental,-0.012047051212557926,-0.03761418071848643,-0.011811826480946239,12.637650844730489
linept_pugh,,,2623,,,,,,,,,,,,35,5,Close (PT Updated/final),incremental,-0.013283737655722392,-0.040432108338262565,-0.013158911191836998,13.027876477316049
linecfbp_professor_sides,,,1747,,,,,,,,,,,,36,5,Close (PT Updated/final),incremental,-0.01394117753316741,-0.05311425054075035,-0.013745858585639042,12.690269032627363
linept_argh,,,2629,,,,,,,,,,,,37,5,Close (PT Updated/final),incremental,-0.01398409971378144,-0.034244700876464446,-0.013852987689770103,13.315899581589958
linecfbp_matt_grissom,,,212,,,,,,,,,,,,38,5,Close (PT Updated/final),incremental,-0.016749650765974414,-0.07130991535469228,-0.015066870000939696,13.251415094339624
harville,,,2629,,,,,,,,,,,,39,5,Close (PT Updated/final),incremental,-0.0158323459858863,-0.05911913056382406,-0.01568390518744065,12.783796120197795
linecfbp_tshoe_index,,,1243,,,,,,,,,,,,40,5,Close (PT Updated/final),incremental,-0.01672344878792613,-0.050337930545115886,-0.01639691504258427,12.814802896218826
linept_bill,,,2628,,,,,,,,,,,,41,5,Close (PT Updated/final),incremental,-0.016759613672309336,-0.03401506717086707,-0.016602420050090473,13.770570776255706
linecfbp_trent_sorensen,,,212,,,,,,,,,,,,42,5,Close (PT Updated/final),incremental,-0.01850809231680106,-0.021969600204368375,-0.016648646876215017,15.19245283018868
linept_curry,,,2626,,,,,,,,,,,,43,5,Close (PT Updated/final),incremental,-0.017643243112554694,-0.03934152843385879,-0.017477637391197134,13.596881188118811
linept_kerns,,,2629,,,,,,,,,,,,44,5,Close (PT Updated/final),incremental,-0.019276692159813924,-0.0381145790056101,-0.01909595788466957,13.883259794598706
linept_rwp,,,2507,,,,,,,,,,,,45,5,Close (PT Updated/final),incremental,-0.019369908375218466,-0.03895380798662389,-0.019179592221122324,13.859046669325886
linecfbp_wilson_ratings,,,1749,,,,,,,,,,,,46,5,Close (PT Updated/final),incremental,-0.01997821832068321,-0.058443062923845025,-0.01969863249110476,12.96735277301315
linept_how,,,2627,,,,,,,,,,,,47,5,Close (PT Updated/final),incremental,-0.0200284962978627,-0.04487795203238705,-0.019840572304708107,13.499242481918536
linecfbp_dratings,,,1749,,,,,,,,,,,,48,5,Close (PT Updated/final),incremental,-0.021519499389577743,-0.07557345568662445,-0.02121834405168061,12.841395082904517
linept_payne,,,2625,,,,,,,,,,,,49,5,Close (PT Updated/final),incremental,-0.022525737734062086,-0.05281258544553615,-0.022314223775387547,13.51344761904762
teamrankings,,,2629,,,,,,,,,,,,50,5,Close (PT Updated/final),incremental,-0.022863875940425046,-0.09685116145515914,-0.022649508972751115,12.680863446177256
linecfbp_power_rank,,,1747,,,,,,,,,,,,51,5,Close (PT Updated/final),incremental,-0.026865484304583277,-0.12781094519187516,-0.026489092991387016,12.590383514596452
linept_born,,,2629,,,,,,,,,,,,52,5,Close (PT Updated/final),incremental,-0.027030361361893438,-0.07022810300049459,-0.02677693028942883,13.34213389121339
linecfbp_kford,,,727,,,,,,,,,,,,53,5,Close (PT Updated/final),incremental,-0.02784266799849869,-0.11378113056728202,-0.026931934206653633,12.26850068775791
linept_wayward,,,295,,,,,,,,,,,,54,5,Close (PT Updated/final),incremental,-0.029990301517173926,-0.06950058358784592,-0.027732070306481137,13.610542372881357
linecfbp_cfb_geek,,,1233,,,,,,,,,,,,55,5,Close (PT Updated/final),incremental,-0.028303538131077804,-0.08950699734822895,-0.027746546677885477,12.9323600973236
linecfbp_beta_rank,,,1749,,,,,,,,,,,,56,5,Close (PT Updated/final),incremental,-0.028985768237320363,-0.0695473344814912,-0.028580125955885792,13.583076043453403
linept_elo,,,2629,,,,,,,,,,,,57,5,Close (PT Updated/final),incremental,-0.044253043424181855,-0.11662603811094273,-0.04383813605003835,13.327672118676304
linept_pfz,,,2629,,,,,,,,,,,,58,5,Close (PT Updated/final),incremental,-0.04445841758032165,-0.08679862733470665,-0.04404158466060551,14.076968429060479
moore_ratings,,,2626,,,,,,,,,,,,59,5,Close (PT Updated/final),incremental,-0.05147281129433368,-0.13521446806090565,-0.050989669278417464,13.421557501904037
linept_paynep,,,2625,,,,,,,,,,,,60,5,Close (PT Updated/final),incremental,-0.054159672288123205,-0.12536503414568875,-0.05365111950190949,13.688788571428569
espn_fpi,ESPN FPI,2947.0,2879,1482.0,1397.0,63.0,-49.72727272727277,12.560481845945029,-0.012629793009840524,0.5147620701632512,-0.017272411506520587,0.4964984606512394,4.0,3.0,1,6,Open,wilson,,,,
linept_laz,Laz Index,2945.0,2881,1477.0,1404.0,63.0,-61.272727272727316,12.9409779286927,0.07746689303904927,0.5126692120791392,-0.02126786784891611,0.49441263528245244,4.0,4.0,2,6,Open,wilson,,,,
congrove,Congrove Computer Rankings,2946.0,2878,1475.0,1403.0,63.0,-62.090909090909136,13.282718940936864,0.3990936863543788,0.5125086865879083,-0.02157432560490241,0.494242667479521,4.0,5.0,3,6,Open,wilson,,,,
linecfbp_jp,JP+,1453.0,1410,732.0,678.0,27.0,-12.545454545454566,12.753269098417068,-0.3101858224363385,0.5191489361702127,-0.00889748549323019,0.493053376191616,3.0,6.0,4,6,Open,wilson,,,,
linecfbp_room44_bets,Room44 Bets,1957.0,1873,965.0,908.0,45.0,-30.72727272727276,13.038937148696986,-0.1295861011752683,0.5152162306460224,-0.01640537785759357,0.49257493296772337,4.0,8.0,5,6,Open,wilson,,,,
keeper,Keeper,2938.0,2872,1467.0,1405.0,63.0,-71.3636363636364,13.296997957794419,0.17097345132743363,0.5107938718662952,-0.024848062800709055,0.4925096223501658,4.0,9.0,6,6,Open,wilson,,,,
linecfbp_professor_sides,Professor Sides,1957.0,1894,973.0,921.0,45.0,-36.45454545454548,12.695247828308634,0.01471640265712819,0.513727560718057,-0.019247384083709334,0.4912131266592765,4.0,10.0,7,6,Open,wilson,,,,
massey,Massey Ratings,2947.0,2879,1463.0,1416.0,63.0,-86.00000000000004,12.937074991516797,0.042863929419748856,0.5081625564432094,-0.029871483153872887,0.4899022240345869,4.0,11.0,8,6,Open,wilson,,,,
dokter_entropy,Dokter Entropy,2946.0,2881,1462.0,1419.0,63.0,-89.90909090909095,12.546303462321793,-0.054490835030549925,0.5074626865671642,-0.03120759837177749,0.4892092221572131,4.0,12.0,9,6,Open,wilson,,,,
harville,David Harville,2947.0,2881,1462.0,1419.0,63.0,-89.90909090909095,12.719979640312182,0.11188327112317609,0.5074626865671642,-0.03120759837177749,0.4892092221572131,4.0,13.0,10,6,Open,wilson,,,,
linept_kerns,Stephen Kerns,2947.0,2867,1455.0,1412.0,63.0,-89.27272727272731,13.744991516796741,0.4784899898201561,0.5074991280083712,-0.03113802834765515,0.48920115701745925,4.0,14.0,11,6,Open,wilson,,,,
linecfbp_sp,SP+,1959.0,1893,968.0,925.0,45.0,-45.00000000000003,12.650025523226137,0.016947422154160223,0.5113576333861596,-0.023771790808240902,0.4888393867987307,4.0,15.0,12,6,Open,wilson,,,,
sagarin_predictor,Sagarin Predictor,2947.0,2879,1457.0,1422.0,63.0,-97.4545454545455,12.71687818120122,-0.06492704445198523,0.5060784994789858,-0.03385013735829993,0.48781986205882194,4.0,16.0,13,6,Open,wilson,,,,
linept_bihl,Bihl System,1563.0,1531,782.0,749.0,32.0,-38.09090909090911,13.206391554702495,0.08889955214331406,0.5107772697583279,-0.02487975773410131,0.48574190922811494,4.0,17.0,14,6,Open,wilson,,,,
linept_donchess,Donchess Inference,2947.0,2805,1413.0,1392.0,63.0,-107.4545454545455,12.716328469630133,0.042429589412962265,0.5037433155080214,-0.038308215848322814,0.4852479654423924,4.0,19.0,15,6,Open,wilson,,,,
linecfbp_tshoe_index,TShoe Index,1453.0,1399,714.0,685.0,27.0,-35.90909090909093,12.783413626978664,-0.20199587061252589,0.5103645461043602,-0.025667684709857704,0.4841771891487669,3.0,20.0,16,6,Open,wilson,,,,
linept_big200,Big 200,613.0,601,315.0,286.0,12.0,0.36363636363635676,13.737716150081566,0.180489396411093,0.5241264559068219,0.0006050521857510095,0.48417219035915404,1.0,21.0,17,6,Open,wilson,,,,
linept_loud,Loudsound.org,2870.0,2713,1363.0,1350.0,62.0,-110.90909090909095,14.39198606271777,0.06376306620209059,0.5023958717287136,-0.040880608517910415,0.4835914832761859,4.0,22.0,18,6,Open,wilson,,,,
linept_pugh,Pugh Ratings,2941.0,2877,1443.0,1434.0,63.0,-122.18181818181822,13.032414144848692,0.10835430125807544,0.5015641293013556,-0.04246848042468482,0.4833039136556568,4.0,23.0,19,6,Open,wilson,,,,
linept_dunk,Dunkel Index,2613.0,2558,1283.0,1275.0,54.0,-108.63636363636367,13.371308840413317,-0.02098354381936473,0.5015637216575449,-0.04246925865377782,0.4821998390079263,4.0,24.0,20,6,Open,wilson,,,,
teamrankings,TeamRankings.com,2947.0,2849,1426.0,1423.0,63.0,-126.63636363636367,12.62072955548015,0.04434679334916866,0.5005265005265005,-0.04444940808577173,0.4821782011693373,4.0,25.0,21,6,Open,wilson,,,,
linept_argh,Argh Ratings,2947.0,2746,1374.0,1372.0,63.0,-122.90909090909095,13.273837801153716,0.09144893111638955,0.5003641660597232,-0.04475931934052839,0.48167560021981903,4.0,26.0,22,6,Open,wilson,,,,
linept_elo,Beck Elo,2947.0,2882,1439.0,1443.0,63.0,-134.81818181818187,13.282738378011535,0.03169664065150996,0.4993060374739764,-0.046779383004226884,0.4810645835308594,4.0,27.0,23,6,Open,wilson,,,,
linecfbp_power_rank,Power Rank,1957.0,1895,953.0,942.0,45.0,-75.63636363636365,12.552376085845681,0.040981093510475256,0.5029023746701847,-0.039913648356920135,0.4804076948083983,4.0,29.0,24,6,Open,wilson,,,,
linept_how,Howell,2945.0,2786,1389.0,1397.0,63.0,-134.2727272727273,13.471830220713072,-0.10916129032258064,0.4985642498205312,-0.04819552306989494,0.4800126970014826,4.0,30.0,25,6,Open,wilson,,,,
piratings_bias,PI-Rate Bias,2947.0,2857,1423.0,1434.0,63.0,-140.3636363636364,12.789144893111638,-0.030115371564302718,0.49807490374518726,-0.04912972921373343,0.47975569516017097,4.0,31.0,26,6,Open,wilson,,,,
piratings_mean,Pi-Ratings Mean,2947.0,2855,1422.0,1433.0,63.0,-140.2727272727273,12.655829657278588,0.0071021377672209245,0.4980735551663748,-0.04913230377328452,0.47974794269472937,4.0,32.0,27,6,Open,wilson,,,,
linept_rwp,Laffaye RWP,2819.0,2757,1374.0,1383.0,59.0,-133.90909090909093,13.787506207875134,0.22447676481021636,0.49836779107725787,-0.04857058067068949,0.4797193658356483,4.0,33.0,28,6,Open,wilson,,,,
linecfbp_cfb_geek,CFB Geek,1443.0,1390,703.0,687.0,36.0,-47.90909090909093,12.843173943173944,0.10429660429660431,0.5057553956834533,-0.03446697187704383,0.47949234990854217,3.0,34.0,29,6,Open,wilson,,,,
piratings,Pi-Ratings,2947.0,2863,1425.0,1438.0,63.0,-142.5454545454546,12.727387173396675,0.03616898540889041,0.49772965420887183,-0.0497888419648811,0.47943013863012907,4.0,35.0,30,6,Open,wilson,,,,
linept_pfz,PerformanZ Ratings,2947.0,2884,1433.0,1451.0,63.0,-148.2727272727273,13.981028164234814,0.20586698337292172,0.49687933425797504,-0.051412180052956766,0.4786477629491719,4.0,36.0,31,6,Open,wilson,,,,
linecfbp_dratings,DRatings,1959.0,1874,939.0,935.0,45.0,-81.36363636363639,12.836600306278713,-0.056202143950995584,0.5010672358591248,-0.04341709517803436,0.47845051845701564,4.0,37.0,32,6,Open,wilson,,,,
linept_dwig,DP Dwiggins,2941.0,2765,1373.0,1392.0,63.0,-143.81818181818184,13.590020401224074,0.14272356341380482,0.49656419529837253,-0.052013808975834304,0.4779455689565288,4.0,38.0,33,6,Open,wilson,,,,
linept_pig,Pigskin Index,2920.0,2685,1333.0,1352.0,63.0,-140.18181818181822,12.819859589041098,-0.10070890410958903,0.49646182495344504,-0.052209243270695795,0.47756849713878585,4.0,39.0,34,6,Open,wilson,,,,
linept_log,Logistic Regression,1371.0,1343,677.0,666.0,28.0,-50.54545454545457,15.367242888402627,0.4046462436177972,0.5040953090096798,-0.03763622825424763,0.4773815337518677,4.0,40.0,35,6,Open,wilson,,,,
linecfbp_wilson_ratings,Wilson Ratings,1959.0,1894,945.0,949.0,45.0,-89.90909090909093,12.949719244512506,-0.13767228177641652,0.4989440337909187,-0.04747048094460979,0.47645111077531116,4.0,42.0,36,6,Open,wilson,,,,
fei,FEI Projections,2947.0,2859,1414.0,1445.0,63.0,-159.5454545454546,13.172022395656601,-0.03813030200203601,0.49457852395942636,-0.05580463607745876,0.4762713458009349,4.0,43.0,37,6,Open,wilson,,,,
sagarin_golden_mean,Sagarin Golden Mean,2947.0,2880,1418.0,1462.0,63.0,-172.90909090909093,12.811174075330845,-0.09710553104852394,0.49236111111111114,-0.0600378787878788,0.4741246937189937,4.0,46.0,38,6,Open,wilson,,,,
linecfbp_power_rank_free,Power Rank: Free,1453.0,1413,706.0,707.0,27.0,-65.1818181818182,12.676324845147967,-0.4064005505849966,0.4996461429582449,-0.046130090716077994,0.47361211575407436,3.0,47.0,39,6,Open,wilson,,,,
sagarin_recent,Sagarin Recent,2947.0,2880,1415.0,1465.0,63.0,-178.63636363636368,12.836979979640313,0.01996606718696985,0.4913194444444444,-0.062026515151515166,0.47308503430971255,4.0,49.0,40,6,Open,wilson,,,,
linecfbp_cbcr2_power,CBCR2: Power,937.0,910,460.0,450.0,18.0,-31.818181818181834,12.81120597652081,0.2726787620064033,0.5054945054945055,-0.03496503496503498,0.47305562284037483,2.0,50.0,41,6,Open,wilson,,,,
linept_payne,linepayne,2938.0,2870,1410.0,1460.0,63.0,-178.18181818181822,13.704894486044926,0.441279782164738,0.4912891986062718,-0.062084257206208436,0.4730231709805613,4.0,51.0,42,6,Open,wilson,,,,
sagarin,Sagarin Ratings,2947.0,2881,1413.0,1468.0,63.0,-183.4545454545455,12.66915846623685,-0.06774686121479466,0.4904547032280458,-0.063677384746458,0.472225177691748,4.0,52.0,43,6,Open,wilson,,,,
linept_born,Born Power Index,2946.0,2883,1413.0,1470.0,63.0,-185.4545454545455,13.262362525458247,0.18695179904955872,0.49011446409989595,-0.06432693217292594,0.4718919435917795,4.0,54.0,44,6,Open,wilson,,,,
linecfbp_john_harris,John Harris,422.0,410,213.0,197.0,10.0,-3.3636363636363678,12.573222748815166,0.08033175355450245,0.5195121951219512,-0.008203991130820409,0.4711947166798239,1.0,55.0,45,6,Open,wilson,,,,
linept_clean,Cleanup Hitter,2908.0,2774,1357.0,1417.0,63.0,-183.3636363636364,14.051237964236588,-0.00036451169188444766,0.4891852919971161,-0.06610080618732386,0.47061095358579796,4.0,57.0,46,6,Open,wilson,,,,
linept_talis,Talisman Red,2895.0,2831,1382.0,1449.0,62.0,-192.63636363636368,13.221778929188257,0.14278756476683943,0.4881667255386789,-0.06804534215343118,0.4697821509834423,4.0,60.0,47,6,Open,wilson,,,,
linecfbp_beta_rank,Beta_Rank,1959.0,1904,937.0,967.0,45.0,-115.18181818181822,13.563603879530373,0.32603369065849924,0.49212184873949577,-0.06049465240641713,0.46970441236883165,4.0,61.0,48,6,Open,wilson,,,,
linecfbp_kford,KFord,937.0,909,456.0,453.0,18.0,-38.45454545454547,12.261152614727855,-0.08292422625400216,0.5016501650165016,-0.04230423042304232,0.4692079100588311,2.0,62.0,49,6,Open,wilson,,,,
linept_paynewl,linepaynewl,2938.0,2871,1399.0,1472.0,63.0,-200.18181818181822,14.334227365554801,0.358284547311096,0.4872866597004528,-0.06972546784459012,0.4690322866685811,4.0,63.0,50,6,Open,wilson,,,,
linept_bill,Billingsley,2946.0,2881,1403.0,1478.0,63.0,-202.5454545454546,13.74467413441955,0.17155804480651723,0.4869836862200625,-0.07030387176169892,0.468761637314673,4.0,64.0,51,6,Open,wilson,,,,
moore_ratings,Moore Power Ratings,2944.0,2879,1397.0,1482.0,63.0,-212.00000000000003,13.348926630434782,0.05196331521739131,0.48523792983674885,-0.07363667940257035,0.4670136619850055,4.0,65.0,52,6,Open,wilson,,,,
linecfbp_trent_sorensen,Trent Sorensen,422.0,408,210.0,198.0,10.0,-7.090909090909096,14.27962085308057,-0.3748815165876777,0.5147058823529411,-0.01737967914438504,0.4662998695943986,1.0,66.0,53,6,Open,wilson,,,,
linecfbp_cfb_graphs,CFB Graphs,1452.0,1412,695.0,717.0,27.0,-85.1818181818182,12.831818181818182,-0.057438016528925676,0.4922096317280453,-0.06032706670100439,0.4661897357245825,3.0,68.0,54,6,Open,wilson,,,,
linept_curry,Daniel Curry Index,2944.0,2878,1394.0,1484.0,63.0,-216.72727272727275,13.598209918478263,0.09143682065217391,0.48436414176511466,-0.07530482026659929,0.4661388493444394,4.0,69.0,55,6,Open,wilson,,,,
linept_kam,Edward Kambour,2945.0,2881,1373.0,1508.0,63.0,-259.81818181818187,12.95425466893039,-0.029677419354838662,0.4765706351961125,-0.09018333280742169,0.4583762925846476,4.0,70.0,56,6,Open,wilson,,,,
linept_paynep,linepaynep,2938.0,2872,1360.0,1512.0,63.0,-275.6363636363637,13.816102791014295,0.5351157249829817,0.4735376044568245,-0.09597366421878958,0.4553244446189982,4.0,71.0,57,6,Open,wilson,,,,
linecfbp_cfb_victory,CFB Victory,422.0,405,202.0,203.0,10.0,-19.36363636363637,13.793601895734596,-0.6357819905213269,0.49876543209876545,-0.047811447811447826,0.4503107930860454,1.0,72.0,58,6,Open,wilson,,,,
linecfbp_sportsline,SportsLine,937.0,885,425.0,460.0,18.0,-73.63636363636365,12.783351120597652,0.13660618996798293,0.480225988700565,-0.0832049306625578,0.44746658153710456,2.0,73.0,59,6,Open,wilson,,,,
linept_wayward,Waywardtrends,613.0,601,292.0,309.0,12.0,-43.545454545454554,13.039494290375204,0.2888254486133769,0.4858569051580699,-0.07245499924368479,0.44611541846294256,1.0,74.0,60,6,Open,wilson,,,,
linecfbp_matt_grissom,Matt Grissom,422.0,412,202.0,210.0,10.0,-26.36363636363637,12.838388625592417,0.13886255924170632,0.49029126213592233,-0.06398940864960284,0.4423331977480926,1.0,76.0,61,6,Open,wilson,,,,
linecfbp_kford,KFord,937.0,909,456.0,453.0,18.0,-38.45454545454547,12.261152614727855,-0.08292422625400216,0.5016501650165016,-0.04230423042304232,0.4692079100588311,2.0,62.0,1,6,Open,mae,,,,
dokter_entropy,Dokter Entropy,2946.0,2881,1462.0,1419.0,63.0,-89.90909090909095,12.546303462321793,-0.054490835030549925,0.5074626865671642,-0.03120759837177749,0.4892092221572131,4.0,12.0,2,6,Open,mae,,,,
linecfbp_power_rank,Power Rank,1957.0,1895,953.0,942.0,45.0,-75.63636363636365,12.552376085845681,0.040981093510475256,0.5029023746701847,-0.039913648356920135,0.4804076948083983,4.0,29.0,3,6,Open,mae,,,,
espn_fpi,ESPN FPI,2947.0,2879,1482.0,1397.0,63.0,-49.72727272727277,12.560481845945029,-0.012629793009840524,0.5147620701632512,-0.017272411506520587,0.4964984606512394,4.0,3.0,4,6,Open,mae,,,,
linecfbp_john_harris,John Harris,422.0,410,213.0,197.0,10.0,-3.3636363636363678,12.573222748815166,0.08033175355450245,0.5195121951219512,-0.008203991130820409,0.4711947166798239,1.0,55.0,5,6,Open,mae,,,,
teamrankings,TeamRankings.com,2947.0,2849,1426.0,1423.0,63.0,-126.63636363636367,12.62072955548015,0.04434679334916866,0.5005265005265005,-0.04444940808577173,0.4821782011693373,4.0,25.0,6,6,Open,mae,,,,
linecfbp_sp,SP+,1959.0,1893,968.0,925.0,45.0,-45.00000000000003,12.650025523226137,0.016947422154160223,0.5113576333861596,-0.023771790808240902,0.4888393867987307,4.0,15.0,7,6,Open,mae,,,,
piratings_mean,Pi-Ratings Mean,2947.0,2855,1422.0,1433.0,63.0,-140.2727272727273,12.655829657278588,0.0071021377672209245,0.4980735551663748,-0.04913230377328452,0.47974794269472937,4.0,32.0,8,6,Open,mae,,,,
sagarin,Sagarin Ratings,2947.0,2881,1413.0,1468.0,63.0,-183.4545454545455,12.66915846623685,-0.06774686121479466,0.4904547032280458,-0.063677384746458,0.472225177691748,4.0,52.0,9,6,Open,mae,,,,
linecfbp_power_rank_free,Power Rank: Free,1453.0,1413,706.0,707.0,27.0,-65.1818181818182,12.676324845147967,-0.4064005505849966,0.4996461429582449,-0.046130090716077994,0.47361211575407436,3.0,47.0,10,6,Open,mae,,,,
linecfbp_professor_sides,Professor Sides,1957.0,1894,973.0,921.0,45.0,-36.45454545454548,12.695247828308634,0.01471640265712819,0.513727560718057,-0.019247384083709334,0.4912131266592765,4.0,10.0,11,6,Open,mae,,,,
linept_donchess,Donchess Inference,2947.0,2805,1413.0,1392.0,63.0,-107.4545454545455,12.716328469630133,0.042429589412962265,0.5037433155080214,-0.038308215848322814,0.4852479654423924,4.0,19.0,12,6,Open,mae,,,,
sagarin_predictor,Sagarin Predictor,2947.0,2879,1457.0,1422.0,63.0,-97.4545454545455,12.71687818120122,-0.06492704445198523,0.5060784994789858,-0.03385013735829993,0.48781986205882194,4.0,16.0,13,6,Open,mae,,,,
harville,David Harville,2947.0,2881,1462.0,1419.0,63.0,-89.90909090909095,12.719979640312182,0.11188327112317609,0.5074626865671642,-0.03120759837177749,0.4892092221572131,4.0,13.0,14,6,Open,mae,,,,
piratings,Pi-Ratings,2947.0,2863,1425.0,1438.0,63.0,-142.5454545454546,12.727387173396675,0.03616898540889041,0.49772965420887183,-0.0497888419648811,0.47943013863012907,4.0,35.0,15,6,Open,mae,,,,
linecfbp_jp,JP+,1453.0,1410,732.0,678.0,27.0,-12.545454545454566,12.753269098417068,-0.3101858224363385,0.5191489361702127,-0.00889748549323019,0.493053376191616,3.0,6.0,16,6,Open,mae,,,,
linecfbp_sportsline,SportsLine,937.0,885,425.0,460.0,18.0,-73.63636363636365,12.783351120597652,0.13660618996798293,0.480225988700565,-0.0832049306625578,0.44746658153710456,2.0,73.0,17,6,Open,mae,,,,
linecfbp_tshoe_index,TShoe Index,1453.0,1399,714.0,685.0,27.0,-35.90909090909093,12.783413626978664,-0.20199587061252589,0.5103645461043602,-0.025667684709857704,0.4841771891487669,3.0,20.0,18,6,Open,mae,,,,
piratings_bias,PI-Rate Bias,2947.0,2857,1423.0,1434.0,63.0,-140.3636363636364,12.789144893111638,-0.030115371564302718,0.49807490374518726,-0.04912972921373343,0.47975569516017097,4.0,31.0,19,6,Open,mae,,,,
sagarin_golden_mean,Sagarin Golden Mean,2947.0,2880,1418.0,1462.0,63.0,-172.90909090909093,12.811174075330845,-0.09710553104852394,0.49236111111111114,-0.0600378787878788,0.4741246937189937,4.0,46.0,20,6,Open,mae,,,,
linecfbp_cbcr2_power,CBCR2: Power,937.0,910,460.0,450.0,18.0,-31.818181818181834,12.81120597652081,0.2726787620064033,0.5054945054945055,-0.03496503496503498,0.47305562284037483,2.0,50.0,21,6,Open,mae,,,,
linept_pig,Pigskin Index,2920.0,2685,1333.0,1352.0,63.0,-140.18181818181822,12.819859589041098,-0.10070890410958903,0.49646182495344504,-0.052209243270695795,0.47756849713878585,4.0,39.0,22,6,Open,mae,,,,
linecfbp_cfb_graphs,CFB Graphs,1452.0,1412,695.0,717.0,27.0,-85.1818181818182,12.831818181818182,-0.057438016528925676,0.4922096317280453,-0.06032706670100439,0.4661897357245825,3.0,68.0,23,6,Open,mae,,,,
linecfbp_dratings,DRatings,1959.0,1874,939.0,935.0,45.0,-81.36363636363639,12.836600306278713,-0.056202143950995584,0.5010672358591248,-0.04341709517803436,0.47845051845701564,4.0,37.0,24,6,Open,mae,,,,
sagarin_recent,Sagarin Recent,2947.0,2880,1415.0,1465.0,63.0,-178.63636363636368,12.836979979640313,0.01996606718696985,0.4913194444444444,-0.062026515151515166,0.47308503430971255,4.0,49.0,25,6,Open,mae,,,,
linecfbp_matt_grissom,Matt Grissom,422.0,412,202.0,210.0,10.0,-26.36363636363637,12.838388625592417,0.13886255924170632,0.49029126213592233,-0.06398940864960284,0.4423331977480926,1.0,76.0,26,6,Open,mae,,,,
linecfbp_cfb_geek,CFB Geek,1443.0,1390,703.0,687.0,36.0,-47.90909090909093,12.843173943173944,0.10429660429660431,0.5057553956834533,-0.03446697187704383,0.47949234990854217,3.0,34.0,27,6,Open,mae,,,,
massey,Massey Ratings,2947.0,2879,1463.0,1416.0,63.0,-86.00000000000004,12.937074991516797,0.042863929419748856,0.5081625564432094,-0.029871483153872887,0.4899022240345869,4.0,11.0,28,6,Open,mae,,,,
linept_laz,Laz Index,2945.0,2881,1477.0,1404.0,63.0,-61.272727272727316,12.9409779286927,0.07746689303904927,0.5126692120791392,-0.02126786784891611,0.49441263528245244,4.0,4.0,29,6,Open,mae,,,,
linecfbp_wilson_ratings,Wilson Ratings,1959.0,1894,945.0,949.0,45.0,-89.90909090909093,12.949719244512506,-0.13767228177641652,0.4989440337909187,-0.04747048094460979,0.47645111077531116,4.0,42.0,30,6,Open,mae,,,,
linept_kam,Edward Kambour,2945.0,2881,1373.0,1508.0,63.0,-259.81818181818187,12.95425466893039,-0.029677419354838662,0.4765706351961125,-0.09018333280742169,0.4583762925846476,4.0,70.0,31,6,Open,mae,,,,
linept_pugh,Pugh Ratings,2941.0,2877,1443.0,1434.0,63.0,-122.18181818181822,13.032414144848692,0.10835430125807544,0.5015641293013556,-0.04246848042468482,0.4833039136556568,4.0,23.0,32,6,Open,mae,,,,
linecfbp_room44_bets,Room44 Bets,1957.0,1873,965.0,908.0,45.0,-30.72727272727276,13.038937148696986,-0.1295861011752683,0.5152162306460224,-0.01640537785759357,0.49257493296772337,4.0,8.0,33,6,Open,mae,,,,
linept_wayward,Waywardtrends,613.0,601,292.0,309.0,12.0,-43.545454545454554,13.039494290375204,0.2888254486133769,0.4858569051580699,-0.07245499924368479,0.44611541846294256,1.0,74.0,34,6,Open,mae,,,,
fei,FEI Projections,2947.0,2859,1414.0,1445.0,63.0,-159.5454545454546,13.172022395656601,-0.03813030200203601,0.49457852395942636,-0.05580463607745876,0.4762713458009349,4.0,43.0,35,6,Open,mae,,,,
linept_bihl,Bihl System,1563.0,1531,782.0,749.0,32.0,-38.09090909090911,13.206391554702495,0.08889955214331406,0.5107772697583279,-0.02487975773410131,0.48574190922811494,4.0,17.0,36,6,Open,mae,,,,
linept_talis,Talisman Red,2895.0,2831,1382.0,1449.0,62.0,-192.63636363636368,13.221778929188257,0.14278756476683943,0.4881667255386789,-0.06804534215343118,0.4697821509834423,4.0,60.0,37,6,Open,mae,,,,
linept_born,Born Power Index,2946.0,2883,1413.0,1470.0,63.0,-185.4545454545455,13.262362525458247,0.18695179904955872,0.49011446409989595,-0.06432693217292594,0.4718919435917795,4.0,54.0,38,6,Open,mae,,,,
linept_argh,Argh Ratings,2947.0,2746,1374.0,1372.0,63.0,-122.90909090909095,13.273837801153716,0.09144893111638955,0.5003641660597232,-0.04475931934052839,0.48167560021981903,4.0,26.0,39,6,Open,mae,,,,
congrove,Congrove Computer Rankings,2946.0,2878,1475.0,1403.0,63.0,-62.090909090909136,13.282718940936864,0.3990936863543788,0.5125086865879083,-0.02157432560490241,0.494242667479521,4.0,5.0,40,6,Open,mae,,,,
linept_elo,Beck Elo,2947.0,2882,1439.0,1443.0,63.0,-134.81818181818187,13.282738378011535,0.03169664065150996,0.4993060374739764,-0.046779383004226884,0.4810645835308594,4.0,27.0,41,6,Open,mae,,,,
keeper,Keeper,2938.0,2872,1467.0,1405.0,63.0,-71.3636363636364,13.296997957794419,0.17097345132743363,0.5107938718662952,-0.024848062800709055,0.4925096223501658,4.0,9.0,42,6,Open,mae,,,,
moore_ratings,Moore Power Ratings,2944.0,2879,1397.0,1482.0,63.0,-212.00000000000003,13.348926630434782,0.05196331521739131,0.48523792983674885,-0.07363667940257035,0.4670136619850055,4.0,65.0,43,6,Open,mae,,,,
linept_dunk,Dunkel Index,2613.0,2558,1283.0,1275.0,54.0,-108.63636363636367,13.371308840413317,-0.02098354381936473,0.5015637216575449,-0.04246925865377782,0.4821998390079263,4.0,24.0,44,6,Open,mae,,,,
linept_how,Howell,2945.0,2786,1389.0,1397.0,63.0,-134.2727272727273,13.471830220713072,-0.10916129032258064,0.4985642498205312,-0.04819552306989494,0.4800126970014826,4.0,30.0,45,6,Open,mae,,,,
linecfbp_beta_rank,Beta_Rank,1959.0,1904,937.0,967.0,45.0,-115.18181818181822,13.563603879530373,0.32603369065849924,0.49212184873949577,-0.06049465240641713,0.46970441236883165,4.0,61.0,46,6,Open,mae,,,,
linept_dwig,DP Dwiggins,2941.0,2765,1373.0,1392.0,63.0,-143.81818181818184,13.590020401224074,0.14272356341380482,0.49656419529837253,-0.052013808975834304,0.4779455689565288,4.0,38.0,47,6,Open,mae,,,,
linept_curry,Daniel Curry Index,2944.0,2878,1394.0,1484.0,63.0,-216.72727272727275,13.598209918478263,0.09143682065217391,0.48436414176511466,-0.07530482026659929,0.4661388493444394,4.0,69.0,48,6,Open,mae,,,,
linept_payne,linepayne,2938.0,2870,1410.0,1460.0,63.0,-178.18181818181822,13.704894486044926,0.441279782164738,0.4912891986062718,-0.062084257206208436,0.4730231709805613,4.0,51.0,49,6,Open,mae,,,,
linept_big200,Big 200,613.0,601,315.0,286.0,12.0,0.36363636363635676,13.737716150081566,0.180489396411093,0.5241264559068219,0.0006050521857510095,0.48417219035915404,1.0,21.0,50,6,Open,mae,,,,
linept_bill,Billingsley,2946.0,2881,1403.0,1478.0,63.0,-202.5454545454546,13.74467413441955,0.17155804480651723,0.4869836862200625,-0.07030387176169892,0.468761637314673,4.0,64.0,51,6,Open,mae,,,,
linept_kerns,Stephen Kerns,2947.0,2867,1455.0,1412.0,63.0,-89.27272727272731,13.744991516796741,0.4784899898201561,0.5074991280083712,-0.03113802834765515,0.48920115701745925,4.0,14.0,52,6,Open,mae,,,,
linept_rwp,Laffaye RWP,2819.0,2757,1374.0,1383.0,59.0,-133.90909090909093,13.787506207875134,0.22447676481021636,0.49836779107725787,-0.04857058067068949,0.4797193658356483,4.0,33.0,53,6,Open,mae,,,,
linecfbp_cfb_victory,CFB Victory,422.0,405,202.0,203.0,10.0,-19.36363636363637,13.793601895734596,-0.6357819905213269,0.49876543209876545,-0.047811447811447826,0.4503107930860454,1.0,72.0,54,6,Open,mae,,,,
linept_paynep,linepaynep,2938.0,2872,1360.0,1512.0,63.0,-275.6363636363637,13.816102791014295,0.5351157249829817,0.4735376044568245,-0.09597366421878958,0.4553244446189982,4.0,71.0,55,6,Open,mae,,,,
linept_pfz,PerformanZ Ratings,2947.0,2884,1433.0,1451.0,63.0,-148.2727272727273,13.981028164234814,0.20586698337292172,0.49687933425797504,-0.051412180052956766,0.4786477629491719,4.0,36.0,56,6,Open,mae,,,,
linept_clean,Cleanup Hitter,2908.0,2774,1357.0,1417.0,63.0,-183.3636363636364,14.051237964236588,-0.00036451169188444766,0.4891852919971161,-0.06610080618732386,0.47061095358579796,4.0,57.0,57,6,Open,mae,,,,
linecfbp_trent_sorensen,Trent Sorensen,422.0,408,210.0,198.0,10.0,-7.090909090909096,14.27962085308057,-0.3748815165876777,0.5147058823529411,-0.01737967914438504,0.4662998695943986,1.0,66.0,58,6,Open,mae,,,,
linept_paynewl,linepaynewl,2938.0,2871,1399.0,1472.0,63.0,-200.18181818181822,14.334227365554801,0.358284547311096,0.4872866597004528,-0.06972546784459012,0.4690322866685811,4.0,63.0,59,6,Open,mae,,,,
linept_loud,Loudsound.org,2870.0,2713,1363.0,1350.0,62.0,-110.90909090909095,14.39198606271777,0.06376306620209059,0.5023958717287136,-0.040880608517910415,0.4835914832761859,4.0,22.0,60,6,Open,mae,,,,
linept_log,Logistic Regression,1371.0,1343,677.0,666.0,28.0,-50.54545454545457,15.367242888402627,0.4046462436177972,0.5040953090096798,-0.03763622825424763,0.4773815337518677,4.0,40.0,61,6,Open,mae,,,,
linecfbp_cbcr2_power,,,937,,,,,,,,,,,,1,6,Open,incremental,0.05046391194156545,0.13015161752152885,0.04916908573082107,12.81120597652081
linecfbp_jp,,,1453,,,,,,,,,,,,2,6,Open,incremental,0.04786931066080332,0.13205504618697908,0.04706634678312885,12.753269098417068
linecfbp_sp,,,1959,,,,,,,,,,,,3,6,Open,incremental,0.04607785209838078,0.16583671674578246,0.045500846465340264,12.650025523226137
dokter_entropy,,,2946,,,,,,,,,,,,4,6,Open,incremental,0.04321790119725423,0.1908258304115617,0.04285575386150099,12.546303462321791
espn_fpi,,,2947,,,,,,,,,,,,5,6,Open,incremental,0.040686521960866154,0.16535706728405017,0.040345700728605355,12.560481845945029
keeper,,,2938,,,,,,,,,,,,6,6,Open,incremental,0.038892317436980565,0.08826457408408786,0.03856554036811809,13.296997957794419
piratings,,,2947,,,,,,,,,,,,7,6,Open,incremental,0.03674089096835243,0.12658627815391818,0.03643312134021273,12.727387173396675
linecfbp_professor_sides,,,1957,,,,,,,,,,,,8,6,Open,incremental,0.036575201047965473,0.13138107605556001,0.03611673217315664,12.695247828308634
linecfbp_room44_bets,,,1957,,,,,,,,,,,,9,6,Open,incremental,0.03604002451385896,0.09665049238565894,0.035588264058317436,13.038937148696986
linecfbp_john_harris,,,422,,,,,,,,,,,,10,6,Open,incremental,0.036182329840659645,0.22181878960732299,0.034212259266960754,12.573222748815166
piratings_bias,,,2947,,,,,,,,,,,,11,6,Open,incremental,0.03142560729984026,0.10500411568866347,0.031162362527658027,12.789144893111638
piratings_mean,,,2947,,,,,,,,,,,,12,6,Open,incremental,0.031037587044337366,0.12115334144391386,0.030777592624735034,12.65582965727859
linecfbp_cfb_graphs,,,1452,,,,,,,,,,,,13,6,Open,incremental,0.028375984952848207,0.08567178921946633,0.027899684170907792,12.831818181818184
linecfbp_power_rank,,,1957,,,,,,,,,,,,14,6,Open,incremental,0.02677263256243536,0.13030153895662433,0.0264370385431305,12.552376085845681
linecfbp_cfb_geek,,,1443,,,,,,,,,,,,15,6,Open,incremental,0.023902075779175594,0.07863402523452794,0.02349843183430663,12.843173943173944
congrove,,,2946,,,,,,,,,,,,16,6,Open,incremental,0.023629359297218242,0.0580126518681666,0.02343135547755133,13.282718940936864
linept_pig,,,2920,,,,,,,,,,,,17,6,Open,incremental,0.021703778509618143,0.07378596625909856,0.021520311325524913,12.819859589041098
linept_pugh,,,2941,,,,,,,,,,,,18,6,Open,incremental,0.02095609198662854,0.059985542758609546,0.020780194197072627,13.032414144848692
linecfbp_sportsline,,,937,,,,,,,,,,,,19,6,Open,incremental,0.01947855249691612,0.05822292700393882,0.018978762858142723,12.783351120597652
teamrankings,,,2947,,,,,,,,,,,,20,6,Open,incremental,0.017905453363927907,0.07527351597963439,0.017755463677280522,12.62072955548015
linept_laz,,,2945,,,,,,,,,,,,21,6,Open,incremental,0.015329695291994721,0.043236037397809214,0.015201195998551669,12.940977928692696
sagarin_recent,,,2947,,,,,,,,,,,,22,6,Open,incremental,0.014161222744490881,0.045336739576000304,0.014042597579362751,12.836979979640313
linecfbp_matt_grissom,,,422,,,,,,,,,,,,23,6,Open,incremental,0.013046014462306311,0.06377507674531878,0.012335679630098854,12.838388625592415
linept_dwig,,,2941,,,,,,,,,,,,24,6,Open,incremental,0.012301907811750685,0.026007343614499568,0.012198650086370007,13.590020401224074
sagarin_predictor,,,2947,,,,,,,,,,,,25,6,Open,incremental,0.011728496579740112,0.046152946925521916,0.011630249777992879,12.71687818120122
linecfbp_kford,,,937,,,,,,,,,,,,26,6,Open,incremental,0.00980612970098816,0.05031941486899355,0.009554519525037055,12.261152614727855
sagarin,,,2947,,,,,,,,,,,,27,6,Open,incremental,0.009096212406634245,0.03910588127765657,0.009020015617822535,12.66915846623685
massey,,,2947,,,,,,,,,,,,28,6,Open,incremental,0.006744250695536269,0.021269373265829533,0.0066877557256555965,12.937074991516797
linept_kerns,,,2947,,,,,,,,,,,,29,6,Open,incremental,0.0064769776443154275,0.012479300718430387,0.006422721556656116,13.744991516796745
linept_dunk,,,2613,,,,,,,,,,,,30,6,Open,incremental,0.006294471337258136,0.014815097047253258,0.00623509940738144,13.371308840413317
linept_born,,,2946,,,,,,,,,,,,31,6,Open,incremental,0.006274382465813105,0.015642732878696008,0.006221805852175158,13.262362525458247
linecfbp_tshoe_index,,,1453,,,,,,,,,,,,32,6,Open,incremental,0.0023634752237085147,0.007187395263304014,0.0023238300898175334,12.783413626978668
linecfbp_beta_rank,,,1959,,,,,,,,,,,,33,6,Open,incremental,0.0018276083129914428,0.004094196215379332,0.0018047222572496041,13.563603879530373
harville,,,2947,,,,,,,,,,,,34,6,Open,incremental,0.0016353498106753078,0.006274639470258427,0.0016216508776923432,12.719979640312182
linept_kam,,,2945,,,,,,,,,,,,35,6,Open,incremental,0.0007487563566770637,0.0025529167269984286,0.0007424799982132239,12.95425466893039
linept_donchess,,,2947,,,,,,,,,,,,36,6,Open,incremental,-0.0007013994380810906,-0.0027970452999889358,-0.0006955239832800201,12.716328469630133
linept_talis,,,2895,,,,,,,,,,,,37,6,Open,incremental,-0.0008310774471999001,-0.0021460531386750634,-0.0008239922586858935,13.221778929188257
linept_big200,,,613,,,,,,,,,,,,38,6,Open,incremental,-0.003565948426272938,-0.004963674984589349,-0.003428850348346279,13.737716150081567
sagarin_golden_mean,,,2947,,,,,,,,,,,,39,6,Open,incremental,-0.006156844974069669,-0.021091364140052207,-0.006105270560977308,12.811174075330845
linept_loud,,,2870,,,,,,,,,,,,40,6,Open,incremental,-0.007625228963836355,-0.012455751094808258,-0.007559662579335995,14.39198606271777
fei,,,2947,,,,,,,,,,,,41,6,Open,incremental,-0.008873752152897537,-0.02393884450877983,-0.008799418860254916,13.1720223956566
linecfbp_dratings,,,1959,,,,,,,,,,,,42,6,Open,incremental,-0.009023230909131262,-0.034209912044748755,-0.008910238336220577,12.836600306278715
linept_clean,,,2908,,,,,,,,,,,,43,6,Open,incremental,-0.009244084549701775,-0.016809670802126413,-0.009165623747234085,14.051237964236588
linept_bihl,,,1563,,,,,,,,,,,,44,6,Open,incremental,-0.009732042750634242,-0.03020854430727049,-0.009580017740904147,13.206391554702495
linecfbp_wilson_ratings,,,1959,,,,,,,,,,,,45,6,Open,incremental,-0.011077949995064593,-0.036036736496507765,-0.010939227392803407,12.949719244512506
linept_argh,,,2947,,,,,,,,,,,,46,6,Open,incremental,-0.016122411485147693,-0.0414881350043314,-0.015987357912500985,13.273837801153716
linecfbp_power_rank_free,,,1453,,,,,,,,,,,,47,6,Open,incremental,-0.016381327397686624,-0.062147529078476586,-0.016106545622325233,12.676324845147972
linecfbp_trent_sorensen,,,422,,,,,,,,,,,,48,6,Open,incremental,-0.01727252118075943,-0.03169160946210424,-0.01633205974940168,14.27962085308057
linept_paynewl,,,2938,,,,,,,,,,,,49,6,Open,incremental,-0.018115328042289908,-0.03161839543358788,-0.017963121277837425,14.3342273655548
linept_payne,,,2938,,,,,,,,,,,,50,6,Open,incremental,-0.018572734694301003,-0.040083486944340184,-0.018416684754258263,13.704894486044926
linept_curry,,,2944,,,,,,,,,,,,51,6,Open,incremental,-0.019300330276652285,-0.044414964932521644,-0.019138493357624065,13.59820991847826
linept_pfz,,,2947,,,,,,,,,,,,52,6,Open,incremental,-0.02300823994052681,-0.04518953829053769,-0.02281550543507498,13.981028164234814
linept_paynep,,,2938,,,,,,,,,,,,53,6,Open,incremental,-0.025465968178709816,-0.05313491698072444,-0.02525200061427584,13.816102791014295
linecfbp_cfb_victory,,,422,,,,,,,,,,,,54,6,Open,incremental,-0.02696209349580876,-0.05647965184859228,-0.0254940501930328,13.793601895734596
linept_rwp,,,2819,,,,,,,,,,,,55,6,Open,incremental,-0.028463901593765852,-0.060230485156216575,-0.028214781612384304,13.787506207875131
linept_how,,,2945,,,,,,,,,,,,56,6,Open,incremental,-0.03255507782763797,-0.07830491525271115,-0.0322821888745862,13.471830220713073
linept_elo,,,2947,,,,,,,,,,,,57,6,Open,incremental,-0.03516694407757972,-0.09457272648214562,-0.03487235902489579,13.282738378011535
linept_bill,,,2946,,,,,,,,,,,,58,6,Open,incremental,-0.036530198897237104,-0.07939856541296274,-0.036224091616719495,13.74467413441955
moore_ratings,,,2944,,,,,,,,,,,,59,6,Open,incremental,-0.04059440902064504,-0.11107053104074026,-0.04025401722467562,13.348926630434782
linept_wayward,,,613,,,,,,,,,,,,60,6,Open,incremental,-0.04772408687126156,-0.15444050670964782,-0.04588926488318997,13.039494290375204
linept_log,,,1371,,,,,,,,,,,,61,6,Open,incremental,-0.06022370576384641,-0.08813903275032098,-0.059154687442487364,15.367242888402627
keeper,Keeper,2938.0,2885,1466.0,1419.0,44.0,-86.27272727272731,13.296997957794419,0.17097345132743363,0.5081455805892547,-0.02990389160233182,0.4899042447880852,4.0,1.0,1,6,Midweek,wilson,,,,
congrove,Congrove Computer Rankings,2946.0,2900,1471.0,1429.0,44.0,-91.72727272727276,13.282718940936864,0.3990936863543788,0.5072413793103449,-0.03163009404388716,0.48904793665820706,4.0,2.0,2,6,Midweek,wilson,,,,
linecfbp_sp,SP+,1959.0,1914,977.0,937.0,29.0,-48.81818181818185,12.650025523226137,0.016947422154160223,0.5104493207941484,-0.0255058421202622,0.4880557589691169,4.0,3.0,3,6,Midweek,wilson,,,,
linecfbp_jp,JP+,1453.0,1416,727.0,689.0,22.0,-28.09090909090911,12.753269098417068,-0.3101858224363385,0.5134180790960452,-0.01983821263482282,0.48738364336670104,3.0,4.0,4,6,Midweek,wilson,,,,
linept_donchess,Donchess Inference,2947.0,2843,1431.0,1412.0,44.0,-111.09090909090914,12.716328469630133,0.042429589412962265,0.5033415406260991,-0.03907524062290156,0.4849705161720644,4.0,5.0,5,6,Midweek,wilson,,,,
linecfbp_room44_bets,Room44 Bets,1957.0,1904,965.0,939.0,29.0,-61.727272727272755,13.038937148696986,-0.1295861011752683,0.506827731092437,-0.032419786096256696,0.4843799924376292,4.0,6.0,6,6,Midweek,wilson,,,,
linecfbp_power_rank,Power Rank,1957.0,1908,964.0,944.0,29.0,-67.63636363636367,12.552376085845681,0.040981093510475256,0.5052410901467506,-0.035448827901658105,0.4828191923589235,4.0,8.0,7,6,Midweek,wilson,,,,
massey,Massey Ratings,2947.0,2901,1453.0,1448.0,44.0,-127.09090909090914,12.937074991516797,0.042863929419748856,0.5008617718028266,-0.0438093447400583,0.48267802173332663,4.0,9.0,8,6,Midweek,wilson,,,,
piratings_bias,PI-Rate Bias,2947.0,2889,1442.0,1447.0,44.0,-136.09090909090912,12.789144893111638,-0.030115371564302718,0.49913464866735896,-0.0471065798168602,0.4809155143177132,4.0,11.0,9,6,Midweek,wilson,,,,
linept_talis,Talisman Red,2895.0,2851,1422.0,1429.0,43.0,-136.2727272727273,13.221778929188257,0.14278756476683943,0.4987723605752368,-0.04779822072000257,0.48043289508995046,4.0,12.0,10,6,Midweek,wilson,,,,
linept_kerns,Stephen Kerns,2947.0,2893,1442.0,1451.0,44.0,-140.09090909090912,13.744991516796741,0.4784899898201561,0.4984445212582095,-0.04842409577978193,0.480238945006915,4.0,13.0,11,6,Midweek,wilson,,,,
piratings_mean,Pi-Ratings Mean,2947.0,2865,1428.0,1437.0,44.0,-138.81818181818187,12.655829657278588,0.0071021377672209245,0.49842931937172774,-0.04845311756306522,0.48013514747703656,4.0,14.0,12,6,Midweek,wilson,,,,
harville,David Harville,2947.0,2899,1439.0,1460.0,44.0,-151.81818181818184,12.719979640312182,0.11188327112317609,0.4963780614004829,-0.052369155508168966,0.47819443100311987,4.0,15.0,13,6,Midweek,wilson,,,,
piratings,Pi-Ratings,2947.0,2881,1430.0,1451.0,44.0,-151.00000000000003,12.727387173396675,0.03616898540889041,0.4963554321416175,-0.05241235682054843,0.47811521257613515,4.0,16.0,14,6,Midweek,wilson,,,,
sagarin_predictor,Sagarin Predictor,2947.0,2898,1436.0,1462.0,44.0,-156.5454545454546,12.71687818120122,-0.06492704445198523,0.49551414768806074,-0.054018445322793165,0.47732878343719115,4.0,17.0,15,6,Midweek,wilson,,,,
linecfbp_power_rank_free,Power Rank: Free,1453.0,1417,713.0,704.0,22.0,-55.81818181818184,12.676324845147967,-0.4064005505849966,0.5031757233592096,-0.03939180085969078,0.4771693403018243,3.0,18.0,16,6,Midweek,wilson,,,,
linept_laz,Laz Index,2945.0,2898,1434.0,1464.0,44.0,-160.3636363636364,12.9409779286927,0.07746689303904927,0.494824016563147,-0.055335968379446654,0.47663980820485735,4.0,19.0,17,6,Midweek,wilson,,,,
linecfbp_cbcr2_power,CBCR2: Power,937.0,916,466.0,450.0,16.0,-26.363636363636374,12.81120597652081,0.2726787620064033,0.5087336244541485,-0.028781262405716566,0.4763902262401573,2.0,21.0,18,6,Midweek,wilson,,,,
linept_log,Logistic Regression,1371.0,1350,679.0,671.0,21.0,-53.72727272727275,15.367242888402627,0.4046462436177972,0.502962962962963,-0.03979797979797981,0.4763211572341062,4.0,22.0,19,6,Midweek,wilson,,,,
espn_fpi,ESPN FPI,2947.0,2900,1432.0,1468.0,44.0,-166.18181818181822,12.560481845945029,-0.012629793009840524,0.49379310344827587,-0.057304075235109726,0.4756169459895555,4.0,23.0,20,6,Midweek,wilson,,,,
linept_loud,Loudsound.org,2870.0,2757,1362.0,1395.0,43.0,-156.81818181818184,14.39198606271777,0.06376306620209059,0.4940152339499456,-0.05688000791374024,0.4753740998924657,4.0,24.0,21,6,Midweek,wilson,,,,
linecfbp_dratings,DRatings,1959.0,1898,944.0,954.0,29.0,-95.81818181818184,12.836600306278713,-0.056202143950995584,0.49736564805057953,-0.05048376281252995,0.4748998384519622,4.0,25.0,22,6,Midweek,wilson,,,,
linept_pfz,PerformanZ Ratings,2947.0,2901,1426.0,1475.0,44.0,-178.63636363636368,13.981028164234814,0.20586698337292172,0.49155463633229923,-0.06157751245651971,0.4733857578343119,4.0,28.0,23,6,Midweek,wilson,,,,
fei,FEI Projections,2947.0,2875,1409.0,1466.0,44.0,-185.09090909090912,13.172022395656601,-0.03813030200203601,0.4900869565217391,-0.06437944664031621,0.4718392091915482,4.0,30.0,24,6,Midweek,wilson,,,,
linept_dunk,Dunkel Index,2613.0,2576,1265.0,1311.0,37.0,-161.00000000000003,13.371308840413317,-0.02098354381936473,0.49107142857142855,-0.06250000000000001,0.4717938258956858,4.0,31.0,25,6,Midweek,wilson,,,,
sagarin_golden_mean,Sagarin Golden Mean,2947.0,2903,1420.0,1483.0,44.0,-192.09090909090912,12.811174075330845,-0.09710553104852394,0.4891491560454702,-0.06616979300410235,0.47099138952900005,4.0,33.0,26,6,Midweek,wilson,,,,
linept_argh,Argh Ratings,2947.0,2800,1370.0,1430.0,44.0,-184.5454545454546,13.273837801153716,0.09144893111638955,0.48928571428571427,-0.06590909090909093,0.47079740965647326,4.0,34.0,27,6,Midweek,wilson,,,,
dokter_entropy,Dokter Entropy,2946.0,2894,1415.0,1479.0,44.0,-192.63636363636368,12.546303462321793,-0.054490835030549925,0.4889426399447132,-0.06656405101463846,0.47075715903674836,4.0,35.0,28,6,Midweek,wilson,,,,
linept_dwig,DP Dwiggins,2941.0,2807,1373.0,1434.0,43.0,-185.81818181818184,13.590020401224074,0.14272356341380482,0.4891343070894193,-0.0661981410111086,0.4706693473758725,4.0,36.0,29,6,Midweek,wilson,,,,
linecfbp_tshoe_index,TShoe Index,1453.0,1382,686.0,696.0,22.0,-72.36363636363639,12.783413626978664,-0.20199587061252589,0.4963820549927641,-0.05236153137745035,0.4700681988409361,3.0,37.0,30,6,Midweek,wilson,,,,
linecfbp_cfb_geek,CFB Geek,1443.0,1409,699.0,710.0,23.0,-74.54545454545456,12.843173943173944,0.10429660429660431,0.49609652235628104,-0.052906639138008915,0.47003610626366815,3.0,38.0,31,6,Midweek,wilson,,,,
teamrankings,TeamRankings.com,2947.0,2868,1399.0,1469.0,44.0,-197.18181818181822,12.62072955548015,0.04434679334916866,0.48779637377963736,-0.0687523773297832,0.46953133177281875,4.0,39.0,32,6,Midweek,wilson,,,,
linept_pig,Pigskin Index,2920.0,2735,1335.0,1400.0,43.0,-186.3636363636364,12.819859589041098,-0.10070890410958903,0.48811700182815354,-0.06814026923716139,0.46941339752764577,4.0,40.0,33,6,Midweek,wilson,,,,
sagarin,Sagarin Ratings,2947.0,2899,1413.0,1486.0,44.0,-201.4545454545455,12.66915846623685,-0.06774686121479466,0.4874094515350121,-0.06949104706952242,0.46924297306119006,4.0,41.0,34,6,Midweek,wilson,,,,
linept_clean,Cleanup Hitter,2908.0,2800,1365.0,1435.0,44.0,-194.09090909090912,14.051237964236588,-0.00036451169188444766,0.4875,-0.06931818181818183,0.4690156746371192,4.0,43.0,35,6,Midweek,wilson,,,,
linept_born,Born Power Index,2946.0,2901,1412.0,1489.0,44.0,-205.3636363636364,13.262362525458247,0.18695179904955872,0.4867287142364702,-0.07079063645764784,0.46857002478380705,4.0,44.0,36,6,Midweek,wilson,,,,
linecfbp_professor_sides,Professor Sides,1957.0,1901,933.0,968.0,29.0,-119.81818181818184,12.695247828308634,0.01471640265712819,0.4907943187795897,-0.0630290277844197,0.4683629426181399,4.0,45.0,37,6,Midweek,wilson,,,,
linecfbp_wilson_ratings,Wilson Ratings,1959.0,1912,938.0,974.0,29.0,-121.2727272727273,12.949719244512506,-0.13767228177641652,0.4905857740585774,-0.06342715861544315,0.4682194251571834,4.0,46.0,38,6,Midweek,wilson,,,,
linecfbp_john_harris,John Harris,422.0,409,211.0,198.0,6.0,-6.181818181818186,12.573222748815166,0.08033175355450245,0.5158924205378973,-0.015114469882196054,0.46753766578133876,1.0,47.0,39,6,Midweek,wilson,,,,
moore_ratings,Moore Power Ratings,2944.0,2898,1402.0,1496.0,44.0,-221.4545454545455,13.348926630434782,0.05196331521739131,0.48378191856452724,-0.07641633728590251,0.4656209140505251,4.0,48.0,40,6,Midweek,wilson,,,,
linept_how,Howell,2945.0,2803,1355.0,1448.0,44.0,-216.18181818181822,13.471830220713072,-0.10916129032258064,0.4834106314662861,-0.07712515810981742,0.4649461711687842,4.0,50.0,41,6,Midweek,wilson,,,,
sagarin_recent,Sagarin Recent,2947.0,2899,1400.0,1499.0,44.0,-226.2727272727273,12.836979979640313,0.01996606718696985,0.48292514660227664,-0.07805199285019913,0.4647694374694939,4.0,51.0,42,6,Midweek,wilson,,,,
linecfbp_cfb_graphs,CFB Graphs,1452.0,1414,693.0,721.0,22.0,-91.00000000000001,12.831818181818182,-0.057438016528925676,0.4900990099009901,-0.06435643564356437,0.46410511434473073,3.0,52.0,43,6,Midweek,wilson,,,,
linept_kam,Edward Kambour,2945.0,2899,1397.0,1502.0,44.0,-232.00000000000003,12.95425466893039,-0.029677419354838662,0.48189030700241464,-0.08002759572266299,0.46373729091397364,4.0,53.0,44,6,Midweek,wilson,,,,
linept_elo,Beck Elo,2947.0,2898,1396.0,1502.0,44.0,-232.90909090909093,13.282738378011535,0.03169664065150996,0.48171152518978605,-0.08036890645586299,0.4635558589285262,4.0,55.0,45,6,Midweek,wilson,,,,
linept_rwp,Laffaye RWP,2819.0,2767,1332.0,1435.0,44.0,-224.09090909090912,13.787506207875134,0.22447676481021636,0.48138778460426457,-0.08098695666458587,0.46280936373598347,4.0,56.0,46,6,Midweek,wilson,,,,
linept_bill,Billingsley,2946.0,2900,1394.0,1506.0,44.0,-238.72727272727278,13.74467413441955,0.17155804480651723,0.4806896551724138,-0.08231974921630096,0.46254298234895164,4.0,57.0,47,6,Midweek,wilson,,,,
linept_payne,linepayne,2938.0,2895,1386.0,1509.0,43.0,-249.00000000000003,13.704894486044926,0.441279782164738,0.47875647668393784,-0.08601036269430053,0.46059959694326985,4.0,59.0,48,6,Midweek,wilson,,,,
linept_pugh,Pugh Ratings,2941.0,2895,1380.0,1515.0,44.0,-260.4545454545455,13.032414144848692,0.10835430125807544,0.47668393782383417,-0.089967027790862,0.4585331652966255,4.0,60.0,49,6,Midweek,wilson,,,,
linecfbp_kford,KFord,937.0,917,450.0,467.0,16.0,-57.90909090909092,12.261152614727855,-0.08292422625400216,0.49073064340239914,-0.06315058986814713,0.4584805548284287,2.0,61.0,50,6,Midweek,wilson,,,,
linept_paynewl,linepaynewl,2938.0,2890,1377.0,1513.0,43.0,-261.18181818181824,14.334227365554801,0.358284547311096,0.4764705882352941,-0.09037433155080216,0.4583048158871963,4.0,62.0,51,6,Midweek,wilson,,,,
linept_bihl,Bihl System,1563.0,1542,739.0,803.0,21.0,-131.18181818181822,13.206391554702495,0.08889955214331406,0.4792477302204929,-0.08507251503360455,0.4543956983031569,4.0,63.0,52,6,Midweek,wilson,,,,
linept_curry,Daniel Curry Index,2944.0,2898,1366.0,1532.0,44.0,-290.1818181818182,13.598209918478263,0.09143682065217391,0.47135955831608006,-0.10013175230566534,0.45323526860745383,4.0,64.0,53,6,Midweek,wilson,,,,
linecfbp_sportsline,SportsLine,937.0,890,432.0,458.0,16.0,-65.27272727272728,12.783351120597652,0.13660618996798293,0.4853932584269663,-0.07334014300306436,0.4526915562580613,2.0,65.0,54,6,Midweek,wilson,,,,
linept_paynep,linepaynep,2938.0,2891,1348.0,1543.0,43.0,-317.54545454545456,13.816102791014295,0.5351157249829817,0.4662746454514009,-0.10983931322914374,0.4481468088294145,4.0,66.0,55,6,Midweek,wilson,,,,
linept_big200,Big 200,613.0,603,294.0,309.0,10.0,-41.727272727272734,13.737716150081566,0.180489396411093,0.48756218905472637,-0.06919945725915876,0.4478717181835847,1.0,67.0,56,6,Midweek,wilson,,,,
linecfbp_trent_sorensen,Trent Sorensen,422.0,411,203.0,208.0,6.0,-23.45454545454546,14.27962085308057,-0.3748815165876777,0.49391727493917276,-0.05706702057067022,0.44586251353208234,1.0,69.0,57,6,Midweek,wilson,,,,
linecfbp_beta_rank,Beta_Rank,1959.0,1912,894.0,1018.0,29.0,-205.2727272727273,13.563603879530373,0.32603369065849924,0.4675732217573222,-0.1073602130087486,0.44529609367409767,4.0,70.0,58,6,Midweek,wilson,,,,
linecfbp_cfb_victory,CFB Victory,422.0,400,197.0,203.0,6.0,-23.909090909090914,13.793601895734596,-0.6357819905213269,0.4925,-0.05977272727272728,0.44381128061271025,1.0,72.0,59,6,Midweek,wilson,,,,
linept_wayward,Waywardtrends,613.0,601,289.0,312.0,10.0,-49.27272727272728,13.039494290375204,0.2888254486133769,0.480865224625624,-0.08198457116926336,0.4411686025563131,1.0,73.0,60,6,Midweek,wilson,,,,
linecfbp_matt_grissom,Matt Grissom,422.0,416,203.0,213.0,6.0,-28.45454545454546,12.838388625592417,0.13886255924170632,0.4879807692307692,-0.06840034965034966,0.44027718392684545,1.0,74.0,61,6,Midweek,wilson,,,,
linecfbp_kford,KFord,937.0,917,450.0,467.0,16.0,-57.90909090909092,12.261152614727855,-0.08292422625400216,0.49073064340239914,-0.06315058986814713,0.4584805548284287,2.0,61.0,1,6,Midweek,mae,,,,
dokter_entropy,Dokter Entropy,2946.0,2894,1415.0,1479.0,44.0,-192.63636363636368,12.546303462321793,-0.054490835030549925,0.4889426399447132,-0.06656405101463846,0.47075715903674836,4.0,35.0,2,6,Midweek,mae,,,,
linecfbp_power_rank,Power Rank,1957.0,1908,964.0,944.0,29.0,-67.63636363636367,12.552376085845681,0.040981093510475256,0.5052410901467506,-0.035448827901658105,0.4828191923589235,4.0,8.0,3,6,Midweek,mae,,,,
espn_fpi,ESPN FPI,2947.0,2900,1432.0,1468.0,44.0,-166.18181818181822,12.560481845945029,-0.012629793009840524,0.49379310344827587,-0.057304075235109726,0.4756169459895555,4.0,23.0,4,6,Midweek,mae,,,,
linecfbp_john_harris,John Harris,422.0,409,211.0,198.0,6.0,-6.181818181818186,12.573222748815166,0.08033175355450245,0.5158924205378973,-0.015114469882196054,0.46753766578133876,1.0,47.0,5,6,Midweek,mae,,,,
teamrankings,TeamRankings.com,2947.0,2868,1399.0,1469.0,44.0,-197.18181818181822,12.62072955548015,0.04434679334916866,0.48779637377963736,-0.0687523773297832,0.46953133177281875,4.0,39.0,6,6,Midweek,mae,,,,
linecfbp_sp,SP+,1959.0,1914,977.0,937.0,29.0,-48.81818181818185,12.650025523226137,0.016947422154160223,0.5104493207941484,-0.0255058421202622,0.4880557589691169,4.0,3.0,7,6,Midweek,mae,,,,
piratings_mean,Pi-Ratings Mean,2947.0,2865,1428.0,1437.0,44.0,-138.81818181818187,12.655829657278588,0.0071021377672209245,0.49842931937172774,-0.04845311756306522,0.48013514747703656,4.0,14.0,8,6,Midweek,mae,,,,
sagarin,Sagarin Ratings,2947.0,2899,1413.0,1486.0,44.0,-201.4545454545455,12.66915846623685,-0.06774686121479466,0.4874094515350121,-0.06949104706952242,0.46924297306119006,4.0,41.0,9,6,Midweek,mae,,,,
linecfbp_power_rank_free,Power Rank: Free,1453.0,1417,713.0,704.0,22.0,-55.81818181818184,12.676324845147967,-0.4064005505849966,0.5031757233592096,-0.03939180085969078,0.4771693403018243,3.0,18.0,10,6,Midweek,mae,,,,
linecfbp_professor_sides,Professor Sides,1957.0,1901,933.0,968.0,29.0,-119.81818181818184,12.695247828308634,0.01471640265712819,0.4907943187795897,-0.0630290277844197,0.4683629426181399,4.0,45.0,11,6,Midweek,mae,,,,
linept_donchess,Donchess Inference,2947.0,2843,1431.0,1412.0,44.0,-111.09090909090914,12.716328469630133,0.042429589412962265,0.5033415406260991,-0.03907524062290156,0.4849705161720644,4.0,5.0,12,6,Midweek,mae,,,,
sagarin_predictor,Sagarin Predictor,2947.0,2898,1436.0,1462.0,44.0,-156.5454545454546,12.71687818120122,-0.06492704445198523,0.49551414768806074,-0.054018445322793165,0.47732878343719115,4.0,17.0,13,6,Midweek,mae,,,,
harville,David Harville,2947.0,2899,1439.0,1460.0,44.0,-151.81818181818184,12.719979640312182,0.11188327112317609,0.4963780614004829,-0.052369155508168966,0.47819443100311987,4.0,15.0,14,6,Midweek,mae,,,,
piratings,Pi-Ratings,2947.0,2881,1430.0,1451.0,44.0,-151.00000000000003,12.727387173396675,0.03616898540889041,0.4963554321416175,-0.05241235682054843,0.47811521257613515,4.0,16.0,15,6,Midweek,mae,,,,
linecfbp_jp,JP+,1453.0,1416,727.0,689.0,22.0,-28.09090909090911,12.753269098417068,-0.3101858224363385,0.5134180790960452,-0.01983821263482282,0.48738364336670104,3.0,4.0,16,6,Midweek,mae,,,,
linecfbp_sportsline,SportsLine,937.0,890,432.0,458.0,16.0,-65.27272727272728,12.783351120597652,0.13660618996798293,0.4853932584269663,-0.07334014300306436,0.4526915562580613,2.0,65.0,17,6,Midweek,mae,,,,
linecfbp_tshoe_index,TShoe Index,1453.0,1382,686.0,696.0,22.0,-72.36363636363639,12.783413626978664,-0.20199587061252589,0.4963820549927641,-0.05236153137745035,0.4700681988409361,3.0,37.0,18,6,Midweek,mae,,,,
piratings_bias,PI-Rate Bias,2947.0,2889,1442.0,1447.0,44.0,-136.09090909090912,12.789144893111638,-0.030115371564302718,0.49913464866735896,-0.0471065798168602,0.4809155143177132,4.0,11.0,19,6,Midweek,mae,,,,
sagarin_golden_mean,Sagarin Golden Mean,2947.0,2903,1420.0,1483.0,44.0,-192.09090909090912,12.811174075330845,-0.09710553104852394,0.4891491560454702,-0.06616979300410235,0.47099138952900005,4.0,33.0,20,6,Midweek,mae,,,,
linecfbp_cbcr2_power,CBCR2: Power,937.0,916,466.0,450.0,16.0,-26.363636363636374,12.81120597652081,0.2726787620064033,0.5087336244541485,-0.028781262405716566,0.4763902262401573,2.0,21.0,21,6,Midweek,mae,,,,
linept_pig,Pigskin Index,2920.0,2735,1335.0,1400.0,43.0,-186.3636363636364,12.819859589041098,-0.10070890410958903,0.48811700182815354,-0.06814026923716139,0.46941339752764577,4.0,40.0,22,6,Midweek,mae,,,,
linecfbp_cfb_graphs,CFB Graphs,1452.0,1414,693.0,721.0,22.0,-91.00000000000001,12.831818181818182,-0.057438016528925676,0.4900990099009901,-0.06435643564356437,0.46410511434473073,3.0,52.0,23,6,Midweek,mae,,,,
linecfbp_dratings,DRatings,1959.0,1898,944.0,954.0,29.0,-95.81818181818184,12.836600306278713,-0.056202143950995584,0.49736564805057953,-0.05048376281252995,0.4748998384519622,4.0,25.0,24,6,Midweek,mae,,,,
sagarin_recent,Sagarin Recent,2947.0,2899,1400.0,1499.0,44.0,-226.2727272727273,12.836979979640313,0.01996606718696985,0.48292514660227664,-0.07805199285019913,0.4647694374694939,4.0,51.0,25,6,Midweek,mae,,,,
linecfbp_matt_grissom,Matt Grissom,422.0,416,203.0,213.0,6.0,-28.45454545454546,12.838388625592417,0.13886255924170632,0.4879807692307692,-0.06840034965034966,0.44027718392684545,1.0,74.0,26,6,Midweek,mae,,,,
linecfbp_cfb_geek,CFB Geek,1443.0,1409,699.0,710.0,23.0,-74.54545454545456,12.843173943173944,0.10429660429660431,0.49609652235628104,-0.052906639138008915,0.47003610626366815,3.0,38.0,27,6,Midweek,mae,,,,
massey,Massey Ratings,2947.0,2901,1453.0,1448.0,44.0,-127.09090909090914,12.937074991516797,0.042863929419748856,0.5008617718028266,-0.0438093447400583,0.48267802173332663,4.0,9.0,28,6,Midweek,mae,,,,
linept_laz,Laz Index,2945.0,2898,1434.0,1464.0,44.0,-160.3636363636364,12.9409779286927,0.07746689303904927,0.494824016563147,-0.055335968379446654,0.47663980820485735,4.0,19.0,29,6,Midweek,mae,,,,
linecfbp_wilson_ratings,Wilson Ratings,1959.0,1912,938.0,974.0,29.0,-121.2727272727273,12.949719244512506,-0.13767228177641652,0.4905857740585774,-0.06342715861544315,0.4682194251571834,4.0,46.0,30,6,Midweek,mae,,,,
linept_kam,Edward Kambour,2945.0,2899,1397.0,1502.0,44.0,-232.00000000000003,12.95425466893039,-0.029677419354838662,0.48189030700241464,-0.08002759572266299,0.46373729091397364,4.0,53.0,31,6,Midweek,mae,,,,
linept_pugh,Pugh Ratings,2941.0,2895,1380.0,1515.0,44.0,-260.4545454545455,13.032414144848692,0.10835430125807544,0.47668393782383417,-0.089967027790862,0.4585331652966255,4.0,60.0,32,6,Midweek,mae,,,,
linecfbp_room44_bets,Room44 Bets,1957.0,1904,965.0,939.0,29.0,-61.727272727272755,13.038937148696986,-0.1295861011752683,0.506827731092437,-0.032419786096256696,0.4843799924376292,4.0,6.0,33,6,Midweek,mae,,,,
linept_wayward,Waywardtrends,613.0,601,289.0,312.0,10.0,-49.27272727272728,13.039494290375204,0.2888254486133769,0.480865224625624,-0.08198457116926336,0.4411686025563131,1.0,73.0,34,6,Midweek,mae,,,,
fei,FEI Projections,2947.0,2875,1409.0,1466.0,44.0,-185.09090909090912,13.172022395656601,-0.03813030200203601,0.4900869565217391,-0.06437944664031621,0.4718392091915482,4.0,30.0,35,6,Midweek,mae,,,,
linept_bihl,Bihl System,1563.0,1542,739.0,803.0,21.0,-131.18181818181822,13.206391554702495,0.08889955214331406,0.4792477302204929,-0.08507251503360455,0.4543956983031569,4.0,63.0,36,6,Midweek,mae,,,,
linept_talis,Talisman Red,2895.0,2851,1422.0,1429.0,43.0,-136.2727272727273,13.221778929188257,0.14278756476683943,0.4987723605752368,-0.04779822072000257,0.48043289508995046,4.0,12.0,37,6,Midweek,mae,,,,
linept_born,Born Power Index,2946.0,2901,1412.0,1489.0,44.0,-205.3636363636364,13.262362525458247,0.18695179904955872,0.4867287142364702,-0.07079063645764784,0.46857002478380705,4.0,44.0,38,6,Midweek,mae,,,,
linept_argh,Argh Ratings,2947.0,2800,1370.0,1430.0,44.0,-184.5454545454546,13.273837801153716,0.09144893111638955,0.48928571428571427,-0.06590909090909093,0.47079740965647326,4.0,34.0,39,6,Midweek,mae,,,,
congrove,Congrove Computer Rankings,2946.0,2900,1471.0,1429.0,44.0,-91.72727272727276,13.282718940936864,0.3990936863543788,0.5072413793103449,-0.03163009404388716,0.48904793665820706,4.0,2.0,40,6,Midweek,mae,,,,
linept_elo,Beck Elo,2947.0,2898,1396.0,1502.0,44.0,-232.90909090909093,13.282738378011535,0.03169664065150996,0.48171152518978605,-0.08036890645586299,0.4635558589285262,4.0,55.0,41,6,Midweek,mae,,,,
keeper,Keeper,2938.0,2885,1466.0,1419.0,44.0,-86.27272727272731,13.296997957794419,0.17097345132743363,0.5081455805892547,-0.02990389160233182,0.4899042447880852,4.0,1.0,42,6,Midweek,mae,,,,
moore_ratings,Moore Power Ratings,2944.0,2898,1402.0,1496.0,44.0,-221.4545454545455,13.348926630434782,0.05196331521739131,0.48378191856452724,-0.07641633728590251,0.4656209140505251,4.0,48.0,43,6,Midweek,mae,,,,
linept_dunk,Dunkel Index,2613.0,2576,1265.0,1311.0,37.0,-161.00000000000003,13.371308840413317,-0.02098354381936473,0.49107142857142855,-0.06250000000000001,0.4717938258956858,4.0,31.0,44,6,Midweek,mae,,,,
linept_how,Howell,2945.0,2803,1355.0,1448.0,44.0,-216.18181818181822,13.471830220713072,-0.10916129032258064,0.4834106314662861,-0.07712515810981742,0.4649461711687842,4.0,50.0,45,6,Midweek,mae,,,,
linecfbp_beta_rank,Beta_Rank,1959.0,1912,894.0,1018.0,29.0,-205.2727272727273,13.563603879530373,0.32603369065849924,0.4675732217573222,-0.1073602130087486,0.44529609367409767,4.0,70.0,46,6,Midweek,mae,,,,
linept_dwig,DP Dwiggins,2941.0,2807,1373.0,1434.0,43.0,-185.81818181818184,13.590020401224074,0.14272356341380482,0.4891343070894193,-0.0661981410111086,0.4706693473758725,4.0,36.0,47,6,Midweek,mae,,,,
linept_curry,Daniel Curry Index,2944.0,2898,1366.0,1532.0,44.0,-290.1818181818182,13.598209918478263,0.09143682065217391,0.47135955831608006,-0.10013175230566534,0.45323526860745383,4.0,64.0,48,6,Midweek,mae,,,,
linept_payne,linepayne,2938.0,2895,1386.0,1509.0,43.0,-249.00000000000003,13.704894486044926,0.441279782164738,0.47875647668393784,-0.08601036269430053,0.46059959694326985,4.0,59.0,49,6,Midweek,mae,,,,
linept_big200,Big 200,613.0,603,294.0,309.0,10.0,-41.727272727272734,13.737716150081566,0.180489396411093,0.48756218905472637,-0.06919945725915876,0.4478717181835847,1.0,67.0,50,6,Midweek,mae,,,,
linept_bill,Billingsley,2946.0,2900,1394.0,1506.0,44.0,-238.72727272727278,13.74467413441955,0.17155804480651723,0.4806896551724138,-0.08231974921630096,0.46254298234895164,4.0,57.0,51,6,Midweek,mae,,,,
linept_kerns,Stephen Kerns,2947.0,2893,1442.0,1451.0,44.0,-140.09090909090912,13.744991516796741,0.4784899898201561,0.4984445212582095,-0.04842409577978193,0.480238945006915,4.0,13.0,52,6,Midweek,mae,,,,
linept_rwp,Laffaye RWP,2819.0,2767,1332.0,1435.0,44.0,-224.09090909090912,13.787506207875134,0.22447676481021636,0.48138778460426457,-0.08098695666458587,0.46280936373598347,4.0,56.0,53,6,Midweek,mae,,,,
linecfbp_cfb_victory,CFB Victory,422.0,400,197.0,203.0,6.0,-23.909090909090914,13.793601895734596,-0.6357819905213269,0.4925,-0.05977272727272728,0.44381128061271025,1.0,72.0,54,6,Midweek,mae,,,,
linept_paynep,linepaynep,2938.0,2891,1348.0,1543.0,43.0,-317.54545454545456,13.816102791014295,0.5351157249829817,0.4662746454514009,-0.10983931322914374,0.4481468088294145,4.0,66.0,55,6,Midweek,mae,,,,
linept_pfz,PerformanZ Ratings,2947.0,2901,1426.0,1475.0,44.0,-178.63636363636368,13.981028164234814,0.20586698337292172,0.49155463633229923,-0.06157751245651971,0.4733857578343119,4.0,28.0,56,6,Midweek,mae,,,,
linept_clean,Cleanup Hitter,2908.0,2800,1365.0,1435.0,44.0,-194.09090909090912,14.051237964236588,-0.00036451169188444766,0.4875,-0.06931818181818183,0.4690156746371192,4.0,43.0,57,6,Midweek,mae,,,,
linecfbp_trent_sorensen,Trent Sorensen,422.0,411,203.0,208.0,6.0,-23.45454545454546,14.27962085308057,-0.3748815165876777,0.49391727493917276,-0.05706702057067022,0.44586251353208234,1.0,69.0,58,6,Midweek,mae,,,,
linept_paynewl,linepaynewl,2938.0,2890,1377.0,1513.0,43.0,-261.18181818181824,14.334227365554801,0.358284547311096,0.4764705882352941,-0.09037433155080216,0.4583048158871963,4.0,62.0,59,6,Midweek,mae,,,,
linept_loud,Loudsound.org,2870.0,2757,1362.0,1395.0,43.0,-156.81818181818184,14.39198606271777,0.06376306620209059,0.4940152339499456,-0.05688000791374024,0.4753740998924657,4.0,24.0,60,6,Midweek,mae,,,,
linept_log,Logistic Regression,1371.0,1350,679.0,671.0,21.0,-53.72727272727275,15.367242888402627,0.4046462436177972,0.502962962962963,-0.03979797979797981,0.4763211572341062,4.0,22.0,61,6,Midweek,mae,,,,
linecfbp_john_harris,,,422,,,,,,,,,,,,1,6,Midweek,incremental,0.053404030064323836,0.3109625250699088,0.050496265179918114,12.573222748815166
linecfbp_jp,,,1453,,,,,,,,,,,,2,6,Midweek,incremental,0.041377003765395874,0.11197375442303696,0.040682942394313325,12.753269098417068
linecfbp_cbcr2_power,,,937,,,,,,,,,,,,3,6,Midweek,incremental,0.03794948882526563,0.09881693936063793,0.03697576342577215,12.81120597652081
linecfbp_sportsline,,,937,,,,,,,,,,,,4,6,Midweek,incremental,0.02757887500506375,0.078144111831517,0.02687124357409681,12.783351120597652
dokter_entropy,,,2946,,,,,,,,,,,,5,6,Midweek,incremental,0.026779516636512856,0.11728019661769032,0.02655511585965864,12.546303462321793
piratings,,,2947,,,,,,,,,,,,6,6,Midweek,incremental,0.023471973219774563,0.08042001046461904,0.023275354131909287,12.727387173396675
linecfbp_matt_grissom,,,422,,,,,,,,,,,,7,6,Midweek,incremental,0.023217403275615098,0.11326323762001281,0.021953252426501185,12.838388625592415
espn_fpi,,,2947,,,,,,,,,,,,8,6,Midweek,incremental,0.018154333452362028,0.07593772816147795,0.018002258956929394,12.560481845945029
linecfbp_cfb_graphs,,,1452,,,,,,,,,,,,9,6,Midweek,incremental,0.018138424203502573,0.05428539261521831,0.017833964441289877,12.831818181818184
piratings_mean,,,2947,,,,,,,,,,,,10,6,Midweek,incremental,0.01679853504231116,0.06518203928040181,0.01665781774485321,12.65582965727859
linecfbp_sp,,,1959,,,,,,,,,,,,11,6,Midweek,incremental,0.016574156898061212,0.06152421486188978,0.016366608554170096,12.650025523226137
piratings_bias,,,2947,,,,,,,,,,,,12,6,Midweek,incremental,0.014780009837991845,0.05014958793784693,0.014656201241851427,12.789144893111638
congrove,,,2946,,,,,,,,,,,,13,6,Midweek,incremental,0.012493091063416515,0.03004240826365718,0.012388404359097188,13.282718940936864
massey,,,2947,,,,,,,,,,,,14,6,Midweek,incremental,0.01210057278553247,0.036079676069893256,0.011999209190684194,12.937074991516797
linecfbp_room44_bets,,,1957,,,,,,,,,,,,15,6,Midweek,incremental,0.010930866589623925,0.030219422078065435,0.01079384855657311,13.038937148696986
linept_laz,,,2945,,,,,,,,,,,,16,6,Midweek,incremental,0.009049657927965787,0.025128006857020154,0.008973800278645635,12.940977928692696
linecfbp_professor_sides,,,1957,,,,,,,,,,,,17,6,Midweek,incremental,0.0046485759860217125,0.017606706959689765,0.004590306247490957,12.695247828308634
sagarin_predictor,,,2947,,,,,,,,,,,,18,6,Midweek,incremental,0.0032081553363442865,0.013135523327086968,0.0031812813888471617,12.71687818120122
linecfbp_kford,,,937,,,,,,,,,,,,19,6,Midweek,incremental,0.003157105465102696,0.017386902541695483,0.0030760990042672204,12.261152614727855
sagarin,,,2947,,,,,,,,,,,,20,6,Midweek,incremental,0.0020135527081949407,0.00937464345661906,0.001996685660284354,12.66915846623685
linept_clean,,,2908,,,,,,,,,,,,21,6,Midweek,incremental,0.0009282885680861765,0.001657748251898764,0.0009204095546931225,14.051237964236588
linept_talis,,,2895,,,,,,,,,,,,22,6,Midweek,incremental,-0.0007302662809715204,-0.0020023890002398644,-0.0007240405383725142,13.221778929188257
keeper,,,2938,,,,,,,,,,,,23,6,Midweek,incremental,-0.0017218823980422765,-0.004394211595040406,-0.0017074149731100936,13.296997957794419
linept_pig,,,2920,,,,,,,,,,,,24,6,Midweek,incremental,-0.0017582370761408314,-0.005399696254845716,-0.0017433742813889902,12.819859589041098
linecfbp_power_rank,,,1957,,,,,,,,,,,,25,6,Midweek,incremental,-0.0023679667557597373,-0.011140330834972244,-0.0023382843747203506,12.552376085845681
sagarin_golden_mean,,,2947,,,,,,,,,,,,26,6,Midweek,incremental,-0.0025077953906806503,-0.007233273652153495,-0.002486788190406028,12.811174075330845
linecfbp_trent_sorensen,,,422,,,,,,,,,,,,27,6,Midweek,incremental,-0.0033362239228878956,-0.006159557900766127,-0.0031545718124047885,14.27962085308057
sagarin_recent,,,2947,,,,,,,,,,,,28,6,Midweek,incremental,-0.0034654502859819774,-0.010791980032188854,-0.0034364210404263375,12.836979979640313
linecfbp_tshoe_index,,,1453,,,,,,,,,,,,29,6,Midweek,incremental,-0.004125516388289066,-0.01308517101018137,-0.0040563146264332665,12.783413626978668
linept_donchess,,,2947,,,,,,,,,,,,30,6,Midweek,incremental,-0.00415726875164276,-0.015312081144506868,-0.004122444308793184,12.716328469630133
linecfbp_power_rank_free,,,1453,,,,,,,,,,,,31,6,Midweek,incremental,-0.006099082248510222,-0.021326579637055868,-0.005996775725501747,12.676324845147972
linept_kam,,,2945,,,,,,,,,,,,32,6,Midweek,incremental,-0.006258457443677148,-0.019348448716210484,-0.006205996690593825,12.95425466893039
linept_pugh,,,2941,,,,,,,,,,,,33,6,Midweek,incremental,-0.006729587030148329,-0.020136736747487557,-0.006673101332147838,13.032414144848692
linept_loud,,,2870,,,,,,,,,,,,34,6,Midweek,incremental,-0.006850613449884473,-0.010958956145182427,-0.00679170768355946,14.39198606271777
harville,,,2947,,,,,,,,,,,,35,6,Midweek,incremental,-0.007547852816634253,-0.02892920926704277,-0.007484626264599091,12.719979640312182
linept_paynewl,,,2938,,,,,,,,,,,,36,6,Midweek,incremental,-0.007812498636055402,-0.013409791913035832,-0.007746857255622905,14.3342273655548
linecfbp_cfb_geek,,,1443,,,,,,,,,,,,37,6,Midweek,incremental,-0.00941907982811512,-0.030956352019694544,-0.009260016047463548,12.843173943173944
fei,,,2947,,,,,,,,,,,,38,6,Midweek,incremental,-0.009895396038116941,-0.02554269928196106,-0.009812504679778091,13.1720223956566
linept_dwig,,,2941,,,,,,,,,,,,39,6,Midweek,incremental,-0.01007932727292904,-0.02197780019333064,-0.00999472507760321,13.590020401224074
linept_big200,,,613,,,,,,,,,,,,40,6,Midweek,incremental,-0.011139724665059794,-0.020738097838529958,-0.010711441735065731,13.737716150081567
linept_kerns,,,2947,,,,,,,,,,,,41,6,Midweek,incremental,-0.011045155062834836,-0.022767761703962223,-0.010952632449015749,13.744991516796745
teamrankings,,,2947,,,,,,,,,,,,42,6,Midweek,incremental,-0.011165714990996108,-0.04843891345202052,-0.011072182475585612,12.62072955548015
linecfbp_cfb_victory,,,422,,,,,,,,,,,,43,6,Midweek,incremental,-0.013711045350638669,-0.028595681767889874,-0.012964500639479962,13.793601895734596
linept_dunk,,,2613,,,,,,,,,,,,44,6,Midweek,incremental,-0.013819981742260354,-0.03306245602626687,-0.013689626237733407,13.371308840413317
linecfbp_wilson_ratings,,,1959,,,,,,,,,,,,45,6,Midweek,incremental,-0.015313465530105458,-0.046992663283068524,-0.015121704077046036,12.949719244512506
linept_argh,,,2947,,,,,,,,,,,,46,6,Midweek,incremental,-0.01533445632297781,-0.038101541704431946,-0.015206003261664935,13.273837801153716
linept_payne,,,2938,,,,,,,,,,,,47,6,Midweek,incremental,-0.016362492673562046,-0.034745458396540495,-0.016225013403939857,13.704894486044926
linecfbp_dratings,,,1959,,,,,,,,,,,,48,6,Midweek,incremental,-0.017709845097353863,-0.06343359565518225,-0.017488075203227066,12.836600306278715
linept_born,,,2946,,,,,,,,,,,,49,6,Midweek,incremental,-0.0191767246240782,-0.05021084269048232,-0.019016031958800774,13.262362525458247
linept_bill,,,2946,,,,,,,,,,,,50,6,Midweek,incremental,-0.01978990274913153,-0.04073931300154632,-0.019624071916146308,13.74467413441955
linept_rwp,,,2819,,,,,,,,,,,,51,6,Midweek,incremental,-0.020793282138671754,-0.04249328157816881,-0.020611296473699466,13.787506207875131
linecfbp_beta_rank,,,1959,,,,,,,,,,,,52,6,Midweek,incremental,-0.022977944468329882,-0.05531427493283287,-0.022690205288005014,13.563603879530373
linept_how,,,2945,,,,,,,,,,,,53,6,Midweek,incremental,-0.024742811305944024,-0.05649629446247835,-0.024535407720285743,13.471830220713073
linept_curry,,,2944,,,,,,,,,,,,54,6,Midweek,incremental,-0.026001063096645526,-0.05907881983729138,-0.025783039265824877,13.59820991847826
linept_wayward,,,613,,,,,,,,,,,,55,6,Midweek,incremental,-0.027045513659912035,-0.08002034976092672,-0.02600570951916944,13.039494290375204
linept_bihl,,,1563,,,,,,,,,,,,56,6,Midweek,incremental,-0.027937948052939063,-0.09198251916001955,-0.027501527156174082,13.206391554702495
linept_pfz,,,2947,,,,,,,,,,,,57,6,Midweek,incremental,-0.03386044486461427,-0.06652324482564713,-0.03357680404235975,13.981028164234814
linept_paynep,,,2938,,,,,,,,,,,,58,6,Midweek,incremental,-0.040331417438086,-0.08511630964798121,-0.03999254890974896,13.816102791014295
linept_elo,,,2947,,,,,,,,,,,,59,6,Midweek,incremental,-0.04428893547760756,-0.11763576468200114,-0.04391793769166961,13.282738378011535
moore_ratings,,,2944,,,,,,,,,,,,60,6,Midweek,incremental,-0.049012456654217954,-0.13222344451001117,-0.048601477937003035,13.348926630434782
linept_log,,,1371,,,,,,,,,,,,61,6,Midweek,incremental,-0.05491577919714548,-0.07865350025440462,-0.05394098076272733,15.367242888402627
linecfbp_sp,SP+,1959.0,1901,974.0,927.0,39.0,-41.545454545454575,12.650025523226137,0.016947422154160223,0.5123619147816938,-0.02185452632585722,0.4898900951622703,4.0,1.0,1,6,Close (PT Updated/final),wilson,,,,
keeper,Keeper,2938.0,2875,1450.0,1425.0,55.0,-106.81818181818186,13.296997957794419,0.17097345132743363,0.5043478260869565,-0.03715415019762847,0.48607815378729863,4.0,4.0,2,6,Close (PT Updated/final),wilson,,,,
congrove,Congrove Computer Rankings,2946.0,2888,1456.0,1432.0,55.0,-108.3636363636364,13.282718940936864,0.3990936863543788,0.5041551246537396,-0.03752203475195166,0.48592677276943796,4.0,5.0,3,6,Close (PT Updated/final),wilson,,,,
linecfbp_power_rank_free,Power Rank: Free,1453.0,1404,715.0,689.0,30.0,-39.000000000000014,12.676324845147967,-0.4064005505849966,0.5092592592592593,-0.027777777777777787,0.4831203825275909,3.0,7.0,4,6,Close (PT Updated/final),wilson,,,,
linept_donchess,Donchess Inference,2947.0,2826,1416.0,1410.0,55.0,-122.72727272727276,12.716328469630133,0.042429589412962265,0.5010615711252654,-0.043427909669947896,0.48263816028914336,4.0,8.0,5,6,Close (PT Updated/final),wilson,,,,
massey,Massey Ratings,2947.0,2888,1446.0,1442.0,55.0,-127.4545454545455,12.937074991516797,0.042863929419748856,0.5006925207756233,-0.0441324603374465,0.48246815756135775,4.0,9.0,6,6,Close (PT Updated/final),wilson,,,,
linept_talis,Talisman Red,2895.0,2840,1419.0,1421.0,54.0,-131.00000000000003,13.221778929188257,0.14278756476683943,0.49964788732394366,-0.04612676056338029,0.48127175724733745,4.0,10.0,7,6,Close (PT Updated/final),wilson,,,,
espn_fpi,ESPN FPI,2947.0,2886,1440.0,1446.0,55.0,-136.90909090909093,12.560481845945029,-0.012629793009840524,0.498960498960499,-0.04743904743904745,0.480732154418994,4.0,11.0,8,6,Close (PT Updated/final),wilson,,,,
linecfbp_power_rank,Power Rank,1957.0,1903,956.0,947.0,39.0,-77.90909090909093,12.552376085845681,0.040981093510475256,0.5023646873357857,-0.040940142358954774,0.4799182130366906,4.0,12.0,9,6,Close (PT Updated/final),wilson,,,,
linept_kerns,Stephen Kerns,2947.0,2881,1434.0,1447.0,55.0,-143.3636363636364,13.744991516796741,0.4784899898201561,0.49774383894481083,-0.049761762014452066,0.4795014720100095,4.0,13.0,10,6,Close (PT Updated/final),wilson,,,,
linecfbp_jp,JP+,1453.0,1412,713.0,699.0,30.0,-50.81818181818184,12.753269098417068,-0.3101858224363385,0.5049575070821529,-0.035990213752253426,0.4789011474421345,3.0,14.0,11,6,Close (PT Updated/final),wilson,,,,
linecfbp_professor_sides,Professor Sides,1957.0,1897,951.0,946.0,39.0,-81.45454545454548,12.695247828308634,0.01471640265712819,0.5013178703215604,-0.042938611204293875,0.4788379328850719,4.0,15.0,12,6,Close (PT Updated/final),wilson,,,,
linept_laz,Laz Index,2945.0,2886,1434.0,1452.0,55.0,-148.3636363636364,12.9409779286927,0.07746689303904927,0.4968814968814969,-0.05140805140805142,0.47865623071093916,4.0,16.0,13,6,Close (PT Updated/final),wilson,,,,
teamrankings,TeamRankings.com,2947.0,2848,1415.0,1433.0,55.0,-146.63636363636368,12.62072955548015,0.04434679334916866,0.49683988764044945,-0.05148748723186927,0.47849369328757435,4.0,17.0,14,6,Close (PT Updated/final),wilson,,,,
piratings_bias,PI-Rate Bias,2947.0,2873,1423.0,1450.0,55.0,-156.3636363636364,12.789144893111638,-0.030115371564302718,0.49530107901148623,-0.054425212796253536,0.4770372512732563,4.0,19.0,15,6,Close (PT Updated/final),wilson,,,,
linecfbp_room44_bets,Room44 Bets,1957.0,1893,945.0,948.0,39.0,-88.90909090909093,13.038937148696986,-0.1295861011752683,0.49920760697305866,-0.04696729577870625,0.4767082005907968,4.0,20.0,16,6,Close (PT Updated/final),wilson,,,,
piratings,Pi-Ratings,2947.0,2871,1420.0,1451.0,55.0,-160.09090909090912,12.727387173396675,0.03616898540889041,0.4946011842563567,-0.05576137551059182,0.47633220005316573,4.0,21.0,17,6,Close (PT Updated/final),wilson,,,,
sagarin_predictor,Sagarin Predictor,2947.0,2885,1424.0,1461.0,55.0,-166.4545454545455,12.71687818120122,-0.06492704445198523,0.4935875216637782,-0.05769654955096898,0.47536462562137366,4.0,23.0,18,6,Close (PT Updated/final),wilson,,,,
linecfbp_kford,KFord,937.0,902,458.0,444.0,24.0,-27.63636363636365,12.261152614727855,-0.08292422625400216,0.5077605321507761,-0.030638984075791187,0.47517095718855684,2.0,24.0,19,6,Close (PT Updated/final),wilson,,,,
linept_dwig,DP Dwiggins,2941.0,2795,1377.0,1418.0,54.0,-166.18181818181822,13.590020401224074,0.14272356341380482,0.4926654740608229,-0.059456822247519935,0.47415377968071093,4.0,25.0,20,6,Close (PT Updated/final),wilson,,,,
linept_loud,Loudsound.org,2870.0,2748,1353.0,1395.0,55.0,-165.00000000000003,14.39198606271777,0.06376306620209059,0.4923580786026201,-0.06004366812227075,0.47368965571589594,4.0,26.0,21,6,Close (PT Updated/final),wilson,,,,
harville,David Harville,2947.0,2889,1419.0,1470.0,55.0,-180.00000000000003,12.719979640312182,0.11188327112317609,0.49117341640706125,-0.06230529595015577,0.47296766216402136,4.0,28.0,22,6,Close (PT Updated/final),wilson,,,,
piratings_mean,Pi-Ratings Mean,2947.0,2852,1401.0,1451.0,55.0,-177.3636363636364,12.655829657278588,0.0071021377672209245,0.491234221598878,-0.06218921331123296,0.47291086606248484,4.0,29.0,23,6,Close (PT Updated/final),wilson,,,,
fei,FEI Projections,2947.0,2865,1407.0,1458.0,55.0,-178.90909090909093,13.172022395656601,-0.03813030200203601,0.49109947643979057,-0.06244645406949073,0.47281792445311016,4.0,30.0,24,6,Close (PT Updated/final),wilson,,,,
linept_pig,Pigskin Index,2920.0,2719,1336.0,1383.0,54.0,-168.4545454545455,12.819859589041098,-0.10070890410958903,0.4913571165869805,-0.061954595606673594,0.4725916222884679,4.0,31.0,25,6,Close (PT Updated/final),wilson,,,,
linept_clean,Cleanup Hitter,2908.0,2780,1365.0,1415.0,55.0,-174.09090909090912,14.051237964236588,-0.00036451169188444766,0.4910071942446043,-0.06262262916939176,0.4724490141013145,4.0,32.0,26,6,Close (PT Updated/final),wilson,,,,
linecfbp_cbcr2_power,CBCR2: Power,937.0,905,457.0,448.0,24.0,-32.54545454545456,12.81120597652081,0.2726787620064033,0.5049723756906077,-0.03596182822702161,0.4724461734468488,2.0,33.0,27,6,Close (PT Updated/final),wilson,,,,
dokter_entropy,Dokter Entropy,2946.0,2882,1412.0,1470.0,55.0,-186.3636363636364,12.546303462321793,-0.054490835030549925,0.4899375433726579,-0.06466468992492588,0.47171223231043585,4.0,34.0,28,6,Close (PT Updated/final),wilson,,,,
sagarin_golden_mean,Sagarin Golden Mean,2947.0,2890,1415.0,1475.0,55.0,-188.63636363636368,12.811174075330845,-0.09710553104852394,0.48961937716262977,-0.06527209814407048,0.47141991597285704,4.0,35.0,29,6,Close (PT Updated/final),wilson,,,,
linept_dunk,Dunkel Index,2613.0,2562,1257.0,1305.0,51.0,-162.2727272727273,13.371308840413317,-0.02098354381936473,0.49063231850117095,-0.0633383010432191,0.47130319934043263,4.0,36.0,30,6,Close (PT Updated/final),wilson,,,,
linept_log,Logistic Regression,1371.0,1349,671.0,678.0,22.0,-68.00000000000003,15.367242888402627,0.4046462436177972,0.49740548554484804,-0.050407709414381045,0.4707695038363366,4.0,37.0,31,6,Close (PT Updated/final),wilson,,,,
linecfbp_cfb_graphs,CFB Graphs,1452.0,1411,701.0,710.0,30.0,-72.72727272727275,12.831818181818182,-0.057438016528925676,0.4968107725017718,-0.05154307067843568,0.47076657221309987,3.0,38.0,32,6,Close (PT Updated/final),wilson,,,,
linept_pfz,PerformanZ Ratings,2947.0,2890,1413.0,1477.0,55.0,-192.4545454545455,13.981028164234814,0.20586698337292172,0.4889273356401384,-0.06659326832337215,0.47072933343866746,4.0,39.0,33,6,Close (PT Updated/final),wilson,,,,
sagarin,Sagarin Ratings,2947.0,2885,1409.0,1476.0,55.0,-195.09090909090912,12.66915846623685,-0.06774686121479466,0.4883882149046794,-0.06762249881833939,0.47017564608344503,4.0,41.0,34,6,Close (PT Updated/final),wilson,,,,
linept_argh,Argh Ratings,2947.0,2789,1362.0,1427.0,55.0,-188.81818181818184,13.273837801153716,0.09144893111638955,0.4883470778056651,-0.06770103328009389,0.4698244972946366,4.0,42.0,35,6,Close (PT Updated/final),wilson,,,,
linecfbp_dratings,DRatings,1959.0,1892,930.0,962.0,39.0,-116.54545454545458,12.836600306278713,-0.056202143950995584,0.4915433403805497,-0.06159907745531426,0.46905671575725594,4.0,44.0,36,6,Close (PT Updated/final),wilson,,,,
linecfbp_tshoe_index,TShoe Index,1453.0,1389,687.0,702.0,30.0,-77.45454545454547,12.783413626978664,-0.20199587061252589,0.4946004319654428,-0.05576281170233655,0.46835851183439337,3.0,45.0,37,6,Close (PT Updated/final),wilson,,,,
linecfbp_cfb_geek,CFB Geek,1443.0,1397,690.0,707.0,33.0,-79.72727272727275,12.843173943173944,0.10429660429660431,0.49391553328561205,-0.057070345545649784,0.4677508988269055,3.0,46.0,38,6,Close (PT Updated/final),wilson,,,,
sagarin_recent,Sagarin Recent,2947.0,2886,1399.0,1487.0,55.0,-215.18181818181822,12.836979979640313,0.01996606718696985,0.48475398475398473,-0.07456057456057458,0.46655295094021326,4.0,48.0,39,6,Close (PT Updated/final),wilson,,,,
linecfbp_wilson_ratings,Wilson Ratings,1959.0,1902,930.0,972.0,39.0,-126.54545454545458,12.949719244512506,-0.13767228177641652,0.4889589905362776,-0.06653283624892459,0.4665388597872138,4.0,49.0,40,6,Close (PT Updated/final),wilson,,,,
linept_born,Born Power Index,2946.0,2891,1400.0,1491.0,55.0,-218.2727272727273,13.262362525458247,0.18695179904955872,0.48426150121065376,-0.07550077041602467,0.4660773841450753,4.0,50.0,41,6,Close (PT Updated/final),wilson,,,,
linept_how,Howell,2945.0,2791,1345.0,1446.0,55.0,-223.2727272727273,13.471830220713072,-0.10916129032258064,0.4819061268362594,-0.0799973942216866,0.4634061189820801,4.0,52.0,42,6,Close (PT Updated/final),wilson,,,,
linept_rwp,Laffaye RWP,2819.0,2759,1329.0,1430.0,55.0,-221.81818181818184,13.787506207875134,0.22447676481021636,0.48169626676332006,-0.08039803617911628,0.4630901518690542,4.0,53.0,43,6,Close (PT Updated/final),wilson,,,,
linept_payne,linepayne,2938.0,2882,1387.0,1495.0,54.0,-234.09090909090912,13.704894486044926,0.441279782164738,0.4812630117973629,-0.08122515929594348,0.46305835442471693,4.0,54.0,44,6,Close (PT Updated/final),wilson,,,,
moore_ratings,Moore Power Ratings,2944.0,2889,1388.0,1501.0,55.0,-239.18181818181822,13.348926630434782,0.05196331521739131,0.48044305988231223,-0.0827905220428585,0.46226264359432906,4.0,55.0,45,6,Close (PT Updated/final),wilson,,,,
linept_paynewl,linepaynewl,2938.0,2880,1383.0,1497.0,54.0,-239.72727272727278,14.334227365554801,0.358284547311096,0.48020833333333335,-0.08323863636363638,0.4620002601602282,4.0,57.0,46,6,Close (PT Updated/final),wilson,,,,
linept_elo,Beck Elo,2947.0,2887,1386.0,1501.0,55.0,-241.00000000000003,13.282738378011535,0.03169664065150996,0.4800831312781434,-0.08347765846899897,0.46189743199922073,4.0,58.0,47,6,Close (PT Updated/final),wilson,,,,
linept_pugh,Pugh Ratings,2941.0,2885,1381.0,1504.0,55.0,-248.5454545454546,13.032414144848692,0.10835430125807544,0.478682842287695,-0.08615093745076416,0.46049482465066066,4.0,59.0,48,6,Close (PT Updated/final),wilson,,,,
linept_bill,Billingsley,2946.0,2890,1383.0,1507.0,55.0,-249.72727272727278,13.74467413441955,0.17155804480651723,0.47854671280276817,-0.08641082101289715,0.4603747829630691,4.0,60.0,49,6,Close (PT Updated/final),wilson,,,,
linept_bihl,Bihl System,1563.0,1538,746.0,792.0,25.0,-113.81818181818184,13.206391554702495,0.08889955214331406,0.4850455136540962,-0.07400401938763448,0.46013657324077656,4.0,61.0,50,6,Close (PT Updated/final),wilson,,,,
linept_kam,Edward Kambour,2945.0,2887,1376.0,1511.0,55.0,-260.0909090909091,12.95425466893039,-0.029677419354838662,0.47661932802216833,-0.09009037377586045,0.4584436965032013,4.0,62.0,51,6,Close (PT Updated/final),wilson,,,,
linecfbp_trent_sorensen,Trent Sorensen,422.0,410,207.0,203.0,9.0,-14.818181818181824,14.27962085308057,-0.3748815165876777,0.5048780487804878,-0.0361419068736142,0.4566623278700759,1.0,63.0,52,6,Close (PT Updated/final),wilson,,,,
linept_curry,Daniel Curry Index,2944.0,2887,1365.0,1522.0,55.0,-281.0909090909091,13.598209918478263,0.09143682065217391,0.4728091444405958,-0.09736436061340807,0.4546455997848343,4.0,64.0,53,6,Close (PT Updated/final),wilson,,,,
linept_paynep,linepaynep,2938.0,2883,1361.0,1522.0,54.0,-284.72727272727275,13.816102791014295,0.5351157249829817,0.4720776968435657,-0.09876076057137452,0.4539040419871548,4.0,65.0,54,6,Close (PT Updated/final),wilson,,,,
linecfbp_john_harris,John Harris,422.0,404,201.0,203.0,9.0,-20.272727272727277,12.573222748815166,0.08033175355450245,0.4975247524752475,-0.05018001800180019,0.4490228887456661,1.0,66.0,55,6,Close (PT Updated/final),wilson,,,,
linecfbp_beta_rank,Beta_Rank,1959.0,1907,894.0,1013.0,39.0,-200.2727272727273,13.563603879530373,0.32603369065849924,0.4687991609858416,-0.10501978357248416,0.44648702906197707,4.0,67.0,56,6,Close (PT Updated/final),wilson,,,,
linecfbp_matt_grissom,Matt Grissom,422.0,413,203.0,210.0,9.0,-25.45454545454546,12.838388625592417,0.13886255924170632,0.4915254237288136,-0.06163328197226504,0.443611303725424,1.0,68.0,57,6,Close (PT Updated/final),wilson,,,,
linecfbp_sportsline,SportsLine,937.0,888,422.0,466.0,24.0,-82.36363636363637,12.783351120597652,0.13660618996798293,0.4752252252252252,-0.09275184275184277,0.44255693226032305,2.0,69.0,58,6,Close (PT Updated/final),wilson,,,,
linept_big200,Big 200,613.0,600,288.0,312.0,13.0,-50.181818181818194,13.737716150081566,0.180489396411093,0.48,-0.08363636363636366,0.4402788116987365,1.0,70.0,59,6,Close (PT Updated/final),wilson,,,,
linept_wayward,Waywardtrends,613.0,600,288.0,312.0,13.0,-50.181818181818194,13.039494290375204,0.2888254486133769,0.48,-0.08363636363636366,0.4402788116987365,1.0,71.0,60,6,Close (PT Updated/final),wilson,,,,
linecfbp_cfb_victory,CFB Victory,422.0,398,194.0,204.0,9.0,-27.63636363636364,13.793601895734596,-0.6357819905213269,0.48743718592964824,-0.06943809958885337,0.43868586750576605,1.0,74.0,61,6,Close (PT Updated/final),wilson,,,,
linecfbp_kford,KFord,937.0,902,458.0,444.0,24.0,-27.63636363636365,12.261152614727855,-0.08292422625400216,0.5077605321507761,-0.030638984075791187,0.47517095718855684,2.0,24.0,1,6,Close (PT Updated/final),mae,,,,
dokter_entropy,Dokter Entropy,2946.0,2882,1412.0,1470.0,55.0,-186.3636363636364,12.546303462321793,-0.054490835030549925,0.4899375433726579,-0.06466468992492588,0.47171223231043585,4.0,34.0,2,6,Close (PT Updated/final),mae,,,,
linecfbp_power_rank,Power Rank,1957.0,1903,956.0,947.0,39.0,-77.90909090909093,12.552376085845681,0.040981093510475256,0.5023646873357857,-0.040940142358954774,0.4799182130366906,4.0,12.0,3,6,Close (PT Updated/final),mae,,,,
espn_fpi,ESPN FPI,2947.0,2886,1440.0,1446.0,55.0,-136.90909090909093,12.560481845945029,-0.012629793009840524,0.498960498960499,-0.04743904743904745,0.480732154418994,4.0,11.0,4,6,Close (PT Updated/final),mae,,,,
linecfbp_john_harris,John Harris,422.0,404,201.0,203.0,9.0,-20.272727272727277,12.573222748815166,0.08033175355450245,0.4975247524752475,-0.05018001800180019,0.4490228887456661,1.0,66.0,5,6,Close (PT Updated/final),mae,,,,
teamrankings,TeamRankings.com,2947.0,2848,1415.0,1433.0,55.0,-146.63636363636368,12.62072955548015,0.04434679334916866,0.49683988764044945,-0.05148748723186927,0.47849369328757435,4.0,17.0,6,6,Close (PT Updated/final),mae,,,,
linecfbp_sp,SP+,1959.0,1901,974.0,927.0,39.0,-41.545454545454575,12.650025523226137,0.016947422154160223,0.5123619147816938,-0.02185452632585722,0.4898900951622703,4.0,1.0,7,6,Close (PT Updated/final),mae,,,,
piratings_mean,Pi-Ratings Mean,2947.0,2852,1401.0,1451.0,55.0,-177.3636363636364,12.655829657278588,0.0071021377672209245,0.491234221598878,-0.06218921331123296,0.47291086606248484,4.0,29.0,8,6,Close (PT Updated/final),mae,,,,
sagarin,Sagarin Ratings,2947.0,2885,1409.0,1476.0,55.0,-195.09090909090912,12.66915846623685,-0.06774686121479466,0.4883882149046794,-0.06762249881833939,0.47017564608344503,4.0,41.0,9,6,Close (PT Updated/final),mae,,,,
linecfbp_power_rank_free,Power Rank: Free,1453.0,1404,715.0,689.0,30.0,-39.000000000000014,12.676324845147967,-0.4064005505849966,0.5092592592592593,-0.027777777777777787,0.4831203825275909,3.0,7.0,10,6,Close (PT Updated/final),mae,,,,
linecfbp_professor_sides,Professor Sides,1957.0,1897,951.0,946.0,39.0,-81.45454545454548,12.695247828308634,0.01471640265712819,0.5013178703215604,-0.042938611204293875,0.4788379328850719,4.0,15.0,11,6,Close (PT Updated/final),mae,,,,
linept_donchess,Donchess Inference,2947.0,2826,1416.0,1410.0,55.0,-122.72727272727276,12.716328469630133,0.042429589412962265,0.5010615711252654,-0.043427909669947896,0.48263816028914336,4.0,8.0,12,6,Close (PT Updated/final),mae,,,,
sagarin_predictor,Sagarin Predictor,2947.0,2885,1424.0,1461.0,55.0,-166.4545454545455,12.71687818120122,-0.06492704445198523,0.4935875216637782,-0.05769654955096898,0.47536462562137366,4.0,23.0,13,6,Close (PT Updated/final),mae,,,,
harville,David Harville,2947.0,2889,1419.0,1470.0,55.0,-180.00000000000003,12.719979640312182,0.11188327112317609,0.49117341640706125,-0.06230529595015577,0.47296766216402136,4.0,28.0,14,6,Close (PT Updated/final),mae,,,,
piratings,Pi-Ratings,2947.0,2871,1420.0,1451.0,55.0,-160.09090909090912,12.727387173396675,0.03616898540889041,0.4946011842563567,-0.05576137551059182,0.47633220005316573,4.0,21.0,15,6,Close (PT Updated/final),mae,,,,
linecfbp_jp,JP+,1453.0,1412,713.0,699.0,30.0,-50.81818181818184,12.753269098417068,-0.3101858224363385,0.5049575070821529,-0.035990213752253426,0.4789011474421345,3.0,14.0,16,6,Close (PT Updated/final),mae,,,,
linecfbp_sportsline,SportsLine,937.0,888,422.0,466.0,24.0,-82.36363636363637,12.783351120597652,0.13660618996798293,0.4752252252252252,-0.09275184275184277,0.44255693226032305,2.0,69.0,17,6,Close (PT Updated/final),mae,,,,
linecfbp_tshoe_index,TShoe Index,1453.0,1389,687.0,702.0,30.0,-77.45454545454547,12.783413626978664,-0.20199587061252589,0.4946004319654428,-0.05576281170233655,0.46835851183439337,3.0,45.0,18,6,Close (PT Updated/final),mae,,,,
piratings_bias,PI-Rate Bias,2947.0,2873,1423.0,1450.0,55.0,-156.3636363636364,12.789144893111638,-0.030115371564302718,0.49530107901148623,-0.054425212796253536,0.4770372512732563,4.0,19.0,19,6,Close (PT Updated/final),mae,,,,
sagarin_golden_mean,Sagarin Golden Mean,2947.0,2890,1415.0,1475.0,55.0,-188.63636363636368,12.811174075330845,-0.09710553104852394,0.48961937716262977,-0.06527209814407048,0.47141991597285704,4.0,35.0,20,6,Close (PT Updated/final),mae,,,,
linecfbp_cbcr2_power,CBCR2: Power,937.0,905,457.0,448.0,24.0,-32.54545454545456,12.81120597652081,0.2726787620064033,0.5049723756906077,-0.03596182822702161,0.4724461734468488,2.0,33.0,21,6,Close (PT Updated/final),mae,,,,
linept_pig,Pigskin Index,2920.0,2719,1336.0,1383.0,54.0,-168.4545454545455,12.819859589041098,-0.10070890410958903,0.4913571165869805,-0.061954595606673594,0.4725916222884679,4.0,31.0,22,6,Close (PT Updated/final),mae,,,,
linecfbp_cfb_graphs,CFB Graphs,1452.0,1411,701.0,710.0,30.0,-72.72727272727275,12.831818181818182,-0.057438016528925676,0.4968107725017718,-0.05154307067843568,0.47076657221309987,3.0,38.0,23,6,Close (PT Updated/final),mae,,,,
linecfbp_dratings,DRatings,1959.0,1892,930.0,962.0,39.0,-116.54545454545458,12.836600306278713,-0.056202143950995584,0.4915433403805497,-0.06159907745531426,0.46905671575725594,4.0,44.0,24,6,Close (PT Updated/final),mae,,,,
sagarin_recent,Sagarin Recent,2947.0,2886,1399.0,1487.0,55.0,-215.18181818181822,12.836979979640313,0.01996606718696985,0.48475398475398473,-0.07456057456057458,0.46655295094021326,4.0,48.0,25,6,Close (PT Updated/final),mae,,,,
linecfbp_matt_grissom,Matt Grissom,422.0,413,203.0,210.0,9.0,-25.45454545454546,12.838388625592417,0.13886255924170632,0.4915254237288136,-0.06163328197226504,0.443611303725424,1.0,68.0,26,6,Close (PT Updated/final),mae,,,,
linecfbp_cfb_geek,CFB Geek,1443.0,1397,690.0,707.0,33.0,-79.72727272727275,12.843173943173944,0.10429660429660431,0.49391553328561205,-0.057070345545649784,0.4677508988269055,3.0,46.0,27,6,Close (PT Updated/final),mae,,,,
massey,Massey Ratings,2947.0,2888,1446.0,1442.0,55.0,-127.4545454545455,12.937074991516797,0.042863929419748856,0.5006925207756233,-0.0441324603374465,0.48246815756135775,4.0,9.0,28,6,Close (PT Updated/final),mae,,,,
linept_laz,Laz Index,2945.0,2886,1434.0,1452.0,55.0,-148.3636363636364,12.9409779286927,0.07746689303904927,0.4968814968814969,-0.05140805140805142,0.47865623071093916,4.0,16.0,29,6,Close (PT Updated/final),mae,,,,
linecfbp_wilson_ratings,Wilson Ratings,1959.0,1902,930.0,972.0,39.0,-126.54545454545458,12.949719244512506,-0.13767228177641652,0.4889589905362776,-0.06653283624892459,0.4665388597872138,4.0,49.0,30,6,Close (PT Updated/final),mae,,,,
linept_kam,Edward Kambour,2945.0,2887,1376.0,1511.0,55.0,-260.0909090909091,12.95425466893039,-0.029677419354838662,0.47661932802216833,-0.09009037377586045,0.4584436965032013,4.0,62.0,31,6,Close (PT Updated/final),mae,,,,
linept_pugh,Pugh Ratings,2941.0,2885,1381.0,1504.0,55.0,-248.5454545454546,13.032414144848692,0.10835430125807544,0.478682842287695,-0.08615093745076416,0.46049482465066066,4.0,59.0,32,6,Close (PT Updated/final),mae,,,,
linecfbp_room44_bets,Room44 Bets,1957.0,1893,945.0,948.0,39.0,-88.90909090909093,13.038937148696986,-0.1295861011752683,0.49920760697305866,-0.04696729577870625,0.4767082005907968,4.0,20.0,33,6,Close (PT Updated/final),mae,,,,
linept_wayward,Waywardtrends,613.0,600,288.0,312.0,13.0,-50.181818181818194,13.039494290375204,0.2888254486133769,0.48,-0.08363636363636366,0.4402788116987365,1.0,71.0,34,6,Close (PT Updated/final),mae,,,,
fei,FEI Projections,2947.0,2865,1407.0,1458.0,55.0,-178.90909090909093,13.172022395656601,-0.03813030200203601,0.49109947643979057,-0.06244645406949073,0.47281792445311016,4.0,30.0,35,6,Close (PT Updated/final),mae,,,,
linept_bihl,Bihl System,1563.0,1538,746.0,792.0,25.0,-113.81818181818184,13.206391554702495,0.08889955214331406,0.4850455136540962,-0.07400401938763448,0.46013657324077656,4.0,61.0,36,6,Close (PT Updated/final),mae,,,,
linept_talis,Talisman Red,2895.0,2840,1419.0,1421.0,54.0,-131.00000000000003,13.221778929188257,0.14278756476683943,0.49964788732394366,-0.04612676056338029,0.48127175724733745,4.0,10.0,37,6,Close (PT Updated/final),mae,,,,
linept_born,Born Power Index,2946.0,2891,1400.0,1491.0,55.0,-218.2727272727273,13.262362525458247,0.18695179904955872,0.48426150121065376,-0.07550077041602467,0.4660773841450753,4.0,50.0,38,6,Close (PT Updated/final),mae,,,,
linept_argh,Argh Ratings,2947.0,2789,1362.0,1427.0,55.0,-188.81818181818184,13.273837801153716,0.09144893111638955,0.4883470778056651,-0.06770103328009389,0.4698244972946366,4.0,42.0,39,6,Close (PT Updated/final),mae,,,,
congrove,Congrove Computer Rankings,2946.0,2888,1456.0,1432.0,55.0,-108.3636363636364,13.282718940936864,0.3990936863543788,0.5041551246537396,-0.03752203475195166,0.48592677276943796,4.0,5.0,40,6,Close (PT Updated/final),mae,,,,
linept_elo,Beck Elo,2947.0,2887,1386.0,1501.0,55.0,-241.00000000000003,13.282738378011535,0.03169664065150996,0.4800831312781434,-0.08347765846899897,0.46189743199922073,4.0,58.0,41,6,Close (PT Updated/final),mae,,,,
keeper,Keeper,2938.0,2875,1450.0,1425.0,55.0,-106.81818181818186,13.296997957794419,0.17097345132743363,0.5043478260869565,-0.03715415019762847,0.48607815378729863,4.0,4.0,42,6,Close (PT Updated/final),mae,,,,
moore_ratings,Moore Power Ratings,2944.0,2889,1388.0,1501.0,55.0,-239.18181818181822,13.348926630434782,0.05196331521739131,0.48044305988231223,-0.0827905220428585,0.46226264359432906,4.0,55.0,43,6,Close (PT Updated/final),mae,,,,
linept_dunk,Dunkel Index,2613.0,2562,1257.0,1305.0,51.0,-162.2727272727273,13.371308840413317,-0.02098354381936473,0.49063231850117095,-0.0633383010432191,0.47130319934043263,4.0,36.0,44,6,Close (PT Updated/final),mae,,,,
linept_how,Howell,2945.0,2791,1345.0,1446.0,55.0,-223.2727272727273,13.471830220713072,-0.10916129032258064,0.4819061268362594,-0.0799973942216866,0.4634061189820801,4.0,52.0,45,6,Close (PT Updated/final),mae,,,,
linecfbp_beta_rank,Beta_Rank,1959.0,1907,894.0,1013.0,39.0,-200.2727272727273,13.563603879530373,0.32603369065849924,0.4687991609858416,-0.10501978357248416,0.44648702906197707,4.0,67.0,46,6,Close (PT Updated/final),mae,,,,
linept_dwig,DP Dwiggins,2941.0,2795,1377.0,1418.0,54.0,-166.18181818181822,13.590020401224074,0.14272356341380482,0.4926654740608229,-0.059456822247519935,0.47415377968071093,4.0,25.0,47,6,Close (PT Updated/final),mae,,,,
linept_curry,Daniel Curry Index,2944.0,2887,1365.0,1522.0,55.0,-281.0909090909091,13.598209918478263,0.09143682065217391,0.4728091444405958,-0.09736436061340807,0.4546455997848343,4.0,64.0,48,6,Close (PT Updated/final),mae,,,,
linept_payne,linepayne,2938.0,2882,1387.0,1495.0,54.0,-234.09090909090912,13.704894486044926,0.441279782164738,0.4812630117973629,-0.08122515929594348,0.46305835442471693,4.0,54.0,49,6,Close (PT Updated/final),mae,,,,
linept_big200,Big 200,613.0,600,288.0,312.0,13.0,-50.181818181818194,13.737716150081566,0.180489396411093,0.48,-0.08363636363636366,0.4402788116987365,1.0,70.0,50,6,Close (PT Updated/final),mae,,,,
linept_bill,Billingsley,2946.0,2890,1383.0,1507.0,55.0,-249.72727272727278,13.74467413441955,0.17155804480651723,0.47854671280276817,-0.08641082101289715,0.4603747829630691,4.0,60.0,51,6,Close (PT Updated/final),mae,,,,
linept_kerns,Stephen Kerns,2947.0,2881,1434.0,1447.0,55.0,-143.3636363636364,13.744991516796741,0.4784899898201561,0.49774383894481083,-0.049761762014452066,0.4795014720100095,4.0,13.0,52,6,Close (PT Updated/final),mae,,,,
linept_rwp,Laffaye RWP,2819.0,2759,1329.0,1430.0,55.0,-221.81818181818184,13.787506207875134,0.22447676481021636,0.48169626676332006,-0.08039803617911628,0.4630901518690542,4.0,53.0,53,6,Close (PT Updated/final),mae,,,,
linecfbp_cfb_victory,CFB Victory,422.0,398,194.0,204.0,9.0,-27.63636363636364,13.793601895734596,-0.6357819905213269,0.48743718592964824,-0.06943809958885337,0.43868586750576605,1.0,74.0,54,6,Close (PT Updated/final),mae,,,,
linept_paynep,linepaynep,2938.0,2883,1361.0,1522.0,54.0,-284.72727272727275,13.816102791014295,0.5351157249829817,0.4720776968435657,-0.09876076057137452,0.4539040419871548,4.0,65.0,55,6,Close (PT Updated/final),mae,,,,
linept_pfz,PerformanZ Ratings,2947.0,2890,1413.0,1477.0,55.0,-192.4545454545455,13.981028164234814,0.20586698337292172,0.4889273356401384,-0.06659326832337215,0.47072933343866746,4.0,39.0,56,6,Close (PT Updated/final),mae,,,,
linept_clean,Cleanup Hitter,2908.0,2780,1365.0,1415.0,55.0,-174.09090909090912,14.051237964236588,-0.00036451169188444766,0.4910071942446043,-0.06262262916939176,0.4724490141013145,4.0,32.0,57,6,Close (PT Updated/final),mae,,,,
linecfbp_trent_sorensen,Trent Sorensen,422.0,410,207.0,203.0,9.0,-14.818181818181824,14.27962085308057,-0.3748815165876777,0.5048780487804878,-0.0361419068736142,0.4566623278700759,1.0,63.0,58,6,Close (PT Updated/final),mae,,,,
linept_paynewl,linepaynewl,2938.0,2880,1383.0,1497.0,54.0,-239.72727272727278,14.334227365554801,0.358284547311096,0.48020833333333335,-0.08323863636363638,0.4620002601602282,4.0,57.0,59,6,Close (PT Updated/final),mae,,,,
linept_loud,Loudsound.org,2870.0,2748,1353.0,1395.0,55.0,-165.00000000000003,14.39198606271777,0.06376306620209059,0.4923580786026201,-0.06004366812227075,0.47368965571589594,4.0,26.0,60,6,Close (PT Updated/final),mae,,,,
linept_log,Logistic Regression,1371.0,1349,671.0,678.0,22.0,-68.00000000000003,15.367242888402627,0.4046462436177972,0.49740548554484804,-0.050407709414381045,0.4707695038363366,4.0,37.0,61,6,Close (PT Updated/final),mae,,,,
linecfbp_john_harris,,,422,,,,,,,,,,,,1,6,Close (PT Updated/final),incremental,0.05208202260546776,0.29050450164364383,0.049246238934111945,12.573222748815166
linecfbp_jp,,,1453,,,,,,,,,,,,2,6,Close (PT Updated/final),incremental,0.03383872057625515,0.09132350166339652,0.03327110700684352,12.753269098417068
linecfbp_cbcr2_power,,,937,,,,,,,,,,,,3,6,Close (PT Updated/final),incremental,0.032337829244912936,0.08330575947746144,0.031508090382151466,12.81120597652081
linecfbp_sportsline,,,937,,,,,,,,,,,,4,6,Close (PT Updated/final),incremental,0.026226596626879886,0.07238237753619998,0.025553662575107862,12.783351120597652
linecfbp_matt_grissom,,,422,,,,,,,,,,,,5,6,Close (PT Updated/final),incremental,0.023049890675870488,0.10870734098744343,0.021794860622596255,12.838388625592415
dokter_entropy,,,2946,,,,,,,,,,,,6,6,Close (PT Updated/final),incremental,0.017824288908798832,0.07710316011157381,0.01767492907037087,12.546303462321793
piratings,,,2947,,,,,,,,,,,,7,6,Close (PT Updated/final),incremental,0.017093756766239414,0.05786449588861984,0.016950566467234755,12.727387173396675
linecfbp_cfb_graphs,,,1452,,,,,,,,,,,,8,6,Close (PT Updated/final),incremental,0.012872077851512322,0.03828527424674853,0.01265601554544397,12.831818181818184
espn_fpi,,,2947,,,,,,,,,,,,9,6,Close (PT Updated/final),incremental,0.010792971993951038,0.044420516478825695,0.010702561857191921,12.560481845945029
piratings_mean,,,2947,,,,,,,,,,,,10,6,Close (PT Updated/final),incremental,0.010158110627112504,0.03879737752229908,0.01007301857169661,12.65582965727859
linecfbp_sp,,,1959,,,,,,,,,,,,11,6,Close (PT Updated/final),incremental,0.00959378375039005,0.034912758159896216,0.00947364648239569,12.650025523226137
piratings_bias,,,2947,,,,,,,,,,,,12,6,Close (PT Updated/final),incremental,0.009178213897852531,0.030737446600857803,0.009101330202224086,12.789144893111638
congrove,,,2946,,,,,,,,,,,,13,6,Close (PT Updated/final),incremental,0.00814698750602665,0.01933309256011344,0.008078719271383412,13.282718940936864
massey,,,2947,,,,,,,,,,,,14,6,Close (PT Updated/final),incremental,0.007413578410077293,0.02181482161670635,0.00735147664252845,12.937074991516797
linept_laz,,,2945,,,,,,,,,,,,15,6,Close (PT Updated/final),incremental,0.005803258087896922,0.01584574010214787,0.0057546129876677055,12.940977928692696
linecfbp_room44_bets,,,1957,,,,,,,,,,,,16,6,Close (PT Updated/final),incremental,0.005157641805826706,0.014095440335413706,0.005092990944925535,13.038937148696986
linecfbp_kford,,,937,,,,,,,,,,,,17,6,Close (PT Updated/final),incremental,-0.0023709231055431116,-0.009313883752556021,-0.0023100888724723284,12.261152614727855
sagarin_predictor,,,2947,,,,,,,,,,,,18,6,Close (PT Updated/final),incremental,-0.003666014820412875,-0.013038402758910446,-0.003635305493875177,12.71687818120122
linept_clean,,,2908,,,,,,,,,,,,19,6,Close (PT Updated/final),incremental,-0.004456616217890219,-0.007803596460795471,-0.004418789899571065,14.051237964236588
linept_talis,,,2895,,,,,,,,,,,,20,6,Close (PT Updated/final),incremental,-0.004626232674269564,-0.011799529922060164,-0.00458679263084486,13.221778929188257
sagarin,,,2947,,,,,,,,,,,,21,6,Close (PT Updated/final),incremental,-0.004799052545511336,-0.018405845688303144,-0.004758852033808253,12.66915846623685
keeper,,,2938,,,,,,,,,,,,22,6,Close (PT Updated/final),incremental,-0.004862007810375236,-0.01194169582446537,-0.00482115674348689,13.296997957794419
linecfbp_trent_sorensen,,,422,,,,,,,,,,,,23,6,Close (PT Updated/final),incremental,-0.0060081608930033035,-0.010762264471566965,-0.005681026044874947,14.27962085308057
linecfbp_professor_sides,,,1957,,,,,,,,,,,,24,6,Close (PT Updated/final),incremental,-0.0061081447219338905,-0.022518109240362343,-0.006031579339992119,12.695247828308634
linecfbp_tshoe_index,,,1453,,,,,,,,,,,,25,6,Close (PT Updated/final),incremental,-0.007010877378398325,-0.021729673879422116,-0.006893276326535497,12.783413626978668
linept_pig,,,2920,,,,,,,,,,,,26,6,Close (PT Updated/final),incremental,-0.007619118370611461,-0.025796158247530922,-0.007554712157098472,12.819859589041098
sagarin_golden_mean,,,2947,,,,,,,,,,,,27,6,Close (PT Updated/final),incremental,-0.007784611443789229,-0.02448847922461298,-0.007719401621541565,12.811174075330845
sagarin_recent,,,2947,,,,,,,,,,,,28,6,Close (PT Updated/final),incremental,-0.008297090501161127,-0.026235420462445914,-0.008227587764812588,12.836979979640313
linept_loud,,,2870,,,,,,,,,,,,29,6,Close (PT Updated/final),incremental,-0.009144549654831177,-0.014628921570018895,-0.009065919221358968,14.39198606271777
linept_donchess,,,2947,,,,,,,,,,,,30,6,Close (PT Updated/final),incremental,-0.009994460993682387,-0.0369999466660666,-0.00991073979198012,12.716328469630133
linept_pugh,,,2941,,,,,,,,,,,,31,6,Close (PT Updated/final),incremental,-0.01054626909369803,-0.031209121266117294,-0.010457747559109094,13.032414144848692
linept_paynewl,,,2938,,,,,,,,,,,,32,6,Close (PT Updated/final),incremental,-0.010909352714163378,-0.018455667478044474,-0.010817691261772488,14.3342273655548
linept_kam,,,2945,,,,,,,,,,,,33,6,Close (PT Updated/final),incremental,-0.01108315404733419,-0.034468005896208506,-0.010990250865824336,12.95425466893039
linecfbp_cfb_victory,,,422,,,,,,,,,,,,34,6,Close (PT Updated/final),incremental,-0.012924788992104252,-0.026267818413042796,-0.012221054694817558,13.793601895734596
linecfbp_power_rank_free,,,1453,,,,,,,,,,,,35,6,Close (PT Updated/final),incremental,-0.012666506253246345,-0.04339166099633435,-0.012454037202882042,12.676324845147972
linept_dwig,,,2941,,,,,,,,,,,,36,6,Close (PT Updated/final),incremental,-0.012630978448149805,-0.0272852179740626,-0.012524958623920385,13.590020401224074
harville,,,2947,,,,,,,,,,,,37,6,Close (PT Updated/final),incremental,-0.013341194117250753,-0.05037032161986592,-0.013229438135177737,12.719979640312182
fei,,,2947,,,,,,,,,,,,38,6,Close (PT Updated/final),incremental,-0.014021429171967715,-0.03623724921692412,-0.013903975024054948,13.1720223956566
linecfbp_power_rank,,,1957,,,,,,,,,,,,39,6,Close (PT Updated/final),incremental,-0.014703097982775058,-0.0704072816835217,-0.014518795160227978,12.552376085845681
linept_big200,,,613,,,,,,,,,,,,40,6,Close (PT Updated/final),incremental,-0.015240193547331022,-0.029007862542149928,-0.014654262122418868,13.737716150081567
linept_kerns,,,2947,,,,,,,,,,,,41,6,Close (PT Updated/final),incremental,-0.01482027084025213,-0.03001522732986998,-0.014696124987355884,13.744991516796745
teamrankings,,,2947,,,,,,,,,,,,42,6,Close (PT Updated/final),incremental,-0.01608019072492745,-0.06842154375295545,-0.01594549082545878,12.62072955548015
linecfbp_cfb_geek,,,1443,,,,,,,,,,,,43,6,Close (PT Updated/final),incremental,-0.01655802290939289,-0.05492523793939036,-0.016278400932284064,12.843173943173944
linept_dunk,,,2613,,,,,,,,,,,,44,6,Close (PT Updated/final),incremental,-0.018783103739211778,-0.04446509900814723,-0.018605934115534222,13.371308840413317
linept_argh,,,2947,,,,,,,,,,,,45,6,Close (PT Updated/final),incremental,-0.020151798117802662,-0.049843354456333346,-0.019982991340133475,13.273837801153716
linept_payne,,,2938,,,,,,,,,,,,46,6,Close (PT Updated/final),incremental,-0.020371340947961544,-0.042722933415763324,-0.02020017894162033,13.704894486044926
linecfbp_wilson_ratings,,,1959,,,,,,,,,,,,47,6,Close (PT Updated/final),incremental,-0.020903260374701357,-0.06387913170712213,-0.02064150123368577,12.949719244512506
linept_born,,,2946,,,,,,,,,,,,48,6,Close (PT Updated/final),incremental,-0.022891820809767274,-0.059326925087266225,-0.02269999724390368,13.262362525458247
linept_bill,,,2946,,,,,,,,,,,,49,6,Close (PT Updated/final),incremental,-0.023417107072098042,-0.047919791419848895,-0.02322088183435449,13.74467413441955
linecfbp_dratings,,,1959,,,,,,,,,,,,50,6,Close (PT Updated/final),incremental,-0.023857752124354422,-0.0844467689528111,-0.023558995634185457,12.836600306278715
linept_rwp,,,2819,,,,,,,,,,,,51,6,Close (PT Updated/final),incremental,-0.024846040820258496,-0.05042214569055727,-0.024628584853930127,13.787506207875131
linept_how,,,2945,,,,,,,,,,,,52,6,Close (PT Updated/final),incremental,-0.02786438230609807,-0.06335862560767172,-0.027630812533812353,13.471830220713073
linecfbp_beta_rank,,,1959,,,,,,,,,,,,53,6,Close (PT Updated/final),incremental,-0.028048843202588485,-0.0667245169515221,-0.027697604162765,13.563603879530373
linept_bihl,,,1563,,,,,,,,,,,,54,6,Close (PT Updated/final),incremental,-0.028672500969362007,-0.0929785105077758,-0.02822460556337755,13.206391554702495
linept_curry,,,2944,,,,,,,,,,,,55,6,Close (PT Updated/final),incremental,-0.02965029601247721,-0.06694866651511297,-0.02940167267359379,13.59820991847826
linept_wayward,,,613,,,,,,,,,,,,56,6,Close (PT Updated/final),incremental,-0.035771038143049674,-0.10598503623449601,-0.03439576851247371,13.039494290375204
linept_pfz,,,2947,,,,,,,,,,,,57,6,Close (PT Updated/final),incremental,-0.03711748826453357,-0.07246636293907033,-0.03680656397120342,13.981028164234814
linept_paynep,,,2938,,,,,,,,,,,,58,6,Close (PT Updated/final),incremental,-0.044224605508408905,-0.09250072280831324,-0.04385302603174095,13.816102791014295
linept_elo,,,2947,,,,,,,,,,,,59,6,Close (PT Updated/final),incremental,-0.04811609292005899,-0.12674129966439454,-0.04771303595450262,13.282738378011535
moore_ratings,,,2944,,,,,,,,,,,,60,6,Close (PT Updated/final),incremental,-0.053062883491847665,-0.14194635962047672,-0.052617941179670634,13.348926630434782
linept_log,,,1371,,,,,,,,,,,,61,6,Close (PT Updated/final),incremental,-0.056931875956471714,-0.08083385956108927,-0.055921290212953,15.367242888402627
linept_big200,Big 200,894.0,879,466.0,413.0,15.0,10.636363636363626,13.33765100671141,0.09467561521252794,0.5301478953356087,0.012100527458889222,0.4970944812014655,2.0,3.0,1,7,Open,wilson,,,,
linecfbp_room44_bets,Room44 Bets,2156.0,2069,1073.0,996.0,47.0,-20.54545454545458,12.897077922077921,-0.14911873840445272,0.5186080231996133,-0.009930137528010913,0.4970638237159124,5.0,4.0,2,7,Open,wilson,,,,
espn_fpi,ESPN FPI,3229.0,3155,1617.0,1538.0,66.0,-68.00000000000004,12.540154846701766,-0.012654072468256413,0.5125198098256736,-0.021553090332805086,0.4950737509532235,5.0,5.0,3,7,Open,wilson,,,,
congrove,Congrove Computer Rankings,3228.0,3157,1617.0,1540.0,66.0,-70.00000000000004,13.233082403965303,0.3861059479553904,0.5121951219512195,-0.022172949002217307,0.494754703312973,5.0,6.0,4,7,Open,wilson,,,,
linept_laz,Laz Index,3227.0,3159,1618.0,1541.0,66.0,-70.09090909090914,12.876386736907344,0.08945150294391081,0.51218740107629,-0.022187688854355535,0.4947525049835002,5.0,7.0,5,7,Open,wilson,,,,
massey,Massey Ratings,3229.0,3158,1612.0,1546.0,66.0,-80.54545454545459,12.878240941467945,0.04642304118922273,0.5104496516782774,-0.025505210432379542,0.49301273781132304,5.0,8.0,6,7,Open,wilson,,,,
keeper,Keeper,3220.0,3150,1606.0,1544.0,66.0,-84.00000000000004,13.212863354037266,0.13630434782608689,0.5098412698412699,-0.02666666666666668,0.4923825493441841,5.0,10.0,7,7,Open,wilson,,,,
linept_kerns,Stephen Kerns,3229.0,3144,1594.0,1550.0,66.0,-100.90909090909095,13.668795292660267,0.4854320222979251,0.5069974554707379,-0.03209576682859127,0.48952389211006264,5.0,11.0,8,7,Open,wilson,,,,
harville,David Harville,3229.0,3159,1599.0,1560.0,66.0,-106.3636363636364,12.676571694022915,0.1154691855063488,0.5061728395061729,-0.03367003367003368,0.4887414039111,5.0,12.0,9,7,Open,wilson,,,,
linecfbp_jp,JP+,1652.0,1607,824.0,783.0,29.0,-33.909090909090935,12.70230024213075,-0.2685230024213075,0.5127566894835096,-0.0211008655314816,0.48831723130306304,4.0,13.0,10,7,Open,wilson,,,,
linept_loud,Loudsound.org,3147.0,2979,1504.0,1475.0,65.0,-107.72727272727278,14.410231966952653,-0.005401970130282809,0.50486740516952,-0.03616222649455279,0.4869186572329608,5.0,14.0,11,7,Open,wilson,,,,
sagarin_predictor,Sagarin Predictor,3229.0,3158,1592.0,1566.0,66.0,-118.72727272727276,12.64401672344379,-0.03684422421802422,0.5041165294490184,-0.03759571650641949,0.48668409802084567,5.0,15.0,12,7,Open,wilson,,,,
linecfbp_trent_sorensen,Trent Sorensen,621.0,604,318.0,286.0,12.0,3.0909090909090837,14.080193236714974,-0.2409017713365538,0.5264900662251656,0.005117399157134245,0.4866294240750415,2.0,17.0,13,7,Open,wilson,,,,
linecfbp_professor_sides,Professor Sides,2152.0,2086,1058.0,1028.0,47.0,-66.18181818181822,12.71854089219331,-0.029786245353159876,0.5071907957813998,-0.03172666259914584,0.4857429183898332,5.0,18.0,14,7,Open,wilson,,,,
linept_how,Howell,3227.0,3059,1538.0,1521.0,66.0,-122.81818181818186,13.413721722962505,-0.14223737217229623,0.5027786858450474,-0.04014978156854588,0.4850680315183095,5.0,21.0,15,7,Open,wilson,,,,
linept_pfz,PerformanZ Ratings,3229.0,3163,1588.0,1575.0,66.0,-131.3636363636364,13.899231960359245,0.1584577268504181,0.5020550110654441,-0.04153134251142472,0.4846384087954046,5.0,22.0,16,7,Open,wilson,,,,
linept_donchess,Donchess Inference,3229.0,3078,1546.0,1532.0,66.0,-126.54545454545459,12.670678228553731,0.007754722824403811,0.50227420402859,-0.04111288321814639,0.4846187781551052,5.0,23.0,17,7,Open,wilson,,,,
linecfbp_sp,SP+,2158.0,2089,1057.0,1032.0,47.0,-71.09090909090912,12.602131603336423,-0.016867469879518152,0.5059837242699856,-0.03403107184820925,0.4845527696654437,5.0,24.0,18,7,Open,wilson,,,,
linecfbp_tshoe_index,TShoe Index,1652.0,1587,808.0,779.0,29.0,-44.45454545454548,12.657869249394675,-0.13740920096852294,0.5091367359798362,-0.028011685856676422,0.4845487947614468,4.0,25.0,19,7,Open,wilson,,,,
dokter_entropy,Dokter Entropy,3228.0,3159,1583.0,1576.0,66.0,-136.90909090909096,12.520179677819083,-0.026177199504337015,0.50110794555239,-0.043339376672710025,0.48368137792014076,5.0,26.0,20,7,Open,wilson,,,,
linept_dunk,Dunkel Index,2810.0,2753,1382.0,1371.0,56.0,-114.63636363636368,13.278277580071176,0.021288256227758044,0.5019978205593898,-0.041640524386619575,0.483330864325666,5.0,27.0,21,7,Open,wilson,,,,
linept_elo,Beck Elo,3229.0,3161,1579.0,1582.0,66.0,-146.5454545454546,13.202753174357387,0.022270052647878624,0.49952546662448594,-0.04636047280779962,0.4821062925085383,5.0,28.0,22,7,Open,wilson,,,,
linept_pugh,Pugh Ratings,3223.0,3156,1576.0,1580.0,66.0,-147.2727272727273,12.955795842382873,0.10785913744958116,0.49936628643852976,-0.046664362253715876,0.48193353620321316,5.0,30.0,23,7,Open,wilson,,,,
linept_rwp,Laffaye RWP,3101.0,3036,1517.0,1519.0,62.0,-139.90909090909096,13.715733634311512,0.1787584650112866,0.4996706192358366,-0.046083363277039185,0.4818967343180017,5.0,31.0,24,7,Open,wilson,,,,
linept_pig,Pigskin Index,3195.0,2945,1470.0,1475.0,66.0,-138.63636363636368,12.749924882629106,-0.07764319248826289,0.499151103565365,-0.04707516592066679,0.4811057604312672,5.0,32.0,25,7,Open,wilson,,,,
piratings_bias,PI-Rate Bias,3229.0,3134,1562.0,1572.0,66.0,-152.00000000000003,12.752462062558067,-0.029817280891916993,0.49840459476707083,-0.04850031908104659,0.48091209407881913,5.0,33.0,26,7,Open,wilson,,,,
piratings,Pi-Ratings,3229.0,3140,1564.0,1576.0,66.0,-154.18181818181822,12.707841436977391,0.042917311861257294,0.4980891719745223,-0.049102489866821086,0.48061379358168294,5.0,34.0,27,7,Open,wilson,,,,
piratings_mean,Pi-Ratings Mean,3229.0,3133,1560.0,1573.0,66.0,-154.81818181818187,12.620294208733354,0.013852585939919521,0.4979253112033195,-0.04941531497548097,0.48043067123831723,5.0,35.0,28,7,Open,wilson,,,,
fei,FEI Projections,3229.0,3136,1561.0,1575.0,66.0,-155.90909090909093,13.086138123257975,-0.049111179931867414,0.49776785714285715,-0.0497159090909091,0.4802817920248317,5.0,36.0,29,7,Open,wilson,,,,
sagarin_recent,Sagarin Recent,3229.0,3159,1570.0,1589.0,66.0,-161.72727272727278,12.759284608237843,0.036342520904304676,0.4969927192149414,-0.05119571786238455,0.4795714218399772,5.0,37.0,30,7,Open,wilson,,,,
linept_dwig,DP Dwiggins,3221.0,3037,1508.0,1529.0,66.0,-158.09090909090912,13.512496119217634,0.12519403911828625,0.49654264076391175,-0.05205495854162302,0.4787760505549419,5.0,38.0,31,7,Open,wilson,,,,
linecfbp_wilson_ratings,Wilson Ratings,2158.0,2088,1044.0,1044.0,47.0,-94.90909090909093,12.85,-0.15908248378127895,0.5,-0.04545454545454547,0.4785733777903063,5.0,39.0,32,7,Open,wilson,,,,
linept_fluker,Slate Fluker,98.0,95,55.0,40.0,1.0,9.999999999999998,11.458775510204083,-0.9730612244897958,0.5789473684210527,0.10526315789473682,0.4784963648984185,1.0,41.0,33,7,Open,wilson,,,,
linecfbp_dratings,DRatings,2158.0,2071,1032.0,1039.0,47.0,-100.81818181818184,12.741936978683967,-0.1090361445783132,0.4983099951714148,-0.048680918309117256,0.47679902523883233,5.0,43.0,34,7,Open,wilson,,,,
linecfbp_cfb_geek,CFB Geek,1642.0,1586,795.0,791.0,38.0,-68.2727272727273,12.733556638246041,0.11760048721071865,0.5012610340479193,-0.04304711681760864,0.4766803680206952,4.0,44.0,35,7,Open,wilson,,,,
sagarin_golden_mean,Sagarin Golden Mean,3229.0,3158,1559.0,1599.0,66.0,-181.72727272727278,12.739266026633631,-0.07816971198513481,0.493666877770741,-0.057545051528585425,0.47624794850161567,5.0,45.0,36,7,Open,wilson,,,,
teamrankings,TeamRankings.com,3229.0,3123,1540.0,1583.0,66.0,-183.00000000000003,12.583521213998141,0.05556209352740782,0.4931155939801473,-0.058597502401536994,0.4756004229929202,5.0,46.0,37,7,Open,wilson,,,,
linecfbp_power_rank,Power Rank,2156.0,2091,1039.0,1052.0,47.0,-107.45454545454548,12.479730983302412,0.05505565862708717,0.4968914395026303,-0.05138907004043304,0.4754862786406739,5.0,47.0,38,7,Open,wilson,,,,
sagarin,Sagarin Ratings,3229.0,3160,1554.0,1606.0,66.0,-193.2727272727273,12.598513471663052,-0.043053576958810735,0.4917721518987342,-0.061162255466052945,0.47436198750277725,5.0,50.0,39,7,Open,wilson,,,,
linept_curry,Daniel Curry Index,3226.0,3157,1548.0,1609.0,66.0,-201.72727272727278,13.440468071915685,0.062414755114693125,0.49033892936331963,-0.06389840757911713,0.47292314424877474,5.0,55.0,40,7,Open,wilson,,,,
moore_ratings,Moore Power Ratings,3226.0,3157,1548.0,1609.0,66.0,-201.72727272727278,13.269277743335401,0.04334469931804093,0.49033892936331963,-0.06389840757911713,0.47292314424877474,5.0,56.0,41,7,Open,wilson,,,,
linecfbp_beta_rank,Beta_Rank,2158.0,2100,1037.0,1063.0,47.0,-120.27272727272731,13.437534754402225,0.21714550509731234,0.4938095238095238,-0.05727272727272729,0.47245703408071954,5.0,57.0,42,7,Open,wilson,,,,
linept_clean,Cleanup Hitter,3188.0,3046,1491.0,1555.0,66.0,-199.5454545454546,14.099121706398996,0.0034378920953576026,0.48949441891004597,-0.0655106548080941,0.4717664224192917,5.0,59.0,43,7,Open,wilson,,,,
linept_bill,Billingsley,3228.0,3160,1545.0,1615.0,66.0,-210.4545454545455,13.625557620817844,0.13419454770755887,0.4889240506329114,-0.06659953970080554,0.47151925811999,5.0,60.0,44,7,Open,wilson,,,,
linept_talis,Talisman Red,3175.0,3108,1520.0,1588.0,65.0,-206.18181818181822,13.154702362204722,0.11804094488188982,0.48906048906048905,-0.06633906633906635,0.4715107177101436,5.0,61.0,45,7,Open,wilson,,,,
linecfbp_john_harris,John Harris,621.0,604,306.0,298.0,12.0,-19.818181818181824,12.25523349436393,0.011433172302737306,0.5066225165562914,-0.032811559301625534,0.4668354274128835,2.0,67.0,46,7,Open,wilson,,,,
linept_wayward,Waywardtrends,895.0,879,439.0,440.0,15.0,-40.90909090909092,12.80191061452514,0.16325139664804486,0.49943117178612056,-0.04654049022649707,0.46645168727432607,2.0,68.0,47,7,Open,wilson,,,,
linept_kam,Edward Kambour,3227.0,3159,1524.0,1635.0,66.0,-249.5454545454546,12.881468856523087,-0.02451812829253166,0.48243114909781576,-0.07899507899507902,0.4650379701867694,5.0,70.0,48,7,Open,wilson,,,,
linecfbp_cfb_graphs,CFB Graphs,1651.0,1606,780.0,826.0,29.0,-116.90909090909092,12.85832828588734,-0.015324046032707457,0.48567870485678705,-0.0727951998188611,0.46129832754422345,4.0,71.0,49,7,Open,wilson,,,,
linecfbp_kford,KFord,1136.0,1104,541.0,563.0,20.0,-71.1818181818182,12.18661971830986,-0.06285211267605624,0.490036231884058,-0.06447628458498025,0.46063379551544914,3.0,72.0,50,7,Open,wilson,,,,
linecfbp_sportsline,SportsLine,1136.0,1078,528.0,550.0,20.0,-70.00000000000001,12.649647887323944,0.11619718309859155,0.4897959183673469,-0.06493506493506494,0.4600438221849341,3.0,73.0,51,7,Open,wilson,,,,
linecfbp_matt_grissom,Matt Grissom,621.0,607,303.0,304.0,12.0,-28.545454545454554,12.48792270531401,0.04057971014492745,0.49917627677100496,-0.047027107982626944,0.4595305380604792,2.0,74.0,52,7,Open,wilson,,,,
linecfbp_cfb_victory,CFB Victory,621.0,598,298.0,300.0,12.0,-29.0909090909091,13.263929146537842,-0.6156199677938807,0.4983277591973244,-0.04864700516874432,0.45839231019084975,2.0,76.0,53,7,Open,wilson,,,,
linecfbp_ryder_analytics,Ryder Analytics,74.0,73,41.0,32.0,1.0,5.272727272727272,12.062162162162162,-3.721621621621622,0.5616438356164384,0.07222914072229139,0.447577763251736,1.0,77.0,54,7,Open,wilson,,,,
linecfbp_oddstrader_ai,OddsTrader AI,588.0,563,260.0,303.0,9.0,-66.63636363636364,13.403061224489797,0.11054421768707483,0.46181172291296624,-0.11835943807524625,0.4210288066945156,2.0,79.0,55,7,Open,wilson,,,,
linecfbp_sportsratings,SportsRatings,74.0,73,35.0,38.0,1.0,-6.1818181818181825,11.87027027027027,-1.0540540540540544,0.4794520547945205,-0.08468244084682441,0.3687745445673386,1.0,80.0,56,7,Open,wilson,,,,
linecfbp_pearatings,PEARatings,74.0,72,34.0,38.0,1.0,-7.090909090909092,11.405405405405405,-2.348648648648649,0.4722222222222222,-0.0984848484848485,0.36126510337834705,1.0,81.0,57,7,Open,wilson,,,,
linecfbp_david_sasser,David Sasser,74.0,73,34.0,39.0,1.0,-8.090909090909092,11.044594594594592,-2.985135135135135,0.4657534246575342,-0.11083437110834372,0.3559204166394807,1.0,82.0,58,7,Open,wilson,,,,
linecfbp_mcillece_sports,McIllece Sports,74.0,70,31.0,39.0,1.0,-10.818181818181818,11.402702702702703,-0.8594594594594596,0.44285714285714284,-0.15454545454545454,0.3324952890930533,1.0,83.0,59,7,Open,wilson,,,,
linecfbp_david_sasser,David Sasser,74.0,73,34.0,39.0,1.0,-8.090909090909092,11.044594594594592,-2.985135135135135,0.4657534246575342,-0.11083437110834372,0.3559204166394807,1.0,82.0,1,7,Open,mae,,,,
linecfbp_mcillece_sports,McIllece Sports,74.0,70,31.0,39.0,1.0,-10.818181818181818,11.402702702702703,-0.8594594594594596,0.44285714285714284,-0.15454545454545454,0.3324952890930533,1.0,83.0,2,7,Open,mae,,,,
linecfbp_pearatings,PEARatings,74.0,72,34.0,38.0,1.0,-7.090909090909092,11.405405405405405,-2.348648648648649,0.4722222222222222,-0.0984848484848485,0.36126510337834705,1.0,81.0,3,7,Open,mae,,,,
linept_fluker,Slate Fluker,98.0,95,55.0,40.0,1.0,9.999999999999998,11.458775510204083,-0.9730612244897958,0.5789473684210527,0.10526315789473682,0.4784963648984185,1.0,41.0,4,7,Open,mae,,,,
linecfbp_sportsratings,SportsRatings,74.0,73,35.0,38.0,1.0,-6.1818181818181825,11.87027027027027,-1.0540540540540544,0.4794520547945205,-0.08468244084682441,0.3687745445673386,1.0,80.0,5,7,Open,mae,,,,
linecfbp_ryder_analytics,Ryder Analytics,74.0,73,41.0,32.0,1.0,5.272727272727272,12.062162162162162,-3.721621621621622,0.5616438356164384,0.07222914072229139,0.447577763251736,1.0,77.0,6,7,Open,mae,,,,
linecfbp_kford,KFord,1136.0,1104,541.0,563.0,20.0,-71.1818181818182,12.18661971830986,-0.06285211267605624,0.490036231884058,-0.06447628458498025,0.46063379551544914,3.0,72.0,7,7,Open,mae,,,,
linecfbp_john_harris,John Harris,621.0,604,306.0,298.0,12.0,-19.818181818181824,12.25523349436393,0.011433172302737306,0.5066225165562914,-0.032811559301625534,0.4668354274128835,2.0,67.0,8,7,Open,mae,,,,
linecfbp_power_rank,Power Rank,2156.0,2091,1039.0,1052.0,47.0,-107.45454545454548,12.479730983302412,0.05505565862708717,0.4968914395026303,-0.05138907004043304,0.4754862786406739,5.0,47.0,9,7,Open,mae,,,,
linecfbp_matt_grissom,Matt Grissom,621.0,607,303.0,304.0,12.0,-28.545454545454554,12.48792270531401,0.04057971014492745,0.49917627677100496,-0.047027107982626944,0.4595305380604792,2.0,74.0,10,7,Open,mae,,,,
dokter_entropy,Dokter Entropy,3228.0,3159,1583.0,1576.0,66.0,-136.90909090909096,12.520179677819083,-0.026177199504337015,0.50110794555239,-0.043339376672710025,0.48368137792014076,5.0,26.0,11,7,Open,mae,,,,
espn_fpi,ESPN FPI,3229.0,3155,1617.0,1538.0,66.0,-68.00000000000004,12.540154846701766,-0.012654072468256413,0.5125198098256736,-0.021553090332805086,0.4950737509532235,5.0,5.0,12,7,Open,mae,,,,
teamrankings,TeamRankings.com,3229.0,3123,1540.0,1583.0,66.0,-183.00000000000003,12.583521213998141,0.05556209352740782,0.4931155939801473,-0.058597502401536994,0.4756004229929202,5.0,46.0,13,7,Open,mae,,,,
sagarin,Sagarin Ratings,3229.0,3160,1554.0,1606.0,66.0,-193.2727272727273,12.598513471663052,-0.043053576958810735,0.4917721518987342,-0.061162255466052945,0.47436198750277725,5.0,50.0,14,7,Open,mae,,,,
linecfbp_sp,SP+,2158.0,2089,1057.0,1032.0,47.0,-71.09090909090912,12.602131603336423,-0.016867469879518152,0.5059837242699856,-0.03403107184820925,0.4845527696654437,5.0,24.0,15,7,Open,mae,,,,
piratings_mean,Pi-Ratings Mean,3229.0,3133,1560.0,1573.0,66.0,-154.81818181818187,12.620294208733354,0.013852585939919521,0.4979253112033195,-0.04941531497548097,0.48043067123831723,5.0,35.0,16,7,Open,mae,,,,
sagarin_predictor,Sagarin Predictor,3229.0,3158,1592.0,1566.0,66.0,-118.72727272727276,12.64401672344379,-0.03684422421802422,0.5041165294490184,-0.03759571650641949,0.48668409802084567,5.0,15.0,17,7,Open,mae,,,,
linecfbp_sportsline,SportsLine,1136.0,1078,528.0,550.0,20.0,-70.00000000000001,12.649647887323944,0.11619718309859155,0.4897959183673469,-0.06493506493506494,0.4600438221849341,3.0,73.0,18,7,Open,mae,,,,
linecfbp_tshoe_index,TShoe Index,1652.0,1587,808.0,779.0,29.0,-44.45454545454548,12.657869249394675,-0.13740920096852294,0.5091367359798362,-0.028011685856676422,0.4845487947614468,4.0,25.0,19,7,Open,mae,,,,
linept_donchess,Donchess Inference,3229.0,3078,1546.0,1532.0,66.0,-126.54545454545459,12.670678228553731,0.007754722824403811,0.50227420402859,-0.04111288321814639,0.4846187781551052,5.0,23.0,20,7,Open,mae,,,,
harville,David Harville,3229.0,3159,1599.0,1560.0,66.0,-106.3636363636364,12.676571694022915,0.1154691855063488,0.5061728395061729,-0.03367003367003368,0.4887414039111,5.0,12.0,21,7,Open,mae,,,,
linecfbp_jp,JP+,1652.0,1607,824.0,783.0,29.0,-33.909090909090935,12.70230024213075,-0.2685230024213075,0.5127566894835096,-0.0211008655314816,0.48831723130306304,4.0,13.0,22,7,Open,mae,,,,
piratings,Pi-Ratings,3229.0,3140,1564.0,1576.0,66.0,-154.18181818181822,12.707841436977391,0.042917311861257294,0.4980891719745223,-0.049102489866821086,0.48061379358168294,5.0,34.0,23,7,Open,mae,,,,
linecfbp_professor_sides,Professor Sides,2152.0,2086,1058.0,1028.0,47.0,-66.18181818181822,12.71854089219331,-0.029786245353159876,0.5071907957813998,-0.03172666259914584,0.4857429183898332,5.0,18.0,24,7,Open,mae,,,,
linecfbp_cfb_geek,CFB Geek,1642.0,1586,795.0,791.0,38.0,-68.2727272727273,12.733556638246041,0.11760048721071865,0.5012610340479193,-0.04304711681760864,0.4766803680206952,4.0,44.0,25,7,Open,mae,,,,
sagarin_golden_mean,Sagarin Golden Mean,3229.0,3158,1559.0,1599.0,66.0,-181.72727272727278,12.739266026633631,-0.07816971198513481,0.493666877770741,-0.057545051528585425,0.47624794850161567,5.0,45.0,26,7,Open,mae,,,,
linecfbp_dratings,DRatings,2158.0,2071,1032.0,1039.0,47.0,-100.81818181818184,12.741936978683967,-0.1090361445783132,0.4983099951714148,-0.048680918309117256,0.47679902523883233,5.0,43.0,27,7,Open,mae,,,,
linept_pig,Pigskin Index,3195.0,2945,1470.0,1475.0,66.0,-138.63636363636368,12.749924882629106,-0.07764319248826289,0.499151103565365,-0.04707516592066679,0.4811057604312672,5.0,32.0,28,7,Open,mae,,,,
piratings_bias,PI-Rate Bias,3229.0,3134,1562.0,1572.0,66.0,-152.00000000000003,12.752462062558067,-0.029817280891916993,0.49840459476707083,-0.04850031908104659,0.48091209407881913,5.0,33.0,29,7,Open,mae,,,,
sagarin_recent,Sagarin Recent,3229.0,3159,1570.0,1589.0,66.0,-161.72727272727278,12.759284608237843,0.036342520904304676,0.4969927192149414,-0.05119571786238455,0.4795714218399772,5.0,37.0,30,7,Open,mae,,,,
linept_wayward,Waywardtrends,895.0,879,439.0,440.0,15.0,-40.90909090909092,12.80191061452514,0.16325139664804486,0.49943117178612056,-0.04654049022649707,0.46645168727432607,2.0,68.0,31,7,Open,mae,,,,
linecfbp_wilson_ratings,Wilson Ratings,2158.0,2088,1044.0,1044.0,47.0,-94.90909090909093,12.85,-0.15908248378127895,0.5,-0.04545454545454547,0.4785733777903063,5.0,39.0,32,7,Open,mae,,,,
linecfbp_cfb_graphs,CFB Graphs,1651.0,1606,780.0,826.0,29.0,-116.90909090909092,12.85832828588734,-0.015324046032707457,0.48567870485678705,-0.0727951998188611,0.46129832754422345,4.0,71.0,33,7,Open,mae,,,,
linept_laz,Laz Index,3227.0,3159,1618.0,1541.0,66.0,-70.09090909090914,12.876386736907344,0.08945150294391081,0.51218740107629,-0.022187688854355535,0.4947525049835002,5.0,7.0,34,7,Open,mae,,,,
massey,Massey Ratings,3229.0,3158,1612.0,1546.0,66.0,-80.54545454545459,12.878240941467945,0.04642304118922273,0.5104496516782774,-0.025505210432379542,0.49301273781132304,5.0,8.0,35,7,Open,mae,,,,
linept_kam,Edward Kambour,3227.0,3159,1524.0,1635.0,66.0,-249.5454545454546,12.881468856523087,-0.02451812829253166,0.48243114909781576,-0.07899507899507902,0.4650379701867694,5.0,70.0,36,7,Open,mae,,,,
linecfbp_room44_bets,Room44 Bets,2156.0,2069,1073.0,996.0,47.0,-20.54545454545458,12.897077922077921,-0.14911873840445272,0.5186080231996133,-0.009930137528010913,0.4970638237159124,5.0,4.0,37,7,Open,mae,,,,
linept_pugh,Pugh Ratings,3223.0,3156,1576.0,1580.0,66.0,-147.2727272727273,12.955795842382873,0.10785913744958116,0.49936628643852976,-0.046664362253715876,0.48193353620321316,5.0,30.0,38,7,Open,mae,,,,
fei,FEI Projections,3229.0,3136,1561.0,1575.0,66.0,-155.90909090909093,13.086138123257975,-0.049111179931867414,0.49776785714285715,-0.0497159090909091,0.4802817920248317,5.0,36.0,39,7,Open,mae,,,,
linept_talis,Talisman Red,3175.0,3108,1520.0,1588.0,65.0,-206.18181818181822,13.154702362204722,0.11804094488188982,0.48906048906048905,-0.06633906633906635,0.4715107177101436,5.0,61.0,40,7,Open,mae,,,,
linept_elo,Beck Elo,3229.0,3161,1579.0,1582.0,66.0,-146.5454545454546,13.202753174357387,0.022270052647878624,0.49952546662448594,-0.04636047280779962,0.4821062925085383,5.0,28.0,41,7,Open,mae,,,,
keeper,Keeper,3220.0,3150,1606.0,1544.0,66.0,-84.00000000000004,13.212863354037266,0.13630434782608689,0.5098412698412699,-0.02666666666666668,0.4923825493441841,5.0,10.0,42,7,Open,mae,,,,
congrove,Congrove Computer Rankings,3228.0,3157,1617.0,1540.0,66.0,-70.00000000000004,13.233082403965303,0.3861059479553904,0.5121951219512195,-0.022172949002217307,0.494754703312973,5.0,6.0,43,7,Open,mae,,,,
linecfbp_cfb_victory,CFB Victory,621.0,598,298.0,300.0,12.0,-29.0909090909091,13.263929146537842,-0.6156199677938807,0.4983277591973244,-0.04864700516874432,0.45839231019084975,2.0,76.0,44,7,Open,mae,,,,
moore_ratings,Moore Power Ratings,3226.0,3157,1548.0,1609.0,66.0,-201.72727272727278,13.269277743335401,0.04334469931804093,0.49033892936331963,-0.06389840757911713,0.47292314424877474,5.0,56.0,45,7,Open,mae,,,,
linept_dunk,Dunkel Index,2810.0,2753,1382.0,1371.0,56.0,-114.63636363636368,13.278277580071176,0.021288256227758044,0.5019978205593898,-0.041640524386619575,0.483330864325666,5.0,27.0,46,7,Open,mae,,,,
linept_big200,Big 200,894.0,879,466.0,413.0,15.0,10.636363636363626,13.33765100671141,0.09467561521252794,0.5301478953356087,0.012100527458889222,0.4970944812014655,2.0,3.0,47,7,Open,mae,,,,
linecfbp_oddstrader_ai,OddsTrader AI,588.0,563,260.0,303.0,9.0,-66.63636363636364,13.403061224489797,0.11054421768707483,0.46181172291296624,-0.11835943807524625,0.4210288066945156,2.0,79.0,48,7,Open,mae,,,,
linept_how,Howell,3227.0,3059,1538.0,1521.0,66.0,-122.81818181818186,13.413721722962505,-0.14223737217229623,0.5027786858450474,-0.04014978156854588,0.4850680315183095,5.0,21.0,49,7,Open,mae,,,,
linecfbp_beta_rank,Beta_Rank,2158.0,2100,1037.0,1063.0,47.0,-120.27272727272731,13.437534754402225,0.21714550509731234,0.4938095238095238,-0.05727272727272729,0.47245703408071954,5.0,57.0,50,7,Open,mae,,,,
linept_curry,Daniel Curry Index,3226.0,3157,1548.0,1609.0,66.0,-201.72727272727278,13.440468071915685,0.062414755114693125,0.49033892936331963,-0.06389840757911713,0.47292314424877474,5.0,55.0,51,7,Open,mae,,,,
linept_dwig,DP Dwiggins,3221.0,3037,1508.0,1529.0,66.0,-158.09090909090912,13.512496119217634,0.12519403911828625,0.49654264076391175,-0.05205495854162302,0.4787760505549419,5.0,38.0,52,7,Open,mae,,,,
linept_bill,Billingsley,3228.0,3160,1545.0,1615.0,66.0,-210.4545454545455,13.625557620817844,0.13419454770755887,0.4889240506329114,-0.06659953970080554,0.47151925811999,5.0,60.0,53,7,Open,mae,,,,
linept_kerns,Stephen Kerns,3229.0,3144,1594.0,1550.0,66.0,-100.90909090909095,13.668795292660267,0.4854320222979251,0.5069974554707379,-0.03209576682859127,0.48952389211006264,5.0,11.0,54,7,Open,mae,,,,
linept_rwp,Laffaye RWP,3101.0,3036,1517.0,1519.0,62.0,-139.90909090909096,13.715733634311512,0.1787584650112866,0.4996706192358366,-0.046083363277039185,0.4818967343180017,5.0,31.0,55,7,Open,mae,,,,
linept_pfz,PerformanZ Ratings,3229.0,3163,1588.0,1575.0,66.0,-131.3636363636364,13.899231960359245,0.1584577268504181,0.5020550110654441,-0.04153134251142472,0.4846384087954046,5.0,22.0,56,7,Open,mae,,,,
linecfbp_trent_sorensen,Trent Sorensen,621.0,604,318.0,286.0,12.0,3.0909090909090837,14.080193236714974,-0.2409017713365538,0.5264900662251656,0.005117399157134245,0.4866294240750415,2.0,17.0,57,7,Open,mae,,,,
linept_clean,Cleanup Hitter,3188.0,3046,1491.0,1555.0,66.0,-199.5454545454546,14.099121706398996,0.0034378920953576026,0.48949441891004597,-0.0655106548080941,0.4717664224192917,5.0,59.0,58,7,Open,mae,,,,
linept_loud,Loudsound.org,3147.0,2979,1504.0,1475.0,65.0,-107.72727272727278,14.410231966952653,-0.005401970130282809,0.50486740516952,-0.03616222649455279,0.4869186572329608,5.0,14.0,59,7,Open,mae,,,,
linept_fluker,,,98,,,,,,,,,,,,1,7,Open,incremental,0.09157015618313172,0.5389731655621203,0.07451370104984265,11.45877551020408
keeper,,,3220,,,,,,,,,,,,2,7,Open,incremental,0.04322860951523773,0.09963955245723395,0.04289684245060705,13.21286335403727
linecfbp_jp,,,1652,,,,,,,,,,,,3,7,Open,incremental,0.04310682111292418,0.11791319341524929,0.042468922346637746,12.70230024213075
linecfbp_room44_bets,,,2156,,,,,,,,,,,,4,7,Open,incremental,0.04230351401601087,0.11485135915875169,0.041821351994437664,12.897077922077921
piratings,,,3229,,,,,,,,,,,,5,7,Open,incremental,0.039897773976665836,0.1350168374524425,0.039592413801443356,12.707841436977391
dokter_entropy,,,3228,,,,,,,,,,,,6,7,Open,incremental,0.03896590213031478,0.17284313213769714,0.03866758276650534,12.520179677819083
linecfbp_sp,,,2158,,,,,,,,,,,,7,7,Open,incremental,0.03811983258313579,0.13556635723509491,0.03768575064946941,12.602131603336423
piratings_bias,,,3229,,,,,,,,,,,,8,7,Open,incremental,0.03633395335834212,0.12029963855915515,0.03605586911307777,12.752462062558067
piratings_mean,,,3229,,,,,,,,,,,,9,7,Open,incremental,0.035131299014106096,0.13601353379252942,0.034862419361095506,12.620294208733357
espn_fpi,,,3229,,,,,,,,,,,,10,7,Open,incremental,0.033603754305715564,0.13507423089785,0.033346565814224086,12.540154846701766
linecfbp_john_harris,,,621,,,,,,,,,,,,11,7,Open,incremental,0.02684154491288324,0.15590568912152836,0.025822129143061468,12.25523349436393
linecfbp_professor_sides,,,2152,,,,,,,,,,,,12,7,Open,incremental,0.024794082539473968,0.0832620382894577,0.024510971151516105,12.718540892193309
linept_pig,,,3195,,,,,,,,,,,,13,7,Open,incremental,0.02450969371765736,0.08362995483383924,0.02432013407606966,12.749924882629106
linept_pugh,,,3223,,,,,,,,,,,,14,7,Open,incremental,0.024277308337232288,0.0705341769185937,0.024091158463413122,12.955795842382873
linecfbp_power_rank,,,2156,,,,,,,,,,,,15,7,Open,incremental,0.02375990466757998,0.11453828773702907,0.02348909681784506,12.479730983302412
congrove,,,3228,,,,,,,,,,,,16,7,Open,incremental,0.02060316908539734,0.050550859066426576,0.02044543311733329,13.233082403965303
sagarin_recent,,,3229,,,,,,,,,,,,17,7,Open,incremental,0.017996185309509374,0.058608352903480314,0.017858450349592513,12.759284608237843
linecfbp_sportsline,,,1136,,,,,,,,,,,,18,7,Open,incremental,0.01795210130658344,0.052320730330644764,0.01756960960208421,12.649647887323944
linecfbp_ryder_analytics,,,74,,,,,,,,,,,,19,7,Open,incremental,0.022310986150773347,-0.013674189641475773,0.017235495918139217,12.062162162162162
teamrankings,,,3229,,,,,,,,,,,,20,7,Open,incremental,0.017048509992441854,0.07232394958151767,0.016918028126420483,12.583521213998143
linecfbp_cfb_graphs,,,1651,,,,,,,,,,,,21,7,Open,incremental,0.017162583626950688,0.05022287132099444,0.016908459680584315,12.85832828588734
linept_laz,,,3227,,,,,,,,,,,,22,7,Open,incremental,0.015159182471965585,0.0433219663372531,0.015043089612465985,12.876386736907344
linecfbp_cfb_geek,,,1642,,,,,,,,,,,,23,7,Open,incremental,0.015213629410101674,0.05041454705502749,0.014987156076326284,12.733556638246041
linept_dwig,,,3221,,,,,,,,,,,,24,7,Open,incremental,0.014421561279942605,0.030849811285896745,0.014310913939688972,13.512496119217634
linecfbp_matt_grissom,,,621,,,,,,,,,,,,25,7,Open,incremental,0.014771631797073284,0.0628003481511252,0.014210619588245113,12.48792270531401
sagarin_predictor,,,3229,,,,,,,,,,,,26,7,Open,incremental,0.0130584412584504,0.052107828015718,0.012958497639712548,12.64401672344379
linecfbp_trent_sorensen,,,621,,,,,,,,,,,,27,7,Open,incremental,0.012570111216417493,0.021319383716561995,0.012092710618053313,14.080193236714974
linept_kerns,,,3229,,,,,,,,,,,,28,7,Open,incremental,0.0116969098496948,0.02265968697063823,0.011607386799026526,13.668795292660265
linept_dunk,,,2810,,,,,,,,,,,,29,7,Open,incremental,0.011580222128182806,0.027458832158025373,0.011478550080094418,13.278277580071176
sagarin,,,3229,,,,,,,,,,,,30,7,Open,incremental,0.011413050942573827,0.04965090634757381,0.011325700424279606,12.598513471663056
linept_big200,,,894,,,,,,,,,,,,31,7,Open,incremental,0.007522555769855899,0.018331854810037105,0.00732062529945862,13.33765100671141
linept_kam,,,3227,,,,,,,,,,,,32,7,Open,incremental,0.007115043439627078,0.023229819814546887,0.007060554634581177,12.881468856523087
massey,,,3229,,,,,,,,,,,,33,7,Open,incremental,0.0070486501202900766,0.02244520905800012,0.006994702823955384,12.878240941467945
harville,,,3229,,,,,,,,,,,,34,7,Open,incremental,0.003567159439760727,0.01383748305874887,0.003539857955918322,12.676571694022915
linept_talis,,,3175,,,,,,,,,,,,35,7,Open,incremental,0.0028228873931349686,0.007486154632921712,0.002800919063946777,13.154702362204727
linecfbp_tshoe_index,,,1652,,,,,,,,,,,,36,7,Open,incremental,0.00055326014618937,0.0016008033805532274,0.00054507295085513,12.657869249394675
linecfbp_beta_rank,,,2158,,,,,,,,,,,,37,7,Open,incremental,-0.0013703342503930017,-0.0033657490145039813,-0.001354729844474309,13.437534754402225
linecfbp_cfb_victory,,,621,,,,,,,,,,,,38,7,Open,incremental,-0.0033830723986130982,-0.0068945115061222325,-0.003254586599275235,13.263929146537842
fei,,,3229,,,,,,,,,,,,39,7,Open,incremental,-0.003467830222249008,-0.009332310213619079,-0.0034412889609513955,13.086138123257975
sagarin_golden_mean,,,3229,,,,,,,,,,,,40,7,Open,incremental,-0.003491842731958577,-0.012008029472449808,-0.0034651176893759046,12.739266026633631
linept_donchess,,,3229,,,,,,,,,,,,41,7,Open,incremental,-0.0035692712133281704,-0.014044554782096038,-0.0035419535668911564,12.670678228553733
linecfbp_kford,,,1136,,,,,,,,,,,,42,7,Open,incremental,-0.005689681911497713,-0.027589670070088775,-0.005568456206761458,12.18661971830986
linept_curry,,,3226,,,,,,,,,,,,43,7,Open,incremental,-0.01057056565385433,-0.024794267867030522,-0.010489588778314143,13.440468071915687
linept_loud,,,3147,,,,,,,,,,,,44,7,Open,incremental,-0.012218718573461067,-0.0197334534591162,-0.012122793721966065,14.410231966952653
linecfbp_dratings,,,2158,,,,,,,,,,,,45,7,Open,incremental,-0.013230486794854142,-0.04977141287370919,-0.013079827285037761,12.741936978683967
linept_clean,,,3188,,,,,,,,,,,,46,7,Open,incremental,-0.013338765957688885,-0.02376810649944924,-0.013235379141140303,14.099121706398996
linecfbp_wilson_ratings,,,2158,,,,,,,,,,,,47,7,Open,incremental,-0.014593473025340897,-0.047473655032675297,-0.014427292783705982,12.85
linept_pfz,,,3229,,,,,,,,,,,,48,7,Open,incremental,-0.017146767499542432,-0.033613334891517556,-0.01701553361338072,13.899231960359245
linecfbp_david_sasser,,,74,,,,,,,,,,,,49,7,Open,incremental,-0.022028976814196365,-0.13611195746960988,-0.01701764043041658,11.044594594594596
linecfbp_sportsratings,,,74,,,,,,,,,,,,50,7,Open,incremental,-0.03162567066230504,-0.023302173450231316,-0.024431197882738134,11.87027027027027
linept_rwp,,,3101,,,,,,,,,,,,51,7,Open,incremental,-0.026813068719268633,-0.056637754046853034,-0.0265994834415882,13.715733634311512
linept_how,,,3227,,,,,,,,,,,,52,7,Open,incremental,-0.028209744131072596,-0.06697013363643405,-0.027993706764414813,13.413721722962505
linept_elo,,,3229,,,,,,,,,,,,53,7,Open,incremental,-0.029859179518712687,-0.08033174058440189,-0.029630650370816712,13.202753174357387
linept_bill,,,3228,,,,,,,,,,,,54,7,Open,incremental,-0.032749352222430306,-0.07260115700524056,-0.032498626193106166,13.625557620817844
moore_ratings,,,3226,,,,,,,,,,,,55,7,Open,incremental,-0.036057147884581565,-0.09839294257024973,-0.03578092849649998,13.2692777433354
linept_wayward,,,895,,,,,,,,,,,,56,7,Open,incremental,-0.040025686387932365,-0.13207819598693632,-0.038952416174197875,12.801910614525141
linecfbp_oddstrader_ai,,,588,,,,,,,,,,,,57,7,Open,incremental,-0.07061725809273849,-0.13631822993544154,-0.06779367461356837,13.403061224489797
linecfbp_pearatings,,,74,,,,,,,,,,,,58,7,Open,incremental,-0.1476338710452551,-0.3723939001887633,-0.11404887998155054,11.405405405405407
linecfbp_mcillece_sports,,,74,,,,,,,,,,,,59,7,Open,incremental,-0.15772704279652755,-0.3077320397942915,-0.12184597238009091,11.402702702702703
congrove,Congrove Computer Rankings,3228.0,3175,1613.0,1562.0,51.0,-95.63636363636368,13.233082403965303,0.3861059479553904,0.5080314960629921,-0.030121689334287775,0.4906426739789673,5.0,1.0,1,7,Midweek,wilson,,,,
linecfbp_room44_bets,Room44 Bets,2156.0,2097,1072.0,1025.0,35.0,-50.45454545454548,12.897077922077921,-0.14911873840445272,0.5112064854554125,-0.02406034594875798,0.48981067792345884,5.0,2.0,2,7,Midweek,wilson,,,,
keeper,Keeper,3220.0,3160,1597.0,1563.0,51.0,-111.18181818181823,13.212863354037266,0.13630434782608689,0.5053797468354431,-0.03518411967779058,0.48795171149344885,5.0,3.0,3,7,Midweek,wilson,,,,
massey,Massey Ratings,3229.0,3176,1598.0,1578.0,51.0,-125.27272727272732,12.878240941467945,0.04642304118922273,0.5031486146095718,-0.039443553927181144,0.48576653205216735,5.0,4.0,4,7,Midweek,wilson,,,,
linecfbp_jp,JP+,1652.0,1606,817.0,789.0,28.0,-46.272727272727295,12.70230024213075,-0.2685230024213075,0.5087173100871731,-0.02881240801539682,0.4842756637410603,4.0,5.0,5,7,Midweek,wilson,,,,
linept_donchess,Donchess Inference,3229.0,3111,1559.0,1552.0,51.0,-134.72727272727278,12.670678228553731,0.007754722824403811,0.5011250401800065,-0.0433067414745332,0.48356468321212165,5.0,7.0,6,7,Midweek,wilson,,,,
linecfbp_sp,SP+,2158.0,2102,1060.0,1042.0,35.0,-78.36363636363639,12.602131603336423,-0.016867469879518152,0.5042816365366318,-0.03728051206643025,0.4829193281005728,5.0,8.0,7,7,Midweek,wilson,,,,
piratings_bias,PI-Rate Bias,3229.0,3163,1577.0,1586.0,51.0,-152.3636363636364,12.752462062558067,-0.029817280891916993,0.49857730003161554,-0.04817060903055213,0.4811648398177475,5.0,10.0,8,7,Midweek,wilson,,,,
linept_kerns,Stephen Kerns,3229.0,3167,1576.0,1591.0,51.0,-158.2727272727273,13.668795292660267,0.4854320222979251,0.4976318282286075,-0.04997560065447657,0.4802316232930638,5.0,11.0,9,7,Midweek,wilson,,,,
linecfbp_power_rank,Power Rank,2156.0,2099,1052.0,1047.0,35.0,-90.63636363636367,12.479730983302412,0.05505565862708717,0.5011910433539781,-0.04318073541513276,0.4798184208704356,5.0,12.0,10,7,Midweek,wilson,,,,
linept_talis,Talisman Red,3175.0,3124,1553.0,1571.0,50.0,-159.18181818181822,13.154702362204722,0.11804094488188982,0.4971190781049936,-0.05095448725410314,0.47960042050399776,5.0,13.0,11,7,Midweek,wilson,,,,
piratings,Pi-Ratings,3229.0,3151,1566.0,1585.0,51.0,-161.3636363636364,12.707841436977391,0.042917311861257294,0.49698508410028563,-0.05121029399036382,0.47954172790947863,5.0,15.0,12,7,Midweek,wilson,,,,
piratings_mean,Pi-Ratings Mean,3229.0,3136,1557.0,1579.0,51.0,-163.5454545454546,12.620294208733354,0.013852585939919521,0.49649234693877553,-0.05215097402597404,0.4790080981222476,5.0,16.0,13,7,Midweek,wilson,,,,
sagarin_predictor,Sagarin Predictor,3229.0,3172,1574.0,1598.0,51.0,-167.09090909090915,12.64401672344379,-0.03684422421802422,0.4962168978562421,-0.052676831365355975,0.4788324072042897,5.0,17.0,14,7,Midweek,wilson,,,,
linept_pfz,PerformanZ Ratings,3229.0,3176,1575.0,1601.0,51.0,-169.18181818181822,13.899231960359245,0.1584577268504181,0.4959068010075567,-0.05326883444011909,0.4785337045161915,5.0,18.0,15,7,Midweek,wilson,,,,
harville,David Harville,3229.0,3174,1573.0,1601.0,51.0,-171.00000000000003,12.676571694022915,0.1154691855063488,0.49558916194076874,-0.05387523629489604,0.4782110786930457,5.0,19.0,16,7,Midweek,wilson,,,,
linept_loud,Loudsound.org,3147.0,3022,1497.0,1525.0,50.0,-164.09090909090912,14.410231966952653,-0.005401970130282809,0.49536730641958965,-0.054298778653510626,0.47755857486438563,5.0,20.0,17,7,Midweek,wilson,,,,
espn_fpi,ESPN FPI,3229.0,3173,1570.0,1603.0,51.0,-175.72727272727278,12.540154846701766,-0.012654072468256413,0.49479987393633784,-0.055382058848809576,0.4774202745155738,5.0,21.0,18,7,Midweek,wilson,,,,
linept_laz,Laz Index,3227.0,3173,1567.0,1606.0,51.0,-181.4545454545455,12.876386736907344,0.08945150294391081,0.49385439647021745,-0.057187061284130314,0.4764763129220081,5.0,22.0,19,7,Midweek,wilson,,,,
linecfbp_tshoe_index,TShoe Index,1652.0,1563,782.0,781.0,28.0,-70.09090909090911,12.657869249394675,-0.13740920096852294,0.5003198976327575,-0.04484383179200838,0.4755616879135549,4.0,26.0,20,7,Midweek,wilson,,,,
fei,FEI Projections,3229.0,3149,1550.0,1599.0,51.0,-189.90909090909093,13.086138123257975,-0.049111179931867414,0.4922197523023182,-0.06030774560466527,0.4747784652835007,5.0,27.0,21,7,Midweek,wilson,,,,
linecfbp_dratings,DRatings,2158.0,2090,1035.0,1055.0,35.0,-114.09090909090912,12.741936978683967,-0.1090361445783132,0.49521531100478466,-0.05458895171813834,0.4738086814209055,5.0,30.0,22,7,Midweek,wilson,,,,
linept_fluker,Slate Fluker,98.0,94,54.0,40.0,3.0,9.09090909090909,11.458775510204083,-0.9730612244897958,0.574468085106383,0.09671179883945841,0.47353237624438765,1.0,31.0,23,7,Midweek,wilson,,,,
sagarin_golden_mean,Sagarin Golden Mean,3229.0,3176,1556.0,1620.0,51.0,-205.4545454545455,12.739266026633631,-0.07816971198513481,0.4899244332493703,-0.0646897183421113,0.47256150676289355,5.0,32.0,24,7,Midweek,wilson,,,,
linept_pig,Pigskin Index,3195.0,2986,1464.0,1522.0,50.0,-191.09090909090912,12.749924882629106,-0.07764319248826289,0.4902880107166778,-0.06399561590452416,0.47238155471862775,5.0,33.0,25,7,Midweek,wilson,,,,
linept_dunk,Dunkel Index,2810.0,2769,1359.0,1410.0,41.0,-174.5454545454546,13.278277580071176,0.021288256227758044,0.49079089924160346,-0.06303555599330249,0.4721964155546511,5.0,34.0,26,7,Midweek,wilson,,,,
sagarin,Sagarin Ratings,3229.0,3173,1552.0,1621.0,51.0,-210.09090909090912,12.598513471663052,-0.043053576958810735,0.4891270091396155,-0.06621207346073404,0.4717574366952912,5.0,36.0,27,7,Midweek,wilson,,,,
linept_clean,Cleanup Hitter,3188.0,3070,1500.0,1570.0,51.0,-206.3636363636364,14.099121706398996,0.0034378920953576026,0.48859934853420195,-0.06721942552561447,0.4709424556976533,5.0,39.0,28,7,Midweek,wilson,,,,
linecfbp_wilson_ratings,Wilson Ratings,2158.0,2100,1032.0,1068.0,35.0,-129.81818181818184,12.85,-0.15908248378127895,0.49142857142857144,-0.06181818181818183,0.47008192844575725,5.0,40.0,29,7,Midweek,wilson,,,,
linept_dwig,DP Dwiggins,3221.0,3070,1497.0,1573.0,50.0,-212.09090909090912,13.512496119217634,0.12519403911828625,0.48762214983713353,-0.06908498667456323,0.46996729887439814,5.0,41.0,30,7,Midweek,wilson,,,,
linept_how,Howell,3227.0,3068,1496.0,1572.0,51.0,-212.00000000000003,13.413721722962505,-0.14223737217229623,0.4876140808344198,-0.06910039113428945,0.46995350567070227,5.0,42.0,31,7,Midweek,wilson,,,,
sagarin_recent,Sagarin Recent,3229.0,3173,1543.0,1630.0,51.0,-227.2727272727273,12.759284608237843,0.036342520904304676,0.4862905767412543,-0.07162708076669629,0.4689268565798816,5.0,45.0,32,7,Midweek,wilson,,,,
moore_ratings,Moore Power Ratings,3226.0,3173,1542.0,1631.0,51.0,-229.18181818181822,13.269277743335401,0.04334469931804093,0.48597541758588086,-0.07222874824513653,0.46861238220980767,5.0,46.0,33,7,Midweek,wilson,,,,
linecfbp_professor_sides,Professor Sides,2152.0,2090,1024.0,1066.0,35.0,-135.09090909090912,12.71854089219331,-0.029786245353159876,0.48995215311004786,-0.06463679860809049,0.4685585176205608,5.0,47.0,34,7,Midweek,wilson,,,,
linept_kam,Edward Kambour,3227.0,3174,1542.0,1632.0,51.0,-230.18181818181822,12.881468856523087,-0.02451812829253166,0.48582230623818523,-0.07252105172710088,0.4684623353982425,5.0,48.0,35,7,Midweek,wilson,,,,
dokter_entropy,Dokter Entropy,3228.0,3169,1538.0,1631.0,51.0,-232.81818181818187,12.520179677819083,-0.026177199504337015,0.48532660145156203,-0.07346739722883619,0.4679540683272024,5.0,49.0,36,7,Midweek,wilson,,,,
teamrankings,TeamRankings.com,3229.0,3140,1524.0,1616.0,51.0,-230.5454545454546,12.583521213998141,0.05556209352740782,0.4853503184713376,-0.07342211928199191,0.4678978725920888,5.0,50.0,37,7,Midweek,wilson,,,,
linecfbp_john_harris,John Harris,621.0,599,304.0,295.0,12.0,-18.636363636363644,12.25523349436393,0.011433172302737306,0.5075125208681135,-0.031112460160874197,0.46755592678739744,2.0,51.0,38,7,Midweek,wilson,,,,
linecfbp_cfb_geek,CFB Geek,1642.0,1601,787.0,814.0,29.0,-98.54545454545456,12.733556638246041,0.11760048721071865,0.4915677701436602,-0.061552438816648694,0.4671288577495814,4.0,52.0,39,7,Midweek,wilson,,,,
linept_elo,Beck Elo,3229.0,3172,1534.0,1638.0,51.0,-243.4545454545455,13.202753174357387,0.022270052647878624,0.48360655737704916,-0.0767511177347243,0.46624616079573095,5.0,53.0,40,7,Midweek,wilson,,,,
linept_big200,Big 200,894.0,877,437.0,440.0,17.0,-42.72727272727274,13.33765100671141,0.09467561521252794,0.4982896237172178,-0.048719809267129696,0.4652778718647885,2.0,55.0,41,7,Midweek,wilson,,,,
linecfbp_trent_sorensen,Trent Sorensen,621.0,604,305.0,299.0,12.0,-21.727272727272737,14.080193236714974,-0.2409017713365538,0.5049668874172185,-0.03597230583985553,0.46518874574002816,2.0,56.0,42,7,Midweek,wilson,,,,
linept_bill,Billingsley,3228.0,3175,1530.0,1645.0,51.0,-254.09090909090912,13.625557620817844,0.13419454770755887,0.4818897637795276,-0.08002863278453831,0.464541684223247,5.0,57.0,43,7,Midweek,wilson,,,,
linept_rwp,Laffaye RWP,3101.0,3042,1463.0,1579.0,51.0,-249.00000000000003,13.715733634311512,0.1787584650112866,0.4809335963182117,-0.08185404339250495,0.46321375212657284,5.0,59.0,44,7,Midweek,wilson,,,,
linecfbp_sportsline,SportsLine,1136.0,1079,531.0,548.0,22.0,-65.2727272727273,12.649647887323944,0.11619718309859155,0.49212233549582945,-0.06049372314432557,0.46237321360006195,3.0,62.0,45,7,Midweek,wilson,,,,
linecfbp_ryder_analytics,Ryder Analytics,74.0,71,41.0,30.0,3.0,7.272727272727272,12.062162162162162,-3.721621621621622,0.5774647887323944,0.1024327784891165,0.4615074802202882,1.0,64.0,46,7,Midweek,wilson,,,,
linept_pugh,Pugh Ratings,3223.0,3170,1517.0,1653.0,51.0,-273.90909090909093,12.955795842382873,0.10785913744958116,0.47854889589905364,-0.0864066532836249,0.4611958139040824,5.0,65.0,47,7,Midweek,wilson,,,,
linept_curry,Daniel Curry Index,3226.0,3173,1516.0,1657.0,51.0,-278.81818181818187,13.440468071915685,0.062414755114693125,0.47778127954617083,-0.08787210268458301,0.46043847438216945,5.0,66.0,48,7,Midweek,wilson,,,,
linecfbp_cfb_graphs,CFB Graphs,1651.0,1606,776.0,830.0,27.0,-124.54545454545456,12.85832828588734,-0.015324046032707457,0.48318804483188044,-0.07755009623004643,0.4588173914922231,4.0,67.0,49,7,Midweek,wilson,,,,
linecfbp_cfb_victory,CFB Victory,621.0,588,292.0,296.0,12.0,-30.545454545454554,13.263929146537842,-0.6156199677938807,0.4965986394557823,-0.051948051948051965,0.45633923659087955,2.0,68.0,50,7,Midweek,wilson,,,,
linept_wayward,Waywardtrends,895.0,876,426.0,450.0,17.0,-62.72727272727274,12.80191061452514,0.16325139664804486,0.4863013698630137,-0.07160647571606477,0.45333536430476873,2.0,69.0,51,7,Midweek,wilson,,,,
linecfbp_matt_grissom,Matt Grissom,621.0,607,297.0,310.0,12.0,-40.00000000000001,12.48792270531401,0.04057971014492745,0.48929159802306427,-0.06589785831960462,0.44971700598173103,2.0,72.0,52,7,Midweek,wilson,,,,
linecfbp_kford,KFord,1136.0,1108,530.0,578.0,22.0,-96.1818181818182,12.18661971830986,-0.06285211267605624,0.47833935018050544,-0.08680669510994422,0.4490518824396135,3.0,73.0,53,7,Midweek,wilson,,,,
linecfbp_beta_rank,Beta_Rank,2158.0,2105,987.0,1118.0,35.0,-220.72727272727275,13.437534754402225,0.21714550509731234,0.4688836104513064,-0.10485856186568776,0.44764149658156765,5.0,74.0,54,7,Midweek,wilson,,,,
linecfbp_oddstrader_ai,OddsTrader AI,588.0,563,272.0,291.0,12.0,-43.727272727272734,13.403061224489797,0.11054421768707483,0.48312611012433393,-0.0776683352171807,0.44210262064476685,2.0,77.0,55,7,Midweek,wilson,,,,
linecfbp_pearatings,PEARatings,74.0,71,35.0,36.0,3.0,-4.1818181818181825,11.405405405405405,-2.348648648648649,0.49295774647887325,-0.05889884763124201,0.38005150511212876,1.0,80.0,56,7,Midweek,wilson,,,,
linecfbp_sportsratings,SportsRatings,74.0,70,34.0,36.0,3.0,-5.090909090909092,11.87027027027027,-1.0540540540540544,0.4857142857142857,-0.07272727272727274,0.37245878383038566,1.0,81.0,57,7,Midweek,wilson,,,,
linecfbp_mcillece_sports,McIllece Sports,74.0,71,34.0,37.0,3.0,-6.090909090909092,11.402702702702703,-0.8594594594594596,0.4788732394366197,-0.0857874519846351,0.36677523911181087,1.0,82.0,58,7,Midweek,wilson,,,,
linecfbp_david_sasser,David Sasser,74.0,71,33.0,38.0,3.0,-8.0,11.044594594594592,-2.985135135135135,0.4647887323943662,-0.11267605633802817,0.3535844784547986,1.0,83.0,59,7,Midweek,wilson,,,,
linecfbp_david_sasser,David Sasser,74.0,71,33.0,38.0,3.0,-8.0,11.044594594594592,-2.985135135135135,0.4647887323943662,-0.11267605633802817,0.3535844784547986,1.0,83.0,1,7,Midweek,mae,,,,
linecfbp_mcillece_sports,McIllece Sports,74.0,71,34.0,37.0,3.0,-6.090909090909092,11.402702702702703,-0.8594594594594596,0.4788732394366197,-0.0857874519846351,0.36677523911181087,1.0,82.0,2,7,Midweek,mae,,,,
linecfbp_pearatings,PEARatings,74.0,71,35.0,36.0,3.0,-4.1818181818181825,11.405405405405405,-2.348648648648649,0.49295774647887325,-0.05889884763124201,0.38005150511212876,1.0,80.0,3,7,Midweek,mae,,,,
linept_fluker,Slate Fluker,98.0,94,54.0,40.0,3.0,9.09090909090909,11.458775510204083,-0.9730612244897958,0.574468085106383,0.09671179883945841,0.47353237624438765,1.0,31.0,4,7,Midweek,mae,,,,
linecfbp_sportsratings,SportsRatings,74.0,70,34.0,36.0,3.0,-5.090909090909092,11.87027027027027,-1.0540540540540544,0.4857142857142857,-0.07272727272727274,0.37245878383038566,1.0,81.0,5,7,Midweek,mae,,,,
linecfbp_ryder_analytics,Ryder Analytics,74.0,71,41.0,30.0,3.0,7.272727272727272,12.062162162162162,-3.721621621621622,0.5774647887323944,0.1024327784891165,0.4615074802202882,1.0,64.0,6,7,Midweek,mae,,,,
linecfbp_kford,KFord,1136.0,1108,530.0,578.0,22.0,-96.1818181818182,12.18661971830986,-0.06285211267605624,0.47833935018050544,-0.08680669510994422,0.4490518824396135,3.0,73.0,7,7,Midweek,mae,,,,
linecfbp_john_harris,John Harris,621.0,599,304.0,295.0,12.0,-18.636363636363644,12.25523349436393,0.011433172302737306,0.5075125208681135,-0.031112460160874197,0.46755592678739744,2.0,51.0,8,7,Midweek,mae,,,,
linecfbp_power_rank,Power Rank,2156.0,2099,1052.0,1047.0,35.0,-90.63636363636367,12.479730983302412,0.05505565862708717,0.5011910433539781,-0.04318073541513276,0.4798184208704356,5.0,12.0,9,7,Midweek,mae,,,,
linecfbp_matt_grissom,Matt Grissom,621.0,607,297.0,310.0,12.0,-40.00000000000001,12.48792270531401,0.04057971014492745,0.48929159802306427,-0.06589785831960462,0.44971700598173103,2.0,72.0,10,7,Midweek,mae,,,,
dokter_entropy,Dokter Entropy,3228.0,3169,1538.0,1631.0,51.0,-232.81818181818187,12.520179677819083,-0.026177199504337015,0.48532660145156203,-0.07346739722883619,0.4679540683272024,5.0,49.0,11,7,Midweek,mae,,,,
espn_fpi,ESPN FPI,3229.0,3173,1570.0,1603.0,51.0,-175.72727272727278,12.540154846701766,-0.012654072468256413,0.49479987393633784,-0.055382058848809576,0.4774202745155738,5.0,21.0,12,7,Midweek,mae,,,,
teamrankings,TeamRankings.com,3229.0,3140,1524.0,1616.0,51.0,-230.5454545454546,12.583521213998141,0.05556209352740782,0.4853503184713376,-0.07342211928199191,0.4678978725920888,5.0,50.0,13,7,Midweek,mae,,,,
sagarin,Sagarin Ratings,3229.0,3173,1552.0,1621.0,51.0,-210.09090909090912,12.598513471663052,-0.043053576958810735,0.4891270091396155,-0.06621207346073404,0.4717574366952912,5.0,36.0,14,7,Midweek,mae,,,,
linecfbp_sp,SP+,2158.0,2102,1060.0,1042.0,35.0,-78.36363636363639,12.602131603336423,-0.016867469879518152,0.5042816365366318,-0.03728051206643025,0.4829193281005728,5.0,8.0,15,7,Midweek,mae,,,,
piratings_mean,Pi-Ratings Mean,3229.0,3136,1557.0,1579.0,51.0,-163.5454545454546,12.620294208733354,0.013852585939919521,0.49649234693877553,-0.05215097402597404,0.4790080981222476,5.0,16.0,16,7,Midweek,mae,,,,
sagarin_predictor,Sagarin Predictor,3229.0,3172,1574.0,1598.0,51.0,-167.09090909090915,12.64401672344379,-0.03684422421802422,0.4962168978562421,-0.052676831365355975,0.4788324072042897,5.0,17.0,17,7,Midweek,mae,,,,
linecfbp_sportsline,SportsLine,1136.0,1079,531.0,548.0,22.0,-65.2727272727273,12.649647887323944,0.11619718309859155,0.49212233549582945,-0.06049372314432557,0.46237321360006195,3.0,62.0,18,7,Midweek,mae,,,,
linecfbp_tshoe_index,TShoe Index,1652.0,1563,782.0,781.0,28.0,-70.09090909090911,12.657869249394675,-0.13740920096852294,0.5003198976327575,-0.04484383179200838,0.4755616879135549,4.0,26.0,19,7,Midweek,mae,,,,
linept_donchess,Donchess Inference,3229.0,3111,1559.0,1552.0,51.0,-134.72727272727278,12.670678228553731,0.007754722824403811,0.5011250401800065,-0.0433067414745332,0.48356468321212165,5.0,7.0,20,7,Midweek,mae,,,,
harville,David Harville,3229.0,3174,1573.0,1601.0,51.0,-171.00000000000003,12.676571694022915,0.1154691855063488,0.49558916194076874,-0.05387523629489604,0.4782110786930457,5.0,19.0,21,7,Midweek,mae,,,,
linecfbp_jp,JP+,1652.0,1606,817.0,789.0,28.0,-46.272727272727295,12.70230024213075,-0.2685230024213075,0.5087173100871731,-0.02881240801539682,0.4842756637410603,4.0,5.0,22,7,Midweek,mae,,,,
piratings,Pi-Ratings,3229.0,3151,1566.0,1585.0,51.0,-161.3636363636364,12.707841436977391,0.042917311861257294,0.49698508410028563,-0.05121029399036382,0.47954172790947863,5.0,15.0,23,7,Midweek,mae,,,,
linecfbp_professor_sides,Professor Sides,2152.0,2090,1024.0,1066.0,35.0,-135.09090909090912,12.71854089219331,-0.029786245353159876,0.48995215311004786,-0.06463679860809049,0.4685585176205608,5.0,47.0,24,7,Midweek,mae,,,,
linecfbp_cfb_geek,CFB Geek,1642.0,1601,787.0,814.0,29.0,-98.54545454545456,12.733556638246041,0.11760048721071865,0.4915677701436602,-0.061552438816648694,0.4671288577495814,4.0,52.0,25,7,Midweek,mae,,,,
sagarin_golden_mean,Sagarin Golden Mean,3229.0,3176,1556.0,1620.0,51.0,-205.4545454545455,12.739266026633631,-0.07816971198513481,0.4899244332493703,-0.0646897183421113,0.47256150676289355,5.0,32.0,26,7,Midweek,mae,,,,
linecfbp_dratings,DRatings,2158.0,2090,1035.0,1055.0,35.0,-114.09090909090912,12.741936978683967,-0.1090361445783132,0.49521531100478466,-0.05458895171813834,0.4738086814209055,5.0,30.0,27,7,Midweek,mae,,,,
linept_pig,Pigskin Index,3195.0,2986,1464.0,1522.0,50.0,-191.09090909090912,12.749924882629106,-0.07764319248826289,0.4902880107166778,-0.06399561590452416,0.47238155471862775,5.0,33.0,28,7,Midweek,mae,,,,
piratings_bias,PI-Rate Bias,3229.0,3163,1577.0,1586.0,51.0,-152.3636363636364,12.752462062558067,-0.029817280891916993,0.49857730003161554,-0.04817060903055213,0.4811648398177475,5.0,10.0,29,7,Midweek,mae,,,,
sagarin_recent,Sagarin Recent,3229.0,3173,1543.0,1630.0,51.0,-227.2727272727273,12.759284608237843,0.036342520904304676,0.4862905767412543,-0.07162708076669629,0.4689268565798816,5.0,45.0,30,7,Midweek,mae,,,,
linept_wayward,Waywardtrends,895.0,876,426.0,450.0,17.0,-62.72727272727274,12.80191061452514,0.16325139664804486,0.4863013698630137,-0.07160647571606477,0.45333536430476873,2.0,69.0,31,7,Midweek,mae,,,,
linecfbp_wilson_ratings,Wilson Ratings,2158.0,2100,1032.0,1068.0,35.0,-129.81818181818184,12.85,-0.15908248378127895,0.49142857142857144,-0.06181818181818183,0.47008192844575725,5.0,40.0,32,7,Midweek,mae,,,,
linecfbp_cfb_graphs,CFB Graphs,1651.0,1606,776.0,830.0,27.0,-124.54545454545456,12.85832828588734,-0.015324046032707457,0.48318804483188044,-0.07755009623004643,0.4588173914922231,4.0,67.0,33,7,Midweek,mae,,,,
linept_laz,Laz Index,3227.0,3173,1567.0,1606.0,51.0,-181.4545454545455,12.876386736907344,0.08945150294391081,0.49385439647021745,-0.057187061284130314,0.4764763129220081,5.0,22.0,34,7,Midweek,mae,,,,
massey,Massey Ratings,3229.0,3176,1598.0,1578.0,51.0,-125.27272727272732,12.878240941467945,0.04642304118922273,0.5031486146095718,-0.039443553927181144,0.48576653205216735,5.0,4.0,35,7,Midweek,mae,,,,
linept_kam,Edward Kambour,3227.0,3174,1542.0,1632.0,51.0,-230.18181818181822,12.881468856523087,-0.02451812829253166,0.48582230623818523,-0.07252105172710088,0.4684623353982425,5.0,48.0,36,7,Midweek,mae,,,,
linecfbp_room44_bets,Room44 Bets,2156.0,2097,1072.0,1025.0,35.0,-50.45454545454548,12.897077922077921,-0.14911873840445272,0.5112064854554125,-0.02406034594875798,0.48981067792345884,5.0,2.0,37,7,Midweek,mae,,,,
linept_pugh,Pugh Ratings,3223.0,3170,1517.0,1653.0,51.0,-273.90909090909093,12.955795842382873,0.10785913744958116,0.47854889589905364,-0.0864066532836249,0.4611958139040824,5.0,65.0,38,7,Midweek,mae,,,,
fei,FEI Projections,3229.0,3149,1550.0,1599.0,51.0,-189.90909090909093,13.086138123257975,-0.049111179931867414,0.4922197523023182,-0.06030774560466527,0.4747784652835007,5.0,27.0,39,7,Midweek,mae,,,,
linept_talis,Talisman Red,3175.0,3124,1553.0,1571.0,50.0,-159.18181818181822,13.154702362204722,0.11804094488188982,0.4971190781049936,-0.05095448725410314,0.47960042050399776,5.0,13.0,40,7,Midweek,mae,,,,
linept_elo,Beck Elo,3229.0,3172,1534.0,1638.0,51.0,-243.4545454545455,13.202753174357387,0.022270052647878624,0.48360655737704916,-0.0767511177347243,0.46624616079573095,5.0,53.0,41,7,Midweek,mae,,,,
keeper,Keeper,3220.0,3160,1597.0,1563.0,51.0,-111.18181818181823,13.212863354037266,0.13630434782608689,0.5053797468354431,-0.03518411967779058,0.48795171149344885,5.0,3.0,42,7,Midweek,mae,,,,
congrove,Congrove Computer Rankings,3228.0,3175,1613.0,1562.0,51.0,-95.63636363636368,13.233082403965303,0.3861059479553904,0.5080314960629921,-0.030121689334287775,0.4906426739789673,5.0,1.0,43,7,Midweek,mae,,,,
linecfbp_cfb_victory,CFB Victory,621.0,588,292.0,296.0,12.0,-30.545454545454554,13.263929146537842,-0.6156199677938807,0.4965986394557823,-0.051948051948051965,0.45633923659087955,2.0,68.0,44,7,Midweek,mae,,,,
moore_ratings,Moore Power Ratings,3226.0,3173,1542.0,1631.0,51.0,-229.18181818181822,13.269277743335401,0.04334469931804093,0.48597541758588086,-0.07222874824513653,0.46861238220980767,5.0,46.0,45,7,Midweek,mae,,,,
linept_dunk,Dunkel Index,2810.0,2769,1359.0,1410.0,41.0,-174.5454545454546,13.278277580071176,0.021288256227758044,0.49079089924160346,-0.06303555599330249,0.4721964155546511,5.0,34.0,46,7,Midweek,mae,,,,
linept_big200,Big 200,894.0,877,437.0,440.0,17.0,-42.72727272727274,13.33765100671141,0.09467561521252794,0.4982896237172178,-0.048719809267129696,0.4652778718647885,2.0,55.0,47,7,Midweek,mae,,,,
linecfbp_oddstrader_ai,OddsTrader AI,588.0,563,272.0,291.0,12.0,-43.727272727272734,13.403061224489797,0.11054421768707483,0.48312611012433393,-0.0776683352171807,0.44210262064476685,2.0,77.0,48,7,Midweek,mae,,,,
linept_how,Howell,3227.0,3068,1496.0,1572.0,51.0,-212.00000000000003,13.413721722962505,-0.14223737217229623,0.4876140808344198,-0.06910039113428945,0.46995350567070227,5.0,42.0,49,7,Midweek,mae,,,,
linecfbp_beta_rank,Beta_Rank,2158.0,2105,987.0,1118.0,35.0,-220.72727272727275,13.437534754402225,0.21714550509731234,0.4688836104513064,-0.10485856186568776,0.44764149658156765,5.0,74.0,50,7,Midweek,mae,,,,
linept_curry,Daniel Curry Index,3226.0,3173,1516.0,1657.0,51.0,-278.81818181818187,13.440468071915685,0.062414755114693125,0.47778127954617083,-0.08787210268458301,0.46043847438216945,5.0,66.0,51,7,Midweek,mae,,,,
linept_dwig,DP Dwiggins,3221.0,3070,1497.0,1573.0,50.0,-212.09090909090912,13.512496119217634,0.12519403911828625,0.48762214983713353,-0.06908498667456323,0.46996729887439814,5.0,41.0,52,7,Midweek,mae,,,,
linept_bill,Billingsley,3228.0,3175,1530.0,1645.0,51.0,-254.09090909090912,13.625557620817844,0.13419454770755887,0.4818897637795276,-0.08002863278453831,0.464541684223247,5.0,57.0,53,7,Midweek,mae,,,,
linept_kerns,Stephen Kerns,3229.0,3167,1576.0,1591.0,51.0,-158.2727272727273,13.668795292660267,0.4854320222979251,0.4976318282286075,-0.04997560065447657,0.4802316232930638,5.0,11.0,54,7,Midweek,mae,,,,
linept_rwp,Laffaye RWP,3101.0,3042,1463.0,1579.0,51.0,-249.00000000000003,13.715733634311512,0.1787584650112866,0.4809335963182117,-0.08185404339250495,0.46321375212657284,5.0,59.0,55,7,Midweek,mae,,,,
linept_pfz,PerformanZ Ratings,3229.0,3176,1575.0,1601.0,51.0,-169.18181818181822,13.899231960359245,0.1584577268504181,0.4959068010075567,-0.05326883444011909,0.4785337045161915,5.0,18.0,56,7,Midweek,mae,,,,
linecfbp_trent_sorensen,Trent Sorensen,621.0,604,305.0,299.0,12.0,-21.727272727272737,14.080193236714974,-0.2409017713365538,0.5049668874172185,-0.03597230583985553,0.46518874574002816,2.0,56.0,57,7,Midweek,mae,,,,
linept_clean,Cleanup Hitter,3188.0,3070,1500.0,1570.0,51.0,-206.3636363636364,14.099121706398996,0.0034378920953576026,0.48859934853420195,-0.06721942552561447,0.4709424556976533,5.0,39.0,58,7,Midweek,mae,,,,
linept_loud,Loudsound.org,3147.0,3022,1497.0,1525.0,50.0,-164.09090909090912,14.410231966952653,-0.005401970130282809,0.49536730641958965,-0.054298778653510626,0.47755857486438563,5.0,20.0,59,7,Midweek,mae,,,,
linecfbp_ryder_analytics,,,74,,,,,,,,,,,,1,7,Midweek,incremental,0.05605977535910822,0.038488611417173406,0.04330682753528669,12.062162162162162
linept_fluker,,,98,,,,,,,,,,,,2,7,Midweek,incremental,0.048909087044680624,0.23954292544612826,0.03979896117442032,11.45877551020408
linecfbp_jp,,,1652,,,,,,,,,,,,3,7,Midweek,incremental,0.033814116336170846,0.09051049598387895,0.03331373188338543,12.70230024213075
piratings,,,3229,,,,,,,,,,,,4,7,Midweek,incremental,0.023914338217620134,0.08043489460520709,0.023731308294378476,12.707841436977391
linecfbp_sportsline,,,1136,,,,,,,,,,,,5,7,Midweek,incremental,0.023172309141668422,0.0634594657578141,0.022678594457831963,12.649647887323944
dokter_entropy,,,3228,,,,,,,,,,,,6,7,Midweek,incremental,0.01991717378602159,0.0872293002907555,0.01976468973489255,12.520179677819083
piratings_mean,,,3229,,,,,,,,,,,,7,7,Midweek,incremental,0.01789958888740133,0.06873175035776095,0.01776259323440415,12.620294208733357
piratings_bias,,,3229,,,,,,,,,,,,8,7,Midweek,incremental,0.01753326611812857,0.05867430626945904,0.017399074139969956,12.752462062558067
linecfbp_room44_bets,,,2156,,,,,,,,,,,,9,7,Midweek,incremental,0.017236895911013028,0.04767668376713052,0.017040435244058613,12.897077922077921
linecfbp_trent_sorensen,,,621,,,,,,,,,,,,10,7,Midweek,incremental,0.014062269174196859,0.023353571761417922,0.013528197867862541,14.080193236714974
massey,,,3229,,,,,,,,,,,,11,7,Midweek,incremental,0.010763415274308828,0.032259679861834936,0.010681036784318946,12.878240941467945
linecfbp_john_harris,,,621,,,,,,,,,,,,12,7,Midweek,incremental,0.01037014579716686,0.059887846396748004,0.009976297745749044,12.25523349436393
espn_fpi,,,3229,,,,,,,,,,,,13,7,Midweek,incremental,0.009109172407912158,0.0377981588284575,0.009039454771929793,12.540154846701766
linecfbp_sp,,,2158,,,,,,,,,,,,14,7,Midweek,incremental,0.007825778081854166,0.028625333753164752,0.007736663606474281,12.602131603336423
congrove,,,3228,,,,,,,,,,,,15,7,Midweek,incremental,0.007766820319395448,0.01840416349501989,0.007707358257186404,13.233082403965303
linept_laz,,,3227,,,,,,,,,,,,16,7,Midweek,incremental,0.0071427287255684275,0.02001660425034665,0.007088027899589541,12.876386736907344
linecfbp_matt_grissom,,,621,,,,,,,,,,,,17,7,Midweek,incremental,0.007229676253331733,0.030164651174843057,0.006955100180781792,12.48792270531401
sagarin_predictor,,,3229,,,,,,,,,,,,18,7,Midweek,incremental,0.0025021140988597825,0.010381622561014745,0.0024829640079273583,12.64401672344379
keeper,,,3220,,,,,,,,,,,,19,7,Midweek,incremental,0.0023087407610388453,0.005602606238571274,0.002291021844009764,13.21286335403727
linecfbp_cfb_victory,,,621,,,,,,,,,,,,20,7,Midweek,incremental,0.0023317972217504978,0.004428658944510788,0.0022432378311642237,13.263929146537842
sagarin,,,3229,,,,,,,,,,,,21,7,Midweek,incremental,0.0021001895096652134,0.009600661441405223,0.0020841155743863463,12.598513471663056
linecfbp_cfb_graphs,,,1651,,,,,,,,,,,,22,7,Midweek,incremental,0.0019078282106872594,0.005804907696640042,0.0018795792684284953,12.85832828588734
linept_talis,,,3175,,,,,,,,,,,,23,7,Midweek,incremental,0.00011911429431376798,0.000209426707366919,0.00011818732073527253,13.154702362204727
linept_kam,,,3227,,,,,,,,,,,,24,7,Midweek,incremental,-0.0008581703042022099,-0.0022074429866857453,-0.0008515982186206344,12.881468856523087
sagarin_recent,,,3229,,,,,,,,,,,,25,7,Midweek,incremental,-0.0013058204600243932,-0.003957997133452368,-0.001295826279278486,12.759284608237843
linept_pig,,,3195,,,,,,,,,,,,26,7,Midweek,incremental,-0.001384368919535533,-0.0041669723824566745,-0.0013736621159648604,12.749924882629106
sagarin_golden_mean,,,3229,,,,,,,,,,,,27,7,Midweek,incremental,-0.0017422981001804214,-0.004888737931761474,-0.0017289633097865502,12.739266026633631
linept_clean,,,3188,,,,,,,,,,,,28,7,Midweek,incremental,-0.004411453248842758,-0.007540953217425689,-0.004377260722397847,14.099121706398996
linept_pugh,,,3223,,,,,,,,,,,,29,7,Midweek,incremental,-0.0045020301465798634,-0.013617726690788654,-0.004467510160588226,12.955795842382873
linept_kerns,,,3229,,,,,,,,,,,,30,7,Midweek,incremental,-0.0060181748634717536,-0.012628388294409239,-0.005972114375688549,13.668795292660265
fei,,,3229,,,,,,,,,,,,31,7,Midweek,incremental,-0.007116959553096407,-0.01839580753305624,-0.007062489446131145,13.086138123257975
harville,,,3229,,,,,,,,,,,,32,7,Midweek,incremental,-0.007257070472145459,-0.02756051478101018,-0.007201528017263834,12.676571694022915
linept_big200,,,894,,,,,,,,,,,,33,7,Midweek,incremental,-0.007784457307037513,-0.015186881431212653,-0.0075754965264346556,13.33765100671141
linept_dwig,,,3221,,,,,,,,,,,,34,7,Midweek,incremental,-0.007893930638071818,-0.017317382446852006,-0.007833365598524811,13.512496119217634
linecfbp_tshoe_index,,,1652,,,,,,,,,,,,35,7,Midweek,incremental,-0.009034282134615247,-0.028498456051452844,-0.008900591983516937,12.657869249394675
linecfbp_professor_sides,,,2152,,,,,,,,,,,,36,7,Midweek,incremental,-0.00915109337872782,-0.03131717449962046,-0.009046601561228265,12.718540892193309
linecfbp_power_rank,,,2156,,,,,,,,,,,,37,7,Midweek,incremental,-0.009414500662592905,-0.04518285754912599,-0.009307197173103592,12.479730983302412
linept_donchess,,,3229,,,,,,,,,,,,38,7,Midweek,incremental,-0.010163009820963933,-0.037641121806850884,-0.010085226572667114,12.670678228553733
linept_dunk,,,2810,,,,,,,,,,,,39,7,Midweek,incremental,-0.011228402963437505,-0.02722514604957523,-0.011129819817672445,13.278277580071176
linept_loud,,,3147,,,,,,,,,,,,40,7,Midweek,incremental,-0.012115080399105409,-0.019135788797590307,-0.012019969174376954,14.410231966952653
linecfbp_david_sasser,,,74,,,,,,,,,,,,41,7,Midweek,incremental,-0.01670137291529791,-0.11736167086696118,-0.012902004544472377,11.044594594594596
teamrankings,,,3229,,,,,,,,,,,,42,7,Midweek,incremental,-0.014733720015753217,-0.06444374869348736,-0.014620954543465948,12.583521213998143
linecfbp_cfb_geek,,,1642,,,,,,,,,,,,43,7,Midweek,incremental,-0.018554708534102432,-0.062461519498700616,-0.018278499183547417,12.733556638246041
linept_bill,,,3228,,,,,,,,,,,,44,7,Midweek,incremental,-0.01889758628988837,-0.03961179853992854,-0.018752908106879036,13.625557620817844
linecfbp_wilson_ratings,,,2158,,,,,,,,,,,,45,7,Midweek,incremental,-0.01913560757734749,-0.05856364491199096,-0.018917704691207043,12.85
linept_curry,,,3226,,,,,,,,,,,,46,7,Midweek,incremental,-0.020038412840877404,-0.04637520915583512,-0.019884906574914527,13.440468071915687
linecfbp_kford,,,1136,,,,,,,,,,,,47,7,Midweek,incremental,-0.020446066705833533,-0.09630294150073089,-0.02001043798632807,12.18661971830986
linept_rwp,,,3101,,,,,,,,,,,,48,7,Midweek,incremental,-0.02104071104498311,-0.04282525478554475,-0.02087310672642531,13.715733634311512
linept_how,,,3227,,,,,,,,,,,,49,7,Midweek,incremental,-0.023063217202510845,-0.05202096084576918,-0.02288659324279195,13.413721722962505
linecfbp_dratings,,,2158,,,,,,,,,,,,50,7,Midweek,incremental,-0.02383085428863387,-0.08472608953394992,-0.023559485224040753,12.741936978683967
linecfbp_beta_rank,,,2158,,,,,,,,,,,,51,7,Midweek,incremental,-0.027822485901757715,-0.06686609205051929,-0.02750566293425645,13.437534754402225
linept_pfz,,,3229,,,,,,,,,,,,52,7,Midweek,incremental,-0.029202548434755535,-0.05710771962117564,-0.02897904485502712,13.899231960359245
linept_wayward,,,895,,,,,,,,,,,,53,7,Midweek,incremental,-0.031107369844640104,-0.09460235973818822,-0.03027324015206497,12.801910614525141
linecfbp_sportsratings,,,74,,,,,,,,,,,,54,7,Midweek,incremental,-0.04592912999923298,-0.04917999471619894,-0.035480786338887425,11.87027027027027
linept_elo,,,3229,,,,,,,,,,,,55,7,Midweek,incremental,-0.04058074327089241,-0.10757155065629147,-0.04027015594631872,13.202753174357387
moore_ratings,,,3226,,,,,,,,,,,,56,7,Midweek,incremental,-0.04655625059668486,-0.12510620245916623,-0.04619960178207664,13.2692777433354
linecfbp_oddstrader_ai,,,588,,,,,,,,,,,,57,7,Midweek,incremental,-0.07199881614039193,-0.13571131596679617,-0.06911999199365376,13.403061224489797
linecfbp_pearatings,,,74,,,,,,,,,,,,58,7,Midweek,incremental,-0.13738245251719453,-0.33788437633729346,-0.10612954011008545,11.405405405405407
linecfbp_mcillece_sports,,,74,,,,,,,,,,,,59,7,Midweek,incremental,-0.16450970158093875,-0.31712084365553767,-0.12708565506389727,11.402702702702703
linept_fluker,Slate Fluker,98.0,94,56.0,38.0,1.0,12.909090909090908,11.458775510204083,-0.9730612244897958,0.5957446808510638,0.13733075435203093,0.49467299278537796,1.0,1.0,1,7,Close (PT Updated/final),wilson,,,,
congrove,Congrove Computer Rankings,3228.0,3163,1601.0,1562.0,62.0,-106.54545454545459,13.233082403965303,0.3861059479553904,0.5061650331963325,-0.03368493662518324,0.48874462065381413,5.0,3.0,2,7,Close (PT Updated/final),wilson,,,,
linecfbp_ryder_analytics,Ryder Analytics,74.0,73,44.0,29.0,1.0,10.999999999999998,12.062162162162162,-3.721621621621622,0.6027397260273972,0.15068493150684928,0.4880741402294003,1.0,4.0,3,7,Close (PT Updated/final),wilson,,,,
linecfbp_sp,SP+,2158.0,2091,1065.0,1026.0,44.0,-57.81818181818185,12.602131603336423,-0.016867469879518152,0.509325681492109,-0.02765097169688276,0.4879010237352897,5.0,5.0,4,7,Close (PT Updated/final),wilson,,,,
massey,Massey Ratings,3229.0,3163,1592.0,1571.0,62.0,-123.72727272727278,12.878240941467945,0.04642304118922273,0.5033196332595637,-0.03911706377719658,0.4859017334129762,5.0,7.0,5,7,Close (PT Updated/final),wilson,,,,
keeper,Keeper,3220.0,3150,1583.0,1567.0,62.0,-127.90909090909095,13.212863354037266,0.13630434782608689,0.5025396825396825,-0.04060606060606062,0.48508670407767984,5.0,8.0,6,7,Close (PT Updated/final),wilson,,,,
linecfbp_room44_bets,Room44 Bets,2156.0,2086,1054.0,1032.0,44.0,-73.81818181818184,12.897077922077921,-0.14911873840445272,0.5052732502396932,-0.03538743136058573,0.4838278747035743,5.0,9.0,7,7,Close (PT Updated/final),wilson,,,,
linept_donchess,Donchess Inference,3229.0,3095,1551.0,1544.0,62.0,-134.00000000000003,12.670678228553731,0.007754722824403811,0.5011308562197092,-0.0432956381260097,0.4835252132907132,5.0,10.0,8,7,Close (PT Updated/final),wilson,,,,
linept_talis,Talisman Red,3175.0,3113,1556.0,1557.0,61.0,-142.4545454545455,13.154702362204722,0.11804094488188982,0.49983938323160937,-0.04576117746692756,0.48228620271247824,5.0,12.0,9,7,Close (PT Updated/final),wilson,,,,
espn_fpi,ESPN FPI,3229.0,3160,1578.0,1582.0,62.0,-147.4545454545455,12.540154846701766,-0.012654072468256413,0.49936708860759493,-0.04666283084004604,0.4819453603511724,5.0,13.0,10,7,Close (PT Updated/final),wilson,,,,
linecfbp_jp,JP+,1652.0,1604,811.0,793.0,35.0,-55.727272727272755,12.70230024213075,-0.2685230024213075,0.5056109725685786,-0.03474268873271369,0.4811593675500759,4.0,15.0,11,7,Close (PT Updated/final),wilson,,,,
piratings,Pi-Ratings,3229.0,3144,1567.0,1577.0,62.0,-152.4545454545455,12.707841436977391,0.042917311861257294,0.49840966921119595,-0.0484906315058987,0.4809449656822777,5.0,17.0,12,7,Close (PT Updated/final),wilson,,,,
linept_kerns,Stephen Kerns,3229.0,3155,1572.0,1583.0,62.0,-153.90909090909093,13.668795292660267,0.4854320222979251,0.498256735340729,-0.048782596167699185,0.48082266727037465,5.0,18.0,13,7,Close (PT Updated/final),wilson,,,,
linept_laz,Laz Index,3227.0,3161,1573.0,1588.0,62.0,-158.00000000000003,12.876386736907344,0.08945150294391081,0.4976273331224296,-0.04998418222081621,0.4802106510035497,5.0,19.0,14,7,Close (PT Updated/final),wilson,,,,
piratings_bias,PI-Rate Bias,3229.0,3144,1564.0,1580.0,62.0,-158.18181818181822,12.752462062558067,-0.029817280891916993,0.49745547073791346,-0.05031228313671063,0.4799920693244479,5.0,20.0,15,7,Close (PT Updated/final),wilson,,,,
teamrankings,TeamRankings.com,3229.0,3120,1551.0,1569.0,62.0,-159.00000000000003,12.583521213998141,0.05556209352740782,0.4971153846153846,-0.05096153846153847,0.47958552205690846,5.0,21.0,16,7,Close (PT Updated/final),wilson,,,,
linecfbp_professor_sides,Professor Sides,2152.0,2087,1045.0,1042.0,44.0,-92.00000000000003,12.71854089219331,-0.029786245353159876,0.5007187350263537,-0.044082414949688564,0.4792856910910346,5.0,22.0,17,7,Close (PT Updated/final),wilson,,,,
linecfbp_trent_sorensen,Trent Sorensen,621.0,601,312.0,289.0,14.0,-5.363636363636372,14.080193236714974,-0.2409017713365538,0.519134775374376,-0.008924519739827575,0.4791950963830505,2.0,23.0,18,7,Close (PT Updated/final),wilson,,,,
linept_pfz,PerformanZ Ratings,3229.0,3165,1568.0,1597.0,62.0,-171.5454545454546,13.899231960359245,0.1584577268504181,0.49541864139020536,-0.05420077552778976,0.4780161650326564,5.0,24.0,19,7,Close (PT Updated/final),wilson,,,,
fei,FEI Projections,3229.0,3139,1554.0,1585.0,62.0,-172.2727272727273,13.086138123257975,-0.049111179931867414,0.4950621216948073,-0.054881404037186145,0.47758838756451155,5.0,25.0,20,7,Close (PT Updated/final),wilson,,,,
sagarin_predictor,Sagarin Predictor,3229.0,3160,1563.0,1597.0,62.0,-176.09090909090912,12.64401672344379,-0.03684422421802422,0.494620253164557,-0.05572497123130035,0.4772052817362911,5.0,26.0,21,7,Close (PT Updated/final),wilson,,,,
linept_loud,Loudsound.org,3147.0,3013,1491.0,1522.0,62.0,-166.5454545454546,14.410231966952653,-0.005401970130282809,0.49485562562230334,-0.055275623811966344,0.4770211884947422,5.0,27.0,22,7,Close (PT Updated/final),wilson,,,,
linecfbp_power_rank,Power Rank,2156.0,2096,1043.0,1053.0,44.0,-104.81818181818184,12.479730983302412,0.05505565862708717,0.4976145038167939,-0.05000867453157531,0.4762333432397492,5.0,29.0,23,7,Close (PT Updated/final),wilson,,,,
linept_pig,Pigskin Index,3195.0,2970,1467.0,1503.0,61.0,-169.3636363636364,12.749924882629106,-0.07764319248826289,0.49393939393939396,-0.057024793388429765,0.47597808140461406,5.0,30.0,24,7,Close (PT Updated/final),wilson,,,,
sagarin_golden_mean,Sagarin Golden Mean,3229.0,3164,1561.0,1603.0,62.0,-183.90909090909093,12.739266026633631,-0.07816971198513481,0.49336283185840707,-0.05812550281576831,0.47596090502210037,5.0,31.0,25,7,Close (PT Updated/final),wilson,,,,
piratings_mean,Pi-Ratings Mean,3229.0,3126,1541.0,1585.0,62.0,-184.09090909090912,12.620294208733354,0.013852585939919521,0.49296225207933464,-0.05889024603036121,0.47545573624495086,5.0,32.0,26,7,Close (PT Updated/final),wilson,,,,
linecfbp_tshoe_index,TShoe Index,1652.0,1574,787.0,787.0,35.0,-71.54545454545456,12.657869249394675,-0.13740920096852294,0.5,-0.04545454545454546,0.47532901928908683,4.0,33.0,27,7,Close (PT Updated/final),wilson,,,,
linept_clean,Cleanup Hitter,3188.0,3047,1499.0,1548.0,62.0,-185.2727272727273,14.099121706398996,0.0034378920953576026,0.49195930423367246,-0.06080496464480713,0.47422948719439534,5.0,35.0,28,7,Close (PT Updated/final),wilson,,,,
linept_dwig,DP Dwiggins,3221.0,3056,1503.0,1553.0,61.0,-186.63636363636368,13.512496119217634,0.12519403911828625,0.4918193717277487,-0.06107210851975251,0.4741158896456321,5.0,36.0,29,7,Close (PT Updated/final),wilson,,,,
harville,David Harville,3229.0,3164,1555.0,1609.0,62.0,-195.3636363636364,12.676571694022915,0.1154691855063488,0.49146649810366627,-0.06174577634754627,0.4740678715552915,5.0,37.0,30,7,Close (PT Updated/final),wilson,,,,
sagarin,Sagarin Ratings,3229.0,3160,1550.0,1610.0,62.0,-200.90909090909093,12.598513471663052,-0.043053576958810735,0.49050632911392406,-0.06357882623705409,0.4730984824770846,5.0,39.0,31,7,Close (PT Updated/final),wilson,,,,
dokter_entropy,Dokter Entropy,3228.0,3155,1547.0,1608.0,62.0,-201.63636363636368,12.520179677819083,-0.026177199504337015,0.4903328050713154,-0.06391009940930703,0.4729115227699244,5.0,40.0,32,7,Close (PT Updated/final),wilson,,,,
linept_dunk,Dunkel Index,2810.0,2753,1351.0,1402.0,57.0,-173.81818181818184,13.278277580071176,0.021288256227758044,0.49073737740646567,-0.06313773404220191,0.47208916146827845,5.0,41.0,33,7,Close (PT Updated/final),wilson,,,,
linecfbp_kford,KFord,1136.0,1096,549.0,547.0,29.0,-47.90909090909093,12.18661971830986,-0.06285211267605624,0.5009124087591241,-0.04371267418712676,0.47135957261516115,3.0,43.0,34,7,Close (PT Updated/final),wilson,,,,
linept_how,Howell,3227.0,3054,1491.0,1563.0,62.0,-207.5454545454546,13.413721722962505,-0.14223737217229623,0.48821218074656186,-0.06795856402929096,0.4705099953559702,5.0,46.0,35,7,Close (PT Updated/final),wilson,,,,
sagarin_recent,Sagarin Recent,3229.0,3161,1542.0,1619.0,62.0,-217.18181818181822,12.759284608237843,0.036342520904304676,0.487820310028472,-0.06870668085473527,0.47042049845522155,5.0,47.0,36,7,Close (PT Updated/final),wilson,,,,
linecfbp_dratings,DRatings,2158.0,2082,1024.0,1058.0,44.0,-127.09090909090912,12.741936978683967,-0.1090361445783132,0.4918347742555235,-0.06104270369400054,0.4703952507901859,5.0,48.0,37,7,Close (PT Updated/final),wilson,,,,
linecfbp_wilson_ratings,Wilson Ratings,2158.0,2091,1026.0,1065.0,44.0,-132.2727272727273,12.85,-0.15908248378127895,0.49067431850789095,-0.06325811921220818,0.469283863073425,5.0,49.0,38,7,Close (PT Updated/final),wilson,,,,
linecfbp_cfb_geek,CFB Geek,1642.0,1590,784.0,806.0,38.0,-93.2727272727273,12.733556638246041,0.11760048721071865,0.4930817610062893,-0.05866209262435679,0.4685539426159138,4.0,51.0,39,7,Close (PT Updated/final),wilson,,,,
moore_ratings,Moore Power Ratings,3226.0,3164,1533.0,1631.0,62.0,-237.3636363636364,13.269277743335401,0.04334469931804093,0.48451327433628316,-0.0750201126307321,0.46712889039486,5.0,54.0,40,7,Close (PT Updated/final),wilson,,,,
linept_bill,Billingsley,3228.0,3165,1530.0,1635.0,62.0,-244.09090909090912,13.625557620817844,0.13419454770755887,0.4834123222748815,-0.07712193020249894,0.46603324188002176,5.0,55.0,41,7,Close (PT Updated/final),wilson,,,,
linecfbp_cfb_graphs,CFB Graphs,1651.0,1603,786.0,817.0,34.0,-102.45454545454547,12.85832828588734,-0.015324046032707457,0.4903306300686213,-0.06391425168717746,0.4659109692870662,4.0,56.0,42,7,Close (PT Updated/final),wilson,,,,
linept_big200,Big 200,894.0,873,435.0,438.0,20.0,-42.54545454545456,13.33765100671141,0.09467561521252794,0.49828178694158076,-0.04873477038425494,0.46519487693123646,2.0,59.0,43,7,Close (PT Updated/final),wilson,,,,
linecfbp_john_harris,John Harris,621.0,596,301.0,295.0,14.0,-21.363636363636374,12.25523349436393,0.011433172302737306,0.5050335570469798,-0.035845027455765725,0.4649904521196721,2.0,60.0,44,7,Close (PT Updated/final),wilson,,,,
linept_pugh,Pugh Ratings,3223.0,3160,1524.0,1636.0,62.0,-250.5454545454546,12.955795842382873,0.10785913744958116,0.48227848101265824,-0.07928653624856158,0.46488842068438774,5.0,62.0,45,7,Close (PT Updated/final),wilson,,,,
linept_rwp,Laffaye RWP,3101.0,3034,1463.0,1571.0,62.0,-241.00000000000003,13.715733634311512,0.1787584650112866,0.482201713909031,-0.07943309162821359,0.4644553195402921,5.0,63.0,46,7,Close (PT Updated/final),wilson,,,,
linept_kam,Edward Kambour,3227.0,3162,1523.0,1639.0,62.0,-254.4545454545455,12.881468856523087,-0.02451812829253166,0.4816571790006325,-0.08047265827151977,0.4642741397558968,5.0,64.0,47,7,Close (PT Updated/final),wilson,,,,
linept_elo,Beck Elo,3229.0,3162,1521.0,1641.0,62.0,-258.2727272727273,13.202753174357387,0.022270052647878624,0.4810246679316888,-0.08168017940313957,0.4636432179825383,5.0,65.0,48,7,Close (PT Updated/final),wilson,,,,
linept_curry,Daniel Curry Index,3226.0,3162,1519.0,1643.0,62.0,-262.0909090909091,13.440468071915685,0.062414755114693125,0.4803921568627451,-0.08288770053475937,0.46301232410765214,5.0,66.0,49,7,Close (PT Updated/final),wilson,,,,
linecfbp_matt_grissom,Matt Grissom,621.0,605,303.0,302.0,14.0,-26.545454545454554,12.48792270531401,0.04057971014492745,0.5008264462809917,-0.043876784372652154,0.46110524146751397,2.0,68.0,50,7,Close (PT Updated/final),wilson,,,,
linecfbp_sportsline,SportsLine,1136.0,1079,524.0,555.0,29.0,-78.63636363636365,12.649647887323944,0.11619718309859155,0.4856348470806302,-0.07287892830061507,0.4559173065491957,3.0,71.0,51,7,Close (PT Updated/final),wilson,,,,
linecfbp_cfb_victory,CFB Victory,621.0,583,289.0,294.0,14.0,-31.27272727272728,13.263929146537842,-0.6156199677938807,0.4957118353344768,-0.05364104163418058,0.455287734717807,2.0,72.0,52,7,Close (PT Updated/final),wilson,,,,
linept_wayward,Waywardtrends,895.0,875,426.0,449.0,20.0,-61.72727272727274,12.80191061452514,0.16325139664804486,0.4868571428571429,-0.07054545454545456,0.45386900960500554,2.0,73.0,53,7,Close (PT Updated/final),wilson,,,,
linecfbp_beta_rank,Beta_Rank,2158.0,2101,993.0,1108.0,44.0,-205.2727272727273,13.437534754402225,0.21714550509731234,0.4726320799619229,-0.0977023927999654,0.4513536396955497,5.0,74.0,54,7,Close (PT Updated/final),wilson,,,,
linecfbp_oddstrader_ai,OddsTrader AI,588.0,561,270.0,291.0,16.0,-45.545454545454554,13.403061224489797,0.11054421768707483,0.48128342245989303,-0.08118619348565874,0.44020547795376935,2.0,75.0,55,7,Close (PT Updated/final),wilson,,,,
linecfbp_mcillece_sports,McIllece Sports,74.0,72,37.0,35.0,1.0,-1.3636363636363646,11.402702702702703,-0.8594594594594596,0.5138888888888888,-0.018939393939393954,0.4006975460519281,1.0,80.0,56,7,Close (PT Updated/final),wilson,,,,
linecfbp_pearatings,PEARatings,74.0,72,36.0,36.0,1.0,-3.2727272727272734,11.405405405405405,-2.348648648648649,0.5,-0.04545454545454546,0.3874709230948976,1.0,81.0,57,7,Close (PT Updated/final),wilson,,,,
linecfbp_david_sasser,David Sasser,74.0,73,34.0,39.0,1.0,-8.090909090909092,11.044594594594592,-2.985135135135135,0.4657534246575342,-0.11083437110834372,0.3559204166394807,1.0,82.0,58,7,Close (PT Updated/final),wilson,,,,
linecfbp_sportsratings,SportsRatings,74.0,73,34.0,39.0,1.0,-8.090909090909092,11.87027027027027,-1.0540540540540544,0.4657534246575342,-0.11083437110834372,0.3559204166394807,1.0,83.0,59,7,Close (PT Updated/final),wilson,,,,
linecfbp_david_sasser,David Sasser,74.0,73,34.0,39.0,1.0,-8.090909090909092,11.044594594594592,-2.985135135135135,0.4657534246575342,-0.11083437110834372,0.3559204166394807,1.0,82.0,1,7,Close (PT Updated/final),mae,,,,
linecfbp_mcillece_sports,McIllece Sports,74.0,72,37.0,35.0,1.0,-1.3636363636363646,11.402702702702703,-0.8594594594594596,0.5138888888888888,-0.018939393939393954,0.4006975460519281,1.0,80.0,2,7,Close (PT Updated/final),mae,,,,
linecfbp_pearatings,PEARatings,74.0,72,36.0,36.0,1.0,-3.2727272727272734,11.405405405405405,-2.348648648648649,0.5,-0.04545454545454546,0.3874709230948976,1.0,81.0,3,7,Close (PT Updated/final),mae,,,,
linept_fluker,Slate Fluker,98.0,94,56.0,38.0,1.0,12.909090909090908,11.458775510204083,-0.9730612244897958,0.5957446808510638,0.13733075435203093,0.49467299278537796,1.0,1.0,4,7,Close (PT Updated/final),mae,,,,
linecfbp_sportsratings,SportsRatings,74.0,73,34.0,39.0,1.0,-8.090909090909092,11.87027027027027,-1.0540540540540544,0.4657534246575342,-0.11083437110834372,0.3559204166394807,1.0,83.0,5,7,Close (PT Updated/final),mae,,,,
linecfbp_ryder_analytics,Ryder Analytics,74.0,73,44.0,29.0,1.0,10.999999999999998,12.062162162162162,-3.721621621621622,0.6027397260273972,0.15068493150684928,0.4880741402294003,1.0,4.0,6,7,Close (PT Updated/final),mae,,,,
linecfbp_kford,KFord,1136.0,1096,549.0,547.0,29.0,-47.90909090909093,12.18661971830986,-0.06285211267605624,0.5009124087591241,-0.04371267418712676,0.47135957261516115,3.0,43.0,7,7,Close (PT Updated/final),mae,,,,
linecfbp_john_harris,John Harris,621.0,596,301.0,295.0,14.0,-21.363636363636374,12.25523349436393,0.011433172302737306,0.5050335570469798,-0.035845027455765725,0.4649904521196721,2.0,60.0,8,7,Close (PT Updated/final),mae,,,,
linecfbp_power_rank,Power Rank,2156.0,2096,1043.0,1053.0,44.0,-104.81818181818184,12.479730983302412,0.05505565862708717,0.4976145038167939,-0.05000867453157531,0.4762333432397492,5.0,29.0,9,7,Close (PT Updated/final),mae,,,,
linecfbp_matt_grissom,Matt Grissom,621.0,605,303.0,302.0,14.0,-26.545454545454554,12.48792270531401,0.04057971014492745,0.5008264462809917,-0.043876784372652154,0.46110524146751397,2.0,68.0,10,7,Close (PT Updated/final),mae,,,,
dokter_entropy,Dokter Entropy,3228.0,3155,1547.0,1608.0,62.0,-201.63636363636368,12.520179677819083,-0.026177199504337015,0.4903328050713154,-0.06391009940930703,0.4729115227699244,5.0,40.0,11,7,Close (PT Updated/final),mae,,,,
espn_fpi,ESPN FPI,3229.0,3160,1578.0,1582.0,62.0,-147.4545454545455,12.540154846701766,-0.012654072468256413,0.49936708860759493,-0.04666283084004604,0.4819453603511724,5.0,13.0,12,7,Close (PT Updated/final),mae,,,,
teamrankings,TeamRankings.com,3229.0,3120,1551.0,1569.0,62.0,-159.00000000000003,12.583521213998141,0.05556209352740782,0.4971153846153846,-0.05096153846153847,0.47958552205690846,5.0,21.0,13,7,Close (PT Updated/final),mae,,,,
sagarin,Sagarin Ratings,3229.0,3160,1550.0,1610.0,62.0,-200.90909090909093,12.598513471663052,-0.043053576958810735,0.49050632911392406,-0.06357882623705409,0.4730984824770846,5.0,39.0,14,7,Close (PT Updated/final),mae,,,,
linecfbp_sp,SP+,2158.0,2091,1065.0,1026.0,44.0,-57.81818181818185,12.602131603336423,-0.016867469879518152,0.509325681492109,-0.02765097169688276,0.4879010237352897,5.0,5.0,15,7,Close (PT Updated/final),mae,,,,
piratings_mean,Pi-Ratings Mean,3229.0,3126,1541.0,1585.0,62.0,-184.09090909090912,12.620294208733354,0.013852585939919521,0.49296225207933464,-0.05889024603036121,0.47545573624495086,5.0,32.0,16,7,Close (PT Updated/final),mae,,,,
sagarin_predictor,Sagarin Predictor,3229.0,3160,1563.0,1597.0,62.0,-176.09090909090912,12.64401672344379,-0.03684422421802422,0.494620253164557,-0.05572497123130035,0.4772052817362911,5.0,26.0,17,7,Close (PT Updated/final),mae,,,,
linecfbp_sportsline,SportsLine,1136.0,1079,524.0,555.0,29.0,-78.63636363636365,12.649647887323944,0.11619718309859155,0.4856348470806302,-0.07287892830061507,0.4559173065491957,3.0,71.0,18,7,Close (PT Updated/final),mae,,,,
linecfbp_tshoe_index,TShoe Index,1652.0,1574,787.0,787.0,35.0,-71.54545454545456,12.657869249394675,-0.13740920096852294,0.5,-0.04545454545454546,0.47532901928908683,4.0,33.0,19,7,Close (PT Updated/final),mae,,,,
linept_donchess,Donchess Inference,3229.0,3095,1551.0,1544.0,62.0,-134.00000000000003,12.670678228553731,0.007754722824403811,0.5011308562197092,-0.0432956381260097,0.4835252132907132,5.0,10.0,20,7,Close (PT Updated/final),mae,,,,
harville,David Harville,3229.0,3164,1555.0,1609.0,62.0,-195.3636363636364,12.676571694022915,0.1154691855063488,0.49146649810366627,-0.06174577634754627,0.4740678715552915,5.0,37.0,21,7,Close (PT Updated/final),mae,,,,
linecfbp_jp,JP+,1652.0,1604,811.0,793.0,35.0,-55.727272727272755,12.70230024213075,-0.2685230024213075,0.5056109725685786,-0.03474268873271369,0.4811593675500759,4.0,15.0,22,7,Close (PT Updated/final),mae,,,,
piratings,Pi-Ratings,3229.0,3144,1567.0,1577.0,62.0,-152.4545454545455,12.707841436977391,0.042917311861257294,0.49840966921119595,-0.0484906315058987,0.4809449656822777,5.0,17.0,23,7,Close (PT Updated/final),mae,,,,
linecfbp_professor_sides,Professor Sides,2152.0,2087,1045.0,1042.0,44.0,-92.00000000000003,12.71854089219331,-0.029786245353159876,0.5007187350263537,-0.044082414949688564,0.4792856910910346,5.0,22.0,24,7,Close (PT Updated/final),mae,,,,
linecfbp_cfb_geek,CFB Geek,1642.0,1590,784.0,806.0,38.0,-93.2727272727273,12.733556638246041,0.11760048721071865,0.4930817610062893,-0.05866209262435679,0.4685539426159138,4.0,51.0,25,7,Close (PT Updated/final),mae,,,,
sagarin_golden_mean,Sagarin Golden Mean,3229.0,3164,1561.0,1603.0,62.0,-183.90909090909093,12.739266026633631,-0.07816971198513481,0.49336283185840707,-0.05812550281576831,0.47596090502210037,5.0,31.0,26,7,Close (PT Updated/final),mae,,,,
linecfbp_dratings,DRatings,2158.0,2082,1024.0,1058.0,44.0,-127.09090909090912,12.741936978683967,-0.1090361445783132,0.4918347742555235,-0.06104270369400054,0.4703952507901859,5.0,48.0,27,7,Close (PT Updated/final),mae,,,,
linept_pig,Pigskin Index,3195.0,2970,1467.0,1503.0,61.0,-169.3636363636364,12.749924882629106,-0.07764319248826289,0.49393939393939396,-0.057024793388429765,0.47597808140461406,5.0,30.0,28,7,Close (PT Updated/final),mae,,,,
piratings_bias,PI-Rate Bias,3229.0,3144,1564.0,1580.0,62.0,-158.18181818181822,12.752462062558067,-0.029817280891916993,0.49745547073791346,-0.05031228313671063,0.4799920693244479,5.0,20.0,29,7,Close (PT Updated/final),mae,,,,
sagarin_recent,Sagarin Recent,3229.0,3161,1542.0,1619.0,62.0,-217.18181818181822,12.759284608237843,0.036342520904304676,0.487820310028472,-0.06870668085473527,0.47042049845522155,5.0,47.0,30,7,Close (PT Updated/final),mae,,,,
linept_wayward,Waywardtrends,895.0,875,426.0,449.0,20.0,-61.72727272727274,12.80191061452514,0.16325139664804486,0.4868571428571429,-0.07054545454545456,0.45386900960500554,2.0,73.0,31,7,Close (PT Updated/final),mae,,,,
linecfbp_wilson_ratings,Wilson Ratings,2158.0,2091,1026.0,1065.0,44.0,-132.2727272727273,12.85,-0.15908248378127895,0.49067431850789095,-0.06325811921220818,0.469283863073425,5.0,49.0,32,7,Close (PT Updated/final),mae,,,,
linecfbp_cfb_graphs,CFB Graphs,1651.0,1603,786.0,817.0,34.0,-102.45454545454547,12.85832828588734,-0.015324046032707457,0.4903306300686213,-0.06391425168717746,0.4659109692870662,4.0,56.0,33,7,Close (PT Updated/final),mae,,,,
linept_laz,Laz Index,3227.0,3161,1573.0,1588.0,62.0,-158.00000000000003,12.876386736907344,0.08945150294391081,0.4976273331224296,-0.04998418222081621,0.4802106510035497,5.0,19.0,34,7,Close (PT Updated/final),mae,,,,
massey,Massey Ratings,3229.0,3163,1592.0,1571.0,62.0,-123.72727272727278,12.878240941467945,0.04642304118922273,0.5033196332595637,-0.03911706377719658,0.4859017334129762,5.0,7.0,35,7,Close (PT Updated/final),mae,,,,
linept_kam,Edward Kambour,3227.0,3162,1523.0,1639.0,62.0,-254.4545454545455,12.881468856523087,-0.02451812829253166,0.4816571790006325,-0.08047265827151977,0.4642741397558968,5.0,64.0,36,7,Close (PT Updated/final),mae,,,,
linecfbp_room44_bets,Room44 Bets,2156.0,2086,1054.0,1032.0,44.0,-73.81818181818184,12.897077922077921,-0.14911873840445272,0.5052732502396932,-0.03538743136058573,0.4838278747035743,5.0,9.0,37,7,Close (PT Updated/final),mae,,,,
linept_pugh,Pugh Ratings,3223.0,3160,1524.0,1636.0,62.0,-250.5454545454546,12.955795842382873,0.10785913744958116,0.48227848101265824,-0.07928653624856158,0.46488842068438774,5.0,62.0,38,7,Close (PT Updated/final),mae,,,,
fei,FEI Projections,3229.0,3139,1554.0,1585.0,62.0,-172.2727272727273,13.086138123257975,-0.049111179931867414,0.4950621216948073,-0.054881404037186145,0.47758838756451155,5.0,25.0,39,7,Close (PT Updated/final),mae,,,,
linept_talis,Talisman Red,3175.0,3113,1556.0,1557.0,61.0,-142.4545454545455,13.154702362204722,0.11804094488188982,0.49983938323160937,-0.04576117746692756,0.48228620271247824,5.0,12.0,40,7,Close (PT Updated/final),mae,,,,
linept_elo,Beck Elo,3229.0,3162,1521.0,1641.0,62.0,-258.2727272727273,13.202753174357387,0.022270052647878624,0.4810246679316888,-0.08168017940313957,0.4636432179825383,5.0,65.0,41,7,Close (PT Updated/final),mae,,,,
keeper,Keeper,3220.0,3150,1583.0,1567.0,62.0,-127.90909090909095,13.212863354037266,0.13630434782608689,0.5025396825396825,-0.04060606060606062,0.48508670407767984,5.0,8.0,42,7,Close (PT Updated/final),mae,,,,
congrove,Congrove Computer Rankings,3228.0,3163,1601.0,1562.0,62.0,-106.54545454545459,13.233082403965303,0.3861059479553904,0.5061650331963325,-0.03368493662518324,0.48874462065381413,5.0,3.0,43,7,Close (PT Updated/final),mae,,,,
linecfbp_cfb_victory,CFB Victory,621.0,583,289.0,294.0,14.0,-31.27272727272728,13.263929146537842,-0.6156199677938807,0.4957118353344768,-0.05364104163418058,0.455287734717807,2.0,72.0,44,7,Close (PT Updated/final),mae,,,,
moore_ratings,Moore Power Ratings,3226.0,3164,1533.0,1631.0,62.0,-237.3636363636364,13.269277743335401,0.04334469931804093,0.48451327433628316,-0.0750201126307321,0.46712889039486,5.0,54.0,45,7,Close (PT Updated/final),mae,,,,
linept_dunk,Dunkel Index,2810.0,2753,1351.0,1402.0,57.0,-173.81818181818184,13.278277580071176,0.021288256227758044,0.49073737740646567,-0.06313773404220191,0.47208916146827845,5.0,41.0,46,7,Close (PT Updated/final),mae,,,,
linept_big200,Big 200,894.0,873,435.0,438.0,20.0,-42.54545454545456,13.33765100671141,0.09467561521252794,0.49828178694158076,-0.04873477038425494,0.46519487693123646,2.0,59.0,47,7,Close (PT Updated/final),mae,,,,
linecfbp_oddstrader_ai,OddsTrader AI,588.0,561,270.0,291.0,16.0,-45.545454545454554,13.403061224489797,0.11054421768707483,0.48128342245989303,-0.08118619348565874,0.44020547795376935,2.0,75.0,48,7,Close (PT Updated/final),mae,,,,
linept_how,Howell,3227.0,3054,1491.0,1563.0,62.0,-207.5454545454546,13.413721722962505,-0.14223737217229623,0.48821218074656186,-0.06795856402929096,0.4705099953559702,5.0,46.0,49,7,Close (PT Updated/final),mae,,,,
linecfbp_beta_rank,Beta_Rank,2158.0,2101,993.0,1108.0,44.0,-205.2727272727273,13.437534754402225,0.21714550509731234,0.4726320799619229,-0.0977023927999654,0.4513536396955497,5.0,74.0,50,7,Close (PT Updated/final),mae,,,,
linept_curry,Daniel Curry Index,3226.0,3162,1519.0,1643.0,62.0,-262.0909090909091,13.440468071915685,0.062414755114693125,0.4803921568627451,-0.08288770053475937,0.46301232410765214,5.0,66.0,51,7,Close (PT Updated/final),mae,,,,
linept_dwig,DP Dwiggins,3221.0,3056,1503.0,1553.0,61.0,-186.63636363636368,13.512496119217634,0.12519403911828625,0.4918193717277487,-0.06107210851975251,0.4741158896456321,5.0,36.0,52,7,Close (PT Updated/final),mae,,,,
linept_bill,Billingsley,3228.0,3165,1530.0,1635.0,62.0,-244.09090909090912,13.625557620817844,0.13419454770755887,0.4834123222748815,-0.07712193020249894,0.46603324188002176,5.0,55.0,53,7,Close (PT Updated/final),mae,,,,
linept_kerns,Stephen Kerns,3229.0,3155,1572.0,1583.0,62.0,-153.90909090909093,13.668795292660267,0.4854320222979251,0.498256735340729,-0.048782596167699185,0.48082266727037465,5.0,18.0,54,7,Close (PT Updated/final),mae,,,,
linept_rwp,Laffaye RWP,3101.0,3034,1463.0,1571.0,62.0,-241.00000000000003,13.715733634311512,0.1787584650112866,0.482201713909031,-0.07943309162821359,0.4644553195402921,5.0,63.0,55,7,Close (PT Updated/final),mae,,,,
linept_pfz,PerformanZ Ratings,3229.0,3165,1568.0,1597.0,62.0,-171.5454545454546,13.899231960359245,0.1584577268504181,0.49541864139020536,-0.05420077552778976,0.4780161650326564,5.0,24.0,56,7,Close (PT Updated/final),mae,,,,
linecfbp_trent_sorensen,Trent Sorensen,621.0,601,312.0,289.0,14.0,-5.363636363636372,14.080193236714974,-0.2409017713365538,0.519134775374376,-0.008924519739827575,0.4791950963830505,2.0,23.0,57,7,Close (PT Updated/final),mae,,,,
linept_clean,Cleanup Hitter,3188.0,3047,1499.0,1548.0,62.0,-185.2727272727273,14.099121706398996,0.0034378920953576026,0.49195930423367246,-0.06080496464480713,0.47422948719439534,5.0,35.0,58,7,Close (PT Updated/final),mae,,,,
linept_loud,Loudsound.org,3147.0,3013,1491.0,1522.0,62.0,-166.5454545454546,14.410231966952653,-0.005401970130282809,0.49485562562230334,-0.055275623811966344,0.4770211884947422,5.0,27.0,59,7,Close (PT Updated/final),mae,,,,
linept_fluker,,,98,,,,,,,,,,,,1,7,Close (PT Updated/final),incremental,0.0873446863076902,0.3992719867216603,0.07107529478062012,11.45877551020408
linecfbp_ryder_analytics,,,74,,,,,,,,,,,,2,7,Close (PT Updated/final),incremental,0.06106108412322092,0.04609553178503741,0.04717039664006292,12.062162162162162
linecfbp_jp,,,1652,,,,,,,,,,,,3,7,Close (PT Updated/final),incremental,0.029795795490208724,0.0794233535064795,0.029354874524732368,12.70230024213075
linecfbp_sportsline,,,1136,,,,,,,,,,,,4,7,Close (PT Updated/final),incremental,0.02645954300521681,0.07070636684807224,0.02589578974137885,12.649647887323944
linecfbp_john_harris,,,621,,,,,,,,,,,,5,7,Close (PT Updated/final),incremental,0.023185631072583868,0.12756951088689805,0.022305063354690808,12.25523349436393
piratings,,,3229,,,,,,,,,,,,6,7,Close (PT Updated/final),incremental,0.021293309287088606,0.07077622232830699,0.021130339577079854,12.707841436977391
linecfbp_matt_grissom,,,621,,,,,,,,,,,,7,7,Close (PT Updated/final),incremental,0.018930797694682235,0.07599161061435833,0.018211824410249492,12.48792270531401
linecfbp_trent_sorensen,,,621,,,,,,,,,,,,8,7,Close (PT Updated/final),incremental,0.01723610358842971,0.028662926823628355,0.01658149313790034,14.080193236714974
dokter_entropy,,,3228,,,,,,,,,,,,9,7,Close (PT Updated/final),incremental,0.01595729571345967,0.06879038977845524,0.015835128124744843,12.520179677819083
piratings_bias,,,3229,,,,,,,,,,,,10,7,Close (PT Updated/final),incremental,0.015457073135761102,0.05097498547800575,0.015338771433918708,12.752462062558067
piratings_mean,,,3229,,,,,,,,,,,,11,7,Close (PT Updated/final),incremental,0.015445412505764486,0.05828255259907676,0.015327200049302575,12.620294208733357
linecfbp_room44_bets,,,2156,,,,,,,,,,,,12,7,Close (PT Updated/final),incremental,0.014764802729958197,0.04016897647408345,0.014596518196202637,12.897077922077921
massey,,,3229,,,,,,,,,,,,13,7,Close (PT Updated/final),incremental,0.009638778352614362,0.028451813117306546,0.009565007343524824,12.878240941467945
linecfbp_cfb_victory,,,621,,,,,,,,,,,,14,7,Close (PT Updated/final),incremental,0.008694546645909502,0.017724077941557094,0.008364336220576012,13.263929146537842
linept_laz,,,3227,,,,,,,,,,,,15,7,Close (PT Updated/final),incremental,0.006737984408863207,0.018576351529721393,0.0066863832173916175,12.876386736907344
congrove,,,3228,,,,,,,,,,,,16,7,Close (PT Updated/final),incremental,0.006443336121884912,0.015160331664205865,0.006394006532998127,13.233082403965303
espn_fpi,,,3229,,,,,,,,,,,,17,7,Close (PT Updated/final),incremental,0.006351499732661508,0.025866934308464967,0.006302888121587031,12.540154846701766
linecfbp_sp,,,2158,,,,,,,,,,,,18,7,Close (PT Updated/final),incremental,0.004611869912812383,0.01648200850062182,0.004559353170898437,12.602131603336423
keeper,,,3220,,,,,,,,,,,,19,7,Close (PT Updated/final),incremental,0.0015498735667597127,0.003684030608449621,0.0015379787357772056,13.21286335403727
linecfbp_cfb_graphs,,,1651,,,,,,,,,,,,20,7,Close (PT Updated/final),incremental,0.0004296797883358213,0.001605785522536494,0.00042331758053196244,12.85832828588734
linecfbp_david_sasser,,,74,,,,,,,,,,,,21,7,Close (PT Updated/final),incremental,0.00011885664260453271,-0.07587754024808654,9.181813679639383e-05,11.044594594594596
sagarin,,,3229,,,,,,,,,,,,22,7,Close (PT Updated/final),incremental,-8.89105452687236e-05,0.0002719098664794783,-8.823006270099282e-05,12.598513471663056
sagarin_predictor,,,3229,,,,,,,,,,,,23,7,Close (PT Updated/final),incremental,-0.0001492778155316309,-3.733853047224624e-05,-0.00014813530818437318,12.64401672344379
linept_talis,,,3175,,,,,,,,,,,,24,7,Close (PT Updated/final),incremental,-0.001226835260196562,-0.003201783200474144,-0.0012172877589674222,13.154702362204727
linept_kam,,,3227,,,,,,,,,,,,25,7,Close (PT Updated/final),incremental,-0.002356285896764474,-0.007038791876606381,-0.0023382408624719026,12.881468856523087
sagarin_recent,,,3229,,,,,,,,,,,,26,7,Close (PT Updated/final),incremental,-0.0027253352054943205,-0.008651892857718089,-0.0027044766774878093,12.759284608237843
sagarin_golden_mean,,,3229,,,,,,,,,,,,27,7,Close (PT Updated/final),incremental,-0.0030129333563102267,-0.009264618296121028,-0.002989873677387923,12.739266026633631
linept_big200,,,894,,,,,,,,,,,,28,7,Close (PT Updated/final),incremental,-0.004243035710922466,-0.007238244268452275,-0.004129138489920482,13.33765100671141
linept_pig,,,3195,,,,,,,,,,,,29,7,Close (PT Updated/final),incremental,-0.004217296275645314,-0.014165444116616802,-0.004184679418833899,12.749924882629106
linept_pugh,,,3223,,,,,,,,,,,,30,7,Close (PT Updated/final),incremental,-0.005353368366594348,-0.016060699000907248,-0.005312320618132845,12.955795842382873
linept_clean,,,3188,,,,,,,,,,,,31,7,Close (PT Updated/final),incremental,-0.0073522657144488865,-0.012603969081897887,-0.007295279382351351,14.099121706398996
linept_kerns,,,3229,,,,,,,,,,,,32,7,Close (PT Updated/final),incremental,-0.007760280122878226,-0.01589240891875667,-0.007700886320620397,13.668795292660265
linecfbp_tshoe_index,,,1652,,,,,,,,,,,,33,7,Close (PT Updated/final),incremental,-0.00794287592667939,-0.024583265080646365,-0.00782533650661587,12.657869249394675
linept_dwig,,,3221,,,,,,,,,,,,34,7,Close (PT Updated/final),incremental,-0.008504993146898227,-0.018534152862285953,-0.008439739818752094,13.512496119217634
fei,,,3229,,,,,,,,,,,,35,7,Close (PT Updated/final),incremental,-0.008577423153424765,-0.022266415759375977,-0.008511775294508651,13.086138123257975
harville,,,3229,,,,,,,,,,,,36,7,Close (PT Updated/final),incremental,-0.009169184145202458,-0.034368900365581476,-0.009099007205535003,12.676571694022915
linept_donchess,,,3229,,,,,,,,,,,,37,7,Close (PT Updated/final),incremental,-0.011525107448807468,-0.0423246349626625,-0.01143689929884692,12.670678228553733
linept_loud,,,3147,,,,,,,,,,,,38,7,Close (PT Updated/final),incremental,-0.013110781559711378,-0.02072668311884318,-0.013007853436231202,14.410231966952653
linept_dunk,,,2810,,,,,,,,,,,,39,7,Close (PT Updated/final),incremental,-0.014047961293616953,-0.03377568540093362,-0.01392462298625302,13.278277580071176
teamrankings,,,3229,,,,,,,,,,,,40,7,Close (PT Updated/final),incremental,-0.01462174432523305,-0.062406263974476565,-0.014509835866083854,12.583521213998143
linecfbp_professor_sides,,,2152,,,,,,,,,,,,41,7,Close (PT Updated/final),incremental,-0.01669670778211822,-0.05754118745048057,-0.016506056318931525,12.718540892193309
linecfbp_power_rank,,,2156,,,,,,,,,,,,42,7,Close (PT Updated/final),incremental,-0.017230435538583475,-0.08180299318957329,-0.017034048504902873,12.479730983302412
linecfbp_kford,,,1136,,,,,,,,,,,,43,7,Close (PT Updated/final),incremental,-0.017740661561937664,-0.08006713863509216,-0.0173626748425066,12.18661971830986
linept_bill,,,3228,,,,,,,,,,,,44,7,Close (PT Updated/final),incremental,-0.02021207104757343,-0.042168456668518706,-0.02005732929012564,13.625557620817844
linecfbp_cfb_geek,,,1642,,,,,,,,,,,,45,7,Close (PT Updated/final),incremental,-0.02107672306701182,-0.07003288041035124,-0.020762970469957138,12.733556638246041
linept_curry,,,3226,,,,,,,,,,,,46,7,Close (PT Updated/final),incremental,-0.021703253646346517,-0.050024101494523736,-0.021536993700863233,13.440468071915687
linecfbp_wilson_ratings,,,2158,,,,,,,,,,,,47,7,Close (PT Updated/final),incremental,-0.021794842305237178,-0.06615849076223271,-0.02154665791798474,12.85
linept_rwp,,,3101,,,,,,,,,,,,48,7,Close (PT Updated/final),incremental,-0.022859188752218155,-0.04630031943846014,-0.02267709895756204,13.715733634311512
linept_how,,,3227,,,,,,,,,,,,49,7,Close (PT Updated/final),incremental,-0.023638059840989184,-0.05312183849409861,-0.023457033590725485,13.413721722962505
linecfbp_sportsratings,,,74,,,,,,,,,,,,50,7,Close (PT Updated/final),incremental,-0.03183558981399546,-0.021119712412426796,-0.024593362865390597,11.87027027027027
linept_wayward,,,895,,,,,,,,,,,,51,7,Close (PT Updated/final),incremental,-0.026005367084604894,-0.0777384332801564,-0.025308045229368633,12.801910614525141
linecfbp_dratings,,,2158,,,,,,,,,,,,52,7,Close (PT Updated/final),incremental,-0.026426332224127543,-0.09255549867972215,-0.026125407676084428,12.741936978683967
linecfbp_beta_rank,,,2158,,,,,,,,,,,,53,7,Close (PT Updated/final),incremental,-0.030828972147637215,-0.07339990669362181,-0.030477913422140256,13.437534754402225
linept_pfz,,,3229,,,,,,,,,,,,54,7,Close (PT Updated/final),incremental,-0.030864212734408536,-0.06012005396196328,-0.0306279915002566,13.899231960359245
linept_elo,,,3229,,,,,,,,,,,,55,7,Close (PT Updated/final),incremental,-0.042060449036367534,-0.11078569059341134,-0.041738536688696384,13.202753174357387
moore_ratings,,,3226,,,,,,,,,,,,56,7,Close (PT Updated/final),incremental,-0.047634167307058606,-0.12700437834120262,-0.04726926100366909,13.2692777433354
linecfbp_oddstrader_ai,,,588,,,,,,,,,,,,57,7,Close (PT Updated/final),incremental,-0.07749551543735529,-0.14467867347083824,-0.07439690947319667,13.403061224489797
linecfbp_pearatings,,,74,,,,,,,,,,,,58,7,Close (PT Updated/final),incremental,-0.12448309544700689,-0.3130118849682863,-0.09616463696204003,11.405405405405407
linecfbp_mcillece_sports,,,74,,,,,,,,,,,,59,7,Close (PT Updated/final),incremental,-0.1550289207665357,-0.3045621247868439,-0.11976164177631103,11.402702702702703
linept_big200,Big 200,1206.0,1185,625.0,560.0,20.0,8.181818181818167,13.393325041459368,0.0017164179104478263,0.5274261603375527,0.006904487917146133,0.49895809346909337,2.0,3.0,1,8,Open,wilson,,,,
linept_laz,Laz Index,3539.0,3466,1787.0,1679.0,71.0,-54.4545454545455,12.867781859282283,0.07277762079683535,0.5155799192152337,-0.015711063316372044,0.4989341898455043,5.0,4.0,2,8,Open,wilson,,,,
linecfbp_room44_bets,Room44 Bets,2365.0,2270,1171.0,1099.0,51.0,-34.45454545454549,12.826427061310783,-0.005708245243128988,0.5158590308370044,-0.01517821385662797,0.49529132236981555,5.0,5.0,3,8,Open,wilson,,,,
congrove,Congrove Computer Rankings,3540.0,3463,1768.0,1695.0,71.0,-87.72727272727278,13.228805084745764,0.2412118644067797,0.5105399942246607,-0.025332738298375044,0.4938882626114786,5.0,6.0,4,8,Open,wilson,,,,
keeper,Keeper,3532.0,3457,1761.0,1696.0,71.0,-95.09090909090914,13.195741789354473,0.11532276330690823,0.5094012149262366,-0.02750677150445737,0.49273555316221757,5.0,8.0,5,8,Open,wilson,,,,
linecfbp_jp,JP+,1861.0,1810,933.0,877.0,33.0,-28.818181818181845,12.654809242342825,-0.06276195593766784,0.5154696132596686,-0.015921647413360135,0.4924377470199848,4.0,9.0,6,8,Open,wilson,,,,
massey,Massey Ratings,3541.0,3464,1762.0,1702.0,71.0,-100.18181818181823,12.823493363456652,0.040872634848912744,0.5086605080831409,-0.028920848204912884,0.49201206121638186,5.0,10.0,7,8,Open,wilson,,,,
espn_fpi,ESPN FPI,3541.0,3462,1760.0,1702.0,71.0,-102.00000000000006,12.51249082180175,-0.012400451849759995,0.5083766608896592,-0.029462738301559807,0.49172356213046203,5.0,11.0,8,8,Open,wilson,,,,
sagarin_predictor,Sagarin Predictor,3541.0,3464,1754.0,1710.0,71.0,-115.4545454545455,12.594498729172551,-0.039017226772098366,0.50635103926097,-0.03332983413814824,0.4897039979575682,5.0,12.0,9,8,Open,wilson,,,,
linecfbp_professor_sides,Professor Sides,2361.0,2291,1167.0,1124.0,51.0,-63.09090909090912,12.684625158831004,0.09165607793307914,0.509384548232213,-0.027538589738502452,0.4889154456119407,5.0,13.0,10,8,Open,wilson,,,,
harville,David Harville,3541.0,3466,1752.0,1714.0,71.0,-121.27272727272732,12.638683987574131,0.09171420502682855,0.5054818234275822,-0.03498924618370667,0.48884020292008656,5.0,14.0,11,8,Open,wilson,,,,
linept_kerns,Stephen Kerns,3541.0,3451,1742.0,1709.0,71.0,-125.3636363636364,13.778057046032195,0.5317480937588253,0.5047812228339612,-0.03632675640789232,0.48810404101602217,5.0,15.0,12,8,Open,wilson,,,,
linept_loud,Loudsound.org,3459.0,3277,1650.0,1627.0,70.0,-127.00000000000004,14.405319456490314,0.07747904018502458,0.503509307293256,-0.03875495880378396,0.48639658588174406,5.0,17.0,13,8,Open,wilson,,,,
linept_how,Howell,3539.0,3357,1689.0,1668.0,71.0,-132.5454545454546,13.379222944334558,-0.09720542526137325,0.5031277926720286,-0.03948330489885451,0.4862203689829415,5.0,18.0,14,8,Open,wilson,,,,
linecfbp_sp,SP+,2367.0,2292,1161.0,1131.0,51.0,-75.54545454545458,12.577439797211662,0.13569919729615545,0.506544502617801,-0.03296049500237983,0.4860827661472057,5.0,19.0,15,8,Open,wilson,,,,
linecfbp_cfb_geek,CFB Geek,1851.0,1790,911.0,879.0,42.0,-50.81818181818184,12.647163695299838,0.284008643976229,0.5089385474860335,-0.028390045708481474,0.4857850822474332,4.0,20.0,16,8,Open,wilson,,,,
linept_elo,Beck Elo,3541.0,3468,1742.0,1726.0,71.0,-142.3636363636364,13.138155888167182,0.03553515955944648,0.5023068050749712,-0.04105064485687324,0.4856726716605996,5.0,21.0,17,8,Open,wilson,,,,
linept_donchess,Donchess Inference,3541.0,3376,1696.0,1680.0,71.0,-138.18181818181822,12.632199943518781,-0.028059870093194033,0.5023696682464455,-0.04093063334769497,0.4855105659833341,5.0,23.0,18,8,Open,wilson,,,,
dokter_entropy,Dokter Entropy,3540.0,3466,1733.0,1733.0,71.0,-157.5454545454546,12.486505649717513,-0.05246045197740114,0.5,-0.04545454545454547,0.48336344962240363,5.0,24.0,19,8,Open,wilson,,,,
linept_pfz,PerformanZ Ratings,3541.0,3469,1734.0,1735.0,71.0,-158.63636363636368,13.887164642756282,0.12261225642473884,0.4998558662438743,-0.04572970989805814,0.48322666324974484,5.0,25.0,20,8,Open,wilson,,,,
linept_pugh,Pugh Ratings,3534.0,3462,1729.0,1733.0,71.0,-161.18181818181822,12.97659309564233,0.11135257498585185,0.499422299248989,-0.04655742870647551,0.48277680275347656,5.0,26.0,21,8,Open,wilson,,,,
linept_bihl,Bihl System,1862.0,1828,923.0,905.0,34.0,-65.90909090909093,13.193614393125673,0.16915682062298606,0.5049234135667396,-0.03605530137258804,0.4820174302650002,5.0,27.0,22,8,Open,wilson,,,,
linecfbp_trent_sorensen,Trent Sorensen,830.0,808,417.0,391.0,16.0,-11.909090909090919,14.063373493975904,0.3542168674698797,0.5160891089108911,-0.014738973897389752,0.481636721639377,2.0,29.0,23,8,Open,wilson,,,,
linept_dwig,DP Dwiggins,3533.0,3337,1663.0,1674.0,71.0,-162.18181818181822,13.52356354373054,0.12744126804415512,0.49835181300569376,-0.04860108426185742,0.4813990981327403,5.0,30.0,24,8,Open,wilson,,,,
fei,FEI Projections,3541.0,3440,1713.0,1727.0,71.0,-169.72727272727278,13.021332956791865,-0.06455238633154477,0.49796511627906975,-0.04933932346723046,0.4812682914000149,5.0,31.0,25,8,Open,wilson,,,,
linecfbp_dratings,DRatings,2367.0,2271,1139.0,1132.0,51.0,-96.54545454545458,12.70198563582594,-0.023574144486691984,0.5015411712901805,-0.0425123093551099,0.4809919449978294,5.0,32.0,26,8,Open,wilson,,,,
linept_rwp,Laffaye RWP,3413.0,3343,1664.0,1679.0,67.0,-166.2727272727273,13.714418400234399,0.21119542924113685,0.49775650613221656,-0.04973757920213201,0.4808197539257715,5.0,33.0,27,8,Open,wilson,,,,
linecfbp_wilson_ratings,Wilson Ratings,2367.0,2293,1149.0,1144.0,51.0,-99.45454545454548,12.762146176594845,-0.03607942543303766,0.5010902747492368,-0.043373111842366106,0.4806404174278586,5.0,34.0,28,8,Open,wilson,,,,
sagarin_recent,Sagarin Recent,3541.0,3466,1723.0,1743.0,71.0,-176.63636363636368,12.744939282688504,0.027068624682293128,0.49711482977495675,-0.05096259770235536,0.4804817502349567,5.0,35.0,29,8,Open,wilson,,,,
piratings_bias,PI-Rate Bias,3541.0,3439,1709.0,1730.0,71.0,-176.3636363636364,12.755040948884496,-0.07714769839028525,0.4969467868566444,-0.05128340691004257,0.48024884673904283,5.0,36.0,30,8,Open,wilson,,,,
piratings_mean,Pi-Ratings Mean,3541.0,3437,1708.0,1729.0,71.0,-176.2727272727273,12.609630048009036,-0.03079356114092073,0.4969450101832994,-0.0512867987409739,0.48024222124114474,5.0,37.0,31,8,Open,wilson,,,,
sagarin_golden_mean,Sagarin Golden Mean,3541.0,3465,1721.0,1744.0,71.0,-179.4545454545455,12.703490539395652,-0.06937588251906243,0.49668109668109667,-0.05179063360881544,0.4800461900508685,5.0,38.0,32,8,Open,wilson,,,,
linept_dunk,Dunkel Index,3118.0,3056,1519.0,1537.0,61.0,-156.09090909090912,13.274211032713277,-0.018438101347017302,0.49705497382198954,-0.05107686815802,0.47934285726109405,5.0,39.0,33,8,Open,wilson,,,,
linecfbp_power_rank,Power Rank,2365.0,2296,1146.0,1150.0,51.0,-108.18181818181822,12.413868921775899,0.16059196617336166,0.4991289198606272,-0.04711751662971177,0.478695664402071,5.0,40.0,34,8,Open,wilson,,,,
linept_log,Logistic Regression,1555.0,1525,768.0,757.0,30.0,-58.81818181818184,15.168971061093247,0.527491961414791,0.5036065573770492,-0.038569299552906125,0.4785349255046267,4.0,41.0,35,8,Open,wilson,,,,
linept_curry,Daniel Curry Index,3538.0,3464,1714.0,1750.0,71.0,-191.81818181818187,13.33195308083663,0.06765121537591857,0.49480369515011546,-0.05537476380432502,0.47816900194194706,5.0,43.0,36,8,Open,wilson,,,,
sagarin,Sagarin Ratings,3541.0,3467,1715.0,1752.0,71.0,-192.90909090909096,12.553933916972605,-0.04161536289183842,0.4946639746178252,-0.055641503002333705,0.47803667306931713,5.0,44.0,37,8,Open,wilson,,,,
piratings,Pi-Ratings,3541.0,3446,1704.0,1742.0,71.0,-192.90909090909096,12.713668455238635,-0.01200790737079922,0.4944863609982589,-0.05598058354877857,0.47780880908266515,5.0,45.0,38,8,Open,wilson,,,,
teamrankings,TeamRankings.com,3541.0,3427,1694.0,1733.0,71.0,-193.00000000000003,12.548627506354135,0.015393956509460602,0.49430989203384884,-0.056317478844470394,0.4775865044316605,5.0,46.0,39,8,Open,wilson,,,,
linecfbp_tshoe_index,TShoe Index,1861.0,1782,891.0,891.0,33.0,-81.00000000000003,12.629661472326708,0.027404621171413217,0.5,-0.04545454545454547,0.47681021912882876,4.0,48.0,40,8,Open,wilson,,,,
linept_wayward,Waywardtrends,1207.0,1186,598.0,588.0,20.0,-44.36363636363638,12.639585749792875,0.07541010770505394,0.5042158516020236,-0.03740610148704585,0.47579309587132984,2.0,49.0,41,8,Open,wilson,,,,
linept_talis,Talisman Red,3486.0,3414,1681.0,1733.0,70.0,-204.81818181818187,13.102280550774527,0.105952380952381,0.4923842999414177,-0.05999360920274806,0.475632172695215,5.0,50.0,42,8,Open,wilson,,,,
linept_clean,Cleanup Hitter,3500.0,3347,1645.0,1702.0,71.0,-206.5454545454546,14.07742,-1.4285714285717535e-05,0.4914849118613684,-0.061710622810114905,0.47456774207500046,5.0,53.0,43,8,Open,wilson,,,,
linept_bill,Billingsley,3540.0,3467,1701.0,1766.0,71.0,-219.63636363636368,13.526960451977402,0.07661016949152544,0.4906259013556389,-0.06335055195741669,0.47400504326522686,5.0,56.0,44,8,Open,wilson,,,,
moore_ratings,Moore Power Ratings,3538.0,3464,1698.0,1766.0,71.0,-222.3636363636364,13.242235726399095,0.0749434708875071,0.49018475750577367,-0.06419273567079573,0.473557486332313,5.0,57.0,45,8,Open,wilson,,,,
linecfbp_beta_rank,Beta_Rank,2367.0,2304,1127.0,1177.0,51.0,-152.4545454545455,13.396408956485004,0.2151668779045204,0.4891493055555556,-0.0661695075757576,0.4687728701781303,5.0,66.0,46,8,Open,wilson,,,,
linecfbp_john_harris,John Harris,830.0,804,404.0,400.0,16.0,-32.727272727272734,12.149036144578314,0.3391566265060241,0.5024875621890548,-0.040705563093622804,0.4679971289949149,2.0,67.0,47,8,Open,wilson,,,,
linecfbp_matt_grissom,Matt Grissom,830.0,811,406.0,405.0,16.0,-35.90909090909092,12.420722891566266,0.30963855421686753,0.5006165228113441,-0.04427754736016143,0.46628303098293256,2.0,68.0,48,8,Open,wilson,,,,
linept_kam,Edward Kambour,3539.0,3464,1672.0,1792.0,71.0,-272.00000000000006,12.861166996326645,-0.05348686069511154,0.48267898383371827,-0.07852193995381064,0.46606680123535793,5.0,70.0,49,8,Open,wilson,,,,
linept_fluker,Slate Fluker,410.0,399,205.0,194.0,6.0,-7.63636363636364,11.899146341463414,-0.4791463414634146,0.5137844611528822,-0.019138755980861254,0.4648454100924035,1.0,71.0,50,8,Open,wilson,,,,
linecfbp_kford,KFord,1345.0,1304,638.0,666.0,24.0,-86.00000000000003,12.125873605947955,0.1573977695167286,0.4892638036809816,-0.0659509202453988,0.46220336162879677,3.0,72.0,51,8,Open,wilson,,,,
linecfbp_cfb_victory,CFB Victory,830.0,798,395.0,403.0,16.0,-43.90909090909092,13.543253012048192,0.016506024096385564,0.4949874686716792,-0.05502392344497609,0.4604054254793311,2.0,73.0,52,8,Open,wilson,,,,
linecfbp_cfb_graphs,CFB Graphs,1860.0,1811,875.0,936.0,33.0,-140.54545454545456,12.873870967741937,0.09451612903225798,0.48315847598012146,-0.07760654585613173,0.4602033939382204,4.0,74.0,53,8,Open,wilson,,,,
linecfbp_sportsline,SportsLine,1345.0,1278,623.0,655.0,24.0,-88.63636363636365,12.72639405204461,0.36654275092936806,0.4874804381846635,-0.06935552710200599,0.4601548657184957,3.0,75.0,54,8,Open,wilson,,,,
linecfbp_ryder_analytics,Ryder Analytics,283.0,276,140.0,136.0,5.0,-8.72727272727273,13.04982332155477,0.5190812720848054,0.5072463768115942,-0.031620553359683806,0.44857125889871413,1.0,77.0,55,8,Open,wilson,,,,
linecfbp_oddstrader_ai,OddsTrader AI,797.0,764,368.0,396.0,13.0,-61.45454545454547,12.961104140526976,0.3086574654956085,0.4816753926701571,-0.08043788672060925,0.44642500478623365,2.0,78.0,56,8,Open,wilson,,,,
linecfbp_david_sasser,David Sasser,283.0,278,140.0,138.0,5.0,-10.727272727272732,11.939575971731447,0.20388692579505294,0.5035971223021583,-0.03858731196860695,0.4451760945114035,1.0,79.0,57,8,Open,wilson,,,,
linecfbp_pearatings,PEARatings,283.0,275,135.0,140.0,5.0,-17.272727272727277,11.948409893992931,0.49964664310954054,0.4909090909090909,-0.06280991735537192,0.43235723532778675,1.0,81.0,58,8,Open,wilson,,,,
linecfbp_sportsratings,SportsRatings,283.0,278,136.0,142.0,5.0,-18.363636363636367,13.27314487632509,0.5833922261484098,0.4892086330935252,-0.06605624591236103,0.43099564014341474,1.0,82.0,59,8,Open,wilson,,,,
linecfbp_mcillece_sports,McIllece Sports,283.0,275,134.0,141.0,5.0,-19.181818181818183,12.2,0.0204946996466431,0.48727272727272725,-0.06975206611570249,0.4287801542382321,1.0,83.0,60,8,Open,wilson,,,,
linept_fluker,Slate Fluker,410.0,399,205.0,194.0,6.0,-7.63636363636364,11.899146341463414,-0.4791463414634146,0.5137844611528822,-0.019138755980861254,0.4648454100924035,1.0,71.0,1,8,Open,mae,,,,
linecfbp_david_sasser,David Sasser,283.0,278,140.0,138.0,5.0,-10.727272727272732,11.939575971731447,0.20388692579505294,0.5035971223021583,-0.03858731196860695,0.4451760945114035,1.0,79.0,2,8,Open,mae,,,,
linecfbp_pearatings,PEARatings,283.0,275,135.0,140.0,5.0,-17.272727272727277,11.948409893992931,0.49964664310954054,0.4909090909090909,-0.06280991735537192,0.43235723532778675,1.0,81.0,3,8,Open,mae,,,,
linecfbp_kford,KFord,1345.0,1304,638.0,666.0,24.0,-86.00000000000003,12.125873605947955,0.1573977695167286,0.4892638036809816,-0.0659509202453988,0.46220336162879677,3.0,72.0,4,8,Open,mae,,,,
linecfbp_john_harris,John Harris,830.0,804,404.0,400.0,16.0,-32.727272727272734,12.149036144578314,0.3391566265060241,0.5024875621890548,-0.040705563093622804,0.4679971289949149,2.0,67.0,5,8,Open,mae,,,,
linecfbp_mcillece_sports,McIllece Sports,283.0,275,134.0,141.0,5.0,-19.181818181818183,12.2,0.0204946996466431,0.48727272727272725,-0.06975206611570249,0.4287801542382321,1.0,83.0,6,8,Open,mae,,,,
linecfbp_power_rank,Power Rank,2365.0,2296,1146.0,1150.0,51.0,-108.18181818181822,12.413868921775899,0.16059196617336166,0.4991289198606272,-0.04711751662971177,0.478695664402071,5.0,40.0,7,8,Open,mae,,,,
linecfbp_matt_grissom,Matt Grissom,830.0,811,406.0,405.0,16.0,-35.90909090909092,12.420722891566266,0.30963855421686753,0.5006165228113441,-0.04427754736016143,0.46628303098293256,2.0,68.0,8,8,Open,mae,,,,
dokter_entropy,Dokter Entropy,3540.0,3466,1733.0,1733.0,71.0,-157.5454545454546,12.486505649717513,-0.05246045197740114,0.5,-0.04545454545454547,0.48336344962240363,5.0,24.0,9,8,Open,mae,,,,
espn_fpi,ESPN FPI,3541.0,3462,1760.0,1702.0,71.0,-102.00000000000006,12.51249082180175,-0.012400451849759995,0.5083766608896592,-0.029462738301559807,0.49172356213046203,5.0,11.0,10,8,Open,mae,,,,
teamrankings,TeamRankings.com,3541.0,3427,1694.0,1733.0,71.0,-193.00000000000003,12.548627506354135,0.015393956509460602,0.49430989203384884,-0.056317478844470394,0.4775865044316605,5.0,46.0,11,8,Open,mae,,,,
sagarin,Sagarin Ratings,3541.0,3467,1715.0,1752.0,71.0,-192.90909090909096,12.553933916972605,-0.04161536289183842,0.4946639746178252,-0.055641503002333705,0.47803667306931713,5.0,44.0,12,8,Open,mae,,,,
linecfbp_sp,SP+,2367.0,2292,1161.0,1131.0,51.0,-75.54545454545458,12.577439797211662,0.13569919729615545,0.506544502617801,-0.03296049500237983,0.4860827661472057,5.0,19.0,13,8,Open,mae,,,,
sagarin_predictor,Sagarin Predictor,3541.0,3464,1754.0,1710.0,71.0,-115.4545454545455,12.594498729172551,-0.039017226772098366,0.50635103926097,-0.03332983413814824,0.4897039979575682,5.0,12.0,14,8,Open,mae,,,,
piratings_mean,Pi-Ratings Mean,3541.0,3437,1708.0,1729.0,71.0,-176.2727272727273,12.609630048009036,-0.03079356114092073,0.4969450101832994,-0.0512867987409739,0.48024222124114474,5.0,37.0,15,8,Open,mae,,,,
linecfbp_tshoe_index,TShoe Index,1861.0,1782,891.0,891.0,33.0,-81.00000000000003,12.629661472326708,0.027404621171413217,0.5,-0.04545454545454547,0.47681021912882876,4.0,48.0,16,8,Open,mae,,,,
linept_donchess,Donchess Inference,3541.0,3376,1696.0,1680.0,71.0,-138.18181818181822,12.632199943518781,-0.028059870093194033,0.5023696682464455,-0.04093063334769497,0.4855105659833341,5.0,23.0,17,8,Open,mae,,,,
harville,David Harville,3541.0,3466,1752.0,1714.0,71.0,-121.27272727272732,12.638683987574131,0.09171420502682855,0.5054818234275822,-0.03498924618370667,0.48884020292008656,5.0,14.0,18,8,Open,mae,,,,
linept_wayward,Waywardtrends,1207.0,1186,598.0,588.0,20.0,-44.36363636363638,12.639585749792875,0.07541010770505394,0.5042158516020236,-0.03740610148704585,0.47579309587132984,2.0,49.0,19,8,Open,mae,,,,
linecfbp_cfb_geek,CFB Geek,1851.0,1790,911.0,879.0,42.0,-50.81818181818184,12.647163695299838,0.284008643976229,0.5089385474860335,-0.028390045708481474,0.4857850822474332,4.0,20.0,20,8,Open,mae,,,,
linecfbp_jp,JP+,1861.0,1810,933.0,877.0,33.0,-28.818181818181845,12.654809242342825,-0.06276195593766784,0.5154696132596686,-0.015921647413360135,0.4924377470199848,4.0,9.0,21,8,Open,mae,,,,
linecfbp_professor_sides,Professor Sides,2361.0,2291,1167.0,1124.0,51.0,-63.09090909090912,12.684625158831004,0.09165607793307914,0.509384548232213,-0.027538589738502452,0.4889154456119407,5.0,13.0,22,8,Open,mae,,,,
linecfbp_dratings,DRatings,2367.0,2271,1139.0,1132.0,51.0,-96.54545454545458,12.70198563582594,-0.023574144486691984,0.5015411712901805,-0.0425123093551099,0.4809919449978294,5.0,32.0,23,8,Open,mae,,,,
sagarin_golden_mean,Sagarin Golden Mean,3541.0,3465,1721.0,1744.0,71.0,-179.4545454545455,12.703490539395652,-0.06937588251906243,0.49668109668109667,-0.05179063360881544,0.4800461900508685,5.0,38.0,24,8,Open,mae,,,,
piratings,Pi-Ratings,3541.0,3446,1704.0,1742.0,71.0,-192.90909090909096,12.713668455238635,-0.01200790737079922,0.4944863609982589,-0.05598058354877857,0.47780880908266515,5.0,45.0,25,8,Open,mae,,,,
linecfbp_sportsline,SportsLine,1345.0,1278,623.0,655.0,24.0,-88.63636363636365,12.72639405204461,0.36654275092936806,0.4874804381846635,-0.06935552710200599,0.4601548657184957,3.0,75.0,26,8,Open,mae,,,,
sagarin_recent,Sagarin Recent,3541.0,3466,1723.0,1743.0,71.0,-176.63636363636368,12.744939282688504,0.027068624682293128,0.49711482977495675,-0.05096259770235536,0.4804817502349567,5.0,35.0,27,8,Open,mae,,,,
piratings_bias,PI-Rate Bias,3541.0,3439,1709.0,1730.0,71.0,-176.3636363636364,12.755040948884496,-0.07714769839028525,0.4969467868566444,-0.05128340691004257,0.48024884673904283,5.0,36.0,28,8,Open,mae,,,,
linecfbp_wilson_ratings,Wilson Ratings,2367.0,2293,1149.0,1144.0,51.0,-99.45454545454548,12.762146176594845,-0.03607942543303766,0.5010902747492368,-0.043373111842366106,0.4806404174278586,5.0,34.0,29,8,Open,mae,,,,
massey,Massey Ratings,3541.0,3464,1762.0,1702.0,71.0,-100.18181818181823,12.823493363456652,0.040872634848912744,0.5086605080831409,-0.028920848204912884,0.49201206121638186,5.0,10.0,30,8,Open,mae,,,,
linecfbp_room44_bets,Room44 Bets,2365.0,2270,1171.0,1099.0,51.0,-34.45454545454549,12.826427061310783,-0.005708245243128988,0.5158590308370044,-0.01517821385662797,0.49529132236981555,5.0,5.0,31,8,Open,mae,,,,
linept_kam,Edward Kambour,3539.0,3464,1672.0,1792.0,71.0,-272.00000000000006,12.861166996326645,-0.05348686069511154,0.48267898383371827,-0.07852193995381064,0.46606680123535793,5.0,70.0,32,8,Open,mae,,,,
linept_laz,Laz Index,3539.0,3466,1787.0,1679.0,71.0,-54.4545454545455,12.867781859282283,0.07277762079683535,0.5155799192152337,-0.015711063316372044,0.4989341898455043,5.0,4.0,33,8,Open,mae,,,,
linecfbp_cfb_graphs,CFB Graphs,1860.0,1811,875.0,936.0,33.0,-140.54545454545456,12.873870967741937,0.09451612903225798,0.48315847598012146,-0.07760654585613173,0.4602033939382204,4.0,74.0,34,8,Open,mae,,,,
linecfbp_oddstrader_ai,OddsTrader AI,797.0,764,368.0,396.0,13.0,-61.45454545454547,12.961104140526976,0.3086574654956085,0.4816753926701571,-0.08043788672060925,0.44642500478623365,2.0,78.0,35,8,Open,mae,,,,
linept_pugh,Pugh Ratings,3534.0,3462,1729.0,1733.0,71.0,-161.18181818181822,12.97659309564233,0.11135257498585185,0.499422299248989,-0.04655742870647551,0.48277680275347656,5.0,26.0,36,8,Open,mae,,,,
fei,FEI Projections,3541.0,3440,1713.0,1727.0,71.0,-169.72727272727278,13.021332956791865,-0.06455238633154477,0.49796511627906975,-0.04933932346723046,0.4812682914000149,5.0,31.0,37,8,Open,mae,,,,
linecfbp_ryder_analytics,Ryder Analytics,283.0,276,140.0,136.0,5.0,-8.72727272727273,13.04982332155477,0.5190812720848054,0.5072463768115942,-0.031620553359683806,0.44857125889871413,1.0,77.0,38,8,Open,mae,,,,
linept_talis,Talisman Red,3486.0,3414,1681.0,1733.0,70.0,-204.81818181818187,13.102280550774527,0.105952380952381,0.4923842999414177,-0.05999360920274806,0.475632172695215,5.0,50.0,39,8,Open,mae,,,,
linept_elo,Beck Elo,3541.0,3468,1742.0,1726.0,71.0,-142.3636363636364,13.138155888167182,0.03553515955944648,0.5023068050749712,-0.04105064485687324,0.4856726716605996,5.0,21.0,40,8,Open,mae,,,,
linept_bihl,Bihl System,1862.0,1828,923.0,905.0,34.0,-65.90909090909093,13.193614393125673,0.16915682062298606,0.5049234135667396,-0.03605530137258804,0.4820174302650002,5.0,27.0,41,8,Open,mae,,,,
keeper,Keeper,3532.0,3457,1761.0,1696.0,71.0,-95.09090909090914,13.195741789354473,0.11532276330690823,0.5094012149262366,-0.02750677150445737,0.49273555316221757,5.0,8.0,42,8,Open,mae,,,,
congrove,Congrove Computer Rankings,3540.0,3463,1768.0,1695.0,71.0,-87.72727272727278,13.228805084745764,0.2412118644067797,0.5105399942246607,-0.025332738298375044,0.4938882626114786,5.0,6.0,43,8,Open,mae,,,,
moore_ratings,Moore Power Ratings,3538.0,3464,1698.0,1766.0,71.0,-222.3636363636364,13.242235726399095,0.0749434708875071,0.49018475750577367,-0.06419273567079573,0.473557486332313,5.0,57.0,44,8,Open,mae,,,,
linecfbp_sportsratings,SportsRatings,283.0,278,136.0,142.0,5.0,-18.363636363636367,13.27314487632509,0.5833922261484098,0.4892086330935252,-0.06605624591236103,0.43099564014341474,1.0,82.0,45,8,Open,mae,,,,
linept_dunk,Dunkel Index,3118.0,3056,1519.0,1537.0,61.0,-156.09090909090912,13.274211032713277,-0.018438101347017302,0.49705497382198954,-0.05107686815802,0.47934285726109405,5.0,39.0,46,8,Open,mae,,,,
linept_curry,Daniel Curry Index,3538.0,3464,1714.0,1750.0,71.0,-191.81818181818187,13.33195308083663,0.06765121537591857,0.49480369515011546,-0.05537476380432502,0.47816900194194706,5.0,43.0,47,8,Open,mae,,,,
linept_how,Howell,3539.0,3357,1689.0,1668.0,71.0,-132.5454545454546,13.379222944334558,-0.09720542526137325,0.5031277926720286,-0.03948330489885451,0.4862203689829415,5.0,18.0,48,8,Open,mae,,,,
linept_big200,Big 200,1206.0,1185,625.0,560.0,20.0,8.181818181818167,13.393325041459368,0.0017164179104478263,0.5274261603375527,0.006904487917146133,0.49895809346909337,2.0,3.0,49,8,Open,mae,,,,
linecfbp_beta_rank,Beta_Rank,2367.0,2304,1127.0,1177.0,51.0,-152.4545454545455,13.396408956485004,0.2151668779045204,0.4891493055555556,-0.0661695075757576,0.4687728701781303,5.0,66.0,50,8,Open,mae,,,,
linept_dwig,DP Dwiggins,3533.0,3337,1663.0,1674.0,71.0,-162.18181818181822,13.52356354373054,0.12744126804415512,0.49835181300569376,-0.04860108426185742,0.4813990981327403,5.0,30.0,51,8,Open,mae,,,,
linept_bill,Billingsley,3540.0,3467,1701.0,1766.0,71.0,-219.63636363636368,13.526960451977402,0.07661016949152544,0.4906259013556389,-0.06335055195741669,0.47400504326522686,5.0,56.0,52,8,Open,mae,,,,
linecfbp_cfb_victory,CFB Victory,830.0,798,395.0,403.0,16.0,-43.90909090909092,13.543253012048192,0.016506024096385564,0.4949874686716792,-0.05502392344497609,0.4604054254793311,2.0,73.0,53,8,Open,mae,,,,
linept_rwp,Laffaye RWP,3413.0,3343,1664.0,1679.0,67.0,-166.2727272727273,13.714418400234399,0.21119542924113685,0.49775650613221656,-0.04973757920213201,0.4808197539257715,5.0,33.0,54,8,Open,mae,,,,
linept_kerns,Stephen Kerns,3541.0,3451,1742.0,1709.0,71.0,-125.3636363636364,13.778057046032195,0.5317480937588253,0.5047812228339612,-0.03632675640789232,0.48810404101602217,5.0,15.0,55,8,Open,mae,,,,
linept_pfz,PerformanZ Ratings,3541.0,3469,1734.0,1735.0,71.0,-158.63636363636368,13.887164642756282,0.12261225642473884,0.4998558662438743,-0.04572970989805814,0.48322666324974484,5.0,25.0,56,8,Open,mae,,,,
linecfbp_trent_sorensen,Trent Sorensen,830.0,808,417.0,391.0,16.0,-11.909090909090919,14.063373493975904,0.3542168674698797,0.5160891089108911,-0.014738973897389752,0.481636721639377,2.0,29.0,57,8,Open,mae,,,,
linept_clean,Cleanup Hitter,3500.0,3347,1645.0,1702.0,71.0,-206.5454545454546,14.07742,-1.4285714285717535e-05,0.4914849118613684,-0.061710622810114905,0.47456774207500046,5.0,53.0,58,8,Open,mae,,,,
linept_loud,Loudsound.org,3459.0,3277,1650.0,1627.0,70.0,-127.00000000000004,14.405319456490314,0.07747904018502458,0.503509307293256,-0.03875495880378396,0.48639658588174406,5.0,17.0,59,8,Open,mae,,,,
linept_log,Logistic Regression,1555.0,1525,768.0,757.0,30.0,-58.81818181818184,15.168971061093247,0.527491961414791,0.5036065573770492,-0.038569299552906125,0.4785349255046267,4.0,41.0,60,8,Open,mae,,,,
linecfbp_mcillece_sports,,,283,,,,,,,,,,,,1,8,Open,incremental,0.048807847759155455,0.12271224752691823,0.04499463761227265,12.200000000000001
linecfbp_jp,,,1861,,,,,,,,,,,,2,8,Open,incremental,0.041899296817466535,0.11552192174576377,0.04134753061531607,12.654809242342825
keeper,,,3532,,,,,,,,,,,,3,8,Open,incremental,0.040087269919826196,0.09258191308169733,0.03980650396339386,13.195741789354473
dokter_entropy,,,3540,,,,,,,,,,,,4,8,Open,incremental,0.038206892923794984,0.17018504298836457,0.0379398952926422,12.486505649717513
linecfbp_room44_bets,,,2365,,,,,,,,,,,,5,8,Open,incremental,0.036925489001876026,0.10251153740627682,0.036541238285236026,12.826427061310783
linecfbp_sp,,,2367,,,,,,,,,,,,6,8,Open,incremental,0.03592730673726247,0.12657865386358097,0.03555375420232312,12.577439797211659
piratings,,,3541,,,,,,,,,,,,7,8,Open,incremental,0.03395395232413119,0.11207163662850433,0.03371674142514939,12.713668455238635
espn_fpi,,,3541,,,,,,,,,,,,8,8,Open,incremental,0.032375108112095916,0.13014468587369443,0.032148927418119824,12.512490821801752
linept_laz,,,3539,,,,,,,,,,,,9,8,Open,incremental,0.03136644315401982,0.08435517538255223,0.031147186704576973,12.867781859282283
piratings_bias,,,3541,,,,,,,,,,,,10,8,Open,incremental,0.030507598365433063,0.09896790367767633,0.03029446456690037,12.755040948884497
piratings_mean,,,3541,,,,,,,,,,,,11,8,Open,incremental,0.029081892890005248,0.11114611340030645,0.028878719430530615,12.609630048009036
linecfbp_power_rank,,,2365,,,,,,,,,,,,12,8,Open,incremental,0.026921919034282475,0.12919776979552358,0.02664176657152913,12.413868921775899
linecfbp_trent_sorensen,,,830,,,,,,,,,,,,13,8,Open,incremental,0.026872766306298045,0.04414053640767756,0.026098171788785263,14.063373493975902
linecfbp_cfb_geek,,,1851,,,,,,,,,,,,14,8,Open,incremental,0.024600009446343184,0.07835374557328467,0.02427433967560238,12.647163695299836
linept_pugh,,,3534,,,,,,,,,,,,15,8,Open,incremental,0.023602800605433325,0.0666889025339996,0.023437582274544448,12.97659309564233
congrove,,,3540,,,,,,,,,,,,16,8,Open,incremental,0.022767934167784127,0.05553148532922493,0.022608827157926885,13.228805084745764
linept_big200,,,1206,,,,,,,,,,,,17,8,Open,incremental,0.022468677444597584,0.046868125451765066,0.022016908819976977,13.39332504145937
linecfbp_professor_sides,,,2361,,,,,,,,,,,,18,8,Open,incremental,0.02166710988279566,0.07242057244517214,0.021441263504938676,12.684625158831002
linecfbp_john_harris,,,830,,,,,,,,,,,,19,8,Open,incremental,0.02026033194824855,0.11495924981573374,0.019676337659338128,12.149036144578314
sagarin_recent,,,3541,,,,,,,,,,,,20,8,Open,incremental,0.0174784040568402,0.05629541976150312,0.01735629550524918,12.744939282688506
teamrankings,,,3541,,,,,,,,,,,,21,8,Open,incremental,0.016957296867090174,0.0717676066305808,0.016838828902131498,12.548627506354137
sagarin_predictor,,,3541,,,,,,,,,,,,22,8,Open,incremental,0.014722579162375033,0.05834982609200474,0.014619723500533402,12.59449872917255
sagarin,,,3541,,,,,,,,,,,,23,8,Open,incremental,0.013864801874019209,0.05934903113157043,0.013767938861273468,12.553933916972605
linept_dwig,,,3533,,,,,,,,,,,,24,8,Open,incremental,0.013833688028195517,0.029033696666570165,0.013736825836773521,13.52356354373054
linept_kerns,,,3541,,,,,,,,,,,,25,8,Open,incremental,0.012663491997900036,0.023643748146998267,0.012575021639798727,13.778057046032194
linecfbp_sportsline,,,1345,,,,,,,,,,,,26,8,Open,incremental,0.0126031080972221,0.034248629608122166,0.012375184987294289,12.72639405204461
linecfbp_ryder_analytics,,,283,,,,,,,,,,,,27,8,Open,incremental,0.011988200250243986,0.021791679591329136,0.01105159827052407,13.04982332155477
massey,,,3541,,,,,,,,,,,,28,8,Open,incremental,0.007404403446819962,0.023724421091658867,0.007352674411528957,12.823493363456652
linept_talis,,,3486,,,,,,,,,,,,29,8,Open,incremental,0.0071597917304964025,0.019350117681963,0.007108990806958986,13.102280550774527
linept_dunk,,,3118,,,,,,,,,,,,30,8,Open,incremental,0.00701546288715308,0.01649128100322418,0.006959880781175624,13.27421103271328
harville,,,3541,,,,,,,,,,,,31,8,Open,incremental,0.006769830951572771,0.026516349075819613,0.0067225352002373345,12.638683987574131
linecfbp_cfb_graphs,,,1860,,,,,,,,,,,,32,8,Open,incremental,0.006376641462960146,0.018102035168880308,0.006292624071030427,12.873870967741937
linecfbp_david_sasser,,,283,,,,,,,,,,,,33,8,Open,incremental,0.004838357103746136,0.013423037557124507,0.004460350835301602,11.939575971731449
linept_kam,,,3539,,,,,,,,,,,,34,8,Open,incremental,0.0042706924443630155,0.013711317151675612,0.004240839621796699,12.861166996326645
linecfbp_cfb_victory,,,830,,,,,,,,,,,,35,8,Open,incremental,0.0038910704944670497,0.007939679714853229,0.0037789122656521935,13.543253012048192
linecfbp_kford,,,1345,,,,,,,,,,,,36,8,Open,incremental,0.0016758617300166433,0.008887578380611537,0.0016455543158162855,12.125873605947955
linecfbp_matt_grissom,,,830,,,,,,,,,,,,37,8,Open,incremental,0.0006789604590932888,0.0013215816898334684,0.0006593897515886295,12.420722891566264
sagarin_golden_mean,,,3541,,,,,,,,,,,,38,8,Open,incremental,0.00022484340292421931,0.0007922640240686843,0.00022327259004127035,12.703490539395652
linept_fluker,,,410,,,,,,,,,,,,39,8,Open,incremental,-0.004499089034111535,-0.006597475314309349,-0.004247541200791473,11.899146341463414
linecfbp_tshoe_index,,,1861,,,,,,,,,,,,40,8,Open,incremental,-0.005203826995749476,-0.016965296640622855,-0.005135298498228347,12.629661472326708
linept_donchess,,,3541,,,,,,,,,,,,41,8,Open,incremental,-0.005259555088261299,-0.021228978789423193,-0.005222810506104245,12.63219994351878
fei,,,3541,,,,,,,,,,,,42,8,Open,incremental,-0.005298783523374373,-0.014772324963035832,-0.0052617648814474866,13.021332956791866
linept_loud,,,3459,,,,,,,,,,,,43,8,Open,incremental,-0.006058872966253207,-0.009680887538805,-0.006015551425552384,14.405319456490314
linecfbp_wilson_ratings,,,2367,,,,,,,,,,,,44,8,Open,incremental,-0.0077403684376902175,-0.024692223207898052,-0.0076598883095133725,12.762146176594845
linept_curry,,,3538,,,,,,,,,,,,45,8,Open,incremental,-0.00782835454203536,-0.01871091866243727,-0.007773617788020997,13.331953080836632
linept_bihl,,,1862,,,,,,,,,,,,46,8,Open,incremental,-0.008259481749078883,-0.025627979008749028,-0.008150771011653365,13.19361439312567
linecfbp_beta_rank,,,2367,,,,,,,,,,,,47,8,Open,incremental,-0.010021061214508142,-0.023983286809039196,-0.009916867687093536,13.396408956485002
linept_clean,,,3500,,,,,,,,,,,,48,8,Open,incremental,-0.010253834966781105,-0.018186944137156418,-0.01018136879395765,14.07742
linecfbp_dratings,,,2367,,,,,,,,,,,,49,8,Open,incremental,-0.013626968339118969,-0.05087819227298661,-0.01348528255666268,12.70198563582594
linecfbp_sportsratings,,,283,,,,,,,,,,,,50,8,Open,incremental,-0.015791171729928114,-0.030227407730809622,-0.014557455042217058,13.27314487632509
linept_pfz,,,3541,,,,,,,,,,,,51,8,Open,incremental,-0.016212390686785576,-0.031482545855421026,-0.016099126824813216,13.887164642756284
linept_rwp,,,3413,,,,,,,,,,,,52,8,Open,incremental,-0.02092963733350899,-0.04356215439674647,-0.020777993274578938,13.714418400234397
linept_wayward,,,1207,,,,,,,,,,,,53,8,Open,incremental,-0.02238535979870018,-0.07573725044394036,-0.02193562814852663,12.639585749792875
linept_elo,,,3541,,,,,,,,,,,,54,8,Open,incremental,-0.022330139276984653,-0.059693598308108844,-0.022174135275985992,13.138155888167184
linept_how,,,3539,,,,,,,,,,,,55,8,Open,incremental,-0.02612199469500483,-0.06247970774192183,-0.025939397778259505,13.379222944334558
linept_bill,,,3540,,,,,,,,,,,,56,8,Open,incremental,-0.02940091730400074,-0.06613658962222872,-0.029195457642846295,13.526960451977402
moore_ratings,,,3538,,,,,,,,,,,,57,8,Open,incremental,-0.035489297825502364,-0.09588238560118215,-0.0352411525792969,13.242235726399095
linecfbp_oddstrader_ai,,,797,,,,,,,,,,,,58,8,Open,incremental,-0.045439376462074556,-0.10103488893874804,-0.04407779073568936,12.961104140526976
linecfbp_pearatings,,,283,,,,,,,,,,,,59,8,Open,incremental,-0.0600291643360072,-0.2072460630369883,-0.055339266521121075,11.948409893992935
linept_log,,,1555,,,,,,,,,,,,60,8,Open,incremental,-0.05806332484662987,-0.08715867043899564,-0.05715175607172418,15.168971061093247
linecfbp_room44_bets,Room44 Bets,2365.0,2299,1179.0,1120.0,40.0,-48.181818181818215,12.826427061310783,-0.005708245243128988,0.5128316659417138,-0.020957728656728236,0.4923955491764501,5.0,1.0,1,8,Midweek,wilson,,,,
congrove,Congrove Computer Rankings,3540.0,3479,1764.0,1715.0,58.0,-111.36363636363642,13.228805084745764,0.2412118644067797,0.5070422535211268,-0.032010243277848925,0.49043065876952274,5.0,2.0,2,8,Midweek,wilson,,,,
massey,Massey Ratings,3541.0,3481,1755.0,1726.0,58.0,-130.5454545454546,12.823493363456652,0.040872634848912744,0.5041654696926171,-0.037502285132276526,0.48756074646811964,5.0,3.0,3,8,Midweek,wilson,,,,
linecfbp_jp,JP+,1861.0,1806,922.0,884.0,33.0,-45.81818181818184,12.654809242342825,-0.06276195593766784,0.5105204872646734,-0.025369978858350965,0.48746773617873146,4.0,4.0,4,8,Midweek,wilson,,,,
keeper,Keeper,3532.0,3465,1746.0,1719.0,58.0,-131.72727272727278,13.195741789354473,0.11532276330690823,0.5038961038961038,-0.038016528925619845,0.4872533456703675,5.0,5.0,5,8,Midweek,wilson,,,,
linecfbp_sp,SP+,2367.0,2304,1164.0,1140.0,40.0,-81.81818181818186,12.577439797211662,0.13569919729615545,0.5052083333333334,-0.03551136363636365,0.48480147613521624,5.0,6.0,6,8,Midweek,wilson,,,,
linecfbp_power_rank,Power Rank,2365.0,2299,1159.0,1140.0,40.0,-86.36363636363639,12.413868921775899,0.16059196617336166,0.5041322314049587,-0.0375657400450789,0.4837046080274232,5.0,8.0,7,8,Midweek,wilson,,,,
linept_donchess,Donchess Inference,3541.0,3411,1707.0,1704.0,58.0,-152.18181818181822,12.632199943518781,-0.028059870093194033,0.5004397537379067,-0.044615015591268896,0.4836692747908898,5.0,9.0,8,8,Midweek,wilson,,,,
linept_talis,Talisman Red,3486.0,3428,1711.0,1717.0,57.0,-161.5454545454546,13.102280550774527,0.105952380952381,0.4991248541423571,-0.04712527845550017,0.48239745615832663,5.0,10.0,9,8,Midweek,wilson,,,,
sagarin_predictor,Sagarin Predictor,3541.0,3477,1732.0,1745.0,58.0,-170.4545454545455,12.594498729172551,-0.039017226772098366,0.49813057233247054,-0.04902345281982902,0.4815225088693999,5.0,12.0,10,8,Midweek,wilson,,,,
piratings_bias,PI-Rate Bias,3541.0,3468,1726.0,1742.0,58.0,-172.90909090909096,12.755040948884496,-0.07714769839028525,0.49769319492502884,-0.049858446052217696,0.4810641662925477,5.0,13.0,11,8,Midweek,wilson,,,,
piratings,Pi-Ratings,3541.0,3453,1717.0,1736.0,58.0,-175.09090909090912,12.713668455238635,-0.01200790737079922,0.4972487691862149,-0.05070689518995341,0.48058427535988535,5.0,14.0,12,8,Midweek,wilson,,,,
linecfbp_cfb_geek,CFB Geek,1851.0,1803,908.0,895.0,34.0,-69.54545454545458,12.647163695299838,0.284008643976229,0.5036051026067665,-0.038572076841627605,0.48054341044206567,4.0,15.0,13,8,Midweek,wilson,,,,
linept_laz,Laz Index,3539.0,3478,1727.0,1751.0,58.0,-181.00000000000006,12.867781859282283,0.07277762079683535,0.4965497412305923,-0.052041403105232906,0.47994608572624237,5.0,16.0,14,8,Midweek,wilson,,,,
linept_log,Logistic Regression,1555.0,1530,772.0,758.0,25.0,-56.18181818181821,15.168971061093247,0.527491961414791,0.5045751633986928,-0.03672014260249556,0.4795424135384132,4.0,17.0,15,8,Midweek,wilson,,,,
piratings_mean,Pi-Ratings Mean,3541.0,3436,1705.0,1731.0,58.0,-181.00000000000006,12.609630048009036,-0.03079356114092073,0.49621653084982537,-0.05267753201396975,0.47951229456466365,5.0,18.0,16,8,Midweek,wilson,,,,
harville,David Harville,3541.0,3479,1724.0,1755.0,58.0,-187.72727272727278,12.638683987574131,0.09171420502682855,0.49554469675194024,-0.05396012438265961,0.478944796632541,5.0,19.0,17,8,Midweek,wilson,,,,
linept_kerns,Stephen Kerns,3541.0,3471,1720.0,1751.0,58.0,-187.3636363636364,13.778057046032195,0.5317480937588253,0.4955344281186978,-0.053979728137031516,0.47891545036733735,5.0,20.0,18,8,Midweek,wilson,,,,
fei,FEI Projections,3541.0,3448,1707.0,1741.0,58.0,-189.18181818181822,13.021332956791865,-0.06455238633154477,0.4950696055684455,-0.05486711664205865,0.4783960319992884,5.0,21.0,19,8,Midweek,wilson,,,,
linept_loud,Loudsound.org,3459.0,3319,1643.0,1676.0,57.0,-182.3636363636364,14.405319456490314,0.07747904018502458,0.4950286230792407,-0.05494535593963133,0.47803464748154634,5.0,22.0,20,8,Midweek,wilson,,,,
linept_pfz,PerformanZ Ratings,3541.0,3481,1720.0,1761.0,58.0,-197.3636363636364,13.887164642756282,0.12261225642473884,0.4941108876759552,-0.056697396254994654,0.4775178227508103,5.0,23.0,21,8,Midweek,wilson,,,,
linecfbp_wilson_ratings,Wilson Ratings,2367.0,2301,1145.0,1156.0,40.0,-115.09090909090912,12.762146176594845,-0.03607942543303766,0.49760973489787047,-0.050017778831338164,0.4772013872498215,5.0,24.0,22,8,Midweek,wilson,,,,
espn_fpi,ESPN FPI,3541.0,3478,1716.0,1762.0,58.0,-202.00000000000006,12.51249082180175,-0.012400451849759995,0.4933870040253019,-0.058079355951696394,0.4767878939804186,5.0,25.0,23,8,Midweek,wilson,,,,
sagarin_golden_mean,Sagarin Golden Mean,3541.0,3481,1715.0,1766.0,58.0,-206.90909090909096,12.703490539395652,-0.06937588251906243,0.49267451881643204,-0.05943955498681154,0.4760836668072757,5.0,28.0,24,8,Midweek,wilson,,,,
linecfbp_john_harris,John Harris,830.0,798,407.0,391.0,17.0,-21.00000000000001,12.149036144578314,0.3391566265060241,0.5100250626566416,-0.026315789473684223,0.47537617029614926,2.0,30.0,25,8,Midweek,wilson,,,,
sagarin,Sagarin Ratings,3541.0,3478,1710.0,1768.0,58.0,-213.4545454545455,12.553933916972605,-0.04161536289183842,0.491661874640598,-0.061372784777040106,0.475065523774671,5.0,31.0,26,8,Midweek,wilson,,,,
linecfbp_dratings,DRatings,2367.0,2291,1135.0,1156.0,40.0,-124.18181818181822,12.70198563582594,-0.023574144486691984,0.4954168485377564,-0.05420419824610136,0.4749683876232755,5.0,32.0,27,8,Midweek,wilson,,,,
linept_clean,Cleanup Hitter,3500.0,3369,1655.0,1714.0,58.0,-209.4545454545455,14.07742,-1.4285714285717535e-05,0.4912436924903532,-0.06217113251841659,0.4743821691261425,5.0,34.0,28,8,Midweek,wilson,,,,
linept_how,Howell,3539.0,3366,1651.0,1715.0,58.0,-214.09090909090912,13.379222944334558,-0.09720542526137325,0.4904931669637552,-0.06360395397828554,0.4736254621278987,5.0,36.0,29,8,Midweek,wilson,,,,
linept_dwig,DP Dwiggins,3533.0,3366,1650.0,1716.0,57.0,-216.00000000000003,13.52356354373054,0.12744126804415512,0.49019607843137253,-0.06417112299465241,0.4733289057770377,5.0,37.0,30,8,Midweek,wilson,,,,
linept_dunk,Dunkel Index,3118.0,3069,1506.0,1563.0,48.0,-193.90909090909093,13.274211032713277,-0.018438101347017302,0.49071358748778104,-0.06318315115969075,0.4730496362337994,5.0,38.0,31,8,Midweek,wilson,,,,
moore_ratings,Moore Power Ratings,3538.0,3478,1701.0,1777.0,58.0,-230.63636363636368,13.242235726399095,0.0749434708875071,0.4890741805635423,-0.06631292801505569,0.4724823389202557,5.0,39.0,32,8,Midweek,wilson,,,,
linecfbp_ryder_analytics,Ryder Analytics,283.0,275,146.0,129.0,8.0,3.7272727272727244,13.04982332155477,0.5190812720848054,0.5309090909090909,0.013553719008264452,0.4719073027310806,1.0,41.0,33,8,Midweek,wilson,,,,
linept_kam,Edward Kambour,3539.0,3479,1699.0,1780.0,58.0,-235.4545454545455,12.861166996326645,-0.05348686069511154,0.4883587237711986,-0.06767880007316628,0.47177058739701716,5.0,42.0,34,8,Midweek,wilson,,,,
linept_big200,Big 200,1206.0,1182,591.0,591.0,24.0,-53.72727272727275,13.393325041459368,0.0017164179104478263,0.5,-0.04545454545454547,0.4715419734362925,2.0,43.0,35,8,Midweek,wilson,,,,
linept_fluker,Slate Fluker,410.0,398,207.0,191.0,10.0,-2.818181818181823,11.899146341463414,-0.4791463414634146,0.5201005025125628,-0.007080858839652821,0.47106079015582697,1.0,46.0,36,8,Midweek,wilson,,,,
dokter_entropy,Dokter Entropy,3540.0,3473,1693.0,1780.0,58.0,-240.90909090909096,12.486505649717513,-0.05246045197740114,0.48747480564353585,-0.06936628013506795,0.47087405948024447,5.0,48.0,37,8,Midweek,wilson,,,,
teamrankings,TeamRankings.com,3541.0,3442,1677.0,1765.0,58.0,-240.4545454545455,12.548627506354135,0.015393956509460602,0.4872167344567112,-0.06985896149173315,0.4705420503551551,5.0,49.0,38,8,Midweek,wilson,,,,
linecfbp_trent_sorensen,Trent Sorensen,830.0,808,408.0,400.0,17.0,-29.090909090909104,14.063373493975904,0.3542168674698797,0.504950495049505,-0.03600360036003602,0.47053476445074494,2.0,50.0,39,8,Midweek,wilson,,,,
linecfbp_tshoe_index,TShoe Index,1861.0,1757,867.0,890.0,33.0,-101.81818181818184,12.629661472326708,0.027404621171413217,0.49345475241889586,-0.05795001810938067,0.4701172061339957,4.0,51.0,40,8,Midweek,wilson,,,,
sagarin_recent,Sagarin Recent,3541.0,3478,1690.0,1788.0,58.0,-251.63636363636368,12.744939282688504,0.027068624682293128,0.48591144335825187,-0.07235088086151917,0.46932571687050534,5.0,53.0,41,8,Midweek,wilson,,,,
linept_elo,Beck Elo,3541.0,3477,1688.0,1789.0,58.0,-254.4545454545455,13.138155888167182,0.03553515955944648,0.4854759850445787,-0.07318221036944075,0.4688887727259605,5.0,55.0,42,8,Midweek,wilson,,,,
linept_wayward,Waywardtrends,1207.0,1181,587.0,594.0,24.0,-60.36363636363638,12.639585749792875,0.07541010770505394,0.4970364098221846,-0.05111230852128398,0.4685764835250977,2.0,56.0,43,8,Midweek,wilson,,,,
linept_bill,Billingsley,3540.0,3480,1684.0,1796.0,58.0,-265.0909090909091,13.526960451977402,0.07661016949152544,0.4839080459770115,-0.0761755485893417,0.46733129198753875,5.0,57.0,44,8,Midweek,wilson,,,,
linecfbp_professor_sides,Professor Sides,2361.0,2292,1116.0,1176.0,40.0,-161.4545454545455,12.684625158831004,0.09165607793307914,0.4869109947643979,-0.07044264635887675,0.4664873578491173,5.0,58.0,45,8,Midweek,wilson,,,,
linept_curry,Daniel Curry Index,3538.0,3478,1679.0,1799.0,58.0,-272.6363636363637,13.33195308083663,0.06765121537591857,0.48274870615296145,-0.07838883370798266,0.4661697593920787,5.0,59.0,46,8,Midweek,wilson,,,,
linept_rwp,Laffaye RWP,3413.0,3347,1616.0,1731.0,58.0,-261.90909090909093,13.714418400234399,0.21119542924113685,0.4828204362115327,-0.07825189450525573,0.4659207316458354,5.0,60.0,47,8,Midweek,wilson,,,,
linecfbp_sportsline,SportsLine,1345.0,1275,627.0,648.0,27.0,-78.00000000000001,12.72639405204461,0.36654275092936806,0.49176470588235294,-0.061176470588235304,0.46438941577082865,3.0,62.0,48,8,Midweek,wilson,,,,
linept_pugh,Pugh Ratings,3534.0,3474,1666.0,1808.0,58.0,-293.4545454545455,12.97659309564233,0.11135257498585185,0.47956246401842256,-0.0844716596011933,0.4629815057312192,5.0,64.0,49,8,Midweek,wilson,,,,
linecfbp_oddstrader_ai,OddsTrader AI,797.0,761,377.0,384.0,17.0,-41.27272727272729,12.961104140526976,0.3086574654956085,0.49540078843626806,-0.05423485843985189,0.4599903840991296,2.0,68.0,50,8,Midweek,wilson,,,,
linecfbp_cfb_graphs,CFB Graphs,1860.0,1807,871.0,936.0,32.0,-144.18181818181822,12.873870967741937,0.09451612903225798,0.48201438848920863,-0.07979071288423809,0.4590382662727804,4.0,69.0,51,8,Midweek,wilson,,,,
linecfbp_cfb_victory,CFB Victory,830.0,786,387.0,399.0,17.0,-47.181818181818194,13.543253012048192,0.016506024096385564,0.49236641221374045,-0.06002775850104096,0.4575378894114041,2.0,70.0,52,8,Midweek,wilson,,,,
linecfbp_kford,KFord,1345.0,1309,632.0,677.0,27.0,-102.45454545454547,12.125873605947955,0.1573977695167286,0.4828113063407181,-0.07826932425862908,0.4558309864834312,3.0,71.0,53,8,Midweek,wilson,,,,
linept_bihl,Bihl System,1862.0,1834,874.0,960.0,28.0,-165.45454545454547,13.193614393125673,0.16915682062298606,0.4765539803707743,-0.09021512838306732,0.4537687205024566,5.0,72.0,54,8,Midweek,wilson,,,,
linecfbp_david_sasser,David Sasser,283.0,274,140.0,134.0,8.0,-6.72727272727273,11.939575971731447,0.20388692579505294,0.5109489051094891,-0.024552090245520915,0.45201924642458646,1.0,74.0,55,8,Midweek,wilson,,,,
linecfbp_beta_rank,Beta_Rank,2367.0,2307,1080.0,1227.0,40.0,-245.18181818181822,13.396408956485004,0.2151668779045204,0.4681404421326398,-0.1062773377467786,0.44784871546706617,5.0,75.0,56,8,Midweek,wilson,,,,
linecfbp_matt_grissom,Matt Grissom,830.0,809,387.0,422.0,17.0,-70.18181818181819,12.420722891566266,0.30963855421686753,0.4783683559950556,-0.08675132037307563,0.4441297966068235,2.0,78.0,57,8,Midweek,wilson,,,,
linecfbp_sportsratings,SportsRatings,283.0,273,136.0,137.0,8.0,-13.363636363636367,13.27314487632509,0.5833922261484098,0.4981684981684982,-0.048951048951048966,0.4392960328417488,1.0,80.0,58,8,Midweek,wilson,,,,
linecfbp_mcillece_sports,McIllece Sports,283.0,274,136.0,138.0,8.0,-14.363636363636367,12.2,0.0204946996466431,0.49635036496350365,-0.052422030524220314,0.4376101888702829,1.0,81.0,59,8,Midweek,wilson,,,,
linecfbp_pearatings,PEARatings,283.0,273,122.0,151.0,8.0,-40.09090909090909,11.948409893992931,0.49964664310954054,0.4468864468864469,-0.14685314685314688,0.38905379835814274,1.0,83.0,60,8,Midweek,wilson,,,,
linept_fluker,Slate Fluker,410.0,398,207.0,191.0,10.0,-2.818181818181823,11.899146341463414,-0.4791463414634146,0.5201005025125628,-0.007080858839652821,0.47106079015582697,1.0,46.0,1,8,Midweek,mae,,,,
linecfbp_david_sasser,David Sasser,283.0,274,140.0,134.0,8.0,-6.72727272727273,11.939575971731447,0.20388692579505294,0.5109489051094891,-0.024552090245520915,0.45201924642458646,1.0,74.0,2,8,Midweek,mae,,,,
linecfbp_pearatings,PEARatings,283.0,273,122.0,151.0,8.0,-40.09090909090909,11.948409893992931,0.49964664310954054,0.4468864468864469,-0.14685314685314688,0.38905379835814274,1.0,83.0,3,8,Midweek,mae,,,,
linecfbp_kford,KFord,1345.0,1309,632.0,677.0,27.0,-102.45454545454547,12.125873605947955,0.1573977695167286,0.4828113063407181,-0.07826932425862908,0.4558309864834312,3.0,71.0,4,8,Midweek,mae,,,,
linecfbp_john_harris,John Harris,830.0,798,407.0,391.0,17.0,-21.00000000000001,12.149036144578314,0.3391566265060241,0.5100250626566416,-0.026315789473684223,0.47537617029614926,2.0,30.0,5,8,Midweek,mae,,,,
linecfbp_mcillece_sports,McIllece Sports,283.0,274,136.0,138.0,8.0,-14.363636363636367,12.2,0.0204946996466431,0.49635036496350365,-0.052422030524220314,0.4376101888702829,1.0,81.0,6,8,Midweek,mae,,,,
linecfbp_power_rank,Power Rank,2365.0,2299,1159.0,1140.0,40.0,-86.36363636363639,12.413868921775899,0.16059196617336166,0.5041322314049587,-0.0375657400450789,0.4837046080274232,5.0,8.0,7,8,Midweek,mae,,,,
linecfbp_matt_grissom,Matt Grissom,830.0,809,387.0,422.0,17.0,-70.18181818181819,12.420722891566266,0.30963855421686753,0.4783683559950556,-0.08675132037307563,0.4441297966068235,2.0,78.0,8,8,Midweek,mae,,,,
dokter_entropy,Dokter Entropy,3540.0,3473,1693.0,1780.0,58.0,-240.90909090909096,12.486505649717513,-0.05246045197740114,0.48747480564353585,-0.06936628013506795,0.47087405948024447,5.0,48.0,9,8,Midweek,mae,,,,
espn_fpi,ESPN FPI,3541.0,3478,1716.0,1762.0,58.0,-202.00000000000006,12.51249082180175,-0.012400451849759995,0.4933870040253019,-0.058079355951696394,0.4767878939804186,5.0,25.0,10,8,Midweek,mae,,,,
teamrankings,TeamRankings.com,3541.0,3442,1677.0,1765.0,58.0,-240.4545454545455,12.548627506354135,0.015393956509460602,0.4872167344567112,-0.06985896149173315,0.4705420503551551,5.0,49.0,11,8,Midweek,mae,,,,
sagarin,Sagarin Ratings,3541.0,3478,1710.0,1768.0,58.0,-213.4545454545455,12.553933916972605,-0.04161536289183842,0.491661874640598,-0.061372784777040106,0.475065523774671,5.0,31.0,12,8,Midweek,mae,,,,
linecfbp_sp,SP+,2367.0,2304,1164.0,1140.0,40.0,-81.81818181818186,12.577439797211662,0.13569919729615545,0.5052083333333334,-0.03551136363636365,0.48480147613521624,5.0,6.0,13,8,Midweek,mae,,,,
sagarin_predictor,Sagarin Predictor,3541.0,3477,1732.0,1745.0,58.0,-170.4545454545455,12.594498729172551,-0.039017226772098366,0.49813057233247054,-0.04902345281982902,0.4815225088693999,5.0,12.0,14,8,Midweek,mae,,,,
piratings_mean,Pi-Ratings Mean,3541.0,3436,1705.0,1731.0,58.0,-181.00000000000006,12.609630048009036,-0.03079356114092073,0.49621653084982537,-0.05267753201396975,0.47951229456466365,5.0,18.0,15,8,Midweek,mae,,,,
linecfbp_tshoe_index,TShoe Index,1861.0,1757,867.0,890.0,33.0,-101.81818181818184,12.629661472326708,0.027404621171413217,0.49345475241889586,-0.05795001810938067,0.4701172061339957,4.0,51.0,16,8,Midweek,mae,,,,
linept_donchess,Donchess Inference,3541.0,3411,1707.0,1704.0,58.0,-152.18181818181822,12.632199943518781,-0.028059870093194033,0.5004397537379067,-0.044615015591268896,0.4836692747908898,5.0,9.0,17,8,Midweek,mae,,,,
harville,David Harville,3541.0,3479,1724.0,1755.0,58.0,-187.72727272727278,12.638683987574131,0.09171420502682855,0.49554469675194024,-0.05396012438265961,0.478944796632541,5.0,19.0,18,8,Midweek,mae,,,,
linept_wayward,Waywardtrends,1207.0,1181,587.0,594.0,24.0,-60.36363636363638,12.639585749792875,0.07541010770505394,0.4970364098221846,-0.05111230852128398,0.4685764835250977,2.0,56.0,19,8,Midweek,mae,,,,
linecfbp_cfb_geek,CFB Geek,1851.0,1803,908.0,895.0,34.0,-69.54545454545458,12.647163695299838,0.284008643976229,0.5036051026067665,-0.038572076841627605,0.48054341044206567,4.0,15.0,20,8,Midweek,mae,,,,
linecfbp_jp,JP+,1861.0,1806,922.0,884.0,33.0,-45.81818181818184,12.654809242342825,-0.06276195593766784,0.5105204872646734,-0.025369978858350965,0.48746773617873146,4.0,4.0,21,8,Midweek,mae,,,,
linecfbp_professor_sides,Professor Sides,2361.0,2292,1116.0,1176.0,40.0,-161.4545454545455,12.684625158831004,0.09165607793307914,0.4869109947643979,-0.07044264635887675,0.4664873578491173,5.0,58.0,22,8,Midweek,mae,,,,
linecfbp_dratings,DRatings,2367.0,2291,1135.0,1156.0,40.0,-124.18181818181822,12.70198563582594,-0.023574144486691984,0.4954168485377564,-0.05420419824610136,0.4749683876232755,5.0,32.0,23,8,Midweek,mae,,,,
sagarin_golden_mean,Sagarin Golden Mean,3541.0,3481,1715.0,1766.0,58.0,-206.90909090909096,12.703490539395652,-0.06937588251906243,0.49267451881643204,-0.05943955498681154,0.4760836668072757,5.0,28.0,24,8,Midweek,mae,,,,
piratings,Pi-Ratings,3541.0,3453,1717.0,1736.0,58.0,-175.09090909090912,12.713668455238635,-0.01200790737079922,0.4972487691862149,-0.05070689518995341,0.48058427535988535,5.0,14.0,25,8,Midweek,mae,,,,
linecfbp_sportsline,SportsLine,1345.0,1275,627.0,648.0,27.0,-78.00000000000001,12.72639405204461,0.36654275092936806,0.49176470588235294,-0.061176470588235304,0.46438941577082865,3.0,62.0,26,8,Midweek,mae,,,,
sagarin_recent,Sagarin Recent,3541.0,3478,1690.0,1788.0,58.0,-251.63636363636368,12.744939282688504,0.027068624682293128,0.48591144335825187,-0.07235088086151917,0.46932571687050534,5.0,53.0,27,8,Midweek,mae,,,,
piratings_bias,PI-Rate Bias,3541.0,3468,1726.0,1742.0,58.0,-172.90909090909096,12.755040948884496,-0.07714769839028525,0.49769319492502884,-0.049858446052217696,0.4810641662925477,5.0,13.0,28,8,Midweek,mae,,,,
linecfbp_wilson_ratings,Wilson Ratings,2367.0,2301,1145.0,1156.0,40.0,-115.09090909090912,12.762146176594845,-0.03607942543303766,0.49760973489787047,-0.050017778831338164,0.4772013872498215,5.0,24.0,29,8,Midweek,mae,,,,
massey,Massey Ratings,3541.0,3481,1755.0,1726.0,58.0,-130.5454545454546,12.823493363456652,0.040872634848912744,0.5041654696926171,-0.037502285132276526,0.48756074646811964,5.0,3.0,30,8,Midweek,mae,,,,
linecfbp_room44_bets,Room44 Bets,2365.0,2299,1179.0,1120.0,40.0,-48.181818181818215,12.826427061310783,-0.005708245243128988,0.5128316659417138,-0.020957728656728236,0.4923955491764501,5.0,1.0,31,8,Midweek,mae,,,,
linept_kam,Edward Kambour,3539.0,3479,1699.0,1780.0,58.0,-235.4545454545455,12.861166996326645,-0.05348686069511154,0.4883587237711986,-0.06767880007316628,0.47177058739701716,5.0,42.0,32,8,Midweek,mae,,,,
linept_laz,Laz Index,3539.0,3478,1727.0,1751.0,58.0,-181.00000000000006,12.867781859282283,0.07277762079683535,0.4965497412305923,-0.052041403105232906,0.47994608572624237,5.0,16.0,33,8,Midweek,mae,,,,
linecfbp_cfb_graphs,CFB Graphs,1860.0,1807,871.0,936.0,32.0,-144.18181818181822,12.873870967741937,0.09451612903225798,0.48201438848920863,-0.07979071288423809,0.4590382662727804,4.0,69.0,34,8,Midweek,mae,,,,
linecfbp_oddstrader_ai,OddsTrader AI,797.0,761,377.0,384.0,17.0,-41.27272727272729,12.961104140526976,0.3086574654956085,0.49540078843626806,-0.05423485843985189,0.4599903840991296,2.0,68.0,35,8,Midweek,mae,,,,
linept_pugh,Pugh Ratings,3534.0,3474,1666.0,1808.0,58.0,-293.4545454545455,12.97659309564233,0.11135257498585185,0.47956246401842256,-0.0844716596011933,0.4629815057312192,5.0,64.0,36,8,Midweek,mae,,,,
fei,FEI Projections,3541.0,3448,1707.0,1741.0,58.0,-189.18181818181822,13.021332956791865,-0.06455238633154477,0.4950696055684455,-0.05486711664205865,0.4783960319992884,5.0,21.0,37,8,Midweek,mae,,,,
linecfbp_ryder_analytics,Ryder Analytics,283.0,275,146.0,129.0,8.0,3.7272727272727244,13.04982332155477,0.5190812720848054,0.5309090909090909,0.013553719008264452,0.4719073027310806,1.0,41.0,38,8,Midweek,mae,,,,
linept_talis,Talisman Red,3486.0,3428,1711.0,1717.0,57.0,-161.5454545454546,13.102280550774527,0.105952380952381,0.4991248541423571,-0.04712527845550017,0.48239745615832663,5.0,10.0,39,8,Midweek,mae,,,,
linept_elo,Beck Elo,3541.0,3477,1688.0,1789.0,58.0,-254.4545454545455,13.138155888167182,0.03553515955944648,0.4854759850445787,-0.07318221036944075,0.4688887727259605,5.0,55.0,40,8,Midweek,mae,,,,
linept_bihl,Bihl System,1862.0,1834,874.0,960.0,28.0,-165.45454545454547,13.193614393125673,0.16915682062298606,0.4765539803707743,-0.09021512838306732,0.4537687205024566,5.0,72.0,41,8,Midweek,mae,,,,
keeper,Keeper,3532.0,3465,1746.0,1719.0,58.0,-131.72727272727278,13.195741789354473,0.11532276330690823,0.5038961038961038,-0.038016528925619845,0.4872533456703675,5.0,5.0,42,8,Midweek,mae,,,,
congrove,Congrove Computer Rankings,3540.0,3479,1764.0,1715.0,58.0,-111.36363636363642,13.228805084745764,0.2412118644067797,0.5070422535211268,-0.032010243277848925,0.49043065876952274,5.0,2.0,43,8,Midweek,mae,,,,
moore_ratings,Moore Power Ratings,3538.0,3478,1701.0,1777.0,58.0,-230.63636363636368,13.242235726399095,0.0749434708875071,0.4890741805635423,-0.06631292801505569,0.4724823389202557,5.0,39.0,44,8,Midweek,mae,,,,
linecfbp_sportsratings,SportsRatings,283.0,273,136.0,137.0,8.0,-13.363636363636367,13.27314487632509,0.5833922261484098,0.4981684981684982,-0.048951048951048966,0.4392960328417488,1.0,80.0,45,8,Midweek,mae,,,,
linept_dunk,Dunkel Index,3118.0,3069,1506.0,1563.0,48.0,-193.90909090909093,13.274211032713277,-0.018438101347017302,0.49071358748778104,-0.06318315115969075,0.4730496362337994,5.0,38.0,46,8,Midweek,mae,,,,
linept_curry,Daniel Curry Index,3538.0,3478,1679.0,1799.0,58.0,-272.6363636363637,13.33195308083663,0.06765121537591857,0.48274870615296145,-0.07838883370798266,0.4661697593920787,5.0,59.0,47,8,Midweek,mae,,,,
linept_how,Howell,3539.0,3366,1651.0,1715.0,58.0,-214.09090909090912,13.379222944334558,-0.09720542526137325,0.4904931669637552,-0.06360395397828554,0.4736254621278987,5.0,36.0,48,8,Midweek,mae,,,,
linept_big200,Big 200,1206.0,1182,591.0,591.0,24.0,-53.72727272727275,13.393325041459368,0.0017164179104478263,0.5,-0.04545454545454547,0.4715419734362925,2.0,43.0,49,8,Midweek,mae,,,,
linecfbp_beta_rank,Beta_Rank,2367.0,2307,1080.0,1227.0,40.0,-245.18181818181822,13.396408956485004,0.2151668779045204,0.4681404421326398,-0.1062773377467786,0.44784871546706617,5.0,75.0,50,8,Midweek,mae,,,,
linept_dwig,DP Dwiggins,3533.0,3366,1650.0,1716.0,57.0,-216.00000000000003,13.52356354373054,0.12744126804415512,0.49019607843137253,-0.06417112299465241,0.4733289057770377,5.0,37.0,51,8,Midweek,mae,,,,
linept_bill,Billingsley,3540.0,3480,1684.0,1796.0,58.0,-265.0909090909091,13.526960451977402,0.07661016949152544,0.4839080459770115,-0.0761755485893417,0.46733129198753875,5.0,57.0,52,8,Midweek,mae,,,,
linecfbp_cfb_victory,CFB Victory,830.0,786,387.0,399.0,17.0,-47.181818181818194,13.543253012048192,0.016506024096385564,0.49236641221374045,-0.06002775850104096,0.4575378894114041,2.0,70.0,53,8,Midweek,mae,,,,
linept_rwp,Laffaye RWP,3413.0,3347,1616.0,1731.0,58.0,-261.90909090909093,13.714418400234399,0.21119542924113685,0.4828204362115327,-0.07825189450525573,0.4659207316458354,5.0,60.0,54,8,Midweek,mae,,,,
linept_kerns,Stephen Kerns,3541.0,3471,1720.0,1751.0,58.0,-187.3636363636364,13.778057046032195,0.5317480937588253,0.4955344281186978,-0.053979728137031516,0.47891545036733735,5.0,20.0,55,8,Midweek,mae,,,,
linept_pfz,PerformanZ Ratings,3541.0,3481,1720.0,1761.0,58.0,-197.3636363636364,13.887164642756282,0.12261225642473884,0.4941108876759552,-0.056697396254994654,0.4775178227508103,5.0,23.0,56,8,Midweek,mae,,,,
linecfbp_trent_sorensen,Trent Sorensen,830.0,808,408.0,400.0,17.0,-29.090909090909104,14.063373493975904,0.3542168674698797,0.504950495049505,-0.03600360036003602,0.47053476445074494,2.0,50.0,57,8,Midweek,mae,,,,
linept_clean,Cleanup Hitter,3500.0,3369,1655.0,1714.0,58.0,-209.4545454545455,14.07742,-1.4285714285717535e-05,0.4912436924903532,-0.06217113251841659,0.4743821691261425,5.0,34.0,58,8,Midweek,mae,,,,
linept_loud,Loudsound.org,3459.0,3319,1643.0,1676.0,57.0,-182.3636363636364,14.405319456490314,0.07747904018502458,0.4950286230792407,-0.05494535593963133,0.47803464748154634,5.0,22.0,59,8,Midweek,mae,,,,
linept_log,Logistic Regression,1555.0,1530,772.0,758.0,25.0,-56.18181818181821,15.168971061093247,0.527491961414791,0.5045751633986928,-0.03672014260249556,0.4795424135384132,4.0,17.0,60,8,Midweek,mae,,,,
linecfbp_mcillece_sports,,,283,,,,,,,,,,,,1,8,Midweek,incremental,0.047777918670819056,0.12077864501775373,0.0440451737816873,12.200000000000001
linecfbp_jp,,,1861,,,,,,,,,,,,2,8,Midweek,incremental,0.03305955420541571,0.08969904091369034,0.03262419738431733,12.654809242342825
linept_laz,,,3539,,,,,,,,,,,,3,8,Midweek,incremental,0.02413661161599466,0.06368948104585888,0.023967892844200298,12.867781859282283
linecfbp_trent_sorensen,,,830,,,,,,,,,,,,4,8,Midweek,incremental,0.024053007340258295,0.03931104152893837,0.023359691013866833,14.063373493975902
dokter_entropy,,,3540,,,,,,,,,,,,5,8,Midweek,incremental,0.02095222665520273,0.09190586511867341,0.020805808183136102,12.486505649717513
piratings,,,3541,,,,,,,,,,,,6,8,Midweek,incremental,0.020350067245129437,0.06667642808147496,0.020207896528169147,12.713668455238635
linecfbp_ryder_analytics,,,283,,,,,,,,,,,,7,8,Midweek,incremental,0.02123346177155592,0.03803572054970467,0.019574555353877275,13.04982332155477
linecfbp_sportsline,,,1345,,,,,,,,,,,,8,8,Midweek,incremental,0.019378221943143262,0.05047382062053549,0.01902777310337444,12.72639405204461
piratings_mean,,,3541,,,,,,,,,,,,9,8,Midweek,incremental,0.014577101185526511,0.055071579395917,0.0144752618696272,12.609630048009036
piratings_bias,,,3541,,,,,,,,,,,,10,8,Midweek,incremental,0.01420570408917179,0.046417624279156085,0.014106459447325869,12.755040948884497
linecfbp_room44_bets,,,2365,,,,,,,,,,,,11,8,Midweek,incremental,0.014121999309516922,0.040062941943299596,0.013975044225054918,12.826427061310783
massey,,,3541,,,,,,,,,,,,12,8,Midweek,incremental,0.012041210303979992,0.036186943933130176,0.011957087363187442,12.823493363456652
congrove,,,3540,,,,,,,,,,,,13,8,Midweek,incremental,0.011478471729838857,0.027630680309431464,0.011398257806994256,13.228805084745764
espn_fpi,,,3541,,,,,,,,,,,,14,8,Midweek,incremental,0.010210278623293637,0.04177432460337352,0.010138947034323807,12.512490821801752
linept_big200,,,1206,,,,,,,,,,,,15,8,Midweek,incremental,0.008828313127685054,0.018985845678600097,0.008650805800462584,13.39332504145937
linecfbp_sp,,,2367,,,,,,,,,,,,16,8,Midweek,incremental,0.007670265287703492,0.027621805241246227,0.007590514053834709,12.577439797211659
linecfbp_john_harris,,,830,,,,,,,,,,,,17,8,Midweek,incremental,0.00780399731775685,0.0413980153355681,0.007579050861998695,12.149036144578314
sagarin,,,3541,,,,,,,,,,,,18,8,Midweek,incremental,0.006889504957127731,0.02821871231527784,0.006841373132920086,12.553933916972605
sagarin_predictor,,,3541,,,,,,,,,,,,19,8,Midweek,incremental,0.006183019506567814,0.023816108485903188,0.00613982336841065,12.59449872917255
linept_talis,,,3486,,,,,,,,,,,,20,8,Midweek,incremental,0.004047658596524886,0.010511926678561647,0.004018939214368588,13.102280550774527
linecfbp_david_sasser,,,283,,,,,,,,,,,,21,8,Midweek,incremental,0.004057732869254976,0.011289383662443496,0.003740714421182135,11.939575971731449
sagarin_golden_mean,,,3541,,,,,,,,,,,,22,8,Midweek,incremental,0.0031876657278046765,0.010823603952734275,0.0031653958887671568,12.703490539395652
linecfbp_cfb_victory,,,830,,,,,,,,,,,,23,8,Midweek,incremental,0.0030048538338757758,0.006144743114833595,0.0029182403725328716,13.543253012048192
keeper,,,3532,,,,,,,,,,,,24,8,Midweek,incremental,0.0009638742863543153,0.002300882313164807,0.0009571234378572725,13.195741789354473
sagarin_recent,,,3541,,,,,,,,,,,,25,8,Midweek,incremental,0.0006527263738808681,0.002184196066234029,0.0006481662623374655,12.744939282688506
linept_fluker,,,410,,,,,,,,,,,,26,8,Midweek,incremental,0.0003182023503807027,0.006375967309920632,0.00030041139065780325,11.899146341463414
linept_clean,,,3500,,,,,,,,,,,,27,8,Midweek,incremental,-0.0010684071321168914,-0.0018289355334213664,-0.0010608564570638386,14.07742
linecfbp_cfb_geek,,,1851,,,,,,,,,,,,28,8,Midweek,incremental,-0.0016835129444645713,-0.005710941175453693,-0.0016612255841341281,12.647163695299836
linept_kam,,,3539,,,,,,,,,,,,29,8,Midweek,incremental,-0.0020403200399217196,-0.006126594848760858,-0.0020260578768360404,12.861166996326645
harville,,,3541,,,,,,,,,,,,30,8,Midweek,incremental,-0.003103088671868736,-0.011856008631419328,-0.0030814097095362395,12.638683987574131
linecfbp_power_rank,,,2365,,,,,,,,,,,,31,8,Midweek,incremental,-0.003546001068162954,-0.01729653056202865,-0.0035091009894238855,12.413868921775899
linept_pugh,,,3534,,,,,,,,,,,,32,8,Midweek,incremental,-0.0041963931982012155,-0.01244698914022676,-0.00416701867220532,12.97659309564233
linept_kerns,,,3541,,,,,,,,,,,,33,8,Midweek,incremental,-0.004520686994141327,-0.008958361764978547,-0.004489104331373274,13.778057046032194
linecfbp_matt_grissom,,,830,,,,,,,,,,,,34,8,Midweek,incremental,-0.006767522017977644,-0.029172322539673876,-0.006572451462437407,12.420722891566264
linecfbp_cfb_graphs,,,1860,,,,,,,,,,,,35,8,Midweek,incremental,-0.0071994219114297755,-0.020437278126140452,-0.0071045637237907916,12.873870967741937
fei,,,3541,,,,,,,,,,,,36,8,Midweek,incremental,-0.007431957292897932,-0.019820370133113097,-0.007380035759468973,13.021332956791866
linept_loud,,,3459,,,,,,,,,,,,37,8,Midweek,incremental,-0.007469270990338102,-0.011798483008597913,-0.007415864964330347,14.405319456490314
linept_dwig,,,3533,,,,,,,,,,,,38,8,Midweek,incremental,-0.008362623559762576,-0.018003973513114616,-0.008304069250717524,13.52356354373054
linept_donchess,,,3541,,,,,,,,,,,,39,8,Midweek,incremental,-0.010523105013060377,-0.03992201695599971,-0.010449587939807792,12.63219994351878
linecfbp_wilson_ratings,,,2367,,,,,,,,,,,,40,8,Midweek,incremental,-0.011395494597813345,-0.034304945876041965,-0.011277010461915515,12.762146176594845
linecfbp_professor_sides,,,2361,,,,,,,,,,,,41,8,Midweek,incremental,-0.011548534069784285,-0.03959855853229262,-0.01142815832039605,12.684625158831002
linecfbp_kford,,,1345,,,,,,,,,,,,42,8,Midweek,incremental,-0.012683064236078468,-0.06073194021826621,-0.012453695145390563,12.125873605947955
linecfbp_tshoe_index,,,1861,,,,,,,,,,,,43,8,Midweek,incremental,-0.012976680817239938,-0.04104528298562736,-0.012805792653597476,12.629661472326708
linept_dunk,,,3118,,,,,,,,,,,,44,8,Midweek,incremental,-0.013272488314936976,-0.03171730535632468,-0.013167333050919217,13.27421103271328
teamrankings,,,3541,,,,,,,,,,,,45,8,Midweek,incremental,-0.013398468568686012,-0.05884891463667478,-0.013304863478362003,12.548627506354137
linept_wayward,,,1207,,,,,,,,,,,,46,8,Midweek,incremental,-0.013829510222320854,-0.04342765997570234,-0.013551669324997531,12.639585749792875
linept_bill,,,3540,,,,,,,,,,,,47,8,Midweek,incremental,-0.015403728735299898,-0.03280745808444508,-0.015296084308639813,13.526960451977402
linept_rwp,,,3413,,,,,,,,,,,,48,8,Midweek,incremental,-0.015527670293929683,-0.03137728401971779,-0.015415165766900484,13.714418400234397
linept_curry,,,3538,,,,,,,,,,,,49,8,Midweek,incremental,-0.015814619896994647,-0.03737581183775403,-0.015704042258426504,13.331953080836632
linept_how,,,3539,,,,,,,,,,,,50,8,Midweek,incremental,-0.01996366463607901,-0.0455207833137976,-0.019824115430436502,13.379222944334558
linecfbp_dratings,,,2367,,,,,,,,,,,,51,8,Midweek,incremental,-0.022601056637045116,-0.07993739492024157,-0.022366063180373912,12.70198563582594
linept_pfz,,,3541,,,,,,,,,,,,52,8,Midweek,incremental,-0.02825919990927051,-0.054994348180283516,-0.028061773991044776,13.887164642756284
linept_bihl,,,1862,,,,,,,,,,,,53,8,Midweek,incremental,-0.02921236816211422,-0.09431036461151712,-0.028827876957783716,13.19361439312567
linept_elo,,,3541,,,,,,,,,,,,54,8,Midweek,incremental,-0.03231970233310162,-0.08544664438930524,-0.032093908717911485,13.138155888167184
linecfbp_beta_rank,,,2367,,,,,,,,,,,,55,8,Midweek,incremental,-0.03378790742184408,-0.08131757778293548,-0.033436599193814975,13.396408956485002
linecfbp_sportsratings,,,283,,,,,,,,,,,,56,8,Midweek,incremental,-0.03958087248662515,-0.07865474624841014,-0.036488538128157944,13.27314487632509
moore_ratings,,,3538,,,,,,,,,,,,57,8,Midweek,incremental,-0.04392294765927507,-0.1169799100050102,-0.04361583336485957,13.242235726399095
linecfbp_oddstrader_ai,,,797,,,,,,,,,,,,58,8,Midweek,incremental,-0.049366073332880615,-0.10753509693439021,-0.04788682458320122,12.961104140526976
linept_log,,,1555,,,,,,,,,,,,59,8,Midweek,incremental,-0.05405183338461513,-0.07917375049867839,-0.05320324326908233,15.168971061093247
linecfbp_pearatings,,,283,,,,,,,,,,,,60,8,Midweek,incremental,-0.06376067880748938,-0.22389842093408005,-0.05877924900545009,11.948409893992935
linept_fluker,Slate Fluker,410.0,395,213.0,182.0,7.0,11.63636363636363,11.899146341463414,-0.4791463414634146,0.5392405063291139,0.0294591484464902,0.4899422379777243,1.0,1.0,1,8,Close (PT Updated/final),wilson,,,,
linecfbp_sp,SP+,2367.0,2294,1166.0,1128.0,49.0,-68.00000000000003,12.577439797211662,0.13569919729615545,0.5082824760244115,-0.02964254577157804,0.4878277975097461,5.0,3.0,2,8,Close (PT Updated/final),wilson,,,,
congrove,Congrove Computer Rankings,3540.0,3469,1748.0,1721.0,68.0,-131.90909090909096,13.228805084745764,0.2412118644067797,0.5038916114153935,-0.038025105479703364,0.4872584467622172,5.0,4.0,3,8,Close (PT Updated/final),wilson,,,,
linecfbp_room44_bets,Room44 Bets,2365.0,2289,1161.0,1128.0,49.0,-72.54545454545458,12.826427061310783,-0.005708245243128988,0.5072083879423329,-0.03169307756463721,0.4867325232511391,5.0,6.0,4,8,Close (PT Updated/final),wilson,,,,
massey,Massey Ratings,3541.0,3469,1745.0,1724.0,68.0,-137.63636363636368,12.823493363456652,0.040872634848912744,0.5030268088786394,-0.039676092140779384,0.48639440204670664,5.0,7.0,5,8,Close (PT Updated/final),wilson,,,,
linecfbp_jp,JP+,1861.0,1806,920.0,886.0,40.0,-49.63636363636367,12.654809242342825,-0.06276195593766784,0.5094130675526024,-0.027484143763213547,0.4863616519557168,4.0,8.0,6,8,Close (PT Updated/final),wilson,,,,
keeper,Keeper,3532.0,3456,1737.0,1719.0,68.0,-139.90909090909096,13.195741789354473,0.11532276330690823,0.5026041666666666,-0.04048295454545456,0.48594092559730173,5.0,9.0,7,8,Close (PT Updated/final),wilson,,,,
linept_donchess,Donchess Inference,3541.0,3398,1704.0,1694.0,68.0,-144.90909090909096,12.632199943518781,-0.028059870093194033,0.5014714537963508,-0.04264540638878486,0.48466786176338766,5.0,10.0,8,8,Close (PT Updated/final),wilson,,,,
linecfbp_trent_sorensen,Trent Sorensen,830.0,805,417.0,388.0,19.0,-8.90909090909092,14.063373493975904,0.3542168674698797,0.5180124223602485,-0.011067193675889342,0.4834914272008622,2.0,11.0,9,8,Close (PT Updated/final),wilson,,,,
linept_talis,Talisman Red,3486.0,3418,1708.0,1710.0,67.0,-157.2727272727273,13.102280550774527,0.105952380952381,0.49970743124634287,-0.04601308580243631,0.4829549336405887,5.0,13.0,10,8,Close (PT Updated/final),wilson,,,,
linept_laz,Laz Index,3539.0,3467,1732.0,1735.0,68.0,-160.4545454545455,12.867781859282283,0.07277762079683535,0.4995673492933372,-0.04628051498544722,0.48293368077443705,5.0,14.0,11,8,Close (PT Updated/final),wilson,,,,
linecfbp_cfb_geek,CFB Geek,1851.0,1792,905.0,887.0,43.0,-64.2727272727273,12.647163695299838,0.284008643976229,0.5050223214285714,-0.035866477272727286,0.48188761687397386,4.0,15.0,12,8,Close (PT Updated/final),wilson,,,,
linecfbp_ryder_analytics,Ryder Analytics,283.0,276,149.0,127.0,6.0,8.454545454545451,13.04982332155477,0.5190812720848054,0.5398550724637681,0.030632411067193666,0.48091009738820345,1.0,18.0,13,8,Close (PT Updated/final),wilson,,,,
espn_fpi,ESPN FPI,3541.0,3466,1724.0,1742.0,68.0,-174.72727272727278,12.51249082180175,-0.012400451849759995,0.49740334679746107,-0.05041179247757437,0.48076989527324077,5.0,19.0,14,8,Close (PT Updated/final),wilson,,,,
piratings,Pi-Ratings,3541.0,3446,1714.0,1732.0,68.0,-173.81818181818187,12.713668455238635,-0.01200790737079922,0.4973882762623331,-0.0504405634991822,0.48070670703912083,5.0,20.0,15,8,Close (PT Updated/final),wilson,,,,
fei,FEI Projections,3541.0,3440,1709.0,1731.0,68.0,-177.3636363636364,13.021332956791865,-0.06455238633154477,0.49680232558139537,-0.05155919661733616,0.48010700073082024,5.0,21.0,16,8,Close (PT Updated/final),wilson,,,,
teamrankings,TeamRankings.com,3541.0,3424,1701.0,1723.0,68.0,-176.63636363636368,12.548627506354135,0.015393956509460602,0.4967873831775701,-0.051587723024638925,0.4800531679159956,5.0,22.0,17,8,Close (PT Updated/final),wilson,,,,
piratings_bias,PI-Rate Bias,3541.0,3450,1713.0,1737.0,68.0,-179.72727272727278,12.755040948884496,-0.07714769839028525,0.4965217391304348,-0.05209486166007907,0.4798509703308517,5.0,23.0,18,8,Close (PT Updated/final),wilson,,,,
linecfbp_power_rank,Power Rank,2365.0,2297,1149.0,1148.0,49.0,-103.45454545454548,12.413868921775899,0.16059196617336166,0.500217675228559,-0.045038983654569216,0.47978701353072123,5.0,24.0,19,8,Close (PT Updated/final),wilson,,,,
linept_clean,Cleanup Hitter,3500.0,3348,1661.0,1687.0,68.0,-177.00000000000006,14.07742,-1.4285714285717535e-05,0.49611708482676226,-0.05286738351254482,0.4791951863729241,5.0,25.0,20,8,Close (PT Updated/final),wilson,,,,
linept_loud,Loudsound.org,3459.0,3314,1644.0,1670.0,68.0,-175.4545454545455,14.405319456490314,0.07747904018502458,0.496077248038624,-0.05294343556262689,0.47906894548188766,5.0,26.0,21,8,Close (PT Updated/final),wilson,,,,
sagarin_predictor,Sagarin Predictor,3541.0,3466,1718.0,1748.0,68.0,-186.18181818181822,12.594498729172551,-0.039017226772098366,0.4956722446624351,-0.0537166238262603,0.4790411080485916,5.0,27.0,22,8,Close (PT Updated/final),wilson,,,,
sagarin_golden_mean,Sagarin Golden Mean,3541.0,3469,1719.0,1750.0,68.0,-187.2727272727273,12.703490539395652,-0.06937588251906243,0.49553185356010376,-0.05398464320343826,0.4789080961186408,5.0,28.0,23,8,Close (PT Updated/final),wilson,,,,
linept_kerns,Stephen Kerns,3541.0,3460,1714.0,1746.0,68.0,-187.81818181818187,13.778057046032195,0.5317480937588253,0.4953757225433526,-0.05428271150814505,0.47873060939608164,5.0,29.0,24,8,Close (PT Updated/final),wilson,,,,
linept_pfz,PerformanZ Ratings,3541.0,3471,1718.0,1753.0,68.0,-191.18181818181822,13.887164642756282,0.12261225642473884,0.4949582252953039,-0.0550797517089652,0.47834006649080874,5.0,30.0,25,8,Close (PT Updated/final),wilson,,,,
linecfbp_kford,KFord,1345.0,1298,654.0,644.0,34.0,-49.454545454545475,12.125873605947955,0.1573977695167286,0.5038520801232665,-0.038100574310127484,0.4766809367239967,3.0,31.0,26,8,Close (PT Updated/final),wilson,,,,
linept_dwig,DP Dwiggins,3533.0,3358,1657.0,1701.0,67.0,-194.63636363636368,13.52356354373054,0.12744126804415512,0.4934484812388326,-0.05796199036222861,0.47655575208512924,5.0,32.0,27,8,Close (PT Updated/final),wilson,,,,
piratings_mean,Pi-Ratings Mean,3541.0,3428,1689.0,1739.0,68.0,-203.5454545454546,12.609630048009036,-0.03079356114092073,0.4927071178529755,-0.05937732046250134,0.475988655558128,5.0,34.0,28,8,Close (PT Updated/final),wilson,,,,
sagarin,Sagarin Ratings,3541.0,3466,1707.0,1759.0,68.0,-207.18181818181822,12.553933916972605,-0.04161536289183842,0.49249855741488746,-0.059775481298851185,0.4758721822428864,5.0,35.0,29,8,Close (PT Updated/final),wilson,,,,
linept_how,Howell,3539.0,3351,1650.0,1701.0,68.0,-201.00000000000003,13.379222944334558,-0.09720542526137325,0.4923903312444047,-0.05998209489704567,0.47548171359871927,5.0,36.0,30,8,Close (PT Updated/final),wilson,,,,
linecfbp_professor_sides,Professor Sides,2361.0,2289,1135.0,1154.0,49.0,-122.18181818181822,12.684625158831004,0.09165607793307914,0.49584971603320227,-0.053377814845704766,0.4753914622969487,5.0,37.0,31,8,Close (PT Updated/final),wilson,,,,
linecfbp_wilson_ratings,Wilson Ratings,2367.0,2290,1134.0,1156.0,49.0,-125.09090909090912,12.762146176594845,-0.03607942543303766,0.49519650655021835,-0.054624851131401364,0.4747440440456109,5.0,39.0,32,8,Close (PT Updated/final),wilson,,,,
harville,David Harville,3541.0,3470,1705.0,1765.0,68.0,-215.00000000000003,12.638683987574131,0.09171420502682855,0.49135446685878964,-0.06195965417867436,0.47473954087881415,5.0,40.0,33,8,Close (PT Updated/final),wilson,,,,
dokter_entropy,Dokter Entropy,3540.0,3460,1699.0,1761.0,68.0,-216.4545454545455,12.486505649717513,-0.05246045197740114,0.4910404624277457,-0.06255911718339466,0.47440211630967194,5.0,41.0,34,8,Close (PT Updated/final),wilson,,,,
linept_dunk,Dunkel Index,3118.0,3055,1498.0,1557.0,63.0,-195.18181818181822,13.274211032713277,-0.018438101347017302,0.49034369885433715,-0.06388930218717453,0.4726401098539834,5.0,44.0,35,8,Close (PT Updated/final),wilson,,,,
moore_ratings,Moore Power Ratings,3538.0,3470,1697.0,1773.0,68.0,-230.2727272727273,13.242235726399095,0.0749434708875071,0.48904899135446683,-0.06636101650510874,0.4724381158474475,5.0,45.0,36,8,Close (PT Updated/final),wilson,,,,
linecfbp_dratings,DRatings,2367.0,2283,1125.0,1158.0,49.0,-135.2727272727273,12.70198563582594,-0.023574144486691984,0.492772667542707,-0.05925218014574127,0.4722942037147501,5.0,46.0,37,8,Close (PT Updated/final),wilson,,,,
linept_log,Logistic Regression,1555.0,1527,759.0,768.0,28.0,-78.00000000000003,15.168971061093247,0.527491961414791,0.49705304518664045,-0.05108055009823185,0.47201403149987753,4.0,47.0,38,8,Close (PT Updated/final),wilson,,,,
linecfbp_tshoe_index,TShoe Index,1861.0,1775,877.0,898.0,40.0,-100.72727272727275,12.629661472326708,0.027404621171413217,0.49408450704225354,-0.056747759282970565,0.47086354076296016,4.0,49.0,39,8,Close (PT Updated/final),wilson,,,,
linept_kam,Edward Kambour,3539.0,3467,1685.0,1782.0,68.0,-250.18181818181822,12.861166996326645,-0.05348686069511154,0.48601096048456877,-0.07216089362036868,0.4693987941372684,5.0,51.0,40,8,Close (PT Updated/final),wilson,,,,
sagarin_recent,Sagarin Recent,3541.0,3467,1685.0,1782.0,68.0,-250.18181818181822,12.744939282688504,0.027068624682293128,0.48601096048456877,-0.07216089362036868,0.4693987941372684,5.0,52.0,41,8,Close (PT Updated/final),wilson,,,,
linept_bill,Billingsley,3540.0,3471,1686.0,1785.0,68.0,-252.2727272727273,13.526960451977402,0.07661016949152544,0.4857389801210026,-0.07268012885990414,0.46913692498559145,5.0,53.0,42,8,Close (PT Updated/final),wilson,,,,
linept_big200,Big 200,1206.0,1179,586.0,593.0,26.0,-60.27272727272729,13.393325041459368,0.0017164179104478263,0.49703138252756573,-0.05112190608373816,0.46854743189426096,2.0,55.0,43,8,Close (PT Updated/final),wilson,,,,
linept_curry,Daniel Curry Index,3538.0,3468,1681.0,1787.0,68.0,-258.81818181818187,13.33195308083663,0.06765121537591857,0.48471741637831606,-0.07463038691412395,0.46811033028728516,5.0,56.0,44,8,Close (PT Updated/final),wilson,,,,
linecfbp_john_harris,John Harris,830.0,797,400.0,397.0,19.0,-33.363636363636374,12.149036144578314,0.3391566265060241,0.5018820577164367,-0.04186152617771189,0.467243885659068,2.0,59.0,45,8,Close (PT Updated/final),wilson,,,,
linept_elo,Beck Elo,3541.0,3468,1677.0,1791.0,68.0,-266.4545454545455,13.138155888167182,0.03553515955944648,0.4835640138408305,-0.07683233721296007,0.46695942013259806,5.0,60.0,46,8,Close (PT Updated/final),wilson,,,,
linept_rwp,Laffaye RWP,3413.0,3340,1616.0,1724.0,68.0,-254.90909090909096,13.714418400234399,0.21119542924113685,0.48383233532934133,-0.07632008709853023,0.46691266615214977,5.0,61.0,47,8,Close (PT Updated/final),wilson,,,,
linept_pugh,Pugh Ratings,3534.0,3465,1674.0,1791.0,68.0,-269.18181818181824,12.97659309564233,0.11135257498585185,0.4831168831168831,-0.07768595041322315,0.46650610930243097,5.0,62.0,48,8,Close (PT Updated/final),wilson,,,,
linecfbp_cfb_graphs,CFB Graphs,1860.0,1803,882.0,921.0,39.0,-119.1818181818182,12.873870967741937,0.09451612903225798,0.4891846921797005,-0.06610195129329906,0.46615844331304374,4.0,63.0,49,8,Close (PT Updated/final),wilson,,,,
linept_wayward,Waywardtrends,1207.0,1181,583.0,598.0,26.0,-68.00000000000001,12.639585749792875,0.07541010770505394,0.49364944961896695,-0.05757832345469942,0.46520229495729465,2.0,66.0,50,8,Close (PT Updated/final),wilson,,,,
linept_bihl,Bihl System,1862.0,1829,882.0,947.0,33.0,-145.18181818181822,13.193614393125673,0.16915682062298606,0.4822307271733188,-0.07937770266911877,0.4593918800312608,5.0,69.0,51,8,Close (PT Updated/final),wilson,,,,
linecfbp_sportsline,SportsLine,1345.0,1279,621.0,658.0,34.0,-93.45454545454547,12.72639405204461,0.36654275092936806,0.48553557466770914,-0.07306844836164618,0.4582293282283635,3.0,71.0,52,8,Close (PT Updated/final),wilson,,,,
linecfbp_david_sasser,David Sasser,283.0,275,142.0,133.0,6.0,-3.9090909090909123,11.939575971731447,0.20388692579505294,0.5163636363636364,-0.014214876033057863,0.45748254296754115,1.0,72.0,53,8,Close (PT Updated/final),wilson,,,,
linecfbp_matt_grissom,Matt Grissom,830.0,808,397.0,411.0,19.0,-50.0909090909091,12.420722891566266,0.30963855421686753,0.49133663366336633,-0.061993699369937004,0.45698878180534397,2.0,73.0,54,8,Close (PT Updated/final),wilson,,,,
linecfbp_cfb_victory,CFB Victory,830.0,781,382.0,399.0,19.0,-51.72727272727274,13.543253012048192,0.016506024096385564,0.48911651728553135,-0.06623210336398558,0.45419744478921575,2.0,74.0,55,8,Close (PT Updated/final),wilson,,,,
linecfbp_oddstrader_ai,OddsTrader AI,797.0,754,369.0,385.0,21.0,-49.54545454545456,12.961104140526976,0.3086574654956085,0.48938992042440316,-0.06571015191704849,0.45385340565061233,2.0,75.0,56,8,Close (PT Updated/final),wilson,,,,
linecfbp_beta_rank,Beta_Rank,2367.0,2302,1089.0,1213.0,49.0,-223.00000000000003,13.396408956485004,0.2151668779045204,0.4730668983492615,-0.09687228496959167,0.45273321036163905,5.0,76.0,57,8,Close (PT Updated/final),wilson,,,,
linecfbp_mcillece_sports,McIllece Sports,283.0,276,140.0,136.0,6.0,-8.72727272727273,12.2,0.0204946996466431,0.5072463768115942,-0.031620553359683806,0.44857125889871413,1.0,77.0,58,8,Close (PT Updated/final),wilson,,,,
linecfbp_sportsratings,SportsRatings,283.0,277,132.0,145.0,6.0,-25.000000000000004,13.27314487632509,0.5833922261484098,0.47653429602888087,-0.09025270758122746,0.4184414992481188,1.0,82.0,59,8,Close (PT Updated/final),wilson,,,,
linecfbp_pearatings,PEARatings,283.0,273,125.0,148.0,6.0,-34.36363636363637,11.948409893992931,0.49964664310954054,0.45787545787545786,-0.1258741258741259,0.3997681988470018,1.0,83.0,60,8,Close (PT Updated/final),wilson,,,,
linept_fluker,Slate Fluker,410.0,395,213.0,182.0,7.0,11.63636363636363,11.899146341463414,-0.4791463414634146,0.5392405063291139,0.0294591484464902,0.4899422379777243,1.0,1.0,1,8,Close (PT Updated/final),mae,,,,
linecfbp_david_sasser,David Sasser,283.0,275,142.0,133.0,6.0,-3.9090909090909123,11.939575971731447,0.20388692579505294,0.5163636363636364,-0.014214876033057863,0.45748254296754115,1.0,72.0,2,8,Close (PT Updated/final),mae,,,,
linecfbp_pearatings,PEARatings,283.0,273,125.0,148.0,6.0,-34.36363636363637,11.948409893992931,0.49964664310954054,0.45787545787545786,-0.1258741258741259,0.3997681988470018,1.0,83.0,3,8,Close (PT Updated/final),mae,,,,
linecfbp_kford,KFord,1345.0,1298,654.0,644.0,34.0,-49.454545454545475,12.125873605947955,0.1573977695167286,0.5038520801232665,-0.038100574310127484,0.4766809367239967,3.0,31.0,4,8,Close (PT Updated/final),mae,,,,
linecfbp_john_harris,John Harris,830.0,797,400.0,397.0,19.0,-33.363636363636374,12.149036144578314,0.3391566265060241,0.5018820577164367,-0.04186152617771189,0.467243885659068,2.0,59.0,5,8,Close (PT Updated/final),mae,,,,
linecfbp_mcillece_sports,McIllece Sports,283.0,276,140.0,136.0,6.0,-8.72727272727273,12.2,0.0204946996466431,0.5072463768115942,-0.031620553359683806,0.44857125889871413,1.0,77.0,6,8,Close (PT Updated/final),mae,,,,
linecfbp_power_rank,Power Rank,2365.0,2297,1149.0,1148.0,49.0,-103.45454545454548,12.413868921775899,0.16059196617336166,0.500217675228559,-0.045038983654569216,0.47978701353072123,5.0,24.0,7,8,Close (PT Updated/final),mae,,,,
linecfbp_matt_grissom,Matt Grissom,830.0,808,397.0,411.0,19.0,-50.0909090909091,12.420722891566266,0.30963855421686753,0.49133663366336633,-0.061993699369937004,0.45698878180534397,2.0,73.0,8,8,Close (PT Updated/final),mae,,,,
dokter_entropy,Dokter Entropy,3540.0,3460,1699.0,1761.0,68.0,-216.4545454545455,12.486505649717513,-0.05246045197740114,0.4910404624277457,-0.06255911718339466,0.47440211630967194,5.0,41.0,9,8,Close (PT Updated/final),mae,,,,
espn_fpi,ESPN FPI,3541.0,3466,1724.0,1742.0,68.0,-174.72727272727278,12.51249082180175,-0.012400451849759995,0.49740334679746107,-0.05041179247757437,0.48076989527324077,5.0,19.0,10,8,Close (PT Updated/final),mae,,,,
teamrankings,TeamRankings.com,3541.0,3424,1701.0,1723.0,68.0,-176.63636363636368,12.548627506354135,0.015393956509460602,0.4967873831775701,-0.051587723024638925,0.4800531679159956,5.0,22.0,11,8,Close (PT Updated/final),mae,,,,
sagarin,Sagarin Ratings,3541.0,3466,1707.0,1759.0,68.0,-207.18181818181822,12.553933916972605,-0.04161536289183842,0.49249855741488746,-0.059775481298851185,0.4758721822428864,5.0,35.0,12,8,Close (PT Updated/final),mae,,,,
linecfbp_sp,SP+,2367.0,2294,1166.0,1128.0,49.0,-68.00000000000003,12.577439797211662,0.13569919729615545,0.5082824760244115,-0.02964254577157804,0.4878277975097461,5.0,3.0,13,8,Close (PT Updated/final),mae,,,,
sagarin_predictor,Sagarin Predictor,3541.0,3466,1718.0,1748.0,68.0,-186.18181818181822,12.594498729172551,-0.039017226772098366,0.4956722446624351,-0.0537166238262603,0.4790411080485916,5.0,27.0,14,8,Close (PT Updated/final),mae,,,,
piratings_mean,Pi-Ratings Mean,3541.0,3428,1689.0,1739.0,68.0,-203.5454545454546,12.609630048009036,-0.03079356114092073,0.4927071178529755,-0.05937732046250134,0.475988655558128,5.0,34.0,15,8,Close (PT Updated/final),mae,,,,
linecfbp_tshoe_index,TShoe Index,1861.0,1775,877.0,898.0,40.0,-100.72727272727275,12.629661472326708,0.027404621171413217,0.49408450704225354,-0.056747759282970565,0.47086354076296016,4.0,49.0,16,8,Close (PT Updated/final),mae,,,,
linept_donchess,Donchess Inference,3541.0,3398,1704.0,1694.0,68.0,-144.90909090909096,12.632199943518781,-0.028059870093194033,0.5014714537963508,-0.04264540638878486,0.48466786176338766,5.0,10.0,17,8,Close (PT Updated/final),mae,,,,
harville,David Harville,3541.0,3470,1705.0,1765.0,68.0,-215.00000000000003,12.638683987574131,0.09171420502682855,0.49135446685878964,-0.06195965417867436,0.47473954087881415,5.0,40.0,18,8,Close (PT Updated/final),mae,,,,
linept_wayward,Waywardtrends,1207.0,1181,583.0,598.0,26.0,-68.00000000000001,12.639585749792875,0.07541010770505394,0.49364944961896695,-0.05757832345469942,0.46520229495729465,2.0,66.0,19,8,Close (PT Updated/final),mae,,,,
linecfbp_cfb_geek,CFB Geek,1851.0,1792,905.0,887.0,43.0,-64.2727272727273,12.647163695299838,0.284008643976229,0.5050223214285714,-0.035866477272727286,0.48188761687397386,4.0,15.0,20,8,Close (PT Updated/final),mae,,,,
linecfbp_jp,JP+,1861.0,1806,920.0,886.0,40.0,-49.63636363636367,12.654809242342825,-0.06276195593766784,0.5094130675526024,-0.027484143763213547,0.4863616519557168,4.0,8.0,21,8,Close (PT Updated/final),mae,,,,
linecfbp_professor_sides,Professor Sides,2361.0,2289,1135.0,1154.0,49.0,-122.18181818181822,12.684625158831004,0.09165607793307914,0.49584971603320227,-0.053377814845704766,0.4753914622969487,5.0,37.0,22,8,Close (PT Updated/final),mae,,,,
linecfbp_dratings,DRatings,2367.0,2283,1125.0,1158.0,49.0,-135.2727272727273,12.70198563582594,-0.023574144486691984,0.492772667542707,-0.05925218014574127,0.4722942037147501,5.0,46.0,23,8,Close (PT Updated/final),mae,,,,
sagarin_golden_mean,Sagarin Golden Mean,3541.0,3469,1719.0,1750.0,68.0,-187.2727272727273,12.703490539395652,-0.06937588251906243,0.49553185356010376,-0.05398464320343826,0.4789080961186408,5.0,28.0,24,8,Close (PT Updated/final),mae,,,,
piratings,Pi-Ratings,3541.0,3446,1714.0,1732.0,68.0,-173.81818181818187,12.713668455238635,-0.01200790737079922,0.4973882762623331,-0.0504405634991822,0.48070670703912083,5.0,20.0,25,8,Close (PT Updated/final),mae,,,,
linecfbp_sportsline,SportsLine,1345.0,1279,621.0,658.0,34.0,-93.45454545454547,12.72639405204461,0.36654275092936806,0.48553557466770914,-0.07306844836164618,0.4582293282283635,3.0,71.0,26,8,Close (PT Updated/final),mae,,,,
sagarin_recent,Sagarin Recent,3541.0,3467,1685.0,1782.0,68.0,-250.18181818181822,12.744939282688504,0.027068624682293128,0.48601096048456877,-0.07216089362036868,0.4693987941372684,5.0,52.0,27,8,Close (PT Updated/final),mae,,,,
piratings_bias,PI-Rate Bias,3541.0,3450,1713.0,1737.0,68.0,-179.72727272727278,12.755040948884496,-0.07714769839028525,0.4965217391304348,-0.05209486166007907,0.4798509703308517,5.0,23.0,28,8,Close (PT Updated/final),mae,,,,
linecfbp_wilson_ratings,Wilson Ratings,2367.0,2290,1134.0,1156.0,49.0,-125.09090909090912,12.762146176594845,-0.03607942543303766,0.49519650655021835,-0.054624851131401364,0.4747440440456109,5.0,39.0,29,8,Close (PT Updated/final),mae,,,,
massey,Massey Ratings,3541.0,3469,1745.0,1724.0,68.0,-137.63636363636368,12.823493363456652,0.040872634848912744,0.5030268088786394,-0.039676092140779384,0.48639440204670664,5.0,7.0,30,8,Close (PT Updated/final),mae,,,,
linecfbp_room44_bets,Room44 Bets,2365.0,2289,1161.0,1128.0,49.0,-72.54545454545458,12.826427061310783,-0.005708245243128988,0.5072083879423329,-0.03169307756463721,0.4867325232511391,5.0,6.0,31,8,Close (PT Updated/final),mae,,,,
linept_kam,Edward Kambour,3539.0,3467,1685.0,1782.0,68.0,-250.18181818181822,12.861166996326645,-0.05348686069511154,0.48601096048456877,-0.07216089362036868,0.4693987941372684,5.0,51.0,32,8,Close (PT Updated/final),mae,,,,
linept_laz,Laz Index,3539.0,3467,1732.0,1735.0,68.0,-160.4545454545455,12.867781859282283,0.07277762079683535,0.4995673492933372,-0.04628051498544722,0.48293368077443705,5.0,14.0,33,8,Close (PT Updated/final),mae,,,,
linecfbp_cfb_graphs,CFB Graphs,1860.0,1803,882.0,921.0,39.0,-119.1818181818182,12.873870967741937,0.09451612903225798,0.4891846921797005,-0.06610195129329906,0.46615844331304374,4.0,63.0,34,8,Close (PT Updated/final),mae,,,,
linecfbp_oddstrader_ai,OddsTrader AI,797.0,754,369.0,385.0,21.0,-49.54545454545456,12.961104140526976,0.3086574654956085,0.48938992042440316,-0.06571015191704849,0.45385340565061233,2.0,75.0,35,8,Close (PT Updated/final),mae,,,,
linept_pugh,Pugh Ratings,3534.0,3465,1674.0,1791.0,68.0,-269.18181818181824,12.97659309564233,0.11135257498585185,0.4831168831168831,-0.07768595041322315,0.46650610930243097,5.0,62.0,36,8,Close (PT Updated/final),mae,,,,
fei,FEI Projections,3541.0,3440,1709.0,1731.0,68.0,-177.3636363636364,13.021332956791865,-0.06455238633154477,0.49680232558139537,-0.05155919661733616,0.48010700073082024,5.0,21.0,37,8,Close (PT Updated/final),mae,,,,
linecfbp_ryder_analytics,Ryder Analytics,283.0,276,149.0,127.0,6.0,8.454545454545451,13.04982332155477,0.5190812720848054,0.5398550724637681,0.030632411067193666,0.48091009738820345,1.0,18.0,38,8,Close (PT Updated/final),mae,,,,
linept_talis,Talisman Red,3486.0,3418,1708.0,1710.0,67.0,-157.2727272727273,13.102280550774527,0.105952380952381,0.49970743124634287,-0.04601308580243631,0.4829549336405887,5.0,13.0,39,8,Close (PT Updated/final),mae,,,,
linept_elo,Beck Elo,3541.0,3468,1677.0,1791.0,68.0,-266.4545454545455,13.138155888167182,0.03553515955944648,0.4835640138408305,-0.07683233721296007,0.46695942013259806,5.0,60.0,40,8,Close (PT Updated/final),mae,,,,
linept_bihl,Bihl System,1862.0,1829,882.0,947.0,33.0,-145.18181818181822,13.193614393125673,0.16915682062298606,0.4822307271733188,-0.07937770266911877,0.4593918800312608,5.0,69.0,41,8,Close (PT Updated/final),mae,,,,
keeper,Keeper,3532.0,3456,1737.0,1719.0,68.0,-139.90909090909096,13.195741789354473,0.11532276330690823,0.5026041666666666,-0.04048295454545456,0.48594092559730173,5.0,9.0,42,8,Close (PT Updated/final),mae,,,,
congrove,Congrove Computer Rankings,3540.0,3469,1748.0,1721.0,68.0,-131.90909090909096,13.228805084745764,0.2412118644067797,0.5038916114153935,-0.038025105479703364,0.4872584467622172,5.0,4.0,43,8,Close (PT Updated/final),mae,,,,
moore_ratings,Moore Power Ratings,3538.0,3470,1697.0,1773.0,68.0,-230.2727272727273,13.242235726399095,0.0749434708875071,0.48904899135446683,-0.06636101650510874,0.4724381158474475,5.0,45.0,44,8,Close (PT Updated/final),mae,,,,
linecfbp_sportsratings,SportsRatings,283.0,277,132.0,145.0,6.0,-25.000000000000004,13.27314487632509,0.5833922261484098,0.47653429602888087,-0.09025270758122746,0.4184414992481188,1.0,82.0,45,8,Close (PT Updated/final),mae,,,,
linept_dunk,Dunkel Index,3118.0,3055,1498.0,1557.0,63.0,-195.18181818181822,13.274211032713277,-0.018438101347017302,0.49034369885433715,-0.06388930218717453,0.4726401098539834,5.0,44.0,46,8,Close (PT Updated/final),mae,,,,
linept_curry,Daniel Curry Index,3538.0,3468,1681.0,1787.0,68.0,-258.81818181818187,13.33195308083663,0.06765121537591857,0.48471741637831606,-0.07463038691412395,0.46811033028728516,5.0,56.0,47,8,Close (PT Updated/final),mae,,,,
linept_how,Howell,3539.0,3351,1650.0,1701.0,68.0,-201.00000000000003,13.379222944334558,-0.09720542526137325,0.4923903312444047,-0.05998209489704567,0.47548171359871927,5.0,36.0,48,8,Close (PT Updated/final),mae,,,,
linept_big200,Big 200,1206.0,1179,586.0,593.0,26.0,-60.27272727272729,13.393325041459368,0.0017164179104478263,0.49703138252756573,-0.05112190608373816,0.46854743189426096,2.0,55.0,49,8,Close (PT Updated/final),mae,,,,
linecfbp_beta_rank,Beta_Rank,2367.0,2302,1089.0,1213.0,49.0,-223.00000000000003,13.396408956485004,0.2151668779045204,0.4730668983492615,-0.09687228496959167,0.45273321036163905,5.0,76.0,50,8,Close (PT Updated/final),mae,,,,
linept_dwig,DP Dwiggins,3533.0,3358,1657.0,1701.0,67.0,-194.63636363636368,13.52356354373054,0.12744126804415512,0.4934484812388326,-0.05796199036222861,0.47655575208512924,5.0,32.0,51,8,Close (PT Updated/final),mae,,,,
linept_bill,Billingsley,3540.0,3471,1686.0,1785.0,68.0,-252.2727272727273,13.526960451977402,0.07661016949152544,0.4857389801210026,-0.07268012885990414,0.46913692498559145,5.0,53.0,52,8,Close (PT Updated/final),mae,,,,
linecfbp_cfb_victory,CFB Victory,830.0,781,382.0,399.0,19.0,-51.72727272727274,13.543253012048192,0.016506024096385564,0.48911651728553135,-0.06623210336398558,0.45419744478921575,2.0,74.0,53,8,Close (PT Updated/final),mae,,,,
linept_rwp,Laffaye RWP,3413.0,3340,1616.0,1724.0,68.0,-254.90909090909096,13.714418400234399,0.21119542924113685,0.48383233532934133,-0.07632008709853023,0.46691266615214977,5.0,61.0,54,8,Close (PT Updated/final),mae,,,,
linept_kerns,Stephen Kerns,3541.0,3460,1714.0,1746.0,68.0,-187.81818181818187,13.778057046032195,0.5317480937588253,0.4953757225433526,-0.05428271150814505,0.47873060939608164,5.0,29.0,55,8,Close (PT Updated/final),mae,,,,
linept_pfz,PerformanZ Ratings,3541.0,3471,1718.0,1753.0,68.0,-191.18181818181822,13.887164642756282,0.12261225642473884,0.4949582252953039,-0.0550797517089652,0.47834006649080874,5.0,30.0,56,8,Close (PT Updated/final),mae,,,,
linecfbp_trent_sorensen,Trent Sorensen,830.0,805,417.0,388.0,19.0,-8.90909090909092,14.063373493975904,0.3542168674698797,0.5180124223602485,-0.011067193675889342,0.4834914272008622,2.0,11.0,57,8,Close (PT Updated/final),mae,,,,
linept_clean,Cleanup Hitter,3500.0,3348,1661.0,1687.0,68.0,-177.00000000000006,14.07742,-1.4285714285717535e-05,0.49611708482676226,-0.05286738351254482,0.4791951863729241,5.0,25.0,58,8,Close (PT Updated/final),mae,,,,
linept_loud,Loudsound.org,3459.0,3314,1644.0,1670.0,68.0,-175.4545454545455,14.405319456490314,0.07747904018502458,0.496077248038624,-0.05294343556262689,0.47906894548188766,5.0,26.0,59,8,Close (PT Updated/final),mae,,,,
linept_log,Logistic Regression,1555.0,1527,759.0,768.0,28.0,-78.00000000000003,15.168971061093247,0.527491961414791,0.49705304518664045,-0.05108055009823185,0.47201403149987753,4.0,47.0,60,8,Close (PT Updated/final),mae,,,,
linecfbp_mcillece_sports,,,283,,,,,,,,,,,,1,8,Close (PT Updated/final),incremental,0.04891702165782477,0.12521482427426187,0.04509528208304679,12.200000000000001
linecfbp_jp,,,1861,,,,,,,,,,,,2,8,Close (PT Updated/final),incremental,0.029447628867746902,0.07972981825818391,0.02905983700542811,12.654809242342825
linecfbp_trent_sorensen,,,830,,,,,,,,,,,,3,8,Close (PT Updated/final),incremental,0.026556074820345197,0.04342636013180149,0.025790608782050594,14.063373493975902
linecfbp_ryder_analytics,,,283,,,,,,,,,,,,4,8,Close (PT Updated/final),incremental,0.02540446993095254,0.045638298730745326,0.023419695207942636,13.04982332155477
linept_laz,,,3539,,,,,,,,,,,,5,8,Close (PT Updated/final),incremental,0.023548378752509157,0.061531225078308646,0.023383771822419644,12.867781859282283
linecfbp_sportsline,,,1345,,,,,,,,,,,,6,8,Close (PT Updated/final),incremental,0.02179274399607447,0.05589902973186735,0.021398629310464438,12.72639405204461
piratings,,,3541,,,,,,,,,,,,7,8,Close (PT Updated/final),incremental,0.018251075658087028,0.059177082183888126,0.018123569027256228,12.713668455238635
linecfbp_john_harris,,,830,,,,,,,,,,,,8,8,Close (PT Updated/final),incremental,0.018338170348397638,0.099954462287756,0.01780958143979111,12.149036144578314
dokter_entropy,,,3540,,,,,,,,,,,,9,8,Close (PT Updated/final),incremental,0.017538336657465063,0.07581785898366152,0.01741577515131896,12.486505649717513
piratings_mean,,,3541,,,,,,,,,,,,10,8,Close (PT Updated/final),incremental,0.012658724586665861,0.04706873946247102,0.012570287534905265,12.609630048009036
piratings_bias,,,3541,,,,,,,,,,,,11,8,Close (PT Updated/final),incremental,0.012545787092171353,0.04044999381510639,0.012458139050312816,12.755040948884497
linecfbp_room44_bets,,,2365,,,,,,,,,,,,12,8,Close (PT Updated/final),incremental,0.01195671480749864,0.03341354434329639,0.011832291912700738,12.826427061310783
linept_big200,,,1206,,,,,,,,,,,,13,8,Close (PT Updated/final),incremental,0.011491556601686997,0.024547119406782388,0.011260500513339338,13.39332504145937
massey,,,3541,,,,,,,,,,,,14,8,Close (PT Updated/final),incremental,0.01106277043593053,0.03285431939885495,0.010985483123535051,12.823493363456652
congrove,,,3540,,,,,,,,,,,,15,8,Close (PT Updated/final),incremental,0.010701836222159516,0.025636614411973537,0.010627049588082759,13.228805084745764
linept_fluker,,,410,,,,,,,,,,,,16,8,Close (PT Updated/final),incremental,0.009875432810825398,0.05274991023397557,0.009323289097325507,11.899146341463414
linecfbp_david_sasser,,,283,,,,,,,,,,,,17,8,Close (PT Updated/final),incremental,0.00877233705661549,0.024901789754654756,0.008086980782738663,11.939575971731449
espn_fpi,,,3541,,,,,,,,,,,,18,8,Close (PT Updated/final),incremental,0.007623122850347949,0.03069068058397134,0.007569865785982733,12.512490821801752
linecfbp_cfb_victory,,,830,,,,,,,,,,,,19,8,Close (PT Updated/final),incremental,0.006627860454152868,0.013003979320190784,0.0064368155757763765,13.543253012048192
sagarin,,,3541,,,,,,,,,,,,20,8,Close (PT Updated/final),incremental,0.005219879921962753,0.02091486471621244,0.005183412520552584,12.553933916972605
linecfbp_sp,,,2367,,,,,,,,,,,,21,8,Close (PT Updated/final),incremental,0.004623085094918674,0.016236789957038835,0.004575016778273718,12.577439797211659
sagarin_predictor,,,3541,,,,,,,,,,,,22,8,Close (PT Updated/final),incremental,0.004004794603533946,0.015170480410109344,0.003976816095492436,12.59449872917255
linecfbp_matt_grissom,,,830,,,,,,,,,,,,23,8,Close (PT Updated/final),incremental,0.0033402346624416108,0.012030837964122144,0.003243954010600901,12.420722891566264
linept_talis,,,3486,,,,,,,,,,,,24,8,Close (PT Updated/final),incremental,0.0027419273238740165,0.00712523254145314,0.002722472506531778,13.102280550774527
sagarin_golden_mean,,,3541,,,,,,,,,,,,25,8,Close (PT Updated/final),incremental,0.002409750779758277,0.007983160567606102,0.002392915651307493,12.703490539395652
keeper,,,3532,,,,,,,,,,,,26,8,Close (PT Updated/final),incremental,-0.00013341911215079927,-0.0003788689472451201,-0.0001324846622692211,13.195741789354473
sagarin_recent,,,3541,,,,,,,,,,,,27,8,Close (PT Updated/final),incremental,-0.0003595135203481078,-0.0011365763875685786,-0.00035700186796243616,12.744939282688506
linecfbp_cfb_geek,,,1851,,,,,,,,,,,,28,8,Close (PT Updated/final),incremental,-0.0033367733855136027,-0.011196580684940536,-0.003292599165749806,12.647163695299836
linept_kam,,,3539,,,,,,,,,,,,29,8,Close (PT Updated/final),incremental,-0.0034891502423567717,-0.010663435682217745,-0.003464760524658935,12.861166996326645
linept_clean,,,3500,,,,,,,,,,,,30,8,Close (PT Updated/final),incremental,-0.0035012473464773953,-0.005994504800122141,-0.003476503238918666,14.07742
harville,,,3541,,,,,,,,,,,,31,8,Close (PT Updated/final),incremental,-0.005012850070447333,-0.018832568420085787,-0.004977829031944352,12.638683987574131
linept_pugh,,,3534,,,,,,,,,,,,32,8,Close (PT Updated/final),incremental,-0.005232239541467384,-0.01532516776971321,-0.005195614146951572,12.97659309564233
linept_kerns,,,3541,,,,,,,,,,,,33,8,Close (PT Updated/final),incremental,-0.006883511688750832,-0.013238816567567088,-0.006835421735031958,13.778057046032194
linecfbp_cfb_graphs,,,1860,,,,,,,,,,,,34,8,Close (PT Updated/final),incremental,-0.008265883622627783,-0.023235467271379342,-0.008156973942194633,12.873870967741937
linept_loud,,,3459,,,,,,,,,,,,35,8,Close (PT Updated/final),incremental,-0.008609363921292097,-0.013580686126704824,-0.008547806118116187,14.405319456490314
fei,,,3541,,,,,,,,,,,,36,8,Close (PT Updated/final),incremental,-0.008792003574277736,-0.023436333810336347,-0.008730580413527658,13.021332956791866
linept_dwig,,,3533,,,,,,,,,,,,37,8,Close (PT Updated/final),incremental,-0.009033426109975836,-0.019300388121886385,-0.008970174904131269,13.52356354373054
linecfbp_kford,,,1345,,,,,,,,,,,,38,8,Close (PT Updated/final),incremental,-0.01021482049736513,-0.047137454483291756,-0.0100300887917292,12.125873605947955
linecfbp_power_rank,,,2365,,,,,,,,,,,,39,8,Close (PT Updated/final),incremental,-0.010672475484996682,-0.05125649966106363,-0.01056141652642136,12.413868921775899
linept_wayward,,,1207,,,,,,,,,,,,40,8,Close (PT Updated/final),incremental,-0.011197200956932628,-0.03492568442506714,-0.010972244301825456,12.639585749792875
linept_donchess,,,3541,,,,,,,,,,,,41,8,Close (PT Updated/final),incremental,-0.011592374883376628,-0.04349950537217466,-0.01151138762035731,12.63219994351878
linecfbp_tshoe_index,,,1861,,,,,,,,,,,,42,8,Close (PT Updated/final),incremental,-0.012050811974395677,-0.037489628916633856,-0.011892116452967026,12.629661472326708
teamrankings,,,3541,,,,,,,,,,,,43,8,Close (PT Updated/final),incremental,-0.01333892142676467,-0.05726367640201695,-0.01324573234783551,12.548627506354137
linecfbp_wilson_ratings,,,2367,,,,,,,,,,,,44,8,Close (PT Updated/final),incremental,-0.01443487876074777,-0.04356376595586247,-0.014284792766491293,12.762146176594845
linept_dunk,,,3118,,,,,,,,,,,,45,8,Close (PT Updated/final),incremental,-0.015787784475052257,-0.03742902421707096,-0.015662701023830737,13.27421103271328
linept_bill,,,3540,,,,,,,,,,,,46,8,Close (PT Updated/final),incremental,-0.01637697359504723,-0.03471022082182066,-0.01626252793300267,13.526960451977402
linept_rwp,,,3413,,,,,,,,,,,,47,8,Close (PT Updated/final),incremental,-0.017178213970025356,-0.03450748848338324,-0.017053750557206784,13.714418400234397
linept_curry,,,3538,,,,,,,,,,,,48,8,Close (PT Updated/final),incremental,-0.017254383971546425,-0.040574912987821295,-0.01713373933721764,13.331953080836632
linecfbp_professor_sides,,,2361,,,,,,,,,,,,49,8,Close (PT Updated/final),incremental,-0.018961129260383455,-0.06554518611117098,-0.01876348857887586,12.684625158831002
linept_how,,,3539,,,,,,,,,,,,50,8,Close (PT Updated/final),incremental,-0.020248445859244003,-0.04594187057352971,-0.020106905987348628,13.379222944334558
linecfbp_dratings,,,2367,,,,,,,,,,,,51,8,Close (PT Updated/final),incremental,-0.02486581465701032,-0.08695761188603524,-0.02460727348200974,12.70198563582594
linept_bihl,,,1862,,,,,,,,,,,,52,8,Close (PT Updated/final),incremental,-0.025596883431176776,-0.08176029339932224,-0.02525997899114837,13.19361439312567
linept_pfz,,,3541,,,,,,,,,,,,53,8,Close (PT Updated/final),incremental,-0.029762915997976,-0.05770589084082412,-0.02955498473881646,13.887164642756284
linept_elo,,,3541,,,,,,,,,,,,54,8,Close (PT Updated/final),incremental,-0.03365013384191567,-0.08840845984514399,-0.033415045495696086,13.138155888167184
linecfbp_beta_rank,,,2367,,,,,,,,,,,,55,8,Close (PT Updated/final),incremental,-0.03665659836150166,-0.08765753470148811,-0.036275463050126085,13.396408956485002
linecfbp_sportsratings,,,283,,,,,,,,,,,,56,8,Close (PT Updated/final),incremental,-0.039793596583485254,-0.07988121370566739,-0.03668464273200872,13.27314487632509
moore_ratings,,,3538,,,,,,,,,,,,57,8,Close (PT Updated/final),incremental,-0.044552426234312166,-0.11766755414279843,-0.044240910553406815,13.242235726399095
linecfbp_pearatings,,,283,,,,,,,,,,,,58,8,Close (PT Updated/final),incremental,-0.05538466694906979,-0.19440783279984947,-0.051057629726816905,11.948409893992935
linecfbp_oddstrader_ai,,,797,,,,,,,,,,,,59,8,Close (PT Updated/final),incremental,-0.0530233403143638,-0.11477404873299618,-0.05143450197725414,12.961104140526976
linept_log,,,1555,,,,,,,,,,,,60,8,Close (PT Updated/final),incremental,-0.05325995516602541,-0.07742117317911969,-0.05242379719177114,15.168971061093247
