model_a,model_b,model_a_name,model_b_name,n_common,meets_min_common,prediction_correlation,edge_correlation,error_correlation,same_side_rate,mean_absolute_prediction_difference,mean_absolute_edge_difference,a_lower_error_rate,b_lower_error_rate,a_only_ats_correct,b_only_ats_correct
linecfbp_cfbwe,linecfbp_cfbwe_rounded,CFBWE,CFBWE: Rounded,516,True,0.9993329518647074,0.9963668775253782,0.9996705853608858,0.9775051124744376,0.34728682170542635,0.34728682170542635,0.5147058823529411,0.4852941176470588,14,9
linecfbp_wilson_ratings,linept_wayward,Wilson Ratings,Waywardtrends,1051,True,0.9988428378585141,0.9618958241833316,0.999046177187577,0.9170684667309547,0.5512559467174121,0.9425023786869647,0.5211538461538462,0.47884615384615387,57,63
linecfbp_sv_bettor,linept_how,SV Bettor,Howell,505,True,0.9902197739054782,0.9544021093355497,0.9944012720204982,0.9665271966527197,0.46469306930693066,0.8925346534653466,0.5064935064935064,0.4935064935064935,11,19
piratings,piratings_mean,Pi-Ratings,Pi-Ratings Mean,3943,True,0.9950924647112059,0.9506559112435531,0.9953578270815243,0.9228179228179229,1.0874182094851637,1.0874182094851637,0.47339449541284406,0.5266055045871559,173,150
piratings_bias,piratings_mean,PI-Rate Bias,Pi-Ratings Mean,3943,True,0.9969108359678608,0.9495713463605592,0.9953758674753571,0.9014485256078634,1.1635150900329698,1.1635150900329698,0.4620617477760335,0.5379382522239665,221,192
linept_payne,linept_paynewl,linepayne,linepaynewl,3124,True,0.9676552222601239,0.9389512582125833,0.9821687953387729,0.8970493906350224,2.489647887323944,2.489647887323944,0.5789810958026274,0.42101890419737265,159,159
piratings,piratings_bias,Pi-Ratings,PI-Rate Bias,3943,True,0.9949950912587461,0.9380557807638192,0.9944900058539805,0.8987635239567233,1.2071595232056809,1.2071595232056809,0.5039246467817896,0.49607535321821034,206,212
sagarin,sagarin_predictor,Sagarin Ratings,Sagarin Predictor,3943,True,0.9933818802218785,0.9270111144585235,0.9954116958466813,0.8798676508017307,1.1298782652802435,1.1298782652802435,0.5091189314153609,0.4908810685846391,232,238
linecfbp_cfbwe,linecfbp_cfbwe_average,CFBWE,CFBWE: Average,516,True,0.9851457090323179,0.9235076743900803,0.992793213883396,0.8700787401574803,1.4397286821705428,1.4397286821705428,0.4871287128712871,0.5128712871287129,34,34
linecfbp_dratings,linept_donchess,DRatings,Donchess Inference,2591,True,0.995258761312898,0.9232723824592811,0.9964611592401086,0.9270625747309685,0.3602277113083753,0.9362292551138558,0.468363136176066,0.5316368638239339,133,117
linecfbp_cfbwe_average,linecfbp_cfbwe_rounded,CFBWE: Average,CFBWE: Rounded,516,True,0.9848791365761552,0.9210730148097275,0.992588826524805,0.8775510204081632,1.4664728682170542,1.4664728682170542,0.5128205128205128,0.48717948717948717,40,35
linecfbp_cfbwe_average,linecfbp_cfbwe_talent,CFBWE: Average,CFBWE: Talent,516,True,0.8992504710555366,0.8641327443727975,0.9611998266588645,0.8414872798434442,3.812790697674419,3.812790697674419,0.56640625,0.43359375,42,37
sagarin,sagarin_golden_mean,Sagarin Ratings,Sagarin Golden Mean,3943,True,0.9841447440082858,0.8597020355786602,0.9887956274088295,0.8570338336301195,1.4791174232817652,1.4791174232817652,0.5237231008555873,0.47627689914441274,271,281
linecfbp_sportsratings,linept_pugh,SportsRatings,Pugh Ratings,503,True,0.9815324629058498,0.8392037880700052,0.9765161235059208,0.82,2.2596023856858847,2.4453677932405564,0.48902195608782434,0.5109780439121756,52,43
linecfbp_obmodel,linecfbp_sp,OBModel,SP+,507,True,0.9855143475414198,0.8174220068749429,0.9879160588947854,0.8817635270541082,1.3057199211045365,1.3057199211045365,0.4711934156378601,0.5288065843621399,32,29
linecfbp_john_harris,linecfbp_kford,John Harris,KFord,1097,True,0.9918097074512796,0.8139829784851415,0.9922563462706562,0.8289719626168224,1.3681859617137648,1.3681859617137648,0.5160075329566854,0.4839924670433145,100,91
linept_argh,linept_how,Argh Ratings,Howell,3133,True,0.9569377564926766,0.8127831505081946,0.972191215421951,0.8478708791208791,2.8769645706990103,2.8769645706990103,0.5147563486616334,0.4852436513383665,280,263
linecfbp_kford,teamrankings,KFord,TeamRankings.com,1613,True,0.9935932106640593,0.8127698775581721,0.9925273425354775,0.8025396825396826,1.353384996900186,1.6237259764414136,0.514030612244898,0.48596938775510207,183,166
linecfbp_sv_bettor,linept_paynewl,SV Bettor,linepaynewl,507,True,0.9155469268555008,0.8082464992212152,0.9585114928180419,0.8234086242299795,3.8446745562130182,3.8759960552268247,0.5445544554455446,0.45544554455445546,47,48
linecfbp_sv_bettor,linept_argh,SV Bettor,Argh Ratings,507,True,0.950122794196092,0.793420323149305,0.9720240503290153,0.843010752688172,2.786686390532544,2.950394477317554,0.5075921908893709,0.4924078091106291,47,48
sagarin,sagarin_recent,Sagarin Ratings,Sagarin Recent,3943,True,0.9834035528878052,0.7693563086554644,0.9816589448758272,0.8037668617968949,1.9763961450672078,1.9763961450672078,0.520164397636784,0.47983560236321604,397,368
linecfbp_cfbwe,linecfbp_cfbwe_talent,CFBWE,CFBWE: Talent,516,True,0.8659067413964244,0.7666561128473511,0.9456843296565669,0.777120315581854,4.425387596899225,4.425387596899225,0.5692007797270955,0.43079922027290446,59,54
linecfbp_cfbwe_rounded,linecfbp_cfbwe_talent,CFBWE: Rounded,CFBWE: Talent,516,True,0.8664626441117683,0.7657062580962062,0.9454202727850918,0.787321063394683,4.437790697674418,4.437790697674418,0.5688976377952756,0.4311023622047244,57,57
linecfbp_sv_bettor,linept_payne,SV Bettor,linepayne,507,True,0.9458370755973806,0.7613688861347933,0.9682453556822679,0.8151950718685832,3.0549309664694277,3.152603550295858,0.5128712871287129,0.4871287128712871,49,49
linept_bihl,linept_round,Bihl System,lineround,1354,True,0.959986773542339,0.7608363392849947,0.973670985819393,0.776425855513308,3.006757754800591,3.006757754800591,0.5302806499261448,0.46971935007385524,154,155
linept_payne,linept_paynep,linepayne,linepaynep,3124,True,0.9477083754057186,0.7592613483276092,0.9524625021647602,0.7481576417814803,4.10963828425096,4.10963828425096,0.4931067649887785,0.5068932350112215,397,377
sagarin_golden_mean,sagarin_predictor,Sagarin Golden Mean,Sagarin Predictor,3943,True,0.9734994162582445,0.7584951155051215,0.9813467303209678,0.7868226914271178,2.097897539944205,2.097897539944205,0.4917864476386037,0.5082135523613963,413,409
linecfbp_sportsratings,linept_bihl,SportsRatings,Bihl System,254,True,0.9762026266979786,0.7467780094002657,0.9729064620791906,0.7351778656126482,2.850275590551181,2.962952755905512,0.4881889763779528,0.5118110236220472,38,26
linept_bihl,linept_elo,Bihl System,Beck Elo,2161,True,0.9627938177135371,0.7446569997946655,0.9771481576657809,0.7639146567717996,2.7686348912540493,2.7686348912540493,0.4895785085687818,0.5104214914312182,246,258
linecfbp_david_sasser,linecfbp_sp,David Sasser,SP+,550,True,0.9723504829584204,0.7409765339997189,0.9753182239284782,0.7966728280961183,2.4089090909090904,2.4089090909090904,0.5149253731343284,0.48507462686567165,60,53
linept_argh,linept_round,Argh Ratings,lineround,2105,True,0.937041688782571,0.7378454536212348,0.9582215567504772,0.82744702320888,3.4566508313539193,3.4566508313539193,0.5359692476661175,0.46403075233388247,181,200
espn_fpi,linecfbp_kford,ESPN FPI,KFord,1613,True,0.9859923743780221,0.7371895053112737,0.987673891435854,0.7608015028177834,1.7978735275883448,2.0628828270303785,0.48479205462445685,0.5152079453755432,200,211
linept_bihl,linept_pugh,Bihl System,Pugh Ratings,2161,True,0.9757515566993551,0.7354681453971781,0.975375295574453,0.7591477535896248,2.830370198981953,2.830370198981953,0.5108745950948634,0.4891254049051365,257,260
linept_argh,linept_rwp,Argh Ratings,Laffaye RWP,3007,True,0.9022135941760072,0.7172234498612854,0.9522693896760288,0.7740484429065744,3.9209211839042233,3.9209211839042233,0.5281385281385281,0.47186147186147187,337,361
linecfbp_cfb_victory,linept_round,CFB Victory,lineround,347,True,0.9226022298568409,0.7086032684008744,0.9527499911297235,0.7857142857142857,4.020172910662824,4.1685878962536025,0.5047619047619047,0.49523809523809526,46,36
linecfbp_kford,linecfbp_pearatings,KFord,PEARatings,550,True,0.9785772822052321,0.6904936415135657,0.9817905970395798,0.7712177121771218,2.0470909090909086,2.0470909090909086,0.4962825278810409,0.5037174721189591,63,61
linecfbp_sv_bettor,linept_bill,SV Bettor,Billingsley,507,True,0.8999902782053653,0.6898331467319239,0.9485569790420009,0.7530864197530864,4.507021696252465,4.555029585798816,0.52465483234714,0.47534516765285995,63,64
linept_big200,linept_bihl,Big 200,Bihl System,864,True,0.9410930676012685,0.6873209680659025,0.9543555438775116,0.7331786542923434,3.735173611111111,3.735173611111111,0.46697566628041715,0.5330243337195828,127,101
linept_argh,linept_bill,Argh Ratings,Billingsley,3134,True,0.891587615805901,0.6863548587242353,0.9475300585353524,0.7523209549071618,4.27432992980217,4.27432992980217,0.533205619412516,0.466794380587484,386,407
linecfbp_power_rank_free,linecfbp_wilson_ratings,Power Rank: Free,Wilson Ratings,1579,True,0.9514922668044964,0.6861528333680437,0.9712089646897836,0.7296774193548388,3.044901836605446,3.044901836605446,0.5060858424087123,0.49391415759128765,213,210
harville,massey,David Harville,Massey Ratings,3943,True,0.95781772338727,0.6838050019898718,0.9721784630640085,0.7366548042704626,2.9202992645194015,2.9210601065178796,0.5232765199694734,0.47672348003052656,497,532
linept_bill,linept_paynewl,Billingsley,linepaynewl,3123,True,0.8364888354337496,0.682348971573834,0.9231950554868568,0.7607440667094291,5.048738392571246,5.048738392571246,0.5285439384220654,0.47145606157793457,364,366
linecfbp_cfb_victory,linept_argh,CFB Victory,Argh Ratings,548,True,0.9144083888181928,0.6792335755201186,0.9494098749051243,0.7854406130268199,3.9916058394160587,4.202372262773723,0.4715447154471545,0.5284552845528455,68,58
linept_bill,linept_rwp,Billingsley,Laffaye RWP,3766,True,0.8645489946771134,0.6792095593037517,0.9408071590417418,0.7414893617021276,4.486072756240042,4.486072756240042,0.49960138187616265,0.5003986181238373,477,472
linecfbp_cbcr2_power,linept_bihl,CBCR2: Power,Bihl System,598,True,0.9584700485565575,0.6789300840863498,0.9616299395622837,0.7154882154882155,3.365986622073579,3.4617056856187296,0.5050505050505051,0.494949494949495,99,77
linept_fox,linept_kam,linefox,Edward Kambour,2328,True,0.9650394534125472,0.6735271166953758,0.9683548593565068,0.7294170004450379,3.217272336769759,3.217272336769759,0.48301075268817206,0.5169892473118279,304,329
linept_bill,linept_how,Billingsley,Howell,3893,True,0.9072863503224865,0.6698610375872689,0.9445712375693488,0.7401490947816827,4.413210891343437,4.413210891343437,0.4934430444844433,0.5065569555155567,530,490
linept_argh,linept_loud,Argh Ratings,Loudsound.org,3053,True,0.8267205382993118,0.6692052002886092,0.9222165111334167,0.7459101983988862,5.106616442843105,5.106616442843105,0.5682866264632849,0.43171337353671513,381,406
sagarin_golden_mean,sagarin_recent,Sagarin Golden Mean,Sagarin Recent,3943,True,0.9678637556882,0.6664510390941114,0.9709994519006995,0.71177817349275,2.9227922901344154,2.9227922901344154,0.49884704073789393,0.5011529592621061,576,537
linept_born,linept_dunk,Born Power Index,Dunkel Index,2798,True,0.9517280857719538,0.6619525734282896,0.955256814521569,0.75831247765463,3.561497498213009,3.561497498213009,0.5050071530758226,0.4949928469241774,330,336
linecfbp_wilson_ratings,massey,Wilson Ratings,Massey Ratings,2638,True,0.9498023922473959,0.6600991028380665,0.9679993931023259,0.7333077513430545,3.137134192570129,3.2261561789234268,0.49962006079027355,0.5003799392097265,341,389
linecfbp_john_harris,linecfbp_matt_grissom,John Harris,Matt Grissom,1097,True,0.9769487684200221,0.6598610903945855,0.9788892092704158,0.7413632119514473,2.37848678213309,2.37848678213309,0.521860465116279,0.4781395348837209,141,142
linept_bihl,linept_dwig,Bihl System,DP Dwiggins,2155,True,0.9623603662151882,0.6591435767934729,0.9634960339587427,0.7263969171483622,3.47922505800464,3.47922505800464,0.5099860659544821,0.4900139340455179,312,286
harville,linecfbp_kford,David Harville,KFord,1613,True,0.9776144817038923,0.6590942853843279,0.980563288714035,0.7110694183864915,2.3025728456292622,2.466342219466832,0.4860335195530726,0.5139664804469274,229,257
linecfbp_john_harris,teamrankings,John Harris,TeamRankings.com,1098,True,0.9865455711221246,0.6583240645695989,0.987274779601704,0.7523452157598499,1.7967122040072858,1.9718306010928963,0.5209692451071761,0.4790307548928239,150,131
linept_cather,linept_fox,linecather,linefox,915,True,0.9588876966474649,0.6583137738761343,0.9571942726073897,0.7637426900584795,3.687508196721311,3.687508196721311,0.4606879606879607,0.5393120393120393,104,122
linept_dwig,linept_pugh,DP Dwiggins,Pugh Ratings,3881,True,0.945425853806311,0.6572095891113228,0.9482985758417948,0.7687599787120809,3.718152538005668,3.718152538005668,0.47949445447510963,0.5205055455248904,447,464
fei,linept_wayward,FEI Projections,Waywardtrends,1559,True,0.969596740215822,0.6571129969046707,0.9726103858644863,0.7044270833333334,2.952501603592046,2.952501603592046,0.4961489088575096,0.5038510911424904,225,229
espn_fpi,harville,ESPN FPI,David Harville,3943,True,0.9705148836295523,0.6538398102081893,0.9786761096186603,0.7220950928044749,2.5165812832868375,2.515947248288106,0.5099085365853658,0.49009146341463417,547,533
linept_born,linept_cather,Born Power Index,linecather,923,True,0.9562345913063315,0.6516049232464719,0.9538218413326033,0.7226606538895152,3.852481040086674,3.852481040086674,0.5102925243770314,0.48970747562296857,142,114
linecfbp_power_rank_free,linept_wayward,Power Rank: Free,Waywardtrends,548,True,0.9520934966030543,0.6511958169717222,0.9710273725791437,0.7111517367458866,3.0655839416058397,3.186386861313869,0.5127737226277372,0.48722627737226276,89,76
linept_wayward,massey,Waywardtrends,Massey Ratings,1559,True,0.9590299721940418,0.650300193400047,0.969719986289926,0.7335907335907336,3.0611289288005135,3.0630532392559333,0.5061093247588424,0.49389067524115754,201,206
dokter_entropy,linecfbp_kford,Dokter Entropy,KFord,1613,True,0.9827651752713916,0.6491120062431123,0.9842879030976139,0.7120451693851945,2.07042777433354,2.2508369497830127,0.47885572139303484,0.5211442786069652,240,235
linecfbp_sportsratings,linept_dwig,SportsRatings,DP Dwiggins,503,True,0.9470152840981169,0.6490776352920132,0.9366380813802004,0.7378048780487805,4.251292246520874,4.349105367793241,0.4959839357429719,0.5040160642570282,69,70
linecfbp_john_harris,linecfbp_sp,John Harris,SP+,1097,True,0.9715987793686112,0.6474794810581055,0.974699604443935,0.7390084190832554,2.731084776663628,2.731084776663628,0.5341328413284133,0.46586715867158673,147,147
linept_argh,linept_bihl,Argh Ratings,Bihl System,1748,True,0.9448154348318644,0.6468284069713868,0.9671301052921963,0.7365591397849462,3.316201372997712,3.316201372997712,0.5031518624641834,0.49684813753581664,226,246
linept_how,linept_round,Howell,lineround,2105,True,0.9119671301925183,0.6424789464538762,0.9425696880650575,0.7929292929292929,4.0845700712589075,4.0845700712589075,0.5075225677031093,0.49247743229689067,219,239
harville,sagarin,David Harville,Sagarin Ratings,3943,True,0.966685449602932,0.6302585086881787,0.9769657971056613,0.7317569285532672,2.4847806238904386,2.4847806238904386,0.4908443540183113,0.5091556459816887,513,531
linecfbp_sv_bettor,linept_rwp,SV Bettor,Laffaye RWP,471,True,0.8874820419592727,0.6292329674993036,0.9386028381148191,0.7716186252771619,4.492696390658175,4.4823354564755835,0.47983014861995754,0.5201698513800425,50,64
keeper,linecfbp_sportsratings,Keeper,SportsRatings,550,True,0.9551273706583481,0.6256790377576721,0.9473417058074751,0.7216117216117216,3.8164909090909096,3.9375454545454547,0.5209471766848816,0.4790528233151184,75,85
linept_elo,linept_rwp,Beck Elo,Laffaye RWP,3767,True,0.9074373603459965,0.6245690291391329,0.9380340398212086,0.7476710141070003,4.274648261215822,4.274648261215821,0.5298963592878023,0.47010364071219773,460,475
linept_elo,linept_round,Beck Elo,lineround,2105,True,0.9106003073354324,0.6242268147845833,0.9423690222566113,0.7170731707317073,4.397833729216152,4.397833729216152,0.527592768791627,0.47240723120837297,282,316
linecfbp_cfbwe_average,linecfbp_power_rank_free,CFBWE: Average,Power Rank: Free,516,True,0.9443238376828386,0.6235022064458063,0.9672951337201915,0.695049504950495,3.3251937984496127,3.3251937984496127,0.5252918287937743,0.47470817120622566,79,77
linept_log,linept_rwp,Logistic Regression,Laffaye RWP,1846,True,0.6357297585374013,0.6229789730193311,0.9039611542605996,0.7059142702116115,6.193120260021669,6.193120260021669,0.40487804878048783,0.5951219512195122,272,261
linecfbp_tshoe_index,linept_bihl,TShoe Index,Bihl System,1110,True,0.9458766803347287,0.6226142630188324,0.9649478540288217,0.712037037037037,3.193081081081081,3.3413693693693696,0.5171480144404332,0.48285198555956677,176,160
linept_curry,linept_dunk,Daniel Curry Index,Dunkel Index,3469,True,0.9419938826800599,0.6225577481774703,0.9471540888908451,0.7194805194805195,3.98738541366388,3.98738541366388,0.5012987012987012,0.4987012987012987,473,473
linept_born,linept_fox,Born Power Index,linefox,2329,True,0.9578968630169755,0.6225404749572615,0.9572466009411426,0.7054642381163927,3.780382138256763,3.780382138256763,0.469475494411006,0.530524505588994,340,330
sagarin_predictor,sagarin_recent,Sagarin Predictor,Sagarin Recent,3943,True,0.9691240243891205,0.6194030607578604,0.970071919385606,0.7323155216284988,2.6869490235861018,2.6869490235861018,0.5087301587301587,0.49126984126984125,538,503
linept_how,linept_rwp,Howell,Laffaye RWP,3765,True,0.8963650849810126,0.6189065028583972,0.9327722931440706,0.7451790633608816,4.6846613545816735,4.6846613545816735,0.5097100292631019,0.4902899707368981,470,495
harville,linept_wayward,David Harville,Waywardtrends,1559,True,0.9580456447758015,0.6188203492686863,0.9723379127286728,0.7130937098844673,2.931725465041693,2.931725465041693,0.5093008338678641,0.490699166132136,217,225
linept_pugh,teamrankings,Pugh Ratings,TeamRankings.com,3889,True,0.9681762711648885,0.6186636420994667,0.966921892086313,0.7330375782881002,3.189940858832605,3.189940858832605,0.4611425630468348,0.5388574369531652,506,530
linept_bihl,linept_laz,Bihl System,Laz Index,2159,True,0.9474953659292992,0.6179565227391723,0.9673534985573348,0.7619489559164733,2.504543770264011,2.504543770264011,0.46960556844547563,0.5303944315545244,235,274
linept_born,linept_pugh,Born Power Index,Pugh Ratings,3127,True,0.9563430224310105,0.6179560938797645,0.9560570603345038,0.72192,3.771765270227055,3.771765270227055,0.4913572343149808,0.5086427656850192,438,415
linecfbp_kford,linecfbp_tshoe_index,KFord,TShoe Index,1611,True,0.9599011937394364,0.6172250963885506,0.9682080391283551,0.7067524115755627,3.0280571073867164,3.028057107386717,0.532156368221942,0.467843631778058,249,223
linecfbp_pearatings,linecfbp_sp,PEARatings,SP+,550,True,0.9665071849211836,0.6148296629950211,0.9701604619979443,0.7430683918669131,2.697454545454545,2.697454545454545,0.5074349442379182,0.49256505576208176,65,76
linecfbp_wilson_ratings,sagarin,Wilson Ratings,Sagarin Ratings,2638,True,0.9561293165348003,0.6132988445195281,0.9701858493756047,0.7285988483685221,2.8654169825625475,3.0039764973464744,0.48347892138245346,0.5165210786175465,360,371
linecfbp_john_harris,sagarin_recent,John Harris,Sagarin Recent,1098,True,0.9782820143555951,0.6121503661094253,0.9783318694660902,0.7189239332096475,2.5056830601092894,2.610910746812386,0.5296262534184139,0.47037374658158615,172,152
linecfbp_cfb_victory,linept_how,CFB Victory,Howell,1051,True,0.9021968192938654,0.6120951405446826,0.9293965956496107,0.7404809619238477,4.618201712654614,4.738334919124643,0.4940239043824701,0.5059760956175299,151,148
linecfbp_john_harris,linecfbp_pearatings,John Harris,PEARatings,549,True,0.9760839564560435,0.6115961255454093,0.9780543028582696,0.7612781954887218,2.1364298724954462,2.1364298724954462,0.5277777777777778,0.4722222222222222,67,66
linept_fox,linept_talis,linefox,Talisman Red,2276,True,0.9467372545449066,0.6111066243409362,0.9536773528262662,0.6797088262056415,3.955650263620387,3.955650263620387,0.5046153846153846,0.49538461538461537,330,399
linecfbp_power_rank_free,massey,Power Rank: Free,Massey Ratings,1579,True,0.9505762440270745,0.6106086507958383,0.966157100832898,0.6856230031948882,3.2576630778974036,3.359943001899937,0.5028499050031665,0.49715009499683344,243,258
harville,linecfbp_wilson_ratings,David Harville,Wilson Ratings,2638,True,0.9532572090140398,0.60940068263108,0.9691047538397422,0.7088607594936709,3.05486353297953,3.177987111448067,0.5089319650323071,0.4910680349676929,393,394
linecfbp_sv_bettor,linept_round,SV Bettor,lineround,342,True,0.9025300431815347,0.6053293194339713,0.9402873672602431,0.7891373801916933,4.328947368421052,4.342105263157895,0.48297213622291024,0.5170278637770898,35,42
linecfbp_kford,sagarin_predictor,KFord,Sagarin Predictor,1613,True,0.9767474142079986,0.6044074852537467,0.9803051542674751,0.7034482758620689,2.2817172969621824,2.4593242405455675,0.49968963376784603,0.500310366232154,248,247
harville,sagarin_predictor,David Harville,Sagarin Predictor,3943,True,0.962115902277305,0.6037338717094453,0.9741390965142273,0.7172641749300788,2.6723205680953592,2.6723205680953592,0.49898477157360405,0.5010152284263959,539,563
linecfbp_kford,linept_pugh,KFord,Pugh Ratings,1566,True,0.9708752263027919,0.6023796886308287,0.9624556666767634,0.7105093488072212,3.337375478927203,3.4794572158365256,0.5501597444089457,0.44984025559105434,249,216
fei,linecfbp_wilson_ratings,FEI Projections,Wilson Ratings,2591,True,0.9383437182489105,0.601087700929036,0.9579275567968988,0.7278456085072863,3.2411038209185645,3.392991123118487,0.49122122512680455,0.5087787748731954,380,348
fei,linept_bihl,FEI Projections,Bihl System,2161,True,0.9523162752732356,0.600589474462626,0.9693714701983881,0.724508886810103,2.941457658491439,2.941457658491439,0.5226851851851851,0.4773148148148148,310,283
linecfbp_power_rank_free,sagarin_golden_mean,Power Rank: Free,Sagarin Golden Mean,1579,True,0.9543720674827073,0.600495843055006,0.9696394349786185,0.6790044671346522,3.0665041165294493,3.1706586447118426,0.48319594166138236,0.5168040583386176,272,243
linecfbp_cfb_victory,linept_bihl,CFB Victory,Bihl System,555,True,0.9169973915506779,0.5998247211473635,0.944694470869276,0.717948717948718,4.0355855855855856,4.14827027027027,0.48194945848375453,0.5180505415162455,85,78
linecfbp_kford,sagarin,KFord,Sagarin Ratings,1613,True,0.9770332886226687,0.5997185542315723,0.9806133842900211,0.7030075187969925,2.2904773713577185,2.449869807811531,0.4987562189054726,0.5012437810945274,257,245
linecfbp_cfbwe_average,linept_bill,CFBWE: Average,Billingsley,515,True,0.8414923750025014,0.5984903017835596,0.9382219706591269,0.6471734892787524,4.905747572815534,4.873242718446602,0.5553398058252427,0.4446601941747573,85,92
harville,linept_laz,David Harville,Laz Index,3894,True,0.9366852338426549,0.5984378706065411,0.9587503889511351,0.7177772060715204,2.9979943502824855,2.9979943502824855,0.512107161257084,0.487892838742916,518,563
linecfbp_kford,linecfbp_matt_grissom,KFord,Matt Grissom,1098,True,0.9733131375974828,0.5974115601036131,0.9751036687172835,0.7042513863216266,2.6494535519125684,2.6494535519125684,0.5138376383763837,0.48616236162361626,156,166
linecfbp_john_harris,sagarin,John Harris,Sagarin Ratings,1098,True,0.9828783489087195,0.5950844154033345,0.9832519786702412,0.712430426716141,2.182941712204008,2.343779599271403,0.5009124087591241,0.4990875912408759,172,167
linecfbp_john_harris,piratings_mean,John Harris,Pi-Ratings Mean,1098,True,0.9789373399323462,0.5941410877954468,0.9787410728329619,0.704331450094162,2.5097267759562842,2.7096357012750456,0.5751152073732719,0.4248847926267281,200,145
linecfbp_kford,linecfbp_power_rank_free,KFord,Power Rank: Free,1063,True,0.9622469333083593,0.5941222577575591,0.9695496712700726,0.6847619047619048,3.053809971777987,3.0538099717779867,0.5299714557564225,0.47002854424357754,166,166
linept_clean,linept_rwp,Cleanup Hitter,Laffaye RWP,3728,True,0.7124572700611911,0.5935155889930999,0.9081328302386181,0.6646459079636263,5.977073497854077,5.977073497854077,0.4697986577181208,0.5302013422818792,610,628
linept_born,linept_curry,Born Power Index,Daniel Curry Index,3130,True,0.9399838448550976,0.593283844307972,0.9415032973050782,0.7016309561880396,4.309744408945687,4.309744408945687,0.5057581573896354,0.4942418426103647,464,445
harville,linecfbp_power_rank_free,David Harville,Power Rank: Free,1579,True,0.9542523488804064,0.591283290110462,0.970470305468119,0.6651757188498403,3.0441165294490182,3.1826219126029134,0.5022165927802407,0.49778340721975933,264,273
linept_argh,linept_elo,Argh Ratings,Beck Elo,3135,True,0.9118826597827434,0.5911647245874363,0.9475830949801203,0.7125788250912711,4.181078149920255,4.181078149920255,0.5078199808490265,0.4921800191509735,444,457
linept_loud,linept_rwp,Loudsound.org,Laffaye RWP,3685,True,0.7445353822066727,0.5905724855588387,0.9008011415407635,0.7127777777777777,5.828561736770692,5.828561736770692,0.4680966603312517,0.5319033396687483,522,530
linept_cather,linept_dunk,linecather,Dunkel Index,752,True,0.9448289121950698,0.5875882343337687,0.9484645495269294,0.7097222222222223,4.150452127659575,4.150452127659575,0.4940079893475366,0.5059920106524634,92,131
linept_how,linept_paynewl,Howell,linepaynewl,3122,True,0.8248287179244935,0.5872969756447312,0.9047851605782298,0.751827242524917,5.2870307495195386,5.2870307495195386,0.549887712544113,0.45011228745588705,369,410
linept_paynewl,linept_rwp,linepaynewl,Laffaye RWP,2996,True,0.781613408204151,0.5872441907871236,0.9018974667876272,0.7238031469702042,5.707383177570093,5.707383177570093,0.45542570951585976,0.5445742904841402,403,404
keeper,linept_pugh,Keeper,Pugh Ratings,3881,True,0.954133240099261,0.5861975471603319,0.9489092718157135,0.7182334710743802,3.911468693635661,3.911726359185777,0.4838792881093629,0.5161207118906371,576,503
linecfbp_cfbwe_average,linecfbp_cfbwe_margin,CFBWE: Average,CFBWE: Margin,516,True,0.9520926374052422,0.5859467910432833,0.9578718284762259,0.6974459724950884,3.663178294573643,3.6631782945736435,0.5459882583170255,0.45401174168297453,83,74
linept_argh,linept_paynewl,Argh Ratings,linepaynewl,3124,True,0.8077026585776559,0.5859076867562228,0.9057747405455437,0.7608261159227182,5.130841869398208,5.130841869398208,0.5751843539596024,0.42481564604039757,367,391
massey,sagarin,Massey Ratings,Sagarin Ratings,3943,True,0.9475398556451755,0.5856478817269677,0.9649817785284356,0.6961832061068702,3.3040857215318287,3.3048465635303064,0.47538071065989845,0.5246192893401015,596,579
linecfbp_trent_sorensen,linept_loud,Trent Sorensen,Loudsound.org,1046,True,0.7426342037303308,0.5849405817092733,0.8848999623640204,0.6516634050880626,6.649713193116634,6.755353728489484,0.5110683349374399,0.48893166506256014,194,176
linept_big200,linept_elo,Big 200,Beck Elo,1558,True,0.9315633967554547,0.5841624645727392,0.9342525784989986,0.6917148362235067,4.633786906290116,4.633786906290116,0.4691516709511568,0.5308483290488432,254,220
linecfbp_cfbwe,linept_rwp,CFBWE,Laffaye RWP,480,True,0.8416491672086704,0.5835518057161722,0.9349844565441391,0.6624472573839663,4.7213125,4.7469375,0.5708333333333333,0.42916666666666664,85,76
linecfbp_wilson_ratings,sagarin_predictor,Wilson Ratings,Sagarin Predictor,2638,True,0.9511283165076317,0.5818218396572369,0.967403642639723,0.6979246733282091,3.0461258529188777,3.1868006065200913,0.48347892138245346,0.5165210786175465,389,424
linecfbp_cfbwe,linept_bill,CFBWE,Billingsley,515,True,0.8415428595210731,0.5808140006046852,0.9360054851083515,0.6640471512770137,4.862019417475727,4.820194174757281,0.5825242718446602,0.4174757281553398,82,90
linecfbp_cfbwe_average,linept_rwp,CFBWE: Average,Laffaye RWP,480,True,0.8318979459839931,0.5794961978017912,0.9343965183897235,0.6485355648535565,4.843979166666666,4.873520833333333,0.5729166666666666,0.4270833333333333,89,77
harville,linept_round,David Harville,lineround,2105,True,0.9044142413242412,0.5790671791012455,0.9381778299641508,0.7151219512195122,4.51265083135392,4.51265083135392,0.5492154065620543,0.4507845934379458,287,310
espn_fpi,teamrankings,ESPN FPI,TeamRankings.com,3943,True,0.9759924309897604,0.5788858498335121,0.9772924363130057,0.7160907684373389,2.5036621861526758,2.5032817651534365,0.5147282884713053,0.48527171152869475,564,553
linecfbp_cfbwe_average,linept_clean,CFBWE: Average,Cleanup Hitter,516,True,0.8310676321900479,0.578378561465316,0.9245883733725936,0.6806387225548902,5.460503875968992,5.499651162790698,0.5792563600782779,0.4207436399217221,89,75
linecfbp_cfbwe_rounded,linept_bill,CFBWE: Rounded,Billingsley,515,True,0.8419664939318017,0.5783494403803121,0.9358097390653143,0.6720977596741344,4.866252427184466,4.8299029126213595,0.5805825242718446,0.41941747572815535,78,91
linecfbp_cfbwe_average,linecfbp_power_rank,CFBWE: Average,Power Rank,516,True,0.9477737982107098,0.578019029102497,0.9669010459427414,0.6956521739130435,3.2872093023255813,3.2872093023255813,0.4893203883495146,0.5106796116504855,83,74
linecfbp_sv_bettor,linept_loud,SV Bettor,Loudsound.org,498,True,0.7976885140757699,0.577602067190559,0.9059862935311037,0.7124463519313304,5.849598393574297,5.982128514056225,0.5672268907563025,0.4327731092436975,78,71
linecfbp_cfbwe_rounded,linept_rwp,CFBWE: Rounded,Laffaye RWP,480,True,0.8412126308282137,0.5773621013255379,0.9343017811445601,0.6739130434782609,4.740687500000001,4.769895833333334,0.5708333333333333,0.42916666666666664,82,76
linept_kam,linept_talis,Edward Kambour,Talisman Red,3837,True,0.9466954575630274,0.5772301430876109,0.9531045104955469,0.6852818371607515,3.886559812353401,3.886559812353401,0.5185281837160751,0.4814718162839248,563,626
linecfbp_cbcr2_power,linept_pugh,CBCR2: Power,Pugh Ratings,1063,True,0.9446885325677952,0.5766763659979686,0.9466690996013534,0.6808712121212122,4.026688617121356,4.11244590780809,0.5028248587570622,0.4971751412429379,194,162
linept_how,linept_wayward,Howell,Waywardtrends,1559,True,0.9161702539895782,0.5758715046675478,0.9465581322763725,0.6839654025282768,4.272174470814624,4.272174470814624,0.45892169448010267,0.5410783055198973,249,247
massey,sagarin_predictor,Massey Ratings,Sagarin Predictor,3943,True,0.9444611574790861,0.575833697804333,0.963468864226519,0.7027989821882952,3.3452041592695916,3.3459650012680697,0.47841543930929403,0.5215845606907059,583,572
linecfbp_kford,sagarin_recent,KFord,Sagarin Recent,1613,True,0.9743959460500353,0.5756111015277589,0.9747959341308793,0.685857321652065,2.6470985740855544,2.7615313081215125,0.5158090514569126,0.4841909485430874,273,251
linecfbp_power_rank_free,sagarin,Power Rank: Free,Sagarin Ratings,1579,True,0.9555301133187224,0.5751205085041221,0.9705436551677334,0.6873401534526854,3.026231792273591,3.1486130462317923,0.47815072830905636,0.5218492716909436,267,237
linept_loud,linept_round,Loudsound.org,lineround,2093,True,0.8668372512462313,0.5745104590393242,0.9185588298431313,0.7122736418511066,5.21978021978022,5.21978021978022,0.4863753213367609,0.513624678663239,290,318
linecfbp_cfb_professor,linecfbp_si_composite,CFB Professor,SI Composite,505,True,0.9471735209243612,0.5739328158715011,0.9639928266322384,0.728,3.206138613861386,3.206138613861386,0.4721115537848606,0.5278884462151394,61,73
linecfbp_john_harris,sagarin_golden_mean,John Harris,Sagarin Golden Mean,1098,True,0.9736510825280359,0.5722324889003712,0.976764780950544,0.7100371747211895,2.609826958105647,2.711375227686703,0.5218579234972678,0.4781420765027322,182,158
fei,massey,FEI Projections,Massey Ratings,3896,True,0.9308213168811158,0.5703907188975273,0.9530438091931211,0.6781818181818182,3.7822715605749484,3.785479979466119,0.4938366718027735,0.5061633281972265,603,639
linept_laz,linept_rwp,Laz Index,Laffaye RWP,3765,True,0.8714774428407562,0.5686500219524177,0.9291044600637476,0.7340255591054313,4.441899070385126,4.441899070385126,0.5465425531914894,0.45345744680851063,515,465
linept_curry,linept_fox,Daniel Curry Index,linefox,2326,True,0.9370874487631946,0.5673487910866983,0.9408927908594997,0.6964842011570983,4.3429750644883915,4.342975064488392,0.46987951807228917,0.5301204819277109,360,349
harville,linept_kam,David Harville,Edward Kambour,3894,True,0.9661502473308081,0.5671497476471328,0.9649859076294728,0.6987393877025984,3.3013739085772986,3.3013739085772986,0.5347043701799485,0.4652956298200514,586,569
dokter_entropy,linecfbp_john_harris,Dokter Entropy,John Harris,1098,True,0.981143025097596,0.5669683237631712,0.9829497707702171,0.706046511627907,2.122194899817851,2.2883879781420764,0.4767123287671233,0.5232876712328767,165,168
linecfbp_wilson_ratings,linept_how,Wilson Ratings,Howell,2589,True,0.9097598131330628,0.5664416589032621,0.9444084161987601,0.6852300242130751,4.369945925067594,4.4370297412128235,0.5356025039123631,0.4643974960876369,425,416
harville,linept_argh,David Harville,Argh Ratings,3135,True,0.921858226864686,0.5663976187547973,0.9518812886667138,0.7043795620437956,3.8660893141945776,3.8660893141945776,0.5239769820971867,0.4760230179028133,486,438
linecfbp_wilson_ratings,linept_laz,Wilson Ratings,Laz Index,2590,True,0.9270745385169175,0.5635900716592005,0.9545431694295841,0.6935105551211884,3.4296525096525095,3.541250965250965,0.5052143684820394,0.4947856315179606,391,418
linept_kam,linept_wayward,Edward Kambour,Waywardtrends,1559,True,0.9607714140565998,0.5633210941086633,0.9600738546586424,0.6885035324341683,3.5352597819114817,3.5352597819114817,0.4849068721901092,0.5150931278098908,233,246
linecfbp_power_rank_free,sagarin_predictor,Power Rank: Free,Sagarin Predictor,1579,True,0.9518863591012737,0.563258991019964,0.9685460653078973,0.6732863549007047,3.0813362887903737,3.2275554148195056,0.48129359543436906,0.518706404565631,262,256
linecfbp_wilson_ratings,sagarin_golden_mean,Wilson Ratings,Sagarin Golden Mean,2638,True,0.9456479128580418,0.5615732927948551,0.9622708317521405,0.6983883346124329,3.2195337376800612,3.320754359363154,0.5018996960486323,0.4981003039513678,404,404
linept_log,linept_loud,Logistic Regression,Loudsound.org,1834,True,0.6547368596648686,0.5605512055697635,0.889790226603075,0.7040586245772266,6.652611777535442,6.652611777535442,0.412117903930131,0.587882096069869,280,265
linecfbp_john_harris,piratings_bias,John Harris,PI-Rate Bias,1098,True,0.9734517379181448,0.5595063523379514,0.9692262017501123,0.6877912395153775,3.089061930783242,3.261284153005464,0.5726102941176471,0.4273897058823529,200,155
linept_bill,linept_payne,Billingsley,linepayne,3123,True,0.8489715865983282,0.5593195840409871,0.9145576079787275,0.7150641025641026,5.313493435798912,5.313493435798912,0.48654708520179374,0.5134529147982063,434,436
linecfbp_john_harris,linecfbp_tshoe_index,John Harris,TShoe Index,1095,True,0.9649479963880072,0.5583888557045609,0.9702253035780595,0.6882239382239382,2.904109589041096,2.904109589041096,0.5383903792784459,0.4616096207215541,188,159
linept_wayward,sagarin,Waywardtrends,Sagarin Ratings,1559,True,0.9577564237194264,0.5545350375383153,0.9701237780284945,0.7172236503856041,2.8858755612572162,2.8858755612572162,0.4662813102119461,0.5337186897880539,205,228
linecfbp_david_sasser,linecfbp_pearatings,David Sasser,PEARatings,550,True,0.9532893202024453,0.5544921668724657,0.9608846915084089,0.7240740740740741,3.141636363636364,3.141636363636364,0.48713235294117646,0.5128676470588235,82,64
linecfbp_professor_sides,linecfbp_sp,Professor Sides,SP+,2631,True,0.9595935236301901,0.5539585681800328,0.9644018658131785,0.7179984484096199,3.1617635879893577,3.1617635879893577,0.48787995382839555,0.5121200461716044,339,390
linecfbp_wilson_ratings,linept_bihl,Wilson Ratings,Bihl System,1368,True,0.9499963573388316,0.5535080186815972,0.9671090951509762,0.7,3.107419590643275,3.2743640350877192,0.513177159590044,0.4868228404099561,212,206
linecfbp_sportsratings,teamrankings,SportsRatings,TeamRankings.com,550,True,0.9553910648164583,0.5529757628069341,0.9421464350584695,0.6925925925925925,3.9072909090909094,4.005836363636364,0.45321100917431195,0.5467889908256881,91,83
linept_fox,piratings_bias,linefox,PI-Rate Bias,2329,True,0.9548537103246703,0.552009647152587,0.9573722749164413,0.7046470062555853,3.6149677973379135,3.6153971661657365,0.47416413373860183,0.5258358662613982,317,367
linecfbp_kford,linecfbp_wilson_ratings,KFord,Wilson Ratings,1613,True,0.9555145150554756,0.5503941589502935,0.9645058448389859,0.6708860759493671,3.17061376317421,3.17061376317421,0.5228553537883531,0.4771446462116468,265,260
linecfbp_power_rank,linecfbp_power_rank_free,Power Rank,Power Rank: Free,1579,True,0.9505885969725514,0.550067042520452,0.9682447455564615,0.6769825918762089,3.0697276757441423,3.0697276757441423,0.5139627659574468,0.48603723404255317,250,256
linept_wayward,sagarin_predictor,Waywardtrends,Sagarin Predictor,1559,True,0.9547083759060385,0.5478445461026941,0.9692801292612849,0.7061093247588425,2.9386529826812064,2.9386529826812064,0.4591639871382637,0.5408360128617363,217,233
harville,teamrankings,David Harville,TeamRankings.com,3943,True,0.973432981885264,0.5474843108020836,0.9734289327079803,0.6975785677485832,2.7318589906162822,2.7318589906162822,0.4889341134571356,0.5110658865428644,589,592
linept_big200,linept_round,Big 200,lineround,537,True,0.90137267994252,0.5473734119890045,0.9197029353271665,0.7172675521821632,5.088621973929237,5.088621973929237,0.48417132216014896,0.515828677839851,76,77
harville,linecfbp_sv_bettor,David Harville,SV Bettor,507,True,0.9253656421624821,0.5469555021957941,0.9502640782789243,0.7166324435318275,4.030276134122288,4.109092702169625,0.49506903353057197,0.504930966469428,74,77
linept_elo,linept_how,Beck Elo,Howell,3894,True,0.8996776289735863,0.5462804248822022,0.9360018965584588,0.6850519584332534,4.708767334360554,4.708767334360554,0.5236382322713258,0.4763617677286742,622,609
linecfbp_cfbwe,linept_paynewl,CFBWE,linepaynewl,516,True,0.8302398895616688,0.5448746695327126,0.9258271043847262,0.6738703339882122,5.198701550387597,5.1977713178294564,0.5910852713178295,0.40891472868217055,85,84
harville,linept_how,David Harville,Howell,3894,True,0.9107954255612255,0.5441569846253154,0.9426998178793902,0.6862849533954727,4.364288649203903,4.364288649203903,0.5378885178525559,0.46211148214744413,632,596
linecfbp_kford,linept_bihl,KFord,Bihl System,852,True,0.9482611916412675,0.5429821404092515,0.9664433870520568,0.6887573964497041,2.945363849765258,3.0908333333333333,0.5512367491166078,0.44876325088339225,151,119
linept_fox,piratings_mean,linefox,Pi-Ratings Mean,2329,True,0.955023690126308,0.5429668492389678,0.9595993692582373,0.7102425876010782,3.4963632460283383,3.496792614856161,0.4589308996088657,0.5410691003911343,318,352
linecfbp_kford,linecfbp_sp,KFord,SP+,1613,True,0.9632183346880405,0.5427318234311302,0.966215836234538,0.6717076244486453,3.159888406695598,3.159888406695598,0.5147705845380264,0.4852294154619736,251,273
linecfbp_trent_sorensen,linept_rwp,Trent Sorensen,Laffaye RWP,1044,True,0.7638814834021879,0.5426130284361196,0.8945441366781995,0.6576663452266153,6.108812260536399,6.20484674329502,0.4904030710172745,0.5095969289827256,194,170
linecfbp_cfbwe_rounded,linept_paynewl,CFBWE: Rounded,linepaynewl,516,True,0.8297389283705005,0.5399845429878329,0.9252954652094798,0.6782077393075356,5.226298449612403,5.230135658914729,0.5736434108527132,0.4263565891472868,84,88
linecfbp_tshoe_index,linept_pugh,TShoe Index,Pugh Ratings,2081,True,0.9569329098732128,0.5396444504891104,0.9541862951961708,0.6837944664031621,3.648548774627583,3.7503267659778956,0.5266955266955267,0.4733044733044733,343,333
linept_how,linept_loud,Howell,Loudsound.org,3814,True,0.7990296351524715,0.5383422471685683,0.8937343893537194,0.6906815020862309,6.102905086523334,6.102905086523334,0.541339116291678,0.45866088370832203,578,604
linecfbp_power_rank_free,linept_laz,Power Rank: Free,Laz Index,1578,True,0.9285211943365673,0.5383095219401146,0.9577093671785346,0.6636828644501279,3.648231939163498,3.766609632446135,0.5041217501585289,0.49587824984147116,282,256
linept_how,sagarin_golden_mean,Howell,Sagarin Golden Mean,3894,True,0.9095979163120593,0.5381124987863706,0.9403739949940646,0.7237613212573255,4.195367231638418,4.195367231638418,0.45629820051413883,0.5437017994858612,512,578
harville,linept_bihl,David Harville,Bihl System,2161,True,0.9480414807526376,0.536656944629616,0.9679030957170877,0.690917516218721,3.096524757056918,3.096524757056918,0.5396383866481224,0.4603616133518776,345,316
linept_cather,piratings_bias,linecather,PI-Rate Bias,923,True,0.9507532785037878,0.5359866173269388,0.9492744456899318,0.7063492063492064,3.9393824485373785,3.9393824485373785,0.44711014176663033,0.5528898582333697,122,154
linept_bihl,linept_rwp,Bihl System,Laffaye RWP,2050,True,0.9282253125127614,0.5359166107169822,0.9472473326550085,0.7160312805474096,3.871546341463415,3.871546341463415,0.5009775171065494,0.49902248289345064,276,300
linecfbp_wilson_ratings,linept_kam,Wilson Ratings,Edward Kambour,2589,True,0.9627764411126829,0.535780416084255,0.9572932792177197,0.6763096168881939,3.6319235225955966,3.742869833912708,0.5081206496519721,0.4918793503480278,435,425
linept_elo,linept_wayward,Beck Elo,Waywardtrends,1559,True,0.9286829436740963,0.5355856494957187,0.9511492238421717,0.6777920410783055,3.9257985888389992,3.9257985888389992,0.4820282413350449,0.517971758664955,247,243
linecfbp_john_harris,sagarin_predictor,John Harris,Sagarin Predictor,1098,True,0.9801540345157339,0.5349905957431902,0.9802319234020693,0.6815227483751161,2.349134790528233,2.501429872495446,0.5009140767824497,0.4990859232175503,186,183
linecfbp_cfb_victory,linept_loud,CFB Victory,Loudsound.org,1046,True,0.8062236876751675,0.5339036411630607,0.879239850852807,0.7140039447731755,6.176577437858509,6.35717017208413,0.5284974093264249,0.47150259067357514,158,155
linecfbp_tshoe_index,teamrankings,TShoe Index,TeamRankings.com,2127,True,0.9594985997755876,0.53317336386845,0.9656608314040634,0.6800785083415113,3.1451010813352136,3.2580771039022096,0.4783847980997625,0.5216152019002376,338,357
espn_fpi,sagarin_predictor,ESPN FPI,Sagarin Predictor,3943,True,0.9603743867951529,0.5328225129447953,0.9714412982847006,0.6866887248663782,2.8600557950798886,2.8592442302815115,0.5093956323006602,0.4906043676993398,601,611
linecfbp_cfb_victory,linept_elo,CFB Victory,Beck Elo,1051,True,0.8871803160323427,0.5324714119314328,0.9175573399826967,0.665057915057915,5.254167459562322,5.300333016175071,0.47333333333333333,0.5266666666666666,188,182
linept_argh,linept_laz,Argh Ratings,Laz Index,3133,True,0.8939835089412,0.5310325784227585,0.9406366944830762,0.7007638658253073,4.141030960740505,4.141030960740505,0.47380191693290735,0.5261980830670927,438,503
linecfbp_cfbwe_rounded,linept_clean,CFBWE: Rounded,Cleanup Hitter,516,True,0.8196910790023655,0.5302695187712599,0.9177648059695876,0.6701461377870563,5.574651162790698,5.59015503875969,0.5688259109311741,0.4311740890688259,94,85
linecfbp_cfbwe,linept_clean,CFBWE,Cleanup Hitter,516,True,0.8189296785539456,0.5301630599672045,0.9176404570073626,0.6599597585513078,5.594031007751938,5.597131782945736,0.5772994129158513,0.4227005870841487,97,83
linept_laz,sagarin_predictor,Laz Index,Sagarin Predictor,3894,True,0.9271955382484951,0.5301524299213041,0.9526626708058256,0.7040947720834406,3.236096558808423,3.236096558808423,0.48560411311053986,0.5143958868894601,576,554
harville,linept_payne,David Harville,linepayne,3124,True,0.878547734540961,0.5289617679975284,0.9251785502572133,0.7127284386021161,4.791437259923175,4.791437259923175,0.5549503364306312,0.4450496635693688,451,430
linecfbp_sv_bettor,linept_bihl,SV Bettor,Bihl System,258,True,0.9324712860191403,0.528162658227917,0.9486069076288564,0.6852589641434262,4.128023255813954,4.247480620155039,0.4689922480620155,0.5310077519379846,38,46
linept_rwp,linept_wayward,Laffaye RWP,Waywardtrends,1550,True,0.8590687670553887,0.5277434753541106,0.9244732072728147,0.6817301484828922,4.931225806451613,4.931225806451613,0.4312459651387992,0.5687540348612008,244,242
linecfbp_beta_rank,linept_bihl,Beta_Rank,Bihl System,1368,True,0.9456329448327172,0.5270354878913152,0.9440125299133734,0.6796473181484203,4.267843567251462,4.374831871345029,0.46637426900584794,0.533625730994152,216,225
linept_kam,massey,Edward Kambour,Massey Ratings,3894,True,0.9538016790284779,0.5263792618016858,0.9540972586905696,0.7044284243048403,3.6105469953775042,3.6113174114021573,0.48817480719794343,0.5118251928020565,538,596
fei,linept_how,FEI Projections,Howell,3894,True,0.9002704162525305,0.5263291700289509,0.9341727955022828,0.6785810266057511,4.694006163328197,4.6972162300975855,0.5320363164721141,0.46796368352788587,654,614
linept_bill,linept_clean,Billingsley,Cleanup Hitter,3854,True,0.7373724211829555,0.5260257816754352,0.8957648514818746,0.655392809587217,6.272861961598339,6.272861961598339,0.534043659043659,0.465956340956341,675,641
linecfbp_sv_bettor,sagarin,SV Bettor,Sagarin Ratings,507,True,0.9177872091156022,0.525997370122564,0.948566884772848,0.6975308641975309,4.223767258382643,4.264714003944773,0.48514851485148514,0.5148514851485149,82,82
linept_elo,linept_laz,Beck Elo,Laz Index,3894,True,0.9085764192342713,0.5258907576858967,0.9419897633975585,0.711969111969112,3.812794042116076,3.812794042116076,0.47364361018256623,0.5263563898174338,520,587
harville,sagarin_golden_mean,David Harville,Sagarin Golden Mean,3943,True,0.9484332014300035,0.525568848163241,0.96392229567108,0.7156289707750954,2.950106517879787,2.950106517879787,0.5002543234994914,0.49974567650050866,540,568
linecfbp_cfb_geek,linecfbp_john_harris,CFB Geek,John Harris,1097,True,0.959366079358574,0.5243008755020659,0.9652556553156143,0.664179104477612,3.119781221513218,3.1197812215132186,0.48007414272474513,0.5199258572752549,185,183
linecfbp_john_harris,piratings,John Harris,Pi-Ratings,1098,True,0.9654555997769997,0.5239754521395086,0.9653294846919025,0.6890756302521008,3.1842531876138427,3.3508287795992713,0.5865561694290976,0.4134438305709024,208,153
espn_fpi,linecfbp_power_rank_free,ESPN FPI,Power Rank: Free,1579,True,0.9560467227942275,0.5234959753673569,0.9672992766506737,0.6483375959079284,3.2241735275490817,3.393103229892337,0.5184010152284264,0.4815989847715736,277,283
linecfbp_cfbwe_margin,linecfbp_power_rank_free,CFBWE: Margin,Power Rank: Free,516,True,0.9362950717350191,0.5225540703596514,0.9556502051592232,0.6441351888667992,3.7693798449612403,3.7693798449612403,0.501953125,0.498046875,87,94
linecfbp_cfbwe_margin,linept_clean,CFBWE: Margin,Cleanup Hitter,516,True,0.8573925236814727,0.5223842562622849,0.9158898473476782,0.6626506024096386,5.617441860465116,5.674031007751938,0.5642023346303502,0.4357976653696498,91,86
linecfbp_john_harris,linept_kam,John Harris,Edward Kambour,1051,True,0.9605595089531344,0.521431606374379,0.9640587018256324,0.6741028128031038,3.2403235014272123,3.3888487155090385,0.5700667302192565,0.4299332697807436,196,163
harville,linept_elo,David Harville,Beck Elo,3896,True,0.9277877541857994,0.5214290072031545,0.9527457676920591,0.6584362139917695,3.9237679671457903,3.9237679671457903,0.5308008213552361,0.46919917864476385,665,643
linept_bill,linept_elo,Billingsley,Beck Elo,3895,True,0.8747385956828703,0.521211874633358,0.9267565441009772,0.6716379532013371,5.016780487804878,5.016780487804878,0.4750770811921891,0.524922918807811,640,614
linecfbp_cfbwe,linecfbp_power_rank_free,CFBWE,Power Rank: Free,516,True,0.9292620105770925,0.520388695737655,0.9599426547719014,0.6347305389221557,3.710271317829458,3.710271317829458,0.54296875,0.45703125,95,93
linecfbp_john_harris,linept_talis,John Harris,Talisman Red,1048,True,0.9561294336766846,0.5201009681788555,0.9583561504401162,0.6967930029154519,3.4721851145038167,3.59712786259542,0.5630975143403442,0.43690248565965584,175,159
linept_bihl,linept_how,Bihl System,Howell,2159,True,0.9184938774611784,0.5200984754100094,0.9473070020633758,0.6988416988416989,4.184446503010654,4.184446503010654,0.5176252319109462,0.48237476808905383,327,330
linecfbp_cfbwe_rounded,linecfbp_power_rank_free,CFBWE: Rounded,Power Rank: Free,516,True,0.9294994065895701,0.5200191669269014,0.9601308149966876,0.6625258799171843,3.6943798449612406,3.6943798449612406,0.5311284046692607,0.4688715953307393,87,90
linept_bihl,linept_loud,Bihl System,Loudsound.org,2127,True,0.907462660665382,0.5198792056023434,0.9452631366594357,0.6723383568303355,4.202045133991537,4.202045133991537,0.5261422515308526,0.4738577484691474,345,343
linecfbp_cfbwe,linept_loud,CFBWE,Loudsound.org,458,True,0.7725300043792609,0.5192176641050342,0.8962011410194066,0.6318181818181818,6.049999999999999,6.041484716157205,0.5733041575492341,0.42669584245076586,77,93
linept_paynep,linept_paynewl,linepaynep,linepaynewl,3124,True,0.8470872061124951,0.5187468257600463,0.8850807877354617,0.6444373196537352,6.599279769526249,6.599279769526249,0.5291479820627802,0.47085201793721976,536,556
linept_round,linept_rwp,lineround,Laffaye RWP,1990,True,0.8753544969728244,0.5181915197725512,0.9142986160519669,0.7224510813594233,5.105201005025126,5.105201005025126,0.49346076458752514,0.5065392354124748,282,270
linept_born,linept_kam,Born Power Index,Edward Kambour,3131,True,0.9475356679817353,0.5179001135894612,0.9467143933991361,0.6555804285257435,4.236288725646758,4.236288725646758,0.4705694177863084,0.5294305822136917,539,513
linept_cather,linept_talis,linecather,Talisman Red,873,True,0.9303254584311293,0.5175228246867929,0.9321888332331174,0.6499402628434886,4.816701030927835,4.816701030927835,0.48394495412844035,0.5160550458715596,122,184
linecfbp_cfbwe_rounded,linept_loud,CFBWE: Rounded,Loudsound.org,458,True,0.7728854917970616,0.5165862334133273,0.8959131076488752,0.64,6.065502183406114,6.062227074235808,0.5727699530516432,0.4272300469483568,74,94
fei,linecfbp_sv_bettor,FEI Projections,SV Bettor,507,True,0.8109878533035109,0.5161939759992984,0.9087132758559421,0.6851851851851852,5.600216962524656,5.713668639053254,0.4860557768924303,0.5139442231075697,90,73
linecfbp_john_harris,linecfbp_power_rank_free,John Harris,Power Rank: Free,548,True,0.9599188365278036,0.5145768615146572,0.9642295116337138,0.65,3.4585766423357662,3.4585766423357662,0.5321100917431193,0.46788990825688076,102,94
linecfbp_dratings,linecfbp_sv_bettor,DRatings,SV Bettor,507,True,0.9027997537046184,0.5139796654887056,0.9451776482999631,0.6735966735966736,4.394477317554241,4.394477317554241,0.50199203187251,0.49800796812749004,82,86
harville,linept_rwp,David Harville,Laffaye RWP,3767,True,0.8792929339796683,0.5139034637437786,0.9265981922604625,0.6799680766161214,4.8023785505707455,4.8023785505707455,0.5466383204889715,0.45336167951102846,593,588
linecfbp_wilson_ratings,linept_rwp,Wilson Ratings,Laffaye RWP,2504,True,0.8614558123218917,0.5137135747056555,0.9249629276585005,0.6802748585286985,4.895163738019169,4.965379392971246,0.5467625899280576,0.45323741007194246,414,401
fei,linecfbp_cbcr2_power,FEI Projections,CBCR2: Power,1063,True,0.939502825128574,0.5136658991893348,0.9455445515631158,0.6957773512476008,3.914976481655691,4.05409219190969,0.5252140818268316,0.4747859181731684,165,168
linept_bill,sagarin_golden_mean,Billingsley,Sagarin Golden Mean,3895,True,0.8878082133130172,0.5135100828568145,0.9307851487835699,0.7087403598971722,4.57413350449294,4.57413350449294,0.4479032673012606,0.5520967326987394,544,569
linecfbp_cbcr2_power,linecfbp_kford,CBCR2: Power,KFord,1063,True,0.9427644198797572,0.513457863945638,0.9481360079574829,0.6615678776290631,3.9809971777986832,3.9809971777986832,0.45956232159847765,0.5404376784015223,183,178
linecfbp_john_harris,massey,John Harris,Massey Ratings,1098,True,0.9588549111109151,0.5132620075980925,0.9658853879586629,0.6824512534818942,3.222422586520947,3.316539162112933,0.5432999088422972,0.4567000911577028,193,177
harville,linecfbp_john_harris,David Harville,John Harris,1098,True,0.975272747102879,0.5132126198714495,0.9753609558945908,0.6709916589434661,2.55816029143898,2.7125500910746814,0.4744058500914077,0.5255941499085923,173,211
linecfbp_professor_sides,linecfbp_si_composite,Professor Sides,SI Composite,505,True,0.9663581676806522,0.5127199996306109,0.9741606074694897,0.6842105263157895,2.7809900990099012,2.7809900990099012,0.5412474849094567,0.45875251509054327,78,81
linept_bill,linept_log,Billingsley,Logistic Regression,1908,True,0.6258716479017019,0.5117990391596828,0.8808969069670096,0.6713836477987422,6.761656184486373,6.761656184486373,0.5859538784067087,0.4140461215932914,308,311
keeper,linept_bihl,Keeper,Bihl System,2158,True,0.9535580908274043,0.5117125134496411,0.9519278828494288,0.665118439386902,4.003345690454124,4.003577386468954,0.4891052387575336,0.5108947612424664,372,343
linecfbp_kford,linept_fox,KFord,linefox,515,True,0.9474384896241921,0.5104914004724327,0.9536596530041193,0.6673469387755102,3.6534951456310685,3.7544271844660195,0.5255905511811023,0.4744094488188976,92,86
linecfbp_kford,linept_laz,KFord,Laz Index,1566,True,0.9358488529807925,0.5094902962175519,0.9505179918865522,0.6892327530625403,3.2178352490421456,3.3371200510855683,0.5309904153354632,0.46900958466453674,258,242
linecfbp_sportsline,linept_kam,SportsLine,Edward Kambour,1566,True,0.9355446197375827,0.5093322702509245,0.9425661000975591,0.6888454011741683,4.254157088122605,4.370530012771392,0.48881789137380194,0.5111821086261981,252,245
linept_big200,linept_pugh,Big 200,Pugh Ratings,1557,True,0.923293701966618,0.5091312633325761,0.9240326702398673,0.6748071979434447,4.979543994861915,4.979543994861915,0.48873148744365746,0.5112685125563425,259,242
linecfbp_cfbwe,linecfbp_power_rank,CFBWE,Power Rank,516,True,0.9404056586694062,0.5089128974737925,0.963844347222802,0.6593625498007968,3.4494186046511626,3.4494186046511626,0.5019455252918288,0.4980544747081712,92,83
linept_kam,piratings_mean,Edward Kambour,Pi-Ratings Mean,3894,True,0.9554211160501948,0.5085472050855575,0.9599290265969389,0.6666666666666666,3.472159732922445,3.472416538263996,0.4886831275720165,0.5113168724279835,642,643
linept_dunk,linept_pig,Dunkel Index,Pigskin Index,3026,True,0.9380946433804976,0.5075939854413114,0.9421497653282029,0.7008726003490401,4.069325842696629,4.069325842696629,0.4662698412698413,0.5337301587301587,492,414
linept_cather,linept_curry,linecather,Daniel Curry Index,920,True,0.9162106334539746,0.5072306749574984,0.9178704887373729,0.6957013574660633,5.0372065217391295,5.0372065217391295,0.49183895538628947,0.5081610446137106,127,157
linept_dunk,linept_fox,Dunkel Index,linefox,2084,True,0.9323843753570108,0.5070614218450044,0.9385365733133573,0.6727996021879662,4.425335892514395,4.425335892514395,0.46826923076923077,0.5317307692307692,348,321
linecfbp_cfbwe,linept_argh,CFBWE,Argh Ratings,516,True,0.8812056788036967,0.507030188360055,0.9449715013587239,0.659877800407332,4.266182170542637,4.275872093023255,0.5549019607843138,0.44509803921568625,99,80
fei,linecfbp_kford,FEI Projections,KFord,1566,True,0.9610994456749077,0.5068776874249359,0.9677001744066954,0.6773350751143044,2.9622669220945084,3.1542848020434233,0.47674418604651164,0.5232558139534884,262,260
linecfbp_cfbwe_average,massey,CFBWE: Average,Massey Ratings,516,True,0.9146256027820028,0.5068629031752169,0.9558384899234801,0.6530214424951267,3.7483527131782943,3.7658720930232557,0.516504854368932,0.48349514563106794,83,95
espn_fpi,linept_laz,ESPN FPI,Laz Index,3894,True,0.9298911285575899,0.5066479202463211,0.951525637225761,0.6842647437548287,3.348633795582948,3.3485567539804824,0.5241769547325102,0.4758230452674897,589,618
linept_how,linept_payne,Howell,linepayne,3122,True,0.8549882246034087,0.5059905823294607,0.9108269068729155,0.7469279309199601,4.807210121716849,4.807210121716849,0.5097913322632424,0.49020866773675764,378,419
harville,linept_bill,David Harville,Billingsley,3895,True,0.8822751211585416,0.5057337103433185,0.9314540668290041,0.6630686198920586,4.813181001283697,4.813181001283697,0.553071189925469,0.44692881007453095,642,646
fei,harville,FEI Projections,David Harville,3896,True,0.9314410132649007,0.5055254577654344,0.9527287573150208,0.67618059159315,3.5393249486652976,3.542533367556468,0.48521470815119566,0.5147852918488043,625,620
keeper,linept_born,Keeper,Born Power Index,3124,True,0.9381829258691762,0.5052472897550987,0.9334688856689387,0.6744783306581059,4.628268245838668,4.628268245838668,0.5016015374759769,0.4983984625240231,520,476
espn_fpi,linept_wayward,ESPN FPI,Waywardtrends,1559,True,0.9481144563943734,0.5049249031750079,0.965900615503275,0.6741645244215938,3.2265939704939064,3.2265939704939064,0.5166880616174583,0.4833119383825417,251,250
massey,sagarin_golden_mean,Massey Ratings,Sagarin Golden Mean,3943,True,0.932125606315523,0.5048304771190562,0.9537326967850683,0.6866734486266531,3.5530433679939133,3.5535404514329194,0.48756976154236426,0.5124302384576357,612,605
linept_laz,sagarin,Laz Index,Sagarin Ratings,3894,True,0.925941533321595,0.5045225106063468,0.9511400912130755,0.6966263198557816,3.319365690806369,3.319365690806369,0.47905422770496014,0.5209457722950398,594,566
linept_kam,piratings_bias,Edward Kambour,PI-Rate Bias,3894,True,0.9538313032130751,0.5044080605195875,0.9551501753701683,0.6690833764888658,3.695790960451977,3.6960477657935287,0.4947314315086096,0.5052685684913903,621,648
linecfbp_cfbwe_rounded,linecfbp_power_rank,CFBWE: Rounded,Power Rank,516,True,0.9400792672670151,0.5042421842567378,0.9637915156722431,0.6756198347107438,3.4614341085271314,3.4614341085271314,0.505859375,0.494140625,86,82
linept_curry,linept_pig,Daniel Curry Index,Pigskin Index,3440,True,0.93537778694284,0.5041042240286623,0.9390613542542495,0.7089346023948419,4.227316860465115,4.227316860465115,0.4711874272409779,0.5288125727590222,535,472
linept_wayward,sagarin_golden_mean,Waywardtrends,Sagarin Golden Mean,1559,True,0.9502744840664951,0.5039192402956749,0.9630166117257196,0.6720257234726688,3.3486337395766514,3.3486337395766514,0.4830019243104554,0.5169980756895446,243,259
espn_fpi,sagarin,ESPN FPI,Sagarin Ratings,3943,True,0.9603158714074783,0.5021574640454712,0.9712124821717567,0.660727920590481,2.9049885873700227,2.904177022571646,0.5046990093980188,0.4953009906019812,654,658
linept_bihl,linept_wayward,Bihl System,Waywardtrends,865,True,0.9448260847101593,0.5017069068317843,0.9612510423156836,0.6825028968713789,3.29435838150289,3.29435838150289,0.4652777777777778,0.5347222222222222,131,140
linept_argh,linept_wayward,Argh Ratings,Waywardtrends,798,True,0.9032241716512669,0.5014448454852657,0.9451696752751705,0.6814621409921671,4.226290726817043,4.226290726817043,0.4799498746867168,0.5200501253132832,126,129
linecfbp_trent_sorensen,linept_argh,Trent Sorensen,Argh Ratings,548,True,0.7771456972950861,0.5011500994058632,0.9039203721140342,0.6360153256704981,5.841240875912408,5.991970802919708,0.4725274725274725,0.5274725274725275,111,93
linept_argh,sagarin,Argh Ratings,Sagarin Ratings,3135,True,0.911413835620575,0.5010485819736654,0.9464538120003682,0.6717607973421927,4.145406698564593,4.145406698564593,0.4602617299712735,0.5397382700287264,495,536
linept_bihl,teamrankings,Bihl System,TeamRankings.com,2161,True,0.9484840039570682,0.5003873900095495,0.9657565601077931,0.6953455571227081,3.219537251272559,3.219537251272559,0.4696618805002316,0.5303381194997684,320,344
linecfbp_blake_atkinson,linecfbp_cbcr2_sam,Blake Atkinson,CBCR2: Sam,515,True,0.9342851477168267,0.5000238320996705,0.9439515392390895,0.7218934911242604,3.913980582524272,3.913980582524272,0.5680473372781065,0.4319526627218935,75,67
linecfbp_cfb_graphs,linept_bihl,CFB Graphs,Bihl System,1110,True,0.9256262850034991,0.4999860588013478,0.9565085260682438,0.6712079927338783,3.5205135135135137,3.6552342342342343,0.521190261496844,0.478809738503156,197,180
linecfbp_sv_bettor,linept_donchess,SV Bettor,Donchess Inference,507,True,0.9028480566048785,0.4994128280155325,0.9451681558645962,0.678646934460888,4.395660749506904,4.442248520710058,0.496,0.504,87,77
linept_argh,sagarin_golden_mean,Argh Ratings,Sagarin Golden Mean,3135,True,0.9075916769636571,0.4993776355690281,0.9424763765447999,0.7051409618573797,4.017952153110048,4.017952153110048,0.47333120408815077,0.5266687959118492,437,490
linecfbp_cfbwe_rounded,linept_argh,CFBWE: Rounded,Argh Ratings,516,True,0.8803081503694873,0.4992968343628041,0.944357169071412,0.6645569620253164,4.277616279069767,4.311531007751938,0.5667396061269147,0.43326039387308535,97,83
linecfbp_kford,sagarin_golden_mean,KFord,Sagarin Golden Mean,1613,True,0.9629316593107959,0.49872243488157625,0.9699581460109301,0.6591478696741855,2.9277867327960325,3.0357966522008684,0.5120892746435214,0.4879107253564786,293,268
linecfbp_cfb_geek,linept_born,CFB Geek,Born Power Index,1571,True,0.944995543340344,0.4985017264480315,0.9428737086073725,0.6705128205128205,4.1445130490133675,4.221343093570973,0.5391969407265774,0.4608030592734226,262,253
harville,linept_paynewl,David Harville,linepaynewl,3124,True,0.7979137940387163,0.4983579358464492,0.8913408291725211,0.670837343599615,6.283517925736235,6.283517925736235,0.5859750240153698,0.4140249759846302,516,495
linecfbp_john_harris,linept_pig,John Harris,Pigskin Index,767,True,0.9701032241463703,0.4977219787551466,0.9692401647733836,0.6783216783216783,3.025958279009126,3.077640156453716,0.5324503311258278,0.4675496688741722,146,115
linecfbp_blake_atkinson,linecfbp_sp,Blake Atkinson,SP+,515,True,0.9588145401291096,0.4970132837846584,0.9597035655432401,0.6851485148514852,3.2223300970873785,3.2223300970873785,0.5167652859960552,0.4832347140039448,77,84
linecfbp_sportsratings,linept_talis,SportsRatings,Talisman Red,502,True,0.9468332681654308,0.4968679079056962,0.9319856279623183,0.7294589178356713,4.010498007968128,4.140537848605578,0.43824701195219123,0.5617529880478087,64,76
linecfbp_pearatings,linecfbp_wilson_ratings,PEARatings,Wilson Ratings,550,True,0.9542023764932301,0.49668554183056185,0.9599948832408873,0.6289424860853432,3.3021818181818183,3.3021818181818183,0.506398537477148,0.4936014625228519,105,97
linecfbp_cfbwe_average,linept_laz,CFBWE: Average,Laz Index,515,True,0.8989164798924543,0.4966506174754967,0.9490386105287086,0.630859375,4.173300970873786,4.225145631067961,0.50682261208577,0.49317738791423,92,96
linecfbp_cfb_victory,linept_pfz,CFB Victory,PerformanZ Ratings,1051,True,0.8682513400540007,0.4963430328450178,0.8896649051214424,0.6631274131274131,6.0698763082778315,6.126565176022836,0.5019047619047619,0.4980952380952381,164,199
congrove,piratings_mean,Congrove Computer Rankings,Pi-Ratings Mean,3942,True,0.9318542095464607,0.4963228875254274,0.9415364576834816,0.6867283950617284,4.22111364789447,4.22162100456621,0.4563008130081301,0.5436991869918699,654,570
linept_born,linept_pig,Born Power Index,Pigskin Index,3102,True,0.9478127251499467,0.49590168589582917,0.9467755004993148,0.6851788756388416,4.035354609929078,4.035354609929078,0.4675492412011624,0.5324507587988376,517,460
congrove,linecfbp_si_composite,Congrove Computer Rankings,SI Composite,505,True,0.9235221807195947,0.4952831641328416,0.9491862573177495,0.6467065868263473,4.190356435643564,4.194831683168316,0.46732673267326735,0.5326732673267327,90,87
linept_how,sagarin,Howell,Sagarin Ratings,3894,True,0.9046277538396447,0.4946171736711764,0.9382294496703862,0.6726206344974673,4.522131484334874,4.522131484334874,0.4551529169879208,0.5448470830120792,609,662
linept_super,moore_ratings,linesuper,Moore Power Ratings,769,True,0.94052079085421,0.4941035207710961,0.8716635242613355,0.6623207301173403,7.337659297789337,7.337659297789337,0.4083224967490247,0.5916775032509753,133,121
linept_pugh,linept_super,Pugh Ratings,linesuper,766,True,0.9293463565694808,0.49396459022913525,0.8717304437963665,0.637434554973822,7.509451697127938,7.509451697127938,0.5822454308093995,0.4177545691906005,128,145
linecfbp_trent_sorensen,linept_clean,Trent Sorensen,Cleanup Hitter,1012,True,0.6869356435661353,0.49386427676989764,0.8685674891778564,0.6181262729124236,7.138853754940712,7.215928853754941,0.5164179104477612,0.4835820895522388,203,192
linecfbp_cfbwe_rounded,linecfbp_jp,CFBWE: Rounded,JP+,516,True,0.9049089355159324,0.4938456463266576,0.9479872735869386,0.668724279835391,4.179263565891473,4.179263565891473,0.5126705653021443,0.4873294346978557,89,80
linecfbp_matt_grissom,linecfbp_pearatings,Matt Grissom,PEARatings,550,True,0.9572415352745431,0.49374710192464116,0.9607768912268506,0.7012987012987013,3.0463636363636364,3.0463636363636364,0.5174953959484346,0.48250460405156537,88,76
linept_round,linept_wayward,lineround,Waywardtrends,537,True,0.8925585093842244,0.4936561059407841,0.9298452210375642,0.6679316888045541,4.89707635009311,4.89707635009311,0.43947858472998136,0.5605214152700186,88,87
linecfbp_kford,massey,KFord,Massey Ratings,1613,True,0.9516125895594231,0.49355581304529694,0.9614477548850877,0.6468378209142142,3.4276317420954747,3.5282269063856173,0.5291563275434243,0.47084367245657566,290,289
linecfbp_cfbwe,linecfbp_jp,CFBWE,JP+,516,True,0.9044306904467949,0.493061511285336,0.9477271676869334,0.6547619047619048,4.175775193798449,4.175775193798449,0.5303326810176126,0.46966731898238745,94,80
linecfbp_cfbwe_average,linecfbp_jp,CFBWE: Average,JP+,516,True,0.9020282560639183,0.49171852901714386,0.9463842610127161,0.6856581532416502,4.176744186046511,4.176744186046511,0.515625,0.484375,86,72
linept_argh,linept_payne,Argh Ratings,linepayne,3124,True,0.8494164228142148,0.4905950176740458,0.9121330047621616,0.7609853528628495,4.467455185659411,4.467455185659411,0.5290157101635139,0.47098428983648605,368,392
fei,linecfbp_john_harris,FEI Projections,John Harris,1051,True,0.9647971841536744,0.4900701990523071,0.9693286514262879,0.6758349705304518,2.911988582302569,3.0932254995242627,0.46287367405978785,0.5371263259402121,176,184
harville,linept_loud,David Harville,Loudsound.org,3814,True,0.7868748725468827,0.4898612287434681,0.889116707775588,0.6638926174496644,5.991229680125852,5.991229680125852,0.5762267121490422,0.42377328785095775,635,630
linecfbp_david_sasser,linecfbp_john_harris,David Sasser,John Harris,549,True,0.9558516202829069,0.4895191206256027,0.9598790821866855,0.6654135338345865,3.397632058287796,3.397632058287796,0.4917431192660551,0.5082568807339449,99,82
linecfbp_sv_bettor,linept_laz,SV Bettor,Laz Index,507,True,0.9029376726577714,0.4895104995002489,0.9424179815364868,0.6810699588477366,4.475187376725838,4.545680473372781,0.4901185770750988,0.5098814229249012,77,92
linecfbp_cfbwe_average,linecfbp_wilson_ratings,CFBWE: Average,Wilson Ratings,516,True,0.9158893834359816,0.48939095644012026,0.9526700693056066,0.6490196078431373,3.9844961240310077,3.9844961240310077,0.529296875,0.470703125,95,85
linept_curry,linept_talis,Daniel Curry Index,Talisman Red,3836,True,0.9230282298366569,0.4887661701031198,0.929802636352886,0.6511870597443256,4.786298227320125,4.786298227320126,0.4894283476898982,0.5105716523101018,625,685
linecfbp_wilson_ratings,linept_elo,Wilson Ratings,Beck Elo,2591,True,0.912442539501589,0.488142826262513,0.9440619243529674,0.6763096168881939,4.19715167888846,4.249888074102663,0.5245268443414446,0.4754731556585554,429,427
linept_round,sagarin_golden_mean,lineround,Sagarin Golden Mean,2105,True,0.8898088700823755,0.48813151322551135,0.9288941339283534,0.6861598440545809,4.705638954869358,4.705638954869358,0.4437054631828979,0.5562945368171022,326,328
linecfbp_cfb_professor,linecfbp_wilson_ratings,CFB Professor,Wilson Ratings,1021,True,0.925607294186765,0.48762909375861446,0.9521181909206075,0.6733067729083665,3.932713026444662,3.932713026444662,0.49554013875123887,0.5044598612487612,163,164
linecfbp_professor_sides,linecfbp_sv_bettor,Professor Sides,SV Bettor,507,True,0.9204405570034104,0.48758253948553365,0.9449738124188262,0.675,4.2976331360946745,4.2976331360946745,0.5551102204408818,0.44488977955911824,85,82
sagarin_predictor,teamrankings,Sagarin Predictor,TeamRankings.com,3943,True,0.9694178688191188,0.48661260040389304,0.9701221653713624,0.6687290538798659,2.8666142531067713,2.8666142531067713,0.49657273419649656,0.5034272658035034,660,639
linecfbp_cfb_geek,linecfbp_kford,CFB Geek,KFord,1613,True,0.9562533640432278,0.4864581010497871,0.9623182575498004,0.6524198617221874,3.2810291382517045,3.2810291382517045,0.48375,0.51625,282,270
harville,linept_pugh,David Harville,Pugh Ratings,3889,True,0.9672228928873673,0.4862306697804088,0.9549651729865549,0.6772200772200773,3.7176574955001285,3.7176574955001285,0.5382239382239382,0.4617760617760618,625,607
linecfbp_power_rank_free,linept_rwp,Power Rank: Free,Laffaye RWP,1531,True,0.8540056228006704,0.48618476564017993,0.925803770066588,0.6602902374670184,4.898438928804703,4.976479425212279,0.5444444444444444,0.45555555555555555,285,240
linecfbp_kford,linept_kam,KFord,Edward Kambour,1566,True,0.9581154412946236,0.4860472587138791,0.9607909883516347,0.6537717601547389,3.359335887611749,3.495581098339719,0.5392971246006389,0.460702875399361,291,264
fei,linecfbp_tshoe_index,FEI Projections,TShoe Index,2082,True,0.9442141446018649,0.48573081756866404,0.9547591082892487,0.6784822765851223,3.6542891450528336,3.767305475504323,0.5065502183406113,0.49344978165938863,366,332
linecfbp_john_harris,linept_pugh,John Harris,Pugh Ratings,1051,True,0.9610266778308675,0.4855871415851623,0.954862341503966,0.6908914728682171,3.5774215033301617,3.6679257849666986,0.5490943755958055,0.45090562440419446,172,159
linept_bill,linept_round,Billingsley,lineround,2105,True,0.8571619076688464,0.4849980696758603,0.9107813555852363,0.6973684210526315,5.416617577197149,5.416617577197149,0.5137963843958135,0.4862036156041865,318,311
harville,linept_fox,David Harville,linefox,2329,True,0.9543914356524923,0.4848773555437587,0.9547585534271208,0.6500666963094709,3.8151996565049378,3.8151996565049378,0.5391229578675838,0.46087704213241615,423,386
linecfbp_cfbwe_average,linept_paynewl,CFBWE: Average,linepaynewl,516,True,0.8067420117214901,0.48472832848142017,0.9172931461955617,0.6335282651072125,5.5520736434108535,5.5475,0.5697674418604651,0.43023255813953487,94,93
linecfbp_sv_bettor,linept_elo,SV Bettor,Beck Elo,507,True,0.8947699037503951,0.4845197844252812,0.9349659695963822,0.6673511293634496,4.829999999999999,4.911183431952662,0.4891518737672584,0.5108481262327417,80,90
linept_fox,piratings,linefox,Pi-Ratings,2329,True,0.9460444726034188,0.48359970236452915,0.9513421112447145,0.6844225604297225,3.834800343495062,3.8352297123228856,0.4685193226226661,0.531480677377334,337,397
dokter_entropy,teamrankings,Dokter Entropy,TeamRankings.com,3942,True,0.9703308406179618,0.4835652348370109,0.9738795366600465,0.6727789256198347,2.7497995941146622,2.7497995941146622,0.5086426029486528,0.49135739705134723,642,640
linecfbp_pearatings,linept_pfz,PEARatings,PerformanZ Ratings,503,True,0.8959756722737089,0.48281694561031807,0.899047213770767,0.6666666666666666,5.3985685884691845,5.426322067594434,0.5685884691848907,0.43141153081510936,76,92
linecfbp_kford,linept_born,KFord,Born Power Index,1062,True,0.9505516022599766,0.4822649006805237,0.9437759100757699,0.6742857142857143,4.1080790960451985,4.231996233521658,0.559017941454202,0.4409820585457979,188,165
linecfbp_cfbwe_talent,linept_bill,CFBWE: Talent,Billingsley,515,True,0.6677622940289673,0.48221713036886366,0.8896373233620719,0.603515625,6.641592233009709,6.628116504854369,0.5320388349514563,0.4679611650485437,94,106
harville,linept_talis,David Harville,Talisman Red,3839,True,0.9437023481785657,0.4816233542349878,0.9478694588100883,0.6594524119947849,3.965196665798385,3.965196665798385,0.5374575828765336,0.46254241712346644,620,666
linecfbp_cfbwe,linecfbp_cfbwe_margin,CFBWE,CFBWE: Margin,516,True,0.9324082672894244,0.4812957262272942,0.948554731983808,0.6198019801980198,3.9583333333333335,3.9583333333333335,0.5295275590551181,0.4704724409448819,103,94
linept_dwig,linept_round,DP Dwiggins,lineround,2099,True,0.8913918405502326,0.4812272969155383,0.9124993748391225,0.6506814740030288,5.484397332062887,5.484397332062887,0.5103412616339194,0.48965873836608065,347,391
linept_born,teamrankings,Born Power Index,TeamRankings.com,3133,True,0.9520053593987549,0.48116715606020005,0.9491172850596097,0.6750972762645915,4.016559208426428,4.016559208426428,0.4506547428936442,0.5493452571063558,496,507
linept_born,linept_talis,Born Power Index,Talisman Red,3078,True,0.9315068815709983,0.4806793980446749,0.9336885939444817,0.6466189856957087,4.685620532813515,4.685620532813515,0.5004881223560039,0.49951187764399607,517,547
linept_laz,linept_round,Laz Index,lineround,2103,True,0.8758750679916617,0.4806091315448636,0.9208184127266351,0.701171875,4.6775130765572985,4.6775130765572985,0.5461465271170314,0.4538534728829686,326,303
dokter_entropy,sagarin_predictor,Dokter Entropy,Sagarin Predictor,3942,True,0.962944603922399,0.4804969226559226,0.9697327755407232,0.6532381438041815,2.967630644342973,2.967630644342973,0.5083798882681564,0.49162011173184356,665,685
linecfbp_matt_grissom,teamrankings,Matt Grissom,TeamRankings.com,1098,True,0.9680937674837463,0.48041522826868327,0.9704305078638366,0.6635687732342007,2.8179326047358835,2.971211293260474,0.49356617647058826,0.5064338235294118,199,179
linept_laz,linept_pugh,Laz Index,Pugh Ratings,3887,True,0.9526277690454138,0.47946780670276024,0.9401817587357661,0.7071097372488409,3.7711782865963466,3.7711782865963466,0.5190525231719877,0.48094747682801237,593,530
linecfbp_cfb_victory,linept_rwp,CFB Victory,Laffaye RWP,1044,True,0.8612500103641653,0.4790760126822731,0.8938890984371509,0.706511175898931,5.603218390804598,5.720383141762452,0.5081495685522531,0.49185043144774687,167,156
linecfbp_sportsline,massey,SportsLine,Massey Ratings,1613,True,0.9257120714927752,0.47881398855767554,0.9390680072889186,0.6679340937896071,4.370012399256044,4.495257284562927,0.4872749844816884,0.5127250155183116,260,282
linecfbp_obmodel,linecfbp_professor_sides,OBModel,Professor Sides,507,True,0.9637331854222293,0.4788122518277909,0.9700663533421764,0.678714859437751,3.0262327416173576,3.0262327416173576,0.5060728744939271,0.4939271255060729,89,72
linept_argh,linept_donchess,Argh Ratings,Donchess Inference,3135,True,0.905744854892971,0.4786033590021506,0.9434619728479609,0.6386155412283678,4.363783094098884,4.363783094098884,0.464770523594053,0.535229476405947,543,586
linecfbp_cfbwe_average,linecfbp_dratings,CFBWE: Average,DRatings,516,True,0.929845120771012,0.4780284665672157,0.9557645882421145,0.6455445544554456,3.827325581395349,3.827325581395349,0.5126705653021443,0.4873294346978557,99,84
linecfbp_cfbwe_margin,linecfbp_cfbwe_rounded,CFBWE: Margin,CFBWE: Rounded,516,True,0.9315943674957609,0.4773130281061139,0.9483634843355939,0.6303901437371663,3.9746124031007746,3.9746124031007746,0.47834645669291337,0.5216535433070866,95,99
linecfbp_sv_bettor,sagarin_recent,SV Bettor,Sagarin Recent,507,True,0.9070673732605559,0.4764244946666758,0.928852791747885,0.675564681724846,4.418579881656805,4.447692307692308,0.4832347140039448,0.5167652859960552,81,94
espn_fpi,linecfbp_wilson_ratings,ESPN FPI,Wilson Ratings,2638,True,0.9433584266913136,0.47603182963270707,0.9606089886221597,0.6449136276391555,3.433388931008339,3.5576042456406367,0.513677811550152,0.48632218844984804,479,459
linept_pugh,linept_round,Pugh Ratings,lineround,2104,True,0.9023622010920024,0.4760211366058851,0.9220962247889289,0.6694295465626524,5.067580798479088,5.067580798479088,0.5263908701854494,0.47360912981455067,333,358
fei,sagarin,FEI Projections,Sagarin Ratings,3896,True,0.9296335790937411,0.4758281065936599,0.9512008266285132,0.6557547414912964,3.6352618069815192,3.6384702258726898,0.4780262143407864,0.5219737856592136,656,668
linept_payne,linept_rwp,linepayne,Laffaye RWP,2996,True,0.8198939655341497,0.47487032817075897,0.8979928786049509,0.696554031448645,5.557807076101469,5.557807076101469,0.5035058430717864,0.4964941569282137,445,444
linept_born,linept_super,Born Power Index,linesuper,769,True,0.9164520240381252,0.4746666732000402,0.8671760706217791,0.6727509778357236,7.61886866059818,7.61886866059818,0.5697522816166884,0.4302477183833116,117,127
fei,linept_kam,FEI Projections,Edward Kambour,3894,True,0.9357276494820438,0.4745107370883395,0.944347595148756,0.7005194805194805,3.650873138161274,3.652506420133539,0.4933196300102775,0.5066803699897225,588,564
linecfbp_pearatings,teamrankings,PEARatings,TeamRankings.com,550,True,0.9711394142528542,0.4735476602522604,0.9714156409496855,0.7174721189591078,2.467072727272727,2.546709090909091,0.5018518518518519,0.4981481481481482,83,83
linecfbp_john_harris,linept_born,John Harris,Born Power Index,547,True,0.9463141365091187,0.4733104058863469,0.9396448517953153,0.673469387755102,4.3295795246800735,4.382778793418647,0.5484460694698354,0.4515539305301645,97,91
linecfbp_cfbwe_talent,linept_rwp,CFBWE: Talent,Laffaye RWP,480,True,0.6469243696676055,0.47285437342058473,0.8890654319578194,0.600418410041841,6.595020833333333,6.5999791666666665,0.5145833333333333,0.48541666666666666,98,92
linecfbp_oddstrader_ai,linept_fox,OddsTrader AI,linefox,514,True,0.8824469777437068,0.4727293278168192,0.904183516751829,0.6571428571428571,5.85215953307393,5.901653696498054,0.3966597077244259,0.6033402922755741,87,100
linecfbp_cfb_geek,linecfbp_matt_grissom,CFB Geek,Matt Grissom,1098,True,0.9498560952810122,0.4726993227329654,0.95581948560464,0.6494464944649446,3.5605646630236794,3.5605646630236794,0.48114075436982523,0.5188592456301748,189,189
linecfbp_power_rank_free,linept_clean,Power Rank: Free,Cleanup Hitter,1540,True,0.786016940673605,0.4726923775501276,0.9042316173782591,0.6506024096385542,5.8444220779220775,5.914941558441559,0.5514993481095176,0.4485006518904824,288,254
linept_paynep,teamrankings,linepaynep,TeamRankings.com,3124,True,0.9054347192550173,0.4726757786116495,0.9212266520503771,0.711869918699187,4.694254161331626,4.694254161331626,0.43141025641025643,0.5685897435897436,428,467
linept_fox,teamrankings,linefox,TeamRankings.com,2329,True,0.9511698705237137,0.47262220548785433,0.9561775993335895,0.6573489630297565,3.734375268355518,3.734375268355518,0.4645021645021645,0.5354978354978355,380,406
linecfbp_cfbwe_average,sagarin_golden_mean,CFBWE: Average,Sagarin Golden Mean,516,True,0.9217663167539099,0.47220469823307115,0.9534219656000695,0.6361867704280155,3.7483139534883723,3.7789341085271317,0.5348837209302325,0.46511627906976744,94,89
linept_elo,linept_log,Beck Elo,Logistic Regression,1908,True,0.6534795979903529,0.47206354510921045,0.8753876646685509,0.6580882352941176,7.080896226415094,7.080896226415094,0.5929621848739496,0.4070378151260504,313,328
linecfbp_cfb_professor,sagarin,CFB Professor,Sagarin Ratings,1022,True,0.9358548365252634,0.47190144832111924,0.9578209630645818,0.6771964461994077,3.577348336594912,3.626761252446184,0.4882583170254403,0.5117416829745597,159,177
linecfbp_beta_rank,linecfbp_cbcr2_power,Beta_Rank,CBCR2: Power,1062,True,0.9170565156435324,0.47189664153454686,0.9283383133617898,0.6567877629063098,4.905649717514124,4.905649717514124,0.48438978240302744,0.5156102175969726,157,207
linecfbp_trent_sorensen,linept_pfz,Trent Sorensen,PerformanZ Ratings,1051,True,0.8433569198805442,0.4714824873291968,0.8706166987069885,0.6494252873563219,6.706698382492863,6.701788772597526,0.47714285714285715,0.5228571428571429,178,199
linept_argh,linept_pfz,Argh Ratings,PerformanZ Ratings,3135,True,0.8929162392430602,0.47132922108035574,0.9091394771995945,0.672636815920398,5.565802232854865,5.565802232854865,0.5406958187041174,0.4593041812958825,484,540
linecfbp_matt_grissom,piratings_mean,Matt Grissom,Pi-Ratings Mean,1098,True,0.9635508226939794,0.47127784939896655,0.9649745674758223,0.6616961789375583,3.1202003642987255,3.29879781420765,0.5426997245179064,0.4573002754820937,220,164
fei,linept_dwig,FEI Projections,DP Dwiggins,3888,True,0.9167159621853267,0.4706275309724789,0.9206289106345162,0.6592433592701905,5.009074074074075,5.012289094650207,0.5190760446405398,0.48092395535946014,684,646
linecfbp_sv_bettor,linept_log,SV Bettor,Logistic Regression,258,True,0.7036390871004077,0.47043547800586993,0.8735837784167912,0.6772908366533864,7.638255813953488,7.572441860465116,0.6085271317829457,0.39147286821705424,42,41
linecfbp_sv_bettor,linept_pfz,SV Bettor,PerformanZ Ratings,507,True,0.9021201213911049,0.4704211695328702,0.9241045609507041,0.6735112936344969,5.275483234714004,5.456863905325444,0.5069033530571992,0.4930966469428008,84,88
fei,linept_talis,FEI Projections,Talisman Red,3839,True,0.9281204674926868,0.47025317202996386,0.9385681108103779,0.6848341232227488,4.112091690544412,4.112091690544412,0.5205836373110996,0.4794163626889005,575,617
linept_how,linept_pfz,Howell,PerformanZ Ratings,3894,True,0.8792112520364802,0.47012310173114485,0.902764677878421,0.6637380191693291,5.82635593220339,5.82635593220339,0.5246659815005139,0.47533401849948614,625,687
linecfbp_dratings,linept_argh,DRatings,Argh Ratings,2088,True,0.9015660951235508,0.4698608145503204,0.9428868175445025,0.6310187531677648,4.438218390804598,4.5058908045977,0.5350749879051766,0.4649250120948234,408,375
espn_fpi,massey,ESPN FPI,Massey Ratings,3943,True,0.9374676890940958,0.46981090263223774,0.9563520759269459,0.6506361323155216,3.6678772508242456,3.6671671316256655,0.5285895806861499,0.4714104193138501,666,687
linept_born,linept_dwig,Born Power Index,DP Dwiggins,3125,True,0.9154506835310249,0.4697521187991084,0.9191893742038806,0.7068166776968895,4.85808,4.85808,0.5126480947806596,0.48735190521934035,474,440
linept_dunk,linept_kam,Dunkel Index,Edward Kambour,3472,True,0.930608958463181,0.46924238209187774,0.9364055514882823,0.6428159261396422,4.471198156682028,4.471198156682028,0.47158927026247477,0.5284107297375252,610,601
linept_bihl,sagarin_golden_mean,Bihl System,Sagarin Golden Mean,2161,True,0.9368890885789616,0.4690847710389674,0.9610713504651381,0.6706808707735062,3.4596390559925965,3.4596390559925965,0.46985157699443414,0.5301484230055659,337,367
linecfbp_sportsratings,linept_kerns,SportsRatings,Stephen Kerns,503,True,0.899925894121705,0.4690585820432541,0.8618042085648224,0.685370741482966,6.6891848906560645,6.7700596421471175,0.5876494023904383,0.4123505976095618,89,75
linept_paynewl,linept_round,linepaynewl,lineround,2099,True,0.78409174771235,0.46878765690951646,0.8766845509547512,0.7469407733724914,5.840233444497381,5.84023344449738,0.45441527446300717,0.5455847255369929,262,262
linept_rwp,sagarin,Laffaye RWP,Sagarin Ratings,3767,True,0.872206547449504,0.4686755783602235,0.9218850148846368,0.6737683089214381,4.910167241837006,4.910167241837006,0.44314558979808716,0.5568544102019128,587,615
linecfbp_cfbwe_talent,linecfbp_power_rank_free,CFBWE: Talent,Power Rank: Free,516,True,0.799103711681865,0.468503706087392,0.9032229910670458,0.6448412698412699,6.01860465116279,6.01860465116279,0.46588693957115007,0.5341130604288499,89,92
congrove,piratings_bias,Congrove Computer Rankings,PI-Rate Bias,3942,True,0.9303517393430597,0.4679994846927506,0.9354576394395567,0.6698209718670076,4.446085743277524,4.446593099949265,0.4716933231784717,0.5283066768215283,668,613
linept_bill,linept_donchess,Billingsley,Donchess Inference,3895,True,0.8728000536188132,0.46763212146101096,0.927396978888334,0.6510102335345054,4.936485237483954,4.936485237483954,0.43698559670781895,0.5630144032921811,664,674
linecfbp_cfbwe_average,linept_argh,CFBWE: Average,Argh Ratings,516,True,0.8675352169824103,0.4675831165439412,0.9397824008810755,0.6222222222222222,4.633236434108527,4.649709302325581,0.541015625,0.458984375,108,89
linecfbp_cfbwe_margin,linecfbp_wilson_ratings,CFBWE: Margin,Wilson Ratings,516,True,0.9222954657537602,0.4669926186111786,0.9474878391707467,0.6824457593688363,3.839922480620155,3.839922480620155,0.4931237721021611,0.5068762278978389,81,80
linept_bihl,sagarin,Bihl System,Sagarin Ratings,2161,True,0.9418281493775271,0.466990832451235,0.9641628532642283,0.6680574872508113,3.260485886163813,3.260485886163813,0.45273401297497684,0.5472659870250232,343,363
linecfbp_wilson_ratings,linept_fox,Wilson Ratings,linefox,1532,True,0.9488665909456895,0.46638652984746787,0.945523079715225,0.6435374149659864,4.144954308093995,4.214353785900783,0.5194719471947195,0.48052805280528055,277,270
massey,piratings_mean,Massey Ratings,Pi-Ratings Mean,3943,True,0.9511821945354545,0.46521988581683626,0.9538624383381509,0.6631497683993824,3.7164088257671826,3.717423281765153,0.47866937531742,0.52133062468258,686,630
dokter_entropy,sagarin,Dokter Entropy,Sagarin Ratings,3942,True,0.9640950049526362,0.46515958201505975,0.9706862524824551,0.6471188169301377,2.9264814814814817,2.9264814814814817,0.5068667344862665,0.4931332655137335,681,694
linecfbp_wilson_ratings,linept_argh,Wilson Ratings,Argh Ratings,2088,True,0.8904089822077078,0.4644053897092939,0.938733220369255,0.6453400503778337,4.517768199233717,4.598563218390805,0.5202702702702703,0.4797297297297297,392,352
congrove,piratings,Congrove Computer Rankings,Pi-Ratings,3942,True,0.9255334176761137,0.4643302088636845,0.93481370344564,0.6772459687739953,4.461775748351091,4.461775748351091,0.4664804469273743,0.5335195530726257,656,595
harville,linecfbp_pearatings,David Harville,PEARatings,550,True,0.957540270904472,0.46425102867123014,0.9640891577849827,0.6477064220183486,3.1237454545454546,3.2436363636363637,0.4899817850637523,0.5100182149362478,93,105
linecfbp_cfbwe_average,linept_donchess,CFBWE: Average,Donchess Inference,516,True,0.9298649677975978,0.4627450841055238,0.9563325528803718,0.6526946107784432,3.7782751937984496,3.793003875968992,0.5165692007797271,0.4834307992202729,97,82
linecfbp_cfb_geek,linept_super,CFB Geek,linesuper,509,True,0.929468890248184,0.4619969223013465,0.8716317902130978,0.647410358565737,7.480785854616896,7.4857367387033396,0.5599214145383105,0.4400785854616896,79,98
linept_bill,sagarin,Billingsley,Sagarin Ratings,3895,True,0.8765094881988381,0.4610676994852295,0.9271928808768239,0.6583483406225881,4.929460847240051,4.929460847240051,0.4396507447354905,0.5603492552645095,644,657
linept_dwig,teamrankings,DP Dwiggins,TeamRankings.com,3888,True,0.9224541145019733,0.4610361738627715,0.9280662326807926,0.6868932038834952,4.693953189300411,4.693953189300411,0.4419689119170985,0.5580310880829016,602,639
linept_paynewl,sagarin_golden_mean,linepaynewl,Sagarin Golden Mean,3124,True,0.7911841699566973,0.46099560060268857,0.8862618581061461,0.6959589480436177,6.189516645326505,6.189516645326505,0.4153057957092539,0.584694204290746,450,477
linept_pig,piratings_bias,Pigskin Index,PI-Rate Bias,3443,True,0.955121577494301,0.46094279610000055,0.9548268870242123,0.6573103022825416,3.7708800464711008,3.771170490851002,0.4973637961335677,0.5026362038664324,548,638
sagarin,teamrankings,Sagarin Ratings,TeamRankings.com,3943,True,0.9693656956411699,0.4609367672197499,0.9705051716601438,0.6642599277978339,2.891288359117423,2.891288359117423,0.4931437277805993,0.5068562722194007,663,648
linecfbp_john_harris,linecfbp_wilson_ratings,John Harris,Wilson Ratings,1097,True,0.9597310921344182,0.4609246792741063,0.962117627732961,0.6560150375939849,3.2657247037374657,3.2657247037374657,0.5416666666666666,0.4583333333333333,201,178
linept_fox,moore_ratings,linefox,Moore Power Ratings,2327,True,0.9315270669785346,0.4607192499499544,0.9412043828161171,0.6460649177412183,4.439213579716372,4.439213579716372,0.5113880532874946,0.48861194671250535,394,425
linept_clean,linept_wayward,Cleanup Hitter,Waywardtrends,1518,True,0.7562363043324963,0.46070154601187985,0.887496417682118,0.641077441077441,6.444894598155467,6.444894598155467,0.43638760711931446,0.5636123928806855,272,264
linept_laz,linept_wayward,Laz Index,Waywardtrends,1559,True,0.8962260071319772,0.4603324947778223,0.931446007450924,0.6861360718870346,3.505407312379731,3.505407312379731,0.49454778704297625,0.5054522129570237,259,224
linept_kam,piratings,Edward Kambour,Pi-Ratings,3894,True,0.9462386202619183,0.4600987029612259,0.9509452393033999,0.6556102617258357,3.8286954288649206,3.8289522342064717,0.4930591259640103,0.5069408740359898,647,674
linecfbp_jp,linecfbp_power_rank,JP+,Power Rank,2129,True,0.9226742636843884,0.4599829416209867,0.9485841974884208,0.6485837734037446,3.9545796148426486,3.9545796148426486,0.47673314339981004,0.5232668566001899,389,345
linept_rwp,sagarin_golden_mean,Laffaye RWP,Sagarin Golden Mean,3767,True,0.8750586445623376,0.4598326451818647,0.9185892414801573,0.6913251729643427,4.83539952216618,4.83539952216618,0.4481658692185008,0.5518341307814992,552,587
fei,linecfbp_pearatings,FEI Projections,PEARatings,503,True,0.9577022342010616,0.4596954603903005,0.9628160304536484,0.6450304259634888,3.160815109343936,3.270954274353877,0.4899193548387097,0.5100806451612904,93,89
linept_round,sagarin,lineround,Sagarin Ratings,2105,True,0.8864688971183233,0.459636960089058,0.9267926550699532,0.6525134211810639,4.87803325415677,4.87803325415677,0.4514747859181732,0.5485252140818269,361,356
harville,linept_paynep,David Harville,linepaynep,3124,True,0.9071156842341533,0.4596235965649415,0.9193733994354802,0.6724358974358975,5.126440460947504,5.126440460947503,0.5587576048671149,0.44124239513288505,523,482
linecfbp_pearatings,sagarin,PEARatings,Sagarin Ratings,550,True,0.9604961923378551,0.4595302312361357,0.9665775741301039,0.6495412844036698,2.9752909090909094,3.1051818181818183,0.5009107468123861,0.4990892531876138,89,107
linept_payne,linept_round,linepayne,lineround,2099,True,0.8275676350595539,0.4588184765972658,0.8947225360389414,0.7678396871945259,4.812882324916627,4.812882324916627,0.47684964200477326,0.5231503579952267,239,242
linept_pig,piratings_mean,Pigskin Index,Pi-Ratings Mean,3443,True,0.9572723502935627,0.4569807832659895,0.9602067963486854,0.6588016144054641,3.5102236421725235,3.510514086552425,0.4866294446076991,0.5133705553923009,564,627
linept_loud,linept_paynewl,Loudsound.org,linepaynewl,3042,True,0.6727580273905771,0.45682436019299416,0.8513718434689413,0.6800404585300067,7.080644312952005,7.080644312952005,0.49934167215273206,0.5006583278472679,481,482
linecfbp_matt_grissom,linecfbp_sp,Matt Grissom,SP+,1098,True,0.951811915504732,0.4564131883695427,0.9565338296842896,0.6604995374653099,3.572768670309654,3.572768670309654,0.5046040515653776,0.4953959484346225,184,182
keeper,linept_big200,Keeper,Big 200,1558,True,0.9186155179916995,0.45630477825587484,0.914213934642992,0.6525369299935774,5.33921052631579,5.3396341463414645,0.5170199100834939,0.4829800899165061,262,271
linept_curry,linept_kam,Daniel Curry Index,Edward Kambour,3891,True,0.9270418742129903,0.45611585558512996,0.9323991789987103,0.6316602316602317,4.725746594705731,4.725746594705731,0.47117858980957283,0.5288214101904272,698,701
linecfbp_cfb_geek,linecfbp_pearatings,CFB Geek,PEARatings,550,True,0.9414135543522255,0.45575143153443454,0.951632411466535,0.6457564575645757,3.5805454545454545,3.5805454545454545,0.5027726432532348,0.49722735674676527,108,82
espn_fpi,linecfbp_tshoe_index,ESPN FPI,TShoe Index,2127,True,0.9483490258467603,0.4554247610796792,0.9589452270367999,0.6558567279767668,3.4403808180535966,3.5853549600376113,0.5162200282087447,0.4837799717912553,389,353
linecfbp_david_sasser,linecfbp_professor_sides,David Sasser,Professor Sides,550,True,0.9499075111240712,0.45480630946064526,0.9496445528391303,0.678373382624769,3.5901818181818177,3.590181818181818,0.5073260073260073,0.4926739926739927,100,75
espn_fpi,linecfbp_cfb_professor,ESPN FPI,CFB Professor,1022,True,0.943085693712633,0.45441896196130777,0.9590146654504282,0.6600790513833992,3.6186203522504896,3.673336594911937,0.5225048923679061,0.4774951076320939,184,157
fei,linecfbp_beta_rank,FEI Projections,Beta_Rank,2591,True,0.9140849621400816,0.4540362821948101,0.927522048387922,0.6699333594668757,4.697437282902355,4.794033191817831,0.5453479280688037,0.4546520719311962,473,385
linecfbp_cfbwe,linept_laz,CFBWE,Laz Index,515,True,0.8934770669457097,0.453841207013335,0.9457599212606308,0.6122047244094488,4.254194174757282,4.2938058252427185,0.5252918287937743,0.47470817120622566,96,100
linecfbp_dratings,linept_bill,DRatings,Billingsley,2590,True,0.8638371647185322,0.4536501541435025,0.9235654381234916,0.6453511180855237,5.121351351351351,5.146818532818532,0.5696055684454756,0.43039443155452434,468,460
linecfbp_jp,linecfbp_power_rank_free,JP+,Power Rank: Free,1579,True,0.9050541643787177,0.4532009684549417,0.9413950199493976,0.6524822695035462,4.378594046865104,4.378594046865104,0.49935897435897436,0.5006410256410256,277,264
linept_super,teamrankings,linesuper,TeamRankings.com,769,True,0.9343134366928364,0.4528411223466078,0.8621756114441184,0.6675461741424802,7.599739921976594,7.599739921976594,0.4187256176853056,0.5812743823146944,134,119
linecfbp_cfbwe_margin,linept_fox,CFBWE: Margin,linefox,508,True,0.9352154721290508,0.45277930597874566,0.941806181280166,0.6707566462167689,4.177736220472441,4.2111220472440944,0.5109780439121756,0.48902195608782434,87,82
linecfbp_kford,linecfbp_power_rank,KFord,Power Rank,1613,True,0.9673739187928394,0.4527757308468772,0.9736304241867101,0.6234996841440303,2.799752014879107,2.799752014879107,0.4996857322438718,0.5003142677561282,313,291
linecfbp_cfb_victory,linept_big200,CFB Victory,Big 200,1050,True,0.8786052264454354,0.45214205722367057,0.8930946809767286,0.6801932367149759,5.8706000000000005,5.8998380952380955,0.5066666666666667,0.49333333333333335,175,176
linept_bihl,linept_kerns,Bihl System,Stephen Kerns,2161,True,0.9229452273653084,0.45194342250728936,0.9390192701144683,0.6675964667596467,4.320458121240166,4.320458121240166,0.5238315594632115,0.47616844053678853,341,367
linept_curry,linept_elo,Daniel Curry Index,Beck Elo,3893,True,0.9233832947587665,0.451790597129375,0.9256053688222473,0.6484817292846115,4.971769843308503,4.971769843308503,0.48481729284611425,0.5151827071538857,671,669
linept_bihl,moore_ratings,Bihl System,Moore Power Ratings,2161,True,0.9327895202914325,0.45175515719709364,0.9532944798187113,0.6675925925925926,3.814224895881537,3.814224895881537,0.5180722891566265,0.4819277108433735,347,363
linecfbp_kford,linept_wayward,KFord,Waywardtrends,1051,True,0.9582439978595876,0.45031550807194304,0.9661362745711123,0.6462128475551294,3.1359372026641292,3.287126546146527,0.5276190476190477,0.4723809523809524,195,188
linecfbp_cbcr2_power,teamrankings,CBCR2: Power,TeamRankings.com,1063,True,0.9372649845005329,0.4501116172434573,0.9436481423222762,0.6586538461538461,4.140376293508937,4.214412041392286,0.45213270142180095,0.547867298578199,197,177
linecfbp_ryder_analytics,linept_rwp,Ryder Analytics,Laffaye RWP,502,True,0.6862740908728052,0.4495760366495047,0.8732603917042936,0.6132264529058116,6.434462151394422,6.4094422310756975,0.49800796812749004,0.50199203187251,95,106
fei,sagarin_predictor,FEI Projections,Sagarin Predictor,3896,True,0.9243884085508244,0.4492011416997741,0.9478840700076618,0.6466614705118212,3.7890066735112935,3.792215092402464,0.4763617677286742,0.5236382322713258,671,689
dokter_entropy,espn_fpi,Dokter Entropy,ESPN FPI,3942,True,0.9629972737698002,0.4490226890660215,0.9702803961172977,0.6552779194288628,2.926392694063927,2.9255048198883817,0.5038090401218893,0.49619095987811074,667,676
linecfbp_cfbwe_margin,linecfbp_power_rank,CFBWE: Margin,Power Rank,516,True,0.9336888212657729,0.44852597571778297,0.9540511374922368,0.6381709741550696,3.753875968992248,3.753875968992248,0.48532289628180036,0.5146771037181996,93,93
linecfbp_cfb_professor,massey,CFB Professor,Massey Ratings,1022,True,0.9156136609250346,0.4485203118501416,0.9453765837497243,0.6248766041461007,4.288874755381604,4.31550880626223,0.4911937377690802,0.5088062622309197,168,213
keeper,linept_dwig,Keeper,DP Dwiggins,3879,True,0.9163812377206922,0.4483469305135643,0.9127080138883972,0.6921845825553481,5.063400360917762,5.063142562516113,0.5139679255043973,0.4860320744956027,645,559
linecfbp_dratings,linecfbp_pearatings,DRatings,PEARatings,550,True,0.9504032460138115,0.447934366965859,0.9584620639142082,0.6358595194085028,3.423090909090909,3.423090909090909,0.4990825688073395,0.5009174311926605,103,93
linecfbp_dratings,linept_rwp,DRatings,Laffaye RWP,2504,True,0.8567758313491264,0.44777583922588915,0.9178769729118599,0.6195121951219512,5.329708466453674,5.352240415335463,0.5668,0.4332,487,470
linept_donchess,linept_rwp,Donchess Inference,Laffaye RWP,3767,True,0.8601453159177208,0.4476919884540522,0.9192246825262569,0.6076568015204996,5.286713565171223,5.286713565171223,0.5612868917841,0.43871310821590004,738,715
linecfbp_sv_bettor,massey,SV Bettor,Massey Ratings,507,True,0.8686188749383984,0.4469580860595469,0.9285531743775598,0.6468172484599589,5.033885601577909,5.072702169625246,0.5177865612648221,0.48221343873517786,86,97
linecfbp_cfb_professor,linecfbp_professor_sides,CFB Professor,Professor Sides,1020,True,0.9467790851997672,0.44685537701555894,0.9598854606872552,0.6438631790744467,3.527058823529412,3.527058823529412,0.4634387351778656,0.5365612648221344,178,178
linecfbp_power_rank_free,linept_elo,Power Rank: Free,Beck Elo,1579,True,0.905692628067564,0.44684013633306946,0.9425531922872401,0.6263595649392194,4.388594046865105,4.461462951234958,0.5332488917036099,0.4667511082963901,316,279
linecfbp_john_harris,linecfbp_power_rank,John Harris,Power Rank,1097,True,0.9754304777149837,0.44680267331061224,0.9760975934161396,0.6207865168539326,2.602552415679125,2.602552415679125,0.5027777777777778,0.49722222222222223,215,200
linecfbp_john_harris,linept_curry,John Harris,Daniel Curry Index,1051,True,0.940512850229675,0.4464122398707534,0.9431602135594301,0.6605237633365665,4.191684110371075,4.2263558515699335,0.5575642245480494,0.4424357754519505,199,172
linecfbp_cfbwe_rounded,linept_laz,CFBWE: Rounded,Laz Index,515,True,0.8927116127392629,0.4458713154080535,0.945276297276642,0.6081632653061224,4.278427184466019,4.325456310679611,0.519455252918288,0.4805447470817121,96,105
linecfbp_kford,linecfbp_sportsratings,KFord,SportsRatings,550,True,0.9544721281096866,0.44527665780173226,0.9306851178540986,0.6672794117647058,4.291272727272727,4.291272727272727,0.5249537892791127,0.47504621072088726,87,93
linecfbp_pearatings,linept_how,PEARatings,Howell,503,True,0.9152619139531603,0.4452154890540298,0.9301363719812172,0.6137787056367432,4.653797216699801,4.764333996023857,0.546,0.454,90,115
linept_elo,sagarin,Beck Elo,Sagarin Ratings,3896,True,0.9199455855159645,0.44502783464041124,0.947134466809623,0.6604016477857878,4.036527207392197,4.036527207392197,0.45795834404731295,0.542041655952687,631,670
linecfbp_kford,linept_dwig,KFord,DP Dwiggins,1563,True,0.9349541284554094,0.44481665067742626,0.9244972358777683,0.6453759148369926,4.909213051823416,5.019641714651312,0.562137797810689,0.437862202189311,307,262
dokter_entropy,linecfbp_matt_grissom,Dokter Entropy,Matt Grissom,1098,True,0.9649038672463299,0.44481471544901335,0.9679109590584303,0.6408839779005525,3.013870673952641,3.158023679417122,0.5054744525547445,0.49452554744525545,195,198
linecfbp_oddstrader_ai,linecfbp_trent_sorensen,OddsTrader AI,Trent Sorensen,547,True,0.8009245378864747,0.4446873204722882,0.8809594348262915,0.6544401544401545,6.032541133455211,6.032541133455211,0.576427255985267,0.42357274401473294,92,102
sagarin_recent,teamrankings,Sagarin Recent,TeamRankings.com,3943,True,0.953877887092515,0.44457644738634294,0.9598950893702328,0.6549767921609077,3.301237636317525,3.301237636317525,0.49009146341463417,0.5099085365853658,668,682
linecfbp_cfbwe,linecfbp_wilson_ratings,CFBWE,Wilson Ratings,516,True,0.9101493617464911,0.4443421125059409,0.9499852273592735,0.6067193675889329,4.090116279069767,4.090116279069767,0.53515625,0.46484375,106,96
linecfbp_cfbwe_rounded,linecfbp_wilson_ratings,CFBWE: Rounded,Wilson Ratings,516,True,0.9104934340810724,0.4442332941752013,0.950198912816831,0.610655737704918,4.096705426356589,4.096705426356589,0.5282651072124757,0.47173489278752434,104,99
linecfbp_cfbwe,linecfbp_dratings,CFBWE,DRatings,516,True,0.9260600276232626,0.44421906221161367,0.9546120688416762,0.6287425149700598,3.893410852713178,3.893410852713178,0.490234375,0.509765625,104,89
keeper,linecfbp_cbcr2_power,Keeper,CBCR2: Power,1062,True,0.9314032571857247,0.4441501973172283,0.921392953126216,0.6717411988582302,4.917062146892656,4.960075329566855,0.48350612629594725,0.5164938737040528,171,191
linecfbp_cbcr2_power,linecfbp_wilson_ratings,CBCR2: Power,Wilson Ratings,1063,True,0.9311683792352847,0.444004483138467,0.9332439449001038,0.663470757430489,4.529350893697083,4.529350893697083,0.48574144486692017,0.5142585551330798,180,180
harville,sagarin_recent,David Harville,Sagarin Recent,3943,True,0.9513215218635214,0.44398122990912503,0.9565880325436374,0.6590389016018307,3.4117879786964243,3.4117879786964243,0.5090078660238518,0.49099213397614816,666,655
linept_payne,sagarin_golden_mean,linepayne,Sagarin Golden Mean,3124,True,0.860845634615491,0.4439481669279114,0.9133011415509412,0.6884615384615385,5.1073847631242,5.1073847631242,0.44697212431912847,0.5530278756808715,462,489
linept_how,linept_laz,Howell,Laz Index,3892,True,0.8740723610878474,0.4437710281187763,0.9212409076939264,0.6703091684434968,4.853699897225077,4.853699897225077,0.4633393362490352,0.5366606637509648,601,682
linecfbp_cfbwe_margin,sagarin_golden_mean,CFBWE: Margin,Sagarin Golden Mean,516,True,0.9240498333179817,0.44353960265563525,0.9480508781770793,0.6810176125244618,3.7802906976744186,3.8191666666666664,0.5232558139534884,0.47674418604651164,80,84
linecfbp_cfbwe_margin,linept_kam,CFBWE: Margin,Edward Kambour,514,True,0.9374269825370346,0.44341478358667025,0.9469367938898483,0.6476377952755905,3.8266536964980546,3.904863813229572,0.501953125,0.498046875,90,87
linecfbp_sp,linecfbp_tshoe_index,SP+,TShoe Index,2127,True,0.9424821063493136,0.44313208839824797,0.9503724528092282,0.6463711641500244,3.8517630465444292,3.8517630465444292,0.5154983309489747,0.48450166905102526,400,351
linecfbp_wilson_ratings,linept_bill,Wilson Ratings,Billingsley,2590,True,0.8510133238372213,0.4431036863736489,0.9199110446280422,0.640625,5.29976833976834,5.32165250965251,0.5460170146945089,0.4539829853054911,465,470
fei,linecfbp_cfb_professor,FEI Projections,CFB Professor,1022,True,0.8736336116416219,0.44290566957812205,0.9247882806416324,0.609297725024728,4.913708414872799,4.981536203522505,0.4856577645895153,0.5143422354104846,214,186
fei,linept_argh,FEI Projections,Argh Ratings,3135,True,0.8822550562085787,0.4428603188881595,0.9267675877064221,0.631649381063901,4.91014673046252,4.914133971291866,0.5081914551879216,0.49180854481207836,599,552
linept_kam,linept_pugh,Edward Kambour,Pugh Ratings,3887,True,0.9435805562438959,0.4428547866410354,0.9447893454483327,0.6581658938691396,4.149354257782351,4.149354257782351,0.5023171987641607,0.49768280123583936,653,652
linept_cather,linept_kam,linecather,Edward Kambour,921,True,0.9369519215786818,0.4428523344936969,0.9356989449663722,0.6380090497737556,4.5712377850162875,4.5712377850162875,0.4516829533116178,0.5483170466883822,151,183
linecfbp_pearatings,sagarin_predictor,PEARatings,Sagarin Predictor,550,True,0.9591836033123763,0.4422176251284318,0.96577976049766,0.6385321100917432,3.019454545454545,3.1425454545454543,0.49636363636363634,0.5036363636363637,93,109
linept_laz,linept_loud,Laz Index,Loudsound.org,3812,True,0.756224246055686,0.4422129733746196,0.8787677781759294,0.662009672219237,6.17128016789087,6.17128016789087,0.5703412073490813,0.4296587926509186,663,614
linept_payne,sagarin,linepayne,Sagarin Ratings,3124,True,0.8628309628224079,0.44207422462794055,0.915711147699075,0.6731942215088282,5.1906690140845075,5.1906690140845075,0.43946188340807174,0.5605381165919282,494,508
linept_big200,linept_how,Big 200,Howell,1558,True,0.895267696908927,0.44164051631237655,0.9062493309945423,0.6684420772303595,5.561585365853659,5.561585365853659,0.49710982658959535,0.5028901734104047,275,239
linecfbp_john_harris,linecfbp_sportsline,John Harris,SportsLine,1097,True,0.9287999789414787,0.441322133971943,0.9404538675381323,0.6471698113207547,4.462351868732909,4.462351868732909,0.5605504587155963,0.43944954128440367,205,182
linecfbp_kford,linept_talis,KFord,Talisman Red,1563,True,0.9451578455962341,0.4411972966424482,0.9491976131228668,0.66343669250646,3.7784261036468334,3.9514267434420987,0.5371794871794872,0.46282051282051284,272,264
linept_bill,massey,Billingsley,Massey Ratings,3895,True,0.8545011620605691,0.441090426999523,0.9192302060767604,0.6278292181069959,5.270528883183569,5.271299101412066,0.4591049382716049,0.5408950617283951,694,731
linecfbp_si_composite,linecfbp_sp,SI Composite,SP+,505,True,0.9583114967099173,0.4409947979317511,0.9657166764454299,0.6222222222222222,3.34990099009901,3.34990099009901,0.48697394789579157,0.5130260521042084,89,99
linecfbp_sv_bettor,linecfbp_wilson_ratings,SV Bettor,Wilson Ratings,507,True,0.8911605605809978,0.4408490101584098,0.9331293155136392,0.6535269709543569,4.85542406311637,4.85542406311637,0.48906560636182905,0.510934393638171,93,81
linecfbp_cfb_victory,linept_laz,CFB Victory,Laz Index,1051,True,0.8625509691885036,0.44067878139140687,0.899961028609957,0.7104247104247104,4.995670789724072,5.085490009514748,0.4552380952380952,0.5447619047619048,152,165
harville,linecfbp_tshoe_index,David Harville,TShoe Index,2127,True,0.9441178445806822,0.4402553787736482,0.955301639244481,0.6540880503144654,3.608377997179126,3.694555712270804,0.5070688030160226,0.49293119698397736,392,370
linept_donchess,linept_how,Donchess Inference,Howell,3894,True,0.8939929018554732,0.43955339694317686,0.9321632896448243,0.64375,4.753649203903441,4.753649203903441,0.545858374706036,0.45414162529396396,719,670
piratings_mean,teamrankings,Pi-Ratings Mean,TeamRankings.com,3943,True,0.9624072959610591,0.43941563875462863,0.9664243573729104,0.6560625814863102,3.1187522191224955,3.1190058331219883,0.49074074074074076,0.5092592592592593,663,687
linecfbp_david_sasser,linecfbp_kford,David Sasser,KFord,550,True,0.9478320944542179,0.4391897796882009,0.9564353627796165,0.6199261992619927,3.5661818181818186,3.5661818181818186,0.5174953959484346,0.48250460405156537,109,93
linecfbp_cfb_professor,linecfbp_tshoe_index,CFB Professor,TShoe Index,514,True,0.9402771543551149,0.4389915712021619,0.9534906333904625,0.640973630831643,3.899027237354086,3.899027237354086,0.492156862745098,0.5078431372549019,94,89
linept_big200,linept_dwig,Big 200,DP Dwiggins,1556,True,0.8989282399782674,0.4387292884520873,0.8977001235650138,0.6435185185185185,5.883316195372751,5.883316195372751,0.49389067524115754,0.5061093247588424,295,260
linecfbp_sv_bettor,linept_dwig,SV Bettor,DP Dwiggins,505,True,0.8413908701044529,0.43872812901814595,0.9033779408485948,0.6129032258064516,6.033069306930693,6.13009900990099,0.5216494845360825,0.47835051546391755,93,106
linept_dunk,linept_elo,Dunkel Index,Beck Elo,3472,True,0.9266113664344939,0.4383790949690653,0.9272632957068458,0.6614718614718614,4.736146313364055,4.736146313364055,0.48803689824156815,0.5119631017584318,581,570
linecfbp_power_rank_free,linept_how,Power Rank: Free,Howell,1579,True,0.8875416286036888,0.43819425542297175,0.9316569956296441,0.6302910052910053,4.939417352754909,4.993578214059531,0.5428388746803069,0.4571611253196931,328,264
linept_pugh,linept_talis,Pugh Ratings,Talisman Red,3836,True,0.9315789512932059,0.43789221477998613,0.9349339933622522,0.7141366718831508,4.053347236704901,4.053347236704901,0.5037829376467519,0.4962170623532481,506,569
espn_fpi,linept_pugh,ESPN FPI,Pugh Ratings,3889,True,0.9599758387730853,0.43749809356938646,0.9526091798353814,0.6485441896418449,3.8311133967600925,3.8304705579840572,0.5386199794026777,0.46138002059732236,689,656
linecfbp_jp,linecfbp_wilson_ratings,JP+,Wilson Ratings,2129,True,0.899323691327801,0.43741281131624227,0.937759392722643,0.6322611617858858,4.494645373414749,4.494645373414749,0.5080416272469253,0.49195837275307475,400,372
linecfbp_matt_grissom,piratings_bias,Matt Grissom,PI-Rate Bias,1098,True,0.9576681604172602,0.437378515674501,0.9554320893620194,0.6592797783933518,3.5704098360655743,3.725327868852459,0.5565777368905244,0.44342226310947563,215,169
linecfbp_cfbwe_rounded,linecfbp_dratings,CFBWE: Rounded,DRatings,516,True,0.9251690896070026,0.4366067490418245,0.9542481978901004,0.6252587991718427,3.916279069767442,3.916279069767442,0.49411764705882355,0.5058823529411764,103,93
harville,linept_born,David Harville,Born Power Index,3133,True,0.959016791727492,0.43631238075485684,0.9433867081527764,0.6395014381591563,4.296958187041175,4.296958187041175,0.5289229785874081,0.4710770214125919,560,548
dokter_entropy,sagarin_golden_mean,Dokter Entropy,Sagarin Golden Mean,3942,True,0.949633170565638,0.4359458395026894,0.9606426716127168,0.6350662589194699,3.285228310502283,3.285228310502283,0.5138289774168993,0.48617102258310074,701,724
linept_bill,linept_loud,Billingsley,Loudsound.org,3813,True,0.7014252924404345,0.43558084198424585,0.8683573154178483,0.6545893719806763,6.719771833202202,6.719771833202202,0.5317418677859391,0.4682581322140609,656,640
linecfbp_power_rank_free,linept_kam,Power Rank: Free,Edward Kambour,1577,True,0.95279744909604,0.43545550163097924,0.9508704091251711,0.6054987212276215,3.95287888395688,4.0750348763474955,0.5256816740646798,0.47431832593532025,333,294
espn_fpi,linecfbp_pearatings,ESPN FPI,PEARatings,550,True,0.9650805415132745,0.4353115470151881,0.9660461536741162,0.6330275229357798,3.030981818181818,3.1555272727272725,0.4826325411334552,0.5173674588665448,101,103
linecfbp_ryder_analytics,linept_clean,Ryder Analytics,Cleanup Hitter,503,True,0.6282987279882919,0.4351049903869065,0.8455723861784451,0.675564681724846,7.360019880715706,7.415288270377733,0.558,0.442,76,96
linecfbp_power_rank_free,linept_bill,Power Rank: Free,Billingsley,1578,True,0.8359056304785094,0.43490011589018684,0.9162048804506924,0.6302681992337165,5.4734157160963255,5.486153358681877,0.5627376425855514,0.4372623574144487,308,275
linecfbp_wilson_ratings,linept_clean,Wilson Ratings,Cleanup Hitter,2552,True,0.7766094180582253,0.4344002414129062,0.894340119132383,0.6202839756592292,6.259083072100314,6.35448275862069,0.5678133649663899,0.4321866350336101,488,489
linecfbp_cfbwe,massey,CFBWE,Massey Ratings,516,True,0.9051573269343972,0.4338599425189709,0.9506355140861306,0.6031434184675835,3.9886627906976737,4.003624031007751,0.541747572815534,0.458252427184466,96,108
linecfbp_cfbwe,linept_donchess,CFBWE,Donchess Inference,516,True,0.9267870902791276,0.43385923443763447,0.9555356314897522,0.6317907444668008,3.809476744186046,3.8350581395348833,0.49902152641878667,0.5009784735812133,103,88
linept_bihl,linept_dunk,Bihl System,Dunkel Index,2155,True,0.9261040998898646,0.43352690081242623,0.9408513913283081,0.6567580120761728,4.370510440835267,4.370510440835267,0.5187935034802784,0.4812064965197216,355,371
linept_bihl,linept_born,Bihl System,Born Power Index,1746,True,0.9390725307928292,0.4334825156104244,0.9488305063277375,0.6297994269340974,4.093951890034364,4.093951890034364,0.5063073394495413,0.49369266055045874,303,335
linecfbp_cfbwe_talent,linecfbp_power_rank,CFBWE: Talent,Power Rank,516,True,0.8004016099267269,0.43326466446485495,0.8994561382101355,0.6475247524752475,6.0748062015503885,6.074806201550388,0.442495126705653,0.557504873294347,92,88
linept_how,moore_ratings,Howell,Moore Power Ratings,3891,True,0.891206664144742,0.4331088105392626,0.9206361742093436,0.6523708044752264,5.089154459007967,5.088768953996403,0.4930519814719506,0.5069480185280494,661,695
fei,linecfbp_power_rank_free,FEI Projections,Power Rank: Free,1579,True,0.9388683292026595,0.4326156830536827,0.9521279909362328,0.6223369916074887,3.9508676377454086,4.082406586447118,0.48624440179142675,0.5137555982085733,300,309
linept_bill,linept_wayward,Billingsley,Waywardtrends,1559,True,0.8805237886637857,0.4324767762965956,0.9277654848426892,0.6335044929396663,4.9683771648492625,4.9683771648492625,0.457931920359666,0.542068079640334,282,273
linept_laz,massey,Laz Index,Massey Ratings,3894,True,0.8977321314419701,0.4324614397457637,0.9358942360578996,0.6454685890834192,4.0962917308680025,4.096302003081664,0.499357161223965,0.500642838776035,681,678
dokter_entropy,piratings_mean,Dokter Entropy,Pi-Ratings Mean,3942,True,0.9618377684457062,0.4321430255672907,0.9659430741374159,0.636340206185567,3.1985362760020295,3.1987899543379,0.5125730251460503,0.4874269748539497,721,696
linecfbp_cfbwe_margin,linecfbp_sp,CFBWE: Margin,SP+,516,True,0.9393771257244615,0.4319622525237689,0.9494633485264092,0.6462450592885376,3.871124031007752,3.871124031007752,0.49320388349514566,0.5067961165048543,97,86
linecfbp_john_harris,linecfbp_room44_bets,John Harris,Room44 Bets,1097,True,0.9527858563380155,0.43168813188925137,0.9591565912664547,0.6198501872659176,3.4904284412032816,3.4904284412032816,0.5235457063711911,0.47645429362880887,206,214
linecfbp_pearatings,sagarin_golden_mean,PEARatings,Sagarin Golden Mean,550,True,0.9519154059214979,0.4316620132304347,0.9584625700595499,0.6678966789667896,3.365781818181819,3.4696,0.5145454545454545,0.48545454545454547,92,95
linecfbp_cfbwe_rounded,massey,CFBWE: Rounded,Massey Ratings,516,True,0.9055387582600821,0.43144899409880905,0.9507680904799393,0.6069246435845214,4.000794573643411,4.010833333333333,0.537864077669903,0.4621359223300971,94,111
linecfbp_david_sasser,linecfbp_dratings,David Sasser,DRatings,550,True,0.9341281499097458,0.43129174747209914,0.9473096932306505,0.6524953789279113,3.8494545454545452,3.8494545454545452,0.5027624309392266,0.4972375690607735,98,90
linecfbp_tshoe_index,linecfbp_wilson_ratings,TShoe Index,Wilson Ratings,2127,True,0.9309042432210559,0.43123192275507716,0.9461847309743009,0.6537897310513447,4.039304184297132,4.039304184297132,0.5018975332068312,0.4981024667931689,350,383
linept_elo,linept_paynewl,Beck Elo,linepaynewl,3124,True,0.773122733502217,0.43108882571933277,0.8785135209807992,0.65553772070626,6.442045454545455,6.442045454545455,0.5597182196605828,0.44028178033941723,519,532
linept_loud,linept_pfz,Loudsound.org,PerformanZ Ratings,3814,True,0.8130512287997996,0.43106358012126483,0.8611793349831327,0.6422436929683306,6.993091242789722,6.993091242789722,0.48819517313746064,0.5118048268625394,659,692
linecfbp_cfb_geek,teamrankings,CFB Geek,TeamRankings.com,2122,True,0.9548253627324258,0.4305866680586224,0.9591800313909412,0.6512746512746512,3.444868049010368,3.5104194156456177,0.4811815150071463,0.5188184849928538,379,357
linept_paynewl,sagarin,linepaynewl,Sagarin Ratings,3124,True,0.7796570053594102,0.43049519614679577,0.8822490245321899,0.6508191455187922,6.528959667093471,6.528959667093471,0.4174135723431498,0.5825864276568502,527,541
linecfbp_cfb_geek,linecfbp_sp,CFB Geek,SP+,2120,True,0.9441455595980395,0.43048346826962436,0.9503197333077124,0.639367816091954,3.786179245283019,3.786179245283019,0.4869109947643979,0.5130890052356021,371,388
linecfbp_power_rank_free,linept_fox,Power Rank: Free,linefox,1023,True,0.9450905913733986,0.4304415898757253,0.9451445290548725,0.6251276813074566,4.187311827956989,4.25763440860215,0.5191740412979351,0.4808259587020649,196,182
linept_elo,linept_loud,Beck Elo,Loudsound.org,3814,True,0.7663811655333611,0.4302525551200465,0.8768969175718938,0.6375838926174496,6.492089669638176,6.492089669638176,0.551733193277311,0.4482668067226891,674,689
linept_pfz,linept_round,PerformanZ Ratings,lineround,2105,True,0.8689216633657469,0.4301958814216001,0.897451662556704,0.6387128230131643,6.079515439429929,6.07951543942993,0.505468378506895,0.4945316214931051,387,365
linecfbp_si_composite,teamrankings,SI Composite,TeamRankings.com,505,True,0.9698992932732746,0.4301452455263136,0.9670549904021851,0.6633064516129032,3.1831683168316833,3.215445544554455,0.49500998003992014,0.5049900199600799,80,91
linecfbp_cfbwe_margin,linecfbp_professor_sides,CFBWE: Margin,Professor Sides,515,True,0.9395711955026274,0.43013996051466646,0.9546670970319598,0.656,3.619611650485437,3.619611650485437,0.487279843444227,0.512720156555773,96,79
dokter_entropy,linecfbp_power_rank_free,Dokter Entropy,Power Rank: Free,1579,True,0.9554686064314282,0.42990290745218646,0.9621074716385846,0.6199616122840691,3.420664977834072,3.570696643445218,0.5231158961367954,0.47688410386320457,301,308
linecfbp_cfb_professor,sagarin_predictor,CFB Professor,Sagarin Predictor,1022,True,0.9279440615404178,0.4298798123432923,0.9529975560791301,0.6419386745796242,3.8603816046966735,3.9186594911937376,0.48532289628180036,0.5146771037181996,167,199
linecfbp_matt_grissom,sagarin,Matt Grissom,Sagarin Ratings,1098,True,0.9645916629534063,0.4298610249484989,0.9661381843318747,0.6446280991735537,3.1031056466302367,3.210336976320583,0.4726277372262774,0.5273722627737226,205,199
linept_kam,teamrankings,Edward Kambour,TeamRankings.com,3894,True,0.9526068030718429,0.42964676341848707,0.9575699247981966,0.65979650404383,3.5359039548022597,3.5359039548022597,0.4727366255144033,0.5272633744855967,643,666
linecfbp_kford,linept_argh,KFord,Argh Ratings,1063,True,0.9241105207889339,0.42910046398151525,0.944215033354687,0.633761105626851,4.183772342427093,4.311806208842898,0.5525070955534531,0.4474929044465468,220,181
harville,linecfbp_cfb_victory,David Harville,CFB Victory,1098,True,0.8769715648264148,0.42902059023464817,0.9129014361490411,0.6487985212569316,5.221967213114754,5.320364298724955,0.5496809480401094,0.45031905195989064,188,208
linecfbp_tshoe_index,linept_round,TShoe Index,lineround,983,True,0.8745724454643178,0.42830617048291025,0.9179956166652774,0.6279317697228145,5.170701932858595,5.2230925737538145,0.5495867768595041,0.45041322314049587,200,174
fei,linecfbp_cfbwe_margin,FEI Projections,CFBWE: Margin,516,True,0.9229189927270919,0.4281378436798102,0.9434070801315068,0.6326129666011788,4.368953488372093,4.401472868217054,0.47674418604651164,0.5232558139534884,91,95
linept_clean,linept_paynewl,Cleanup Hitter,linepaynewl,3084,True,0.6442178289173608,0.4279033932079471,0.8525880817049803,0.6223333333333333,7.700116731517511,7.700116731517511,0.5084306095979247,0.4915693904020752,571,586
linecfbp_sp,teamrankings,SP+,TeamRankings.com,2638,True,0.9594341851479482,0.4273093359203812,0.9636618827647987,0.6313542879317036,3.311565579984837,3.4442418498862772,0.495026778882938,0.504973221117062,501,472
linecfbp_blake_atkinson,linecfbp_cfb_geek,Blake Atkinson,CFB Geek,515,True,0.9603849738665374,0.42729388062716284,0.9601593097366525,0.6383399209486166,3.2409708737864076,3.2409708737864076,0.5570866141732284,0.44291338582677164,94,89
linecfbp_jp,linecfbp_trent_sorensen,JP+,Trent Sorensen,1098,True,0.7811669578180026,0.42657811391318723,0.8816710834261908,0.6155988857938719,6.352094717668487,6.352094717668488,0.5461187214611872,0.45388127853881277,213,201
linecfbp_cfb_geek,linept_paynep,CFB Geek,linepaynep,1562,True,0.8926290127204201,0.4263422727776893,0.9095547202762088,0.6299161831076725,5.628297055057618,5.737400768245839,0.5413196668802049,0.458680333119795,302,282
piratings_bias,teamrankings,PI-Rate Bias,TeamRankings.com,3943,True,0.9586873889389368,0.42604511198936756,0.9588452890612186,0.6506742738589212,3.453512553892975,3.453766167892468,0.48139594559917886,0.5186040544008211,681,676
harville,linept_dwig,David Harville,DP Dwiggins,3888,True,0.9247310857687113,0.42603341602461026,0.923362261484916,0.6382243487506646,5.00783950617284,5.00783950617284,0.546062789500772,0.45393721049922797,719,686
linept_paynewl,massey,linepaynewl,Massey Ratings,3124,True,0.76569573267549,0.4259964114586899,0.8792864949769221,0.6033376123234917,6.81067861715749,6.8097183098591545,0.42907460774895934,0.5709253922510407,583,640
linept_pugh,sagarin_recent,Pugh Ratings,Sagarin Recent,3889,True,0.9433964048217673,0.42594504335766714,0.9442887073745899,0.6534398350940479,4.036022113653896,4.036022113653896,0.48184393510172546,0.5181560648982745,663,663
linecfbp_tshoe_index,sagarin_predictor,TShoe Index,Sagarin Predictor,2127,True,0.9435402911284931,0.42594418603560297,0.9549489024046376,0.6472868217054264,3.662148566055477,3.778829337094499,0.4788135593220339,0.5211864406779662,358,411
espn_fpi,linept_bihl,ESPN FPI,Bihl System,2161,True,0.9376221933507255,0.42589344259678147,0.9613143413654727,0.6402042711234912,3.434488662656178,3.434488662656178,0.546339202965709,0.453660797034291,403,366
linept_curry,linept_how,Daniel Curry Index,Howell,3891,True,0.9040975415757354,0.42586804295229097,0.9121632296433311,0.6514788169464428,5.38674119763557,5.38674119763557,0.49884289020313705,0.5011571097968629,680,666
linecfbp_sv_bettor,sagarin_golden_mean,SV Bettor,Sagarin Golden Mean,507,True,0.892779966864203,0.425781487532942,0.9302910258676648,0.7166324435318275,4.375266272189349,4.429783037475344,0.4891518737672584,0.5108481262327417,75,78
linecfbp_cfbwe_rounded,linept_donchess,CFBWE: Rounded,Donchess Inference,516,True,0.9260272726525951,0.4256160349786585,0.955239196375905,0.6291666666666667,3.830406976744186,3.855600775193798,0.500990099009901,0.499009900990099,102,92
dokter_entropy,linept_fox,Dokter Entropy,linefox,2328,True,0.9477090930631824,0.4255809583125229,0.9524316902827582,0.6345811051693404,3.876688144329896,3.876688144329896,0.532730404823428,0.4672695951765719,428,415
harville,moore_ratings,David Harville,Moore Power Ratings,3940,True,0.9277815753705915,0.4255199324500729,0.9443717850513198,0.6463414634146342,4.158588832487308,4.15846192893401,0.5326390652781305,0.46736093472186946,690,684
linept_born,piratings_bias,Born Power Index,PI-Rate Bias,3133,True,0.9390639126887956,0.4253631344846323,0.9384795435573614,0.64425860405275,4.413281200127673,4.41360038301947,0.46325878594249204,0.536741214057508,534,560
linecfbp_matt_grissom,sagarin_recent,Matt Grissom,Sagarin Recent,1098,True,0.958361945619304,0.42533949804055843,0.9602079431636589,0.6382001836547291,3.3002276867030966,3.4237795992714024,0.5027322404371585,0.4972677595628415,215,193
linecfbp_dratings,linept_how,DRatings,Howell,2589,True,0.8896006152182725,0.42531948687892807,0.930288508849794,0.6423357664233577,4.844461181923523,4.898335264580919,0.5379202501954652,0.4620797498045348,481,459
linecfbp_cfbwe_average,linept_loud,CFBWE: Average,Loudsound.org,458,True,0.7305327486741641,0.4252186704739454,0.8805506640313794,0.600451467268623,6.493886462882096,6.481877729257642,0.5614035087719298,0.43859649122807015,82,100
linept_cather,linept_pig,linecather,Pigskin Index,923,True,0.9397483511180303,0.4251943595586091,0.9381293327319313,0.66270783847981,4.392134344528711,4.392134344528711,0.4365361803084223,0.5634638196915777,149,168
linept_pig,piratings,Pigskin Index,Pi-Ratings,3443,True,0.9494156915491035,0.4243970270586557,0.9521603255969033,0.6425925925925926,3.8562997386000584,3.85659018297996,0.49823840281855547,0.5017615971814445,572,660
linept_bihl,linept_talis,Bihl System,Talisman Red,2157,True,0.929274810657446,0.4240061146042608,0.9509054148487179,0.6784222737819026,3.615530829856281,3.615530829856281,0.49837587006960554,0.5016241299303944,313,374
linecfbp_tshoe_index,linept_argh,TShoe Index,Argh Ratings,1579,True,0.9093231326977613,0.42379146765005826,0.9334357596043104,0.630976430976431,4.682520582647245,4.758264724509183,0.5222724338282763,0.4777275661717237,308,275
dokter_entropy,massey,Dokter Entropy,Massey Ratings,3942,True,0.9412326319153412,0.4236068501265209,0.954072666665568,0.6395615600305888,3.689718417047184,3.6900634195839674,0.525660569105691,0.47433943089430897,683,714
linept_payne,massey,linepayne,Massey Ratings,3124,True,0.8460431509152807,0.4229499225675171,0.9075784082432987,0.6209108402822322,5.707330345710628,5.706370038412292,0.4584802821417121,0.5415197178582879,558,615
harville,piratings_mean,David Harville,Pi-Ratings Mean,3943,True,0.9599195129495341,0.4228400356513505,0.9614094692607469,0.6495242993057341,3.378762363682475,3.3790159776819677,0.4992389649923896,0.5007610350076104,692,671
dokter_entropy,harville,Dokter Entropy,David Harville,3942,True,0.9580908765598815,0.42270667271648377,0.9662055445243175,0.6421293937850229,3.0981557584982244,3.0981557584982244,0.5177664974619289,0.48223350253807107,698,693
linecfbp_cfbwe,sagarin_golden_mean,CFBWE,Sagarin Golden Mean,516,True,0.9152257595189727,0.4226931072162911,0.950476029541025,0.596078431372549,3.888701550387597,3.926337209302326,0.5339805825242718,0.46601941747572817,105,100
linecfbp_cbcr2_power,linecfbp_tshoe_index,CBCR2: Power,TShoe Index,1063,True,0.9167443400514468,0.42211529682905885,0.9280611567512577,0.6280193236714976,4.768955785512699,4.768955785512699,0.49240986717267554,0.5075901328273245,202,194
linecfbp_cfb_graphs,linept_round,CFB Graphs,lineround,986,True,0.8719581296673147,0.42081929356995873,0.9180255723047236,0.643305439330544,5.071196754563895,5.153144016227181,0.5665983606557377,0.4334016393442623,183,172
linecfbp_sportsratings,linept_big200,SportsRatings,Big 200,503,True,0.911218103499143,0.42075705396970636,0.8958239095680001,0.652,5.667972166998012,5.7150497017892645,0.510934393638171,0.48906560636182905,86,90
linecfbp_cfbwe_rounded,sagarin_golden_mean,CFBWE: Rounded,Sagarin Golden Mean,516,True,0.9153001956612596,0.42010989546403027,0.9505918142657924,0.6036585365853658,3.9001744186046508,3.944244186046512,0.5505836575875487,0.4494163424124514,101,101
harville,linecfbp_si_composite,David Harville,SI Composite,505,True,0.9495398257299399,0.41974180790987736,0.9634793844089725,0.6553784860557769,3.341485148514851,3.351940594059406,0.4990059642147117,0.5009940357852882,83,93
linecfbp_david_sasser,linecfbp_matt_grissom,David Sasser,Matt Grissom,550,True,0.9393883499797939,0.4196812722909016,0.9450576215752543,0.647495361781076,3.7934545454545456,3.7934545454545456,0.49168207024029575,0.5083179297597042,96,90
linecfbp_kford,piratings_mean,KFord,Pi-Ratings Mean,1613,True,0.9656815917656804,0.41955175974899384,0.9653515870378733,0.6284810126582279,3.151624302541847,3.298617482951023,0.5350877192982456,0.4649122807017544,330,286
linecfbp_kford,linept_round,KFord,lineround,659,True,0.8848958259719243,0.4187921045532141,0.9237535221695726,0.6546875,4.901972685887708,4.961911987860394,0.5941807044410413,0.4058192955589586,134,105
linecfbp_cbcr2_power,linecfbp_john_harris,CBCR2: Power,John Harris,548,True,0.9343901352856576,0.4187248850967435,0.9400810627672058,0.6394052044609665,4.437226277372264,4.437226277372264,0.45387453874538747,0.5461254612546126,95,104
massey,piratings,Massey Ratings,Pi-Ratings,3943,True,0.9436375259938367,0.41853325926137075,0.9445185844451399,0.647887323943662,4.0953918336292165,4.096406289627188,0.49111223971559165,0.5088877602844083,703,670
linecfbp_power_rank_free,linept_argh,Power Rank: Free,Argh Ratings,1579,True,0.8845972142004069,0.417802604715065,0.93709209087011,0.607687210072896,4.644901836605446,4.707853071564281,0.5246006389776358,0.47539936102236424,341,285
linept_talis,massey,Talisman Red,Massey Ratings,3839,True,0.9269481439026187,0.4175909724034074,0.9343577935097138,0.6236951983298539,4.617999479030997,4.618780932534515,0.4803129074315515,0.5196870925684485,714,709
linecfbp_trent_sorensen,linept_how,Trent Sorensen,Howell,1051,True,0.7843942782339336,0.41747369375342885,0.8765604206637997,0.6133200795228628,6.511826831588962,6.564443387250237,0.45576923076923076,0.5442307692307692,218,201
dokter_entropy,linecfbp_pearatings,Dokter Entropy,PEARatings,550,True,0.9645240588497059,0.4173565232296409,0.9683457270254398,0.6273062730627307,2.815381818181818,2.9248727272727275,0.5165441176470589,0.4834558823529412,104,100
linept_rwp,sagarin_predictor,Laffaye RWP,Sagarin Predictor,3767,True,0.8555966831898214,0.41665966632530754,0.9157615745243287,0.6367509986684421,5.195564109370852,5.195564109370853,0.45191285866099895,0.548087141339001,652,686
linecfbp_dratings,sagarin_golden_mean,DRatings,Sagarin Golden Mean,2638,True,0.9352704763795324,0.41638592437942007,0.9545623135820869,0.6551059730250481,3.5318309325246404,3.6112016679302497,0.5032282567413596,0.4967717432586403,466,455
linept_donchess,sagarin_golden_mean,Donchess Inference,Sagarin Golden Mean,3896,True,0.9371554190133272,0.416252662982639,0.9559823216123725,0.6665791546337622,3.4296894250513352,3.429689425051335,0.5055284134739008,0.49447158652609924,634,650
linept_dunk,piratings_bias,Dunkel Index,PI-Rate Bias,3472,True,0.9244822564119379,0.4160866081891859,0.9307235606471693,0.6440185830429733,4.6545737327188945,4.654285714285715,0.46928179982693974,0.5307182001730603,586,622
linept_pfz,linept_pugh,PerformanZ Ratings,Pugh Ratings,3889,True,0.8926336381995158,0.4158793436624884,0.904504669977713,0.6505404014410705,5.680588840318848,5.680588840318848,0.46217189912506434,0.5378281008749357,689,646
linept_pig,sagarin_recent,Pigskin Index,Sagarin Recent,3443,True,0.9459610670570853,0.4150813881155287,0.9509016523047312,0.6793611793611793,3.594917223351728,3.594917223351728,0.4970913321698662,0.5029086678301338,524,583
linecfbp_cfb_professor,linecfbp_power_rank_free,CFB Professor,Power Rank: Free,514,True,0.9316783156426245,0.4150155141979536,0.9510176107096988,0.627254509018036,4.154474708171207,4.154474708171207,0.503968253968254,0.49603174603174605,85,100
linept_fox,massey,linefox,Massey Ratings,2329,True,0.942371694653318,0.4148496571215294,0.9382835921774428,0.6651845264562027,4.245697724345212,4.245697724345212,0.48022355975924336,0.5197764402407566,353,418
linecfbp_jp,linept_wayward,JP+,Waywardtrends,1051,True,0.9070442222148719,0.41470591924504296,0.9404221376481634,0.6234390009606148,4.364100856327307,4.44035204567079,0.5161904761904762,0.4838095238095238,214,183
linept_dunk,linept_super,Dunkel Index,linesuper,692,True,0.9086035858789134,0.41387713512230095,0.8567975357704173,0.6144927536231884,7.862239884393063,7.862239884393063,0.5708092485549133,0.4291907514450867,131,131
linecfbp_cfbwe_talent,massey,CFBWE: Talent,Massey Ratings,516,True,0.7582126010427168,0.41366684292864714,0.8950659196391834,0.61328125,6.2256395348837215,6.2105232558139525,0.4689922480620155,0.5310077519379846,93,110
linept_dwig,linept_pfz,DP Dwiggins,PerformanZ Ratings,3888,True,0.8722523697248942,0.4134672351185174,0.8879359436909839,0.6481530693595535,6.292605452674898,6.292605452674898,0.5229027277406073,0.4770972722593927,653,712
linecfbp_power_rank_free,linept_payne,Power Rank: Free,linepayne,1569,True,0.8452260302330978,0.41336871953277515,0.9075006469524824,0.6291773778920309,5.6810516252390055,5.734690885914595,0.5542091836734694,0.4457908163265306,310,270
linecfbp_matt_grissom,sagarin_golden_mean,Matt Grissom,Sagarin Golden Mean,1098,True,0.9555143495337237,0.41311280600037403,0.9598361490282097,0.6433823529411765,3.4314936247723136,3.527067395264116,0.4972677595628415,0.5027322404371585,214,188
espn_fpi,linecfbp_si_composite,ESPN FPI,SI Composite,505,True,0.9562452878812717,0.41277125773384077,0.9659573027839301,0.626746506986028,3.340059405940594,3.3064356435643565,0.5416666666666666,0.4583333333333333,95,96
linecfbp_david_sasser,moore_ratings,David Sasser,Moore Power Ratings,550,True,0.9059302921070483,0.41237999585759394,0.9249680574840794,0.6238532110091743,4.687145454545454,4.766163636363635,0.5418181818181819,0.4581818181818182,107,99
linept_born,sagarin_recent,Born Power Index,Sagarin Recent,3133,True,0.9386947859529302,0.4123075497734145,0.936203109148777,0.6733845169545746,4.187947654005745,4.187947654005745,0.46424010217113665,0.5357598978288634,500,504
harville,linecfbp_cfb_professor,David Harville,CFB Professor,1022,True,0.932036659637771,0.41222957701177804,0.9538235194155341,0.6314229249011858,3.865753424657534,3.9344618395303326,0.5205479452054794,0.4794520547945205,200,178
linecfbp_cbcr2_sam,linept_kam,CBCR2: Sam,Edward Kambour,515,True,0.9189339892272669,0.4121674081619126,0.9276860621361597,0.6498054474708171,4.6339223300970875,4.6794757281553405,0.5009708737864078,0.49902912621359224,88,90
linecfbp_pearatings,linept_wayward,PEARatings,Waywardtrends,503,True,0.9546317846631049,0.41153171261528726,0.9587027947512112,0.5943775100401606,3.4324254473161036,3.578667992047714,0.5407554671968191,0.4592445328031809,99,108
linept_laz,sagarin_golden_mean,Laz Index,Sagarin Golden Mean,3894,True,0.9072718676542958,0.4111830045606382,0.9375081307896679,0.6646937725167267,3.7978864920390345,3.7978864920390345,0.4879239465570401,0.5120760534429599,649,634
linept_clean,massey,Cleanup Hitter,Massey Ratings,3855,True,0.7624620165603901,0.4104822499856464,0.8855705456423609,0.643028525726473,6.282230869001297,6.281452658884565,0.4356512714063311,0.5643487285936689,651,716
espn_fpi,linecfbp_john_harris,ESPN FPI,John Harris,1098,True,0.9738999389817106,0.4102701487047663,0.973431797375174,0.6496756255792401,2.6610200364298726,2.8774316939890707,0.4927007299270073,0.5072992700729927,195,203
linept_bihl,sagarin_predictor,Bihl System,Sagarin Predictor,2161,True,0.9347182505707399,0.4099945809298027,0.9598267979994553,0.6307977736549165,3.479315131883387,3.4793151318833875,0.47453703703703703,0.5254629629629629,380,406
linept_big200,linept_talis,Big 200,Talisman Red,1554,True,0.9029437400897625,0.40986220949444896,0.9098404761825939,0.6522858982614295,5.365212355212356,5.365212355212356,0.49226804123711343,0.5077319587628866,284,247
linecfbp_sportsline,linept_fox,SportsLine,linefox,515,True,0.9178129621562086,0.40972676650637224,0.930252898283236,0.6452282157676349,4.571009708737863,4.678699029126213,0.5074626865671642,0.4925373134328358,94,96
linecfbp_beta_rank,linecfbp_wilson_ratings,Beta_Rank,Wilson Ratings,2637,True,0.9168637830549684,0.40971330260120215,0.9255933664023875,0.6404320987654321,4.902502844141069,4.902502844141068,0.4681176021382207,0.5318823978617793,446,498
linept_curry,sagarin_recent,Daniel Curry Index,Sagarin Recent,3893,True,0.9219706121672788,0.409301514290221,0.927905909221627,0.6539649845520082,4.6195710249165165,4.6195710249165165,0.46001542813062485,0.5399845718693752,657,660
fei,sagarin_golden_mean,FEI Projections,Sagarin Golden Mean,3896,True,0.9139772266931956,0.4092680546103666,0.9397324041284676,0.6591381100726895,3.893865503080082,3.8970739219712525,0.4862573850500899,0.5137426149499101,643,668
linecfbp_tshoe_index,sagarin,TShoe Index,Sagarin Ratings,2127,True,0.9436301990599009,0.4092017406410162,0.9550293793643168,0.6389157792836399,3.6718053596614952,3.768956276445699,0.4863593603010348,0.5136406396989652,379,410
linecfbp_oddstrader_ai,linecfbp_ryder_analytics,OddsTrader AI,Ryder Analytics,547,True,0.8116167089193939,0.40898216883828376,0.9017203858061477,0.6673076923076923,5.681901279707495,5.681901279707495,0.6139705882352942,0.3860294117647059,93,86
linecfbp_cfbwe,linept_payne,CFBWE,linepayne,516,True,0.8871509577153749,0.4088172769550288,0.9377108264965682,0.6326129666011788,4.506918604651163,4.527732558139536,0.5406976744186046,0.45930232558139533,96,91
linept_big200,linept_born,Big 200,Born Power Index,795,True,0.9063756353516218,0.40871337189011747,0.9081006641733487,0.6128625472887768,5.6497610062893076,5.6497610062893076,0.482367758186398,0.517632241813602,144,157
linept_dunk,linept_pugh,Dunkel Index,Pugh Ratings,3469,True,0.9186639839002944,0.4084886248268854,0.9247666212507026,0.6517599538372764,4.8671461516287104,4.8671461516287104,0.4792267743796884,0.5207732256203116,592,588
linept_bihl,linept_pfz,Bihl System,PerformanZ Ratings,2161,True,0.9112956995492761,0.4083931772360156,0.9197173745514448,0.6387216303844372,5.15623322535863,5.15623322535863,0.5268767377201112,0.47312326227988877,363,406
linept_round,sagarin_recent,lineround,Sagarin Recent,2105,True,0.8817904575914539,0.4081472784637531,0.9200545686934419,0.6253658536585366,5.119838479809975,5.119838479809975,0.4522111269614836,0.5477888730385164,397,374
fei,linecfbp_david_sasser,FEI Projections,David Sasser,503,True,0.9403243865295113,0.4081109497444975,0.9484712140766524,0.640973630831643,3.800974155069582,3.872147117296223,0.47283702213279677,0.5271629778672032,88,103
linecfbp_tshoe_index,linept_dwig,TShoe Index,DP Dwiggins,2078,True,0.9231349155498632,0.408013010585724,0.918489313156067,0.6272310045894951,5.051347449470645,5.1388354186718,0.5389930898321816,0.46100691016781836,403,393
espn_fpi,linecfbp_ryder_analytics,ESPN FPI,Ryder Analytics,550,True,0.8026935475841516,0.4079920727483585,0.9023250231616536,0.6179159049360147,5.514036363636364,5.559781818181818,0.5711678832116789,0.42883211678832117,110,100
linecfbp_dratings,linecfbp_wilson_ratings,DRatings,Wilson Ratings,2638,True,0.9194717807387759,0.4079108782104475,0.9487757576965529,0.6333203581159984,3.965314632297195,3.965314632297195,0.5149769585253456,0.48502304147465436,489,478
linecfbp_cfb_victory,linept_bill,CFB Victory,Billingsley,1051,True,0.8407292460008656,0.40766206098294583,0.8882935662458161,0.6640926640926641,5.9537963843958135,6.026032350142722,0.5104761904761905,0.4895238095238095,184,184
linecfbp_cfb_professor,linecfbp_dratings,CFB Professor,DRatings,1021,True,0.9225261494840182,0.40761708882096187,0.950693842952751,0.6148445336008024,4.072575905974535,4.072575905974535,0.49407114624505927,0.5059288537549407,190,193
linept_argh,linept_log,Argh Ratings,Logistic Regression,1558,True,0.6488691205121777,0.40722837196125883,0.861224972959802,0.6370967741935484,7.566277278562261,7.56627727856226,0.6021850899742931,0.39781491002570696,259,301
linecfbp_cfbwe_rounded,linept_payne,CFBWE: Rounded,linepayne,516,True,0.8872975614668241,0.406633045087507,0.9377847197181082,0.6354378818737271,4.524554263565892,4.55436046511628,0.5271317829457365,0.4728682170542636,95,95
linecfbp_kford,linept_how,KFord,Howell,1566,True,0.9052413565282813,0.40648559283618807,0.9318951956988505,0.625,4.748333333333334,4.821947637292465,0.557556270096463,0.442443729903537,318,294
linept_dunk,sagarin_recent,Dunkel Index,Sagarin Recent,3472,True,0.9255654128221195,0.4059506069216985,0.9313346584248196,0.6518475750577367,4.5284821428571425,4.5284821428571425,0.4662629757785467,0.5337370242214533,590,587
moore_ratings,sagarin,Moore Power Ratings,Sagarin Ratings,3940,True,0.9272702042739689,0.4055552884394685,0.944056349869449,0.6263987792472024,4.200393401015228,4.200266497461929,0.4605229753744605,0.5394770246255395,712,739
fei,linept_laz,FEI Projections,Laz Index,3894,True,0.8923988552489233,0.40509242978516835,0.9283031945061003,0.6651948051948052,4.076612737544941,4.079694401643554,0.4955024415317399,0.50449755846826,621,661
linecfbp_cfb_geek,linept_kam,CFB Geek,Edward Kambour,2075,True,0.9407667652849607,0.40495091589481036,0.9451757427779741,0.6399805919456575,4.117730120481927,4.217527710843373,0.5093975903614458,0.4906024096385542,398,356
linecfbp_cfbwe,moore_ratings,CFBWE,Moore Power Ratings,516,True,0.8962126108004828,0.40494681343326144,0.9398569180691999,0.5941176470588235,4.580426356589148,4.603643410852714,0.5484496124031008,0.45155038759689925,108,97
linecfbp_cfbwe_margin,moore_ratings,CFBWE: Margin,Moore Power Ratings,516,True,0.9009928837020877,0.4048743402924355,0.9358250626191579,0.62426614481409,4.620775193798449,4.645503875968992,0.5484496124031008,0.45155038759689925,97,95
linecfbp_cfbwe_margin,linept_bill,CFBWE: Margin,Billingsley,515,True,0.8582538220370445,0.4047722886951767,0.9105578096505108,0.611764705882353,5.671300970873787,5.693592233009709,0.5184466019417475,0.4815533980582524,91,107
linecfbp_cfb_geek,sagarin,CFB Geek,Sagarin Ratings,2122,True,0.952076725895569,0.4046970433581301,0.9559878466682821,0.6527315914489311,3.5721300659754944,3.6463901979264848,0.487022180273714,0.512977819726286,392,358
linept_rwp,massey,Laffaye RWP,Massey Ratings,3767,True,0.8327973544010184,0.4046606347430756,0.9087860981665242,0.6206070287539937,5.478380674276612,5.477584284576586,0.4556558682952735,0.5443441317047265,677,728
linept_elo,linept_payne,Beck Elo,linepayne,3124,True,0.8393886602405445,0.404622713374368,0.9019780250747746,0.6692332370869426,5.347954545454546,5.347954545454546,0.5200256328099968,0.4799743671900032,498,511
linept_kerns,linept_pugh,Stephen Kerns,Pugh Ratings,3889,True,0.8932480868441004,0.40462190821138805,0.8979935956835902,0.6632258064516129,5.646752378503471,5.646752378503471,0.463477366255144,0.536522633744856,659,624
linecfbp_cfb_geek,linecfbp_sportsline,CFB Geek,SportsLine,1611,True,0.9177085085650162,0.40444300524200666,0.9307173224078427,0.6318471337579618,4.608938547486034,4.6089385474860345,0.5362953692115144,0.4637046307884856,310,273
linecfbp_cfbwe,linecfbp_room44_bets,CFBWE,Room44 Bets,515,True,0.9117503378968967,0.40426771336498807,0.9407685172524045,0.6410256410256411,4.420970873786408,4.420970873786408,0.5450980392156862,0.4549019607843137,97,85
linecfbp_cfb_professor,sagarin_golden_mean,CFB Professor,Sagarin Golden Mean,1022,True,0.914808636721969,0.404131457106742,0.944279660193876,0.645956607495069,4.091213307240705,4.114853228962818,0.5146771037181996,0.48532289628180036,174,194
espn_fpi,linecfbp_jp,ESPN FPI,JP+,2129,True,0.9182990718368181,0.4039751486468897,0.9447516931399255,0.6031368821292775,4.162926256458431,4.263067167684358,0.5138692994828397,0.48613070051716034,406,431
linecfbp_cfb_victory,linept_dwig,CFB Victory,DP Dwiggins,1049,True,0.882739612655803,0.4038696918810097,0.8824332731797606,0.626362735381566,6.359961868446139,6.454242135367016,0.5019880715705766,0.49801192842942343,207,193
linept_argh,moore_ratings,Argh Ratings,Moore Power Ratings,3132,True,0.9010703127956393,0.40362763298419435,0.9244399057608476,0.6593698175787728,4.777282886334611,4.777123243933589,0.5148609779482263,0.4851390220517737,523,545
linecfbp_dratings,linecfbp_kford,DRatings,KFord,1613,True,0.9496097628213438,0.4036258642213655,0.9606105919136557,0.6349206349206349,3.3494730316181034,3.3494730316181034,0.5003134796238244,0.49968652037617556,293,290
linecfbp_cfb_victory,linept_pugh,CFB Victory,Pugh Ratings,1051,True,0.8938319373079148,0.40359681256165786,0.8993520862239877,0.6554054054054054,5.814738344433873,5.874586108468126,0.47523809523809524,0.5247619047619048,187,183
keeper,linecfbp_john_harris,Keeper,John Harris,1098,True,0.9583349041797818,0.40353411971179654,0.94513551755173,0.6205936920222634,4.075846994535519,4.174754098360656,0.4420091324200913,0.5579908675799087,204,218
linecfbp_cfbwe_rounded,moore_ratings,CFBWE: Rounded,Moore Power Ratings,516,True,0.8963173782191105,0.4035083524419074,0.9399876985342231,0.5995934959349594,4.578488372093023,4.604651162790698,0.5465116279069767,0.45348837209302323,104,98
linept_clean,linept_log,Cleanup Hitter,Logistic Regression,1906,True,0.41507651615754626,0.4032065568103378,0.8465934775378384,0.6612641815235009,7.520582371458552,7.520582371458552,0.5487932843651626,0.45120671563483733,311,334
linecfbp_power_rank_free,linept_paynewl,Power Rank: Free,linepaynewl,1569,True,0.7644089083129298,0.40292505558376385,0.8786798228377494,0.6122186495176849,6.870305927342256,6.924608030592734,0.5889101338432122,0.4110898661567878,320,281
linecfbp_cfb_geek,linecfbp_power_rank_free,CFB Geek,Power Rank: Free,1063,True,0.9496645921560333,0.40285970515299707,0.9482404301394268,0.6075829383886255,4.019473189087488,4.019473189087488,0.5038022813688213,0.49619771863117873,200,212
linecfbp_cfbwe_average,linecfbp_room44_bets,CFBWE: Average,Room44 Bets,515,True,0.9107867181112413,0.4028399397695556,0.9390572384943708,0.6457925636007827,4.469126213592233,4.469126213592234,0.5236220472440944,0.4763779527559055,94,83
linept_big200,linept_curry,Big 200,Daniel Curry Index,1558,True,0.8974489902555813,0.4026709583967034,0.9049520147843676,0.640745501285347,5.665378690629011,5.665378690629011,0.5048231511254019,0.49517684887459806,293,252
espn_fpi,linept_fox,ESPN FPI,linefox,2329,True,0.944885605782954,0.4025193431430001,0.9499255184210724,0.628673196794301,3.9976470588235298,3.9976470588235298,0.5309544282029235,0.4690455717970765,450,406
linecfbp_si_composite,linept_loud,SI Composite,Loudsound.org,496,True,0.7648245712749366,0.4023466736611833,0.8794665399728752,0.6715176715176715,6.586290322580646,6.6389112903225795,0.5537525354969574,0.4462474645030426,88,77
linecfbp_cfb_geek,piratings_mean,CFB Geek,Pi-Ratings Mean,2122,True,0.9475200636818006,0.40151785526905165,0.951789804495295,0.6457033125300048,3.706927426955702,3.813195098963242,0.49881347887992405,0.5011865211200759,420,351
linept_kam,sagarin,Edward Kambour,Sagarin Ratings,3894,True,0.9514453159756373,0.4015001042854521,0.9537397819980601,0.6409992274014937,3.6914843348741653,3.6914843348741653,0.47918807810894143,0.5208119218910586,666,700
linecfbp_sportsline,linecfbp_wilson_ratings,SportsLine,Wilson Ratings,1611,True,0.9135936080756311,0.40102312581849936,0.9287687127821668,0.6399229781771502,4.702296710117939,4.702296710117939,0.49025769956002513,0.5097423004399748,279,298
linept_argh,sagarin_predictor,Argh Ratings,Sagarin Predictor,3135,True,0.8929733992927109,0.4008557023959862,0.9360842462630613,0.618936877076412,4.5925901116427434,4.5925901116427434,0.4687300574345884,0.5312699425654116,564,618
linept_fox,sagarin,linefox,Sagarin Ratings,2329,True,0.9476539684342021,0.4008553582860576,0.9483397978265993,0.641139804096171,3.9921382567625585,3.9921382567625585,0.48514851485148514,0.5148514851485149,404,425
linecfbp_david_sasser,linecfbp_tshoe_index,David Sasser,TShoe Index,548,True,0.9379009526030492,0.4005819599939985,0.9461448623617595,0.6475095785440613,3.846350364963504,3.846350364963504,0.5193370165745856,0.48066298342541436,119,80
linecfbp_power_rank_free,linecfbp_tshoe_index,Power Rank: Free,TShoe Index,1579,True,0.9262040315206249,0.40048426402042037,0.9447054476744551,0.6104575163398693,4.2025332488917035,4.2025332488917035,0.5099041533546326,0.49009584664536743,316,293
linecfbp_tshoe_index,linept_paynep,TShoe Index,linepaynep,1569,True,0.882508191916555,0.4002710683932289,0.9052552891274718,0.6779882429784455,5.234671765455704,5.332492033142129,0.5529336734693877,0.44706632653061223,264,251
linecfbp_tshoe_index,linept_laz,TShoe Index,Laz Index,2081,True,0.9147716886375353,0.40023103749986766,0.9341082553402309,0.6726013847675568,4.04860163382989,4.1248534358481495,0.5048076923076923,0.4951923076923077,333,365
linecfbp_cfbwe_talent,linept_clean,CFBWE: Talent,Cleanup Hitter,516,True,0.661229469501522,0.3998131998501016,0.8637671630992836,0.626,7.4078294573643415,7.443100775193799,0.533203125,0.466796875,101,92
linecfbp_cbcr2_power,linept_kam,CBCR2: Power,Edward Kambour,1063,True,0.9225212315642022,0.39971752587234083,0.9299595818743964,0.6499526963103122,4.609209783631233,4.671599247412982,0.4962335216572505,0.5037664783427496,211,178
linecfbp_cfbwe_rounded,linecfbp_room44_bets,CFBWE: Rounded,Room44 Bets,515,True,0.9110688251936732,0.3996021564649976,0.9405505370421212,0.65439672801636,4.446601941747573,4.446601941747573,0.534516765285996,0.46548323471400394,92,85
moore_ratings,teamrankings,Moore Power Ratings,TeamRankings.com,3940,True,0.9319250839246629,0.3990217085090447,0.9449357069711335,0.6537867078825348,4.06991116751269,4.069784263959391,0.4500635324015248,0.5499364675984753,667,679
linecfbp_mcillece_sports,linept_bihl,McIllece Sports,Bihl System,254,True,0.9249039408915556,0.398995345144942,0.9441593855659248,0.5873015873015873,4.130669291338583,4.141850393700788,0.5669291338582677,0.4330708661417323,64,35
linept_fox,linept_pig,linefox,Pigskin Index,2329,True,0.9392208642818066,0.3987938516721204,0.9449163211883893,0.6474719101123596,4.14419922713611,4.14419922713611,0.4905838041431262,0.5094161958568738,421,400
linecfbp_cfb_victory,linecfbp_kford,CFB Victory,KFord,1098,True,0.8748056563915082,0.3987928778970858,0.9081484090518732,0.6493023255813953,5.303096539162112,5.303096539162112,0.4396709323583181,0.5603290676416819,186,194
linecfbp_wilson_ratings,sagarin_recent,Wilson Ratings,Sagarin Recent,2638,True,0.9395796352435064,0.39871900598842214,0.9463586360063937,0.6408288564850345,3.8983699772554963,3.989984836997726,0.5018996960486323,0.4981003039513678,480,485
linept_argh,linept_clean,Argh Ratings,Cleanup Hitter,3094,True,0.7212468790713013,0.39860017933254505,0.8817297146771221,0.6012418075198345,6.622808661926309,6.622808661926309,0.5503489531405783,0.44965104685942175,610,623
linept_dunk,linept_talis,Dunkel Index,Talisman Red,3465,True,0.9119595346207781,0.3983702041303017,0.9206463853845991,0.6452917388792605,4.974106782106782,4.974106782106782,0.4841040462427746,0.5158959537572254,572,627
linecfbp_kford,linecfbp_mcillece_sports,KFord,McIllece Sports,550,True,0.9429628796771258,0.3980238698066919,0.946606469391835,0.6169429097605893,3.8525454545454547,3.8525454545454547,0.5293040293040293,0.4706959706959707,95,110
linecfbp_matt_grissom,linept_pig,Matt Grissom,Pigskin Index,767,True,0.9564182435339925,0.39779062385325936,0.956053857165978,0.665283540802213,3.582490221642764,3.6196219035202084,0.4980392156862745,0.5019607843137255,141,123
dokter_entropy,linept_kam,Dokter Entropy,Edward Kambour,3893,True,0.9500551994210266,0.3976869470915857,0.9553779212763102,0.6425070931132318,3.638995633187773,3.638995633187773,0.5287917737789203,0.4712082262210797,695,670
linecfbp_jp,linecfbp_kford,JP+,KFord,1613,True,0.9238464896018793,0.3974795795233201,0.9422145088334329,0.6127605811749842,4.171419714817111,4.171419714817111,0.46800501882057716,0.5319949811794228,320,293
linecfbp_cfb_geek,linecfbp_david_sasser,CFB Geek,David Sasser,550,True,0.9218832650108165,0.39724426535717955,0.9372255466645438,0.6070110701107011,4.223999999999999,4.223999999999999,0.5009174311926605,0.4990825688073395,108,100
linept_curry,linept_wayward,Daniel Curry Index,Waywardtrends,1559,True,0.9372829812603609,0.39709229659463435,0.9341581736089049,0.6242774566473989,4.648890314304041,4.648890314304041,0.47527296082209375,0.5247270391779062,285,288
linept_elo,sagarin_golden_mean,Beck Elo,Sagarin Golden Mean,3896,True,0.9065394887473186,0.3968825500347375,0.9370500270223883,0.6524311808592745,4.293226386036961,4.293226386036961,0.4710722550784263,0.5289277449215737,640,692
linept_dunk,piratings_mean,Dunkel Index,Pi-Ratings Mean,3472,True,0.9268773161642315,0.396586329310504,0.9324609940763149,0.6374525270230792,4.581754032258064,4.581466013824884,0.4547811059907834,0.5452188940092166,614,622
linecfbp_power_rank,massey,Power Rank,Massey Ratings,2636,True,0.9321616698286919,0.39654962019184886,0.9539984737312349,0.6181887950882579,3.737132018209409,3.796350531107739,0.529054310672237,0.470945689327763,482,523
linecfbp_cfb_victory,linecfbp_trent_sorensen,CFB Victory,Trent Sorensen,1098,True,0.7748448426213005,0.3964624734668344,0.8579096472141331,0.6138059701492538,6.972040072859746,6.972040072859746,0.5188246097337006,0.48117539026629935,199,216
linecfbp_power_rank_free,linecfbp_sp,Power Rank: Free,SP+,1579,True,0.9498217267153337,0.3962433076959489,0.9490623207048096,0.5997425997425997,4.075807473084231,4.075807473084231,0.4942528735632184,0.5057471264367817,316,311
linecfbp_cfbwe_margin,linept_how,CFBWE: Margin,Howell,516,True,0.8806123052263811,0.39572808803893467,0.9220822820415635,0.6288032454361054,5.3286240310077515,5.360019379844961,0.5447470817120622,0.45525291828793774,100,88
linept_elo,linept_pfz,Beck Elo,PerformanZ Ratings,3896,True,0.8739852402671385,0.3956769437198052,0.8979871393790877,0.6171252249935716,6.000862422997947,6.000862422997947,0.5380267214799589,0.4619732785200411,709,758
linept_talis,piratings_bias,Talisman Red,PI-Rate Bias,3839,True,0.930565157949846,0.3956603218090961,0.9345628033900699,0.6209338929695698,4.549416514717374,4.549676999218546,0.48292937190513424,0.5170706280948658,731,700
linecfbp_cbcr2_sam,linecfbp_wilson_ratings,CBCR2: Sam,Wilson Ratings,515,True,0.9059905843136952,0.3953724596250337,0.922103702740833,0.639763779527559,4.884660194174757,4.8846601941747565,0.4853801169590643,0.5146198830409356,86,96
linecfbp_john_harris,linecfbp_sportsratings,John Harris,SportsRatings,549,True,0.9441933042376814,0.39506862271574666,0.9265113548689695,0.6685393258426966,4.2750455373406195,4.2750455373406195,0.5698529411764706,0.43014705882352944,85,92
linecfbp_kford,linept_elo,KFord,Beck Elo,1566,True,0.921958025453649,0.3948996521911982,0.941905328807726,0.6316129032258064,4.2415964240102175,4.306679438058748,0.5607416879795396,0.43925831202046034,312,279
linecfbp_cfb_professor,teamrankings,CFB Professor,TeamRankings.com,1022,True,0.9482179088825184,0.3947292184883063,0.9555227852670525,0.6493506493506493,3.6469667318982384,3.7161448140900193,0.47274529236868185,0.5272547076313181,163,192
linecfbp_wilson_ratings,linept_round,Wilson Ratings,lineround,1325,True,0.8705123827112171,0.3938467832891528,0.9187012505988439,0.6224489795918368,5.254716981132075,5.297132075471698,0.5516717325227963,0.44832826747720367,262,237
linecfbp_kford,linept_pfz,KFord,PerformanZ Ratings,1566,True,0.8805836661400742,0.3936882301606384,0.8983759746435289,0.6421663442940039,5.65044699872286,5.715977011494252,0.5696040868454662,0.43039591315453385,282,293
linecfbp_david_sasser,linept_how,David Sasser,Howell,503,True,0.8954222304697325,0.39329818958240775,0.9171902196279411,0.6263048016701461,4.980994035785288,5.062902584493043,0.5734406438631791,0.42655935613682094,93,99
linecfbp_cbcr2_sam,linecfbp_kford,CBCR2: Sam,KFord,515,True,0.9210208130686636,0.39318039475813976,0.9336763649751924,0.6003937007874016,4.551650485436894,4.551650485436894,0.46153846153846156,0.5384615384615384,101,102
linecfbp_john_harris,linecfbp_professor_sides,John Harris,Professor Sides,1093,True,0.950433997945682,0.3931197311838997,0.9529067649054029,0.6367041198501873,3.7537968892955167,3.7537968892955167,0.533271719038817,0.466728280961183,212,184
dokter_entropy,piratings,Dokter Entropy,Pi-Ratings,3942,True,0.9523901634155758,0.3928711932873157,0.9561493184013432,0.6292019502181165,3.6293353627600204,3.6295890410958904,0.52133062468258,0.47866937531742,723,721
linept_paynep,linept_super,linepaynep,linesuper,769,True,0.9089391881481913,0.39273017178258685,0.8477027063765776,0.6505867014341591,8.048764629388817,8.048764629388817,0.56640625,0.43359375,119,145
linecfbp_cfb_professor,linept_donchess,CFB Professor,Donchess Inference,1022,True,0.9225650397837766,0.39270158425155,0.9507797875021499,0.6186612576064908,4.031555772994129,4.057681017612524,0.48963474827245806,0.510365251727542,193,190
linept_donchess,massey,Donchess Inference,Massey Ratings,3896,True,0.9218263191811088,0.3923358422361251,0.948785135241627,0.6403992645127397,3.9272638603696097,3.9264938398357287,0.5200411099691675,0.4799588900308325,682,709
linecfbp_beta_rank,linept_pugh,Beta_Rank,Pugh Ratings,2589,True,0.9168771633853562,0.3923031164324932,0.9224468053771617,0.640746500777605,4.989575125531093,5.058543839320201,0.4731556585554268,0.5268443414445731,443,482
linecfbp_kford,linecfbp_room44_bets,KFord,Room44 Bets,1613,True,0.9443560967411521,0.3922833043410836,0.9545943297304259,0.6065573770491803,3.679603223806572,3.679603223806572,0.5069182389937107,0.4930817610062893,301,323
linept_born,piratings_mean,Born Power Index,Pi-Ratings Mean,3133,True,0.9410432164502679,0.39180497036325473,0.9391904765838902,0.6324813976059528,4.381015001595915,4.381334184487712,0.44696485623003196,0.5530351437699681,562,564
linecfbp_jp,linept_rwp,JP+,Laffaye RWP,2033,True,0.8177490128075325,0.39175633631568807,0.9017572959930563,0.6132404181184669,5.782641416625677,5.822434825381209,0.5475135401280158,0.45248645987198427,422,364
linecfbp_cfb_victory,linecfbp_wilson_ratings,CFB Victory,Wilson Ratings,1098,True,0.8596558746549092,0.3916922928953438,0.9022252252523127,0.6423220973782772,5.516848816029144,5.516848816029144,0.4559633027522936,0.5440366972477064,199,193
linecfbp_cfbwe_talent,linecfbp_jp,CFBWE: Talent,JP+,516,True,0.759399030338572,0.39157445901215754,0.8871215096979121,0.6351084812623274,6.465116279069767,6.465116279069767,0.466796875,0.533203125,97,88
linecfbp_dratings,massey,DRatings,Massey Ratings,2638,True,0.917990462562342,0.39147097876676007,0.9462594890500675,0.6423892100192679,3.991417740712661,4.051667930250189,0.5091047040971168,0.49089529590288317,461,498
linept_curry,piratings_bias,Daniel Curry Index,PI-Rate Bias,3893,True,0.9224179135345362,0.3912807991658992,0.9259980025545528,0.6331866425058245,4.835001284356537,4.835258155664011,0.4640102827763496,0.5359897172236504,681,712
linept_talis,piratings_mean,Talisman Red,Pi-Ratings Mean,3839,True,0.9308030384998058,0.3911344296142187,0.9390146774762786,0.6217001055966209,4.370515759312321,4.370776243813493,0.47432890278863693,0.5256710972113631,743,679
piratings_mean,sagarin,Pi-Ratings Mean,Sagarin Ratings,3943,True,0.9595189418326016,0.3910565096342554,0.9613254564701823,0.6373230373230373,3.363898047172204,3.3641516611716966,0.4932689865379731,0.5067310134620269,686,725
harville,linecfbp_jp,David Harville,JP+,2129,True,0.9097030060732663,0.39098875383647985,0.941176782100827,0.6095011876484561,4.301531235321747,4.374495068107092,0.5101081335213916,0.4898918664786084,397,435
linept_pig,linept_super,Pigskin Index,linesuper,769,True,0.9279115203340477,0.39055304461065316,0.8545951902018414,0.6347222222222222,7.831937581274381,7.831937581274381,0.5848563968668408,0.4151436031331593,127,143
linecfbp_obmodel,linecfbp_si_composite,OBModel,SI Composite,505,True,0.9503665029176042,0.3905407505539532,0.9592102583749309,0.6147704590818364,3.5562376237623763,3.5562376237623763,0.49798387096774194,0.5020161290322581,102,89
linecfbp_power_rank_free,teamrankings,Power Rank: Free,TeamRankings.com,1579,True,0.9539805290106431,0.3905199818713995,0.9591989081093238,0.6066104990278678,3.567118429385687,3.691057631412286,0.48911651728553135,0.5108834827144686,324,300
linecfbp_cbcr2_power,linecfbp_matt_grissom,CBCR2: Power,Matt Grissom,548,True,0.9281661455295488,0.39045692479280575,0.9347671989398114,0.6408839779005525,4.589963503649636,4.589963503649636,0.4522058823529412,0.5477941176470589,99,99
fei,linept_elo,FEI Projections,Beck Elo,3896,True,0.891617200657137,0.39009210172361947,0.9273885053457541,0.6387951181511295,4.639653490759754,4.642861909650924,0.5229899820190085,0.4770100179809915,706,679
linecfbp_cbcr2_power,linept_dwig,CBCR2: Power,DP Dwiggins,1060,True,0.9019594100771523,0.3897824097423394,0.9045145253004119,0.655511811023622,5.352358490566037,5.458773584905661,0.5304761904761904,0.4695238095238095,218,164
linecfbp_dratings,linecfbp_power_rank_free,DRatings,Power Rank: Free,1579,True,0.9236029874398388,0.38971120568300943,0.9505723296483711,0.6365409622886866,3.9500949968334393,3.9500949968334393,0.518257527226137,0.4817424727738629,277,295
linecfbp_dratings,linept_paynewl,DRatings,linepaynewl,2078,True,0.7716263814976625,0.3895729051429265,0.8813319817547893,0.6261636452719255,6.59716073147257,6.637064485081809,0.5908433734939759,0.4091566265060241,401,379
harville,linecfbp_david_sasser,David Harville,David Sasser,550,True,0.9338567500405064,0.38931047775660504,0.9471344351627043,0.6256880733944954,3.881090909090909,3.9605090909090905,0.4909090909090909,0.509090909090909,90,120
linecfbp_david_sasser,linecfbp_wilson_ratings,David Sasser,Wilson Ratings,550,True,0.9259056778923688,0.3892161808318425,0.9415625157605014,0.601113172541744,4.155818181818183,4.155818181818183,0.5469613259668509,0.4530386740331492,120,94
linecfbp_tshoe_index,linept_pfz,TShoe Index,PerformanZ Ratings,2082,True,0.8754728612172789,0.3891637108671675,0.8974508107009233,0.6442687747035574,5.76850144092219,5.826128722382324,0.5583853916386353,0.44161460836136474,352,402
linecfbp_cfbwe_margin,sagarin,CFBWE: Margin,Sagarin Ratings,516,True,0.9238388561235445,0.38915908876941524,0.9474781461435672,0.6634050880626223,3.78187984496124,3.8312596899224807,0.4883720930232558,0.5116279069767442,84,89
linecfbp_power_rank,sagarin,Power Rank,Sagarin Ratings,2636,True,0.9564381336128515,0.38912532483003714,0.9687873772947103,0.614735226400614,3.0223748103186647,3.1101213960546286,0.499049068086725,0.500950931913275,508,511
dokter_entropy,linecfbp_si_composite,Dokter Entropy,SI Composite,505,True,0.9527216606336241,0.38908966660272387,0.9641109305518258,0.6172344689378757,3.401089108910891,3.478673267326733,0.5168316831683168,0.48316831683168315,98,91
fei,linept_bill,FEI Projections,Billingsley,3895,True,0.8501384368499779,0.3890716562110328,0.9085474121090077,0.6050856253243383,5.601098844672657,5.604308087291399,0.5267077555213149,0.4732922444786852,757,757
linecfbp_wilson_ratings,moore_ratings,Wilson Ratings,Moore Power Ratings,2636,True,0.9140496654178706,0.38905816438362434,0.9347972652311713,0.6214039125431531,4.507886949924128,4.60646813353566,0.5396885681731864,0.4603114318268135,499,496
linecfbp_mcillece_sports,linecfbp_sportsratings,McIllece Sports,SportsRatings,550,True,0.926650912027612,0.38898346166130576,0.9111958300748693,0.6206261510128913,5.0289090909090906,5.028909090909091,0.5073260073260073,0.4926739926739927,107,98
linecfbp_cfb_victory,linecfbp_sp,CFB Victory,SP+,1098,True,0.8751228300111408,0.3886902146020909,0.9026997572520754,0.6610800744878957,5.527686703096538,5.527686703096538,0.45362718089990817,0.5463728191000918,176,192
linecfbp_pearatings,linept_donchess,PEARatings,Donchess Inference,503,True,0.9596370517588997,0.38779992962946247,0.9631481020319402,0.6227180527383367,3.2222664015904567,3.351491053677932,0.46,0.54,89,105
linecfbp_sportsline,linept_paynep,SportsLine,linepaynep,1053,True,0.8546564429218042,0.3876481976387353,0.8854357195805681,0.622093023255814,6.504995251661919,6.608471035137702,0.5703422053231939,0.4296577946768061,208,194
linept_pugh,sagarin_predictor,Pugh Ratings,Sagarin Predictor,3889,True,0.9578480140648968,0.38758676286226,0.9469149622310313,0.6317959288843081,3.999238878889175,3.999238878889175,0.4662892434379825,0.5337107565620175,681,721
linecfbp_jp,linept_clean,JP+,Cleanup Hitter,2043,True,0.7464209271612097,0.3874332806534906,0.8787008937379323,0.6265182186234818,6.726010768477729,6.803230543318649,0.5452755905511811,0.4547244094488189,404,363
linept_talis,teamrankings,Talisman Red,TeamRankings.com,3839,True,0.9339853676826387,0.3874022401410026,0.9421806804481507,0.6573241671073506,4.036350612138578,4.036350612138578,0.46908426819723453,0.5309157318027654,672,632
linecfbp_tshoe_index,moore_ratings,TShoe Index,Moore Power Ratings,2125,True,0.9106765338868335,0.3873337644609654,0.9320634606217537,0.6357039187227866,4.582527058823529,4.668625882352941,0.5357815442561206,0.4642184557438795,387,391
linept_bihl,sagarin_recent,Bihl System,Sagarin Recent,2161,True,0.9314705019614469,0.3871937404593369,0.9538807114624512,0.6259860788863109,3.7750023137436375,3.7750023137436375,0.4879518072289157,0.5120481927710844,392,406
harville,linept_pfz,David Harville,PerformanZ Ratings,3896,True,0.8877732463867318,0.38717141544858497,0.9066433850165079,0.624775122076587,5.634353182751541,5.634353182751541,0.5618093035209458,0.43819069647905423,704,731
linept_dwig,linept_elo,DP Dwiggins,Beck Elo,3888,True,0.9013621944265269,0.38712823443830896,0.9075838725271442,0.6266950279181069,5.5187165637860085,5.5187165637860085,0.47800360174942114,0.5219963982505789,709,720
linept_donchess,linept_paynewl,Donchess Inference,linepaynewl,3124,True,0.768562963885533,0.3865788863275266,0.8764401083237301,0.632994424401443,6.62710947503201,6.62710947503201,0.5821851970522268,0.4178148029477731,573,554
fei,linept_big200,FEI Projections,Big 200,1558,True,0.9063739086102216,0.38654743604183983,0.9140519876102559,0.6358306188925081,5.274403080872914,5.274403080872914,0.525369299935774,0.4746307000642261,257,299
linecfbp_beta_rank,linecfbp_tshoe_index,Beta_Rank,TShoe Index,2126,True,0.9114507135310657,0.3863147127701243,0.9265534874440567,0.6137359961032636,4.798541862652869,4.798541862652869,0.45329540066382173,0.5467045993361783,388,421
linecfbp_wilson_ratings,linept_talis,Wilson Ratings,Talisman Red,2546,True,0.9283476674963315,0.386313181810374,0.9319464754526053,0.6136724960254372,4.650652003142184,4.771924587588374,0.5159135559921415,0.48408644400785855,475,518
fei,linept_rwp,FEI Projections,Laffaye RWP,3767,True,0.8446215206365979,0.38591017045754494,0.9025224541189486,0.6290625839376847,5.602936023360764,5.602936023360764,0.530693595535477,0.469306404464523,696,682
linecfbp_pearatings,moore_ratings,PEARatings,Moore Power Ratings,550,True,0.9131043312221497,0.38590030826423494,0.9297559349204894,0.6293577981651376,4.432709090909091,4.529690909090909,0.5492700729927007,0.45072992700729925,97,107
linecfbp_sportsline,linept_payne,SportsLine,linepayne,1053,True,0.8272243217470409,0.385581573643051,0.8813485293562763,0.6427879961277831,6.6501329534662865,6.735811965811966,0.5769961977186312,0.4230038022813688,199,178
linecfbp_power_rank,linept_clean,Power Rank,Cleanup Hitter,2550,True,0.7904507684119196,0.3853908788321866,0.8904873698292116,0.6328600405679513,6.2208,6.3096313725490205,0.5722178374112076,0.4277821625887924,474,468
espn_fpi,sagarin_golden_mean,ESPN FPI,Sagarin Golden Mean,3943,True,0.9386725191008661,0.3850022142577067,0.9557269634037843,0.6313915034342407,3.513738270352523,3.5129267055541464,0.5175304878048781,0.48246951219512196,707,721
linecfbp_matt_grissom,linept_born,Matt Grissom,Born Power Index,547,True,0.9335421060875565,0.3849337697963419,0.9300399900493032,0.6599264705882353,4.62453382084095,4.713382084095064,0.5439560439560439,0.45604395604395603,92,95
dokter_entropy,piratings_bias,Dokter Entropy,PI-Rate Bias,3942,True,0.9578822951105469,0.38478163761442574,0.9560293598018765,0.6225641025641026,3.6614129883307966,3.6611593099949267,0.5263959390862945,0.4736040609137056,733,737
keeper,teamrankings,Keeper,TeamRankings.com,3934,True,0.9475357319014791,0.3847406641338526,0.936792401122201,0.630462891130075,4.493050330452466,4.492796136248094,0.46357615894039733,0.5364238410596026,744,699
linecfbp_matt_grissom,sagarin_predictor,Matt Grissom,Sagarin Predictor,1098,True,0.9618285460223133,0.3846853605741584,0.9630145903780566,0.62557497700092,3.2395719489981785,3.3494990892531877,0.48495897903372837,0.5150410209662717,211,208
linept_pig,sagarin,Pigskin Index,Sagarin Ratings,3443,True,0.9589270384567665,0.3845056266725703,0.9574151412708973,0.6627764127764127,3.469541097879756,3.469541097879756,0.4898196625945317,0.5101803374054683,545,620
linecfbp_power_rank,sagarin_predictor,Power Rank,Sagarin Predictor,2636,True,0.9532691519038626,0.38446870436423874,0.9669516069843738,0.617217524980784,3.120864946889226,3.2320333839150224,0.5083650190114068,0.49163498098859315,489,517
linecfbp_dratings,linecfbp_john_harris,DRatings,John Harris,1097,True,0.9574694434191203,0.3843991088814663,0.9628100617203418,0.6500470366886171,3.1437556973564265,3.1437556973564265,0.5009208103130756,0.4990791896869245,189,200
linecfbp_blake_atkinson,linecfbp_kford,Blake Atkinson,KFord,515,True,0.9611320001266461,0.38436739929268154,0.9673780680654556,0.6421471172962226,2.8640776699029127,2.8640776699029127,0.5148514851485149,0.48514851485148514,95,88
linecfbp_professor_sides,teamrankings,Professor Sides,TeamRankings.com,2632,True,0.9549932137876253,0.38428217040704693,0.95995876957567,0.6413255360623782,3.3634840425531918,3.4501101823708202,0.49923195084485406,0.500768049155146,466,487
linecfbp_john_harris,linept_bihl,John Harris,Bihl System,555,True,0.9336864221565113,0.38415810318579047,0.9555486731679237,0.6691176470588235,3.2560900900900904,3.327009009009009,0.5815217391304348,0.41847826086956524,106,79
linecfbp_cbcr2_sam,massey,CBCR2: Sam,Massey Ratings,515,True,0.9063796850212437,0.3840690642566891,0.92132924809954,0.6459143968871596,4.831067961165049,4.871572815533981,0.4796116504854369,0.5203883495145631,88,94
espn_fpi,linecfbp_cbcr2_power,ESPN FPI,CBCR2: Power,1063,True,0.9301817414294131,0.3839830800657092,0.936839911029694,0.6132701421800948,4.3747789275635,4.471486359360301,0.5254237288135594,0.4745762711864407,201,213
linept_elo,linept_pugh,Beck Elo,Pugh Ratings,3889,True,0.9326502077224067,0.38372879260827597,0.9302027426018995,0.6221993304146278,4.800347132939058,4.800347132939058,0.503606388459557,0.4963936115404431,720,723
linecfbp_beta_rank,linecfbp_john_harris,Beta_Rank,John Harris,1096,True,0.9263794702095368,0.38366015029377704,0.9354973876629736,0.6164639850327409,4.581660583941606,4.581660583941606,0.4275161588180979,0.5724838411819021,190,227
linecfbp_wilson_ratings,linept_paynewl,Wilson Ratings,linepaynewl,2078,True,0.762567153456377,0.38362697338566004,0.8785568393598434,0.6122747199220653,6.8489990375360925,6.88645813282002,0.5760346487006738,0.4239653512993263,414,388
linecfbp_cfb_victory,linecfbp_pearatings,CFB Victory,PEARatings,550,True,0.8802350306643583,0.3835635556064528,0.8980263463643811,0.6542056074766355,5.2727272727272725,5.2727272727272725,0.4468864468864469,0.5531135531135531,94,98
linecfbp_jp,linecfbp_pearatings,JP+,PEARatings,550,True,0.9270571033556045,0.38306874710551253,0.9405199925882376,0.562152133580705,4.18509090909091,4.18509090909091,0.4606946983546618,0.5393053016453382,121,117
piratings,teamrankings,Pi-Ratings,TeamRankings.com,3943,True,0.9512666688826447,0.38303144055831406,0.9555556599814413,0.6402803010641059,3.5952143038295716,3.595467917829064,0.48320943347859524,0.5167905665214048,703,704
linecfbp_cfb_geek,sagarin_recent,CFB Geek,Sagarin Recent,2122,True,0.9383781554968941,0.38289963749355865,0.945034960684178,0.6475332068311196,3.9075966069745522,3.961969839773798,0.49598867390278434,0.5040113260972157,390,361
linept_talis,linept_wayward,Talisman Red,Waywardtrends,1555,True,0.9396880402878126,0.3827063416070177,0.9388190492384261,0.6087516087516087,4.430109324758842,4.430109324758842,0.47717041800643084,0.5228295819935691,300,300
linecfbp_cbcr2_sam,teamrankings,CBCR2: Sam,TeamRankings.com,515,True,0.921302741166391,0.38256053691313147,0.9325829838304162,0.6190476190476191,4.552427184466019,4.552427184466019,0.4657534246575342,0.5342465753424658,99,93
congrove,linept_cather,Congrove Computer Rankings,linecather,923,True,0.9122739996591678,0.3824560424460768,0.912273221568488,0.6489841986455982,5.16759479956663,5.16759479956663,0.5157096424702059,0.48429035752979416,192,133
fei,moore_ratings,FEI Projections,Moore Power Ratings,3893,True,0.9030027165255907,0.3823649094932255,0.9268486238318038,0.6365524402907581,4.720148985358335,4.72297456974056,0.5209350115592088,0.47906498844079115,702,697
linecfbp_room44_bets,linept_wayward,Room44 Bets,Waywardtrends,1051,True,0.9363326127666152,0.3823272878700222,0.9487898346168316,0.6026871401151631,3.989733587059942,4.159933396764986,0.5337773549000951,0.46622264509990485,227,202
linept_pugh,moore_ratings,Pugh Ratings,Moore Power Ratings,3886,True,0.9257903851529226,0.3820214259484666,0.9304055309324168,0.6562821833161689,4.620218733916623,4.620090066906845,0.5155727155727156,0.48442728442728444,648,664
linept_how,massey,Howell,Massey Ratings,3894,True,0.8712777712649511,0.3819576817630857,0.9186421838198106,0.6116737739872068,5.230837185413456,5.230066769388802,0.4754435587554641,0.5245564412445358,715,791
linecfbp_kford,moore_ratings,KFord,Moore Power Ratings,1611,True,0.9237733773392931,0.38195542002138416,0.9398386775507191,0.6330619912335629,4.192805710738672,4.328547486033519,0.5723153320918684,0.4276846679081316,316,281
linecfbp_matt_grissom,piratings,Matt Grissom,Pi-Ratings,1098,True,0.9474437591533204,0.38191615711102866,0.9491291512567916,0.6460258780036968,3.7592805100182156,3.9101912568306005,0.5606617647058824,0.43933823529411764,226,170
linecfbp_pearatings,linept_bihl,PEARatings,Bihl System,254,True,0.9365947548033775,0.3818138017184503,0.9538153556973334,0.6428571428571429,3.3753149606299213,3.3935039370078743,0.562992125984252,0.43700787401574803,52,37
linecfbp_power_rank,linecfbp_wilson_ratings,Power Rank,Wilson Ratings,2636,True,0.9310999363688982,0.38175606909556864,0.9542585912988522,0.6125532739248354,3.733308042488619,3.733308042488619,0.5189437428243399,0.48105625717566014,512,504
linecfbp_sportsline,sagarin_golden_mean,SportsLine,Sagarin Golden Mean,1613,True,0.9195195006490683,0.38175088618561875,0.9336712246496939,0.6290424857324033,4.575660260384377,4.6496962182269055,0.463112213267204,0.536887786732796,306,305
linept_bill,linept_laz,Billingsley,Laz Index,3893,True,0.8267997140196939,0.38136466015591064,0.9056504670584925,0.6370884773662552,5.322838427947598,5.322838427947598,0.4602725636410388,0.5397274363589611,669,710
linecfbp_trent_sorensen,linept_elo,Trent Sorensen,Beck Elo,1051,True,0.7892998058498372,0.38122381683663575,0.8731927823903416,0.5862068965517241,6.611883920076118,6.642483349191246,0.45290199809705045,0.5470980019029495,226,206
piratings_mean,sagarin_golden_mean,Pi-Ratings Mean,Sagarin Golden Mean,3943,True,0.9462392652632136,0.38119572222508435,0.952435503995304,0.6414609053497943,3.620448896779102,3.6201952827796093,0.5034272658035034,0.49657273419649656,677,726
linept_dwig,linept_laz,DP Dwiggins,Laz Index,3886,True,0.9050091334531323,0.3810718296116981,0.9059493382923316,0.6576217079010375,5.091896551724138,5.091896551724138,0.45842985842985845,0.5415701415701416,627,706
dokter_entropy,linecfbp_cfbwe_margin,Dokter Entropy,CFBWE: Margin,516,True,0.9339809137578314,0.38104061766670205,0.9519554885766022,0.581532416502947,3.7822286821705426,3.8981976744186047,0.49416342412451364,0.5058365758754864,105,108
linept_cather,piratings,linecather,Pi-Ratings,923,True,0.9351402297444146,0.3806754814398334,0.932696128001288,0.6503416856492027,4.532199349945829,4.532199349945829,0.440567066521265,0.559432933478735,142,183
linecfbp_power_rank_free,linept_bihl,Power Rank: Free,Bihl System,856,True,0.915979421548347,0.38050957693303705,0.9512822374782637,0.6103286384976526,3.94428738317757,4.1073714953271026,0.5105140186915887,0.4894859813084112,186,157
linecfbp_cfbwe_margin,linept_laz,CFBWE: Margin,Laz Index,515,True,0.9030366034662981,0.38012559545601693,0.9341635346820453,0.5992141453831041,4.560019417475728,4.620485436893205,0.5106796116504855,0.4893203883495146,96,109
linecfbp_cfb_graphs,linept_log,CFB Graphs,Logistic Regression,977,True,0.5992013366997319,0.3799329145695556,0.8634474072069543,0.6326109391124871,6.9824257932446265,7.037737973387922,0.5840163934426229,0.41598360655737704,170,192
linept_kam,linept_super,Edward Kambour,linesuper,769,True,0.9189442359877901,0.3798659203879507,0.8524315460115991,0.6114732724902217,7.871521456436932,7.871521456436932,0.5630689206762028,0.43693107932379716,136,155
linept_loud,linept_payne,Loudsound.org,linepayne,3042,True,0.7147100269421706,0.37972102861190116,0.8512667318559998,0.6819407008086253,6.798224852071005,6.798224852071006,0.48157894736842105,0.5184210526315789,477,476
linecfbp_cfb_geek,sagarin_predictor,CFB Geek,Sagarin Predictor,2122,True,0.9495526667085868,0.3794156188406607,0.9537139092551621,0.6192965779467681,3.712469368520264,3.800273327049953,0.4839622641509434,0.5160377358490567,418,397
linept_born,linept_elo,Born Power Index,Beck Elo,3133,True,0.9327362743505571,0.3793141048093232,0.923808008194971,0.6117684681803646,5.070884136610278,5.070884136610278,0.49936143039591313,0.5006385696040868,609,587
linept_bill,linept_curry,Billingsley,Daniel Curry Index,3892,True,0.8997422097215895,0.37926265799170067,0.8985818394409907,0.6230393417330934,5.853874614594039,5.853874614594039,0.488940329218107,0.511059670781893,731,706
harville,linept_curry,David Harville,Daniel Curry Index,3893,True,0.9315733790143746,0.379244710371594,0.9295032323368752,0.6077674897119342,4.796272797328538,4.796272797328538,0.532133676092545,0.46786632390745503,757,736
linecfbp_matt_grissom,linecfbp_power_rank,Matt Grissom,Power Rank,1098,True,0.9607264971720608,0.3792177903572419,0.9617415390812142,0.600925925925926,3.296448087431694,3.296448087431694,0.4806985294117647,0.5193014705882353,225,209
linecfbp_tshoe_index,linept_born,TShoe Index,Born Power Index,1578,True,0.9271081988858662,0.37906405968654816,0.9259858361723301,0.6136363636363636,4.898067173637516,4.953910012674272,0.5270184361093452,0.4729815638906548,318,304
linept_round,teamrankings,lineround,TeamRankings.com,2105,True,0.8836988572223949,0.37897875986366886,0.9193939514317936,0.6462450592885376,5.083714964370547,5.083714964370547,0.45306513409961685,0.5469348659003831,381,359
linept_kam,sagarin_predictor,Edward Kambour,Sagarin Predictor,3894,True,0.9478608355758383,0.37893699524960034,0.9504607205452192,0.6363636363636364,3.8044273240883406,3.8044273240883406,0.4817480719794344,0.5182519280205655,674,714
linept_kam,sagarin_golden_mean,Edward Kambour,Sagarin Golden Mean,3894,True,0.9380521203494434,0.37857866361965886,0.9446549093933799,0.6459083890890376,3.939542886492039,3.9395428864920397,0.49691358024691357,0.5030864197530864,654,702
linept_dwig,linept_kerns,DP Dwiggins,Stephen Kerns,3888,True,0.8686076896523993,0.37853858775237403,0.8769609833897649,0.6317612576605383,6.398451646090535,6.398451646090535,0.5071151358344114,0.49288486416558863,688,740
linept_curry,piratings_mean,Daniel Curry Index,Pi-Ratings Mean,3893,True,0.9235187743754338,0.3785094320558355,0.9289606007550282,0.6240562353553762,4.760164397636784,4.760421268944259,0.45781893004115226,0.5421810699588477,714,717
linecfbp_john_harris,linept_dunk,John Harris,Dunkel Index,914,True,0.9279053264308573,0.3784154484357517,0.9336364075321353,0.6366666666666667,4.388052516411379,4.448293216630197,0.5722100656455142,0.42778993435448576,192,149
dokter_entropy,linecfbp_tshoe_index,Dokter Entropy,TShoe Index,2127,True,0.9454947119772659,0.37812991954547287,0.9551196584505947,0.6066925315227935,3.6434179595674654,3.7569017395392574,0.5261176470588236,0.4738823529411765,441,401
linecfbp_cfb_geek,linept_wayward,CFB Geek,Waywardtrends,1051,True,0.9351235911398172,0.3780087269190993,0.9463649466759808,0.6354066985645933,3.9603520456707906,4.025490009514749,0.5099904852521409,0.4900095147478592,202,189
linecfbp_power_rank_free,piratings_mean,Power Rank: Free,Pi-Ratings Mean,1579,True,0.9524914789867175,0.3777520738881113,0.9547035819917082,0.6054158607350096,3.751918936035466,3.850272324255858,0.5015974440894568,0.4984025559105431,327,299
linept_cather,piratings_mean,linecather,Pi-Ratings Mean,923,True,0.9402491644369584,0.37765854082859324,0.9358999364487128,0.6597938144329897,4.423921993499458,4.423921993499458,0.43743199129488575,0.5625680087051143,143,175
linecfbp_cbcr2_power,linecfbp_power_rank_free,CBCR2: Power,Power Rank: Free,1063,True,0.9256378403605537,0.37732590240203023,0.9285928277153723,0.611954459203036,4.746754468485419,4.746754468485419,0.4871550903901047,0.5128449096098954,207,202
harville,linecfbp_cfb_geek,David Harville,CFB Geek,2122,True,0.9465263332288383,0.37715981997136955,0.9509865195154975,0.6263632053105738,3.789038642789821,3.8618284637134774,0.49338999055712934,0.5066100094428706,371,424
linecfbp_si_composite,sagarin_predictor,SI Composite,Sagarin Predictor,505,True,0.9438753529935334,0.3769509229138517,0.9616613409676054,0.6487025948103793,3.4081386138613867,3.412257425742575,0.5247524752475248,0.4752475247524752,92,88
linecfbp_cbcr2_power,linept_round,CBCR2: Power,lineround,659,True,0.8644819743056542,0.37691364784721587,0.9019199909254403,0.6199376947040498,5.706980273141123,5.701972685887709,0.5383435582822086,0.4616564417177914,140,118
keeper,linept_dunk,Keeper,Dunkel Index,3467,True,0.9122696650908333,0.37677208490931346,0.9136290145680165,0.6331309627059843,5.206965676377272,5.2075829247187775,0.5105339105339105,0.4894660894660895,655,592
linecfbp_cfb_geek,linept_pig,CFB Geek,Pigskin Index,1791,True,0.9436244967761976,0.37670970844918494,0.9452807299930401,0.6307966706302022,4.048665549972083,4.068252372975991,0.49943757030371205,0.500562429696288,360,312
fei,linept_donchess,FEI Projections,Donchess Inference,3896,True,0.9148506997064488,0.37652224369620857,0.94157747412145,0.6207262125629472,4.123503593429159,4.126712012320329,0.4751552795031056,0.5248447204968945,732,741
linept_clean,sagarin_predictor,Cleanup Hitter,Sagarin Predictor,3855,True,0.7722924218930405,0.3764555706122745,0.8844754477984512,0.6326312983204478,6.380627756160831,6.380627756160831,0.4266043128085217,0.5733956871914783,680,728
harville,linept_donchess,David Harville,Donchess Inference,3896,True,0.9405897461105208,0.3763044354617913,0.959521233049537,0.6249343832020997,3.4882084188911704,3.4882084188911704,0.4835560123329907,0.5164439876670093,716,730
linecfbp_professor_sides,linecfbp_sportsratings,Professor Sides,SportsRatings,550,True,0.932026887949038,0.376283098665894,0.9187082375670548,0.6427255985267035,4.7869090909090914,4.7869090909090914,0.5437956204379562,0.4562043795620438,88,103
linept_payne,sagarin_predictor,linepayne,Sagarin Predictor,3124,True,0.8496043668054194,0.3762775985614968,0.907632384362959,0.6375601926163724,5.51530409731114,5.515304097311139,0.45227418321588725,0.5477258167841127,542,570
harville,piratings,David Harville,Pi-Ratings,3943,True,0.9508922069921604,0.3760896331600218,0.9511976619133539,0.6348515864892528,3.789213796601572,3.789467410601065,0.5046966235085047,0.4953033764914953,707,709
linecfbp_cfbwe_margin,linecfbp_dratings,CFBWE: Margin,DRatings,516,True,0.9170420984327265,0.3759797432903642,0.943489293389518,0.6553784860557769,4.062596899224807,4.062596899224807,0.4893203883495146,0.5106796116504855,92,86
dokter_entropy,linept_talis,Dokter Entropy,Talisman Red,3839,True,0.9326948459481391,0.3758213433517482,0.9415479625124191,0.623366440146367,4.23021099244595,4.23021099244595,0.5405687451082702,0.4594312548917297,693,729
linecfbp_cfb_geek,piratings_bias,CFB Geek,PI-Rate Bias,2122,True,0.9432466988231515,0.37568498734031863,0.9425411896111161,0.6393129770992366,4.060089538171536,4.169373232799246,0.5061904761904762,0.4938095238095238,412,365
linecfbp_cfbwe_talent,linept_laz,CFBWE: Talent,Laz Index,515,True,0.734846981356013,0.37548531641829147,0.8864331020717368,0.5753424657534246,6.53178640776699,6.548485436893204,0.487378640776699,0.512621359223301,102,111
linecfbp_beta_rank,linecfbp_pearatings,Beta_Rank,PEARatings,550,True,0.920415009656414,0.37528421638014364,0.9274480621061086,0.6388888888888888,4.702545454545454,4.702545454545454,0.43462246777163904,0.565377532228361,95,103
linecfbp_cfbwe_average,sagarin,CFBWE: Average,Sagarin Ratings,516,True,0.9182887685033954,0.3750817464121739,0.9496720475642415,0.6089494163424124,3.8819961240310077,3.934670542635659,0.5223300970873787,0.47766990291262135,101,97
linept_pig,teamrankings,Pigskin Index,TeamRankings.com,3443,True,0.9557747123623624,0.3746211497698005,0.9590346000702262,0.6281891723708775,3.5587133313970374,3.5587133313970374,0.4736070381231672,0.5263929618768328,603,679
linecfbp_tshoe_index,sagarin_golden_mean,TShoe Index,Sagarin Golden Mean,2127,True,0.9330404520393504,0.37418013799403427,0.9474500206342386,0.6298984034833092,4.027649271274095,4.097287259050305,0.4938737040527804,0.5061262959472196,395,414
linecfbp_sp,linecfbp_sportsline,SP+,SportsLine,1611,True,0.9160399062913327,0.3741073673117179,0.9274311749401444,0.6171027440970006,4.764804469273743,4.764804469273743,0.5337922403003754,0.4662077596996245,327,281
espn_fpi,linept_round,ESPN FPI,lineround,2105,True,0.8776290078399205,0.37387617754491387,0.9188489527911702,0.63330078125,5.1576627078384805,5.1576627078384805,0.5594671741198858,0.44053282588011416,390,372
linecfbp_jp,linecfbp_ryder_analytics,JP+,Ryder Analytics,550,True,0.7858817955297707,0.3738635510235286,0.8879860572236986,0.6136783733826248,5.947636363636363,5.947636363636363,0.5766423357664233,0.4233576642335766,111,95
harville,linecfbp_dratings,David Harville,DRatings,2638,True,0.9351385878530025,0.37369125258968466,0.9560367734984788,0.6209553158705701,3.6269636087945414,3.698009855951478,0.489749430523918,0.510250569476082,502,514
linept_pig,linept_pugh,Pigskin Index,Pugh Ratings,3436,True,0.9416013717665028,0.373439264384235,0.942485476343976,0.6316436251920123,4.296434807916182,4.296434807916182,0.514410480349345,0.485589519650655,610,657
linecfbp_pearatings,linecfbp_tshoe_index,PEARatings,TShoe Index,548,True,0.9482689301180373,0.3732664489447829,0.9546582028531583,0.6628352490421456,3.3344890510948906,3.3344890510948906,0.5167910447761194,0.4832089552238806,101,81
linecfbp_cfb_geek,linept_fox,CFB Geek,linefox,1024,True,0.9350584599170234,0.3730142393112207,0.9388605994413302,0.6531027466937945,4.34349609375,4.4198828125,0.503921568627451,0.49607843137254903,186,165
linept_payne,linept_wayward,linepayne,Waywardtrends,787,True,0.714806697834607,0.37288285222712214,0.8385944151286502,0.6111817026683609,8.296073697585769,8.296073697585769,0.3926302414231258,0.6073697585768743,143,156
linecfbp_si_composite,sagarin,SI Composite,Sagarin Ratings,505,True,0.9432934573828565,0.372727859104028,0.960878273349222,0.6427145708582834,3.5609504950495046,3.5523168316831684,0.5099206349206349,0.49007936507936506,94,88
linept_big200,linept_dunk,Big 200,Dunkel Index,1387,True,0.8864281794070589,0.3723842688372786,0.8960543934461042,0.6293352601156069,5.823150684931507,5.823150684931507,0.5043290043290043,0.49567099567099565,279,221
espn_fpi,linept_kam,ESPN FPI,Edward Kambour,3894,True,0.9475251133628396,0.37195522977906004,0.9520267179949538,0.6350759721864537,3.793261427837699,3.7928762198253723,0.5208226221079691,0.47917737789203085,716,681
linept_curry,linept_fluker,Daniel Curry Index,Slate Fluker,694,True,0.9425680752031591,0.37194972068521487,0.9469195565445248,0.6646971935007385,3.6652017291066286,3.6652017291066286,0.4596541786743516,0.5403458213256485,115,114
linept_log,linept_round,Logistic Regression,lineround,1120,True,0.6659399099469202,0.3717201710426451,0.8502374935086252,0.6095764272559853,8.114071428571428,8.114071428571426,0.41160714285714284,0.5883928571428572,214,219
linept_fluker,linept_pig,Slate Fluker,Pigskin Index,339,True,0.9689693906394232,0.371705197876846,0.9631564182568078,0.6329113924050633,3.348790560471977,3.348790560471977,0.5654761904761905,0.43452380952380953,72,49
linecfbp_professor_sides,linept_super,Professor Sides,linesuper,507,True,0.9491450897720023,0.37163338528185197,0.8572770390214208,0.6317907444668008,7.642682445759369,7.683550295857987,0.567193675889328,0.43280632411067194,81,107
linecfbp_si_composite,massey,SI Composite,Massey Ratings,505,True,0.9163428842942359,0.37142778979669294,0.939748111638921,0.6533864541832669,4.437861386138613,4.386178217821782,0.5247524752475248,0.4752475247524752,87,91
linecfbp_wilson_ratings,linept_donchess,Wilson Ratings,Donchess Inference,2591,True,0.9236250561729228,0.3712364688504703,0.9507182372346438,0.6160287081339713,3.8903396372057117,4.000412967966036,0.48082942097026604,0.519170579029734,503,500
linecfbp_cfb_geek,linecfbp_wilson_ratings,CFB Geek,Wilson Ratings,2120,True,0.9348980419158396,0.37108294955327,0.9407631094670529,0.6195965417867435,4.200754716981132,4.200754716981132,0.504297994269341,0.49570200573065903,415,378
espn_fpi,linept_how,ESPN FPI,Howell,3894,True,0.890456880281243,0.37091622445405,0.926670374047168,0.6110370567848574,4.986527991782229,4.985885978428351,0.5408320493066255,0.4591679506933744,776,725
linecfbp_cfbwe_average,sagarin_predictor,CFBWE: Average,Sagarin Predictor,516,True,0.9081503867482192,0.37086461978622864,0.9451117145303429,0.599609375,4.047364341085271,4.105193798449613,0.5174418604651163,0.48255813953488375,97,104
linecfbp_david_sasser,linept_pfz,David Sasser,PerformanZ Ratings,503,True,0.875146467492431,0.37078274470647016,0.87947497812703,0.6325301204819277,5.802862823061631,5.844214711729623,0.5944333996023857,0.40556660039761433,90,87
espn_fpi,linecfbp_cfb_geek,ESPN FPI,CFB Geek,2122,True,0.948344523127034,0.3707078008926981,0.9534857100864002,0.6220322886989553,3.752931196983977,3.8313477851083886,0.5018885741265344,0.4981114258734655,388,416
espn_fpi,linept_argh,ESPN FPI,Argh Ratings,3135,True,0.9060304705146518,0.3707018609332224,0.9351102831646843,0.6205980066445183,4.572781499202552,4.57364274322169,0.5356116256786969,0.4643883743213031,626,550
harville,linept_clean,David Harville,Cleanup Hitter,3855,True,0.7727082545718487,0.37011663267535677,0.8836634533584864,0.6052210974960043,6.4863709468223085,6.4863709468223085,0.5660524266805087,0.4339475733194913,761,737
linept_dwig,sagarin_recent,DP Dwiggins,Sagarin Recent,3888,True,0.9052489862811994,0.3698595994092539,0.9129000040183571,0.6541633413141793,5.146530349794238,5.146530349794238,0.45468589083419153,0.5453141091658085,660,677
linecfbp_sportsline,piratings_mean,SportsLine,Pi-Ratings Mean,1613,True,0.9252672537021375,0.36912462118202044,0.9327664018616723,0.6213965406790519,4.619101053936764,4.727966522008679,0.47470331043098063,0.5252966895690193,321,302
linecfbp_cbcr2_power,linecfbp_jp,CBCR2: Power,JP+,1063,True,0.9040733372741985,0.36898972891312254,0.9154037470739603,0.5931232091690545,5.203386641580432,5.203386641580432,0.4843601895734597,0.5156398104265403,204,224
fei,linept_fluker,FEI Projections,Slate Fluker,694,True,0.9497761796188781,0.3686493395148774,0.9579003318197811,0.6611694152923538,3.074048991354467,3.074048991354467,0.4766081871345029,0.5233918128654971,111,123
linecfbp_kford,linept_pig,KFord,Pigskin Index,1282,True,0.9591450173298962,0.368198843693076,0.9564714147007227,0.6222038111019056,3.532979719188768,3.5915444617784718,0.5150078988941548,0.4849921011058452,275,224
linecfbp_cbcr2_power,linept_dunk,CBCR2: Power,Dunkel Index,930,True,0.8827066369972685,0.36818303044648526,0.9012279959821577,0.6187904967602592,5.492451612903225,5.560623655913979,0.5182795698924731,0.4817204301075269,195,170
dokter_entropy,linept_donchess,Dokter Entropy,Donchess Inference,3895,True,0.9552124029988767,0.3681045268986963,0.9635307283068849,0.6255263157894737,3.2534813863928114,3.2534813863928114,0.5017994858611825,0.4982005141388175,716,722
linept_round,sagarin_predictor,lineround,Sagarin Predictor,2105,True,0.8715908824981274,0.3678694659035012,0.9174860993104089,0.60693359375,5.254669833729216,5.254669833729216,0.4553231939163498,0.5446768060836502,407,407
espn_fpi,linecfbp_cfbwe_average,ESPN FPI,CFBWE: Average,516,True,0.9401204663406515,0.36778393865152464,0.9530711539188972,0.5906432748538012,3.9953100775193797,4.044496124031008,0.5038759689922481,0.49612403100775193,101,102
linecfbp_cfb_graphs,linecfbp_power_rank_free,CFB Graphs,Power Rank: Free,1572,True,0.910491056360582,0.3674725104635848,0.9386216693558034,0.5972850678733032,4.369020356234097,4.369020356234097,0.4807692307692308,0.5192307692307693,305,326
linecfbp_cbcr2_sam,linept_fox,CBCR2: Sam,linefox,515,True,0.9025433257385889,0.3674366023083555,0.9167055362538589,0.6383838383838384,5.123592233009708,5.109611650485436,0.474609375,0.525390625,93,88
linept_bill,sagarin_predictor,Billingsley,Sagarin Predictor,3895,True,0.8557915825885185,0.3672816256857271,0.9166721497696363,0.6099819912528943,5.281519897304236,5.2815198973042365,0.44258926277934757,0.5574107372206525,734,752
linept_pfz,moore_ratings,PerformanZ Ratings,Moore Power Ratings,3893,True,0.8691986682179744,0.367262404820215,0.8937129554700595,0.6352185089974293,5.977058823529412,5.976930387875675,0.4686536485097636,0.5313463514902363,712,686
linecfbp_tshoe_index,linept_how,TShoe Index,Howell,2082,True,0.8887475320281519,0.36720089775768117,0.9196163758967983,0.6198770491803278,5.173909702209414,5.240806916426513,0.5431672422298964,0.4568327577701036,406,406
fei,linecfbp_dratings,FEI Projections,DRatings,2591,True,0.9082258304715722,0.36715095524231267,0.9371211716391054,0.6185199841709537,4.273716711694327,4.370389810883829,0.48419820522824814,0.5158017947717518,511,492
linecfbp_cfbwe_talent,linept_paynewl,CFBWE: Talent,linepaynewl,516,True,0.6282188251232742,0.36703202791511097,0.8612376467375484,0.5859375,7.423662790697675,7.405368217054264,0.5174418604651163,0.48255813953488375,104,108
linept_fox,sagarin_predictor,linefox,Sagarin Predictor,2329,True,0.9410829985105049,0.36684292447738426,0.9433570568275285,0.6243880729862038,4.200210390725633,4.200210390725633,0.479776247848537,0.520223752151463,416,450
linecfbp_cfbwe_margin,linept_rwp,CFBWE: Margin,Laffaye RWP,480,True,0.8517341508492131,0.36617912847831685,0.9027972355962607,0.6126315789473684,5.601520833333333,5.610229166666667,0.5520833333333334,0.4479166666666667,92,93
linept_elo,sagarin_predictor,Beck Elo,Sagarin Predictor,3896,True,0.907064863893936,0.36559996541577694,0.9390203513899177,0.6197219361483007,4.40717659137577,4.40717659137577,0.46712891628145864,0.5328710837185413,709,754
linept_paynewl,linept_wayward,linepaynewl,Waywardtrends,787,True,0.6662365351081062,0.36530178326901686,0.8218371701885425,0.5946632782719187,8.877395171537485,8.877395171537485,0.3761118170266836,0.6238881829733164,151,160
dokter_entropy,linecfbp_power_rank,Dokter Entropy,Power Rank,2636,True,0.9651388880411026,0.36524660348451105,0.9705823413748604,0.5936898807233552,2.981604704097117,3.0700948406676782,0.5020904599011783,0.49790954009882177,543,518
linept_bihl,linept_pig,Bihl System,Pigskin Index,1785,True,0.9212168121500904,0.365156816055009,0.9510108079931895,0.6440476190476191,3.952745098039216,3.952745098039216,0.47560291643297814,0.5243970835670219,334,304
linecfbp_tshoe_index,linept_talis,TShoe Index,Talisman Red,2079,True,0.9209587409940889,0.36506236562646305,0.9300401638356396,0.623948540326571,4.557113997113997,4.672207792207792,0.5219277108433735,0.47807228915662653,373,420
linept_clean,linept_donchess,Cleanup Hitter,Donchess Inference,3855,True,0.7668105854194396,0.3649801250293898,0.8830494443823509,0.6028812177222072,6.5298651102464325,6.5298651102464325,0.425498426023085,0.574501573976915,743,784
linecfbp_ryder_analytics,linept_bill,Ryder Analytics,Billingsley,503,True,0.7853099210690416,0.3645859824661795,0.8815234313497105,0.658,6.092902584493041,6.095526838966203,0.4592445328031809,0.5407554671968191,78,100
fei,linept_loud,FEI Projections,Loudsound.org,3814,True,0.7554261785598777,0.36453392149850394,0.865748253603703,0.6160520607375272,6.625026219192449,6.628303618248559,0.5518244315177155,0.4481755684822845,721,714
linept_fluker,sagarin,Slate Fluker,Sagarin Ratings,694,True,0.9558583417766467,0.3644260094494352,0.9621117819909295,0.6395864106351551,2.877478386167147,2.877478386167147,0.521613832853026,0.4783861671469741,122,124
linecfbp_cfbwe_margin,linept_donchess,CFBWE: Margin,Donchess Inference,516,True,0.9189731949835098,0.3642820491646784,0.9449403534641265,0.6586345381526104,4.000329457364341,4.029011627906978,0.4970873786407767,0.5029126213592233,91,85
linept_how,sagarin_predictor,Howell,Sagarin Predictor,3894,True,0.8831988562498028,0.36427651248467496,0.9245916307425681,0.6113036523593708,5.040570107858244,5.040570107858244,0.46082712561006933,0.5391728743899307,717,776
harville,linecfbp_mcillece_sports,David Harville,McIllece Sports,550,True,0.9354112962748844,0.36399823874435844,0.9384653466121243,0.5989010989010989,4.131309090909092,4.2142181818181825,0.48905109489051096,0.5109489051094891,96,125
linecfbp_cfbwe_average,moore_ratings,CFBWE: Average,Moore Power Ratings,516,True,0.8868942124481015,0.36364347705105715,0.9343674866079273,0.5933852140077821,4.834224806201551,4.845852713178295,0.5406976744186046,0.45930232558139533,107,96
linecfbp_cbcr2_power,linept_wayward,CBCR2: Power,Waywardtrends,548,True,0.9276039705849396,0.3635928789773014,0.9289253108525662,0.6110091743119266,4.81007299270073,4.8721897810218975,0.48811700182815354,0.5118829981718465,119,107
congrove,linecfbp_john_harris,Congrove Computer Rankings,John Harris,1098,True,0.9255978828296852,0.36355676125516956,0.9336333738896672,0.6289424860853432,4.491429872495447,4.614908925318762,0.43846855059252504,0.5615314494074749,197,213
harville,linecfbp_matt_grissom,David Harville,Matt Grissom,1098,True,0.9567001889965226,0.36352695226347403,0.9578896322118431,0.6137614678899083,3.4209653916211287,3.5488524590163935,0.5009140767824497,0.4990859232175503,196,234
harville,linecfbp_cbcr2_power,David Harville,CBCR2: Power,1063,True,0.9292855492009922,0.36327330110032546,0.932673250712257,0.630085146641438,4.566067732831608,4.6105832549388515,0.5277516462841016,0.4722483537158984,192,211
linecfbp_pearatings,linecfbp_professor_sides,PEARatings,Professor Sides,550,True,0.9522225418014838,0.3631763922848418,0.9522035874633905,0.6709796672828097,3.495090909090909,3.495090909090909,0.4981684981684982,0.5018315018315018,91,84
linept_curry,moore_ratings,Daniel Curry Index,Moore Power Ratings,3890,True,0.9038845915855914,0.3627130795595803,0.9140564291135623,0.6169282222793928,5.30819794344473,5.3080694087403595,0.4971693257848688,0.5028306742151313,719,739
linecfbp_sv_bettor,moore_ratings,SV Bettor,Moore Power Ratings,507,True,0.915081225193656,0.3623912964606216,0.9261281961588399,0.6057494866529775,5.052011834319527,5.121676528599606,0.48514851485148514,0.5148514851485149,91,107
linecfbp_cbcr2_power,linept_laz,CBCR2: Power,Laz Index,1063,True,0.9193568403392686,0.3621698858309181,0.9246450555711632,0.6212121212121212,4.715785512699906,4.75928504233302,0.49106302916274697,0.5089369708372531,225,189
espn_fpi,linecfbp_david_sasser,ESPN FPI,David Sasser,550,True,0.9380305831469832,0.3621076737847232,0.9488570696077256,0.5981651376146789,3.8453818181818185,3.979127272727273,0.4781021897810219,0.5218978102189781,102,122
linept_curry,sagarin,Daniel Curry Index,Sagarin Ratings,3893,True,0.9304369308058548,0.3620127653043125,0.9291381661570971,0.6189495365602472,4.718266118674544,4.718266118674544,0.4572089437162683,0.5427910562837317,706,743
linecfbp_matt_grissom,linept_talis,Matt Grissom,Talisman Red,1048,True,0.9376639824348756,0.36145740165690443,0.9411392923998327,0.6243996157540826,4.126583969465648,4.258912213740458,0.5562977099236641,0.4437022900763359,213,189
linecfbp_pearatings,sagarin_recent,PEARatings,Sagarin Recent,550,True,0.9553780620079817,0.3614018555034081,0.9483809855258934,0.6293577981651376,3.7141090909090915,3.790836363636364,0.54,0.46,106,102
espn_fpi,fei,ESPN FPI,FEI Projections,3896,True,0.9185377040092112,0.36137705955840965,0.9421447516315816,0.6183424266043128,4.005387577002053,4.00795431211499,0.52994088923156,0.47005911076844,741,730
linecfbp_cbcr2_power,sagarin_predictor,CBCR2: Power,Sagarin Predictor,1063,True,0.9317668482666591,0.3612221542454337,0.9352069539501162,0.6049382716049383,4.4817403574788335,4.57,0.4609595484477893,0.5390404515522107,224,204
congrove,linept_pig,Congrove Computer Rankings,Pigskin Index,3442,True,0.9165073978509503,0.3612039367815278,0.9258590696248867,0.6270718232044199,4.922411388727483,4.922411388727483,0.4695955775385511,0.5304044224614489,706,583
linept_clean,sagarin,Cleanup Hitter,Sagarin Ratings,3855,True,0.7740728902936167,0.3610829136975981,0.8830268785392229,0.620634497467342,6.468977950713359,6.468977950713359,0.42527244421380384,0.5747275557861962,704,745
linecfbp_cbcr2_power,linecfbp_cbcr2_sam,CBCR2: Power,CBCR2: Sam,515,True,0.8979130963092073,0.3609782787315119,0.9113249950974163,0.6594911937377691,5.032427184466019,5.032427184466019,0.5077821011673151,0.49221789883268485,89,83
linecfbp_cfbwe_margin,massey,CFBWE: Margin,Massey Ratings,516,True,0.9136114606086162,0.36069396458216924,0.9395604201096185,0.6372549019607843,4.04672480620155,4.111492248062015,0.49224806201550386,0.5077519379844961,83,104
linecfbp_matt_grissom,linecfbp_room44_bets,Matt Grissom,Room44 Bets,1098,True,0.9391158480311468,0.36056670680347885,0.945960003932328,0.5953703703703703,4.047632058287796,4.047632058287796,0.5078630897317299,0.4921369102682701,217,224
linecfbp_jp,linecfbp_room44_bets,JP+,Room44 Bets,2128,True,0.9021475647453988,0.36003552455083193,0.9284427780653082,0.610234337637494,4.7125,4.7125,0.491725768321513,0.508274231678487,406,403
linecfbp_wilson_ratings,linept_loud,Wilson Ratings,Loudsound.org,2510,True,0.7216999574293987,0.3598386477626214,0.8630646705933693,0.6004115226337449,6.8197609561752985,6.908486055776893,0.5554662379421221,0.4445337620578778,491,505
congrove,dokter_entropy,Congrove Computer Rankings,Dokter Entropy,3941,True,0.9178222361543094,0.3598018826642655,0.931262227832053,0.6188535031847133,4.680773915249937,4.681027657954834,0.4494153533299441,0.5505846466700559,763,704
linept_born,piratings,Born Power Index,Pi-Ratings,3133,True,0.9331944758814519,0.3597687800915845,0.9324471980201977,0.6175619170151174,4.648621129907437,4.648940312799234,0.46183328010220376,0.5381667198977962,576,599
linept_pugh,sagarin,Pugh Ratings,Sagarin Ratings,3889,True,0.955895876232293,0.3596312323533307,0.9461982372009777,0.6279309456325689,4.047706351247108,4.047706351247108,0.46407416945660573,0.5359258305433943,693,726
linept_elo,moore_ratings,Beck Elo,Moore Power Ratings,3893,True,0.895767043168641,0.35961921115424755,0.9226989646844879,0.6215590429637252,5.009917801181608,5.009789365527871,0.5141606591143152,0.48583934088568487,716,738
linecfbp_cfb_victory,linecfbp_power_rank_free,CFB Victory,Power Rank: Free,548,True,0.834145303414434,0.3592166299155699,0.9033944555947029,0.6136783733826248,5.896350364963503,5.896350364963503,0.4643510054844607,0.5356489945155393,106,109
linecfbp_pearatings,massey,PEARatings,Massey Ratings,550,True,0.9385919740044718,0.35916093325546383,0.9495582686710337,0.5974264705882353,3.869981818181818,3.9536545454545458,0.526508226691042,0.473491773308958,111,111
linept_donchess,sagarin,Donchess Inference,Sagarin Ratings,3896,True,0.9428400511342969,0.35891457087782563,0.960519235425124,0.6233254531126872,3.4308701232032854,3.4308701232032854,0.5011565150346955,0.49884348496530456,722,725
linecfbp_john_harris,linept_wayward,John Harris,Waywardtrends,1051,True,0.9593042179951411,0.35887110662493754,0.9614590895059523,0.6191860465116279,3.3164795432921026,3.4650237868696476,0.5337773549000951,0.46622264509990485,212,200
linecfbp_cbcr2_sam,sagarin_recent,CBCR2: Sam,Sagarin Recent,515,True,0.9151208708280214,0.35847790777233096,0.927497644121194,0.6089494163424124,4.697320388349515,4.701126213592233,0.4796116504854369,0.5203883495145631,104,95
linecfbp_blake_atkinson,teamrankings,Blake Atkinson,TeamRankings.com,515,True,0.9593689565397774,0.3584458421170215,0.964028154259366,0.6244979919678715,2.9755339805825245,3.082330097087379,0.5420743639921722,0.45792563600782776,104,90
linecfbp_kford,piratings,KFord,Pi-Ratings,1613,True,0.9535225485562908,0.35839073897957774,0.9521390043888868,0.6268093140339837,3.70743335399876,3.8431432114073156,0.5481852315394243,0.4518147684605757,326,292
linecfbp_ryder_analytics,linecfbp_wilson_ratings,Ryder Analytics,Wilson Ratings,550,True,0.7875751950592534,0.35836143389767244,0.8913019516563626,0.5878003696857671,5.925818181818181,5.925818181818181,0.43486238532110094,0.5651376146788991,108,112
linept_dunk,piratings,Dunkel Index,Pi-Ratings,3472,True,0.9172303839034401,0.35822695621582334,0.9245023513473901,0.6192967160709096,4.882088133640553,4.881800115207374,0.4679930795847751,0.5320069204152249,634,660
linecfbp_wilson_ratings,linept_dunk,Wilson Ratings,Dunkel Index,2254,True,0.9277435227155205,0.3581246239388003,0.9228846440496004,0.6201793721973095,4.912590949423247,4.955882874889086,0.55550621669627,0.44449378330373,447,425
linecfbp_pearatings,linept_pugh,PEARatings,Pugh Ratings,503,True,0.9531477383805733,0.3581220185821273,0.9390229024271525,0.6847389558232931,4.117654075546719,4.206083499005964,0.5387673956262425,0.46123260437375746,82,80
linept_fox,linept_pugh,linefox,Pugh Ratings,2323,True,0.931175486233396,0.35790950798414556,0.9351196208857825,0.6261140819964349,4.529879466207491,4.529879466207491,0.49246663796814466,0.5075333620318554,433,424
linecfbp_sportsline,sagarin,SportsLine,Sagarin Ratings,1613,True,0.9221298369318291,0.35767145372363585,0.9353235429215224,0.6252377932783767,4.46211407315561,4.5678549287042784,0.4609181141439206,0.5390818858560794,305,316
linecfbp_tshoe_index,linept_payne,TShoe Index,linepayne,1569,True,0.8443003087580405,0.3576364474768457,0.8963194631520021,0.6361854996734161,5.723142128744423,5.773021032504781,0.5513720485003191,0.44862795149968093,296,277
espn_fpi,linept_paynep,ESPN FPI,linepaynep,3124,True,0.8909453548550129,0.3574682104979858,0.9090959750915631,0.6524390243902439,5.276536491677337,5.275736235595391,0.5627802690582959,0.437219730941704,568,500
linecfbp_tshoe_index,linept_kam,TShoe Index,Edward Kambour,2080,True,0.9316068097226329,0.35722485484158745,0.9396574602904912,0.6214745175655616,4.2611057692307694,4.351673076923077,0.5036109773712085,0.49638902262879153,402,407
linept_clean,linept_loud,Cleanup Hitter,Loudsound.org,3774,True,0.5485309084495087,0.35716718932429414,0.8309967932300576,0.5823594880356149,7.960050344462109,7.960050344462109,0.5010851871947911,0.4989148128052089,770,783
fei,linecfbp_sportsline,FEI Projections,SportsLine,1566,True,0.9156969689879608,0.35716261041138486,0.9290343778572713,0.6080634500991408,4.791079182630907,4.921832694763729,0.5158166559070368,0.4841833440929632,325,302
massey,sagarin_recent,Massey Ratings,Sagarin Recent,3943,True,0.9282519402397301,0.35643639336309746,0.9387883916621034,0.6213740458015267,4.20770986558458,4.208470707583059,0.489723420451662,0.5102765795483379,753,707
moore_ratings,sagarin_predictor,Moore Power Ratings,Sagarin Predictor,3940,True,0.9196916670236324,0.3561767554216033,0.9384193812663476,0.6060528992878942,4.431294416243656,4.431167512690356,0.4645489199491741,0.5354510800508259,747,780
linecfbp_cfbwe,linept_how,CFBWE,Howell,516,True,0.8738671503199374,0.35616354454436655,0.9208624032757827,0.5728744939271255,5.392732558139535,5.42218992248062,0.57421875,0.42578125,117,96
linecfbp_cfbwe,linept_elo,CFBWE,Beck Elo,516,True,0.8779404107358283,0.3557374471484324,0.9334011087476451,0.6062992125984252,4.819999999999999,4.805503875968993,0.5581395348837209,0.4418604651162791,105,100
dokter_entropy,fei,Dokter Entropy,FEI Projections,3895,True,0.9247212352806651,0.355536959669826,0.9430535521042758,0.6224303929221962,3.92392297817715,3.92392297817715,0.5268568491390389,0.4731431508609612,729,726
moore_ratings,sagarin_recent,Moore Power Ratings,Sagarin Recent,3940,True,0.9160488003369065,0.3555123921820997,0.932024813405628,0.6251271617497457,4.526022842639594,4.525895939086294,0.47244094488188976,0.5275590551181102,723,721
linecfbp_pearatings,linecfbp_room44_bets,PEARatings,Room44 Bets,550,True,0.9407457506182282,0.35546126638666775,0.9498892517869144,0.5743494423791822,3.7752727272727276,3.7752727272727276,0.5082872928176796,0.49171270718232046,112,117
linecfbp_jp,linept_laz,JP+,Laz Index,2081,True,0.873909759913204,0.35542518040396137,0.9205537711578474,0.5991253644314869,4.731975012013455,4.8014320038443055,0.5050456511292648,0.49495434887073525,428,400
fei,linept_pugh,FEI Projections,Pugh Ratings,3889,True,0.9291296048725374,0.355303513974395,0.9283697686830945,0.6650207900207901,4.297027513499614,4.297027513499614,0.5046367851622875,0.4953632148377125,652,630
espn_fpi,sagarin_recent,ESPN FPI,Sagarin Recent,3943,True,0.944235681714007,0.35529752900218303,0.952213158606805,0.6151692542631713,3.637829064164342,3.6370174993659647,0.5153592282305154,0.48464077176948467,754,729
keeper,linecfbp_beta_rank,Keeper,Beta_Rank,2629,True,0.9120160096773151,0.3552301137603876,0.9072660727498936,0.6341650671785029,5.325058957778623,5.412438189425637,0.5104921785578024,0.4895078214421976,530,433
fei,linecfbp_si_composite,FEI Projections,SI Composite,505,True,0.8057222825694064,0.3551581078817695,0.893588633850207,0.6187624750499002,5.53209900990099,5.578198019801981,0.4721115537848606,0.5278884462151394,101,91
linecfbp_dratings,sagarin,DRatings,Sagarin Ratings,2638,True,0.9378871145845985,0.3551090912288422,0.9570022092131248,0.6225905936777179,3.560648218347233,3.6423843821076574,0.498103186646434,0.5018968133535661,506,506
piratings_mean,sagarin_predictor,Pi-Ratings Mean,Sagarin Predictor,3943,True,0.9546478080024006,0.3550903864682236,0.9570954785738298,0.6277992277992278,3.5551001775297997,3.5553537915292925,0.4931437277805993,0.5068562722194007,704,749
linept_curry,sagarin_golden_mean,Daniel Curry Index,Sagarin Golden Mean,3893,True,0.9200151814613072,0.355075980608972,0.9225891051320461,0.6285052739902238,4.866206010788595,4.866206010788595,0.4670951156812339,0.532904884318766,681,732
linecfbp_cfb_victory,teamrankings,CFB Victory,TeamRankings.com,1098,True,0.8811214995048815,0.3549705760739732,0.906347628291246,0.6320224719101124,5.377222222222222,5.478588342440801,0.4504587155963303,0.5495412844036697,204,202
linecfbp_wilson_ratings,linept_payne,Wilson Ratings,linepayne,2078,True,0.8413031390558218,0.3548260345401098,0.904637149179657,0.620253164556962,5.719898941289702,5.763498556304138,0.5361271676300579,0.4638728323699422,405,377
linept_big200,linept_rwp,Big 200,Laffaye RWP,1549,True,0.8895496154987564,0.3548143965518484,0.8766639034210393,0.6291989664082688,6.409606197546804,6.409606197546804,0.519715578539108,0.48028442146089206,301,263
linecfbp_david_sasser,linept_donchess,David Sasser,Donchess Inference,503,True,0.9396279782437289,0.35466386499357,0.948349755764686,0.6288032454361054,3.798409542743539,3.9017892644135186,0.48484848484848486,0.5151515151515151,97,94
linecfbp_dratings,linept_clean,DRatings,Cleanup Hitter,2552,True,0.7684065858616426,0.3545470752604313,0.8844511565255537,0.6093686354378819,6.459130094043887,6.5582131661442,0.5732333201737071,0.42676667982629296,513,499
linecfbp_cfbwe_talent,linecfbp_dratings,CFBWE: Talent,DRatings,516,True,0.7835690974111809,0.3543938211423317,0.8886089425253191,0.5932539682539683,6.380813953488372,6.380813953488372,0.4834307992202729,0.5165692007797271,108,98
linecfbp_wilson_ratings,linept_pugh,Wilson Ratings,Pugh Ratings,2589,True,0.94926960202821,0.35429689753601556,0.9353236235803475,0.6045330207112153,4.54186944766319,4.617582078022402,0.5137118578601777,0.4862881421398223,520,503
harville,linecfbp_sportsline,David Harville,SportsLine,1613,True,0.9177973861418689,0.35379587702685983,0.9317514566095504,0.6240506329113924,4.574159950402977,4.690340979541228,0.5273291925465838,0.47267080745341616,308,312
espn_fpi,linecfbp_trent_sorensen,ESPN FPI,Trent Sorensen,1098,True,0.7862761441498295,0.35373994458500646,0.8813966912511554,0.5909926470588235,6.24388888888889,6.340227686703097,0.5660893345487694,0.43391066545123064,220,227
fei,linecfbp_cbcr2_sam,FEI Projections,CBCR2: Sam,515,True,0.9070715868758926,0.35348732491737195,0.9229162230461244,0.5877712031558185,4.898427184466019,4.947747572815534,0.53125,0.46875,108,102
linecfbp_tshoe_index,linept_elo,TShoe Index,Beck Elo,2082,True,0.9043702202485363,0.35346263734622796,0.9285493226589465,0.6110836219693221,4.735225744476465,4.763804034582132,0.5292987512007685,0.47070124879923153,408,415
linecfbp_cfbwe_rounded,linept_elo,CFBWE: Rounded,Beck Elo,516,True,0.8781024653145855,0.35330935227991384,0.9334686897313179,0.6142857142857143,4.83763565891473,4.818837209302326,0.5581395348837209,0.4418604651162791,101,101
linept_born,moore_ratings,Born Power Index,Moore Power Ratings,3130,True,0.9194911987007356,0.352941808064887,0.9215680118566973,0.6407798018536274,4.8701821086261985,4.870341853035144,0.5166134185303515,0.4833865814696486,558,544
dokter_entropy,linecfbp_dratings,Dokter Entropy,DRatings,2637,True,0.9505003550518993,0.3526161960207119,0.9594968764232462,0.6161577116350986,3.436951080773606,3.5401971937808114,0.5049317147192717,0.4950682852807284,518,496
linept_laz,linept_pfz,Laz Index,PerformanZ Ratings,3894,True,0.8669910453749591,0.35259213742756185,0.8906491393729399,0.6311728395061729,5.762722136620442,5.762722136620442,0.5536127539213165,0.44638724607868346,716,698
espn_fpi,linecfbp_cfb_victory,ESPN FPI,CFB Victory,1098,True,0.8663763344571946,0.35231150787357995,0.9057157546962683,0.6229205175600739,5.3333970856102,5.4856193078324225,0.545123062898815,0.45487693710118504,219,209
linecfbp_power_rank_free,linept_log,Power Rank: Free,Logistic Regression,758,True,0.5624069037804511,0.3522168812934648,0.8546736898792203,0.6423841059602649,7.040778364116095,7.154736147757256,0.5514511873350924,0.44854881266490765,126,148
linecfbp_power_rank_free,sagarin_recent,Power Rank: Free,Sagarin Recent,1579,True,0.9420693753325249,0.35202388730434897,0.9523422172411944,0.5965473145780051,3.8963331222292585,3.9753451551614942,0.4882837238758708,0.5117162761241292,337,310
espn_fpi,moore_ratings,ESPN FPI,Moore Power Ratings,3940,True,0.9214187735272501,0.35188840207462385,0.9398684986036975,0.6256358087487284,4.300010152284264,4.298994923857868,0.547025927808846,0.45297407219115404,735,715
linecfbp_sportsratings,linept_pfz,SportsRatings,PerformanZ Ratings,503,True,0.8776405934596728,0.35166491683651835,0.8622538242985338,0.634,6.471570576540755,6.497892644135188,0.5228628230616302,0.47713717693836977,89,98
linept_dunk,linept_wayward,Dunkel Index,Waywardtrends,1388,True,0.9348134371630696,0.3514839071570421,0.9273721242773603,0.6194945848375452,4.678962536023055,4.678962536023055,0.44548736462093863,0.5545126353790614,249,270
espn_fpi,linept_elo,ESPN FPI,Beck Elo,3896,True,0.9115276336191328,0.3512155129081618,0.9396334572437847,0.6058187435633368,4.412253593429158,4.411868583162217,0.5360718870346598,0.4639281129653402,775,737
linecfbp_blake_atkinson,linecfbp_tshoe_index,Blake Atkinson,TShoe Index,515,True,0.9222894577612224,0.35112828115471434,0.9363645784424537,0.6304347826086957,4.333786407766991,4.333786407766991,0.5677799607072691,0.43222003929273084,101,89
linept_paynep,linept_wayward,linepaynep,Waywardtrends,787,True,0.7598675095671367,0.35094061000017407,0.8418064766588356,0.6060991105463787,8.117115628970776,8.117115628970776,0.40458015267175573,0.5954198473282443,148,155
linept_dwig,linept_talis,DP Dwiggins,Talisman Red,3832,True,0.8950942220418849,0.3507251220117338,0.9027993742238652,0.6606469002695418,5.298110647181629,5.298110647181629,0.47922654821008626,0.5207734517899137,613,692
linept_talis,piratings,Talisman Red,Pi-Ratings,3839,True,0.9214653244937535,0.35069609358343606,0.9296798487937804,0.6052009456264775,4.692399062255796,4.6926595467569685,0.4744658676393955,0.5255341323606045,764,725
linecfbp_power_rank_free,linecfbp_room44_bets,Power Rank: Free,Room44 Bets,1578,True,0.916594967135856,0.3504173326203688,0.9392607198326215,0.6097560975609756,4.402027883396705,4.402027883396705,0.4952259707192871,0.5047740292807129,299,308
linecfbp_sv_bettor,sagarin_predictor,SV Bettor,Sagarin Predictor,507,True,0.8912586825912933,0.35024220549648194,0.9324992029040233,0.602880658436214,4.955364891518737,5.018323471400395,0.5069033530571992,0.4930966469428008,103,106
espn_fpi,linept_pfz,ESPN FPI,PerformanZ Ratings,3896,True,0.8824920486720683,0.35023212788182906,0.9035589898440266,0.6120401337792643,5.706832648870637,5.70661704312115,0.5664695294420159,0.43353047055798405,737,748
linecfbp_cbcr2_power,sagarin_golden_mean,CBCR2: Power,Sagarin Golden Mean,1063,True,0.9249091379808998,0.3501985780535061,0.9313234241180974,0.6035950804162725,4.676989651928504,4.720018814675447,0.47318908748824084,0.5268109125117592,227,196
keeper,linept_cather,Keeper,linecather,918,True,0.9144858675877746,0.35014991661973877,0.9037063767554225,0.604994324631101,5.593191721132897,5.593191721132897,0.4989106753812636,0.5010893246187363,210,153
linecfbp_kford,piratings_bias,KFord,PI-Rate Bias,1613,True,0.9584560504380777,0.35010915516689,0.9510076240662644,0.6113207547169811,3.7664414135151887,3.902411655300682,0.5321673953778888,0.4678326046221112,334,302
linept_clean,linept_how,Cleanup Hitter,Howell,3853,True,0.7329304603805161,0.34995465596753306,0.8637312917929487,0.584598399116754,7.190308850246562,7.190308850246562,0.46112743788405025,0.5388725621159498,798,789
linecfbp_pearatings,linecfbp_trent_sorensen,PEARatings,Trent Sorensen,550,True,0.8139559069474652,0.34983412351991433,0.8694552189114424,0.5851851851851851,6.311272727272727,6.311272727272727,0.5688073394495413,0.43119266055045874,107,112
linecfbp_cfbwe_rounded,linept_how,CFBWE: Rounded,Howell,516,True,0.8726373799111887,0.3492599080648867,0.9203144209756816,0.5819327731092437,5.398158914728682,5.4407945736434105,0.5708582834331337,0.4291417165668663,114,98
espn_fpi,linecfbp_cfbwe,ESPN FPI,CFBWE,516,True,0.9380291625732936,0.3490878440022289,0.953671936482016,0.5540275049115914,3.9210077519379842,3.9572093023255817,0.4806201550387597,0.5193798449612403,111,112
linecfbp_sportsline,linept_paynewl,SportsLine,linepaynewl,1053,True,0.7615358306015841,0.3490502736360958,0.8506907594995261,0.6211240310077519,7.800056980056981,7.887825261158594,0.5826996197718631,0.41730038022813687,212,188
linecfbp_mcillece_sports,linept_big200,McIllece Sports,Big 200,503,True,0.8943283723906797,0.34901921657859575,0.8956744741179479,0.6312625250501002,5.638469184890655,5.652266401590458,0.5546719681908548,0.44532803180914515,98,89
linecfbp_cfbwe_margin,linecfbp_room44_bets,CFBWE: Margin,Room44 Bets,515,True,0.9002143865433294,0.3486366353905486,0.9304537538234393,0.6023622047244095,4.762135922330097,4.762135922330097,0.5272373540856031,0.4727626459143969,100,98
linept_laz,teamrankings,Laz Index,TeamRankings.com,3894,True,0.9301029432061615,0.3486226633608164,0.9397267616588608,0.6415340464388207,3.783949666153056,3.783949666153056,0.4867575212136796,0.5132424787863203,711,673
espn_fpi,linecfbp_cfbwe_rounded,ESPN FPI,CFBWE: Rounded,516,True,0.9381549744079888,0.34839566630067936,0.9540208532857593,0.5792682926829268,3.916627906976744,3.9543023255813954,0.4796116504854369,0.5203883495145631,107,103
linecfbp_cfb_geek,massey,CFB Geek,Massey Ratings,2122,True,0.9266189219073706,0.34782756235989265,0.9367684031693655,0.6222116753678215,4.32143261074458,4.390131950989633,0.5153374233128835,0.48466257668711654,413,399
linept_paynep,sagarin_predictor,linepaynep,Sagarin Predictor,3124,True,0.8913341685855857,0.3477654757093331,0.9066249785487397,0.6312580231065469,5.4953905249679895,5.4953905249679895,0.44358974358974357,0.5564102564102564,542,590
linecfbp_cbcr2_power,sagarin,CBCR2: Power,Sagarin Ratings,1063,True,0.9310734607038771,0.3477094969603154,0.9348548749729508,0.6148007590132827,4.501138287864534,4.556415804327375,0.4750235626767201,0.5249764373232799,224,191
linept_bihl,linept_kam,Bihl System,Edward Kambour,2161,True,0.924948794434656,0.34752785453666324,0.9494336852617069,0.6204819277108434,3.9825913928736703,3.9825913928736703,0.48309402501157944,0.5169059749884206,398,413
dokter_entropy,linecfbp_sportsratings,Dokter Entropy,SportsRatings,550,True,0.9427573839909572,0.3474862154713917,0.9243194662861549,0.6011029411764706,4.587745454545455,4.654654545454545,0.5383211678832117,0.46167883211678834,104,108
linept_curry,linept_super,Daniel Curry Index,linesuper,769,True,0.8910756830043104,0.34744026041590864,0.8316605696492411,0.6336375488917861,8.073159947984395,8.073159947984395,0.5643693107932379,0.435630689206762,128,148
linecfbp_cfbwe_margin,linecfbp_tshoe_index,CFBWE: Margin,TShoe Index,516,True,0.9214586502778057,0.34724428364518395,0.940394554663722,0.6350806451612904,4.390697674418606,4.390697674418606,0.5019455252918288,0.4980544747081712,99,86
keeper,linecfbp_tshoe_index,Keeper,TShoe Index,2125,True,0.9380325988677016,0.3469314452062589,0.9226210332577565,0.595631067961165,4.925002352941176,5.01123294117647,0.4750235626767201,0.5249764373232799,451,424
linecfbp_oddstrader_ai,linept_born,OddsTrader AI,Born Power Index,514,True,0.8636104707883112,0.34658805386106056,0.8807818257465272,0.5857988165680473,6.590758754863813,6.6209143968871595,0.4377431906614786,0.5622568093385214,111,102
espn_fpi,linept_loud,ESPN FPI,Loudsound.org,3814,True,0.7661498688253896,0.3465510992278401,0.8705789955873298,0.6041386723998925,6.529184583114841,6.529184583114841,0.5710912906610703,0.4289087093389297,753,734
linecfbp_kford,linecfbp_sportsline,KFord,SportsLine,1611,True,0.9200516726758193,0.34645484921067105,0.9342215063426454,0.6083067092651757,4.587895716945996,4.587895716945996,0.5490566037735849,0.4509433962264151,325,300
massey,piratings_bias,Massey Ratings,PI-Rate Bias,3943,True,0.9459291290380235,0.3460864236825003,0.9379883387284088,0.6202661207778914,4.332477808775044,4.333492264773016,0.49581324536919563,0.5041867546308043,752,725
linept_fox,sagarin_golden_mean,linefox,Sagarin Golden Mean,2329,True,0.9278247679590428,0.3454716311640823,0.9346070072909046,0.6259440248778321,4.354280807213396,4.354280807213396,0.48129032258064514,0.5187096774193548,411,452
espn_fpi,linecfbp_sp,ESPN FPI,SP+,2638,True,0.9514814323606505,0.3453139181028316,0.9565869310075485,0.5973180076628353,3.631508718726308,3.76814253222138,0.5026535253980288,0.4973464746019712,517,543
linecfbp_john_harris,linept_how,John Harris,Howell,1051,True,0.912393682162088,0.34522628057443827,0.9301684565119205,0.6311557788944724,4.727678401522359,4.79837297811608,0.5589645254074784,0.44103547459252157,213,201
linecfbp_john_harris,linecfbp_mcillece_sports,John Harris,McIllece Sports,549,True,0.940784201671583,0.3450255619067615,0.9436708742166279,0.6172607879924953,3.8799635701275044,3.8799635701275044,0.5439560439560439,0.45604395604395603,97,113
sagarin_golden_mean,teamrankings,Sagarin Golden Mean,TeamRankings.com,3943,True,0.9473771733007974,0.3447686148846654,0.9547138897170715,0.6298969072164948,3.4953208217093583,3.4953208217093583,0.484010152284264,0.5159898477157361,736,711
keeper,linecfbp_kford,Keeper,KFord,1612,True,0.9569008108098741,0.34472554850016757,0.9350096875232943,0.6074120603015075,4.4472766749379655,4.557326302729528,0.44389027431421446,0.5561097256857855,312,331
linecfbp_matt_grissom,linecfbp_tshoe_index,Matt Grissom,TShoe Index,1096,True,0.9409948872648093,0.34471418707829543,0.948369967175862,0.6103151862464183,3.8222627737226276,3.8222627737226267,0.5101476014760148,0.48985239852398527,229,199
linecfbp_power_rank_free,linecfbp_sportsline,Power Rank: Free,SportsLine,1061,True,0.9113326725343739,0.34414241126912853,0.927280984230471,0.615606936416185,4.796135721017908,4.796135721017908,0.5076045627376425,0.4923954372623574,209,191
espn_fpi,linept_born,ESPN FPI,Born Power Index,3133,True,0.9441675539900732,0.34413064415540295,0.9369288665562646,0.62048,4.479237152888605,4.47875837855091,0.5455126157777068,0.4544873842222932,601,561
linecfbp_cfbwe,linept_kerns,CFBWE,Stephen Kerns,516,True,0.8603999091955425,0.34339240792686637,0.9091431774602255,0.6181102362204725,5.389786821705426,5.447732558139535,0.5736434108527132,0.4263565891472868,106,92
linept_dunk,linept_dwig,Dunkel Index,DP Dwiggins,3464,True,0.8890512048870005,0.34326656923148324,0.8986526740895162,0.6459701492537313,5.618761547344111,5.618761547344111,0.500578034682081,0.49942196531791905,617,596
linecfbp_power_rank_free,piratings,Power Rank: Free,Pi-Ratings,1579,True,0.9484424352900567,0.343239988490387,0.9479210951316369,0.5907335907335908,4.038309056364787,4.147302089930336,0.5054592164418754,0.4945407835581246,338,309
linecfbp_cbcr2_power,linept_born,CBCR2: Power,Born Power Index,1062,True,0.906271821640213,0.3432341936982674,0.9080466479150591,0.6303317535545023,5.3232768361581915,5.390979284369115,0.5301318267419962,0.4698681732580038,219,191
linecfbp_power_rank_free,linept_talis,Power Rank: Free,Talisman Red,1577,True,0.9194975996323187,0.3431413615087765,0.9277456532102295,0.5773657289002557,4.972866201648699,5.087552314521243,0.5209390862944162,0.47906091370558374,338,328
linecfbp_cfbwe_talent,linept_donchess,CFBWE: Talent,Donchess Inference,516,True,0.7808206481983926,0.34310913845611224,0.8883104680914963,0.598,6.33296511627907,6.329864341085272,0.4735812133072407,0.5264187866927593,109,99
linecfbp_cfb_victory,linecfbp_sportsratings,CFB Victory,SportsRatings,550,True,0.8781140320426639,0.3429473849912383,0.8706074582525382,0.6126629422718808,6.167818181818182,6.167818181818182,0.4935779816513762,0.5064220183486239,100,112
linecfbp_john_harris,linept_dwig,John Harris,DP Dwiggins,1049,True,0.9229041984370586,0.34290518335187065,0.9134784645110566,0.6093906093906094,5.204099142040039,5.296282173498569,0.5589645254074784,0.44103547459252157,222,200
linecfbp_cbcr2_power,sagarin_recent,CBCR2: Power,Sagarin Recent,1063,True,0.9250297194784856,0.34284789895882,0.9324825233884265,0.6022727272727273,4.563264346190028,4.615719661335842,0.4707547169811321,0.529245283018868,228,207
linecfbp_power_rank,sagarin_golden_mean,Power Rank,Sagarin Golden Mean,2636,True,0.9411637090744621,0.34269603892558953,0.9577886033033576,0.5932463545663853,3.4920068285280728,3.5430690440060695,0.5220364741641338,0.47796352583586627,537,529
linecfbp_cfbwe_margin,sagarin_predictor,CFBWE: Margin,Sagarin Predictor,516,True,0.911147739996292,0.34233703323038606,0.9393268001921836,0.6463654223968566,4.029612403100775,4.095271317829457,0.5048543689320388,0.49514563106796117,82,98
linecfbp_jp,linept_argh,JP+,Argh Ratings,1579,True,0.8535443053310058,0.3420493085047438,0.9173002077504122,0.6,5.372260924635845,5.412159594680177,0.5194639438417358,0.4805360561582642,356,287
dokter_entropy,linept_bihl,Dokter Entropy,Bihl System,2161,True,0.9309852127768916,0.34193639996814956,0.9566855256415339,0.6256386437529029,3.5881767700138822,3.5881767700138822,0.5331171838814266,0.4668828161185734,419,383
linecfbp_kford,linept_paynep,KFord,linepaynep,1053,True,0.8582168220301309,0.3419309381275245,0.8896633426146955,0.6378482228626321,5.969506172839505,6.095052231718897,0.5865019011406845,0.4134980988593156,217,184
linecfbp_sportsratings,linecfbp_tshoe_index,SportsRatings,TShoe Index,548,True,0.9340142428744957,0.34162030126989446,0.9159530756548815,0.6202290076335878,4.70036496350365,4.70036496350365,0.46691176470588236,0.5330882352941176,117,89
linecfbp_sportsratings,sagarin_recent,SportsRatings,Sagarin Recent,550,True,0.9250757854849704,0.3413760627725215,0.9126250174519963,0.6087751371115173,4.937381818181818,4.977563636363636,0.4690909090909091,0.5309090909090909,115,103
linecfbp_professor_sides,sagarin_recent,Professor Sides,Sagarin Recent,2632,True,0.9378498476646623,0.34110192106035303,0.9455794283400487,0.6256252404771065,3.9852317629179335,4.026470364741641,0.5104522995058913,0.48954770049410873,494,501
linept_super,sagarin_recent,linesuper,Sagarin Recent,769,True,0.9105067536117756,0.3409686330058948,0.8353206240839073,0.6427640156453716,8.064603381014305,8.064603381014305,0.4070221066319896,0.5929778933680104,141,130
linecfbp_beta_rank,linept_dunk,Beta_Rank,Dunkel Index,2254,True,0.8883434597537486,0.3407904513862126,0.9024525460702775,0.6386779812416258,5.530044365572316,5.566894409937888,0.5042166000887706,0.4957833999112295,397,415
linept_dunk,moore_ratings,Dunkel Index,Moore Power Ratings,3472,True,0.9060520173900679,0.3407779856921075,0.9161062596335819,0.630729316805996,5.088029953917051,5.088029953917051,0.5004324012683771,0.49956759873162293,620,639
linecfbp_cbcr2_power,linept_talis,CBCR2: Power,Talisman Red,1061,True,0.8994727333771846,0.34070592025042346,0.9127117201841402,0.6290322580645161,5.109000942507069,5.236032045240339,0.5226415094339623,0.47735849056603774,217,189
linecfbp_cfbwe_talent,linept_argh,CFBWE: Talent,Argh Ratings,516,True,0.684188285025145,0.34069691630058446,0.8757094607159538,0.5668016194331984,6.978003875968992,6.951453488372093,0.4745098039215686,0.5254901960784314,119,105
linecfbp_beta_rank,linecfbp_kford,Beta_Rank,KFord,1612,True,0.9208205132142804,0.34033301717798753,0.9319228097966809,0.6108654453569172,4.687096774193549,4.687096774193549,0.4446529080675422,0.5553470919324578,283,339
linept_talis,moore_ratings,Talisman Red,Moore Power Ratings,3836,True,0.9027329243782755,0.34029382647237905,0.9191255752444003,0.6186750130412102,5.033383733055265,5.033253388946819,0.5129141664492565,0.48708583355074353,742,698
linecfbp_pearatings,linecfbp_sportsratings,PEARatings,SportsRatings,550,True,0.9388416393956445,0.3402631993812631,0.9173050787083037,0.6623616236162362,4.658363636363637,4.658363636363637,0.5238970588235294,0.47610294117647056,88,96
moore_ratings,sagarin_golden_mean,Moore Power Ratings,Sagarin Golden Mean,3940,True,0.9098679110293575,0.34005718546228364,0.9315907084468684,0.6128622267412303,4.588045685279188,4.587918781725889,0.4702894870492636,0.5297105129507365,733,770
linecfbp_kford,linecfbp_professor_sides,KFord,Professor Sides,1609,True,0.9421082031036193,0.339640135631386,0.9458402349452415,0.6178142766898295,4.001678060907396,4.001678060907396,0.5288220551378446,0.47117794486215536,307,299
linept_pfz,teamrankings,PerformanZ Ratings,TeamRankings.com,3896,True,0.8836419727326634,0.33935159235027934,0.9031911424174245,0.6309616888193902,5.6540246406570835,5.6540246406570835,0.4331193838254172,0.5668806161745829,722,701
linecfbp_cfbwe_rounded,linept_kerns,CFBWE: Rounded,Stephen Kerns,516,True,0.8596291451809376,0.3393115356131009,0.9088679217802622,0.6204081632653061,5.4177325581395355,5.473740310077519,0.570873786407767,0.429126213592233,103,94
linecfbp_sp,linecfbp_sportsratings,SP+,SportsRatings,550,True,0.9320380145076078,0.3391249134122236,0.913441469500973,0.6574585635359116,4.769272727272727,4.769272727272727,0.5267034990791897,0.4732965009208103,94,91
linept_bihl,linept_super,Bihl System,linesuper,415,True,0.945519369968375,0.3390374179734674,0.8380896623299059,0.6256038647342995,8.177831325301206,8.177831325301206,0.5734939759036145,0.42650602409638555,77,77
linecfbp_cfb_professor,linecfbp_power_rank,CFB Professor,Power Rank,1021,True,0.9286151176008244,0.3390319089765067,0.9521203761533188,0.5948103792415169,3.953574926542605,3.953574926542605,0.4817012858555885,0.5182987141444114,189,214
linecfbp_david_sasser,linept_rwp,David Sasser,Laffaye RWP,502,True,0.8520983726790117,0.3386885351295904,0.8836186505733455,0.6116700201207244,5.858326693227092,5.918924302788845,0.5748502994011976,0.4251497005988024,105,92
linecfbp_cfbwe,sagarin,CFBWE,Sagarin Ratings,516,True,0.9150524557867389,0.3385222909362065,0.9485706710278742,0.5764705882352941,3.9336627906976744,3.974631782945737,0.5106796116504855,0.4893203883495146,110,106
congrove,linecfbp_cfb_professor,Congrove Computer Rankings,CFB Professor,1022,True,0.8921409257044721,0.33844065946405594,0.9256651062361725,0.6185770750988142,4.952289628180039,4.989784735812133,0.46966731898238745,0.5303326810176126,212,176
linecfbp_cfbwe_average,linept_payne,CFBWE: Average,linepayne,516,True,0.8701080021618616,0.33837562324242637,0.9289455887185166,0.5984405458089669,4.860096899224805,4.877267441860465,0.5232558139534884,0.47674418604651164,104,99
harville,linecfbp_sp,David Harville,SP+,2638,True,0.9483248992076477,0.3383064269243262,0.9529606052553053,0.6110260336906586,3.7349393479909025,3.8498597422289613,0.4891922639362912,0.5108077360637088,492,539
linept_laz,linept_log,Laz Index,Logistic Regression,1906,True,0.5810760936527265,0.33822468606361544,0.8564165735955949,0.6024159663865546,7.535991605456452,7.535991605456452,0.5963254593175853,0.4036745406824147,381,362
linecfbp_tshoe_index,sagarin_recent,TShoe Index,Sagarin Recent,2127,True,0.935830604944049,0.33791152935883206,0.9451810665665261,0.6127783155856728,4.062994828396803,4.128072402444758,0.49411764705882355,0.5058823529411764,414,426
linept_fluker,sagarin_predictor,Slate Fluker,Sagarin Predictor,694,True,0.953614700603999,0.3374516848706872,0.9606944700197321,0.6292466765140325,2.9198270893371756,2.9198270893371756,0.5260115606936416,0.47398843930635837,127,126
linept_paynewl,sagarin_predictor,linepaynewl,Sagarin Predictor,3124,True,0.7566491213397002,0.33745114813415017,0.8698501053809979,0.6087375522004497,6.918652368758003,6.918652368758003,0.4250480461242793,0.5749519538757207,585,613
linecfbp_cfbwe_rounded,sagarin,CFBWE: Rounded,Sagarin Ratings,516,True,0.9153930296455973,0.33720275605947303,0.9488646046158773,0.5894308943089431,3.9417635658914727,3.9919186046511625,0.5145631067961165,0.4854368932038835,105,106
fei,linept_paynewl,FEI Projections,linepaynewl,3124,True,0.7483445641966566,0.33665512608807835,0.8600320293240366,0.5913943707538014,7.254654289372599,7.258655569782331,0.5600384245917387,0.4399615754082613,638,618
linecfbp_cbcr2_sam,linecfbp_cfb_geek,CBCR2: Sam,CFB Geek,515,True,0.9152354138591133,0.33662400085069116,0.9215713041329391,0.6015625,4.815533980582524,4.815533980582524,0.498046875,0.501953125,100,103
linecfbp_dratings,linecfbp_si_composite,DRatings,SI Composite,505,True,0.9361752432164657,0.33646205182629046,0.9561847837471958,0.593939393939394,3.7734653465346533,3.7734653465346533,0.48697394789579157,0.5130260521042084,95,105
linept_clean,sagarin_golden_mean,Cleanup Hitter,Sagarin Golden Mean,3855,True,0.7712832482562454,0.3363614666626099,0.8764594605494608,0.6125766053823608,6.545688715953307,6.545688715953307,0.4241952232606438,0.5758047767393562,714,766
linept_elo,sagarin_recent,Beck Elo,Sagarin Recent,3896,True,0.9123251889067169,0.3362779322966816,0.9298412916417378,0.6343975283213182,4.506478439425051,4.506478439425051,0.47404933196300103,0.525950668036999,693,699
linept_clean,linept_payne,Cleanup Hitter,linepayne,3084,True,0.7060961702333151,0.336268905078321,0.8528119425261984,0.5849433710859427,7.557833981841764,7.557833981841764,0.48150551589876706,0.518494484101233,630,646
linecfbp_si_composite,linept_argh,SI Composite,Argh Ratings,505,True,0.8855700627149661,0.3361668190394663,0.9277631824600964,0.6104166666666667,5.085247524752476,5.08920792079208,0.5089820359281437,0.49101796407185627,101,95
espn_fpi,linecfbp_power_rank,ESPN FPI,Power Rank,2636,True,0.954424096901335,0.336164541304508,0.9667999635714053,0.5880998080614204,3.1895827010622155,3.2882397572078905,0.48098859315589354,0.5190114068441065,544,532
linept_big200,sagarin_golden_mean,Big 200,Sagarin Golden Mean,1558,True,0.9033643948308021,0.33546595678534424,0.9100568991358656,0.638996138996139,5.273684210526316,5.273684210526316,0.4634146341463415,0.5365853658536586,286,265
linecfbp_cfb_geek,linecfbp_tshoe_index,CFB Geek,TShoe Index,1611,True,0.9235514118094562,0.3352859523990361,0.9363051269653427,0.6044871794871794,4.3182495344506515,4.318249534450652,0.5222849968612681,0.47771500313873194,335,298
linecfbp_room44_bets,linecfbp_sportsline,Room44 Bets,SportsLine,1611,True,0.9050060417220851,0.3352270917273716,0.9218286476036284,0.6185303514376996,4.96381129733085,4.96381129733085,0.5325,0.4675,329,284
linecfbp_si_composite,sagarin_golden_mean,SI Composite,Sagarin Golden Mean,505,True,0.9188273223728843,0.335150666036689,0.9435685376420726,0.6334661354581673,3.999089108910891,3.998059405940594,0.5069306930693069,0.49306930693069306,94,91
linecfbp_cbcr2_sam,sagarin,CBCR2: Sam,Sagarin Ratings,515,True,0.913873721216175,0.33511785210589573,0.9275305989968874,0.6015625,4.70557281553398,4.712330097087379,0.4815533980582524,0.5184466019417475,106,91
linecfbp_obmodel,linecfbp_power_rank,OBModel,Power Rank,507,True,0.955792284203471,0.3349789501202185,0.9632988465795072,0.610337972166998,3.423076923076923,3.423076923076923,0.502970297029703,0.497029702970297,100,92
linecfbp_cfb_victory,sagarin_golden_mean,CFB Victory,Sagarin Golden Mean,1098,True,0.8638519997564266,0.33494044989528926,0.9006812732192371,0.6385542168674698,5.4452459016393435,5.5402367941712205,0.4639927073837739,0.536007292616226,205,197
linept_bihl,linept_bill,Bihl System,Billingsley,2161,True,0.8648878354117661,0.334889681544195,0.9235432766845101,0.6113941639647985,5.09505784359093,5.09505784359093,0.5152777777777777,0.4847222222222222,399,424
linecfbp_pearatings,linept_talis,PEARatings,Talisman Red,502,True,0.9497955059831806,0.33484288967788894,0.9452959782760437,0.6498993963782697,3.6245219123505974,3.739820717131474,0.5229540918163673,0.47704590818363274,81,99
linecfbp_cbcr2_sam,linecfbp_sportsline,CBCR2: Sam,SportsLine,513,True,0.8933693845926295,0.3348103714706671,0.9105404568529144,0.6317907444668008,5.1120857699805065,5.1120857699805065,0.4891518737672584,0.5108481262327417,95,87
linecfbp_dratings,linecfbp_matt_grissom,DRatings,Matt Grissom,1098,True,0.9445246906071649,0.3345928299275025,0.9497892924351571,0.6014897579143389,3.7512750455373403,3.7512750455373403,0.5078341013824885,0.49216589861751153,210,223
dokter_entropy,linecfbp_sp,Dokter Entropy,SP+,2637,True,0.9520912802241289,0.3344986052969878,0.9577022194807271,0.5923933922397234,3.5973530527114144,3.7091088357982565,0.5138625142423091,0.48613748575769083,527,540
linecfbp_john_harris,moore_ratings,John Harris,Moore Power Ratings,1097,True,0.9241506289226914,0.3343854381223239,0.9371764401363623,0.6261595547309833,4.375916134913401,4.4986326344576115,0.5870556061987238,0.41294439380127623,224,192
linecfbp_beta_rank,linept_wayward,Beta_Rank,Waywardtrends,1051,True,0.9201814795958507,0.3343480355471881,0.9246919057799313,0.6266794625719769,4.92209324452902,4.949800190294957,0.4704761904761905,0.5295238095238095,190,214
linept_fluker,linept_wayward,Slate Fluker,Waywardtrends,694,True,0.9457292944783314,0.3343439410622649,0.9541848238572028,0.6272189349112426,3.223342939481268,3.223342939481268,0.5389048991354467,0.4610951008645533,132,126
linecfbp_jp,sagarin_predictor,JP+,Sagarin Predictor,2129,True,0.9050381769538692,0.33428696957930815,0.9367244625139622,0.6016182770109472,4.41201972757163,4.505349929544387,0.4774436090225564,0.5225563909774437,427,420
linecfbp_dratings,linecfbp_power_rank,DRatings,Power Rank,2636,True,0.9393792041697364,0.33398280210033277,0.9584462011066186,0.5869988322304399,3.48964339908953,3.48964339908953,0.4828911956939639,0.5171088043060361,543,540
fei,linept_round,FEI Projections,lineround,2105,True,0.8630367717181158,0.3339319395612299,0.9093377154505066,0.6147783251231527,5.459729216152019,5.459729216152019,0.543884892086331,0.45611510791366905,398,404
linecfbp_cbcr2_power,linecfbp_cfb_geek,CBCR2: Power,CFB Geek,1063,True,0.9174446030757227,0.3339218054075845,0.9252810939866175,0.6036121673003803,4.833960489181561,4.833960489181561,0.49334600760456276,0.5066539923954373,216,199
linept_how,sagarin_recent,Howell,Sagarin Recent,3894,True,0.8911501280357819,0.3339114414569071,0.9158471683360924,0.6233004532124766,5.099185927067284,5.099185927067284,0.460174717368962,0.539825282631038,717,737
linept_clean,linept_laz,Cleanup Hitter,Laz Index,3853,True,0.7205950125184548,0.33345338668381896,0.8684697606398208,0.5926419621434285,6.791705164806645,6.791705164806645,0.44017648585517777,0.5598235141448222,737,804
linecfbp_cfb_geek,piratings,CFB Geek,Pi-Ratings,2122,True,0.9340772754146852,0.3333417894009492,0.9384699637200791,0.6259541984732825,4.197657869934025,4.297789820923657,0.509532888465205,0.49046711153479505,432,376
linecfbp_beta_rank,linecfbp_matt_grissom,Beta_Rank,Matt Grissom,1097,True,0.9148069201642908,0.33330255031320843,0.924769574170417,0.6018518518518519,4.928076572470374,4.928076572470374,0.461044912923923,0.538955087076077,197,236
linecfbp_mcillece_sports,linecfbp_pearatings,McIllece Sports,PEARatings,550,True,0.9297343379178817,0.3332780834240935,0.9355019576471938,0.6118299445471349,4.228727272727273,4.228727272727273,0.4650735294117647,0.5349264705882353,114,97
linept_paynep,linept_pugh,linepaynep,Pugh Ratings,3118,True,0.8835346368373148,0.3332218232631769,0.8974289497117208,0.6806803594351734,5.10407953816549,5.10407953816549,0.4576379974326059,0.5423620025673941,486,492
linept_log,linept_paynewl,Logistic Regression,linepaynewl,1552,True,0.521793575653042,0.333067184125585,0.8134771324683634,0.6438709677419355,8.578788659793814,8.578788659793814,0.45390070921985815,0.5460992907801419,275,272
linecfbp_sportsline,linept_wayward,SportsLine,Waywardtrends,1051,True,0.9111134751299741,0.33303527743131917,0.9243905081144098,0.632495164410058,4.899743101807802,5.018239771646051,0.48,0.52,195,200
linecfbp_cfb_victory,linept_wayward,CFB Victory,Waywardtrends,1051,True,0.8568678796959057,0.33278451686261423,0.8968644231800416,0.6032818532818532,5.726669838249286,5.808877259752616,0.4643196955280685,0.5356803044719315,215,213
linept_fluker,linept_kam,Slate Fluker,Edward Kambour,694,True,0.9390881696774904,0.33275156399512357,0.945393306822818,0.6449704142011834,3.7031268011527376,3.7031268011527376,0.5541125541125541,0.4458874458874459,126,121
linecfbp_power_rank_free,linept_donchess,Power Rank: Free,Donchess Inference,1579,True,0.9256070073796775,0.3327005791509213,0.951531382939435,0.6121251629726207,3.886048131728942,4.012773907536416,0.4862619808306709,0.513738019169329,321,292
linecfbp_john_harris,linept_big200,John Harris,Big 200,1050,True,0.9115839393930684,0.3326521253710006,0.9154901116312975,0.6197866149369544,5.157514285714286,5.160904761904762,0.5695238095238095,0.43047619047619046,207,199
harville,linecfbp_power_rank,David Harville,Power Rank,2636,True,0.9472833557429375,0.3326485601911389,0.9630221908337744,0.584963559647104,3.3239795144157815,3.395284522003035,0.48632218844984804,0.513677811550152,541,550
linept_super,piratings_bias,linesuper,PI-Rate Bias,769,True,0.9122574292907806,0.3318152430944798,0.8452709817627918,0.6089238845144357,8.053146944083226,8.053146944083226,0.4140625,0.5859375,150,143
linept_log,sagarin_golden_mean,Logistic Regression,Sagarin Golden Mean,1908,True,0.6214428708990116,0.3312730409868917,0.8556234024703385,0.605138961719979,7.565655136268344,7.565655136268344,0.40041928721174,0.59958071278826,370,370
keeper,linept_kerns,Keeper,Stephen Kerns,3887,True,0.8808213569608245,0.33120994719157876,0.8782676805843581,0.6282979824107605,6.264980704913815,6.264723437098019,0.5161040968822469,0.48389590311775316,731,695
linecfbp_cfb_graphs,linept_argh,CFB Graphs,Argh Ratings,1578,True,0.8776395536984347,0.3311462325475212,0.9218270053689306,0.604635761589404,4.9535171102661595,5.020754119138149,0.5114649681528662,0.48853503184713376,332,298
linept_pig,sagarin_golden_mean,Pigskin Index,Sagarin Golden Mean,3443,True,0.9411689494000597,0.3310122721281793,0.9448033266146993,0.6467157765500307,3.8538135347081033,3.8538135347081033,0.49302730970366065,0.5069726902963393,562,654
linept_argh,linept_big200,Argh Ratings,Big 200,797,True,0.9057421665696751,0.33088588689681997,0.9002037564712825,0.668848167539267,5.473462986198244,5.473462986198244,0.5307402760351317,0.46925972396486826,130,135
linecfbp_trent_sorensen,linept_laz,Trent Sorensen,Laz Index,1051,True,0.7617455026760395,0.33085424185187534,0.8607522816886447,0.5919540229885057,6.513139866793529,6.575404376784015,0.4386298763082778,0.5613701236917221,213,212
linecfbp_tshoe_index,linept_fox,TShoe Index,linefox,1023,True,0.9161181755650554,0.33083104826319687,0.9270027651020192,0.6032887975334018,4.776793743890519,4.857341153470186,0.5078740157480315,0.4921259842519685,201,209
linecfbp_matt_grissom,massey,Matt Grissom,Massey Ratings,1098,True,0.9370053546235887,0.3306213933374593,0.9457761209717956,0.6112132352941176,4.061848816029144,4.1533788706739525,0.5186873290793071,0.4813126709206928,222,206
congrove,linept_fox,Congrove Computer Rankings,linefox,2328,True,0.9031249022082397,0.330538534809972,0.9162391032191892,0.6392348754448398,5.079235395189003,5.079235395189003,0.48,0.52,450,380
linecfbp_dratings,linept_loud,DRatings,Loudsound.org,2510,True,0.7252908762358422,0.33012360045367484,0.8600971794898435,0.5904211395540875,6.942828685258964,7.0264541832669325,0.5654093097913323,0.43459069020866775,516,514
linept_laz,moore_ratings,Laz Index,Moore Power Ratings,3891,True,0.8914669256067319,0.33003839499198845,0.9183311232823363,0.6363870303654143,4.6227062451811864,4.622577743510665,0.523270763692466,0.47672923630753405,717,673
linecfbp_wilson_ratings,linept_curry,Wilson Ratings,Daniel Curry Index,2588,True,0.9180174589039725,0.32995391759998505,0.914623980328982,0.6171294485725459,5.218860123647604,5.2572913446676965,0.539651837524178,0.46034816247582205,508,495
linecfbp_cfb_professor,linept_bill,CFB Professor,Billingsley,1021,True,0.8199801975907803,0.329949905841687,0.9019921178043081,0.6037549407114624,6.049980411361411,6.0265719882468165,0.5274509803921569,0.4725490196078431,184,215
linecfbp_ryder_analytics,linept_wayward,Ryder Analytics,Waywardtrends,503,True,0.7963387944988508,0.32970191378877217,0.886862602335,0.576,6.087256461232604,6.141451292246521,0.448207171314741,0.5517928286852589,99,113
linept_talis,sagarin_golden_mean,Talisman Red,Sagarin Golden Mean,3839,True,0.9217284900288529,0.32964969124477184,0.9315028452640259,0.6158059467918623,4.622133368064601,4.622133368064601,0.46845672575599584,0.5315432742440042,735,719
linept_talis,sagarin,Talisman Red,Sagarin Ratings,3839,True,0.9282844047446811,0.3296031341523244,0.9359818507869903,0.6157661185069172,4.384383954154728,4.384383954154728,0.4612978889757623,0.5387021110242377,738,711
linecfbp_cfb_geek,linecfbp_power_rank,CFB Geek,Power Rank,2118,True,0.9483923016076135,0.32954248031159755,0.952973326521837,0.5829338446788112,3.7893295561850797,3.78932955618508,0.4758949880668258,0.5241050119331743,452,421
linecfbp_cfb_professor,linept_how,CFB Professor,Howell,1020,True,0.8651059278660346,0.3291942177198839,0.9159133281188603,0.6101522842639594,5.555235294117647,5.588372549019607,0.5128205128205128,0.48717948717948717,193,204
linecfbp_pearatings,linept_kam,PEARatings,Edward Kambour,503,True,0.9397446028909342,0.32915878169472207,0.9429619233595307,0.6177062374245473,3.997196819085487,4.06662027833002,0.5228628230616302,0.47713717693836977,96,101
linept_big200,linept_log,Big 200,Logistic Regression,741,True,0.6849579982753979,0.3290372238262794,0.8409361356996207,0.5608108108108109,8.149622132253713,8.149622132253713,0.5937921727395412,0.40620782726045884,173,144
linecfbp_sportsline,piratings_bias,SportsLine,PI-Rate Bias,1613,True,0.9201640000594693,0.3286352971388081,0.9211409806760564,0.5980891719745223,5.017278363298202,5.10556106633602,0.4915572232645403,0.5084427767354597,331,324
congrove,linecfbp_kford,Congrove Computer Rankings,KFord,1613,True,0.9204193985915042,0.3283910047000828,0.9257609690302573,0.6026282853566959,4.714463732176069,4.830533168009919,0.4280397022332506,0.5719602977667494,317,324
linecfbp_wilson_ratings,teamrankings,Wilson Ratings,TeamRankings.com,2638,True,0.9466129677454623,0.32828695424463383,0.951092775280759,0.6109599689078896,3.758335860500379,3.8584040940106146,0.4810417464572961,0.518958253542704,503,520
linecfbp_sportsline,linept_how,SportsLine,Howell,1566,True,0.872751628805554,0.3282332824025274,0.90186337799047,0.5945945945945946,5.750332056194125,5.811634738186463,0.5171052631578947,0.48289473684210527,329,327
linept_born,linept_paynep,Born Power Index,linepaynep,3122,True,0.8801310379964925,0.32804262277509977,0.8903264853572154,0.6480769230769231,5.872668161434978,5.872668161434978,0.524527092016672,0.475472907983328,553,524
linept_cather,linept_pugh,linecather,Pugh Ratings,918,True,0.9287616852311182,0.32788975432951784,0.9268717198851093,0.6133786848072562,4.886383442265796,4.886383442265796,0.46455834242093785,0.5354416575790621,165,187
dokter_entropy,linecfbp_wilson_ratings,Dokter Entropy,Wilson Ratings,2637,True,0.9389437466485826,0.32786436867888535,0.9511373186843297,0.6008468052347959,3.800045506257111,3.8970572620401973,0.5146110056925997,0.4853889943074004,539,506
linept_donchess,linept_loud,Donchess Inference,Loudsound.org,3814,True,0.7422332272663943,0.3278353125074642,0.8675188655835425,0.5882675438596491,6.738274777136864,6.738274777136864,0.5671957671957671,0.4328042328042328,782,762
linecfbp_cfb_professor,linept_laz,CFB Professor,Laz Index,1021,True,0.8991498140252946,0.32772462253982754,0.9363842094450455,0.5895153313550939,4.589382957884427,4.660763956904995,0.4950980392156863,0.5049019607843137,187,228
linept_dwig,moore_ratings,DP Dwiggins,Moore Power Ratings,3885,True,0.8869388204409119,0.3277228274090986,0.8992300658804788,0.6421164583887264,5.602259974259974,5.602131274131274,0.49588053553038103,0.504119464469619,677,707
linecfbp_cfbwe_rounded,sagarin_predictor,CFBWE: Rounded,Sagarin Predictor,516,True,0.9039389045830988,0.3275255152674058,0.9433607579779161,0.5673469387755102,4.138992248062016,4.210891472868218,0.5213178294573644,0.4786821705426357,103,115
linecfbp_cfb_geek,sagarin_golden_mean,CFB Geek,Sagarin Golden Mean,2122,True,0.9339149512260884,0.32743108675739746,0.942698891456178,0.627730294396961,4.045678605089538,4.1094957587181895,0.5,0.5,418,374
linept_kam,linept_pig,Edward Kambour,Pigskin Index,3441,True,0.9368998052131869,0.327359720272876,0.9416803054941105,0.5952088452088452,4.285332752106946,4.285332752106946,0.4930191972076789,0.5069808027923212,715,653
linept_how,linept_log,Howell,Logistic Regression,1906,True,0.6497647593031146,0.327245333909807,0.8452729437292471,0.5887493173129438,8.02235571878279,8.02235571878279,0.5876180482686254,0.4123819517313746,370,398
fei,sagarin_recent,FEI Projections,Sagarin Recent,3896,True,0.9142594765227844,0.3271567274067057,0.9304673459353725,0.6373083917900754,4.245536447638604,4.2487448665297745,0.49704597996403804,0.502954020035962,709,688
linecfbp_power_rank_free,linept_paynep,Power Rank: Free,linepaynep,1569,True,0.8788748838692866,0.3271525819807637,0.89905670661112,0.6008997429305912,5.940356915232632,6.04130019120459,0.5654116145500957,0.4345883854499043,332,298
linecfbp_john_harris,linept_fluker,John Harris,Slate Fluker,468,True,0.9657836680583555,0.3271041332102332,0.9655473148933025,0.6576576576576577,2.109337606837607,2.3351923076923073,0.4924406047516199,0.5075593952483801,76,95
linept_curry,piratings,Daniel Curry Index,Pi-Ratings,3893,True,0.9124330041116933,0.32707730453692446,0.9184779337682611,0.6069948186528498,5.093164654508091,5.093421525815566,0.4656724093597326,0.5343275906402675,733,762
linecfbp_mcillece_sports,linept_pugh,McIllece Sports,Pugh Ratings,503,True,0.9307064900662906,0.3266641631036593,0.919697396665344,0.5971943887775552,4.956898608349901,4.959562624254473,0.5168986083499006,0.4831013916500994,112,90
harville,linecfbp_cfbwe_margin,David Harville,CFBWE: Margin,516,True,0.9189671636801255,0.3265602927014996,0.9440068650687559,0.6345776031434185,3.8499031007751943,3.8763372093023256,0.5009708737864078,0.49902912621359224,99,87
linecfbp_cfbwe,sagarin_predictor,CFBWE,Sagarin Predictor,516,True,0.9031785844127727,0.3262938055847687,0.9428728599745081,0.5590551181102362,4.131550387596899,4.21093023255814,0.5310077519379846,0.4689922480620155,107,114
linecfbp_cfb_professor,linept_argh,CFB Professor,Argh Ratings,1022,True,0.8676113866594891,0.3262582337326409,0.9213029162025289,0.6016427104722792,5.247896281800392,5.288502935420744,0.5083579154375615,0.4916420845624385,200,205
linecfbp_cfbwe_average,linept_how,CFBWE: Average,Howell,516,True,0.8670608821870722,0.3262267978890602,0.9161303601464309,0.5766129032258065,5.559244186046511,5.587151162790698,0.571150097465887,0.42884990253411304,116,95
linecfbp_kford,linept_big200,KFord,Big 200,1050,True,0.9116623131643092,0.3262100588451639,0.9149914618006666,0.6046065259117083,5.248809523809523,5.255533333333333,0.5571428571428572,0.44285714285714284,213,209
linept_born,linept_pfz,Born Power Index,PerformanZ Ratings,3133,True,0.876429199230438,0.32620602325305864,0.8878466518402128,0.6089456869009585,6.2558825406958185,6.2558825406958185,0.5210862619808306,0.4789137380191693,590,611
linecfbp_cfb_victory,linecfbp_mcillece_sports,CFB Victory,McIllece Sports,550,True,0.8636178959559061,0.32607458617644836,0.8800405867647909,0.625,5.877090909090909,5.877090909090909,0.4716636197440585,0.5283363802559415,92,113
linecfbp_mcillece_sports,teamrankings,McIllece Sports,TeamRankings.com,550,True,0.9399025772276726,0.3259966644528552,0.9418871084546572,0.601113172541744,3.9907090909090908,4.016890909090909,0.46875,0.53125,118,101
linecfbp_si_composite,linept_donchess,SI Composite,Donchess Inference,505,True,0.9364785073722692,0.3258361647814175,0.9563598486857265,0.6131687242798354,3.766336633663366,3.761821782178218,0.5139442231075697,0.4860557768924303,104,88
fei,linecfbp_matt_grissom,FEI Projections,Matt Grissom,1051,True,0.9451789920040043,0.3257782445552238,0.9507859180034444,0.6073858114674441,3.7721027592768785,3.9320456707897242,0.48609779482262705,0.513902205177373,202,218
linept_kam,sagarin_recent,Edward Kambour,Sagarin Recent,3894,True,0.9307244863781327,0.32563217361740115,0.9387747741513155,0.6211691990728818,4.212765793528505,4.212765793528505,0.4929287734636153,0.5070712265363847,721,722
linecfbp_sp,linept_kam,SP+,Edward Kambour,2589,True,0.937427400869471,0.3256321355948928,0.9424753858816717,0.593603744149766,4.202406334492081,4.295925067593665,0.5257054503285659,0.4742945496714341,557,497
linept_bihl,linept_log,Bihl System,Logistic Regression,1777,True,0.6325290698554327,0.32560956283935705,0.8512690442182935,0.5765765765765766,7.874293753517163,7.874293753517163,0.5816441441441441,0.41835585585585583,361,375
linept_argh,sagarin_recent,Argh Ratings,Sagarin Recent,3135,True,0.8992595833123784,0.3255904713288955,0.9231960737297785,0.6134174692793092,4.777942583732057,4.777942583732057,0.4728607918263091,0.527139208173691,576,615
linecfbp_cfb_geek,moore_ratings,CFB Geek,Moore Power Ratings,2120,True,0.914752942833206,0.32529787627979667,0.9281966547951862,0.605125771238728,4.713981132075471,4.79927358490566,0.538497874350496,0.461502125649504,435,393
fei,linept_pfz,FEI Projections,PerformanZ Ratings,3896,True,0.8611001512696851,0.3252631014491952,0.8880987938683611,0.6058640373637779,6.141773613963038,6.144982032854209,0.5440308087291399,0.45596919127086005,745,767
linecfbp_cbcr2_power,linept_elo,CBCR2: Power,Beck Elo,1063,True,0.8946199806538894,0.3247749645200708,0.9117688088735272,0.5924170616113744,5.337996237064909,5.375776105362182,0.5146088595664468,0.48539114043355325,238,199
linecfbp_cfb_victory,linept_log,CFB Victory,Logistic Regression,485,True,0.6579592233465337,0.3247630625454346,0.8453823401553182,0.6008403361344538,7.358020618556702,7.436536082474227,0.5835051546391753,0.41649484536082476,97,106
linecfbp_pearatings,linept_curry,PEARatings,Daniel Curry Index,503,True,0.9399260994396107,0.3246579703845963,0.9423817347976754,0.6004016064257028,4.196262425447316,4.25924453280318,0.5199203187250996,0.4800796812749004,103,108
linecfbp_tshoe_index,linept_wayward,TShoe Index,Waywardtrends,1051,True,0.9289421384377712,0.32462376955855854,0.9456363730602834,0.6043521266073195,4.00510941960038,4.096070409134158,0.5248091603053435,0.4751908396946565,209,220
linecfbp_cfbwe_average,linept_elo,CFBWE: Average,Beck Elo,516,True,0.8686658921109882,0.3243696113143637,0.9287246569609892,0.578125,4.993217054263566,4.973837209302325,0.541747572815534,0.458252427184466,112,107
dokter_entropy,moore_ratings,Dokter Entropy,Moore Power Ratings,3939,True,0.9219945310167234,0.3243259572244286,0.9392116459467537,0.5964331210191083,4.453036303630363,4.452909367859863,0.547510162601626,0.452489837398374,788,775
piratings_mean,sagarin_recent,Pi-Ratings Mean,Sagarin Recent,3943,True,0.9392528007938007,0.32413155738266336,0.9466639099555519,0.6195624195624195,3.8621912249556174,3.8624448389551103,0.5033011681056374,0.49669883189436265,732,742
linept_argh,massey,Argh Ratings,Massey Ratings,3135,True,0.8554034575133057,0.3241145234419363,0.9180465921117674,0.5859323158593231,5.239735247208931,5.238778309409888,0.4913848117421825,0.5086151882578175,602,685
linecfbp_sportsline,sagarin_predictor,SportsLine,Sagarin Predictor,1613,True,0.917584825697534,0.3240276912353152,0.9317606692819995,0.6192893401015228,4.56631122132672,4.689683818970861,0.463112213267204,0.536887786732796,302,324
congrove,teamrankings,Congrove Computer Rankings,TeamRankings.com,3942,True,0.9159121579443704,0.32394282576616,0.928249083196485,0.6232929657304819,4.694446981227803,4.694700659563673,0.456604734029015,0.543395265970985,756,696
espn_fpi,linept_dwig,ESPN FPI,DP Dwiggins,3888,True,0.9101797848451166,0.32388395976197365,0.9140487641577182,0.5992549228312932,5.271067386831276,5.270424382716049,0.5426954732510288,0.4573045267489712,795,747
fei,linept_dunk,FEI Projections,Dunkel Index,3472,True,0.9121664092740195,0.3237395724034705,0.9175376481306606,0.6372377622377622,4.925319700460829,4.926563940092166,0.5315835015863859,0.4684164984136141,631,607
linecfbp_cbcr2_power,piratings_mean,CBCR2: Power,Pi-Ratings Mean,1063,True,0.9216643317883492,0.3236383517618865,0.928324720880631,0.5965583173996176,4.705550329256821,4.779962370649106,0.4773156899810964,0.5226843100189036,232,207
linecfbp_jp,sagarin,JP+,Sagarin Ratings,2129,True,0.9071133755195494,0.32361627507720686,0.9372693225546789,0.598384030418251,4.406411460779709,4.482832315641145,0.4767496477219352,0.5232503522780648,442,413
linept_paynep,sagarin,linepaynep,Sagarin Ratings,3124,True,0.8891377832104012,0.3234520460684093,0.9052514001427977,0.6322207958921694,5.544839948783611,5.544839948783611,0.4424863825696892,0.5575136174303108,548,582
linept_donchess,sagarin_predictor,Donchess Inference,Sagarin Predictor,3896,True,0.9357297965334523,0.3233531042174601,0.9562458361897814,0.6024697845507094,3.6300154004106773,3.6300154004106773,0.5097636176772867,0.49023638232271327,755,764
linecfbp_cfb_professor,piratings_mean,CFB Professor,Pi-Ratings Mean,1022,True,0.9329316994581284,0.3232613673976079,0.9468513592617044,0.6167664670658682,4.015117416829745,4.0543542074364,0.47425742574257423,0.5257425742574258,190,200
fei,linept_curry,FEI Projections,Daniel Curry Index,3893,True,0.9022204906713859,0.3231723109717868,0.9096957261503713,0.6117891456764477,5.221918828666838,5.225129720010275,0.5277492291880781,0.4722507708119219,753,727
linept_fox,linept_super,linefox,linesuper,769,True,0.9065342744213643,0.3230989278458209,0.8415222232548949,0.6067567567567568,8.187633289986994,8.187633289986994,0.560625814863103,0.439374185136897,138,164
linecfbp_dratings,linept_laz,DRatings,Laz Index,2590,True,0.8978577047232127,0.3230713195505666,0.9340170262967846,0.6136631330977621,4.239984555984556,4.311173745173745,0.5164156044804944,0.4835843955195056,496,510
linept_pugh,linept_wayward,Pugh Ratings,Waywardtrends,1558,True,0.9509550467040494,0.3230650069451076,0.9327371888319378,0.596660244059088,4.613267008985879,4.613267008985879,0.4871630295250321,0.5128369704749679,320,300
linept_laz,linept_paynewl,Laz Index,linepaynewl,3122,True,0.7282587090361317,0.32297965117972716,0.8598182896004084,0.632305716120745,6.833667520819987,6.833667520819987,0.5801282051282052,0.4198717948717949,581,542
linecfbp_dratings,linecfbp_tshoe_index,DRatings,TShoe Index,2127,True,0.924104040774577,0.32238464667049305,0.9416236461321005,0.6210112911143839,4.216690173953926,4.216690173953926,0.5092373282804358,0.49076267171956417,421,385
linecfbp_blake_atkinson,linecfbp_professor_sides,Blake Atkinson,Professor Sides,515,True,0.9343462088602477,0.32228245650677384,0.941511973381005,0.5976095617529881,4.1207766990291255,4.1207766990291255,0.5313725490196078,0.46862745098039216,100,104
linecfbp_pearatings,linept_loud,PEARatings,Loudsound.org,503,True,0.7586405381496129,0.3222802442780838,0.8379716478795041,0.6045081967213115,6.745924453280318,6.753081510934393,0.6,0.4,96,101
linecfbp_beta_rank,linept_dwig,Beta_Rank,DP Dwiggins,2585,True,0.8779128938190525,0.3222027762715359,0.8897667352806485,0.6221864951768489,5.9011218568665385,5.996363636363636,0.49824698091156994,0.5017530190884301,470,511
dokter_entropy,linecfbp_cbcr2_power,Dokter Entropy,CBCR2: Power,1063,True,0.9247710962607205,0.32208300109368077,0.932488766420791,0.595260663507109,4.579416745061148,4.637460018814676,0.5343367826904986,0.4656632173095014,217,219
congrove,linecfbp_matt_grissom,Congrove Computer Rankings,Matt Grissom,1098,True,0.9151475232153562,0.3219802524003623,0.9238159680461,0.6189164370982553,4.793989071038251,4.92207650273224,0.4489051094890511,0.551094890510949,204,221
linecfbp_david_sasser,linecfbp_trent_sorensen,David Sasser,Trent Sorensen,550,True,0.7954318598679779,0.3219626235914225,0.8599379644651414,0.587037037037037,6.32890909090909,6.32890909090909,0.5724770642201835,0.42752293577981654,117,104
dokter_entropy,linecfbp_cfb_professor,Dokter Entropy,CFB Professor,1022,True,0.9320238919514754,0.3219086389207882,0.9504531068487609,0.5936570862239842,4.0153522504892365,4.1100293542074375,0.5279138099902057,0.4720861900097943,214,191
linept_big200,linept_bill,Big 200,Billingsley,1558,True,0.8659132247775513,0.32162585543229066,0.8837175614795233,0.6204238921001927,6.290096277278562,6.290096277278562,0.5195889531149647,0.48041104688503533,302,273
linecfbp_beta_rank,linept_kam,Beta_Rank,Edward Kambour,2589,True,0.9057579316306917,0.321439651403821,0.9172949225371531,0.6129910540645663,5.150343762070298,5.228845113943607,0.4653771760154739,0.5346228239845261,477,525
harville,linecfbp_cbcr2_sam,David Harville,CBCR2: Sam,515,True,0.9055520337139997,0.32119558185670377,0.9218514347575687,0.5953307392996109,4.9407184466019425,4.974233009708738,0.5339805825242718,0.46601941747572817,104,103
linecfbp_cbcr2_power,linecfbp_room44_bets,CBCR2: Power,Room44 Bets,1063,True,0.9082591739665345,0.3209780910217612,0.9194436834665282,0.6051379638439581,5.0136406396989655,5.0136406396989655,0.4834123222748815,0.5165876777251185,201,215
linept_pfz,linept_rwp,PerformanZ Ratings,Laffaye RWP,3767,True,0.8510960600587815,0.3207899323896361,0.8652617678183419,0.6103723404255319,6.777079904433236,6.777079904433236,0.48552456839309427,0.5144754316069057,739,703
linecfbp_cfb_professor,linecfbp_sv_bettor,CFB Professor,SV Bettor,507,True,0.8581077093080508,0.3206811428612087,0.9178089884124933,0.6213991769547325,5.410650887573964,5.410650887573964,0.4990059642147117,0.5009940357852882,93,99
harville,linecfbp_cfbwe,David Harville,CFBWE,516,True,0.9205127453633537,0.3203307773329023,0.9490433679823014,0.5708661417322834,4.02343023255814,4.071492248062016,0.501937984496124,0.49806201550387597,111,108
linecfbp_cfb_professor,linept_loud,CFB Professor,Loudsound.org,955,True,0.7458940425061553,0.3201051932016844,0.8633286227783976,0.5884907709011944,7.007643979057591,7.052251308900523,0.5467928496319664,0.45320715036803366,178,211
linecfbp_matt_grissom,linept_pugh,Matt Grissom,Pugh Ratings,1051,True,0.9408097741135704,0.31973395427887163,0.9361559740550609,0.62607861936721,4.270551855375833,4.356374881065652,0.5380952380952381,0.46190476190476193,209,187
linecfbp_pearatings,linept_elo,PEARatings,Beck Elo,503,True,0.9139470521209541,0.31970710176716693,0.9275540586870447,0.6044176706827309,4.484433399602386,4.554373757455268,0.5248508946322068,0.47514910536779326,99,104
dokter_entropy,sagarin_recent,Dokter Entropy,Sagarin Recent,3942,True,0.9430640767448855,0.31948952805143194,0.9514631670472429,0.5971443141254462,3.712102993404363,3.712102993404363,0.5146198830409356,0.4853801169590643,791,775
linecfbp_sportsline,linept_bill,SportsLine,Billingsley,1566,True,0.8573456451778141,0.3191320041113401,0.8934013966783074,0.6082138200782269,6.083620689655173,6.107771392081737,0.5268199233716475,0.4731800766283525,317,309
linecfbp_john_harris,linept_round,John Harris,lineround,347,True,0.8809621426003866,0.31899510357231653,0.9255127594016156,0.6220238095238095,5.1138328530259365,5.153890489913545,0.6040462427745664,0.3959537572254335,80,59
linecfbp_jp,massey,JP+,Massey Ratings,2129,True,0.8914155254567008,0.3189159083343835,0.9261744552215729,0.6040874524714829,4.813358384217943,4.878656646312823,0.5058768218147626,0.49412317818523743,421,419
linecfbp_cfbwe_margin,linept_pfz,CFBWE: Margin,PerformanZ Ratings,516,True,0.8611574599572162,0.31884252228954874,0.897868582688142,0.6066536203522505,6.182558139534883,6.2318992248062015,0.5484496124031008,0.45155038759689925,100,103
linecfbp_kford,linept_dunk,KFord,Dunkel Index,1364,True,0.9123612885192763,0.3188315393275332,0.9202754166770852,0.5986696230598669,4.8251466275659824,4.922272727272727,0.5667155425219942,0.43328445747800587,299,256
linecfbp_cfbwe_talent,linept_loud,CFBWE: Talent,Loudsound.org,458,True,0.5227295737920701,0.3188288134601308,0.8223619145918719,0.5959367945823928,8.350218340611354,8.3146288209607,0.5142857142857142,0.4857142857142857,81,101
linept_donchess,linept_laz,Donchess Inference,Laz Index,3894,True,0.8969725458962828,0.3186936808451345,0.9337046756974431,0.601786183346467,4.116327683615819,4.116327683615819,0.5201851375674981,0.47981486243250193,747,777
linept_dwig,linept_loud,DP Dwiggins,Loudsound.org,3808,True,0.8053466915555816,0.31859439852700094,0.8430364681679015,0.6081417889781224,7.268973214285714,7.268973214285714,0.5254474272930649,0.4745525727069351,720,753
linept_dunk,teamrankings,Dunkel Index,TeamRankings.com,3472,True,0.9221683092783114,0.3185658319385333,0.9282476557355199,0.6102984201287303,4.714948156682028,4.714948156682028,0.45360230547550434,0.5463976945244957,658,670
linept_fluker,sagarin_golden_mean,Slate Fluker,Sagarin Golden Mean,694,True,0.9454144277499233,0.3183897075015411,0.9523409438950806,0.6222222222222222,3.494178674351585,3.494178674351585,0.5339105339105339,0.4660894660894661,128,128
harville,linecfbp_cfbwe_rounded,David Harville,CFBWE: Rounded,516,True,0.9206790957980506,0.31827160987007086,0.9492955358543196,0.5877551020408164,4.023817829457364,4.070290697674419,0.5087378640776699,0.4912621359223301,111,103
espn_fpi,linept_rwp,ESPN FPI,Laffaye RWP,3767,True,0.8540459806717129,0.31818298189402244,0.9062968478914126,0.605270162363588,5.434613750995487,5.434040350411467,0.5495615200637789,0.4504384799362211,743,716
linecfbp_cfb_professor,moore_ratings,CFB Professor,Moore Power Ratings,1022,True,0.9063097902999673,0.3181639067982997,0.9328237927449422,0.6094674556213018,4.749080234833659,4.800430528375734,0.5083251714005876,0.49167482859941236,181,209
linecfbp_jp,linept_elo,JP+,Beck Elo,2082,True,0.8687463543697529,0.3180997457031649,0.9156650597345009,0.5911521633446767,5.25462055715658,5.30702209414025,0.525708793849111,0.474291206150889,451,397
linept_how,linept_kam,Howell,Edward Kambour,3892,True,0.8921629369181242,0.3178856119685676,0.9128241649187432,0.5887526652452025,5.409003083247687,5.409003083247687,0.48225308641975306,0.5177469135802469,784,800
fei,linecfbp_cfb_victory,FEI Projections,CFB Victory,1051,True,0.8640999309641815,0.31767623024978964,0.8952656614361573,0.601761252446184,5.751855375832541,5.884567078972408,0.5358166189111748,0.46418338108882523,213,211
linecfbp_dratings,sagarin_predictor,DRatings,Sagarin Predictor,2638,True,0.9310546235690178,0.3175152313860504,0.9529414507361142,0.5986105750675415,3.7432373009855953,3.837930250189537,0.5003790750568613,0.49962092494313876,520,544
linecfbp_cfbwe_talent,sagarin_golden_mean,CFBWE: Talent,Sagarin Golden Mean,516,True,0.7598676168850804,0.3174613121379151,0.8821238355041287,0.5750487329434698,6.468856589147287,6.4773837209302325,0.4689922480620155,0.5310077519379846,110,110
fei,linecfbp_jp,FEI Projections,JP+,2082,True,0.9056780753344689,0.31719191209196695,0.9289871876424006,0.5760549558390579,4.782002881844381,4.8798414985590775,0.4949201741654572,0.5050798258345428,428,455
harville,linept_dunk,David Harville,Dunkel Index,3472,True,0.9295709746378772,0.3170744925587297,0.926648686444321,0.6059994231323911,4.786379608294931,4.78637960829493,0.5476807836358398,0.45231921636416017,672,668
linept_talis,sagarin_predictor,Talisman Red,Sagarin Predictor,3839,True,0.9252144419369142,0.31705438891029114,0.933289474820151,0.6152440616027147,4.453709299296692,4.453709299296692,0.46715328467153283,0.5328467153284672,736,714
linecfbp_beta_rank,linept_pfz,Beta_Rank,PerformanZ Ratings,2591,True,0.8539778697410743,0.31700864567719234,0.8787047119790984,0.6013986013986014,6.531551524507912,6.589166345040525,0.5214203010420687,0.4785796989579313,472,564
harville,piratings_bias,David Harville,PI-Rate Bias,3943,True,0.9550996434230229,0.31686138523464685,0.9470817520719348,0.6098184607517259,3.983885366472229,3.9841389804717218,0.5098934550989346,0.4901065449010654,751,759
linept_kam,moore_ratings,Edward Kambour,Moore Power Ratings,3891,True,0.9127351644827003,0.31676248191754636,0.9268408589089377,0.6049922799794133,4.814099203289643,4.8139655615523,0.5223765432098766,0.47762345679012347,745,763
dokter_entropy,linept_pugh,Dokter Entropy,Pugh Ratings,3889,True,0.9471770274836401,0.31652494063186226,0.9450181759410494,0.6075851393188855,4.1178349190023145,4.1178349190023145,0.5357694287184765,0.4642305712815234,763,738
linecfbp_cfb_victory,linept_curry,CFB Victory,Daniel Curry Index,1051,True,0.8606792288984844,0.3164073642533833,0.8794613307444962,0.5961352657004831,6.288877259752617,6.385870599429115,0.47668886774500474,0.5233111322549953,224,206
linept_loud,sagarin,Loudsound.org,Sagarin Ratings,3814,True,0.7480316135789394,0.3160522597479674,0.8666092878012581,0.596882558452029,6.593901415836392,6.593901415836392,0.42051416579223505,0.579485834207765,742,765
linecfbp_cfb_geek,linecfbp_professor_sides,CFB Geek,Professor Sides,2114,True,0.9302946668248853,0.3158203474954105,0.9378825137465037,0.6222969726093225,4.268164616840114,4.268164616840114,0.4864091559370529,0.5135908440629471,406,382
linecfbp_matt_grissom,linecfbp_professor_sides,Matt Grissom,Professor Sides,1094,True,0.9347847638308442,0.31576455606215104,0.9386589333775643,0.6151711378353376,4.255027422303473,4.255027422303473,0.5235457063711911,0.47645429362880887,221,192
linecfbp_beta_rank,linecfbp_cfb_geek,Beta_Rank,CFB Geek,2119,True,0.902336434359065,0.31532169984215647,0.914702453431387,0.6014354066985645,5.252477583765927,5.252477583765927,0.4467680608365019,0.5532319391634981,377,453
linept_elo,linept_talis,Beck Elo,Talisman Red,3839,True,0.8977983225419203,0.31505563165066086,0.9157205155921844,0.5958779024262979,5.190804897108622,5.190804897108622,0.4906201146430432,0.5093798853569568,725,794
linecfbp_david_sasser,sagarin_golden_mean,David Sasser,Sagarin Golden Mean,550,True,0.9262350450374528,0.3150249790771926,0.937172331204328,0.6217712177121771,4.242145454545454,4.3027999999999995,0.5109489051094891,0.48905109489051096,113,98
linecfbp_matt_grissom,linecfbp_power_rank_free,Matt Grissom,Power Rank: Free,548,True,0.9430972697105753,0.31486742945169727,0.9460483984508974,0.5908256880733945,4.1981751824817515,4.1981751824817515,0.5,0.5,111,112
linecfbp_jp,linept_how,JP+,Howell,2082,True,0.849619861040256,0.3148505107837841,0.9050112891857399,0.5880281690140845,5.743996157540826,5.770643611911623,0.5345577573707105,0.4654422426292895,459,398
linept_kam,linept_paynep,Edward Kambour,linepaynep,3122,True,0.8794025385513871,0.31449528365730295,0.8975538761513675,0.5981398332264272,5.857674567584882,5.857674567584882,0.5491829541813521,0.45081704581864784,618,614
espn_fpi,linept_talis,ESPN FPI,Talisman Red,3839,True,0.9253397979029706,0.31406383224649564,0.9348479602209226,0.6071521795875751,4.4042380828340715,4.403847356082313,0.5345321866041178,0.4654678133958822,724,755
linecfbp_beta_rank,linept_elo,Beta_Rank,Beck Elo,2591,True,0.8864130456200366,0.31351262929659246,0.9068367660486102,0.6180474523531699,5.485079120030877,5.5494944037051335,0.4803088803088803,0.5196911196911197,468,522
linept_laz,linept_talis,Laz Index,Talisman Red,3837,True,0.8998916462160836,0.31327610502532527,0.9142309166026706,0.6469206680584552,4.618962731300495,4.618962731300495,0.5213764337851929,0.4786235662148071,667,663
linecfbp_si_composite,linept_payne,SI Composite,linepayne,505,True,0.8903243028833642,0.3125795464379046,0.9294345656058561,0.6235059760956175,4.988910891089109,4.963762376237623,0.5128712871287129,0.4871287128712871,96,90
linecfbp_sp,linecfbp_trent_sorensen,SP+,Trent Sorensen,1098,True,0.8163320691045615,0.3125433490140906,0.869429818164093,0.6070435588507878,6.412112932604736,6.412112932604736,0.5642201834862385,0.43577981651376146,211,212
linept_elo,linept_pig,Beck Elo,Pigskin Index,3443,True,0.9195218105157424,0.3124802610696352,0.9293028718838557,0.6432299662265889,4.622047632878304,4.622047632878304,0.4672870020354754,0.5327129979645245,643,589
linept_kerns,linept_pfz,Stephen Kerns,PerformanZ Ratings,3896,True,0.8369834752672077,0.31233526575906667,0.8543947766340562,0.6305076011337284,6.966442505133471,6.96644250513347,0.5069301848049281,0.49306981519507187,705,714
linept_elo,linept_kam,Beck Elo,Edward Kambour,3894,True,0.9116318835887592,0.31201964796861104,0.9259285420532858,0.5755469755469755,5.0037596302003085,5.0037596302003085,0.48715313463514903,0.512846865364851,807,812
linecfbp_pearatings,linecfbp_power_rank,PEARatings,Power Rank,550,True,0.9535615774557161,0.3119234069281678,0.9608974656483076,0.5602968460111317,3.2945454545454544,3.2945454545454544,0.4834558823529412,0.5165441176470589,130,109
linecfbp_si_composite,linecfbp_wilson_ratings,SI Composite,Wilson Ratings,505,True,0.9201672170462337,0.3118454190987118,0.9452154846888724,0.635814889336016,4.11009900990099,4.11009900990099,0.5159362549800797,0.48406374501992033,101,82
linept_round,moore_ratings,lineround,Moore Power Ratings,2105,True,0.8605496737079861,0.31111586340790887,0.9027313281933642,0.6264003896736483,5.621254156769596,5.621254156769596,0.501425855513308,0.498574144486692,392,382
dokter_entropy,linept_laz,Dokter Entropy,Laz Index,3893,True,0.9167310393842706,0.311099439980291,0.9366731996852955,0.6076863554294558,3.923431800667865,3.923431800667865,0.5172147995889003,0.4827852004110997,733,770
linecfbp_si_composite,piratings_mean,SI Composite,Pi-Ratings Mean,505,True,0.9482207964249646,0.31100198400448037,0.95377312272288,0.597979797979798,3.951940594059406,3.918475247524752,0.5139442231075697,0.4860557768924303,108,99
linecfbp_professor_sides,linecfbp_tshoe_index,Professor Sides,TShoe Index,2122,True,0.9266561874514283,0.31091874065543695,0.9366693096138772,0.6291585127201565,4.251036757775684,4.251036757775684,0.5099904852521409,0.4900095147478592,396,384
linecfbp_cfb_geek,linept_pugh,CFB Geek,Pugh Ratings,2074,True,0.9301415798343936,0.31065881742466683,0.9291257902444982,0.6145631067961165,4.558514946962392,4.606210221793635,0.5315967197298601,0.4684032802701399,411,372
linept_cather,teamrankings,linecather,TeamRankings.com,923,True,0.9348387099904797,0.31056904362833393,0.93217261876976,0.6066134549600912,4.637172264355363,4.637172264355363,0.43934426229508194,0.5606557377049181,165,195
linept_fluker,piratings_mean,Slate Fluker,Pi-Ratings Mean,694,True,0.9550212852905022,0.3105028868012096,0.9536119945553144,0.6208955223880597,3.353414985590778,3.353414985590778,0.5797101449275363,0.42028985507246375,143,115
linept_fox,sagarin_recent,linefox,Sagarin Recent,2329,True,0.9189351304317245,0.3104854015500527,0.9294348209621127,0.6059661620658949,4.510528123658222,4.510528123658222,0.48946236559139783,0.5105376344086021,440,465
linecfbp_blake_atkinson,linecfbp_room44_bets,Blake Atkinson,Room44 Bets,515,True,0.9384020726384985,0.3104644425721813,0.9486979346717099,0.6099009900990099,3.770873786407767,3.770873786407767,0.5300970873786408,0.46990291262135925,99,97
linecfbp_power_rank,linecfbp_si_composite,Power Rank,SI Composite,505,True,0.9525529297440966,0.3104256030628851,0.965054212327795,0.5791583166332666,3.3625742574257425,3.3625742574257425,0.5450901803607214,0.45490981963927857,108,104
linecfbp_david_sasser,linept_wayward,David Sasser,Waywardtrends,503,True,0.9262027344725885,0.3102699795024609,0.9390415197752112,0.572289156626506,4.262763419483101,4.338031809145129,0.536779324055666,0.46322067594433397,112,102
linecfbp_david_sasser,massey,David Sasser,Massey Ratings,550,True,0.9174786303439875,0.3096821734170921,0.933604792338915,0.59375,4.426163636363636,4.461181818181817,0.5236363636363637,0.4763636363636364,122,104
linept_curry,linept_payne,Daniel Curry Index,linepayne,3121,True,0.8527888038764373,0.30965103150595175,0.8761164731539167,0.6143727943535451,6.44400192246075,6.44400192246075,0.5152292401410709,0.48477075985892915,587,597
linept_born,linept_kerns,Born Power Index,Stephen Kerns,3133,True,0.8793079493979836,0.30952599181065704,0.8879166453133198,0.6102564102564103,6.002448132780082,6.002448132780082,0.51616,0.48384,586,612
linecfbp_beta_rank,linept_talis,Beta_Rank,Talisman Red,2546,True,0.8917103290981333,0.3094992899803089,0.9054333937448463,0.5990510083036773,5.4674783974862535,5.569135899450118,0.467374213836478,0.532625786163522,463,560
linecfbp_power_rank_free,linecfbp_trent_sorensen,Power Rank: Free,Trent Sorensen,548,True,0.7378110180039457,0.3093997722781724,0.8745554347374365,0.6162361623616236,6.657846715328467,6.657846715328467,0.559040590405904,0.44095940959409596,101,106
linecfbp_pearatings,linecfbp_sportsline,PEARatings,SportsLine,550,True,0.9038255319759162,0.30933861716644157,0.9204808073593556,0.5883458646616542,5.021090909090909,5.021090909090909,0.5569852941176471,0.4430147058823529,114,110
linecfbp_sp,linept_pfz,SP+,PerformanZ Ratings,2591,True,0.8745211930326326,0.3093115551537657,0.8958269796997129,0.6112193221659524,5.862929370899266,5.9742994982632185,0.555813055233681,0.44418694476631904,511,496
dokter_entropy,linecfbp_sportsline,Dokter Entropy,SportsLine,1613,True,0.9200373055353145,0.3091981443767988,0.932256999757655,0.6012698412698413,4.584451332920025,4.6682083075015495,0.5385093167701863,0.4614906832298137,334,306
linept_pig,sagarin_predictor,Pigskin Index,Sagarin Predictor,3443,True,0.9501844130697826,0.3089421827215462,0.9500638949964175,0.6196620583717358,3.840868428695905,3.840868428695905,0.49331783846600813,0.5066821615339918,612,697
espn_fpi,piratings_mean,ESPN FPI,Pi-Ratings Mean,3943,True,0.9520327019251021,0.30883702827425036,0.9566861567640353,0.6082368082368083,3.56456505199087,3.5641846309916305,0.5101522842639594,0.48984771573604063,777,742
linecfbp_cfbwe_margin,linept_elo,CFBWE: Margin,Beck Elo,516,True,0.8830627952423016,0.3086648440138405,0.9238819696920282,0.5776031434184676,5.107054263565891,5.141589147286822,0.5329457364341085,0.46705426356589147,108,112
linecfbp_power_rank_free,linept_round,Power Rank: Free,lineround,983,True,0.8548212864053408,0.30857461308290646,0.9081480234315152,0.5916230366492147,5.607121057985757,5.627161749745676,0.5514780835881753,0.44852191641182465,228,184
linecfbp_cfb_victory,linecfbp_tshoe_index,CFB Victory,TShoe Index,1096,True,0.8529616849680284,0.3084921590496535,0.8922736431954105,0.6186359269932757,5.74507299270073,5.74507299270073,0.4599434495758718,0.5400565504241281,216,202
piratings,sagarin_golden_mean,Pi-Ratings,Sagarin Golden Mean,3943,True,0.9339280996820215,0.30843765545971663,0.9396769372413522,0.6218637992831542,4.0864773015470455,4.086223687547553,0.5016501650165016,0.49834983498349833,725,751
linecfbp_jp,linecfbp_tshoe_index,JP+,TShoe Index,2127,True,0.8989825070102359,0.30838624884601795,0.9242241058937413,0.6028334147532975,4.873107663375646,4.873107663375646,0.49549121974371146,0.5045087802562885,446,385
piratings,sagarin,Pi-Ratings,Sagarin Ratings,3943,True,0.9467261867611805,0.3083376799104742,0.9481401612089085,0.6134733606557377,3.8819934060360133,3.882247020035506,0.484255967496191,0.5157440325038091,741,757
linecfbp_cbcr2_power,linecfbp_cfb_graphs,CBCR2: Power,CFB Graphs,1058,True,0.8899949024848101,0.3082553774746177,0.9069917912122235,0.5879541108986616,5.411058601134216,5.411058601134216,0.5042735042735043,0.49572649572649574,232,199
linept_curry,linept_round,Daniel Curry Index,lineround,2103,True,0.8629956603344403,0.30820541280083974,0.8916398525468885,0.6115178135675939,6.0194388968140755,6.0194388968140755,0.510941960038059,0.489058039961941,390,413
harville,linecfbp_trent_sorensen,David Harville,Trent Sorensen,1098,True,0.7766433765180615,0.30812528379980775,0.8737557510720189,0.5597426470588235,6.458342440801458,6.5343715846994535,0.5524156791248861,0.44758432087511396,220,257
linept_born,sagarin,Born Power Index,Sagarin Ratings,3133,True,0.948742694933809,0.3079552252617822,0.9335402250852917,0.61088,4.511082030003192,4.511082030003192,0.46404602109300097,0.535953978906999,594,600
dokter_entropy,linept_cather,Dokter Entropy,linecather,923,True,0.9357820468779543,0.30774027324730635,0.9295664611011839,0.5871040723981901,4.803781148429035,4.803781148429035,0.56941431670282,0.43058568329718006,201,173
linept_born,linept_wayward,Born Power Index,Waywardtrends,796,True,0.9366366658199545,0.3077089738152621,0.9200212538960925,0.5672955974842767,5.066733668341709,5.066733668341709,0.47110552763819097,0.5288944723618091,178,164
linecfbp_cfb_geek,linept_curry,CFB Geek,Daniel Curry Index,2075,True,0.9050479391712242,0.30750645732541276,0.9116846550729766,0.6111650485436894,5.222853012048193,5.236944578313253,0.5361620057859209,0.46383799421407906,427,379
linept_how,linept_talis,Howell,Talisman Red,3837,True,0.8774772589273495,0.30725083364246103,0.9022295168896993,0.5963253174817617,5.768631743549649,5.768631743549649,0.4917818940777459,0.5082181059222541,730,813
linept_loud,moore_ratings,Loudsound.org,Moore Power Ratings,3811,True,0.7687446093307809,0.3072104617147349,0.8548342939704203,0.6356068743286788,6.783909734977697,6.78351613749672,0.4595375722543353,0.5404624277456648,684,686
linept_paynep,massey,linepaynep,Massey Ratings,3124,True,0.8748023332232544,0.3069667637290017,0.8930209283625217,0.5822378967617826,6.110291293213829,6.109330985915494,0.45419602818705956,0.5458039718129404,605,682
linecfbp_cfb_geek,linept_fluker,CFB Geek,Slate Fluker,468,True,0.9291610383539641,0.30680639143219873,0.936074280421252,0.6512141280353201,3.700277777777778,3.7299786324786326,0.4837310195227766,0.5162689804772235,87,81
linecfbp_cbcr2_sam,linecfbp_power_rank_free,CBCR2: Sam,Power Rank: Free,515,True,0.9025087249951222,0.3067523836706639,0.9189101640516136,0.58984375,5.061747572815534,5.061747572815534,0.4763779527559055,0.5236220472440944,104,104
linecfbp_professor_sides,linept_pugh,Professor Sides,Pugh Ratings,2584,True,0.9347064065843039,0.3066348731902489,0.9349641108025238,0.619812059514487,4.4384326625387,4.49937693498452,0.5203409531189461,0.4796590468810539,500,482
linecfbp_sp,sagarin_golden_mean,SP+,Sagarin Golden Mean,2638,True,0.9367319684307126,0.306589453425148,0.9453201706817217,0.6005361930294906,3.997645943896892,4.099200151630022,0.5128983308042488,0.48710166919575115,552,506
linept_dwig,linept_paynep,DP Dwiggins,linepaynep,3116,True,0.851069400602796,0.30646589897834403,0.8720734445022457,0.6749667994687915,5.913161103979462,5.913161103979462,0.5036941856729843,0.49630581432701576,504,506
linecfbp_kford,linept_donchess,KFord,Donchess Inference,1566,True,0.9549572790235048,0.3064363554561579,0.9630232460486083,0.6044531761624099,3.2092592592592593,3.3902937420178803,0.48906048906048905,0.510939510939511,319,315
harville,linept_super,David Harville,linesuper,769,True,0.9482149316400154,0.3061447999579867,0.8429745727310441,0.6323337679269883,8.061664499349806,8.061664499349806,0.6098829648894668,0.39011703511053314,126,154
linept_laz,sagarin_recent,Laz Index,Sagarin Recent,3894,True,0.9105450054212169,0.3061367980618831,0.9256338603573824,0.623744527427247,4.225957883923986,4.225957883923986,0.4920267489711934,0.5079732510288066,750,689
linept_big200,linept_pfz,Big 200,PerformanZ Ratings,1558,True,0.8437647861052534,0.30612937675194085,0.8604164475848736,0.6017983301220295,6.958825417201541,6.958825417201541,0.5099550417469493,0.4900449582530507,305,306
linept_pfz,linept_super,PerformanZ Ratings,linesuper,769,True,0.8947101403469104,0.3057163875194835,0.8231231021810735,0.6101694915254238,8.531963589076723,8.531963589076723,0.5448634590377113,0.45513654096228867,139,159
linecfbp_sp,linept_talis,SP+,Talisman Red,2546,True,0.9193043106595655,0.30563782124367955,0.9276547245462174,0.6011102299762093,4.719622937941869,4.824289080911233,0.5208497246262785,0.47915027537372146,511,505
linecfbp_sv_bettor,linept_curry,SV Bettor,Daniel Curry Index,507,True,0.8745630992642438,0.30547682372866214,0.8861909957219789,0.5811088295687885,6.337909270216962,6.413806706114398,0.5522682445759369,0.4477317554240631,108,109
linept_cather,linept_elo,linecather,Beck Elo,923,True,0.914606730863187,0.30538635246836054,0.9080081243951053,0.576271186440678,5.722838569880824,5.722838569880824,0.4820846905537459,0.5179153094462541,178,206
linept_fluker,sagarin_recent,Slate Fluker,Sagarin Recent,694,True,0.9551468816728896,0.3051680334484458,0.9455862864517246,0.6568047337278107,3.577939481268012,3.577939481268012,0.5619596541786743,0.43804034582132567,129,108
linecfbp_sp,linept_how,SP+,Howell,2589,True,0.8948802235544916,0.3049423955159965,0.9170971577668017,0.6055600322320709,5.218088064889919,5.275067593665508,0.541958041958042,0.458041958041958,547,487
espn_fpi,linecfbp_cfbwe_margin,ESPN FPI,CFBWE: Margin,516,True,0.9211537621387914,0.30489224428334744,0.9444126820639944,0.6235294117647059,3.9187596899224806,3.9889534883720934,0.478515625,0.521484375,98,90
linecfbp_room44_bets,linecfbp_ryder_analytics,Room44 Bets,Ryder Analytics,550,True,0.8231274207730357,0.3048725623076044,0.8845728691905697,0.6166666666666667,5.976,5.976,0.5956284153005464,0.40437158469945356,111,94
linecfbp_cfbwe_margin,linept_argh,CFBWE: Margin,Argh Ratings,516,True,0.8727835562877344,0.304434535763495,0.9184747271964103,0.6093117408906883,5.1659883720930235,5.1625000000000005,0.5107632093933464,0.4892367906066536,105,95
linecfbp_matt_grissom,linept_curry,Matt Grissom,Daniel Curry Index,1051,True,0.9217672672402685,0.304273701068073,0.9257661461098032,0.5940499040307101,4.869923882017127,4.915518553758325,0.5529075309818875,0.4470924690181125,234,198
linecfbp_cbcr2_power,piratings,CBCR2: Power,Pi-Ratings,1063,True,0.9158370787364326,0.3039929110895505,0.9222578882699222,0.5895238095238096,4.932831608654751,5.001222953904045,0.4830188679245283,0.5169811320754717,232,210
linecfbp_cfbwe_average,linept_log,CFBWE: Average,Logistic Regression,229,True,0.504537071508165,0.30393334675279005,0.8557150141559522,0.6244541484716157,6.997816593886464,6.987510917030569,0.5502183406113537,0.4497816593886463,33,50
harville,linecfbp_cfbwe_average,David Harville,CFBWE: Average,516,True,0.9166824715428267,0.30382233653708823,0.9459392888245078,0.58984375,4.120213178294574,4.18687984496124,0.4883720930232558,0.5116279069767442,106,103
linecfbp_power_rank,linept_bill,Power Rank,Billingsley,2588,True,0.8498408375002287,0.30376601906232764,0.9123639598204873,0.587890625,5.508724884080371,5.527967542503864,0.5711523588553751,0.4288476411446249,535,534
linecfbp_power_rank_free,moore_ratings,Power Rank: Free,Moore Power Ratings,1577,True,0.8998419553441012,0.3036316297127328,0.9289536693452695,0.594888178913738,4.844958782498415,4.932644261255549,0.543436905516804,0.45656309448319593,348,296
linecfbp_david_sasser,linept_loud,David Sasser,Loudsound.org,503,True,0.7391997943889318,0.3035722311527282,0.8301554269813795,0.6796714579055442,6.506958250497018,6.547514910536779,0.6044176706827309,0.39558232931726905,91,77
linecfbp_room44_bets,linecfbp_tshoe_index,Room44 Bets,TShoe Index,2126,True,0.9152499306767024,0.3035001049471026,0.9332097661561461,0.6051606621226875,4.477234242709313,4.477234242709313,0.5037986704653371,0.4962013295346629,443,386
linecfbp_cfb_graphs,linecfbp_cfb_victory,CFB Graphs,CFB Victory,1092,True,0.8310486036490512,0.30348609688541617,0.8783135797686038,0.6425891181988743,5.946245421245421,5.946245421245421,0.5004625346901017,0.49953746530989823,175,218
linecfbp_kford,linept_curry,KFord,Daniel Curry Index,1566,True,0.9249781033223586,0.30347980379471784,0.9267195789055848,0.5896774193548387,4.823148148148148,4.867375478927203,0.546964856230032,0.45303514376996806,340,309
linecfbp_cfb_victory,linept_born,CFB Victory,Born Power Index,547,True,0.8764791745717928,0.3033573027612345,0.8795697726384689,0.5740740740740741,6.588811700182815,6.67180987202925,0.4945054945054945,0.5054945054945055,116,121
linecfbp_cfbwe_talent,linecfbp_wilson_ratings,CFBWE: Talent,Wilson Ratings,516,True,0.742098746882041,0.30290060215106884,0.8784211146830725,0.5834970530451866,6.761627906976744,6.761627906976744,0.46875,0.53125,109,104
linept_big200,linept_laz,Big 200,Laz Index,1558,True,0.8653101343923673,0.30276733670577655,0.8803200448963067,0.6544637122671805,5.332682926829268,5.332682926829268,0.45787781350482315,0.5421221864951768,268,265
linecfbp_kford,linecfbp_oddstrader_ai,KFord,OddsTrader AI,1059,True,0.9054428447674788,0.3026402720702145,0.9276715634858247,0.5711481844946026,4.507837582625119,4.507837582625119,0.5545023696682464,0.44549763033175355,233,210
linecfbp_blake_atkinson,linecfbp_wilson_ratings,Blake Atkinson,Wilson Ratings,515,True,0.927863117150726,0.3024525456567496,0.9421047224600726,0.6454183266932271,3.8965048543689322,3.8965048543689322,0.5686274509803921,0.43137254901960786,90,92
linecfbp_cbcr2_sam,linecfbp_sp,CBCR2: Sam,SP+,515,True,0.9050568617546846,0.30236182929725813,0.9133319328258636,0.5851272015655578,5.101747572815534,5.101747572815534,0.484375,0.515625,98,113
congrove,linecfbp_cfb_geek,Congrove Computer Rankings,CFB Geek,2122,True,0.902741402496096,0.3016986060094109,0.915631171440504,0.6136687233032748,5.120876531573987,5.166663524976437,0.45664467483506127,0.5433553251649388,398,419
linept_big200,linept_pig,Big 200,Pigskin Index,1105,True,0.8984065098068496,0.3016618212145417,0.9028619287237485,0.6246418338108882,5.7328054298642535,5.7328054298642535,0.4519927536231884,0.5480072463768116,223,187
harville,linept_log,David Harville,Logistic Regression,1908,True,0.59761390047994,0.3015280608164421,0.8525008971694178,0.612277019937041,7.565199161425577,7.565199161425577,0.5932914046121593,0.40670859538784065,359,370
linecfbp_blake_atkinson,linecfbp_cbcr2_power,Blake Atkinson,CBCR2: Power,515,True,0.9237583434426704,0.3011657724757714,0.9327746710703574,0.6376237623762376,4.304466019417476,4.304466019417476,0.5714285714285714,0.42857142857142855,96,94
linecfbp_cfb_victory,linecfbp_john_harris,CFB Victory,John Harris,1097,True,0.8686277118083926,0.3009477863105016,0.8992594605922754,0.6101694915254238,5.518413855970829,5.518413855970829,0.42922794117647056,0.5707720588235294,206,222
linept_donchess,linept_payne,Donchess Inference,linepayne,3124,True,0.8360595104838295,0.3006550565127471,0.898955909096134,0.6239344262295082,5.619695902688861,5.619695902688861,0.5558757604867115,0.4441242395132885,589,570
linecfbp_cfb_professor,linept_payne,CFB Professor,linepayne,1022,True,0.8752641651414204,0.3006525035072336,0.9222682803098211,0.6209279368213229,5.1958121330724065,5.200743639921722,0.5147058823529411,0.4852941176470588,183,200
linecfbp_cbcr2_power,piratings_bias,CBCR2: Power,PI-Rate Bias,1063,True,0.9161697871315811,0.30057022558959046,0.9187242940007231,0.5862726406101049,5.010921919096895,5.095888993414864,0.48956356736242884,0.5104364326375711,233,214
linecfbp_tshoe_index,linept_cather,TShoe Index,linecather,516,True,0.9175465276914746,0.30052970248966276,0.9230076210920599,0.6195426195426196,5.069573643410853,5.069573643410853,0.544921875,0.455078125,108,97
linept_dwig,linept_kam,DP Dwiggins,Edward Kambour,3886,True,0.8948366608919726,0.30047347500669985,0.9031123065058988,0.6179835062516627,5.522928461142563,5.522928461142563,0.4800309198660139,0.5199690801339861,729,744
linept_bihl,linept_curry,Bihl System,Daniel Curry Index,2159,True,0.9102873898912357,0.3004064046881949,0.9303410550480163,0.5862708719851577,4.820041685965726,4.820041685965726,0.5118110236220472,0.4881889763779528,436,439
espn_fpi,linecfbp_matt_grissom,ESPN FPI,Matt Grissom,1098,True,0.9562477612586924,0.30019769076314196,0.9566261521887711,0.5944954128440367,3.4904280510018215,3.668096539162113,0.5205104831358249,0.479489516864175,222,230
harville,linecfbp_room44_bets,David Harville,Room44 Bets,2636,True,0.9148401970464423,0.2999163088203179,0.9356504135499385,0.5765384615384616,4.4250379362670715,4.520834597875569,0.5091047040971168,0.49089529590288317,544,576
linecfbp_power_rank,linept_wayward,Power Rank,Waywardtrends,1051,True,0.9360733686225364,0.2998286541903581,0.9555597456686893,0.5917387127761767,3.637840152235966,3.7212464319695524,0.5223596574690771,0.4776403425309229,216,216
linept_clean,linept_elo,Cleanup Hitter,Beck Elo,3855,True,0.730483182834717,0.2997518481371599,0.8632657531142466,0.5690298507462687,7.131761348897536,7.131761348897536,0.45277633627400105,0.547223663725999,817,821
linecfbp_si_composite,linept_talis,SI Composite,Talisman Red,465,True,0.9152052267125802,0.29954253933629266,0.9279264420173594,0.6501079913606912,4.6144086021505375,4.688043010752688,0.521551724137931,0.47844827586206895,79,84
linecfbp_cbcr2_sam,sagarin_golden_mean,CBCR2: Sam,Sagarin Golden Mean,515,True,0.9029234424216086,0.2995152724562866,0.9194247176086353,0.5758754863813229,4.97390291262136,4.999456310679612,0.4854368932038835,0.5145631067961165,111,103
linept_cather,linept_super,linecather,linesuper,147,True,0.9049317142308391,0.29929410545211327,0.8102446379808742,0.5664335664335665,8.995238095238097,8.995238095238097,0.5136986301369864,0.4863013698630137,25,36
linecfbp_sportsline,piratings,SportsLine,Pi-Ratings,1613,True,0.9112264237294311,0.29913720024821394,0.9180721767771214,0.5980891719745223,5.083701177929324,5.1964104153750785,0.48284466625077976,0.5171553337492202,333,324
linecfbp_dratings,linept_payne,DRatings,linepayne,2078,True,0.8389449092407988,0.2989777422305177,0.9018182874415618,0.6207741303282704,5.605837343599615,5.649677574590952,0.5584978334135773,0.4415021665864227,408,384
linecfbp_jp,sagarin_golden_mean,JP+,Sagarin Golden Mean,2129,True,0.8974784470693238,0.2986605852779267,0.9299912012162779,0.5874524714828897,4.674011272898075,4.731258806951621,0.4898918664786084,0.5101081335213916,458,415
linecfbp_john_harris,linept_elo,John Harris,Beck Elo,1051,True,0.9222072840656834,0.298524613620517,0.936214311990158,0.6046511627906976,4.392959086584206,4.445899143672692,0.538534728829686,0.461465271170314,222,207
linecfbp_power_rank,piratings_mean,Power Rank,Pi-Ratings Mean,2636,True,0.9591570213804355,0.29843906656103064,0.9603657800189634,0.5830100853374709,3.4809408194233695,3.558672230652504,0.5366602687140115,0.4633397312859885,567,529
linecfbp_matt_grissom,linept_kam,Matt Grissom,Edward Kambour,1051,True,0.9360547033465537,0.2984209907652441,0.9411282704714526,0.6026871401151631,4.212264509990486,4.339134157944815,0.5195052331113226,0.4804947668886774,232,191
linept_bihl,linept_payne,Bihl System,linepayne,1741,True,0.8134810367078341,0.2983544207953366,0.8941972183610674,0.6724137931034483,5.179730040206778,5.179730040206778,0.5439402642159679,0.45605973578403214,271,284
linecfbp_cfb_professor,linept_rwp,CFB Professor,Laffaye RWP,950,True,0.8181327122450509,0.29827671667857536,0.897206098548888,0.5664187035069076,6.00578947368421,6.017621052631578,0.5252631578947369,0.4747368421052632,197,220
linecfbp_si_composite,linept_bill,SI Composite,Billingsley,505,True,0.8314798659718053,0.2980406275431675,0.9051327404085604,0.5788423153692615,6.05170297029703,6.026514851485149,0.5615079365079365,0.4384920634920635,108,103
dokter_entropy,linecfbp_cfb_geek,Dokter Entropy,CFB Geek,2121,True,0.9432826592616819,0.2976626167218391,0.9498844783002468,0.6009523809523809,3.8509240924092416,3.919316360207449,0.5181689476168003,0.4818310523831996,420,426
linecfbp_cfbwe_talent,linept_log,CFBWE: Talent,Logistic Regression,229,True,0.33264399350189466,0.2976313991911188,0.8249794673960038,0.6271929824561403,7.6817467248908295,7.726462882096071,0.5065502183406113,0.49344978165938863,32,51
linecfbp_cfbwe_margin,linecfbp_jp,CFBWE: Margin,JP+,516,True,0.8825467314090741,0.29754088731758727,0.9224624410438906,0.6336633663366337,4.915891472868218,4.915891472868218,0.4892367906066536,0.5107632093933464,96,91
linept_laz,linept_payne,Laz Index,linepayne,3122,True,0.8100448959468913,0.2974754466565162,0.8864600962358683,0.6476251604621309,5.637315823190263,5.637315823190263,0.5416666666666666,0.4583333333333333,558,519
linecfbp_cfb_graphs,linept_elo,CFB Graphs,Beck Elo,2081,True,0.883386059777431,0.29732027892069296,0.9181483086500406,0.6276130286825474,4.840499759730899,4.892080730418068,0.5019230769230769,0.4980769230769231,385,398
espn_fpi,linecfbp_dratings,ESPN FPI,DRatings,2638,True,0.9348053549936747,0.2972844170464227,0.9538791298259454,0.5959907478797224,3.710553449583017,3.813972706595906,0.4998102466793169,0.5001897533206832,543,534
linecfbp_professor_sides,sagarin,Professor Sides,Sagarin Ratings,2632,True,0.9458969423745618,0.2969304619695407,0.9515052358213347,0.6096997690531177,3.79919452887538,3.874437689969605,0.4988584474885845,0.5011415525114156,512,526
espn_fpi,linecfbp_sv_bettor,ESPN FPI,SV Bettor,507,True,0.8996320126504612,0.29685930217979156,0.9292611720937204,0.5823045267489712,4.973037475345167,5.035325443786982,0.5009861932938856,0.4990138067061144,109,104
linecfbp_cbcr2_power,linept_fox,CBCR2: Power,linefox,515,True,0.8989981821642424,0.29682154492771917,0.9113829400171861,0.5841784989858012,5.182815533980583,5.227825242718446,0.4961089494163424,0.5038910505836576,113,102
linecfbp_beta_rank,linecfbp_david_sasser,Beta_Rank,David Sasser,550,True,0.9008747423999384,0.2968187370035745,0.9102209775374357,0.5666666666666667,5.299090909090909,5.299090909090909,0.4468864468864469,0.5531135531135531,102,128
linecfbp_cfb_professor,linept_paynewl,CFB Professor,linepaynewl,1022,True,0.782974036675245,0.2966624856540094,0.8838050567221168,0.577492596248766,6.706497064579256,6.715342465753425,0.5533790401567091,0.44662095984329087,202,224
harville,linept_pig,David Harville,Pigskin Index,3443,True,0.9482962139604326,0.29663324793971274,0.9488933376402628,0.613685179502915,3.861423177461516,3.861423177461516,0.5107683352735739,0.4892316647264261,700,629
linecfbp_beta_rank,linept_how,Beta_Rank,Howell,2589,True,0.8675782046067405,0.2964560601523479,0.8942041468577288,0.5995983935742972,6.069945925067594,6.1075589030513715,0.4922360248447205,0.5077639751552795,498,546
linecfbp_wilson_ratings,linept_log,Wilson Ratings,Logistic Regression,1237,True,0.5838165908487848,0.29628928048865233,0.8522129551768378,0.6024590163934426,7.436111560226355,7.4817219078415516,0.5763945028294261,0.423605497170574,231,265
linecfbp_kford,linept_kerns,KFord,Stephen Kerns,1566,True,0.9078133935012607,0.2961405497777201,0.8848047893217202,0.6067270375161707,5.814610472541507,5.930957854406131,0.575,0.425,318,302
linecfbp_cfbwe_margin,teamrankings,CFBWE: Margin,TeamRankings.com,516,True,0.9270761219943098,0.2960950695885728,0.9459109784850024,0.5972222222222222,4.022286821705427,4.064147286821706,0.47173489278752434,0.5282651072124757,104,102
linecfbp_cfbwe_margin,linept_cather,CFBWE: Margin,linecather,516,True,0.9077106785942994,0.2960042544081794,0.913099909207266,0.6097560975609756,5.341279069767443,5.3408914728682175,0.5677799607072691,0.43222003929273084,115,91
linecfbp_david_sasser,linept_elo,David Sasser,Beck Elo,503,True,0.8958781772502802,0.2955469264237209,0.9146393253258983,0.572289156626506,4.999741550695825,5.034373757455269,0.4970178926441352,0.5029821073558648,115,101
linecfbp_cfbwe_margin,linept_talis,CFBWE: Margin,Talisman Red,516,True,0.8950817639567973,0.29552936187575574,0.912710648334074,0.5694716242661448,5.294922480620156,5.32968992248062,0.4893203883495146,0.5106796116504855,99,120
linept_argh,linept_dwig,Argh Ratings,DP Dwiggins,3127,True,0.8793305351540669,0.29540503009737007,0.8903653574361038,0.5940390544707091,6.0370163095618805,6.0370163095618805,0.5147867950481431,0.48521320495185694,626,628
linecfbp_dratings,linecfbp_jp,DRatings,JP+,2129,True,0.8906060718948032,0.2953220791226282,0.9276131107691985,0.5966265060240964,4.685157350868953,4.685157350868953,0.5071496663489037,0.49285033365109626,411,436
linecfbp_power_rank,linept_fox,Power Rank,linefox,1530,True,0.9427632486077684,0.2952511018650707,0.9435028334079839,0.6034129692832765,4.284777777777778,4.317313725490196,0.5270448548812665,0.4729551451187335,306,300
linecfbp_cbcr2_power,linecfbp_dratings,CBCR2: Power,DRatings,1063,True,0.912929647211941,0.2951885554035401,0.9224317338684065,0.6017357762777242,4.938946378174977,4.938946378174977,0.4561904761904762,0.5438095238095239,216,206
linecfbp_beta_rank,linecfbp_cfbwe_margin,Beta_Rank,CFBWE: Margin,516,True,0.884135114857006,0.29511476622705785,0.9124438986538633,0.6125244618395304,5.352906976744185,5.352906976744185,0.45419103313840153,0.5458089668615984,88,104
linecfbp_cfb_professor,sagarin_recent,CFB Professor,Sagarin Recent,1022,True,0.9060536501964978,0.2950937013343753,0.9294941742928928,0.6116600790513834,4.52807240704501,4.569266144814091,0.48971596474045054,0.5102840352595495,190,212
linept_bill,moore_ratings,Billingsley,Moore Power Ratings,3892,True,0.8501555696787958,0.2950068963140778,0.8938943632424363,0.580719794344473,6.048175745118191,6.047790339157245,0.4784061696658098,0.5215938303341903,805,801
keeper,linept_super,Keeper,linesuper,762,True,0.8843016284543797,0.29498358668996927,0.8277544452392284,0.5936675461741425,8.536312335958005,8.536312335958005,0.562992125984252,0.43700787401574803,155,149
linept_round,linept_super,lineround,linesuper,533,True,0.9091587876534564,0.29483290916558863,0.8210322159609058,0.6333333333333333,8.67341463414634,8.67341463414634,0.5647279549718575,0.4352720450281426,97,97
linecfbp_wilson_ratings,linept_born,Wilson Ratings,Born Power Index,2087,True,0.9350965555363755,0.294810452236719,0.9187958100074901,0.5879786718371304,5.089995208433158,5.143469094393867,0.5297219558964525,0.47027804410354745,439,429
linecfbp_pearatings,linept_rwp,PEARatings,Laffaye RWP,502,True,0.8649025265111245,0.29456759598073695,0.8848033682173717,0.5573440643863179,5.818764940239044,5.913466135458168,0.5597609561752988,0.4402390438247012,108,114
linept_kam,linept_laz,Edward Kambour,Laz Index,3892,True,0.9123259398537448,0.29451517535117877,0.9229805518057254,0.596292481977343,4.5893576567317576,4.5893576567317576,0.4888146052969915,0.5111853947030085,744,806
linecfbp_cbcr2_sam,piratings_mean,CBCR2: Sam,Pi-Ratings Mean,515,True,0.9075441911898624,0.2939133098084321,0.9176946022704308,0.59375,5.045805825242719,5.079980582524272,0.46108949416342415,0.5389105058365758,103,106
linecfbp_si_composite,piratings,SI Composite,Pi-Ratings,505,True,0.9388146298650082,0.293879719465975,0.9453862030269155,0.5783132530120482,4.342415841584159,4.299049504950495,0.5288270377733598,0.4711729622266402,110,104
linecfbp_beta_rank,linept_born,Beta_Rank,Born Power Index,2087,True,0.8957752905624148,0.2937989181120404,0.9011081429280202,0.6086746987951808,5.66611883085769,5.712117872544321,0.4908829174664108,0.5091170825335892,386,429
linecfbp_cfb_graphs,linept_big200,CFB Graphs,Big 200,1050,True,0.8753825165857986,0.293360536178356,0.8888553515921709,0.5951923076923077,6.043752380952381,6.061276190476191,0.49047619047619045,0.5095238095238095,191,244
linecfbp_sportsline,linept_fluker,SportsLine,Slate Fluker,468,True,0.9097213564210231,0.2929610821137231,0.9175198388746121,0.647982062780269,4.686730769230769,4.750619658119658,0.41252699784017277,0.5874730021598272,74,91
espn_fpi,linept_donchess,ESPN FPI,Donchess Inference,3896,True,0.9403586341489566,0.2928814806391519,0.957086555217075,0.5953757225433526,3.5669609856262836,3.566575975359343,0.4958890030832477,0.5041109969167523,780,778
linept_curry,linept_pugh,Daniel Curry Index,Pugh Ratings,3886,True,0.905877176431887,0.292703575220651,0.9096393287682542,0.6008241050733969,5.434668039114771,5.434668039114771,0.4931788931788932,0.5068211068211068,755,758
linept_dunk,linept_fluker,Dunkel Index,Slate Fluker,605,True,0.919557456119494,0.2925622959352287,0.921414396701988,0.66723259762309,4.382611570247933,4.382611570247934,0.41225165562913907,0.5877483443708609,88,113
dokter_entropy,linecfbp_cbcr2_sam,Dokter Entropy,CBCR2: Sam,515,True,0.9127302112281545,0.2924540543296703,0.9253515191915419,0.5769980506822612,4.758466019417476,4.763825242718446,0.5233463035019456,0.4766536964980545,106,107
massey,teamrankings,Massey Ratings,TeamRankings.com,3943,True,0.9366146374245329,0.2923547029465481,0.9447447569230091,0.6042794534673885,4.045650519908699,4.045802688308394,0.47852604828462514,0.5214739517153748,784,752
linecfbp_cfbwe,linept_log,CFBWE,Logistic Regression,229,True,0.5181251744137967,0.29190581571748103,0.8552239791601249,0.6061946902654868,7.119825327510918,7.093973799126638,0.5720524017467249,0.4279475982532751,37,51
linecfbp_cbcr2_sam,moore_ratings,CBCR2: Sam,Moore Power Ratings,514,True,0.876811040831567,0.29172051337788585,0.9032064637303578,0.5867446393762183,5.530642023346304,5.518891050583657,0.5077821011673151,0.49221789883268485,111,100
linecfbp_cfb_geek,linept_dunk,CFB Geek,Dunkel Index,1812,True,0.9004126419737768,0.2916951185974423,0.9117552055979385,0.6092273485269594,5.077008830022075,5.115198675496688,0.5453038674033149,0.45469613259668507,382,329
linecfbp_professor_sides,linept_dwig,Professor Sides,DP Dwiggins,2579,True,0.897299527500686,0.29093314046798624,0.9044947325341941,0.6012145748987854,5.529197363319116,5.593524621946491,0.5333333333333333,0.4666666666666667,523,508
linecfbp_david_sasser,teamrankings,David Sasser,TeamRankings.com,550,True,0.9444726938282678,0.2909268162109364,0.9468450081022947,0.6133828996282528,3.8258,3.877072727272727,0.5082872928176796,0.49171270718232046,117,99
linecfbp_professor_sides,linept_born,Professor Sides,Born Power Index,2081,True,0.9248628454497592,0.29090608424202674,0.9234741562802194,0.5973709834469328,4.967669389716482,5.038798654493031,0.5387205387205387,0.4612794612794613,426,419
linecfbp_power_rank_free,linept_pugh,Power Rank: Free,Pugh Ratings,1578,True,0.9431781812729014,0.2906950050318,0.9340478834190167,0.5616613418530352,4.672249683143219,4.758802281368821,0.5177664974619289,0.48223350253807107,371,324
linecfbp_blake_atkinson,linecfbp_sportsline,Blake Atkinson,SportsLine,513,True,0.9238174801846377,0.29055767084485884,0.935455027486833,0.6211812627291242,4.183235867446394,4.183235867446394,0.5399610136452242,0.4600389863547758,103,86
linecfbp_sportsline,linept_curry,SportsLine,Daniel Curry Index,1566,True,0.8914206470124517,0.2904530245330994,0.899264667361063,0.5933420365535248,5.748409961685823,5.773978288633461,0.5220447284345048,0.4779552715654952,325,317
linept_fox,linept_laz,linefox,Laz Index,2327,True,0.9257785753339486,0.29044267280883096,0.927449986952007,0.578619153674833,4.85213579716373,4.85213579716373,0.4950537634408602,0.5049462365591398,466,503
linept_paynep,piratings_mean,linepaynep,Pi-Ratings Mean,3124,True,0.881168425751779,0.2903630129801463,0.9001846863663,0.6158338741077223,5.722576824583867,5.722896927016646,0.433055733504164,0.566944266495836,575,606
linept_fluker,linept_how,Slate Fluker,Howell,694,True,0.8911708967506218,0.29015345987977775,0.9175934265310903,0.598159509202454,4.97206051873199,4.97206051873199,0.5852601156069365,0.4147398843930636,138,144
linecfbp_tshoe_index,linept_paynewl,TShoe Index,linepaynewl,1569,True,0.7623582672472992,0.2901363637987086,0.8577940424459669,0.5843137254901961,7.304710006373487,7.337253027405991,0.5717017208413002,0.42829827915869984,334,316
linecfbp_jp,linept_loud,JP+,Loudsound.org,2010,True,0.6888358332485232,0.2898330177518996,0.8433934112191879,0.5697435897435897,7.388308457711442,7.483532338308457,0.5566132264529058,0.4433867735470942,442,418
linept_elo,massey,Beck Elo,Massey Ratings,3896,True,0.8768985703633531,0.2896907311493908,0.921053476301114,0.5868725868725869,5.064306981519508,5.065077002053388,0.4852298998201901,0.51477010017981,760,823
linept_pfz,sagarin_recent,PerformanZ Ratings,Sagarin Recent,3896,True,0.8680611420431208,0.2896390721674311,0.8900718778721706,0.6045793671211731,6.030379876796715,6.030379876796715,0.44490110454662213,0.5550988954533779,778,735
linecfbp_trent_sorensen,linecfbp_wilson_ratings,Trent Sorensen,Wilson Ratings,1098,True,0.7471372782018675,0.2895678166633142,0.8650716517386047,0.5540037243947858,6.730783242258653,6.730783242258653,0.45288197621225984,0.5471180237877402,252,229
linecfbp_sp,massey,SP+,Massey Ratings,2638,True,0.9268905004309066,0.28930105938912226,0.9367230306810588,0.5894293374186136,4.377028051554207,4.457619408642912,0.5191650853889943,0.4808349146110057,542,544
linecfbp_sp,linept_pugh,SP+,Pugh Ratings,2589,True,0.9342550960053756,0.2892779746659354,0.9342753534258823,0.6105263157894737,4.44745461568173,4.529895712630359,0.5349826053343641,0.46501739466563585,537,469
harville,linecfbp_professor_sides,David Harville,Professor Sides,2632,True,0.9421967781275337,0.2891605103370173,0.9484117640698634,0.6219230769230769,3.816512158054711,3.903039513677811,0.49276466108149275,0.5072353389185073,505,505
linecfbp_cfb_victory,sagarin,CFB Victory,Sagarin Ratings,1098,True,0.859708104916527,0.2888837910417934,0.8989170499098076,0.6012950971322849,5.557932604735884,5.649735883424408,0.4293527803099362,0.5706472196900638,218,230
linecfbp_sportsratings,linept_laz,SportsRatings,Laz Index,503,True,0.8990874305078471,0.28869044559088225,0.8689412605059155,0.7,4.603797216699801,4.74013916500994,0.46506986027944114,0.5349301397205589,73,85
linecfbp_professor_sides,linept_fox,Professor Sides,linefox,1530,True,0.931942868883787,0.2886763085636212,0.9379086219978432,0.6034246575342466,4.429888888888889,4.496241830065359,0.5361842105263158,0.46381578947368424,311,302
linecfbp_si_composite,moore_ratings,SI Composite,Moore Power Ratings,505,True,0.9384544966645731,0.288609744865541,0.9442124807661393,0.5717131474103586,4.453683168316831,4.491544554455445,0.5099206349206349,0.49007936507936506,100,110
linept_payne,linept_pfz,linepayne,PerformanZ Ratings,3124,True,0.8075661034375734,0.2885437767457031,0.8577459168018986,0.6304487179487179,6.789129321382843,6.789129321382843,0.516170349023375,0.48382965097662506,551,582
linecfbp_cbcr2_power,linecfbp_sp,CBCR2: Power,SP+,1063,True,0.909053929474895,0.2882991777634607,0.9176918136874375,0.5767397521448999,5.180432737535277,5.180432737535277,0.47950428979980936,0.5204957102001907,219,227
linecfbp_cfbwe_margin,linept_paynewl,CFBWE: Margin,linepaynewl,516,True,0.8107022184000603,0.2881964673176995,0.8875108003419852,0.5862745098039216,6.433042635658914,6.474321705426356,0.5291828793774319,0.4708171206225681,102,110
linecfbp_wilson_ratings,linept_fluker,Wilson Ratings,Slate Fluker,468,True,0.9374715038988656,0.28817426374887367,0.9424969894114303,0.62,3.3927991452991453,3.504978632478633,0.45021645021645024,0.5497835497835498,84,100
linept_bihl,linept_paynewl,Bihl System,linepaynewl,1741,True,0.749641821577143,0.28810290948345674,0.8666211070195284,0.6334867663981588,6.508512349224583,6.508512349224583,0.5704427832087406,0.42955721679125936,300,322
linept_pig,linept_round,Pigskin Index,lineround,2085,True,0.8638823469484278,0.2880684281117627,0.9052725977287608,0.6221413721413721,5.550043165467626,5.550043165467626,0.5441404233350542,0.4558595766649458,355,425
linecfbp_cfb_graphs,linept_rwp,CFB Graphs,Laffaye RWP,2032,True,0.8355085371974397,0.28804756513342933,0.889602813344391,0.6386261821801892,5.54566437007874,5.620930118110236,0.5406604238541153,0.45933957614588466,370,371
linept_pig,linept_talis,Pigskin Index,Talisman Red,3387,True,0.9152908768005783,0.28797378475733293,0.9242190091133372,0.6061078217513244,4.901520519633895,4.901520519633895,0.5197990543735225,0.4802009456264775,612,716
linept_curry,linept_paynewl,Daniel Curry Index,linepaynewl,3121,True,0.7960966239708782,0.28779132137055113,0.842941421101064,0.6028892455858748,7.610599166933675,7.610599166933675,0.5344661750561077,0.4655338249438923,605,616
linecfbp_matt_grissom,linecfbp_wilson_ratings,Matt Grissom,Wilson Ratings,1098,True,0.936778017251632,0.28775520209872824,0.9412116760855168,0.5920074349442379,4.163387978142076,4.163387978142076,0.5119485294117647,0.4880514705882353,233,209
espn_fpi,linecfbp_professor_sides,ESPN FPI,Professor Sides,2632,True,0.9450499617025354,0.2877446889979758,0.9516516216196546,0.6131639722863741,3.655626899696049,3.7646618541033434,0.501331304678585,0.498668695321415,521,497
linecfbp_cfb_graphs,linecfbp_wilson_ratings,CFB Graphs,Wilson Ratings,2117,True,0.8952896150707675,0.28757945940819035,0.9264976392153154,0.6155330438977328,4.561974492205952,4.561974492205952,0.4995215311004785,0.5004784688995215,387,421
linecfbp_matt_grissom,linecfbp_sportsline,Matt Grissom,SportsLine,1098,True,0.9072254973681811,0.28754375056926307,0.9205237298272924,0.5834109972041006,5.163205828779599,5.163205828779599,0.54337899543379,0.45662100456621,238,214
piratings_bias,sagarin_golden_mean,PI-Rate Bias,Sagarin Golden Mean,3943,True,0.9408971159081582,0.287427329851283,0.9382595513184597,0.6032233307751343,4.183619071772762,4.183365457773269,0.49238578680203043,0.5076142131979695,763,783
linecfbp_dratings,linecfbp_trent_sorensen,DRatings,Trent Sorensen,1098,True,0.7687849890142627,0.28738244832564835,0.8674126513413749,0.5652985074626866,6.762386156648452,6.762386156648452,0.5517873510540788,0.44821264894592117,229,241
keeper,linept_talis,Keeper,Talisman Red,3836,True,0.9131100928949015,0.28711529276206676,0.9066244620266796,0.6252939639404234,5.288516684045881,5.2882559958289885,0.49295407098121086,0.5070459290187892,710,699
linept_kam,linept_kerns,Edward Kambour,Stephen Kerns,3894,True,0.8749095982532437,0.2870692961819163,0.8833073654283369,0.5916946092339438,6.1492218798151,6.1492218798151,0.5418807810894142,0.4581192189105858,760,796
linept_payne,sagarin_recent,linepayne,Sagarin Recent,3124,True,0.8454947040650038,0.2870666700148432,0.8923265368395937,0.6229139922978177,5.695406530089629,5.6954065300896275,0.44010249839846255,0.5598975016015375,571,583
linecfbp_john_harris,linept_bill,John Harris,Billingsley,1051,True,0.8943302843000792,0.2867831648742021,0.9185767043006169,0.6075581395348837,5.15301617507136,5.156022835394862,0.5718363463368221,0.42816365366317793,219,210
linecfbp_blake_atkinson,linept_how,Blake Atkinson,Howell,515,True,0.8811446789182008,0.28667703975594694,0.9158536213278031,0.6020408163265306,5.056854368932038,5.115883495145631,0.5862745098039216,0.4137254901960784,113,90
linecfbp_cbcr2_power,massey,CBCR2: Power,Massey Ratings,1063,True,0.9023100646350601,0.28660335971545264,0.9151455855796539,0.5899621212121212,5.210479774223894,5.246528692380056,0.49482596425211667,0.5051740357478833,222,218
dokter_entropy,linept_pig,Dokter Entropy,Pigskin Index,3442,True,0.9499451579920786,0.28644644320822904,0.9534797076371138,0.5947692307692307,3.794049970947124,3.794049970947124,0.5304044224614489,0.4695955775385511,735,655
linecfbp_cfb_geek,linept_payne,CFB Geek,linepayne,1562,True,0.8526878460210391,0.2863913272041334,0.8886365477821767,0.6018041237113402,6.282592829705505,6.324782330345711,0.561178731582319,0.438821268417681,328,290
linept_rwp,moore_ratings,Laffaye RWP,Moore Power Ratings,3764,True,0.8510905102246128,0.28598930306679,0.886543671111817,0.606439595529537,5.975842189160468,5.975709351753452,0.48790215368253126,0.5120978463174688,720,735
linept_big200,linept_kam,Big 200,Edward Kambour,1558,True,0.8866469112283315,0.2859186031421701,0.8961394014555839,0.5957583547557841,5.864698331193838,5.864698331193838,0.4910141206675225,0.5089858793324775,334,284
linecfbp_dratings,linecfbp_sportsline,DRatings,SportsLine,1611,True,0.9016636248807675,0.28561483499165935,0.9206531690291324,0.6062941554271034,4.9479826194909995,4.9479826194909995,0.5414572864321608,0.4585427135678392,332,304
linecfbp_room44_bets,linecfbp_wilson_ratings,Room44 Bets,Wilson Ratings,2635,True,0.8967030400207506,0.28557326866248656,0.924129471493047,0.6076982892690513,4.752068311195446,4.752068311195446,0.49942682460833016,0.5005731753916699,523,494
linecfbp_si_composite,linept_laz,SI Composite,Laz Index,505,True,0.9239399597477956,0.285522526011484,0.9482716858069118,0.6127744510978044,4.088475247524753,4.089188118811881,0.5416666666666666,0.4583333333333333,94,102
linecfbp_jp,linept_bihl,JP+,Bihl System,1110,True,0.8850538534475582,0.28549615783411697,0.9322830490359736,0.5858310626702997,4.619855855855856,4.721027027027027,0.5311091073038774,0.4688908926961226,255,207
linecfbp_sp,sagarin,SP+,Sagarin Ratings,2638,True,0.9463774662470429,0.28531139061400496,0.9516418786491846,0.581992337164751,3.8116641394996202,3.921141015921153,0.5013282732447818,0.4986717267552182,571,536
linecfbp_pearatings,linept_laz,PEARatings,Laz Index,503,True,0.878068990828646,0.28528254927659713,0.896571995876234,0.6405622489959839,4.239105367793241,4.311471172962227,0.5129224652087475,0.4870775347912525,82,101
linecfbp_cbcr2_power,linept_big200,CBCR2: Power,Big 200,547,True,0.8803139345276033,0.2852526413366428,0.8894427177197953,0.5753676470588235,6.194990859232175,6.161206581352833,0.49725776965265084,0.5027422303473492,123,112
fei,linecfbp_blake_atkinson,FEI Projections,Blake Atkinson,515,True,0.9386404686364638,0.28519693932301,0.9488969207378618,0.6027944111776448,3.654,3.7922135922330096,0.4577603143418468,0.5422396856581533,101,103
linecfbp_si_composite,linept_paynewl,SI Composite,linepaynewl,505,True,0.7809283757197318,0.28504261850122187,0.8812435571203726,0.5836653386454184,6.863188118811881,6.846633663366337,0.5524752475247525,0.44752475247524753,105,100
linecfbp_pearatings,linept_clean,PEARatings,Cleanup Hitter,503,True,0.7670402544167494,0.28499431501770195,0.8452417078604452,0.5628865979381443,7.334612326043738,7.442803180914513,0.5848303393213573,0.4151696606786427,101,116
linecfbp_cfb_geek,linept_talis,CFB Geek,Talisman Red,2030,True,0.9147419652783153,0.28490774231845,0.9233325842773717,0.6016865079365079,4.837852216748769,4.924128078817734,0.5212031558185405,0.47879684418145957,401,393
linecfbp_cfbwe_rounded,linept_log,CFBWE: Rounded,Logistic Regression,229,True,0.5158795298170815,0.2847922341220554,0.8541993608378567,0.6296296296296297,7.173886462882097,7.149606986899564,0.5745614035087719,0.42543859649122806,34,50
fei,teamrankings,FEI Projections,TeamRankings.com,3896,True,0.9239017444920498,0.2847659520919253,0.9376954380813105,0.6420110555409319,3.9003105749486653,3.903518993839836,0.4721141374837873,0.5278858625162127,698,699
linecfbp_sportsline,sagarin_recent,SportsLine,Sagarin Recent,1613,True,0.9133846053805608,0.28463708797129167,0.924099299275874,0.6010132995566815,4.856298822070676,4.945313081215128,0.4686530105524519,0.5313469894475481,329,331
harville,linept_big200,David Harville,Big 200,1558,True,0.902006228092763,0.28439950909952244,0.9055077362195171,0.5876685934489403,5.464107830551988,5.46410783055199,0.525369299935774,0.4746307000642261,293,338
linept_fluker,massey,Slate Fluker,Massey Ratings,694,True,0.9376294982897582,0.28439892693336005,0.9479100717207632,0.6355555555555555,3.506657060518732,3.506657060518732,0.5360230547550432,0.46397694524495675,131,121
linecfbp_david_sasser,linept_curry,David Sasser,Daniel Curry Index,503,True,0.9234495182155195,0.28432124564716216,0.9271655509935152,0.570281124497992,4.653041749502981,4.688588469184891,0.5407554671968191,0.4592445328031809,115,101
piratings,sagarin_predictor,Pi-Ratings,Sagarin Predictor,3943,True,0.9425336072911455,0.28404644655003847,0.9443640028812528,0.6096311475409836,4.0455769718488455,4.045830585848338,0.4836335955341284,0.5163664044658716,747,769
fei,linept_payne,FEI Projections,linepayne,3124,True,0.8110643706497384,0.2840332652556253,0.8811497887085571,0.6100872938894277,6.179065300896287,6.183066581306019,0.5390524967989757,0.46094750320102434,609,589
linecfbp_cfb_professor,linept_clean,CFB Professor,Cleanup Hitter,1022,True,0.7800040047419287,0.2837752475632036,0.8834386421624972,0.5813953488372093,6.77481409001957,6.8312720156555775,0.5433070866141733,0.4566929133858268,208,218
linecfbp_david_sasser,sagarin,David Sasser,Sagarin Ratings,550,True,0.9290753698907974,0.28365807866487525,0.9412178106368603,0.5798165137614679,4.123,4.233618181818182,0.48816029143898,0.51183970856102,116,116
linecfbp_cfb_victory,linecfbp_david_sasser,CFB Victory,David Sasser,550,True,0.8556703514959074,0.2833329456066053,0.8778077133760824,0.6261682242990654,5.858363636363636,5.858363636363636,0.43613138686131386,0.5638686131386861,89,111
linept_pfz,sagarin,PerformanZ Ratings,Sagarin Ratings,3896,True,0.8735080525053106,0.2832954623226252,0.8960035831725578,0.5870851556470286,5.91816478439425,5.91816478439425,0.43656908063687727,0.5634309193631227,795,785
linecfbp_ryder_analytics,linept_how,Ryder Analytics,Howell,503,True,0.7492981031302627,0.2832143187383919,0.8562536279134718,0.58004158004158,6.707753479125248,6.728031809145129,0.4678714859437751,0.5321285140562249,92,122
linecfbp_cbcr2_sam,sagarin_predictor,CBCR2: Sam,Sagarin Predictor,515,True,0.9046223036735437,0.2828479820138208,0.9208329343771635,0.5847953216374269,4.924116504854369,4.944271844660195,0.47378640776699027,0.5262135922330097,106,99
linept_paynep,linept_round,linepaynep,lineround,2099,True,0.8113653937825291,0.28283731297334497,0.863124531004807,0.6309872922776149,6.572734635540733,6.572734635540733,0.4751908396946565,0.5248091603053435,362,400
piratings_bias,sagarin,PI-Rate Bias,Sagarin Ratings,3943,True,0.9540953282280171,0.2826625440316594,0.9467320571363262,0.5935500383926287,3.948037027643926,3.948092822723815,0.48641787255648644,0.5135821274435136,783,793
linecfbp_si_composite,linecfbp_sv_bettor,SI Composite,SV Bettor,505,True,0.8811841928561351,0.28263831077412194,0.9240642184922452,0.6016597510373444,5.203366336633663,5.203366336633663,0.5160642570281124,0.4839357429718876,102,95
linecfbp_dratings,linept_elo,DRatings,Beck Elo,2591,True,0.8884003584579063,0.2825871507060361,0.9271862402485688,0.5696898311739301,4.8975762253956,4.9338247780779625,0.526051717483597,0.4739482825164029,567,552
linecfbp_david_sasser,linept_talis,David Sasser,Talisman Red,502,True,0.933805461032642,0.2824453331858593,0.9287594277834795,0.607645875251509,4.431414342629482,4.4692231075697215,0.5099601593625498,0.4900398406374502,101,100
linept_argh,teamrankings,Argh Ratings,TeamRankings.com,3135,True,0.9132097537660583,0.28238065539465035,0.9285004087399065,0.611990569215224,4.726835725677831,4.726835725677831,0.4715342553875844,0.5284657446124156,580,626
linecfbp_kford,linept_fluker,KFord,Slate Fluker,468,True,0.9597550998675037,0.28215926571982225,0.9623769790810626,0.6401766004415012,2.348653846153846,2.5450213675213673,0.4935064935064935,0.5064935064935064,81,94
piratings_bias,sagarin_recent,PI-Rate Bias,Sagarin Recent,3943,True,0.9336205269933904,0.2820106737650251,0.936376011550667,0.6004607115433837,4.25476540705047,4.2550190210499625,0.4904846485663537,0.5095153514336462,783,764
linecfbp_cfb_graphs,linecfbp_kford,CFB Graphs,KFord,1603,True,0.9111602773961284,0.28199662564475636,0.9329984254095454,0.5805837563451777,4.455520898315658,4.455520898315658,0.43404522613065327,0.5659547738693468,308,360
linecfbp_power_rank_free,linept_loud,Power Rank: Free,Loudsound.org,1507,True,0.6942107437672911,0.2817450328288501,0.8557269670926057,0.5983662355343772,6.954943596549437,7.057664233576643,0.5574098798397864,0.4425901201602136,307,297
linecfbp_jp,linept_paynewl,JP+,linepaynewl,1569,True,0.7208623562873334,0.2816640331558743,0.8515224689938523,0.6002578981302386,7.536029318036966,7.56112810707457,0.579719387755102,0.42028061224489793,344,289
linept_loud,sagarin_predictor,Loudsound.org,Sagarin Predictor,3814,True,0.7346708106407248,0.28115930996936866,0.8613175606169103,0.5761891964525665,6.7825275301520715,6.7825275301520715,0.43033324586722643,0.5696667541327736,781,806
linecfbp_david_sasser,linept_bihl,David Sasser,Bihl System,254,True,0.9130326304071523,0.2809692315036606,0.9378980224156389,0.6215139442231076,3.9646062992125986,3.9643700787401577,0.5196850393700787,0.48031496062992124,60,35
linecfbp_beta_rank,linecfbp_jp,Beta_Rank,JP+,2128,True,0.8844459887311112,0.28081152659429187,0.9045151806714521,0.5911047345767575,5.594031954887218,5.594031954887218,0.46830652790917693,0.5316934720908231,382,476
linecfbp_oddstrader_ai,moore_ratings,OddsTrader AI,Moore Power Ratings,1064,True,0.8637073836943244,0.2807144747630248,0.897476974393084,0.5843023255813954,5.614896616541353,5.642265037593985,0.49624060150375937,0.5037593984962406,213,235
linept_curry,linept_dwig,Daniel Curry Index,DP Dwiggins,3886,True,0.8744381122379947,0.28070891003564696,0.8830998973427074,0.5982451475671364,6.2284997426659805,6.2284997426659805,0.5027040947720834,0.49729590522791656,777,764
congrove,sagarin,Congrove Computer Rankings,Sagarin Ratings,3942,True,0.9071317229640123,0.280511244053651,0.9225027681902804,0.6014750762970499,4.890578386605783,4.8908320649416535,0.46598984771573604,0.534010152284264,790,745
linecfbp_power_rank,linecfbp_room44_bets,Power Rank,Room44 Bets,2635,True,0.9191542068836719,0.28039408783249653,0.9385044217437362,0.5971250971250971,4.274421252371916,4.274421252371916,0.5265977803291236,0.47340221967087637,512,534
espn_fpi,linecfbp_cbcr2_sam,ESPN FPI,CBCR2: Sam,515,True,0.9056964308732466,0.28018689147156606,0.9208416244136859,0.568359375,4.914834951456311,4.938252427184466,0.5339805825242718,0.46601941747572817,103,115
linept_loud,linept_wayward,Loudsound.org,Waywardtrends,1554,True,0.704921183406439,0.28013016420604525,0.8552382833241273,0.5888524590163935,7.002477477477478,7.002477477477478,0.4327108821635544,0.5672891178364456,313,313
linecfbp_sp,piratings_mean,SP+,Pi-Ratings Mean,2638,True,0.9421422865595952,0.28007352196192636,0.9479757761073627,0.5834301200154859,4.035284306292646,4.139757391963609,0.5097439816583874,0.49025601834161253,591,515
dokter_entropy,linecfbp_cfbwe_average,Dokter Entropy,CFBWE: Average,516,True,0.9419022762572664,0.28005925173517615,0.9487476369570464,0.60546875,3.97734496124031,4.062577519379845,0.49902912621359224,0.5009708737864078,94,106
linept_cather,moore_ratings,linecather,Moore Power Ratings,923,True,0.9143463103417945,0.2799348960017434,0.9083933292461868,0.6031567080045096,5.480910075839653,5.481451787648971,0.4875406283856988,0.5124593716143012,172,195
linecfbp_power_rank,linecfbp_ryder_analytics,Power Rank,Ryder Analytics,550,True,0.8154317863361527,0.2796986166895945,0.8890840270227046,0.5822550831792976,5.897454545454545,5.897454545454545,0.6021897810218978,0.3978102189781022,109,118
linecfbp_blake_atkinson,linept_kam,Blake Atkinson,Edward Kambour,515,True,0.9414349794055734,0.2796536949021377,0.9453159076040161,0.5984251968503937,3.81073786407767,3.9030873786407763,0.5486381322957199,0.45136186770428016,106,100
linecfbp_john_harris,linept_paynep,John Harris,linepaynep,538,True,0.7898843453675398,0.2796323144643923,0.853138637378269,0.5969868173258004,7.793531598513011,7.856505576208178,0.6226765799256505,0.37732342007434944,128,101
linecfbp_john_harris,linept_laz,John Harris,Laz Index,1051,True,0.9151041969153517,0.2795895835716064,0.928333962690991,0.625,3.8549571836346335,3.924129400570885,0.5299714557564225,0.47002854424357754,200,204
linecfbp_cbcr2_sam,linept_how,CBCR2: Sam,Howell,515,True,0.8480858003300024,0.2792347358685458,0.8876196583059732,0.594758064516129,6.167339805825242,6.167300970873786,0.5166340508806262,0.48336594911937375,111,96
linept_elo,linept_fox,Beck Elo,linefox,2329,True,0.9055896933465625,0.2791403982222229,0.9189923705238867,0.5736537605696485,5.138480034349507,5.138480034349507,0.49096385542168675,0.5090361445783133,489,485
linecfbp_cfb_professor,linecfbp_cfbwe_margin,CFB Professor,CFBWE: Margin,514,True,0.9010960145321211,0.27883367840367124,0.9287050485636673,0.6202783300198808,4.636381322957199,4.636381322957199,0.4843137254901961,0.515686274509804,93,100
linecfbp_room44_bets,massey,Room44 Bets,Massey Ratings,2636,True,0.8948130174190057,0.27849782649375787,0.9223416819364624,0.6060023085802232,4.791016691957511,4.867109256449166,0.5047474363843525,0.49525256361564757,512,530
linecfbp_blake_atkinson,linecfbp_dratings,Blake Atkinson,DRatings,515,True,0.9408554946295564,0.2783988555976025,0.9503532399045291,0.596,3.6231067961165047,3.6231067961165047,0.5296442687747036,0.47035573122529645,103,102
linecfbp_cbcr2_power,moore_ratings,CBCR2: Power,Moore Power Ratings,1061,True,0.8892929554095922,0.2783020825574685,0.9066559521860381,0.5876777251184834,5.554759660697456,5.618982092365693,0.530631479736098,0.46936852026390197,242,194
linecfbp_professor_sides,moore_ratings,Professor Sides,Moore Power Ratings,2630,True,0.9106260884798498,0.27829570668261217,0.9271088607574627,0.6169230769230769,4.753045627376426,4.837669201520913,0.5379047619047619,0.4620952380952381,504,503
linept_elo,linept_kerns,Beck Elo,Stephen Kerns,3896,True,0.8651515358640846,0.2779302087610433,0.8742306293620054,0.6036616812790098,6.349496919917864,6.349496919917864,0.5211918828666838,0.4788081171333162,737,777
linecfbp_sp,moore_ratings,SP+,Moore Power Ratings,2636,True,0.9119670193183129,0.277832840713827,0.9280423879561407,0.5937978560490046,4.761490895295903,4.860974962063732,0.5467325227963525,0.4532674772036474,555,506
harville,linecfbp_beta_rank,David Harville,Beta_Rank,2638,True,0.9068249510849401,0.2777848507726003,0.9200537206151446,0.5854961832061069,5.118802122820318,5.19800606520091,0.5434535104364326,0.45654648956356736,574,523
linecfbp_john_harris,linept_pfz,John Harris,PerformanZ Ratings,1051,True,0.8732233603046544,0.2776825212427733,0.8872229231599755,0.5920542635658915,5.919609895337774,5.935480494766889,0.5537583254043768,0.4462416745956232,203,229
fei,piratings_mean,FEI Projections,Pi-Ratings Mean,3896,True,0.9185581363810063,0.27745412328516783,0.9320131677923621,0.6074619022595901,4.3089502053388085,4.312415297741273,0.48162525879917184,0.5183747412008282,770,748
linept_pfz,linept_wayward,PerformanZ Ratings,Waywardtrends,1559,True,0.865555037623756,0.2772107659696758,0.884659835007323,0.5603337612323491,6.205465041693393,6.205465041693393,0.4646529562982005,0.5353470437017995,359,320
linecfbp_cfb_graphs,linecfbp_tshoe_index,CFB Graphs,TShoe Index,2115,True,0.9029972208555422,0.2770743832553065,0.9259143607045741,0.5905743740795287,4.663309692671396,4.663309692671396,0.48142857142857143,0.5185714285714286,431,432
linecfbp_matt_grissom,moore_ratings,Matt Grissom,Moore Power Ratings,1097,True,0.9109909370541865,0.27706916919780306,0.9246969399452202,0.5876951331496786,4.793655423883318,4.9113217866909755,0.5597082953509571,0.4402917046490428,244,210
harville,linept_fluker,David Harville,Slate Fluker,694,True,0.9461853550246054,0.27701207534842487,0.9544203894237737,0.6174298375184638,3.19157060518732,3.19157060518732,0.4531024531024531,0.5468975468975469,120,140
dokter_entropy,linecfbp_mcillece_sports,Dokter Entropy,McIllece Sports,550,True,0.9341166937969629,0.2769247013241757,0.9382281893987938,0.565377532228361,4.118181818181818,4.209054545454545,0.5328467153284672,0.46715328467153283,111,124
linept_dwig,sagarin_predictor,DP Dwiggins,Sagarin Predictor,3888,True,0.9051221921043042,0.2767324673503619,0.9075076987666534,0.5949973390101118,5.480303497942386,5.480303497942386,0.4541945445187854,0.5458054554812146,752,809
linept_curry,massey,Daniel Curry Index,Massey Ratings,3893,True,0.9073536223888526,0.27669565996931234,0.9089577209990292,0.5812097812097812,5.449422039558181,5.450192653480606,0.47751220765869956,0.5224877923413004,768,830
linept_dunk,sagarin,Dunkel Index,Sagarin Ratings,3472,True,0.9280585035841381,0.27649026345435307,0.9239980519018615,0.6013279445727483,4.81535426267281,4.81535426267281,0.44796771403862784,0.5520322859613721,663,688
linecfbp_cbcr2_sam,piratings_bias,CBCR2: Sam,PI-Rate Bias,515,True,0.9051396516359137,0.27647920003352977,0.9051969046242014,0.5753424657534246,5.425242718446602,5.450485436893204,0.48532289628180036,0.5146771037181996,107,112
linept_talis,sagarin_recent,Talisman Red,Sagarin Recent,3839,True,0.9140173967709929,0.2764636422203281,0.9253067048801816,0.6092404072043853,4.756392289658765,4.756392289658765,0.47822685788787483,0.5217731421121251,767,705
linecfbp_beta_rank,moore_ratings,Beta_Rank,Moore Power Ratings,2637,True,0.8815539054700209,0.2763575140295936,0.9029613606931773,0.582602060282335,5.692609025407661,5.765669321198331,0.49810174639331817,0.5018982536066818,520,570
linecfbp_matt_grissom,linept_bihl,Matt Grissom,Bihl System,555,True,0.917763719954728,0.2762497212853919,0.9388819936126339,0.6229508196721312,3.951945945945946,4.019765765765766,0.5397111913357401,0.4602888086642599,122,83
linecfbp_jp,linept_bill,JP+,Billingsley,2081,True,0.8044676245088956,0.2760942779622762,0.8901638151604697,0.5907766990291262,6.168553580009611,6.198212397885632,0.5343915343915344,0.4656084656084656,440,402
linecfbp_professor_sides,linept_bihl,Professor Sides,Bihl System,1364,True,0.9077841723224436,0.2757709131693054,0.9369128450124029,0.6143597335307179,4.321092375366569,4.434846041055718,0.495964783565664,0.504035216434336,274,258
linept_fox,linept_how,linefox,Howell,2327,True,0.8817916379607114,0.27573164345985324,0.90273601741007,0.5919778699861687,5.718513107004727,5.718513107004727,0.5220489977728285,0.4779510022271715,483,473
linecfbp_oddstrader_ai,linept_wayward,OddsTrader AI,Waywardtrends,503,True,0.9359953353104787,0.2757308405241852,0.955197576617184,0.5744234800838575,3.6733797216699804,3.757316103379722,0.5208747514910537,0.47912524850894633,101,113
linecfbp_dratings,linecfbp_sp,DRatings,SP+,2638,True,0.9362227163163209,0.2756998178179764,0.9434346222303751,0.6019417475728155,4.106633813495073,4.106633813495073,0.4896551724137931,0.5103448275862069,498,533
linecfbp_si_composite,linept_log,SI Composite,Logistic Regression,256,True,0.6238934785730831,0.2756177888051948,0.8464877119086511,0.59375,8.1519921875,8.080195312499999,0.56640625,0.43359375,55,50
congrove,linecfbp_sportsline,Congrove Computer Rankings,SportsLine,1613,True,0.8820306753519723,0.27523201749428905,0.894789462273512,0.6136795440151995,5.823279603223807,5.923862368257905,0.4922504649721017,0.5077495350278983,318,302
linecfbp_wilson_ratings,linept_pfz,Wilson Ratings,PerformanZ Ratings,2591,True,0.8605398140020218,0.2752129359984145,0.8870610295775619,0.5642327215931277,6.195426476263991,6.269359320725589,0.5586872586872587,0.4413127413127413,549,584
linecfbp_beta_rank,linept_big200,Beta_Rank,Big 200,1050,True,0.8733856179996538,0.2751467815353886,0.8832230457644193,0.6023054755043228,6.307952380952381,6.2799523809523805,0.49142857142857144,0.5085714285714286,197,225
linecfbp_power_rank,linecfbp_sp,Power Rank,SP+,2636,True,0.949149545436154,0.275037565512818,0.9537329276803722,0.5709864603481625,3.754666160849772,3.754666160849772,0.5201072386058981,0.47989276139410186,535,573
linecfbp_kford,linept_loud,KFord,Loudsound.org,1552,True,0.7414584304992391,0.27495931495645953,0.8506404766494906,0.5912698412698413,6.853028350515465,6.94909793814433,0.5745784695201037,0.4254215304798962,326,307
linecfbp_sp,linept_fox,SP+,linefox,1532,True,0.926695988535169,0.2748111327430207,0.9329899234640177,0.5938775510204082,4.592121409921671,4.675202349869452,0.5303830911492734,0.46961690885072654,329,295
linecfbp_power_rank,linecfbp_tshoe_index,Power Rank,TShoe Index,2127,True,0.9323198370711062,0.27463459177316984,0.9471585065722643,0.5794621026894865,3.9592853784673254,3.9592853784673254,0.5220692928334124,0.4779307071665876,449,432
linecfbp_trent_sorensen,linept_donchess,Trent Sorensen,Donchess Inference,1051,True,0.7806209645046748,0.2745626797576722,0.8720846852405402,0.5533980582524272,6.615889628924833,6.723501427212178,0.4354066985645933,0.5645933014354066,245,232
harville,linecfbp_ryder_analytics,David Harville,Ryder Analytics,550,True,0.7936919137925913,0.27450053133056196,0.8831907488517377,0.5868372943327239,6.038254545454546,6.0552,0.5636363636363636,0.43636363636363634,115,115
linept_log,sagarin,Logistic Regression,Sagarin Ratings,1908,True,0.5886357753399178,0.27445079724529925,0.8496019773128245,0.5860440713536201,7.700414046121593,7.700414046121593,0.40670859538784065,0.5932914046121593,393,382
linept_wayward,sagarin_recent,Waywardtrends,Sagarin Recent,1559,True,0.9497557082525427,0.27430690886523446,0.9455535273836388,0.6131105398457584,3.9460038486209106,3.9460038486209106,0.49550706033376124,0.5044929396662388,304,290
linecfbp_blake_atkinson,linecfbp_power_rank_free,Blake Atkinson,Power Rank: Free,515,True,0.9418046468961676,0.27401262482147754,0.9512066321563293,0.616600790513834,3.71747572815534,3.71747572815534,0.547945205479452,0.4520547945205479,102,94
linecfbp_tshoe_index,linept_kerns,TShoe Index,Stephen Kerns,2082,True,0.880229350332718,0.27399996970452484,0.8800762143904103,0.6321269211700545,5.936940441882805,6.027756964457253,0.546112988894254,0.45388701110574603,380,395
linept_paynep,piratings,linepaynep,Pi-Ratings,3124,True,0.8757426187605357,0.27367315048975993,0.8946065047079339,0.6038709677419355,5.906075544174136,5.9063956466069145,0.4304932735426009,0.5695067264573991,580,632
linecfbp_dratings,linecfbp_ryder_analytics,DRatings,Ryder Analytics,550,True,0.7908497188449164,0.2735915161412695,0.8812642523054902,0.5985267034990792,6.0485454545454544,6.0485454545454544,0.5758683729433273,0.42413162705667273,119,97
keeper,linept_kam,Keeper,Edward Kambour,3885,True,0.923903152913229,0.27306764773198144,0.9151741071216309,0.5886909372579395,5.2372638352638345,5.2372638352638345,0.4820922442669415,0.5179077557330585,819,748
linecfbp_power_rank_free,piratings_bias,Power Rank: Free,PI-Rate Bias,1579,True,0.9493802112521109,0.27301143279753537,0.939809892348131,0.5571245186136072,4.371785940468651,4.460373654211526,0.5111678366305041,0.48883216336949586,363,335
linecfbp_tshoe_index,linept_loud,TShoe Index,Loudsound.org,2010,True,0.7505435208226032,0.27279113380748204,0.8460526882950464,0.6202399582681273,6.879701492537314,6.940199004975125,0.5506585612968592,0.4493414387031408,368,406
linecfbp_cfb_professor,linecfbp_sp,CFB Professor,SP+,1021,True,0.9290109856163374,0.2727143909021603,0.9417970963497253,0.5854145854145855,4.361704211557296,4.361704211557297,0.48279252704031467,0.5172074729596854,199,219
linecfbp_oddstrader_ai,linecfbp_wilson_ratings,OddsTrader AI,Wilson Ratings,1059,True,0.8766691156927925,0.2725582427814728,0.9103602644454346,0.5895669291338582,5.090462700661001,5.090462700661001,0.4796594134342479,0.5203405865657521,203,227
linecfbp_power_rank,linept_donchess,Power Rank,Donchess Inference,2589,True,0.9438683831361374,0.2725160119323013,0.9607661745507332,0.5733652312599681,3.376643491695636,3.4743337195828503,0.5135135135135135,0.4864864864864865,555,546
linecfbp_professor_sides,linept_pig,Professor Sides,Pigskin Index,2301,True,0.9382672119940294,0.27209218572176663,0.9419932081225352,0.61731843575419,4.141251629726206,4.164806605823555,0.5035056967572304,0.4964943032427695,473,423
linecfbp_cfbwe_margin,linept_kerns,CFBWE: Margin,Stephen Kerns,516,True,0.8433735579365026,0.27207413744188425,0.8957369181242096,0.6294117647058823,5.661492248062015,5.722926356589147,0.546875,0.453125,100,95
keeper,linept_pig,Keeper,Pigskin Index,3434,True,0.9279151703389903,0.2718700419218795,0.9179203488933391,0.5904468412942989,5.196397786837507,5.19610658124636,0.4797080291970803,0.5202919708029197,754,642
congrove,sagarin_predictor,Congrove Computer Rankings,Sagarin Predictor,3942,True,0.9039603827239641,0.271596231280547,0.9199953078442891,0.6070701932858596,4.93529426686961,4.93554794520548,0.4621635347892331,0.5378364652107669,780,741
linecfbp_professor_sides,linept_pfz,Professor Sides,PerformanZ Ratings,2585,True,0.86750935884163,0.27155585851890107,0.889953987415287,0.6062622309197652,6.079969052224372,6.1416247582205035,0.5623547637490317,0.43764523625096824,491,529
linecfbp_david_sasser,sagarin_predictor,David Sasser,Sagarin Predictor,550,True,0.9271481589213685,0.27154612476348194,0.940677265286298,0.5743119266055046,4.166072727272727,4.258690909090909,0.4890909090909091,0.5109090909090909,118,116
linecfbp_david_sasser,linept_kam,David Sasser,Edward Kambour,503,True,0.9213273485533767,0.2714988508831025,0.9261339226471866,0.5875251509054326,4.698349900596422,4.741570576540756,0.5219123505976095,0.47808764940239046,112,98
linept_donchess,linept_wayward,Donchess Inference,Waywardtrends,1559,True,0.9252178755326813,0.2714505154434689,0.9501769531131652,0.5868146214099217,3.8843040410519563,3.8843040410519563,0.5279383429672447,0.4720616570327553,318,316
massey,moore_ratings,Massey Ratings,Moore Power Ratings,3940,True,0.8922773520312962,0.27144814975252,0.9191564961881002,0.5794558860920417,5.171269035532995,5.170380710659899,0.5269035532994923,0.4730964467005076,836,793
espn_fpi,linept_payne,ESPN FPI,linepayne,3124,True,0.8445771464828242,0.27144040238042827,0.8975901754000924,0.6109149277688604,5.669535851472472,5.668735595390525,0.5533482858058315,0.44665171419416855,619,571
linecfbp_beta_rank,linept_curry,Beta_Rank,Daniel Curry Index,2588,True,0.8775403407933834,0.2713718887485214,0.8896751163545858,0.5953307392996109,6.111317619783616,6.147067233384853,0.5015467904098995,0.49845320959010053,502,546
linecfbp_ryder_analytics,linept_donchess,Ryder Analytics,Donchess Inference,503,True,0.8053202455026507,0.27091787532064265,0.8830746404829465,0.5797979797979798,6.034990059642147,6.055268389662027,0.406,0.594,97,118
linept_donchess,linept_elo,Donchess Inference,Beck Elo,3896,True,0.893659006152522,0.270913374369424,0.9305988640585677,0.5685399159663865,4.759229979466119,4.759229979466119,0.5348060621628564,0.4651939378371436,843,807
linecfbp_jp,linept_donchess,JP+,Donchess Inference,2082,True,0.8976186837284803,0.2708365755713267,0.9314723874710685,0.578843302026693,4.556219980787705,4.658381364073007,0.48279205041202133,0.5172079495879787,457,422
linecfbp_sp,linept_pig,SP+,Pigskin Index,2307,True,0.9393799716371265,0.2707479435262903,0.9426527293437196,0.5924038906901343,4.202665799739922,4.269167750325098,0.5164113785557987,0.48358862144420134,517,429
linecfbp_oddstrader_ai,linept_curry,OddsTrader AI,Daniel Curry Index,1017,True,0.8838972758294268,0.27073729660854945,0.8956685272532697,0.556910569105691,5.785880039331366,5.80330383480826,0.5024582104228122,0.4975417895771878,220,238
fei,linept_kerns,FEI Projections,Stephen Kerns,3896,True,0.8647702004680687,0.2707227411015711,0.874345437818475,0.6224303929221962,6.156044661190965,6.159253080082134,0.5347758887171561,0.4652241112828439,716,729
linept_born,linept_laz,Born Power Index,Laz Index,3131,True,0.9264919477278485,0.2705189058830493,0.911745300139828,0.5879718490083173,5.07590226764612,5.07590226764612,0.47380191693290735,0.5261980830670927,619,647
espn_fpi,linecfbp_blake_atkinson,ESPN FPI,Blake Atkinson,515,True,0.9494445944529687,0.2703985352660317,0.9567064440295471,0.6067193675889329,3.289669902912621,3.4160388349514568,0.46601941747572817,0.5339805825242718,91,111
linecfbp_cfbwe_margin,sagarin_recent,CFBWE: Margin,Sagarin Recent,516,True,0.910802809619236,0.27038717381281546,0.9343110064789343,0.6031434184675835,4.441705426356589,4.443875968992248,0.5320388349514563,0.4679611650485437,103,99
linecfbp_beta_rank,linecfbp_sv_bettor,Beta_Rank,SV Bettor,507,True,0.8632616163629561,0.2702739594426585,0.8815833861816529,0.5987654320987654,6.422879684418146,6.422879684418146,0.4532803180914513,0.5467196819085487,101,101
linecfbp_cfb_professor,linecfbp_cfbwe,CFB Professor,CFBWE,514,True,0.9111158832468487,0.27023353932593525,0.9336084963040753,0.545816733067729,4.725486381322957,4.725486381322957,0.4911937377690802,0.5088062622309197,105,122
linecfbp_oddstrader_ai,linecfbp_pearatings,OddsTrader AI,PEARatings,547,True,0.9521643717528092,0.2699842939357779,0.9585435033833823,0.5308880308880309,3.538025594149909,3.538025594149909,0.5083179297597042,0.49168207024029575,123,128
linecfbp_wilson_ratings,piratings_mean,Wilson Ratings,Pi-Ratings Mean,2638,True,0.9363381862328729,0.2697559178382434,0.9409956875816112,0.5899922420480993,4.197839272175891,4.287073540561031,0.49539524174980815,0.5046047582501919,560,530
keeper,piratings_bias,Keeper,PI-Rate Bias,3934,True,0.9233042268243397,0.26974417029164766,0.9161863630196839,0.5775154004106776,5.19892730045755,5.199181494661922,0.47377800407331977,0.5262219959266803,838,798
congrove,massey,Congrove Computer Rankings,Massey Ratings,3942,True,0.8886129973455668,0.2696830875471634,0.9088273033390802,0.596236969234681,5.369845256215119,5.368830542871639,0.48286367098248284,0.5171363290175172,794,766
keeper,linept_paynep,Keeper,linepaynep,3115,True,0.8730693441395756,0.2695660705625693,0.8760617426184907,0.6291049581455248,6.139640449438203,6.139640449438202,0.5086760925449871,0.49132390745501286,604,531
linept_born,sagarin_predictor,Born Power Index,Sagarin Predictor,3133,True,0.9426588751680068,0.26932392162996954,0.9279254471845747,0.59456,4.751238429620172,4.751238429620172,0.47011824864173857,0.5298817513582614,615,634
linept_paynewl,linept_pfz,linepaynewl,PerformanZ Ratings,3124,True,0.7443503406825956,0.26929084569187606,0.8260682902682408,0.5955740859525337,7.968495518565942,7.968495518565942,0.4891095451633568,0.5108904548366432,604,635
espn_fpi,linept_clean,ESPN FPI,Cleanup Hitter,3855,True,0.7686949149216271,0.26901773454395833,0.8722531735523011,0.5861333333333333,6.799478599221789,6.799348897535667,0.564495198546587,0.4355048014534129,801,765
linecfbp_cbcr2_sam,linecfbp_room44_bets,CBCR2: Sam,Room44 Bets,515,True,0.8933409943061987,0.2689919919242023,0.9109064157951847,0.6027397260273972,5.18,5.18,0.486328125,0.513671875,95,101
linecfbp_cfb_professor,linept_fox,CFB Professor,linefox,1015,True,0.9243607647656107,0.26885576697778196,0.9267681843449637,0.6012269938650306,4.807743842364532,4.838049261083744,0.49751737835153925,0.5024826216484608,193,202
linept_kerns,linept_round,Stephen Kerns,lineround,2105,True,0.8308969224237592,0.2688086246797636,0.8758956448920424,0.5885518590998043,6.365387173396675,6.365387173396675,0.5066793893129771,0.4933206106870229,431,420
linecfbp_jp,linecfbp_sp,JP+,SP+,2129,True,0.9108729141721019,0.26875052633147856,0.9229454631726134,0.5813397129186603,4.871817754814466,4.871817754814466,0.49244570349386213,0.5075542965061378,443,432
linecfbp_cbcr2_sam,linecfbp_tshoe_index,CBCR2: Sam,TShoe Index,515,True,0.8776182112103311,0.26866275040277615,0.8980543331149777,0.587890625,5.558834951456311,5.558834951456311,0.516504854368932,0.48349514563106794,106,102
linecfbp_tshoe_index,linept_rwp,TShoe Index,Laffaye RWP,2033,True,0.854498685219995,0.2686463472579779,0.8909619172459408,0.6114488348530902,5.774869650762421,5.830767338908018,0.5494830132939439,0.4505169867060561,396,395
keeper,linecfbp_matt_grissom,Keeper,Matt Grissom,1098,True,0.9375563059142007,0.26864056940212944,0.9266959792086469,0.5849403122130394,4.661867030965392,4.754417122040073,0.4575342465753425,0.5424657534246575,220,236
linept_payne,moore_ratings,linepayne,Moore Power Ratings,3122,True,0.8299397834951069,0.26853455103055235,0.8817537960583719,0.6125,6.109497117232543,6.109657270980141,0.49695219762592235,0.5030478023740776,595,593
linept_paynewl,moore_ratings,linepaynewl,Moore Power Ratings,3122,True,0.7612826312846763,0.2683845650169897,0.8499654019250185,0.5930083386786401,7.337379884689302,7.3375400384369,0.45705128205128204,0.5429487179487179,625,624
fei,linept_clean,FEI Projections,Cleanup Hitter,3855,True,0.7358084609359322,0.26777997661560893,0.8587537633326836,0.5607853684776761,7.224233463035019,7.227476005188067,0.5583703316792896,0.4416296683207104,849,818
linecfbp_sp,linecfbp_wilson_ratings,SP+,Wilson Ratings,2638,True,0.9265862189500584,0.2677608067642345,0.9357268114059719,0.5783365570599613,4.452160727824109,4.452160727824109,0.5126243305279266,0.48737566947207345,572,526
linecfbp_cfb_professor,linept_talis,CFB Professor,Talisman Red,982,True,0.8986343766541065,0.2676822456654868,0.9145228101746029,0.580082135523614,5.180967413441954,5.261109979633401,0.5045871559633027,0.4954128440366973,177,229
linept_born,linept_round,Born Power Index,lineround,2103,True,0.8668505862457949,0.2674624026673304,0.8914757826596895,0.5889809848854217,6.035454113171659,6.035454113171659,0.5069014754878629,0.4930985245121371,429,424
linecfbp_kford,linept_payne,KFord,linepayne,1053,True,0.8111270978450296,0.26736430646152687,0.8765760029861781,0.6113243761996161,6.347293447293448,6.415346628679962,0.5944919278252612,0.40550807217473883,231,192
espn_fpi,linept_fluker,ESPN FPI,Slate Fluker,694,True,0.9538443621385375,0.26659646704961343,0.9577992519557433,0.5893648449039882,3.139135446685879,3.139135446685879,0.4668587896253602,0.5331412103746398,125,155
linecfbp_power_rank,linept_rwp,Power Rank,Laffaye RWP,2504,True,0.8367277982379411,0.26655868817079814,0.9030201156060857,0.5851192883137889,5.5448841853035145,5.577344249201278,0.5581302437075509,0.44186975629244907,522,511
linecfbp_beta_rank,linept_argh,Beta_Rank,Argh Ratings,2088,True,0.8764016271809337,0.2664818027680599,0.8976923309190074,0.586880320480721,5.989463601532567,6.031369731800766,0.4913378248315688,0.5086621751684312,423,436
linecfbp_si_composite,piratings_bias,SI Composite,PI-Rate Bias,505,True,0.9515200174585527,0.26629939160962834,0.9454862426535291,0.561122244488978,4.300831683168317,4.29390099009901,0.5209580838323353,0.47904191616766467,111,112
linecfbp_blake_atkinson,linept_round,Blake Atkinson,lineround,312,True,0.8528670429692563,0.2662818738916366,0.8950014351664769,0.5960264900662252,5.407692307692308,5.4743589743589745,0.567741935483871,0.432258064516129,67,59
linept_paynep,linept_pfz,linepaynep,PerformanZ Ratings,3124,True,0.8239135435007441,0.2662019954697135,0.8550546870624486,0.6289650752963794,6.949087708066582,6.949087708066582,0.5068844060198527,0.4931155939801473,542,593
linecfbp_sp,piratings_bias,SP+,PI-Rate Bias,2638,True,0.9382890621924562,0.26617853628493127,0.9393174163099188,0.5819230769230769,4.363893100833965,4.45336239575436,0.5189292543021032,0.48107074569789676,584,524
linept_dwig,sagarin,DP Dwiggins,Sagarin Ratings,3888,True,0.9049190532684317,0.2660945634756818,0.907904733645955,0.5888770622671634,5.458359053497942,5.458359053497942,0.4514800514800515,0.5485199485199486,767,817
linecfbp_sv_bettor,linept_clean,SV Bettor,Cleanup Hitter,507,True,0.7256060383494125,0.26597429787054466,0.870776261880256,0.5852631578947368,7.301341222879684,7.388126232741617,0.5415821501014199,0.45841784989858014,106,107
linecfbp_cfbwe_margin,linept_curry,CFBWE: Margin,Daniel Curry Index,513,True,0.9005594470673528,0.265716410794715,0.9078817234373766,0.6122047244094488,5.586978557504874,5.579181286549709,0.5146771037181996,0.48532289628180036,98,99
harville,linecfbp_cfb_graphs,David Harville,CFB Graphs,2128,True,0.9102128475436684,0.2656826891096523,0.9354488287609131,0.5968660968660968,4.321047932330827,4.398078007518797,0.5228235294117647,0.4771764705882353,439,417
linecfbp_cfb_professor,linecfbp_cfbwe_average,CFB Professor,CFBWE: Average,514,True,0.9098888517362372,0.26565506017768026,0.9311804651759322,0.567193675889328,4.82976653696498,4.82976653696498,0.4931506849315068,0.5068493150684932,100,116
linecfbp_power_rank,piratings,Power Rank,Pi-Ratings,2636,True,0.9499232150013337,0.2655470146619949,0.9498117109328121,0.5780525502318392,3.9375796661608495,4.005751138088012,0.5472636815920398,0.4527363184079602,567,538
espn_fpi,linecfbp_room44_bets,ESPN FPI,Room44 Bets,2636,True,0.9157688204196303,0.2647990755813838,0.9356621726733494,0.5781370284834488,4.422120637329287,4.544237481031867,0.5241169768325105,0.47588302316748954,550,560
linecfbp_pearatings,linept_dunk,PEARatings,Dunkel Index,434,True,0.918163739388502,0.2647774996287826,0.922560478201767,0.5986078886310905,4.831751152073733,4.901198156682027,0.5645161290322581,0.43548387096774194,95,77
linecfbp_tshoe_index,massey,TShoe Index,Massey Ratings,2127,True,0.9107923031558521,0.2647491870679005,0.9311681067021674,0.5755082284607939,4.58872590503056,4.655195110484249,0.4943502824858757,0.5056497175141242,427,486
linept_paynep,sagarin_recent,linepaynep,Sagarin Recent,3124,True,0.869491563806043,0.26435215659366035,0.8916093893237038,0.6179018286814244,5.800985915492958,5.800985915492958,0.4497439180537772,0.5502560819462228,571,603
linecfbp_cfb_professor,linecfbp_cfbwe_rounded,CFB Professor,CFBWE: Rounded,514,True,0.9102965605949536,0.2643271575263322,0.933378711525022,0.5599173553719008,4.72568093385214,4.72568093385214,0.4980392156862745,0.5019607843137255,105,117
linept_bill,linept_fluker,Billingsley,Slate Fluker,694,True,0.9091912065900816,0.2643257960771982,0.928593716733694,0.6189069423929099,4.463674351585015,4.463674351585015,0.4588744588744589,0.5411255411255411,133,125
linept_paynep,piratings_bias,linepaynep,PI-Rate Bias,3124,True,0.8776775047797404,0.2642366398885307,0.8926700367373789,0.5993548387096774,5.939571062740077,5.939891165172856,0.44174135723431496,0.558258642765685,587,643
fei,linecfbp_sp,FEI Projections,SP+,2591,True,0.9116512517096025,0.2641922824686588,0.9269027734277544,0.5935534591194969,4.506082593593208,4.622323427248167,0.4860031104199067,0.5139968895800933,518,536
linecfbp_cfb_victory,linept_talis,CFB Victory,Talisman Red,1048,True,0.8559704988802266,0.26405122000099956,0.8782810676167245,0.601161665053243,6.252213740458015,6.340916030534352,0.4818355640535373,0.5181644359464627,214,206
harville,linept_kerns,David Harville,Stephen Kerns,3896,True,0.8843855015932426,0.2636870925114053,0.8865072204359147,0.5858247422680413,6.007079055441479,6.007079055441479,0.5531587057010786,0.44684129429892144,780,798
harville,linept_cather,David Harville,linecather,923,True,0.9327588082938784,0.26356321475897226,0.9216496703915232,0.5830508474576271,4.943889490790899,4.943889490790899,0.5739130434782609,0.4260869565217391,210,171
linecfbp_dratings,moore_ratings,DRatings,Moore Power Ratings,2636,True,0.9028722474916668,0.2634833779682758,0.9269841955990007,0.5912942989214176,4.79796282245827,4.876726100151745,0.537613981762918,0.4623860182370821,544,530
espn_fpi,piratings,ESPN FPI,Pi-Ratings,3943,True,0.9414912188679149,0.26348336136007,0.9454424167682518,0.5978483606557377,3.9801344154197307,3.979753994420492,0.5223463687150838,0.4776536312849162,786,774
linept_payne,linept_super,linepayne,linesuper,769,True,0.938981826253848,0.2634141054994469,0.8199734238697626,0.6205997392438071,8.623276983094927,8.623276983094927,0.5786736020806242,0.4213263979193758,132,154
linept_payne,teamrankings,linepayne,TeamRankings.com,3124,True,0.8575590226771116,0.2633585547410399,0.8976655712399457,0.6258945998698764,5.595358514724711,5.595358514724711,0.4463656740313801,0.55363432596862,564,583
linecfbp_beta_rank,sagarin,Beta_Rank,Sagarin Ratings,2638,True,0.907362284915211,0.26334174875900407,0.9206929635583905,0.5828877005347594,5.0936012130401815,5.163222137983321,0.4520288206295032,0.5479711793704968,516,580
linecfbp_cfbwe_rounded,linecfbp_professor_sides,CFBWE: Rounded,Professor Sides,515,True,0.9491705839596518,0.26324690453896654,0.9515545976403362,0.5738045738045738,3.964854368932039,3.964854368932039,0.5048923679060665,0.49510763209393344,120,98
linecfbp_mcillece_sports,sagarin_golden_mean,McIllece Sports,Sagarin Golden Mean,550,True,0.9188482921291575,0.2628915962468405,0.9252762004390597,0.6095764272559853,4.440472727272727,4.510290909090909,0.4908759124087591,0.5091240875912408,117,103
linept_log,linept_payne,Logistic Regression,linepayne,1552,True,0.5318385170375447,0.26269100382953164,0.8112990270881131,0.6099290780141844,8.60632731958763,8.60632731958763,0.4410058027079304,0.5589941972920697,302,296
harville,linecfbp_oddstrader_ai,David Harville,OddsTrader AI,1064,True,0.8876660779637818,0.26265281662533674,0.9167794107849605,0.5881782945736435,4.859454887218045,4.9193421052631585,0.5310150375939849,0.46898496240601506,226,215
linecfbp_cfb_professor,linept_pig,CFB Professor,Pigskin Index,1022,True,0.930240694711938,0.2625326707667215,0.9388761375362608,0.6111696522655427,4.394823874755382,4.388052837573386,0.5,0.5,203,200
linecfbp_cfbwe_talent,linecfbp_room44_bets,CFBWE: Talent,Room44 Bets,515,True,0.7597562640498466,0.26233403993295085,0.8667839814438464,0.6,6.946990291262136,6.946990291262136,0.4609375,0.5390625,104,97
linecfbp_cbcr2_power,linept_how,CBCR2: Power,Howell,1063,True,0.8675145172822436,0.2621145605631135,0.8935824653863437,0.5837414299706171,6.073010348071495,6.116942615239887,0.5175355450236967,0.4824644549763033,250,200
linecfbp_professor_sides,linept_cather,Professor Sides,linecather,625,True,0.9346419158168149,0.2619388000012176,0.9299991067765156,0.596964586846543,4.820800000000001,4.8496,0.5627009646302251,0.43729903536977494,134,120
linecfbp_dratings,linept_fox,DRatings,linefox,1532,True,0.9307920115439174,0.2615710928717818,0.9316937338821941,0.6184931506849315,4.617708877284596,4.667878590078328,0.5333333333333333,0.4666666666666667,299,289
linecfbp_cbcr2_power,linept_argh,CBCR2: Power,Argh Ratings,1063,True,0.8899794912543538,0.26130048107988435,0.901803049655951,0.581532416502947,5.675870178739417,5.725917215428034,0.5094876660341556,0.4905123339658444,248,204
linecfbp_jp,linecfbp_oddstrader_ai,JP+,OddsTrader AI,1059,True,0.8637216367800593,0.260953508313832,0.9004593823586008,0.6017699115044248,5.455335221907459,5.455335221907459,0.5180608365019012,0.48193916349809884,225,192
linecfbp_oddstrader_ai,linept_talis,OddsTrader AI,Talisman Red,1016,True,0.8881317232110356,0.260921338721107,0.9014847249924662,0.5483214649033571,5.545708661417323,5.587795275590551,0.46358267716535434,0.5364173228346457,206,247
linecfbp_si_composite,linept_how,SI Composite,Howell,503,True,0.8692893772296998,0.26088737820245844,0.916663400248988,0.6,5.458866799204772,5.444552683896621,0.5050301810865191,0.4949698189134809,99,101
linecfbp_oddstrader_ai,linept_paynep,OddsTrader AI,linepaynep,514,True,0.8357753002814897,0.2608628220292513,0.8599359912998503,0.5849802371541502,7.076420233463034,7.163579766536965,0.45330739299610895,0.546692607003891,103,107
linecfbp_tshoe_index,linept_dunk,TShoe Index,Dunkel Index,1806,True,0.8900802806312743,0.26085830086518774,0.9042626877104585,0.5821917808219178,5.415758582502769,5.449401993355481,0.5382059800664452,0.46179401993355484,389,376
linecfbp_beta_rank,linecfbp_cbcr2_sam,Beta_Rank,CBCR2: Sam,515,True,0.8769686539586106,0.26077678856676034,0.8973583737680877,0.547244094488189,5.8267961165048545,5.8267961165048545,0.484375,0.515625,100,126
linecfbp_cfbwe,linecfbp_professor_sides,CFBWE,Professor Sides,515,True,0.9490268761130658,0.26057704746153765,0.9510392686691153,0.5571142284569138,3.9702912621359223,3.9702912621359223,0.5088408644400786,0.4911591355599214,127,100
congrove,sagarin_golden_mean,Congrove Computer Rankings,Sagarin Golden Mean,3942,True,0.8934612674312938,0.2600885412131282,0.9129119157182654,0.5993899339095069,5.129249112125825,5.129502790461695,0.4703045685279188,0.5296954314720812,791,756
linecfbp_jp,linecfbp_matt_grissom,JP+,Matt Grissom,1098,True,0.914771087721876,0.25974211433525213,0.9250450954241461,0.5783132530120482,4.742258652094717,4.742258652094717,0.48114075436982523,0.5188592456301748,237,226
linecfbp_si_composite,linept_paynep,SI Composite,linepaynep,505,True,0.917757086576296,0.25959981983937175,0.9204527264874806,0.6434262948207171,4.928633663366337,4.9579801980198015,0.502970297029703,0.497029702970297,88,93
linecfbp_sportsline,linecfbp_tshoe_index,SportsLine,TShoe Index,1609,True,0.8908405968480461,0.25945976605805093,0.9113116791060485,0.6001304631441617,5.315537600994407,5.315537600994407,0.48205128205128206,0.517948717948718,321,319
linept_big200,teamrankings,Big 200,TeamRankings.com,1558,True,0.8999265047787824,0.259428230613021,0.9068727849360535,0.607421875,5.424383825417202,5.424383825417202,0.457931920359666,0.542068079640334,318,291
dokter_entropy,linecfbp_jp,Dokter Entropy,JP+,2129,True,0.9164159604368713,0.2593446352892784,0.9345057132245032,0.586863398381723,4.475129168623766,4.56817754814467,0.5251764705882352,0.4748235294117647,428,448
linecfbp_pearatings,linept_fluker,PEARatings,Slate Fluker,468,True,0.9470201595164899,0.25932653869467437,0.9511201350926177,0.6319290465631929,2.8888247863247862,3.0869017094017095,0.4794816414686825,0.5205183585313174,81,104
linept_clean,linept_fox,Cleanup Hitter,linefox,2329,True,0.8386017261090551,0.2592777002574152,0.8650867175387678,0.578875171467764,7.000837269214255,7.000837269214255,0.4471939902783915,0.5528060097216085,486,487
dokter_entropy,linept_how,Dokter Entropy,Howell,3893,True,0.885286064266905,0.25912605123191107,0.9177864717728339,0.5663551401869159,5.259252504495248,5.259252504495248,0.5437467833247556,0.4562532166752445,856,812
linept_donchess,linept_fox,Donchess Inference,linefox,2329,True,0.9314715115702557,0.25911344207397347,0.9348244386238153,0.6102003642987249,4.505671962215542,4.505671962215542,0.5386631716906947,0.4613368283093054,475,434
linept_kam,linept_payne,Edward Kambour,linepayne,3122,True,0.8517441250608917,0.2590805215453298,0.8876203551965243,0.5700994546037856,6.225576553491352,6.225576553491352,0.5326923076923077,0.4673076923076923,651,667
linept_donchess,moore_ratings,Donchess Inference,Moore Power Ratings,3893,True,0.9089246399957991,0.2589407162715811,0.9299650424276518,0.5888684694145445,4.702596968918573,4.702468533264835,0.5419023136246787,0.45809768637532133,794,780
linept_fluker,piratings_bias,Slate Fluker,PI-Rate Bias,694,True,0.9467627955256789,0.2589246496703176,0.9376498558955983,0.6053412462908012,4.055072046109511,4.055072046109511,0.5953757225433526,0.4046242774566474,149,122
dokter_entropy,linept_argh,Dokter Entropy,Argh Ratings,3134,True,0.8979520698607074,0.2588157080283259,0.9265029814532567,0.571523619427811,4.924993618379069,4.924993618379069,0.5407739047009914,0.45922609529900865,685,642
linecfbp_mcillece_sports,linecfbp_sp,McIllece Sports,SP+,550,True,0.9174809695020191,0.25873791443546246,0.9230219642998052,0.5885608856088561,4.736363636363636,4.736363636363636,0.4870848708487085,0.5129151291512916,113,107
linecfbp_trent_sorensen,linept_bill,Trent Sorensen,Billingsley,1051,True,0.7148834602754588,0.25860996094600597,0.8399861450387822,0.5775862068965517,7.427935299714558,7.478458610846813,0.46476190476190476,0.5352380952380953,231,217
linecfbp_ryder_analytics,linept_loud,Ryder Analytics,Loudsound.org,503,True,0.5480264250649689,0.2584687670058348,0.787900804280499,0.556237218813906,8.547912524850895,8.53399602385686,0.5289421157684631,0.47105788423153694,108,118
linecfbp_professor_sides,linept_how,Professor Sides,Howell,2583,True,0.8861702478814103,0.258414878779493,0.910812102378261,0.6165991902834008,5.416968641114983,5.466856368563685,0.537651190011705,0.462348809988295,505,498
linept_big200,sagarin,Big 200,Sagarin Ratings,1558,True,0.9001964448109384,0.2583569281699241,0.9059765449935143,0.594855305466238,5.4181065468549425,5.4181065468549425,0.4463712267180475,0.5536287732819525,316,302
dokter_entropy,linept_wayward,Dokter Entropy,Waywardtrends,1559,True,0.9442143272820875,0.258162528492032,0.9529081717799182,0.5898261429491307,3.6959717767799876,3.6959717767799867,0.5323925593329057,0.4676074406670943,323,301
linecfbp_jp,linept_payne,JP+,linepayne,1569,True,0.7943835669343617,0.2580196064484195,0.875408500777284,0.6037371134020618,6.553887826641172,6.579216061185469,0.5544933078393881,0.44550669216061184,342,286
linecfbp_beta_rank,linecfbp_power_rank_free,Beta_Rank,Power Rank: Free,1578,True,0.8981649602576665,0.25781150139984055,0.916218818169037,0.5938303341902313,5.237642585551331,5.237642585551331,0.4656050955414013,0.5343949044585987,282,350
linept_bill,linept_talis,Billingsley,Talisman Red,3838,True,0.8599177820489118,0.257524351055072,0.8875292901813988,0.5662148070907195,6.223256904637832,6.223256904637832,0.485006518904824,0.5149934810951761,799,837
linecfbp_tshoe_index,linept_pig,TShoe Index,Pigskin Index,1798,True,0.9292040656088996,0.2574817061777108,0.9340413211069337,0.5874924834636199,4.490862068965517,4.547080088987764,0.5022805017103763,0.4977194982896237,403,352
keeper,linept_curry,Keeper,Daniel Curry Index,3884,True,0.8984334974487036,0.2574005955845462,0.8934330222873611,0.5815694372741352,5.880702883625129,5.880445417095778,0.508496395468589,0.4915036045314109,831,759
linecfbp_oddstrader_ai,linept_how,OddsTrader AI,Howell,1017,True,0.8386874471657292,0.257311387315368,0.8829222853802231,0.5905263157894737,5.992645034414946,6.04574237954769,0.4902962206332993,0.5097037793667007,194,222
linecfbp_sv_bettor,linept_paynep,SV Bettor,linepaynep,507,True,0.8884311313028843,0.25682047704787586,0.8957192681449099,0.5749486652977412,6.094082840236687,6.16516765285996,0.48221343873517786,0.5177865612648221,103,115
fei,linecfbp_cfb_geek,FEI Projections,CFB Geek,2075,True,0.9029306650828639,0.2567521725062895,0.9189514689918546,0.6065654091131798,4.582669879518072,4.685397590361446,0.49148418491484186,0.5085158150851582,413,411
linecfbp_cfb_professor,piratings,CFB Professor,Pi-Ratings,1022,True,0.9227620116464718,0.2566879290353557,0.9363457914409353,0.5892323030907278,4.456722113502936,4.481497064579257,0.4891518737672584,0.5108481262327417,202,212
linept_payne,piratings_mean,linepayne,Pi-Ratings Mean,3124,True,0.854353340080909,0.25649394711591017,0.8938887399257024,0.581629341123012,5.993950064020486,5.9936299615877076,0.4481101857783472,0.5518898142216528,639,650
linept_argh,linept_curry,Argh Ratings,Daniel Curry Index,3132,True,0.8905898699344881,0.2564280120626875,0.8904555266372532,0.5942895086321381,6.0067177522349935,6.0067177522349935,0.5059086553816672,0.4940913446183328,621,636
linecfbp_room44_bets,linept_fluker,Room44 Bets,Slate Fluker,468,True,0.9383467628699143,0.256297215027055,0.9427492912397043,0.5666666666666667,3.63232905982906,3.745363247863248,0.48812095032397407,0.5118790496760259,97,106
linecfbp_professor_sides,linept_talis,Professor Sides,Talisman Red,2542,True,0.9122341379342127,0.2561528038262635,0.9216636009651065,0.5816082802547771,4.899779701022816,4.98051140833989,0.5139818826309571,0.48601811736904293,506,554
linecfbp_blake_atkinson,linept_bihl,Blake Atkinson,Bihl System,297,True,0.9210722851936237,0.25608538872199443,0.9537562707616334,0.5958904109589042,3.7050505050505054,3.9406060606060604,0.5574324324324325,0.44256756756756754,65,55
linecfbp_power_rank,linept_laz,Power Rank,Laz Index,2588,True,0.9068192656957561,0.25595087746749334,0.9373867411292548,0.5656763096168882,4.1299690880989175,4.2037789799072645,0.5290023201856149,0.4709976798143852,545,567
linecfbp_beta_rank,teamrankings,Beta_Rank,TeamRankings.com,2638,True,0.9091529011743943,0.25588516962278823,0.9223385412478456,0.5779497098646035,5.070314632297196,5.138502653525398,0.4471172203130966,0.5528827796869034,516,586
moore_ratings,piratings_mean,Moore Power Ratings,Pi-Ratings Mean,3940,True,0.9132668878320934,0.2557757667405376,0.9285466283344795,0.5861625514403292,4.761317258883249,4.761444162436549,0.462671406805485,0.537328593194515,810,798
linept_big200,linept_wayward,Big 200,Waywardtrends,1558,True,0.8935783455272632,0.25564427632686454,0.8985347815567967,0.5880462724935732,5.729672657252888,5.729672657252888,0.4787917737789203,0.5212082262210797,334,297
harville,linecfbp_sportsratings,David Harville,SportsRatings,550,True,0.9431470009385463,0.25563130864504874,0.9090423255636441,0.5978062157221207,5.010945454545455,5.054327272727273,0.5163636363636364,0.48363636363636364,101,121
dokter_entropy,linecfbp_sv_bettor,Dokter Entropy,SV Bettor,507,True,0.8911629565334824,0.2554222707179249,0.9253392585609159,0.5723140495867769,5.204260355029586,5.304536489151873,0.504930966469428,0.49506903353057197,115,102
linecfbp_beta_rank,linept_round,Beta_Rank,lineround,1325,True,0.8417481338082087,0.25540860424763484,0.8785669058575337,0.5811232449297972,6.530867924528303,6.533735849056605,0.5200605601816806,0.47993943981831944,286,264
linecfbp_professor_sides,sagarin_golden_mean,Professor Sides,Sagarin Golden Mean,2632,True,0.9299985489609165,0.255235057603069,0.9402013918523199,0.5975375144286263,4.2274088145896656,4.287462006079028,0.5070368961582351,0.49296310384176495,534,538
linept_fox,linept_paynep,linefox,linepaynep,2329,True,0.8994150250981033,0.2551621673649898,0.9088336423315213,0.5904042647712128,5.4544182052383,5.4544182052383,0.5206362854686156,0.4793637145313844,470,472
linept_dunk,linept_kerns,Dunkel Index,Stephen Kerns,3472,True,0.8543090262766736,0.2549313320319479,0.8687956103641251,0.5876229034123771,6.548211405529954,6.548211405529954,0.5149942329873126,0.48500576701268744,695,709
linept_kerns,teamrankings,Stephen Kerns,TeamRankings.com,3896,True,0.8809477734791895,0.2548976141925618,0.8885990705722941,0.6079456351280711,5.862951745379877,5.862951745379877,0.4352090862157976,0.5647909137842023,757,745
linept_kerns,sagarin_recent,Stephen Kerns,Sagarin Recent,3896,True,0.8705320675963255,0.2548431822555947,0.8797149510750961,0.5905572755417957,6.15570841889117,6.15570841889117,0.45620344207552016,0.5437965579244798,801,767
linecfbp_tshoe_index,linept_donchess,TShoe Index,Donchess Inference,2082,True,0.9267781552546802,0.25469459088473695,0.9418665330518519,0.5938600905888274,4.167612872238233,4.271599423631123,0.47637603507062837,0.5236239649293717,414,440
linecfbp_cfb_graphs,linecfbp_david_sasser,CFB Graphs,David Sasser,545,True,0.8964925528910188,0.2545879968194823,0.9182205351605578,0.5797373358348968,4.927339449541285,4.927339449541285,0.4454713493530499,0.5545286506469501,94,134
espn_fpi,linecfbp_cfbwe_talent,ESPN FPI,CFBWE: Talent,516,True,0.7981480195319122,0.25454974778031264,0.8807984376158063,0.541015625,6.687325581395348,6.708798449612402,0.5523255813953488,0.4476744186046512,117,113
linecfbp_matt_grissom,linecfbp_mcillece_sports,Matt Grissom,McIllece Sports,550,True,0.9179387988062382,0.2544065694279381,0.9223182992313103,0.5703703703703704,4.6579999999999995,4.6579999999999995,0.5211009174311927,0.47889908256880737,114,119
piratings,sagarin_recent,Pi-Ratings,Sagarin Recent,3943,True,0.9257627536666811,0.25437699362971405,0.9334997890243205,0.592469262295082,4.362574182094852,4.3628277960943445,0.5001269357705002,0.4998730642294999,794,781
linept_elo,teamrankings,Beck Elo,TeamRankings.com,3896,True,0.9173093488872949,0.25429720711712517,0.9335152436122226,0.5988523735002608,4.61093429158111,4.61093429158111,0.4617360041088855,0.5382639958911145,759,787
linept_kerns,linept_laz,Stephen Kerns,Laz Index,3894,True,0.8644860301127928,0.2542341957342156,0.8695166171742001,0.6213567191127161,6.008359013867488,6.008359013867488,0.4497558468260087,0.5502441531739912,712,739
linecfbp_david_sasser,linecfbp_sportsline,David Sasser,SportsLine,550,True,0.8835358678150681,0.25423199764710214,0.9044867391469585,0.6090225563909775,5.492909090909091,5.492909090909091,0.544954128440367,0.45504587155963305,117,95
linept_fluker,teamrankings,Slate Fluker,TeamRankings.com,694,True,0.9627601364068217,0.25371744179335576,0.9626800289948498,0.6452095808383234,2.709149855907781,2.709149855907781,0.5422740524781341,0.4577259475218659,129,115
linecfbp_kford,linept_bill,KFord,Billingsley,1566,True,0.867804611412147,0.2535238603712678,0.909426977692857,0.5760309278350515,5.440893997445721,5.459770114942529,0.5626598465473146,0.4373401534526854,348,319
linecfbp_oddstrader_ai,linecfbp_sp,OddsTrader AI,SP+,1059,True,0.8923894354578887,0.2534933362305101,0.9107533793110695,0.5690499510284035,5.1408876298394715,5.1408876298394715,0.4776403425309229,0.5223596574690771,203,250
linecfbp_cfb_graphs,linept_wayward,CFB Graphs,Waywardtrends,1051,True,0.8891228999690358,0.2534447843103178,0.9191181130479685,0.611911623439001,4.79592768791627,4.892597526165558,0.45714285714285713,0.5428571428571428,185,234
linecfbp_power_rank,teamrankings,Power Rank,TeamRankings.com,2636,True,0.9629372375045719,0.2530962249966645,0.965037923898474,0.5590979782270606,3.29461684370258,3.3626365705614565,0.5120274914089347,0.4879725085910653,570,579
linecfbp_cbcr2_sam,piratings,CBCR2: Sam,Pi-Ratings,515,True,0.9001983781254004,0.2530315153316655,0.9074680410129752,0.580078125,5.38990291262136,5.415533980582524,0.48249027237354086,0.5175097276264592,102,115
linecfbp_oddstrader_ai,linept_argh,OddsTrader AI,Argh Ratings,514,True,0.8191347589801213,0.25276620500516445,0.8608803003929119,0.6061224489795919,6.787451361867705,6.877918287937743,0.4321503131524008,0.5678496868475992,104,97
linecfbp_beta_rank,sagarin_recent,Beta_Rank,Sagarin Recent,2638,True,0.895868703709625,0.2525767831205966,0.9112658605435905,0.6002290950744559,5.324620924943139,5.377797573919636,0.46057619408642914,0.5394238059135709,500,558
linecfbp_sp,linept_wayward,SP+,Waywardtrends,1051,True,0.9345852133920617,0.25254368508608765,0.939684884023564,0.5627996164908916,4.354966698382492,4.461912464319695,0.5061845861084682,0.4938154138915319,241,221
linecfbp_cbcr2_sam,linept_born,CBCR2: Sam,Born Power Index,515,True,0.8909668378445569,0.2524788490136078,0.8977962083008258,0.603112840466926,5.624466019417476,5.6178640776699025,0.5233463035019456,0.4766536964980545,118,93
linecfbp_dratings,linept_wayward,DRatings,Waywardtrends,1051,True,0.9136225111513518,0.25244331432334544,0.9406808188632882,0.5632850241545894,4.204671741198859,4.273558515699334,0.5276190476190477,0.4723809523809524,238,231
linecfbp_trent_sorensen,linept_wayward,Trent Sorensen,Waywardtrends,1051,True,0.7536735420473469,0.25241433748185504,0.8631385640596722,0.539272030651341,6.7888392007611795,6.880656517602283,0.44719314938154137,0.5528068506184586,248,232
linecfbp_sp,sagarin_recent,SP+,Sagarin Recent,2638,True,0.93068794865629,0.2522612125813537,0.9391226122340934,0.5741095365760245,4.265981804397271,4.352805155420773,0.5077739855896852,0.49222601441031477,584,543
linecfbp_sp,sagarin_predictor,SP+,Sagarin Predictor,2638,True,0.9414543075698085,0.2522034630111814,0.9476510820014162,0.5761411584196394,3.973722517058378,4.0758529188779375,0.5034142640364189,0.4965857359635812,562,551
linecfbp_kford,linept_rwp,KFord,Laffaye RWP,1553,True,0.8614133049629914,0.2520934382494367,0.8998791642348425,0.5970052083333334,5.482292337411462,5.561609787508049,0.556415215989684,0.4435847840103159,335,301
linept_wayward,teamrankings,Waywardtrends,TeamRankings.com,1559,True,0.9502019457237002,0.25153045603118396,0.9521098414059865,0.6258945998698764,3.6612315586914685,3.6612315586914685,0.4842646114322415,0.5157353885677585,284,294
linept_paynewl,sagarin_recent,linepaynewl,Sagarin Recent,3124,True,0.7663247998922228,0.2512635067254417,0.8538156620806088,0.6024405908798972,7.082000640204866,7.082000640204866,0.42948717948717946,0.5705128205128205,601,613
congrove,linept_bill,Congrove Computer Rankings,Billingsley,3894,True,0.8418125821537853,0.2512591806160602,0.8786585604636864,0.5791773778920308,6.441034925526451,6.441291730868002,0.5115740740740741,0.48842592592592593,832,775
linecfbp_cfbwe_talent,sagarin_predictor,CFBWE: Talent,Sagarin Predictor,516,True,0.7441754326808175,0.25117801778745896,0.8734859389714593,0.5557729941291585,6.7062403100775185,6.738914728682171,0.4689922480620155,0.5310077519379846,106,118
linept_pugh,sagarin_golden_mean,Pugh Ratings,Sagarin Golden Mean,3889,True,0.9319866117070249,0.25092549814660303,0.9286915084241756,0.5957775489186405,4.607210079712008,4.607210079712008,0.4806999485331961,0.5193000514668039,750,796
linecfbp_beta_rank,linept_super,Beta_Rank,linesuper,509,True,0.8722436434890887,0.25081937571550356,0.8108364616010337,0.5770750988142292,8.803654223968564,8.814695481335953,0.5324165029469549,0.4675834970530452,91,120
linecfbp_pearatings,linept_big200,PEARatings,Big 200,503,True,0.8936853321963081,0.25081450766807106,0.8967168992646696,0.5943775100401606,5.743081510934394,5.77934393638171,0.5566600397614314,0.4433399602385686,97,108
linecfbp_beta_rank,linecfbp_sportsratings,Beta_Rank,SportsRatings,550,True,0.8908697622777269,0.25073093879545016,0.8809178778554091,0.5996309963099631,5.716909090909091,5.716909090909091,0.47435897435897434,0.5256410256410257,99,115
linecfbp_blake_atkinson,linept_payne,Blake Atkinson,linepayne,515,True,0.8930224035523696,0.2504029018375518,0.9212526092145257,0.594488188976378,4.9052815533980585,4.975145631067961,0.5883495145631068,0.4116504854368932,112,97
linecfbp_matt_grissom,linept_dunk,Matt Grissom,Dunkel Index,914,True,0.9060541865635827,0.25039070130664576,0.916290328566324,0.5993377483443708,4.9227024070021885,4.994387308533918,0.5465498357064622,0.4534501642935378,208,157
linecfbp_cfbwe_average,linept_kerns,CFBWE: Average,Stephen Kerns,516,True,0.8383775040430809,0.2503087630939611,0.895825691859398,0.59375,5.751802325581396,5.822538759689922,0.5627450980392157,0.4372549019607843,112,98
espn_fpi,linept_bill,ESPN FPI,Billingsley,3895,True,0.8482522853672457,0.2500543386645175,0.9061877508559141,0.5755081039361976,5.613370988446726,5.612729139922978,0.5422770496016448,0.4577229503983552,816,804
linecfbp_professor_sides,sagarin_predictor,Professor Sides,Sagarin Predictor,2632,True,0.939761420199442,0.24998929573509027,0.9465727205941196,0.5961464354527939,4.013643617021277,4.092412613981763,0.49904979095400986,0.5009502090459901,518,557
keeper,sagarin_recent,Keeper,Sagarin Recent,3934,True,0.9232335875788534,0.2499669196263572,0.9138155864873423,0.6005615109749872,5.022722419928826,5.0229766141331975,0.46106870229007635,0.5389312977099237,801,743
piratings_bias,sagarin_predictor,PI-Rate Bias,Sagarin Predictor,3943,True,0.9495316722688759,0.24984812918438892,0.9422151697674601,0.5810084463782954,4.144078113111844,4.144331727111336,0.487062404870624,0.512937595129376,804,820
linept_donchess,linept_talis,Donchess Inference,Talisman Red,3839,True,0.9176091742128298,0.24935592252756605,0.9272652084662202,0.6028746340165025,4.710057306590258,4.710057306590258,0.5408509527538502,0.45914904724614986,736,767
congrove,linecfbp_power_rank,Congrove Computer Rankings,Power Rank,2636,True,0.908626955325732,0.2490699060659392,0.9243075029140442,0.5744435917114351,4.932875569044006,4.991843702579666,0.454855842185129,0.545144157814871,567,543
linecfbp_cfb_professor,linept_kam,CFB Professor,Edward Kambour,1021,True,0.9277157970758604,0.24889633643937042,0.931971872285166,0.5938735177865613,4.64128305582762,4.687473065621939,0.47698334965719885,0.5230166503428012,196,214
linecfbp_cbcr2_sam,linecfbp_power_rank,CBCR2: Sam,Power Rank,515,True,0.9077160720209273,0.2485405007009026,0.9232924188010768,0.5570866141732284,4.816893203883495,4.816893203883495,0.45596868884540115,0.5440313111545988,118,103
linept_log,massey,Logistic Regression,Massey Ratings,1908,True,0.5428976796160698,0.24821753938770735,0.8413383951446907,0.6129201680672269,7.778197064989517,7.778197064989517,0.41911764705882354,0.5808823529411765,361,370
linept_loud,sagarin_golden_mean,Loudsound.org,Sagarin Golden Mean,3814,True,0.7304494567470271,0.24775739278607775,0.8525597153233949,0.6033834586466166,6.798072889355008,6.798072889355008,0.42744686434006823,0.5725531356599318,722,758
linecfbp_kford,linecfbp_trent_sorensen,KFord,Trent Sorensen,1098,True,0.791343318619223,0.24758396071376174,0.8679052642494166,0.5722222222222222,6.55327868852459,6.55327868852459,0.5631868131868132,0.4368131868131868,224,233
linecfbp_sportsline,linept_clean,SportsLine,Cleanup Hitter,1527,True,0.7753226347375899,0.24736522595692584,0.8451469543661387,0.6098562628336756,7.259659462999345,7.373935821872953,0.5471186440677966,0.4528813559322034,297,302
keeper,linept_elo,Keeper,Beck Elo,3887,True,0.9217903944732627,0.24736387948158367,0.9022863706341515,0.5815694372741352,5.644013377926421,5.643756110110625,0.49768280123583936,0.5023171987641607,837,761
linecfbp_cfb_geek,linecfbp_room44_bets,CFB Geek,Room44 Bets,2118,True,0.9065384541274114,0.24730764663233457,0.9206710932232868,0.5648818137964303,4.91515580736544,4.91515580736544,0.5009523809523809,0.4990476190476191,456,449
linecfbp_si_composite,linept_rwp,SI Composite,Laffaye RWP,469,True,0.836420071562084,0.24726167109141198,0.8999550040336826,0.6056034482758621,5.9333262260127935,5.9209594882729215,0.5266524520255863,0.47334754797441364,91,96
congrove,linept_fluker,Congrove Computer Rankings,Slate Fluker,694,True,0.9018154074694729,0.24702461032357365,0.9098274378697305,0.6248153618906942,5.076469740634006,5.077910662824208,0.41210374639769454,0.5878962536023055,118,138
linept_pugh,piratings_bias,Pugh Ratings,PI-Rate Bias,3889,True,0.9272049123467232,0.24686317535199784,0.9272272982169413,0.5822325822325822,4.745790691694523,4.746047827204937,0.49768399382398354,0.5023160061760165,784,811
linecfbp_power_rank,linecfbp_sportsline,Power Rank,SportsLine,1611,True,0.9097847591770616,0.24679894276532763,0.9262940295439337,0.5777351247600768,4.751769087523278,4.751769087523278,0.5360050093926112,0.46399499060738886,337,335
linecfbp_matt_grissom,linecfbp_sportsratings,Matt Grissom,SportsRatings,550,True,0.9201492855232521,0.24676958680659972,0.9022514071590224,0.6321626617375231,4.909090909090909,4.909090909090909,0.5454545454545454,0.45454545454545453,103,99
linecfbp_david_sasser,linecfbp_oddstrader_ai,David Sasser,OddsTrader AI,547,True,0.9289865544243904,0.24674052755993306,0.9430419964796819,0.5375722543352601,4.140402193784278,4.140402193784278,0.47610294117647056,0.5238970588235294,133,111
congrove,linecfbp_power_rank_free,Congrove Computer Rankings,Power Rank: Free,1579,True,0.901718432913071,0.24649221969359406,0.9139852598976946,0.5808306709265175,5.261798606713109,5.331652944901837,0.476854787571338,0.523145212428662,333,328
linept_dunk,linept_how,Dunkel Index,Howell,3470,True,0.8771307693192658,0.24645620023038636,0.891609065993107,0.5912081339712919,5.970031700288184,5.970031700288184,0.5038983540282992,0.4961016459717008,711,695
linept_kam,linept_pfz,Edward Kambour,PerformanZ Ratings,3894,True,0.861585564718301,0.24637400786076327,0.8830180434692532,0.5799897119341564,6.321900359527478,6.321900359527478,0.5547557840616967,0.4452442159383033,782,826
linept_dwig,linept_pig,DP Dwiggins,Pigskin Index,3435,True,0.8901936402261266,0.2462939659125579,0.8985853456409469,0.5996204933586338,5.725330422125182,5.725330422125182,0.4619718309859155,0.5380281690140845,704,670
linecfbp_cfb_geek,linept_how,CFB Geek,Howell,2073,True,0.8836103183467043,0.24613253398640347,0.9060148647148303,0.5827482447342026,5.574790159189581,5.591963338157259,0.5250364608653378,0.4749635391346621,457,424
congrove,linecfbp_dratings,Congrove Computer Rankings,DRatings,2638,True,0.8966558408906412,0.24612720489566037,0.9152188428562167,0.5926782273603083,5.200811220621683,5.257391963608795,0.4641366223908918,0.5358633776091082,546,526
linecfbp_john_harris,linept_payne,John Harris,linepayne,538,True,0.7526400385511908,0.2456198461017071,0.843552977966217,0.6026365348399246,8.096914498141263,8.156877323420076,0.6486988847583643,0.3513011152416357,132,93
linecfbp_trent_sorensen,linept_log,Trent Sorensen,Logistic Regression,485,True,0.5271419579652096,0.2456001979402966,0.8173280351279808,0.5636743215031316,8.270309278350517,8.300907216494844,0.5826446280991735,0.41735537190082644,109,103
linecfbp_cfb_geek,linecfbp_si_composite,CFB Geek,SI Composite,503,True,0.943135244227063,0.2455440402748037,0.9423723104437439,0.597979797979798,4.182107355864811,4.182107355864811,0.482897384305835,0.5171026156941649,101,100
linecfbp_cbcr2_sam,linept_talis,CBCR2: Sam,Talisman Red,515,True,0.8743160290927168,0.24552287659120653,0.8941729802187455,0.5769980506822612,5.714368932038835,5.773242718446602,0.49416342412451364,0.5058365758754864,106,110
linecfbp_cfbwe_average,linecfbp_professor_sides,CFBWE: Average,Professor Sides,515,True,0.9481764019684091,0.2454509271605305,0.9477923998619565,0.5646123260437376,4.172233009708737,4.172233009708737,0.494140625,0.505859375,123,96
linecfbp_beta_rank,sagarin_golden_mean,Beta_Rank,Sagarin Golden Mean,2638,True,0.8949487669469851,0.2451179492716884,0.9119887704325012,0.5811378388697976,5.310003790750569,5.366774071266111,0.4636087945413192,0.5363912054586808,523,576
linecfbp_cfb_graphs,linecfbp_john_harris,CFB Graphs,John Harris,1091,True,0.9088682636941455,0.24492784772560375,0.9290565284893567,0.5725047080979284,4.644454628780935,4.644454628780935,0.41274238227146814,0.5872576177285319,202,261
linecfbp_oddstrader_ai,sagarin_predictor,OddsTrader AI,Sagarin Predictor,1064,True,0.8917214117120718,0.24483926568240424,0.9183089023741123,0.5712900096993211,4.843392857142857,4.8956109022556396,0.45206766917293234,0.5479323308270677,211,243
espn_fpi,linecfbp_oddstrader_ai,ESPN FPI,OddsTrader AI,1064,True,0.8907140174241007,0.24471050785920884,0.9188611001650061,0.5922330097087378,4.637424812030075,4.747669172932331,0.5404135338345865,0.45958646616541354,217,209
linept_pig,moore_ratings,Pigskin Index,Moore Power Ratings,3441,True,0.9111800064890346,0.24466973579422502,0.9237862897093784,0.5950920245398773,4.858866608544028,4.858721301947108,0.5356415478615071,0.46435845213849286,654,729
linecfbp_oddstrader_ai,sagarin,OddsTrader AI,Sagarin Ratings,1064,True,0.8933932662886613,0.24424479705553195,0.9191365099215625,0.5660194174757281,4.7957612781954895,4.862133458646616,0.45343367826904984,0.5465663217309501,217,243
linept_fox,linept_pfz,linefox,PerformanZ Ratings,2329,True,0.8602091009515237,0.24421026383440345,0.8825950789303928,0.5860382392174299,6.417878917990554,6.417878917990554,0.5519759450171822,0.4480240549828179,473,489
linecfbp_beta_rank,linecfbp_dratings,Beta_Rank,DRatings,2637,True,0.8967933600021776,0.24413862624446062,0.9118194056913236,0.5836560805577072,5.303678422449754,5.303678422449754,0.4506503442999235,0.5493496557000765,508,572
linecfbp_cfbwe_average,piratings_mean,CFBWE: Average,Pi-Ratings Mean,516,True,0.935280151015454,0.24411824121468792,0.9438862377629159,0.5795677799607073,4.249806201550387,4.24515503875969,0.515625,0.484375,112,102
linept_dunk,linept_round,Dunkel Index,lineround,2097,True,0.8491388270114254,0.24408666785647545,0.8781454139133452,0.6055718475073314,6.240767763471625,6.240767763471625,0.5140811455847255,0.48591885441527444,408,407
dokter_entropy,linept_bill,Dokter Entropy,Billingsley,3894,True,0.8655683758097228,0.24393692823568938,0.9072025866593668,0.5686678691059005,5.599139702105804,5.599139702105804,0.5536998972250771,0.44630010277492294,826,823
linept_paynep,linept_talis,linepaynep,Talisman Red,3069,True,0.8495015252045989,0.2438235605238262,0.8744595869540132,0.6136289533746332,6.123672205930271,6.123672205930271,0.46818923327895595,0.531810766721044,551,610
linecfbp_sportsline,linept_talis,SportsLine,Talisman Red,1563,True,0.8905150766619241,0.24351419380786807,0.9028807187884295,0.5732026143790849,5.608202175303902,5.709264235444657,0.49615877080665816,0.5038412291933418,330,340
linecfbp_blake_atkinson,linept_paynep,Blake Atkinson,linepaynep,515,True,0.9146767948840571,0.24347647892997124,0.9213633422080609,0.6035502958579881,4.910077669902913,4.993456310679612,0.5805825242718446,0.41941747572815535,114,93
linecfbp_tshoe_index,piratings_mean,TShoe Index,Pi-Ratings Mean,2127,True,0.9302339461611836,0.2432672474841151,0.939300893538349,0.5869990224828935,4.251410437235543,4.351880582980724,0.5002370791844476,0.4997629208155524,453,446
linecfbp_dratings,linept_round,DRatings,lineround,1325,True,0.8469468838657158,0.2431366521279884,0.9033096385278209,0.585635359116022,5.691169811320755,5.709283018867925,0.5469107551487414,0.45308924485125857,285,271
linept_pfz,linept_talis,PerformanZ Ratings,Talisman Red,3839,True,0.8490334199420478,0.24302177657278676,0.8727717032508518,0.5823774765380605,6.509327949986975,6.509327949986975,0.4589523064894449,0.5410476935105551,777,800
linecfbp_sp,linept_curry,SP+,Daniel Curry Index,2588,True,0.9027663965931473,0.24277041133579605,0.9094363063393327,0.5805696449473273,5.359679289026276,5.413651468315302,0.5500967117988395,0.44990328820116054,577,514
linept_curry,teamrankings,Daniel Curry Index,TeamRankings.com,3893,True,0.9141149166680769,0.24271536692747256,0.9203159756058834,0.57981220657277,5.019111225276136,5.019111225276136,0.4544518785383428,0.5455481214616572,787,813
linept_curry,linept_pfz,Daniel Curry Index,PerformanZ Ratings,3893,True,0.845731566710682,0.24266488012616225,0.86488806391129,0.5793263049627153,6.891035191369125,6.891035191369125,0.5251798561151079,0.4748201438848921,780,827
linecfbp_cfb_victory,linept_dunk,CFB Victory,Dunkel Index,914,True,0.8379190144389178,0.2425664460432194,0.8660076707055454,0.5875831485587583,6.5769037199124725,6.631783369803064,0.5065645514223195,0.4934354485776805,205,178
linecfbp_beta_rank,linept_fox,Beta_Rank,linefox,1532,True,0.886421582445043,0.2425098158075121,0.9010793298393828,0.5699797160243407,5.796599216710183,5.888035248041775,0.4728580771746239,0.5271419228253761,303,335
linecfbp_professor_sides,piratings_mean,Professor Sides,Pi-Ratings Mean,2632,True,0.9376773743575788,0.2424792498723097,0.9442686675894946,0.5888759237650719,4.1424468085106385,4.1976899696048635,0.521239954075775,0.47876004592422505,560,533
linecfbp_tshoe_index,linept_curry,TShoe Index,Daniel Curry Index,2079,True,0.9014144452538299,0.24245398513998467,0.9077784654363544,0.5648514851485148,5.509172679172679,5.5501443001443,0.5245428296438883,0.4754571703561116,454,458
linecfbp_sportsratings,linept_dunk,SportsRatings,Dunkel Index,434,True,0.8849612496869237,0.24230533550665712,0.8805353942688099,0.5777262180974478,6.0206912442396305,6.122488479262673,0.49539170506912444,0.5046082949308756,103,78
linecfbp_david_sasser,linecfbp_jp,David Sasser,JP+,550,True,0.8903780342943947,0.24221977534122408,0.9158906341574914,0.5584415584415584,4.984545454545454,4.984545454545454,0.5155963302752293,0.48440366972477067,127,113
linecfbp_sportsline,linept_pig,SportsLine,Pigskin Index,1282,True,0.9125287058388868,0.24217407963068796,0.9156874599634699,0.5680868838763575,5.179438377535101,5.243385335413416,0.4766666666666667,0.5233333333333333,291,260
linecfbp_wilson_ratings,linept_dwig,Wilson Ratings,DP Dwiggins,2585,True,0.8922612577127295,0.2420997799797221,0.8942882555377587,0.5802020202020202,5.838143133462282,5.934661508704062,0.5251070455430128,0.47489295445698715,549,534
linept_how,teamrankings,Howell,TeamRankings.com,3894,True,0.8917846074001178,0.24196344587441446,0.916251654080891,0.5945434900054025,5.241260914227016,5.241260914227016,0.45764462809917356,0.5423553719008265,768,809
keeper,linecfbp_cfb_geek,Keeper,CFB Geek,2114,True,0.9246935024408592,0.24145939217131596,0.9125086754220888,0.5840496657115568,5.158339640491958,5.201754966887417,0.4644212523719165,0.5355787476280834,434,437
linecfbp_professor_sides,linept_dunk,Professor Sides,Dunkel Index,2248,True,0.8983571897081652,0.24139391976728644,0.9099268035784892,0.5774077407740774,5.269830960854092,5.294813167259786,0.5425389755011136,0.4574610244988864,487,479
linept_dwig,linept_how,DP Dwiggins,Howell,3886,True,0.8550488400095557,0.24071722287037892,0.8735476221488833,0.5812224669603524,6.601765311374163,6.601765311374163,0.496158940397351,0.503841059602649,813,808
linecfbp_oddstrader_ai,linecfbp_power_rank,OddsTrader AI,Power Rank,1059,True,0.8973716143936754,0.2406960645439883,0.9233446376122377,0.577755905511811,4.621246458923513,4.621246458923513,0.4484732824427481,0.5515267175572519,231,215
linecfbp_cfbwe_margin,linept_pugh,CFBWE: Margin,Pugh Ratings,515,True,0.9211072270909352,0.24016297143907248,0.9307442027736841,0.592156862745098,4.744271844660195,4.783650485436893,0.5067961165048543,0.49320388349514566,110,97
linecfbp_david_sasser,linept_bill,David Sasser,Billingsley,503,True,0.8903435839818521,0.240082058781601,0.9130071309904173,0.5763052208835341,5.138151093439364,5.173141153081511,0.5467196819085487,0.4532803180914513,107,105
linept_log,linept_wayward,Logistic Regression,Waywardtrends,742,True,0.5743373050613159,0.240031083490062,0.8427888377533318,0.5978407557354926,7.580458221024259,7.5804582210242595,0.4029649595687331,0.5970350404312669,148,144
linecfbp_cbcr2_power,linept_donchess,CBCR2: Power,Donchess Inference,1063,True,0.9144998071626397,0.2397318196122253,0.9227323945597592,0.570877531340405,4.9097836312323615,5.023706491063029,0.45567206863679693,0.544327931363203,240,219
linecfbp_beta_rank,sagarin_predictor,Beta_Rank,Sagarin Predictor,2638,True,0.9029070634732446,0.23971915908643868,0.9170879481773627,0.5594646271510516,5.21161106899166,5.301125852918878,0.45430413348502086,0.5456958665149791,536,624
linecfbp_cfb_graphs,sagarin_golden_mean,CFB Graphs,Sagarin Golden Mean,2128,True,0.9043285582037256,0.23953282875528356,0.9302198627728433,0.5847980997624703,4.532805451127819,4.610897556390977,0.4891815616180621,0.510818438381938,431,447
linecfbp_power_rank,linecfbp_trent_sorensen,Power Rank,Trent Sorensen,1098,True,0.7690361895844008,0.23951468076950436,0.866431400485294,0.5909090909090909,6.414845173041894,6.414845173041894,0.5893186003683242,0.4106813996316759,214,229
linecfbp_cbcr2_sam,linecfbp_dratings,CBCR2: Sam,DRatings,515,True,0.8921694963394743,0.23951083516886693,0.9106584991410365,0.5474308300395256,5.146796116504854,5.146796116504854,0.4500978473581213,0.5499021526418787,110,117
linecfbp_blake_atkinson,massey,Blake Atkinson,Massey Ratings,515,True,0.9263162952991356,0.23943704786692943,0.9375404005304451,0.5866141732283464,4.119844660194175,4.182601941747572,0.5475728155339806,0.4524271844660194,108,106
linept_loud,massey,Loudsound.org,Massey Ratings,3814,True,0.6989721022961307,0.2391025696516252,0.8473892874151271,0.564867042707494,7.159782380702675,7.160411641321447,0.4498950682056663,0.5501049317943337,790,840
linept_curry,linept_paynep,Daniel Curry Index,linepaynep,3121,True,0.8476679553263294,0.23889477150976368,0.8656411734169678,0.5926876202694035,6.764255046459468,6.764255046459468,0.5113818531580635,0.4886181468419365,626,616
linecfbp_si_composite,linept_round,SI Composite,lineround,341,True,0.846750865296926,0.2386599571459263,0.9030024522997847,0.5771604938271605,5.864516129032259,5.7941348973607045,0.538235294117647,0.46176470588235297,76,70
linecfbp_room44_bets,linept_kam,Room44 Bets,Edward Kambour,2588,True,0.9093009712446606,0.23864477848453966,0.9202118882211352,0.581668625146886,4.887565687789799,4.988516228748067,0.4980665119876257,0.5019334880123744,558,520
linecfbp_david_sasser,linept_pugh,David Sasser,Pugh Ratings,503,True,0.932520157946218,0.2385647720239032,0.9161595322955238,0.6104417670682731,4.813956262425448,4.863499005964215,0.5228628230616302,0.47713717693836977,108,87
linecfbp_john_harris,linecfbp_jp,John Harris,JP+,1097,True,0.9212397359513937,0.23847782350954622,0.9337660013686474,0.5641986879100281,4.473199635369189,4.473199635369189,0.5262189512419503,0.47378104875804966,230,242
linept_bill,linept_fox,Billingsley,linefox,2328,True,0.8739659063744412,0.2382348215976089,0.8857680302002041,0.5731436193863939,6.163157216494845,6.163157216494845,0.4843010752688172,0.5156989247311828,507,481
linecfbp_john_harris,linept_kerns,John Harris,Stephen Kerns,1051,True,0.891958343841737,0.2382051545129557,0.8646463619257289,0.5947521865889213,6.49662226450999,6.5823311132255,0.5673352435530086,0.4326647564469914,216,214
linept_bihl,linept_paynep,Bihl System,linepaynep,1741,True,0.8466540524784654,0.2381054219021874,0.8952634791704245,0.6396551724137931,5.184181504882252,5.184181504882252,0.5394358088658607,0.4605641911341393,305,311
linept_big200,sagarin_recent,Big 200,Sagarin Recent,1558,True,0.8927913445668962,0.2378929873606745,0.8987179967767891,0.5871382636655949,5.696200256739409,5.696200256739409,0.46371226718047526,0.5362877328195247,340,289
linecfbp_cbcr2_power,linept_curry,CBCR2: Power,Daniel Curry Index,1063,True,0.8766119230141982,0.23781796912433983,0.8846271263732957,0.566824644549763,6.298504233301975,6.308476011288805,0.525918944392083,0.4740810556079171,253,216
linecfbp_jp,linept_fox,JP+,linefox,1023,True,0.8959661680494432,0.237491293113207,0.9111324652248303,0.581039755351682,5.354701857282502,5.394389051808406,0.5260570304818093,0.47394296951819076,217,207
linecfbp_matt_grissom,linept_paynep,Matt Grissom,linepaynep,538,True,0.7861572731553089,0.23744031007942298,0.8458902645370453,0.5764925373134329,7.886468401486989,7.968996282527881,0.6022304832713755,0.39776951672862454,129,109
linecfbp_cfbwe_margin,linept_payne,CFBWE: Margin,linepayne,516,True,0.8702412367855419,0.23721856435739613,0.9146810481944004,0.5901960784313726,5.334709302325582,5.365019379844961,0.5077519379844961,0.49224806201550386,103,107
linecfbp_cbcr2_sam,linept_bihl,CBCR2: Sam,Bihl System,297,True,0.86503134471468,0.2372180913319266,0.9198989121648959,0.5589225589225589,5.292323232323233,5.3255892255892245,0.4612794612794613,0.5387205387205387,63,68
linecfbp_sp,piratings,SP+,Pi-Ratings,2638,True,0.9307452779877075,0.23714291513740995,0.9366782092265444,0.5777092171230235,4.441470811220622,4.526914329037149,0.5185894978919127,0.4814105021080874,593,526
linecfbp_wilson_ratings,linept_big200,Wilson Ratings,Big 200,1050,True,0.89365643476254,0.2370358387653591,0.8938110726464321,0.5752895752895753,5.869838095238095,5.909228571428571,0.5372137404580153,0.4627862595419847,220,229
linecfbp_si_composite,linept_dwig,SI Composite,DP Dwiggins,503,True,0.831147023461415,0.23687325562337744,0.8904567762635304,0.5448851774530271,6.174353876739562,6.242544731610338,0.5180722891566265,0.4819277108433735,112,118
keeper,linecfbp_cbcr2_sam,Keeper,CBCR2: Sam,514,True,0.9051883906627016,0.23656044859491224,0.8843669261898381,0.5826771653543307,6.026070038910505,6.0344357976653695,0.482421875,0.517578125,100,112
linecfbp_sp,linept_dwig,SP+,DP Dwiggins,2585,True,0.8912481745244262,0.23648888186089206,0.8987071831873695,0.5772488906817265,5.691876208897486,5.796982591876208,0.5416666666666666,0.4583333333333333,585,519
linecfbp_professor_sides,linecfbp_wilson_ratings,Professor Sides,Wilson Ratings,2631,True,0.9222812009192844,0.2364750873589718,0.9328386104276828,0.5855365474339036,4.485860889395667,4.485860889395667,0.5111196319018405,0.4888803680981595,531,535
linecfbp_david_sasser,linecfbp_room44_bets,David Sasser,Room44 Bets,550,True,0.91274411375894,0.2364547742863327,0.9276186596599783,0.5371747211895911,4.669272727272728,4.669272727272728,0.5174311926605505,0.48256880733944957,131,118
dokter_entropy,linecfbp_professor_sides,Dokter Entropy,Professor Sides,2632,True,0.9432892087932296,0.2364474123590281,0.9504701377260916,0.5821759259259259,3.8062917933130698,3.8870440729483287,0.515773470163436,0.48422652983656406,565,529
linecfbp_dratings,linept_fluker,DRatings,Slate Fluker,468,True,0.9359743433866701,0.2364439120361365,0.9421926798288158,0.6261061946902655,3.3808760683760686,3.5349358974358975,0.47071583514099785,0.5292841648590022,85,90
linecfbp_sp,linept_born,SP+,Born Power Index,2087,True,0.9193390988589696,0.23630149744216167,0.9186171708361883,0.5605033881897387,5.1772975563009105,5.247973167225682,0.5460210930009588,0.45397890699904125,474,437
linecfbp_room44_bets,linecfbp_sp,Room44 Bets,SP+,2635,True,0.9099828317357113,0.23601901359440808,0.9244265240316641,0.5853374709076804,4.817039848197343,4.817039848197343,0.47989276139410186,0.5201072386058981,528,545
linept_pfz,sagarin_predictor,PerformanZ Ratings,Sagarin Predictor,3896,True,0.8648268221680357,0.23577196816023233,0.8892593696720434,0.566503730383329,6.08973819301848,6.08973819301848,0.44019507186858314,0.5598049281314168,831,827
linecfbp_sportsline,teamrankings,SportsLine,TeamRankings.com,1613,True,0.9137773635387975,0.23529064058056157,0.9257061172941821,0.5636246786632391,4.85393056416615,4.956224426534408,0.45590994371482174,0.5440900562851783,346,353
linecfbp_cbcr2_power,linept_pig,CBCR2: Power,Pigskin Index,1044,True,0.9073982399475689,0.23502505222578668,0.91378691869101,0.5782520325203252,5.199904214559387,5.221187739463602,0.4884393063583815,0.5115606936416185,253,203
fei,linecfbp_oddstrader_ai,FEI Projections,OddsTrader AI,1017,True,0.8854470627038193,0.23494077564751695,0.9099491327246898,0.555441478439425,5.174926253687315,5.226057030481809,0.5376237623762377,0.4623762376237624,240,213
linecfbp_cfb_victory,linecfbp_professor_sides,CFB Victory,Professor Sides,1094,True,0.8517310397754487,0.23487784067039855,0.8766320042406216,0.5876865671641791,6.378153564899452,6.378153564899452,0.47296058661778184,0.5270394133822182,229,217
linept_paynep,sagarin_golden_mean,linepaynep,Sagarin Golden Mean,3124,True,0.8651137462793924,0.23480761015436527,0.8881807063894538,0.5917975008010253,6.015371318822023,6.015371318822023,0.45032051282051283,0.5496794871794872,603,650
linecfbp_room44_bets,sagarin_predictor,Room44 Bets,Sagarin Predictor,2636,True,0.9083885077125565,0.23446926570367924,0.9307715329820507,0.5703275529865125,4.561172230652504,4.665625948406677,0.4827324478178368,0.5172675521821631,569,574
linept_donchess,linept_round,Donchess Inference,lineround,2105,True,0.8509442001891803,0.2343054115384817,0.9034511509987005,0.5870324189526185,5.572266033254158,5.572266033254158,0.5434362934362934,0.45656370656370654,423,426
linecfbp_tshoe_index,linept_bill,TShoe Index,Billingsley,2081,True,0.8449687357348324,0.2342907353440898,0.8932307892267776,0.5637351778656127,6.065209034118212,6.090168188370975,0.5358000961076406,0.46419990389235943,443,467
linecfbp_cfbwe_margin,linept_loud,CFBWE: Margin,Loudsound.org,458,True,0.7525596653979092,0.23411430690109314,0.8468495451846969,0.5578231292517006,6.939082969432315,6.982969432314411,0.5494505494505495,0.45054945054945056,91,111
linecfbp_professor_sides,linept_kam,Professor Sides,Edward Kambour,2583,True,0.9271881949356826,0.23375417807635032,0.9334836125020376,0.5818965517241379,4.548730158730159,4.624154084397987,0.5143410852713178,0.48565891472868217,544,537
linecfbp_beta_rank,linept_paynep,Beta_Rank,linepaynep,2079,True,0.8472019241499098,0.23364019298727723,0.8723088342204784,0.594581519109821,6.456536796536797,6.553468013468013,0.5067372473532242,0.49326275264677577,401,441
linecfbp_cfb_graphs,linept_bill,CFB Graphs,Billingsley,2080,True,0.8266476499604923,0.2333451512969564,0.8884337191297271,0.579611650485437,5.983004807692307,5.9958701923076925,0.5307988450433109,0.4692011549566891,419,451
linecfbp_sp,linept_paynep,SP+,linepaynep,2078,True,0.875857207236733,0.2332866780995548,0.8951328325276162,0.5760816723383568,5.905413859480269,6.004566891241578,0.5541646605681271,0.44583533943187287,457,421
congrove,linept_donchess,Congrove Computer Rankings,Donchess Inference,3895,True,0.9000392294092078,0.23327145104374794,0.9162756576510651,0.5946442635862431,5.152531450577664,5.152788189987163,0.46377183967112023,0.5362281603288798,800,754
linept_donchess,linept_fluker,Donchess Inference,Slate Fluker,694,True,0.9477573452666397,0.23322473041694736,0.9555082198536771,0.6551724137931034,3.080864553314121,3.080864553314121,0.48826979472140764,0.5117302052785924,116,123
congrove,linept_talis,Congrove Computer Rankings,Talisman Red,3838,True,0.8790887029398654,0.23317743522136022,0.8959389656057698,0.5824204486176318,5.777772277227723,5.778032829598749,0.48683181225554106,0.5131681877444589,795,780
linept_elo,linept_paynep,Beck Elo,linepaynep,3124,True,0.8487121070668137,0.233169254793265,0.8776395366342309,0.5955740859525337,6.309622279129322,6.309622279129322,0.5230621396540679,0.4769378603459321,622,615
linecfbp_jp,linept_pfz,JP+,PerformanZ Ratings,2082,True,0.8342929337077175,0.23294522554569003,0.866584946994351,0.5713592233009709,6.780172910662824,6.800912584053794,0.5603075444497838,0.43969245555021624,456,445
linecfbp_mcillece_sports,linept_elo,McIllece Sports,Beck Elo,503,True,0.8920482190349813,0.23230083945494912,0.9000666827693949,0.593186372745491,5.336838966202784,5.35854870775348,0.5139442231075697,0.4860557768924303,110,95
linecfbp_power_rank,linept_payne,Power Rank,linepayne,2076,True,0.8408853036630501,0.23192562186957444,0.9012091886763713,0.5759493670886076,5.748795761078998,5.7760597302504815,0.5621387283236994,0.43786127167630057,463,414
linecfbp_cfb_victory,linecfbp_dratings,CFB Victory,DRatings,1098,True,0.836116918798324,0.2319151182108013,0.8840674015303419,0.5891181988742964,5.971402550091075,5.971402550091075,0.46471127406049495,0.535288725939505,220,225
linecfbp_sportsline,linept_donchess,SportsLine,Donchess Inference,1566,True,0.9072263056066998,0.23188306500272193,0.9222191691184494,0.5970841616964877,4.865517241379311,4.995019157088122,0.4518855656697009,0.548114434330299,314,332
linecfbp_mcillece_sports,sagarin,McIllece Sports,Sagarin Ratings,550,True,0.9233720355555209,0.2317455131546356,0.9293980101151131,0.5897435897435898,4.354563636363637,4.429727272727273,0.4899817850637523,0.5100182149362478,114,115
linecfbp_oddstrader_ai,linept_elo,OddsTrader AI,Beck Elo,1017,True,0.8538936917923027,0.2317266504894428,0.8911226799700178,0.6042726347914548,5.752822025565388,5.774080629301868,0.4896755162241888,0.5103244837758112,203,207
linecfbp_cfb_geek,linecfbp_jp,CFB Geek,JP+,1613,True,0.8960722714764443,0.23130672201997018,0.9151927328553019,0.5594713656387665,5.103657780533169,5.103657780533169,0.5075187969924813,0.4924812030075188,342,357
linept_bihl,linept_donchess,Bihl System,Donchess Inference,2161,True,0.9145161566140634,0.23122404437981825,0.94628754365914,0.5991501416430595,4.060421101341971,4.060421101341971,0.475683186660491,0.5243168133395091,413,448
keeper,linecfbp_pearatings,Keeper,PEARatings,550,True,0.9469053424299382,0.23121366464790397,0.9284594712247951,0.6194852941176471,4.342563636363636,4.462163636363637,0.45636363636363636,0.5436363636363636,106,108
linecfbp_sp,linept_cather,SP+,linecather,625,True,0.9203975672482851,0.231107111857293,0.9190469430815293,0.5906040268456376,5.22,5.25888,0.568659127625202,0.43134087237479807,138,118
linept_bill,linept_pig,Billingsley,Pigskin Index,3442,True,0.8793587183535242,0.23108672303250188,0.8962214006114518,0.6088957055214724,5.790932597327135,5.790932597327135,0.46149375181633245,0.5385062481836675,705,640
linecfbp_room44_bets,linept_paynep,Room44 Bets,linepaynep,2076,True,0.8540915982613622,0.23102785240142634,0.8800848548735067,0.56201171875,6.449778420038537,6.528073217726396,0.5349397590361445,0.4650602409638554,464,438
linecfbp_cfbwe,linept_round,CFBWE,lineround,324,True,0.8411621160282114,0.23082317053171386,0.9056304365325015,0.5859872611464968,5.650308641975309,5.629320987654321,0.56656346749226,0.43343653250773995,75,63
linecfbp_cfbwe_rounded,linept_round,CFBWE: Rounded,lineround,324,True,0.8410910381316855,0.23071887235651467,0.9056840417195196,0.5946843853820598,5.660493827160494,5.6419753086419755,0.5704918032786885,0.42950819672131146,71,63
linecfbp_blake_atkinson,sagarin_golden_mean,Blake Atkinson,Sagarin Golden Mean,515,True,0.9400977877983951,0.23071687354043166,0.9495644833710065,0.5984251968503937,3.574135922330097,3.6948737864077668,0.5311284046692607,0.4688715953307393,112,96
linecfbp_professor_sides,linept_curry,Professor Sides,Daniel Curry Index,2582,True,0.8998810831963504,0.23070442123056156,0.9070099761287327,0.5770286162289299,5.469492641363284,5.4976800929512,0.5348837209302325,0.46511627906976744,556,545
espn_fpi,linept_super,ESPN FPI,linesuper,769,True,0.9298339247513712,0.23030646305966027,0.8335798144671087,0.5803921568627451,8.374200260078023,8.374200260078023,0.5903771131339401,0.4096228868660598,149,167
linept_pugh,piratings_mean,Pugh Ratings,Pi-Ratings Mean,3889,True,0.9317649883431749,0.2298098084202557,0.9328679530043716,0.5776446065659198,4.534687580354848,4.534944715865262,0.485331960885229,0.514668039114771,804,804
linecfbp_sp,linept_big200,SP+,Big 200,1050,True,0.8894311965810934,0.22964879982942576,0.895133791710067,0.5940499040307101,5.8473999999999995,5.850371428571429,0.540952380952381,0.45904761904761904,221,204
linecfbp_power_rank,linept_paynewl,Power Rank,linepaynewl,2076,True,0.747794972654991,0.22946727376866757,0.8646287296531824,0.5694106186069167,7.156618497109826,7.177832369942196,0.5900770712909441,0.4099229287090559,467,420
linecfbp_david_sasser,linept_laz,David Sasser,Laz Index,503,True,0.8540078563599299,0.22933088433202015,0.8790001618499077,0.5943775100401606,4.764075546719682,4.825785288270377,0.5268389662027833,0.4731610337972167,102,102
linept_paynep,moore_ratings,linepaynep,Moore Power Ratings,3122,True,0.8509627259485911,0.2293174559377256,0.8778723260641855,0.6276834347965395,6.080073670723895,6.080233824471492,0.48492623476587554,0.5150737652341244,563,580
linecfbp_power_rank,sagarin_recent,Power Rank,Sagarin Recent,2636,True,0.9412424365154152,0.2284186464826666,0.948748645224141,0.5575594781273984,3.8648596358118357,3.9186608497723823,0.5184060721062619,0.4815939278937381,582,579
keeper,linecfbp_sp,Keeper,SP+,2629,True,0.9255801676742745,0.22808576720687207,0.9140828167331491,0.574894108586831,5.206534804108026,5.275169265880562,0.45364364746280045,0.5463563525371995,554,557
linept_payne,piratings,linepayne,Pi-Ratings,3124,True,0.8487233201929325,0.22808086966838936,0.886407494767645,0.5721200387221684,6.2131786171574905,6.212858514724712,0.44732628882484793,0.5526737111751521,637,669
linecfbp_room44_bets,sagarin,Room44 Bets,Sagarin Ratings,2636,True,0.9101566553072792,0.22807299202422585,0.9317544847481675,0.5731331793687452,4.520512139605462,4.603577389984825,0.48253606681852695,0.517463933181473,578,558
fei,linecfbp_cfb_graphs,FEI Projections,CFB Graphs,2081,True,0.9025548640542079,0.22801889499830968,0.925151762449597,0.5836194212849436,4.715670350792887,4.809596347909659,0.5104015481373972,0.4895984518626028,455,411
fei,linept_fox,FEI Projections,linefox,2329,True,0.8874184036191152,0.22799181393517923,0.9050700149027398,0.585496866606983,5.08801202232718,5.0933791326749684,0.4930915371329879,0.5069084628670121,499,461
dokter_entropy,linept_paynep,Dokter Entropy,linepaynep,3123,True,0.8754926661283382,0.22798920069694673,0.8966176674855435,0.5793701799485861,5.828978546269613,5.828978546269613,0.5589365791159513,0.4410634208840487,662,625
linecfbp_wilson_ratings,linept_paynep,Wilson Ratings,linepaynep,2078,True,0.8677940328582843,0.22789204322104745,0.8887327498473696,0.5715676728334956,6.118743984600577,6.206328200192493,0.5375360923965351,0.4624639076034649,449,439
keeper,linept_round,Keeper,lineround,2105,True,0.8638655732907882,0.22789024382167836,0.8771870319047056,0.5773548072230357,6.361182897862232,6.361182897862232,0.4978601997146933,0.5021398002853067,449,425
linecfbp_blake_atkinson,linept_born,Blake Atkinson,Born Power Index,515,True,0.927196601930544,0.22783188639992463,0.9285941509012868,0.5590551181102362,4.567961165048544,4.634757281553397,0.5728155339805825,0.42718446601941745,133,100
harville,linecfbp_blake_atkinson,David Harville,Blake Atkinson,515,True,0.9388634413562679,0.2277412776174076,0.949298830391261,0.6200787401574803,3.5549708737864076,3.6386213592233014,0.47572815533980584,0.5242718446601942,96,103
linept_curry,sagarin_predictor,Daniel Curry Index,Sagarin Predictor,3893,True,0.9133737982368391,0.2277295810789102,0.91475072220397,0.569773429454171,5.229023889031596,5.229023889031596,0.45819397993311034,0.5418060200668896,799,843
linecfbp_power_rank_free,linept_big200,Power Rank: Free,Big 200,547,True,0.8983674020959631,0.22763009980648233,0.8970143205160779,0.5805860805860806,5.756709323583181,5.7430347349177335,0.5137111517367459,0.48628884826325414,125,113
congrove,linecfbp_sp,Congrove Computer Rankings,SP+,2638,True,0.8976924372349843,0.2276049123913173,0.9127639672603367,0.5687476062811183,5.34489006823351,5.42702047005307,0.4612756264236902,0.5387243735763098,558,573
linecfbp_sportsline,linept_born,SportsLine,Born Power Index,1062,True,0.8928298126647306,0.2274354516064213,0.895863876703434,0.5504322766570605,5.745838041431261,5.858173258003766,0.5221489161168709,0.47785108388312914,238,233
linecfbp_oddstrader_ai,linept_payne,OddsTrader AI,linepayne,514,True,0.8097304255891512,0.22705981576742382,0.8540281161097258,0.5502958579881657,7.214396887159532,7.236809338521401,0.44639376218323584,0.5536062378167641,108,118
linecfbp_sp,linept_bihl,SP+,Bihl System,1368,True,0.9079376101687994,0.2270555243967174,0.9377432966278398,0.5645756457564576,4.379963450292397,4.512068713450293,0.513909224011713,0.486090775988287,323,274
linecfbp_dratings,linept_pfz,DRatings,PerformanZ Ratings,2591,True,0.8576875172807609,0.22681792189135302,0.8852336597701441,0.5623529411764706,6.2430297182554995,6.2997877267464295,0.550366653801621,0.449633346198379,555,577
linept_dunk,sagarin_golden_mean,Dunkel Index,Sagarin Golden Mean,3472,True,0.9134961950612265,0.2266241063829735,0.9140235563970418,0.5848240046162724,5.177644009216589,5.177644009216589,0.4569040069184203,0.5430959930815797,686,723
linept_super,piratings_mean,linesuper,Pi-Ratings Mean,769,True,0.9129673055648202,0.22646628866009239,0.831149862411365,0.5629139072847682,8.3977633289987,8.3977633289987,0.41612483745123535,0.5838751625487646,171,155
espn_fpi,linecfbp_obmodel,ESPN FPI,OBModel,507,True,0.9416716063713748,0.22641332050967314,0.952353224926062,0.5445544554455446,3.8979289940828403,3.938402366863906,0.48717948717948717,0.5128205128205128,107,122
linecfbp_trent_sorensen,linept_round,Trent Sorensen,lineround,347,True,0.7684831477612948,0.22619251871459747,0.8686878491026111,0.5680473372781065,6.918731988472623,7.027377521613833,0.5260115606936416,0.47398843930635837,88,63
linept_bill,linept_pfz,Billingsley,PerformanZ Ratings,3895,True,0.8080269723565647,0.22593241731033256,0.8516614242899904,0.5567831449126414,7.264641848523748,7.264641848523748,0.5133538777606574,0.48664612223934256,836,858
linept_pfz,sagarin_golden_mean,PerformanZ Ratings,Sagarin Golden Mean,3896,True,0.8551031961267784,0.22592163758433464,0.8825354879313265,0.5773778920308483,6.220423511293635,6.220423511293635,0.4451579758540971,0.5548420241459029,807,810
linecfbp_cfb_professor,linecfbp_jp,CFB Professor,JP+,514,True,0.8842736773552197,0.22573423088412908,0.9208201423876042,0.5597609561752988,5.234046692607004,5.234046692607004,0.5235294117647059,0.4764705882352941,109,113
linecfbp_cfb_victory,linecfbp_oddstrader_ai,CFB Victory,OddsTrader AI,547,True,0.8636852502094802,0.2257309455439876,0.8841018766762972,0.5700389105058365,5.705667276051188,5.705667276051188,0.45857418111753373,0.5414258188824663,117,117
congrove,linecfbp_cbcr2_sam,Congrove Computer Rankings,CBCR2: Sam,515,True,0.8724564805853127,0.22542101274939758,0.8769806529140441,0.5525291828793775,6.269067961165049,6.229961165048543,0.48349514563106794,0.516504854368932,112,111
linecfbp_david_sasser,linept_clean,David Sasser,Cleanup Hitter,503,True,0.7289445266857164,0.2253506823775063,0.8285911269398828,0.5608247422680412,7.699662027833002,7.779184890656064,0.5697211155378487,0.4302788844621514,113,109
linecfbp_cfbwe_talent,sagarin,CFBWE: Talent,Sagarin Ratings,516,True,0.7478007934437706,0.22490191879724036,0.8736570459538534,0.5555555555555556,6.7598643410852715,6.745174418604652,0.4621359223300971,0.537864077669903,113,114
espn_fpi,linept_kerns,ESPN FPI,Stephen Kerns,3896,True,0.8785181395308359,0.22433120976374687,0.8838964338996417,0.5789473684210527,5.990954825462013,5.990569815195072,0.569005397070162,0.4309946029298381,803,805
linecfbp_cfb_victory,linept_kam,CFB Victory,Edward Kambour,1051,True,0.8492163073486336,0.22420337977827026,0.8766925544066131,0.5594202898550724,6.350989533777355,6.444234062797335,0.4747859181731684,0.5252140818268316,244,221
linecfbp_mcillece_sports,sagarin_recent,McIllece Sports,Sagarin Recent,550,True,0.9205007866423721,0.22413660966351945,0.9166331514505398,0.5567765567765568,4.9388,4.966836363636364,0.5401459854014599,0.45985401459854014,131,110
linecfbp_room44_bets,teamrankings,Room44 Bets,TeamRankings.com,2636,True,0.921741848652762,0.22389944628366446,0.9343069611027984,0.5658612626656274,4.451817147192717,4.539601669195751,0.4837351703023345,0.5162648296976655,578,564
linecfbp_room44_bets,linept_laz,Room44 Bets,Laz Index,2588,True,0.8776535299803722,0.2238303711158059,0.9099643998774427,0.5670062695924765,5.103469860896444,5.175231839258115,0.49710088906068806,0.5028991109393119,558,556
linept_pig,massey,Pigskin Index,Massey Ratings,3443,True,0.9254942630034444,0.22367068733648923,0.9295698844389501,0.5798035604665439,4.69017717107174,4.691048504211444,0.4966579482708515,0.5033420517291485,660,777
linecfbp_dratings,linept_talis,DRatings,Talisman Red,2546,True,0.9110746451397004,0.2236338926263813,0.9199550302307585,0.5984031936127745,4.952843676355067,5.043071484681854,0.5328610783156238,0.4671389216843762,500,532
linecfbp_jp,linept_kam,JP+,Edward Kambour,2080,True,0.9035014226034075,0.22360624267548865,0.9155370073668361,0.554691298006806,5.213384615384616,5.299394230769231,0.5098605098605099,0.49013949013949015,488,432
linecfbp_ryder_analytics,massey,Ryder Analytics,Massey Ratings,550,True,0.7939512749647374,0.223569480646692,0.8708446084989034,0.5879120879120879,6.475363636363636,6.5094,0.44181818181818183,0.5581818181818182,108,120
linecfbp_power_rank_free,linecfbp_professor_sides,Power Rank: Free,Professor Sides,1574,True,0.9215261047749932,0.22353363308696939,0.9309622192600413,0.5935275080906149,4.606480304955528,4.606480304955528,0.5,0.5,326,300
dokter_entropy,linecfbp_david_sasser,Dokter Entropy,David Sasser,550,True,0.9342956393667373,0.2235011555150747,0.9421706984148531,0.5387453874538746,4.133272727272727,4.191236363636364,0.5009107468123861,0.4990892531876138,118,132
linecfbp_ryder_analytics,linecfbp_trent_sorensen,Ryder Analytics,Trent Sorensen,550,True,0.6084745764262111,0.22342334945815662,0.8055443080261523,0.5608856088560885,8.152727272727272,8.152727272727272,0.506398537477148,0.4936014625228519,110,127
linecfbp_cfb_professor,linept_dwig,CFB Professor,DP Dwiggins,1019,True,0.8604981414928804,0.22342092020341578,0.8937284525716128,0.5537359263050153,5.890873405299313,5.955152109911678,0.5198019801980198,0.4801980198019802,215,242
linecfbp_cfb_victory,linecfbp_jp,CFB Victory,JP+,1098,True,0.8095961598011844,0.22340736607175685,0.8682659800921654,0.5611577964519141,6.491165755919854,6.491165755919854,0.4743119266055046,0.5256880733944954,223,252
linecfbp_dratings,linept_bihl,DRatings,Bihl System,1368,True,0.9071243865589166,0.22337951421754673,0.9397190381309791,0.6001483679525222,4.271498538011696,4.3587353801169595,0.5292825768667643,0.4707174231332357,289,261
linept_how,linept_pugh,Howell,Pugh Ratings,3887,True,0.8888023131904628,0.22332658875426123,0.8972348553780146,0.5878432418021861,5.88385129920247,5.88385129920247,0.48674388674388674,0.5132561132561133,785,804
linecfbp_cbcr2_sam,linept_pugh,CBCR2: Sam,Pugh Ratings,515,True,0.8893469367298943,0.22320502494858344,0.8964941924346975,0.6062378167641326,5.601592233009709,5.656116504854369,0.49320388349514566,0.5067961165048543,114,91
linecfbp_beta_rank,linept_laz,Beta_Rank,Laz Index,2590,True,0.8781045490476891,0.2231964982945032,0.8974552525631602,0.5927654609101517,5.519633204633204,5.588389961389962,0.4673619157976053,0.5326380842023948,484,568
linecfbp_jp,moore_ratings,JP+,Moore Power Ratings,2127,True,0.8632640019816458,0.22318408381616253,0.9034835793261481,0.5719714964370546,5.497616361071932,5.588457921955805,0.5303244005641748,0.4696755994358251,487,428
linept_bill,linept_kam,Billingsley,Edward Kambour,3893,True,0.8678672237666164,0.22311278473315585,0.8925373154164196,0.5671296296296297,6.010793732340097,6.010793732340097,0.470679012345679,0.529320987654321,838,814
dokter_entropy,linept_big200,Dokter Entropy,Big 200,1558,True,0.8959586094490981,0.22308547451432176,0.9037550069146546,0.5824742268041238,5.5454300385109105,5.5454300385109105,0.5479099678456592,0.45209003215434085,314,329
keeper,linept_pfz,Keeper,PerformanZ Ratings,3887,True,0.8629694891554852,0.22293109166169134,0.8650382608301921,0.5790559711116843,6.770841265757653,6.770841265757653,0.5276705276705277,0.4723294723294723,823,793
linecfbp_blake_atkinson,sagarin_recent,Blake Atkinson,Sagarin Recent,515,True,0.9463260223911759,0.22291098988607,0.9529181255837811,0.6003937007874016,3.4386407766990295,3.4756893203883497,0.5252918287937743,0.47470817120622566,113,96
linept_bill,piratings_mean,Billingsley,Pi-Ratings Mean,3895,True,0.8754721370522844,0.22269278313398785,0.9003512212848737,0.5764828303850156,5.7120744544287545,5.711817715019255,0.4589111453518233,0.5410888546481767,825,803
dokter_entropy,linept_born,Dokter Entropy,Born Power Index,3132,True,0.9324854611378969,0.22265469999176996,0.9281133999724471,0.5578340275552708,4.835772669220945,4.835772669220945,0.5396166134185304,0.46038338658146966,679,673
linecfbp_john_harris,linept_donchess,John Harris,Donchess Inference,1051,True,0.9635830745598465,0.2226023536077194,0.9656813694836062,0.6041257367387033,2.974500475737393,3.162987630827783,0.49373191899710706,0.506268081002893,222,213
linecfbp_mcillece_sports,linept_loud,McIllece Sports,Loudsound.org,503,True,0.7453670463880834,0.22207382603036546,0.8104415743472746,0.5758196721311475,7.633598409542744,7.647514910536779,0.562,0.438,113,98
fei,piratings,FEI Projections,Pi-Ratings,3896,True,0.9070317688668501,0.22199080370794388,0.919691420435484,0.5879738562091503,4.750133470225872,4.753598562628337,0.48612911589318125,0.5138708841068188,794,797
linept_clean,linept_fluker,Cleanup Hitter,Slate Fluker,694,True,0.7376209176662707,0.22193849930494844,0.8406908653100527,0.5993975903614458,7.5362103746397695,7.5362103746397695,0.3962536023054755,0.6037463976945245,135,140
linecfbp_sportsratings,linept_elo,SportsRatings,Beck Elo,503,True,0.9117435976706727,0.22181747965502113,0.8807100152947795,0.59,5.860974155069583,5.937316103379723,0.46322067594433397,0.536779324055666,105,103
congrove,linept_kam,Congrove Computer Rankings,Edward Kambour,3893,True,0.8916107482922988,0.22179488129047323,0.9057596030587561,0.5890375707668554,5.446843051631133,5.447099922938607,0.48226221079691517,0.5177377892030849,825,746
linecfbp_matt_grissom,linept_donchess,Matt Grissom,Donchess Inference,1051,True,0.9513835125021748,0.2216983578454654,0.9530690466953546,0.5753158406219631,3.5671741198858227,3.740057088487155,0.4731285988483685,0.5268714011516314,236,219
linept_log,sagarin_predictor,Logistic Regression,Sagarin Predictor,1908,True,0.560190943187694,0.22166122981041517,0.8428250772310648,0.5603357817418678,7.844994758909853,7.844994758909853,0.41561844863731656,0.5843815513626834,413,416
linecfbp_cfb_geek,linecfbp_sv_bettor,CFB Geek,SV Bettor,505,True,0.9023344126134201,0.2215264321280974,0.909718057232275,0.56875,5.633267326732674,5.633267326732674,0.508,0.492,111,103
linecfbp_cbcr2_power,linept_kerns,CBCR2: Power,Stephen Kerns,1063,True,0.8673478800450143,0.22140769871005955,0.8711049753839992,0.5903041825095057,6.102351834430856,6.194825964252117,0.5198487712665406,0.48015122873345933,228,218
linecfbp_professor_sides,piratings_bias,Professor Sides,PI-Rate Bias,2632,True,0.9329878127238177,0.2213749341323535,0.9346360941078617,0.5689455388180765,4.505550911854104,4.562078267477204,0.5254496747034061,0.47455032529659397,576,565
linecfbp_power_rank,piratings_bias,Power Rank,PI-Rate Bias,2636,True,0.955903300121424,0.22130992456333934,0.9471794723919515,0.5599229287090559,4.056938543247345,4.119487860394537,0.5449330783938815,0.45506692160611856,587,565
linept_rwp,linept_talis,Laffaye RWP,Talisman Red,3712,True,0.8621473707693481,0.2212093421165538,0.875815742280673,0.5778257350957647,6.235692349137931,6.235692349137931,0.4744073275862069,0.5255926724137931,748,793
linept_big200,moore_ratings,Big 200,Moore Power Ratings,1557,True,0.8627188614754729,0.2210807080932119,0.877865410311509,0.5794212218649518,6.365979447655748,6.36533718689788,0.5038560411311054,0.4961439588688946,342,302
keeper,linecfbp_professor_sides,Keeper,Professor Sides,2625,True,0.9235638850841829,0.22106614782887912,0.9122888469775854,0.5794356397371473,5.293782857142857,5.3385066666666665,0.4683206106870229,0.5316793893129771,575,530
linecfbp_blake_atkinson,linept_donchess,Blake Atkinson,Donchess Inference,515,True,0.9397980016794839,0.22074075684273048,0.9480930569066115,0.5915492957746479,3.642330097087379,3.763495145631068,0.5343811394891945,0.4656188605108055,107,100
linecfbp_sp,linept_laz,SP+,Laz Index,2590,True,0.9119059406347595,0.22057093637243055,0.924007396307516,0.578003120124805,4.598339768339769,4.683907335907336,0.5152804642166344,0.4847195357833656,556,534
linecfbp_blake_atkinson,moore_ratings,Blake Atkinson,Moore Power Ratings,514,True,0.9051703994945061,0.2197991439410014,0.9276181489965325,0.571992110453649,4.631692607003891,4.688540856031128,0.5836575875486382,0.4163424124513619,120,102
linecfbp_cfb_professor,linept_log,CFB Professor,Logistic Regression,486,True,0.5708446532282736,0.2195042415448444,0.8386128870080616,0.56875,8.227283950617284,8.195102880658437,0.5452674897119342,0.4547325102880658,91,123
dokter_entropy,linept_payne,Dokter Entropy,linepayne,3123,True,0.8419802161873279,0.2192532592964271,0.8932103875098261,0.5711989713918354,5.917941082292667,5.917941082292667,0.5615779345734445,0.4384220654265555,664,647
congrove,linecfbp_cfbwe_margin,Congrove Computer Rankings,CFBWE: Margin,516,True,0.8734094499735773,0.21911601015103613,0.9077866372687392,0.5909980430528375,5.473527131782945,5.518410852713179,0.4805447470817121,0.519455252918288,113,101
linecfbp_blake_atkinson,sagarin,Blake Atkinson,Sagarin Ratings,515,True,0.9491048624517867,0.21873635724889043,0.9561890838092783,0.6086956521739131,3.311747572815534,3.387669902912621,0.541747572815534,0.458252427184466,111,88
linecfbp_professor_sides,linept_round,Professor Sides,lineround,1325,True,0.8525197041624745,0.21869139399553564,0.9006044315551966,0.5987411487018096,5.74045283018868,5.769056603773585,0.5435936315390447,0.4564063684609553,280,257
linecfbp_pearatings,linept_dwig,PEARatings,DP Dwiggins,503,True,0.9118165712129754,0.21864835009775366,0.8911108066523996,0.615071283095723,5.586282306163021,5.665407554671968,0.5301204819277109,0.46987951807228917,94,102
linept_elo,linept_fluker,Beck Elo,Slate Fluker,694,True,0.902287619789099,0.2185818853339799,0.9204105526613329,0.5982274741506647,4.658861671469741,4.658861671469741,0.46320346320346323,0.5367965367965368,136,135
espn_fpi,piratings_bias,ESPN FPI,PI-Rate Bias,3943,True,0.9463654082316897,0.21855773428322206,0.9427093759222654,0.5743537240849756,4.1080446360639105,4.1079178290641645,0.5144670050761422,0.4855329949238579,828,822
linecfbp_cbcr2_sam,linecfbp_cfb_graphs,CBCR2: Sam,CFB Graphs,511,True,0.8776695256189749,0.21852937819688287,0.9004544257355352,0.5660749506903353,5.549315068493151,5.549315068493151,0.4841897233201581,0.5158102766798419,108,109
dokter_entropy,linecfbp_cfbwe,Dokter Entropy,CFBWE,516,True,0.9347982010387105,0.21796737829642446,0.9466956175168839,0.5826771653543307,4.064089147286821,4.146996124031007,0.4941860465116279,0.5058139534883721,100,112
dokter_entropy,linecfbp_cfbwe_rounded,Dokter Entropy,CFBWE: Rounded,516,True,0.9349779872994373,0.21793541106000514,0.9471473539751147,0.5836734693877551,4.0657945736434105,4.146220930232558,0.49806201550387597,0.501937984496124,102,109
linept_dwig,massey,DP Dwiggins,Massey Ratings,3888,True,0.8837381784620673,0.2177930729551312,0.8899081713458471,0.5456238361266295,6.059416152263375,6.060187757201646,0.4747682801235839,0.525231719876416,838,913
linept_wayward,piratings_mean,Waywardtrends,Pi-Ratings Mean,1559,True,0.944131584172999,0.2175051541877466,0.9411257008102835,0.5738451528952505,4.196080821039128,4.196080821039128,0.5073765234124439,0.4926234765875561,340,317
linecfbp_cfb_victory,sagarin_recent,CFB Victory,Sagarin Recent,1098,True,0.8615971199912043,0.21746919646989388,0.8859062468748954,0.5846438482886216,6.0707923497267755,6.142577413479053,0.4443430656934307,0.5556569343065694,231,227
linecfbp_room44_bets,linept_payne,Room44 Bets,linepayne,2076,True,0.8167113623229725,0.21718636405267486,0.8764860421423321,0.576171875,6.517875722543353,6.5713535645472065,0.5267727930535456,0.4732272069464544,456,412
linecfbp_si_composite,linept_kam,SI Composite,Edward Kambour,505,True,0.9446954119617136,0.21717015105192525,0.9405429526817694,0.5916334661354582,4.176455445544554,4.215623762376238,0.5178571428571429,0.48214285714285715,105,104
linecfbp_oddstrader_ai,linecfbp_tshoe_index,OddsTrader AI,TShoe Index,1057,True,0.8765788136183379,0.21687620720192435,0.9014350614907267,0.5663010967098704,5.276631977294229,5.276631977294229,0.4831243972999036,0.5168756027000965,228,225
linept_paynep,linept_pig,linepaynep,Pigskin Index,3104,True,0.8699627580443955,0.216759243683755,0.8883680256891751,0.5914198161389173,6.03721649484536,6.037216494845361,0.4529335912314636,0.5470664087685364,644,616
linept_fluker,piratings,Slate Fluker,Pi-Ratings,694,True,0.9332183715481037,0.21657720752937093,0.9284937082652497,0.5895522388059702,4.357247838616715,4.357247838616715,0.5645863570391872,0.43541364296081275,151,127
linept_cather,linept_paynep,linecather,linepaynep,923,True,0.8932251208679393,0.21634627958742444,0.8943872404651794,0.5727170236753101,5.902091007583966,5.902091007583966,0.49729144095341277,0.5027085590465872,184,206
linecfbp_john_harris,linept_paynewl,John Harris,linepaynewl,538,True,0.7088623873676858,0.21630361037835658,0.8235806180457755,0.5988700564971752,8.821412639405205,8.884944237918216,0.6536312849162011,0.3463687150837989,129,93
linecfbp_cfb_geek,linecfbp_oddstrader_ai,CFB Geek,OddsTrader AI,1059,True,0.8811119948769521,0.2162897936849774,0.9051193624135213,0.5718475073313783,5.232200188857412,5.232200188857412,0.5291308500477555,0.4708691499522445,248,197
linept_payne,linept_talis,linepayne,Talisman Red,3069,True,0.8191128193988316,0.21602966559036502,0.8677433359379496,0.5818656229615133,6.546014988595634,6.546014988595634,0.47782126549249837,0.5221787345075016,610,650
linecfbp_beta_rank,linept_kerns,Beta_Rank,Stephen Kerns,2591,True,0.8406407812464897,0.21589644290695853,0.8547291813194108,0.6001558846453624,6.8210999614048635,6.915017367811656,0.5073586367157242,0.49264136328427577,483,557
linecfbp_matt_grissom,linept_dwig,Matt Grissom,DP Dwiggins,1049,True,0.9026003118213529,0.21574314361991387,0.8948140139344397,0.5844027640671273,5.6988560533841754,5.7956148713060065,0.5584291187739464,0.44157088122605365,238,207
linecfbp_cfbwe_rounded,linept_pfz,CFBWE: Rounded,PerformanZ Ratings,516,True,0.8546323449267944,0.21529973064287022,0.888185811330452,0.5528455284552846,6.475193798449612,6.511705426356589,0.5658914728682171,0.43410852713178294,115,114
linecfbp_mcillece_sports,linept_dwig,McIllece Sports,DP Dwiggins,503,True,0.8914550929649395,0.21526115854234537,0.8736864215803445,0.570264765784114,6.240556660039761,6.261232604373758,0.5432595573440644,0.4567404426559356,116,104
linecfbp_cfbwe,linept_pfz,CFBWE,PerformanZ Ratings,516,True,0.8545600738560628,0.21518495532710089,0.8878458528614914,0.5470588235294118,6.4947286821705426,6.525038759689922,0.5697674418604651,0.43023255813953487,119,113
linecfbp_oddstrader_ai,teamrankings,OddsTrader AI,TeamRankings.com,1064,True,0.9018822005299566,0.21512649760593697,0.9190334727126229,0.5098425196850394,4.891249999999999,4.923204887218045,0.4659090909090909,0.5340909090909091,248,265
espn_fpi,linept_big200,ESPN FPI,Big 200,1558,True,0.8959539720926746,0.2149497644683055,0.9003576655335296,0.5511254019292604,5.679653401797177,5.679653401797177,0.5404884318766067,0.45951156812339333,327,363
linept_donchess,linept_pfz,Donchess Inference,PerformanZ Ratings,3896,True,0.8618200423878718,0.21477797757784817,0.8868055909944709,0.5594332196273943,6.216350102669405,6.216350102669405,0.5603182751540041,0.4396817248459959,837,850
linecfbp_cfb_graphs,linept_laz,CFB Graphs,Laz Index,2080,True,0.8699888655320966,0.21469585289168927,0.9084161909391616,0.5918367346938775,4.826076923076924,4.899932692307693,0.4915743861338469,0.5084256138661531,407,449
linecfbp_mcillece_sports,linept_curry,McIllece Sports,Daniel Curry Index,503,True,0.9111917501215099,0.21469240949860288,0.9122449771564309,0.5671342685370742,5.091053677932405,5.109184890656063,0.5039840637450199,0.4960159362549801,118,103
fei,linecfbp_professor_sides,FEI Projections,Professor Sides,2585,True,0.9040435939130222,0.21460920926530083,0.9212308321691636,0.5829383886255924,4.733044487427466,4.827040618955513,0.4888802184939524,0.5111197815060476,556,524
congrove,linecfbp_pearatings,Congrove Computer Rankings,PEARatings,550,True,0.896265974221387,0.21446621608561595,0.9039727320243933,0.5834862385321101,5.322818181818183,5.402709090909091,0.424408014571949,0.575591985428051,114,119
dokter_entropy,linecfbp_oddstrader_ai,Dokter Entropy,OddsTrader AI,1064,True,0.8999088796796595,0.21444593471755283,0.9202434440875705,0.52431906614786,4.846757518796992,4.904144736842105,0.5385338345864662,0.46146616541353386,260,235
linecfbp_cfb_graphs,linept_pugh,CFB Graphs,Pugh Ratings,2080,True,0.9126368113797323,0.21440900445496833,0.9156463211952127,0.5706653715395823,5.094899038461538,5.15441826923077,0.5057692307692307,0.49423076923076925,444,442
linept_argh,linept_pugh,Argh Ratings,Pugh Ratings,3129,True,0.9090115763822892,0.21426172062694507,0.9061622537559971,0.5851876453005646,5.4748130393096845,5.4748130393096845,0.49472337703869523,0.5052766229613047,634,647
linecfbp_oddstrader_ai,linept_rwp,OddsTrader AI,Laffaye RWP,1010,True,0.7985732787281516,0.21418288932601146,0.8600704581978961,0.6153846153846154,6.524237623762375,6.5427128712871285,0.5163528245787908,0.4836471754212091,196,202
linecfbp_room44_bets,linept_pfz,Room44 Bets,PerformanZ Ratings,2589,True,0.8405205589333035,0.21417312675360564,0.8713404892651389,0.5659491193737769,6.622039397450753,6.681135573580533,0.5513910355486863,0.44860896445131376,556,560
linecfbp_matt_grissom,linept_how,Matt Grissom,Howell,1051,True,0.891991748026703,0.2141718101379383,0.9108569631944781,0.5781094527363184,5.314909609895337,5.386346336822074,0.5363984674329502,0.46360153256704983,237,216
linecfbp_sp,linept_payne,SP+,linepayne,2078,True,0.8519094083952548,0.21413693128092284,0.8912767913659938,0.5765678172095284,5.975279114533206,6.039966313763234,0.5589792970630717,0.44102070293692824,463,409
moore_ratings,piratings_bias,Moore Power Ratings,PI-Rate Bias,3940,True,0.9091473379089524,0.2141011371506704,0.9176144849625345,0.5713554987212276,5.0836928934010155,5.083819796954315,0.471156289707751,0.5288437102922491,822,839
linecfbp_professor_sides,linept_payne,Professor Sides,linepayne,2072,True,0.8466169693098727,0.21398444343387027,0.8903423014892,0.6112469437652812,5.799155405405406,5.850574324324324,0.5475615644616127,0.45243843553838725,412,391
linecfbp_blake_atkinson,linept_pugh,Blake Atkinson,Pugh Ratings,515,True,0.9298568500291469,0.213887895452995,0.9304338439703824,0.5897435897435898,4.527106796116505,4.620116504854369,0.5592233009708738,0.4407766990291262,123,92
linecfbp_mcillece_sports,linept_laz,McIllece Sports,Laz Index,503,True,0.8590921676731573,0.21374059652191552,0.8701410133438373,0.5991983967935872,4.900258449304175,4.927216699801193,0.5089463220675944,0.49105367793240556,102,101
keeper,linept_fox,Keeper,linefox,2320,True,0.9091873596690557,0.21350431857013638,0.9010691032221735,0.5671441360787824,5.678387931034483,5.678172413793104,0.48249027237354086,0.5175097276264592,524,470
linecfbp_cfbwe_talent,linept_payne,CFBWE: Talent,linepayne,516,True,0.6912999834634872,0.21283226382861,0.8563796795307492,0.548828125,7.28343023255814,7.281647286821706,0.48255813953488375,0.5174418604651163,115,115
linecfbp_cbcr2_sam,linept_donchess,CBCR2: Sam,Donchess Inference,515,True,0.8915772709762162,0.21260199159391957,0.9095286543218828,0.5546719681908548,5.160582524271844,5.234757281553398,0.4525691699604743,0.5474308300395256,110,111
espn_fpi,linecfbp_sportsline,ESPN FPI,SportsLine,1613,True,0.9031898125137484,0.21256810100562543,0.9210592121717561,0.5659062103929025,4.95531928084315,5.089987600743955,0.5378411910669976,0.4621588089330025,354,341
linecfbp_matt_grissom,linept_payne,Matt Grissom,linepayne,538,True,0.7521387440505392,0.21243718536053402,0.8367609141546989,0.5839552238805971,8.19,8.273085501858736,0.6319702602230484,0.3680297397769517,132,100
linecfbp_cfb_professor,linept_paynep,CFB Professor,linepaynep,1022,True,0.9009679052413915,0.2123722163196873,0.9098908292178638,0.5897435897435898,5.289148727984345,5.344706457925636,0.5048923679060665,0.49510763209393344,192,221
linecfbp_professor_sides,linept_paynep,Professor Sides,linepaynep,2072,True,0.8707720435093129,0.21234752117356975,0.8916412770949219,0.6117359413202934,5.758812741312741,5.843976833976835,0.5424710424710425,0.4575289575289575,408,404
linecfbp_cfb_geek,linept_laz,CFB Geek,Laz Index,2075,True,0.9043193960592102,0.21233002058286135,0.9176164546328786,0.566990291262136,4.736718072289156,4.794366265060241,0.5217181467181468,0.4782818532818533,452,433
linecfbp_kford,linept_paynewl,KFord,linepaynewl,1053,True,0.7313889853374353,0.21210037604926138,0.8407386618236679,0.579250720461095,7.739259259259259,7.801671415004749,0.6066666666666667,0.3933333333333333,246,204
linecfbp_power_rank,linept_argh,Power Rank,Argh Ratings,2086,True,0.877318033623331,0.21176653191482028,0.926166501613371,0.5523665659617322,4.9678092042186,5.038231064237776,0.5411025145067698,0.4588974854932302,497,436
congrove,linept_curry,Congrove Computer Rankings,Daniel Curry Index,3892,True,0.8711988879811046,0.21174172052953932,0.8838571567526614,0.5703627476202727,6.216857656731758,6.217114594039055,0.507332132750193,0.49266786724980705,858,778
linecfbp_wilson_ratings,linept_pig,Wilson Ratings,Pigskin Index,2307,True,0.9290799351381108,0.2114922422351697,0.9297233882195531,0.5935903390617743,4.514456003467706,4.541937581274382,0.5107221006564552,0.4892778993435449,501,440
linecfbp_dratings,teamrankings,DRatings,TeamRankings.com,2638,True,0.9449994388915421,0.2114716676399864,0.9505277080892244,0.587431693989071,3.7789120545868085,3.8609438968915843,0.49482560367957074,0.5051743963204293,543,549
linept_round,massey,lineround,Massey Ratings,2105,True,0.8266904427398808,0.21134562515810706,0.8910403946273253,0.5614035087719298,6.043738717339667,6.043738717339667,0.4629277566539924,0.5370722433460076,442,466
linecfbp_trent_sorensen,linecfbp_tshoe_index,Trent Sorensen,TShoe Index,1096,True,0.767337658026001,0.21127158388106543,0.8548601929455455,0.5875598086124402,6.760310218978102,6.760310218978102,0.4380165289256198,0.5619834710743802,235,205
linecfbp_cbcr2_power,linept_pfz,CBCR2: Power,PerformanZ Ratings,1063,True,0.8296025336484557,0.21125000025641383,0.8576225688394129,0.5928030303030303,6.8006773283160875,6.822370649106303,0.5258701787394168,0.47412982126058323,226,220
linecfbp_oddstrader_ai,linecfbp_power_rank_free,OddsTrader AI,Power Rank: Free,512,True,0.8386521606000211,0.21031542849817952,0.872427799557906,0.5606361829025845,6.6830078125,6.6830078125,0.41796875,0.58203125,101,118
linecfbp_cfb_graphs,linept_how,CFB Graphs,Howell,2081,True,0.8476696159534775,0.21014239711645719,0.8956803692771543,0.5813253012048193,5.707044690052859,5.752542047092744,0.5293262239457102,0.4706737760542899,437,443
linecfbp_oddstrader_ai,linept_clean,OddsTrader AI,Cleanup Hitter,1017,True,0.7105720804749279,0.21006320923406624,0.8246450850417926,0.5993756503642039,7.770353982300886,7.814601769911505,0.5315040650406504,0.4684959349593496,191,213
linept_bill,sagarin_recent,Billingsley,Sagarin Recent,3895,True,0.8588485215687949,0.2100014949970122,0.8923861139913805,0.5698482119886802,5.938721437740693,5.938721437740693,0.4617163412127441,0.5382836587872559,826,806
linecfbp_david_sasser,linept_pig,David Sasser,Pigskin Index,238,True,0.9385462389813211,0.20995562770450496,0.9251167885327439,0.5526315789473685,4.779327731092437,4.84781512605042,0.4957983193277311,0.5042016806722689,57,48
linecfbp_cfb_graphs,sagarin,CFB Graphs,Sagarin Ratings,2128,True,0.9093179201238536,0.20981188453425476,0.9338808656067157,0.5752969121140142,4.378533834586467,4.450075187969924,0.4684557438794727,0.5315442561205274,437,465
linecfbp_wilson_ratings,linept_kerns,Wilson Ratings,Stephen Kerns,2591,True,0.8675938866253234,0.20950567947532805,0.8709864062105006,0.572659616137877,6.349834040910845,6.454125820146661,0.5441518202943455,0.45584817970565455,546,564
linecfbp_matt_grissom,linept_fluker,Matt Grissom,Slate Fluker,468,True,0.9401110611389769,0.20939502991060632,0.9411222653703544,0.6119733924611973,3.337542735042735,3.5180982905982905,0.5,0.5,92,94
linecfbp_david_sasser,linept_big200,David Sasser,Big 200,503,True,0.8765725190940413,0.20922859426600457,0.8808701874697287,0.5582329317269076,6.107534791252485,6.140536779324055,0.5308151093439364,0.4691848906560636,115,107
linecfbp_beta_rank,linept_fluker,Beta_Rank,Slate Fluker,468,True,0.9073091031129863,0.2089594008321761,0.9129194677396919,0.6181015452538632,4.8137393162393165,4.905833333333334,0.41630901287553645,0.5836909871244635,81,103
linecfbp_blake_atkinson,linecfbp_cfb_graphs,Blake Atkinson,CFB Graphs,511,True,0.9210797189845797,0.2087400408798597,0.936431004874267,0.5848303393213573,4.198238747553816,4.198238747553816,0.5531496062992126,0.4468503937007874,108,101
linept_wayward,moore_ratings,Waywardtrends,Moore Power Ratings,1558,True,0.8984393113477184,0.20839665877996086,0.9157207907493145,0.5790488431876607,5.098453145057766,5.097811296534018,0.5311496467565832,0.46885035324341684,324,323
fei,linept_born,FEI Projections,Born Power Index,3133,True,0.9008913875115364,0.2081685962884897,0.8996859986080578,0.6007089912987431,5.257050750079796,5.25982764123843,0.51629392971246,0.4837060702875399,622,610
congrove,harville,Congrove Computer Rankings,David Harville,3942,True,0.8953873412824723,0.20814440775273985,0.9136028257389559,0.5759654471544715,5.1689928970065955,5.1692465753424655,0.4651930894308943,0.5348069105691057,848,785
linept_born,massey,Born Power Index,Massey Ratings,3133,True,0.9219583294947706,0.20777073383464806,0.9084056574759689,0.5581841432225064,5.427660389403128,5.428617938078519,0.47619047619047616,0.5238095238095238,657,704
linecfbp_professor_sides,linept_big200,Professor Sides,Big 200,1046,True,0.8798833378085047,0.20765486844373454,0.8843701803606723,0.5878962536023055,6.142284894837476,6.135573613766731,0.5349282296650718,0.46507177033492825,208,221
linecfbp_si_composite,sagarin_recent,SI Composite,Sagarin Recent,505,True,0.8960356892117372,0.20739731013071502,0.9196235496703501,0.5697211155378487,4.994534653465347,4.971801980198021,0.49206349206349204,0.5079365079365079,104,111
linecfbp_cfb_professor,piratings_bias,CFB Professor,PI-Rate Bias,1022,True,0.9300886622729454,0.20703791389658438,0.9335185574658188,0.5613861386138614,4.494794520547946,4.529138943248532,0.4801980198019802,0.5198019801980198,215,229
linecfbp_power_rank_free,linept_cather,Power Rank: Free,linecather,516,True,0.9211302038314507,0.20691464297318235,0.9133609804323216,0.5544147843942505,5.545542635658915,5.542054263565891,0.5636007827788649,0.436399217221135,129,98
linept_fluker,moore_ratings,Slate Fluker,Moore Power Ratings,694,True,0.8978225939488479,0.20690463573904308,0.9167866388416844,0.6227810650887574,4.73536023054755,4.733919308357348,0.5734870317002881,0.4265129682997118,126,132
linecfbp_beta_rank,linecfbp_sportsline,Beta_Rank,SportsLine,1610,True,0.8695095037318608,0.20680897037417442,0.8894158337256252,0.5681381957773513,6.009006211180124,6.009006211180124,0.4769038701622971,0.5230961298377028,328,360
dokter_entropy,linept_pfz,Dokter Entropy,PerformanZ Ratings,3895,True,0.8657825912571618,0.20656554318150497,0.8897610196596698,0.5591342437516104,6.104629011553273,6.104629011553273,0.5692268173645004,0.43077318263549963,835,854
linecfbp_cfb_professor,linecfbp_obmodel,CFB Professor,OBModel,507,True,0.9148248000193342,0.2063128584402343,0.9322164898199706,0.5833333333333334,4.653648915187376,4.653648915187376,0.45617529880478086,0.5438247011952191,91,117
linecfbp_beta_rank,linept_payne,Beta_Rank,linepayne,2079,True,0.8195773496829748,0.2062308416633013,0.8663526155919943,0.5703918722786647,6.779139009139009,6.838734968734968,0.5175565175565175,0.48244348244348245,432,454
linept_pugh,massey,Pugh Ratings,Massey Ratings,3889,True,0.9245886983778587,0.20607904607885752,0.9183663940609131,0.5672333848531684,5.01053998457187,5.011311391103112,0.49009518909184463,0.5099048109081554,795,854
linecfbp_power_rank,linept_fluker,Power Rank,Slate Fluker,468,True,0.952561742945401,0.2059790823357712,0.9561888473940657,0.5907079646017699,2.779636752136752,2.8572008547008547,0.5053763440860215,0.4946236559139785,79,115
keeper,piratings_mean,Keeper,Pi-Ratings Mean,3934,True,0.9256896540273772,0.2055696501100722,0.9161480791637133,0.5588538977800723,5.1880172852058974,5.188373157092018,0.47112693970999747,0.5288730602900026,890,821
dokter_entropy,linept_fluker,Dokter Entropy,Slate Fluker,694,True,0.9568343064228269,0.20548751560896675,0.960740435126229,0.5659259259259259,2.896930835734871,2.896930835734871,0.4862914862914863,0.5137085137085137,144,151
linecfbp_tshoe_index,linept_big200,TShoe Index,Big 200,1050,True,0.885005260819565,0.2052523233321372,0.892109671861698,0.5574257425742575,5.824752380952381,5.796047619047619,0.5361904761904762,0.4638095238095238,226,240
linecfbp_cfb_geek,linept_dwig,CFB Geek,DP Dwiggins,2070,True,0.8771973807255046,0.2052123786305664,0.8864604861829221,0.5709255533199196,5.88,5.989565217391304,0.5250121418164158,0.47498785818358424,464,412
linecfbp_room44_bets,linept_clean,Room44 Bets,Cleanup Hitter,2550,True,0.7511562892866951,0.2045948843403789,0.8523435555365971,0.5850284784377543,7.268847058823528,7.34598431372549,0.5539739027283511,0.4460260972716489,544,512
congrove,linept_born,Congrove Computer Rankings,Born Power Index,3132,True,0.8889669700976548,0.20444628734853978,0.8933493822606474,0.57193094629156,5.894214559386973,5.894214559386973,0.49568827850526986,0.5043117214947301,691,626
linept_how,linept_paynep,Howell,linepaynep,3122,True,0.8215967960880077,0.20425604310629775,0.8593910816864961,0.5922974767596282,6.900166559897501,6.900166559897501,0.5108904548366432,0.4891095451633568,617,637
dokter_entropy,linecfbp_obmodel,Dokter Entropy,OBModel,507,True,0.9385210970836038,0.2040527603715804,0.950042387327636,0.5606361829025845,3.941262327416174,3.994319526627219,0.5296442687747036,0.47035573122529645,106,113
fei,piratings_bias,FEI Projections,PI-Rate Bias,3896,True,0.9144925040204351,0.20390252011497656,0.9180908648263187,0.5906005221932115,4.754971765913758,4.758180184804928,0.48719937936384794,0.5128006206361521,785,790
congrove,sagarin_recent,Congrove Computer Rankings,Sagarin Recent,3942,True,0.8883418633187463,0.2037986091961912,0.9052485542953183,0.5732451678535097,5.410618975139524,5.410872653475394,0.4713197969543147,0.5286802030456853,863,788
linept_donchess,teamrankings,Donchess Inference,TeamRankings.com,3896,True,0.9498896649117011,0.20365898065872695,0.9542300411297254,0.5921192758253461,3.6372125256673504,3.6372125256673504,0.5037730939370284,0.49622690606297165,791,783
espn_fpi,linecfbp_beta_rank,ESPN FPI,Beta_Rank,2638,True,0.9001207207836712,0.2034332887766612,0.9157310526726945,0.5561497326203209,5.26300606520091,5.348479909021987,0.5464895635673624,0.45351043643263755,618,545
linecfbp_dratings,linecfbp_professor_sides,DRatings,Professor Sides,2631,True,0.9281296363995559,0.2033382501476664,0.9375850426752278,0.5751659508004686,4.326301786393007,4.326301786393007,0.49480968858131485,0.5051903114186851,556,541
linecfbp_power_rank,linept_pig,Power Rank,Pigskin Index,2305,True,0.9513277911210786,0.20329785365045597,0.9499558675120615,0.5698375870069605,3.9183297180043386,3.951691973969632,0.530389156099694,0.46961084390030605,530,462
linecfbp_power_rank_free,linept_curry,Power Rank: Free,Daniel Curry Index,1576,True,0.9065360592164418,0.203203145840964,0.9017042834028374,0.5470249520153551,5.872074873096446,5.911250000000001,0.5374365482233503,0.46256345177664976,372,333
linept_donchess,linept_kam,Donchess Inference,Edward Kambour,3894,True,0.9309741830128012,0.2031871584325483,0.9367919314391726,0.5979516806722689,4.310844889573703,4.310844889573703,0.5322539193009509,0.4677460806990491,790,759
linecfbp_oddstrader_ai,linept_pfz,OddsTrader AI,PerformanZ Ratings,1017,True,0.8152228108384918,0.20298466543965837,0.843499704202461,0.5721544715447154,7.1417207472959685,7.159183874139627,0.5334645669291339,0.46653543307086615,209,228
linept_curry,linept_rwp,Daniel Curry Index,Laffaye RWP,3764,True,0.8757811856228146,0.20280451338038077,0.8640341120393972,0.5741282938514772,6.63066684378321,6.63066684378321,0.5190007972362477,0.4809992027637523,782,788
linecfbp_dratings,linecfbp_oddstrader_ai,DRatings,OddsTrader AI,1059,True,0.8763707202551592,0.20271019606808494,0.9080369655061357,0.577755905511811,5.113408876298395,5.113408876298395,0.538534728829686,0.461465271170314,238,201
linecfbp_cfbwe_talent,piratings_mean,CFBWE: Talent,Pi-Ratings Mean,516,True,0.8061019018262036,0.20267079852890743,0.8743511485649719,0.5255905511811023,6.841666666666667,6.8191860465116285,0.4727626459143969,0.5272373540856031,123,118
linecfbp_cfb_victory,sagarin_predictor,CFB Victory,Sagarin Predictor,1098,True,0.8456836600565099,0.20246533174466863,0.8895444046542159,0.5727525486561631,5.845291438979964,5.949517304189435,0.42413162705667273,0.5758683729433273,232,247
linecfbp_cbcr2_sam,linept_argh,CBCR2: Sam,Argh Ratings,515,True,0.8464955633193588,0.20207992555920434,0.8858654662339277,0.5564516129032258,6.100097087378641,6.10126213592233,0.5068493150684932,0.4931506849315068,127,101
linept_kerns,linept_talis,Stephen Kerns,Talisman Red,3839,True,0.8486652549460264,0.2017331058190068,0.8602243828419079,0.5942483660130718,6.599901015889555,6.599901015889555,0.48201251303441084,0.5179874869655892,747,778
linecfbp_cfbwe_margin,linept_born,CFBWE: Margin,Born Power Index,516,True,0.9041857347843747,0.2017108311026837,0.9089980839193071,0.5596868884540117,5.396724806201551,5.403081395348837,0.5155038759689923,0.4844961240310077,116,109
linecfbp_ryder_analytics,linept_elo,Ryder Analytics,Beck Elo,503,True,0.7589198436634289,0.20165962589663086,0.8490810479436566,0.554,6.990914512922465,6.9851491053677925,0.44532803180914515,0.5546719681908548,110,120
linecfbp_sp,linept_donchess,SP+,Donchess Inference,2591,True,0.9389851030373286,0.20124442695934844,0.944070792052522,0.5815433571996818,4.045484368969509,4.1651215746815895,0.5013666536509176,0.4986333463490824,568,515
congrove,espn_fpi,Congrove Computer Rankings,ESPN FPI,3942,True,0.8979073881137293,0.20120394088227617,0.9156978252242906,0.5747711088504578,5.135986808726535,5.135606291222729,0.46093353627600203,0.539066463723998,847,797
linecfbp_beta_rank,piratings_mean,Beta_Rank,Pi-Ratings Mean,2638,True,0.8974527360933671,0.20051820750472607,0.9115167980835308,0.5752314814814815,5.39529946929492,5.455761940864291,0.47099236641221376,0.5290076335877862,543,566
linecfbp_professor_sides,linept_elo,Professor Sides,Beck Elo,2585,True,0.8980822428360328,0.2003444492322883,0.9179310456696791,0.5740595611285266,5.091597678916828,5.151876208897485,0.5228328173374613,0.4771671826625387,553,555
fei,linecfbp_room44_bets,FEI Projections,Room44 Bets,2589,True,0.8734466932385181,0.19990731803860662,0.9059509211869468,0.5837282780410743,5.112769409038239,5.214963306295867,0.4970828471411902,0.5029171528588098,541,539
linecfbp_professor_sides,piratings,Professor Sides,Pi-Ratings,2632,True,0.9258797811460538,0.1997829171190411,0.9325654395732366,0.5807826423866719,4.556117021276595,4.62001519756839,0.529276693455798,0.4707233065442021,562,545
linecfbp_blake_atkinson,linept_fox,Blake Atkinson,linefox,515,True,0.9200192180049104,0.19958347469443394,0.9309810274716848,0.5551020408163265,4.461184466019417,4.484058252427184,0.5538160469667319,0.4461839530332681,119,106
linecfbp_trent_sorensen,sagarin,Trent Sorensen,Sagarin Ratings,1098,True,0.7707493147249618,0.1992677351491322,0.8626152378368688,0.5676172953081877,6.572959927140255,6.651520947176685,0.43624772313296906,0.563752276867031,239,234
linecfbp_cfb_victory,linept_kerns,CFB Victory,Stephen Kerns,1051,True,0.8268964943844762,0.19917611843330207,0.8092271533779851,0.5605033881897387,8.077402473834443,8.153425309229306,0.4947569113441373,0.5052430886558628,230,237
linept_how,linept_super,Howell,linesuper,767,True,0.9293520053974385,0.19886917627169526,0.80027802320096,0.5924426450742241,8.94354628422425,8.94354628422425,0.5673202614379085,0.4326797385620915,146,163
linecfbp_jp,teamrankings,JP+,TeamRankings.com,2129,True,0.9139267613789169,0.1987001181531915,0.9294895330650156,0.5440539239287434,4.680324095819634,4.763038985439173,0.4799054373522459,0.5200945626477541,499,458
linecfbp_dratings,linecfbp_mcillece_sports,DRatings,McIllece Sports,550,True,0.911241151709781,0.19866126560686606,0.9183701076023714,0.551660516605166,4.769272727272727,4.769272727272727,0.5202205882352942,0.4797794117647059,116,123
linept_super,piratings,linesuper,Pi-Ratings,769,True,0.9039346448862509,0.19850455628368519,0.8232088437285014,0.5526315789473685,8.578790637191158,8.578790637191158,0.41482444733420026,0.5851755526657998,170,165
linecfbp_matt_grissom,linept_bill,Matt Grissom,Billingsley,1051,True,0.8778132873810991,0.19826119984613194,0.9021658531808557,0.5790987535953979,5.684281636536632,5.710770694576594,0.5556612749762131,0.44433872502378685,233,215
linecfbp_obmodel,linecfbp_room44_bets,OBModel,Room44 Bets,507,True,0.8649782844733913,0.19822902797537909,0.8967518140529384,0.5667351129363449,6.0114398422090725,6.0114398422090725,0.5449101796407185,0.4550898203592814,123,95
linecfbp_sv_bettor,linept_kerns,SV Bettor,Stephen Kerns,507,True,0.7878631651124567,0.19807841231422624,0.8556375656609131,0.5720164609053497,7.213510848126233,7.299704142011834,0.5009861932938856,0.4990138067061144,98,120
linept_loud,teamrankings,Loudsound.org,TeamRankings.com,3814,True,0.7782806675783933,0.1980256021119703,0.8536717792682192,0.5863945578231292,6.8059989512323025,6.8059989512323025,0.4356879283078545,0.5643120716921455,774,779
linecfbp_matt_grissom,linept_wayward,Matt Grissom,Waywardtrends,1051,True,0.9365261565948921,0.19794381346909753,0.9403253690946102,0.5666347075743049,4.216717411988582,4.311332064700284,0.5195424213536701,0.4804575786463298,237,217
linept_big200,linept_kerns,Big 200,Stephen Kerns,1558,True,0.8351415814584497,0.1977077811539501,0.8176661246286864,0.5804375804375804,7.707471116816432,7.707471116816431,0.5154043645699615,0.48459563543003853,329,312
espn_fpi,linept_paynewl,ESPN FPI,linepaynewl,3124,True,0.7499214277173007,0.19755336408154417,0.853260528123735,0.5714744619338259,7.278940460947505,7.278140204865558,0.5718860070445085,0.4281139929554915,681,633
congrove,linecfbp_cfbwe_average,Congrove Computer Rankings,CFBWE: Average,516,True,0.8820016409430295,0.19720945471899048,0.9088196500005147,0.5964912280701754,5.486317829457365,5.515155038759691,0.4496124031007752,0.5503875968992248,105,102
linecfbp_beta_rank,linecfbp_cfb_victory,Beta_Rank,CFB Victory,1097,True,0.8231816105996137,0.19705166663962623,0.8573538936698302,0.5578358208955224,6.879854147675479,6.879854147675479,0.5036697247706422,0.4963302752293578,229,249
linecfbp_room44_bets,linecfbp_trent_sorensen,Room44 Bets,Trent Sorensen,1098,True,0.7658045712096924,0.19647186201450798,0.8495654141660559,0.5510204081632653,6.933788706739525,6.933788706739525,0.5663311985361391,0.43366880146386094,245,237
linecfbp_cfb_geek,linept_pfz,CFB Geek,PerformanZ Ratings,2075,True,0.8528960733370233,0.1963576910095589,0.8750293956522586,0.5662299854439592,6.407479518072289,6.454795180722892,0.5455421686746988,0.4544578313253012,451,447
linecfbp_blake_atkinson,piratings_mean,Blake Atkinson,Pi-Ratings Mean,515,True,0.9423438961147541,0.19633540284928888,0.9456342605824752,0.5691699604743083,3.694155339805825,3.738815533980582,0.5138339920948617,0.48616600790513836,113,108
linecfbp_cfbwe_margin,piratings_bias,CFBWE: Margin,PI-Rate Bias,516,True,0.9181872433387627,0.19616168869546757,0.9324856191911634,0.6039215686274509,4.442829457364341,4.412945736434108,0.50682261208577,0.49317738791423,106,99
linecfbp_trent_sorensen,sagarin_predictor,Trent Sorensen,Sagarin Predictor,1098,True,0.7643188053389864,0.19607468029481726,0.8619997101559883,0.5502304147465438,6.6168579234972675,6.707714025500911,0.4365296803652968,0.5634703196347032,245,243
linept_loud,sagarin_recent,Loudsound.org,Sagarin Recent,3814,True,0.7630917965792959,0.19579271100506565,0.8437026702232199,0.5670158474348643,7.091567907708443,7.091567907708443,0.4361060089215429,0.5638939910784571,813,803
linept_donchess,piratings_mean,Donchess Inference,Pi-Ratings Mean,3896,True,0.9423527704125696,0.1957623543376921,0.9467788108455335,0.5955354770130216,3.9001078028747433,3.8998511293634497,0.5090673575129534,0.49093264248704666,794,763
linept_payne,linept_pig,linepayne,Pigskin Index,3104,True,0.8484212969653058,0.19569413971722843,0.8838962168022991,0.5923024523160763,6.1029574742268045,6.1029574742268045,0.45164410058027077,0.5483558994197292,654,607
linecfbp_cbcr2_power,linecfbp_power_rank,CBCR2: Power,Power Rank,1063,True,0.9143008360607469,0.19566290293103886,0.9221392453179696,0.5510983763132761,4.938005644402635,4.938005644402635,0.45411542100283825,0.5458845789971618,238,234
linecfbp_cfb_victory,moore_ratings,CFB Victory,Moore Power Ratings,1097,True,0.8211034210062225,0.19534165275835866,0.8625299016409782,0.6049953746530989,6.495569735642661,6.57531449407475,0.487693710118505,0.512306289881495,226,211
linecfbp_jp,linept_talis,JP+,Talisman Red,2079,True,0.8854185587363022,0.19529730103545292,0.8999769243399209,0.5415653864851726,5.663030303030303,5.757162097162097,0.5038535645472062,0.49614643545279385,481,468
linecfbp_cbcr2_power,linecfbp_cfb_victory,CBCR2: Power,CFB Victory,548,True,0.8313352906156801,0.19525850887290083,0.8652268529871814,0.549165120593692,6.970255474452555,6.970255474452555,0.521978021978022,0.47802197802197804,125,123
linept_paynewl,piratings_mean,linepaynewl,Pi-Ratings Mean,3124,True,0.772305254004478,0.19521284453068227,0.8507930715791824,0.5556999025657681,7.447259923175415,7.446939820742637,0.4299903876962512,0.5700096123037488,679,690
linecfbp_pearatings,linept_bill,PEARatings,Billingsley,503,True,0.904590656700936,0.19504890684509976,0.9208042580749909,0.5421686746987951,4.977992047713718,4.96479125248509,0.5168986083499006,0.4831013916500994,108,125
congrove,linept_payne,Congrove Computer Rankings,linepayne,3123,True,0.8095736836840215,0.1948251058850207,0.8616475718712379,0.5574085952533675,6.981857188600705,6.981857188600705,0.5216276834347965,0.47837231656520346,715,640
dokter_entropy,linept_dwig,Dokter Entropy,DP Dwiggins,3887,True,0.8952595875067805,0.19466239688385,0.9030656200871338,0.5664447403462051,5.592930280421919,5.592930280421919,0.5484037075180227,0.45159629248197736,853,815
linept_kerns,sagarin_predictor,Stephen Kerns,Sagarin Predictor,3896,True,0.8745460057256462,0.19462340114442142,0.8784149898526892,0.56656346749226,6.181134496919918,6.181134496919918,0.4502698535080956,0.5497301464919044,826,831
linecfbp_tshoe_index,piratings_bias,TShoe Index,PI-Rate Bias,2127,True,0.9245522215736128,0.19451894632097116,0.9265556064572303,0.5757281553398058,4.67228490832158,4.758932769158439,0.5083135391923991,0.4916864608076009,459,458
linecfbp_beta_rank,linept_donchess,Beta_Rank,Donchess Inference,2591,True,0.8989388924499487,0.19424650081951447,0.9127508050983805,0.5674068199841396,5.263014280200695,5.337464299498262,0.4449202024133904,0.5550797975866095,528,581
dokter_entropy,linecfbp_beta_rank,Dokter Entropy,Beta_Rank,2637,True,0.9017510448039807,0.19406902363662723,0.9169938397186087,0.5595557257755649,5.189548729616989,5.262973075464543,0.552521805081532,0.44747819491846796,614,528
linecfbp_matt_grissom,linept_pfz,Matt Grissom,PerformanZ Ratings,1051,True,0.85686095001496,0.19381315135142793,0.87156210396915,0.573346116970278,6.309039010466223,6.342759276879162,0.5528068506184586,0.44719314938154137,217,234
linecfbp_cfb_professor,linept_pfz,CFB Professor,PerformanZ Ratings,1022,True,0.8532353451108898,0.19369790008357907,0.8910291060749035,0.5414201183431953,6.28609589041096,6.379168297455969,0.5489236790606654,0.45107632093933464,221,241
linecfbp_mcillece_sports,linept_talis,McIllece Sports,Talisman Red,502,True,0.9165405849946188,0.1935045386752478,0.9117636470946834,0.5963855421686747,4.954482071713148,4.999183266932271,0.5039840637450199,0.4960159362549801,101,100
linecfbp_david_sasser,linecfbp_power_rank,David Sasser,Power Rank,550,True,0.9254700500020736,0.19345862207948045,0.9394198165422023,0.5157699443413729,4.151090909090909,4.151090909090909,0.4936014625228519,0.506398537477148,150,111
linecfbp_professor_sides,massey,Professor Sides,Massey Ratings,2632,True,0.914079399699337,0.19337657308955972,0.92727949701189,0.5663716814159292,4.71798632218845,4.776063829787233,0.5055112124667427,0.4944887875332573,543,595
linecfbp_beta_rank,linecfbp_professor_sides,Beta_Rank,Professor Sides,2630,True,0.8895493580524413,0.19332809450184063,0.9053247740846675,0.5578336557059961,5.5976425855513305,5.5976425855513305,0.46130268199233715,0.5386973180076629,543,594
linecfbp_oddstrader_ai,linept_kam,OddsTrader AI,Edward Kambour,1017,True,0.8815988851122487,0.19331339122605004,0.8987102396976476,0.5365853658536586,5.589970501474927,5.622792527040315,0.47000983284169123,0.5299901671583087,218,244
linecfbp_mcillece_sports,linecfbp_wilson_ratings,McIllece Sports,Wilson Ratings,550,True,0.9090289379435742,0.19320915993852383,0.9153226739288087,0.5740740740740741,4.859272727272728,4.859272727272728,0.46983546617915906,0.5301645338208409,128,103
linecfbp_wilson_ratings,piratings,Wilson Ratings,Pi-Ratings,2638,True,0.9227355515460788,0.1931887519318972,0.926453278674134,0.5660741885625966,4.693570887035633,4.781887793783169,0.5154875717017209,0.4845124282982792,582,561
dokter_entropy,linept_elo,Dokter Entropy,Beck Elo,3895,True,0.9030506401095229,0.19313152872546968,0.9287610004117491,0.5520887055183084,4.790878048780488,4.790878048780488,0.5407141022347803,0.4592858977652196,872,842
linecfbp_matt_grissom,linept_big200,Matt Grissom,Big 200,1050,True,0.8897725063427788,0.19305611343653728,0.8950304756003078,0.5700575815738963,5.755057142857142,5.7605619047619046,0.5567206863679695,0.4432793136320305,234,217
linecfbp_dratings,piratings_mean,DRatings,Pi-Ratings Mean,2638,True,0.9368801852764848,0.19280712429451602,0.9421566581420395,0.5911214953271028,4.079825625473844,4.148589840788476,0.5152788388082505,0.4847211611917494,562,521
linecfbp_oddstrader_ai,sagarin_golden_mean,OddsTrader AI,Sagarin Golden Mean,1064,True,0.8799240092095567,0.1927325596200483,0.9077397164697734,0.5413022351797862,5.2185338345864665,5.274342105263157,0.4619002822201317,0.5380997177798683,233,251
linecfbp_cfb_geek,linecfbp_dratings,CFB Geek,DRatings,2120,True,0.922242514666193,0.19253387756486767,0.9317032312877932,0.5626204238921002,4.530330188679245,4.530330188679245,0.4752851711026616,0.5247148288973384,464,443
linept_fluker,linept_pfz,Slate Fluker,PerformanZ Ratings,694,True,0.8583159697257751,0.19249930237001267,0.8717360635377799,0.5923190546528804,6.345907780979826,6.345907780979826,0.5936599423631124,0.40634005763688763,141,139
linecfbp_professor_sides,linecfbp_sportsline,Professor Sides,SportsLine,1607,True,0.887669124145796,0.1922233776322181,0.9006082905311387,0.564299424184261,5.642377100186683,5.642377100186683,0.5253918495297806,0.4746081504702194,351,336
linecfbp_ryder_analytics,sagarin_predictor,Ryder Analytics,Sagarin Predictor,550,True,0.7991503981943552,0.19211294006989393,0.8758005105333861,0.5630712979890311,6.293381818181818,6.339672727272727,0.4309090909090909,0.5690909090909091,107,135
linecfbp_power_rank_free,linept_pig,Power Rank: Free,Pigskin Index,1560,True,0.9334660274396686,0.1918708268681276,0.9334893900339096,0.5762132604237867,4.4861602564102565,4.5216730769230775,0.5045219638242894,0.49547803617571057,371,298
linept_cather,linept_clean,linecather,Cleanup Hitter,923,True,0.8266371111260374,0.19173005230835144,0.8419986389124886,0.5622817229336438,7.6928385698808235,7.6928385698808235,0.5267260579064588,0.4732739420935412,198,205
linecfbp_beta_rank,piratings_bias,Beta_Rank,PI-Rate Bias,2638,True,0.8945907056811764,0.19171431871840225,0.9033641660588475,0.5686349693251533,5.626235784685368,5.6902009097801365,0.4824828636709825,0.5175171363290175,544,583
linecfbp_oddstrader_ai,linept_bill,OddsTrader AI,Billingsley,1017,True,0.8184331842382905,0.19137266669036473,0.8729407715592306,0.5583756345177665,6.142015732546707,6.199498525073746,0.5108267716535433,0.4891732283464567,218,231
linecfbp_cbcr2_sam,linept_pfz,CBCR2: Sam,PerformanZ Ratings,515,True,0.8111069296049978,0.1913120638841337,0.8483921402564787,0.5769980506822612,7.290563106796117,7.356699029126213,0.5544747081712063,0.4455252918287938,120,102
linecfbp_ryder_analytics,linept_fluker,Ryder Analytics,Slate Fluker,468,True,0.8251000562809006,0.19126916761680582,0.8669181424785762,0.5739514348785872,6.200833333333334,6.271132478632479,0.3978260869565217,0.6021739130434782,93,108
linecfbp_room44_bets,sagarin_golden_mean,Room44 Bets,Sagarin Golden Mean,2636,True,0.8941295110147316,0.19018618286257402,0.9200837598300917,0.5671412081569834,4.853372534142641,4.920618361153262,0.49240121580547114,0.5075987841945289,586,555
linecfbp_beta_rank,linept_rwp,Beta_Rank,Laffaye RWP,2504,True,0.8390005557868178,0.1900262565776717,0.8629293728408344,0.5779299234796617,6.727771565495208,6.762076677316293,0.5105957616953218,0.4894042383046781,503,549
linecfbp_beta_rank,linecfbp_sp,Beta_Rank,SP+,2637,True,0.8894590351695008,0.18943279113231717,0.9049207586190622,0.5452445128994994,5.58581721653394,5.58581721653394,0.46470812666921024,0.5352918733307898,537,636
linecfbp_oddstrader_ai,massey,OddsTrader AI,Massey Ratings,1064,True,0.8696455846858511,0.18928217579080783,0.8997179295967173,0.5324927255092143,5.5141447368421055,5.5643139097744365,0.4774436090225564,0.5225563909774437,232,261
linecfbp_matt_grissom,linept_elo,Matt Grissom,Beck Elo,1051,True,0.9031006383021654,0.1892280357601574,0.9178941924922429,0.548418024928092,5.034471931493816,5.0992673644148425,0.5228571428571429,0.47714285714285715,252,228
linecfbp_matt_grissom,linept_paynewl,Matt Grissom,linepaynewl,538,True,0.7101832346514723,0.18918136188873097,0.8171408743759644,0.5839552238805971,8.966765799256503,9.066877323420073,0.6226765799256505,0.37732342007434944,128,99
linept_fluker,linept_talis,Slate Fluker,Talisman Red,692,True,0.9343943897280258,0.18904615862215715,0.9334949335432937,0.605925925925926,3.9881502890173413,3.9881502890173413,0.5086705202312138,0.4913294797687861,132,137
linecfbp_beta_rank,linecfbp_cfbwe,Beta_Rank,CFBWE,516,True,0.8837801674337303,0.1888823868559157,0.9054746951866262,0.5509803921568628,5.70968992248062,5.70968992248062,0.4407766990291262,0.5592233009708738,100,125
espn_fpi,linept_dunk,ESPN FPI,Dunkel Index,3472,True,0.9136322069127881,0.1888728089869216,0.9169640019254981,0.5654057175859082,5.103317972350231,5.103317972350231,0.547104580812446,0.452895419187554,747,731
dokter_entropy,linept_paynewl,Dokter Entropy,linepaynewl,3123,True,0.7566950299139915,0.18881194959402192,0.8532549618687619,0.5513026696687038,7.3409638168427795,7.3409638168427795,0.5773790451778276,0.4226209548221724,695,678
keeper,linecfbp_mcillece_sports,Keeper,McIllece Sports,550,True,0.9177610008910071,0.1887286677152332,0.9042513692444264,0.563302752293578,5.262563636363636,5.325981818181818,0.5045537340619308,0.49544626593806923,111,130
linecfbp_beta_rank,linecfbp_cfbwe_rounded,Beta_Rank,CFBWE: Rounded,516,True,0.8836494550964066,0.18846139230411113,0.905734096359952,0.5650406504065041,5.674418604651163,5.674418604651163,0.429126213592233,0.570873786407767,101,121
linecfbp_cfb_graphs,linecfbp_sp,CFB Graphs,SP+,2117,True,0.90495921157152,0.1882356266990985,0.9204371949971897,0.56875,4.877609825224375,4.877609825224375,0.47778308647873863,0.5222169135212613,424,473
linecfbp_sp,linept_round,SP+,lineround,1325,True,0.8472916703228988,0.18813024891519273,0.897742025262476,0.5707584050039093,5.847396226415094,5.875622641509434,0.5515933232169955,0.44840667678300455,306,263
congrove,linept_clean,Congrove Computer Rankings,Cleanup Hitter,3854,True,0.763340899828463,0.18797249246025896,0.8350098412614265,0.5627498001598721,7.697771146860404,7.697511676180591,0.5328486107504544,0.4671513892495456,870,788
linecfbp_obmodel,teamrankings,OBModel,TeamRankings.com,507,True,0.9459194918194325,0.18788194421743082,0.9500637348496148,0.542,4.006351084812623,4.040276134122288,0.5089820359281437,0.49101796407185627,116,114
linecfbp_matt_grissom,linept_laz,Matt Grissom,Laz Index,1051,True,0.89760834442872,0.18774123155635325,0.9111264418026801,0.5790987535953979,4.533235014272122,4.615556612749762,0.5128449096098954,0.4871550903901047,225,220
linecfbp_cbcr2_sam,linecfbp_professor_sides,CBCR2: Sam,Professor Sides,515,True,0.8785548403698983,0.18769304587255078,0.8938370568525393,0.5610236220472441,5.710873786407768,5.710873786407768,0.498046875,0.501953125,104,116
linecfbp_cfbwe_rounded,linecfbp_sp,CFBWE: Rounded,SP+,516,True,0.9435975415469599,0.187661540309689,0.9360657243804685,0.5646817248459959,4.400775193798449,4.400775193798449,0.5234375,0.4765625,118,103
linecfbp_cfbwe_average,linecfbp_sp,CFBWE: Average,SP+,516,True,0.9456799309131523,0.1873047639864205,0.9333473639114185,0.5795677799607073,4.494767441860465,4.494767441860465,0.5303326810176126,0.46966731898238745,115,95
dokter_entropy,linept_rwp,Dokter Entropy,Laffaye RWP,3767,True,0.8564854996063666,0.18729533365391213,0.894512080879264,0.5566515595841109,5.8146588797451555,5.8146588797451555,0.549800796812749,0.450199203187251,825,810
linept_kerns,moore_ratings,Stephen Kerns,Moore Power Ratings,3893,True,0.84478113083307,0.18703963302334192,0.8598683741141173,0.5759216292858984,6.67466221423067,6.675047521191883,0.48251928020565554,0.5174807197943445,822,804
linecfbp_cfb_victory,linept_donchess,CFB Victory,Donchess Inference,1051,True,0.8437408035304543,0.18700896141363776,0.8858942001863118,0.5626223091976517,5.9183634633682205,6.072216936251189,0.44508670520231214,0.5549132947976878,232,233
dokter_entropy,linecfbp_room44_bets,Dokter Entropy,Room44 Bets,2636,True,0.9144564895920614,0.18676980920878228,0.9314688868865251,0.5632716049382716,4.482951441578148,4.585349013657056,0.5169008735282947,0.4830991264717053,579,577
linecfbp_power_rank,linept_log,Power Rank,Logistic Regression,1235,True,0.5486379533858959,0.1866035806790558,0.8399286159396044,0.5773955773955773,7.642145748987853,7.68510931174089,0.5757085020242915,0.4242914979757085,236,278
linept_kerns,sagarin,Stephen Kerns,Sagarin Ratings,3896,True,0.8749337456519612,0.18657983564898828,0.8792197657610882,0.5673374613003096,6.163092915811088,6.163092915811088,0.4446442332391472,0.5553557667608529,828,827
dokter_entropy,linept_curry,Dokter Entropy,Daniel Curry Index,3892,True,0.9093098605664368,0.18657962716243487,0.9154615216240153,0.536616812790098,5.256616135662898,5.256616135662898,0.5507581598560781,0.4492418401439219,894,867
linept_argh,linept_kerns,Argh Ratings,Stephen Kerns,3135,True,0.8335921000259313,0.18642847198609913,0.8650966498810909,0.5688622754491018,6.589869218500797,6.589869218500797,0.52608,0.47392,637,697
linecfbp_beta_rank,linecfbp_oddstrader_ai,Beta_Rank,OddsTrader AI,1059,True,0.8580856212003882,0.18642245009299646,0.8827970169948549,0.5309734513274337,6.134088762983947,6.134088762983947,0.5080721747388414,0.4919278252611586,235,248
linecfbp_beta_rank,linecfbp_cfb_professor,Beta_Rank,CFB Professor,1021,True,0.8696578618684155,0.18638325537854195,0.894233047241918,0.5424901185770751,5.988246816846229,5.988246816846229,0.4857703631010795,0.5142296368989205,228,231
linecfbp_dratings,linept_kam,DRatings,Edward Kambour,2589,True,0.9262479764281074,0.18635908039954122,0.9306753646121225,0.5983510011778563,4.485365005793743,4.576326767091541,0.525522041763341,0.47447795823665895,535,514
linecfbp_cfbwe,piratings_mean,CFBWE,Pi-Ratings Mean,516,True,0.92849129745538,0.1861216071738422,0.9420111642961723,0.5632411067193676,4.311240310077519,4.314651162790698,0.5265225933202358,0.47347740667976423,116,106
linecfbp_tshoe_index,piratings,TShoe Index,Pi-Ratings,2127,True,0.9177720105164106,0.1860331259430756,0.926042595335496,0.580896686159844,4.716060178655383,4.815392571697227,0.5047438330170778,0.4952561669829222,454,453
dokter_entropy,linecfbp_blake_atkinson,Dokter Entropy,Blake Atkinson,515,True,0.9520975346938496,0.1859175570030211,0.9574136674936135,0.5857988165680473,3.307825242718447,3.3665436893203884,0.49122807017543857,0.5087719298245614,102,111
congrove,linept_paynewl,Congrove Computer Rankings,linepaynewl,3123,True,0.7371661426430205,0.18585129082418692,0.8271869492474255,0.5571245186136072,8.060249759846302,8.060249759846302,0.5446685878962536,0.4553314121037464,716,641
linept_dwig,linept_payne,DP Dwiggins,linepayne,3116,True,0.8061167674547188,0.18577170459437023,0.8477698018639438,0.591165725672534,6.977888318356867,6.977888318356867,0.506422607578677,0.49357739242132304,617,639
keeper,piratings,Keeper,Pi-Ratings,3934,True,0.914575799158413,0.18566818214425046,0.9064732458692444,0.5544427324088341,5.479722928317234,5.480078800203356,0.47629969418960244,0.5237003058103975,887,841
linecfbp_mcillece_sports,sagarin_predictor,McIllece Sports,Sagarin Predictor,550,True,0.9191989718712558,0.1856677450742582,0.9258436529252776,0.5695970695970696,4.471781818181818,4.553672727272727,0.48,0.52,119,118
linecfbp_blake_atkinson,linept_dwig,Blake Atkinson,DP Dwiggins,514,True,0.90393079904463,0.18564252489244962,0.9045174908103799,0.573469387755102,5.467704280155641,5.562062256809338,0.5807086614173228,0.41929133858267714,129,95
linept_kam,linept_paynewl,Edward Kambour,linepaynewl,3122,True,0.7695323202385773,0.18561781816397485,0.8425566163966294,0.5396468699839486,7.695083279948751,7.695083279948751,0.5602950609364977,0.4397049390635022,699,715
linept_dunk,sagarin_predictor,Dunkel Index,Sagarin Predictor,3472,True,0.9158871551863935,0.18534345387592277,0.9137043610902812,0.5639249639249639,5.182505760368664,5.182505760368664,0.4605414746543779,0.5394585253456221,728,757
linecfbp_cfb_professor,linept_elo,CFB Professor,Beck Elo,1022,True,0.8636557797878924,0.18533753686101426,0.9143429208875647,0.5597235932872655,5.42646771037182,5.449500978473581,0.5269343780607247,0.4730656219392752,211,239
linecfbp_ryder_analytics,linept_log,Ryder Analytics,Logistic Regression,219,True,0.41117637058516593,0.18506723018966006,0.8006595614963796,0.5642201834862385,8.478036529680365,8.41447488584475,0.4977168949771689,0.502283105022831,46,52
linecfbp_cfbwe_rounded,piratings_mean,CFBWE: Rounded,Pi-Ratings Mean,516,True,0.9285047374369796,0.18450616154402416,0.9423561107746435,0.569672131147541,4.304263565891473,4.306899224806201,0.5284872298624754,0.4715127701375246,112,107
linecfbp_mcillece_sports,linecfbp_tshoe_index,McIllece Sports,TShoe Index,548,True,0.9123516741013721,0.18435330222753138,0.9191972918721346,0.5544933078393881,4.74543795620438,4.74543795620438,0.4944649446494465,0.5055350553505535,138,101
linept_dunk,linept_pfz,Dunkel Index,PerformanZ Ratings,3472,True,0.841326851809975,0.18421067955536424,0.8616547664227523,0.5648788927335641,6.872963709677419,6.872963709677419,0.5119631017584318,0.48803689824156815,723,761
linecfbp_cfbwe,linecfbp_sp,CFBWE,SP+,516,True,0.9434395864104965,0.183977653579615,0.9354183317100997,0.5623762376237624,4.411627906976745,4.411627906976745,0.5254901960784314,0.4745098039215686,121,101
linecfbp_cbcr2_sam,linecfbp_jp,CBCR2: Sam,JP+,515,True,0.8590275847214678,0.18393972705479886,0.8864356975820692,0.5088408644400786,5.971844660194175,5.971844660194175,0.4763779527559055,0.5236220472440944,118,125
linept_pugh,piratings,Pugh Ratings,Pi-Ratings,3889,True,0.9190585242710326,0.1838810693727514,0.9208990758255815,0.5626134301270418,4.9480920545127285,4.9483491900231416,0.4864795261395828,0.5135204738604172,822,847
linecfbp_sv_bettor,linept_super,SV Bettor,linesuper,507,True,0.9295239205056318,0.1838159408121124,0.8103788377238181,0.5711340206185567,8.718540433925048,8.741932938856015,0.5434782608695652,0.45652173913043476,95,124
linecfbp_ryder_analytics,linecfbp_sportsline,Ryder Analytics,SportsLine,550,True,0.7768708967740325,0.18381301719575951,0.8450909892091165,0.5655430711610487,7.13490909090909,7.13490909090909,0.4562043795620438,0.5437956204379562,114,122
linept_donchess,linept_log,Donchess Inference,Logistic Regression,1908,True,0.5996537536651237,0.18371187073773612,0.8369654865206121,0.5789192081326913,7.996981132075472,7.996981132075472,0.5909805977975878,0.4090194022024122,395,389
linecfbp_cbcr2_sam,linept_loud,CBCR2: Sam,Loudsound.org,506,True,0.6958654795339486,0.18328579279537774,0.815821859664286,0.5604838709677419,7.896442687747037,7.944268774703557,0.5425742574257426,0.45742574257425744,119,106
linecfbp_cfbwe_margin,piratings_mean,CFBWE: Margin,Pi-Ratings Mean,516,True,0.9114191719825364,0.18318510011593211,0.9352831211958061,0.6126482213438735,4.245503875968993,4.260193798449613,0.490234375,0.509765625,101,100
linecfbp_beta_rank,linecfbp_mcillece_sports,Beta_Rank,McIllece Sports,550,True,0.8797067414734694,0.18311547875365752,0.8892987755647013,0.5452865064695009,5.929454545454545,5.929454545454545,0.4522058823529412,0.5477941176470589,109,134
linecfbp_cfb_geek,linept_round,CFB Geek,lineround,1001,True,0.8474185586680738,0.18299578469953534,0.8918131410256978,0.5705394190871369,5.976223776223777,6.004695304695305,0.5432595573440644,0.4567404426559356,221,200
linecfbp_beta_rank,linept_paynewl,Beta_Rank,linepaynewl,2079,True,0.7458068036046431,0.1827452021285191,0.829837951826482,0.5566311713455954,8.027883597883598,8.0708177008177,0.548868560423688,0.45113143957631197,445,469
linept_curry,linept_laz,Daniel Curry Index,Laz Index,3891,True,0.8806514643523413,0.18268825839365463,0.8884730078238796,0.5567567567567567,5.779010537136983,5.779010537136983,0.47030084854718435,0.5296991514528157,814,879
linecfbp_david_sasser,linecfbp_mcillece_sports,David Sasser,McIllece Sports,550,True,0.8989073329633293,0.18242807311637016,0.9085980342641846,0.5674676524953789,5.093999999999999,5.093999999999999,0.5046210720887245,0.4953789279112754,117,116
linecfbp_room44_bets,linept_pugh,Room44 Bets,Pugh Ratings,2588,True,0.906290740175804,0.1822267026152374,0.9088036051095785,0.5454189506656225,5.372944358578053,5.458856259659969,0.5052183996907615,0.4947816003092385,609,560
linept_argh,linept_paynep,Argh Ratings,linepaynep,3124,True,0.8326674719112638,0.18210808227973743,0.8633396468537043,0.5930116472545757,6.622900128040974,6.622900128040974,0.5240230621396541,0.47597693786034595,627,631
linecfbp_cfb_geek,linept_bihl,CFB Geek,Bihl System,1110,True,0.8996748096638918,0.18210046319970438,0.9294715101003015,0.5909502262443439,4.363081081081082,4.426468468468467,0.49864743011722273,0.5013525698827773,241,204
linecfbp_john_harris,linept_argh,John Harris,Argh Ratings,548,True,0.9185485627652671,0.1819676783939051,0.9318779118074959,0.575,4.533029197080292,4.646350364963503,0.5508317929759704,0.4491682070240296,128,107
dokter_entropy,linept_clean,Dokter Entropy,Cleanup Hitter,3854,True,0.7776910073149099,0.1819474701806884,0.8633841752919621,0.5570093457943925,6.9555319148936166,6.9555319148936166,0.564935064935065,0.43506493506493504,852,819
linecfbp_room44_bets,linept_elo,Room44 Bets,Beck Elo,2589,True,0.8643601801224616,0.1819417056745734,0.9020763145319848,0.5599529780564263,5.6314638856701436,5.670034762456547,0.5158423493044823,0.48415765069551775,581,548
linecfbp_room44_bets,linept_how,Room44 Bets,Howell,2587,True,0.8426353610511603,0.18192978058125917,0.8889423945865859,0.540453074433657,6.123459605720913,6.172659451101662,0.5309076682316118,0.4690923317683881,612,570
linecfbp_oddstrader_ai,linept_donchess,OddsTrader AI,Donchess Inference,1017,True,0.8821400171906939,0.18191605207308778,0.90884066434061,0.5593395252837977,5.03559488692232,5.103441494591938,0.44455544455544455,0.5554445554445554,205,240
linecfbp_cbcr2_power,linept_paynep,CBCR2: Power,linepaynep,1053,True,0.8116391373524133,0.1818506572424419,0.8465821051224105,0.595602294455067,7.026752136752137,7.091956315289648,0.5585156993339676,0.44148430066603234,237,196
linecfbp_cfb_graphs,linept_dwig,CFB Graphs,DP Dwiggins,2077,True,0.8842939854635339,0.18167720853528777,0.8843602793550468,0.5516032064128257,6.099133365430911,6.171449205584978,0.5281827016520894,0.4718172983479106,463,462
linecfbp_dratings,linecfbp_room44_bets,DRatings,Room44 Bets,2635,True,0.8927961510508251,0.18161237111587555,0.9204940102845173,0.5675253708040593,4.86933586337761,4.86933586337761,0.5090072824837102,0.49099271751628976,555,574
linecfbp_cfbwe,linept_bihl,CFBWE,Bihl System,258,True,0.8931028787505721,0.18159371824241471,0.9439921008725383,0.5433070866141733,4.360581395348837,4.386472868217054,0.5736434108527132,0.4263565891472868,63,55
linecfbp_professor_sides,linept_argh,Professor Sides,Argh Ratings,2082,True,0.8888724808686421,0.18130855150517614,0.9120917129064848,0.5741021750126454,5.29469260326609,5.366450528338137,0.524915336236091,0.47508466376390907,459,424
linecfbp_blake_atkinson,sagarin_predictor,Blake Atkinson,Sagarin Predictor,515,True,0.9419165335123644,0.180936413510635,0.9511849054445608,0.5976331360946746,3.5483495145631068,3.648854368932039,0.516504854368932,0.48349514563106794,109,94
linecfbp_cfb_graphs,linept_loud,CFB Graphs,Loudsound.org,2009,True,0.6987829591850391,0.1808761920313235,0.8262608712169708,0.6065573770491803,7.027824788451966,7.087854654056745,0.545271629778672,0.45472837022132795,377,421
linecfbp_beta_rank,massey,Beta_Rank,Massey Ratings,2638,True,0.8769236230574987,0.18082212398315475,0.8976468310425634,0.5559373806796487,5.799871114480668,5.846315390447308,0.47268588770864944,0.5273141122913505,533,634
espn_fpi,keeper,ESPN FPI,Keeper,3934,True,0.9384810193515168,0.18056340091097461,0.9175643530986473,0.5622766717713119,5.095254194204372,5.094964412811388,0.5438819638768762,0.4561180361231239,830,864
linecfbp_blake_atkinson,linept_argh,Blake Atkinson,Argh Ratings,515,True,0.8862897609234287,0.18029800384913353,0.9184482372273919,0.5763747454175153,4.8742718446601945,4.974271844660194,0.5697445972495089,0.4302554027504912,125,91
linecfbp_cfbwe_talent,linept_elo,CFBWE: Talent,Beck Elo,516,True,0.68157326954676,0.18003623004523406,0.8522431227894839,0.5401174168297456,7.426317829457364,7.409457364341086,0.5058139534883721,0.4941860465116279,119,119
linecfbp_cfb_graphs,linecfbp_pearatings,CFB Graphs,PEARatings,545,True,0.9031128384717818,0.18002429033305153,0.9226056903050288,0.575984990619137,4.632293577981652,4.632293577981652,0.42407407407407405,0.575925925925926,104,126
linecfbp_cfb_graphs,teamrankings,CFB Graphs,TeamRankings.com,2128,True,0.918568280662335,0.17924197274818032,0.934353585823246,0.5534167468719923,4.388764097744361,4.465596804511279,0.46372688477951635,0.5362731152204836,463,481
moore_ratings,piratings,Moore Power Ratings,Pi-Ratings,3940,True,0.8979590711560282,0.179105825904268,0.9135930121846789,0.5625799846429486,5.209781725888325,5.209908629441625,0.47178444331469244,0.5282155566853076,840,850
linept_clean,linept_kam,Cleanup Hitter,Edward Kambour,3853,True,0.7995895932230057,0.1790139033034926,0.8512889466493633,0.5579845374566782,7.28773163768492,7.28773163768492,0.4462616822429907,0.5537383177570093,837,843
linecfbp_power_rank,linept_kam,Power Rank,Edward Kambour,2587,True,0.939707939986586,0.17885574533602483,0.942082842823184,0.5531665363565286,4.2214650173946655,4.308160030923849,0.5264990328820116,0.4735009671179884,579,566
linecfbp_cfb_graphs,sagarin_predictor,CFB Graphs,Sagarin Predictor,2128,True,0.9020054954406357,0.17881912160727753,0.9290126168462273,0.5542340627973359,4.566123120300752,4.645249060150376,0.47365945437441204,0.526340545625588,445,498
linecfbp_si_composite,linept_pig,SI Composite,Pigskin Index,505,True,0.9377682060692673,0.1787077813838406,0.9421823712746579,0.5598290598290598,4.223524752475248,4.1849108910891095,0.5149700598802395,0.48502994011976047,107,110
linecfbp_sp,linept_loud,SP+,Loudsound.org,2510,True,0.7558910549515884,0.1783436794305238,0.837360667699971,0.6019696347968814,7.10792828685259,7.187171314741035,0.5671342685370742,0.43286573146292584,529,483
linecfbp_dratings,linept_log,DRatings,Logistic Regression,1237,True,0.6026476117650241,0.1783222549415419,0.8331850013908183,0.5734208367514356,7.9210751818916725,7.984680679062246,0.5755860953920776,0.4244139046079224,257,268
linecfbp_blake_atkinson,linept_pfz,Blake Atkinson,PerformanZ Ratings,515,True,0.8431790162350319,0.17817034482359326,0.8768715092162782,0.571992110453649,6.4370873786407765,6.516116504854369,0.5980582524271845,0.40194174757281553,126,100
fei,linecfbp_ryder_analytics,FEI Projections,Ryder Analytics,503,True,0.8081137214919245,0.1779874324313904,0.8664261844911361,0.5454545454545454,6.494015904572565,6.525825049701789,0.5717171717171717,0.42828282828282827,119,110
linecfbp_cfb_victory,linecfbp_matt_grissom,CFB Victory,Matt Grissom,1098,True,0.84625379094268,0.17789327471549385,0.8784389750746878,0.5865921787709497,6.114663023679417,6.114663023679417,0.45004582951420713,0.5499541704857929,218,236
linept_bill,piratings,Billingsley,Pi-Ratings,3895,True,0.8659591508995412,0.1777466025895923,0.8883542749133264,0.5669169039606523,6.030310654685493,6.030053915275994,0.46390958129976884,0.5360904187002312,825,828
linecfbp_oddstrader_ai,linept_laz,OddsTrader AI,Laz Index,1017,True,0.8333569443857732,0.17768235601131455,0.8761993138252723,0.5792682926829268,5.5650934119960676,5.629891838741397,0.4689655172413793,0.5310344827586206,205,220
fei,linept_paynep,FEI Projections,linepaynep,3124,True,0.8340681870023672,0.1774513792226771,0.866413746187603,0.5898513251454428,6.339663892445583,6.343665172855314,0.537303874479667,0.462696125520333,651,611
linecfbp_professor_sides,linept_laz,Professor Sides,Laz Index,2584,True,0.9044322943223819,0.17727193071652664,0.9188470491487577,0.5748432601880877,4.666965944272446,4.743916408668731,0.5075493612078978,0.4924506387921022,536,567
linecfbp_jp,linept_round,JP+,lineround,983,True,0.8072243463878879,0.1769750792014775,0.8797617340414882,0.5415352260778128,6.454425228891149,6.486673448626653,0.5316973415132924,0.46830265848670755,253,200
linecfbp_sp,linept_fluker,SP+,Slate Fluker,468,True,0.9365546928236161,0.17672362633243896,0.9391796777420691,0.6026490066225165,3.5219444444444443,3.654636752136752,0.47854077253218885,0.5214592274678111,94,97
espn_fpi,linept_pig,ESPN FPI,Pigskin Index,3443,True,0.9395071588935545,0.17672075160607953,0.9435640064715538,0.576036866359447,4.120182979959338,4.119456869009585,0.523546511627907,0.476453488372093,773,678
linecfbp_cfbwe_margin,linept_dunk,CFBWE: Margin,Dunkel Index,442,True,0.8957123918790156,0.17664583526537692,0.9083367977662516,0.5881006864988558,5.412805429864253,5.408144796380091,0.5316742081447964,0.4683257918552036,91,91
linecfbp_cbcr2_power,linecfbp_professor_sides,CBCR2: Power,Professor Sides,1059,True,0.8825722984429303,0.17656358728076058,0.8946024908751684,0.554066985645933,5.848253068932955,5.848253068932955,0.4842105263157895,0.5157894736842106,235,232
congrove,linecfbp_mcillece_sports,Congrove Computer Rankings,McIllece Sports,550,True,0.8730936372178287,0.17611883331477965,0.8805803141502031,0.5604395604395604,5.952636363636364,6.041145454545455,0.4517304189435337,0.5482695810564663,108,130
linecfbp_sp,linept_elo,SP+,Beck Elo,2591,True,0.8966225026057074,0.17609309266514755,0.9166264693012994,0.5452418096723869,5.215260517174836,5.279143187958317,0.5268443414445731,0.4731556585554268,615,563
linept_log,linept_pig,Logistic Regression,Pigskin Index,1544,True,0.585551789821032,0.17604705377208618,0.8304444364183122,0.5939643347050755,8.165816062176166,8.165816062176166,0.41904145077720206,0.5809585492227979,332,293
linecfbp_david_sasser,linecfbp_sportsratings,David Sasser,SportsRatings,550,True,0.9106276121219528,0.1758667598860608,0.8877138287112962,0.5885608856088561,5.446545454545455,5.446545454545455,0.5046382189239332,0.49536178107606677,117,107
linecfbp_power_rank,linept_how,Power Rank,Howell,2587,True,0.8666962392715276,0.1756060454436924,0.9134022071095296,0.5411622276029056,5.4408310784692695,5.470981832238114,0.5492026448852586,0.45079735511474134,601,584
linept_argh,linept_talis,Argh Ratings,Talisman Red,3080,True,0.862403399284002,0.1755856621293599,0.8907290918732247,0.567667904151198,5.9133051948051945,5.9133051948051945,0.5146198830409356,0.4853801169590643,626,691
linecfbp_obmodel,linept_clean,OBModel,Cleanup Hitter,507,True,0.8169693487726472,0.17545996953321383,0.8782438316668756,0.5769230769230769,6.829506903353057,6.898934911242603,0.5853174603174603,0.4146825396825397,115,96
fei,linecfbp_mcillece_sports,FEI Projections,McIllece Sports,503,True,0.9154610344144194,0.17533142630072054,0.9192373264356695,0.5728744939271255,4.666421471172963,4.739184890656063,0.496,0.504,103,119
linecfbp_power_rank,linept_elo,Power Rank,Beck Elo,2589,True,0.8923254076082975,0.17530012856169716,0.9280817997433239,0.5535574667709148,4.818118964851294,4.844708381614523,0.5395905755117806,0.46040942448821937,584,576
linept_loud,linept_paynep,Loudsound.org,linepaynep,3042,True,0.7257161038064981,0.17513045576281225,0.8056753062907589,0.5766251263051533,8.197639710716635,8.197639710716635,0.49145299145299143,0.5085470085470085,650,621
linecfbp_kford,linept_clean,KFord,Cleanup Hitter,1527,True,0.7635593377354226,0.1751156901063809,0.856923909799662,0.5460081190798376,7.012888015717093,7.126666666666667,0.5711462450592886,0.4288537549407115,352,341
linecfbp_cfbwe_rounded,linept_bihl,CFBWE: Rounded,Bihl System,258,True,0.891799204147813,0.17503287890387073,0.9434378893411983,0.5588235294117647,4.378875968992248,4.389341085271318,0.5736434108527132,0.4263565891472868,59,57
keeper,linept_wayward,Keeper,Waywardtrends,1559,True,0.9432571410546234,0.17484968293086792,0.9138435167768452,0.5757381258023107,5.04941629249519,5.049967928159076,0.4765574823378292,0.5234425176621709,341,313
linecfbp_tshoe_index,linept_log,TShoe Index,Logistic Regression,977,True,0.6038802476599104,0.1748073338837393,0.8252719915379149,0.54,8.121392016376664,8.134124872057319,0.5635245901639344,0.4364754098360656,210,245
linecfbp_blake_atkinson,linept_loud,Blake Atkinson,Loudsound.org,506,True,0.7232596120173358,0.17440075536595406,0.8412057206561679,0.6036585365853658,6.795256916996048,6.91185770750988,0.5892857142857143,0.4107142857142857,112,90
linept_bill,linept_dunk,Billingsley,Dunkel Index,3471,True,0.8608752738169066,0.17425274267625987,0.8711320323096298,0.5570934256055363,6.551014116969173,6.551014116969173,0.5054786620530565,0.4945213379469435,769,734
espn_fpi,linecfbp_mcillece_sports,ESPN FPI,McIllece Sports,550,True,0.9255683355579379,0.1741903604717842,0.9256079738557877,0.5256410256410257,4.645309090909091,4.723127272727273,0.5072727272727273,0.49272727272727274,118,137
dokter_entropy,linept_kerns,Dokter Entropy,Stephen Kerns,3895,True,0.8721434722637723,0.17400263344857836,0.8801273910877558,0.5731266149870801,6.068446726572528,6.068446726572528,0.5642343268242549,0.4357656731757451,811,821
linecfbp_cfb_geek,linecfbp_ryder_analytics,CFB Geek,Ryder Analytics,550,True,0.767990690031113,0.17376434309852426,0.8600006599442457,0.5496323529411765,6.724181818181819,6.724181818181819,0.5875912408759124,0.4124087591240876,140,102
linecfbp_cfb_graphs,linept_born,CFB Graphs,Born Power Index,1577,True,0.8991694804585584,0.17372716415450873,0.9005112339740543,0.563659628918746,5.622333544705136,5.684058338617628,0.5317258883248731,0.4682741116751269,349,331
linecfbp_jp,linecfbp_sportsline,JP+,SportsLine,1611,True,0.8598584902904368,0.1735896668415054,0.8902442814661982,0.5736235595390525,5.818435754189944,5.818435754189944,0.5322479649342517,0.46775203506574825,365,314
linecfbp_cfb_graphs,linecfbp_mcillece_sports,CFB Graphs,McIllece Sports,545,True,0.8856248418246453,0.17284870855152368,0.9025473473447817,0.5599250936329588,5.378348623853211,5.378348623853211,0.4612546125461255,0.5387453874538746,97,135
linept_rwp,sagarin_recent,Laffaye RWP,Sagarin Recent,3767,True,0.8568616406437307,0.17282698446877523,0.8808599317983021,0.5805592543275633,5.974565967613486,5.974565967613486,0.45869853917662684,0.5413014608233732,777,769
linecfbp_dratings,linecfbp_obmodel,DRatings,OBModel,507,True,0.9324318412225399,0.17258140057357355,0.942316345489699,0.561122244488978,4.216173570019723,4.216173570019723,0.49304174950298213,0.5069582504970179,98,122
linecfbp_mcillece_sports,linecfbp_professor_sides,McIllece Sports,Professor Sides,550,True,0.9142382495710624,0.1725356587238997,0.9160697898429134,0.5756457564575646,4.82309090909091,4.82309090909091,0.48175182481751827,0.5182481751824818,124,100
linecfbp_power_rank,moore_ratings,Power Rank,Moore Power Ratings,2634,True,0.9062055571153099,0.17253346935507718,0.9291707879919069,0.5316455696202531,4.811465451784359,4.894684889901291,0.5492208285822882,0.4507791714177119,614,603
linept_paynewl,linept_talis,linepaynewl,Talisman Red,3069,True,0.742995810320339,0.17250255921710228,0.8286660559796306,0.5531984334203656,7.914565004887587,7.914565004887587,0.45273794002607565,0.5472620599739244,655,693
linecfbp_cfb_graphs,linecfbp_cfbwe_rounded,CFB Graphs,CFBWE: Rounded,514,True,0.9159711681749172,0.1723424544201389,0.939538635743583,0.5320910973084886,4.29046692607004,4.29046692607004,0.5322896281800391,0.46771037181996084,123,113
linecfbp_blake_atkinson,piratings_bias,Blake Atkinson,PI-Rate Bias,515,True,0.9360327864347905,0.17226190909206573,0.929255528535518,0.5553359683794467,4.360582524271845,4.347378640776698,0.5234375,0.4765625,117,114
linept_pig,linept_wayward,Pigskin Index,Waywardtrends,1106,True,0.930144937920356,0.1720779470965575,0.9296686991101261,0.5805529075309819,4.5564285714285715,4.5564285714285715,0.502262443438914,0.497737556561086,212,242
linecfbp_oddstrader_ai,linept_loud,OddsTrader AI,Loudsound.org,1008,True,0.6744868284921134,0.17207141943638032,0.8019045427934168,0.5815899581589958,7.883928571428571,7.911706349206349,0.5260416666666666,0.4739583333333333,205,215
linecfbp_wilson_ratings,piratings_bias,Wilson Ratings,PI-Rate Bias,2638,True,0.9326323259256118,0.171714928044057,0.9246295251455017,0.5485362095531587,4.761012130401819,4.838335860500378,0.507079984691925,0.492920015308075,598,584
linecfbp_blake_atkinson,linept_dunk,Blake Atkinson,Dunkel Index,450,True,0.87251000772042,0.17166344905834552,0.8915459129787799,0.5405405405405406,5.582288888888888,5.6635333333333335,0.5679287305122495,0.43207126948775054,111,98
linecfbp_room44_bets,sagarin_recent,Room44 Bets,Sagarin Recent,2636,True,0.89890818777135,0.1716377509449555,0.9164208428471925,0.5355906117737591,5.073482549317148,5.135735963581183,0.4882308276385725,0.5117691723614275,623,597
linept_cather,linept_dwig,linecather,DP Dwiggins,922,True,0.8511804083237055,0.17159653779907336,0.8611911209509261,0.5710955710955711,6.632321041214751,6.632321041214751,0.5105386416861827,0.4894613583138173,179,207
linecfbp_room44_bets,linept_paynewl,Room44 Bets,linepaynewl,2076,True,0.7249156637155233,0.17155290082883626,0.835524035095191,0.5583781143136297,7.84254816955684,7.880062620423893,0.5609638554216867,0.43903614457831325,475,433
congrove,linecfbp_professor_sides,Congrove Computer Rankings,Professor Sides,2632,True,0.8893212723414075,0.1713903762089795,0.9058392066411536,0.5682954982685648,5.48177811550152,5.543123100303951,0.4621816799695933,0.5378183200304066,582,546
linecfbp_professor_sides,linept_paynewl,Professor Sides,linepaynewl,2072,True,0.7632966299982398,0.1712825357641339,0.8492753711036956,0.5817025440313112,7.3605453667953675,7.400246138996139,0.5694980694980695,0.4305019305019305,443,423
fei,linecfbp_power_rank,FEI Projections,Power Rank,2589,True,0.89946372078816,0.17113160896474247,0.9297229315021542,0.5346729708431837,4.438702201622248,4.527029741212823,0.47468847352024923,0.5253115264797508,609,583
linept_how,linept_pig,Howell,Pigskin Index,3441,True,0.8768937097677629,0.17080027488095995,0.8989234897285865,0.5898822780782692,5.649378087765184,5.649378087765184,0.45963855421686745,0.5403614457831325,717,689
linecfbp_cfb_graphs,linecfbp_cfbwe,CFB Graphs,CFBWE,514,True,0.9155648182220143,0.17068072694379557,0.9390623105780725,0.5409181636726547,4.262451361867704,4.262451361867704,0.5196850393700787,0.48031496062992124,118,113
linept_dunk,massey,Dunkel Index,Massey Ratings,3472,True,0.8988102160402421,0.1705519750563213,0.9001582343127902,0.5502309468822171,5.653646313364055,5.654510368663594,0.46843470740847504,0.531565292591525,741,791
linecfbp_cfb_geek,linept_paynewl,CFB Geek,linepaynewl,1562,True,0.7612241452943952,0.17045694022594232,0.8382382592187139,0.571244358478401,7.89393085787452,7.928693982074263,0.5781049935979513,0.42189500640204863,351,311
linecfbp_sportsratings,moore_ratings,SportsRatings,Moore Power Ratings,550,True,0.8863778659741655,0.17044144127287814,0.8693658229535247,0.5630712979890311,6.039763636363636,6.122054545454545,0.49272727272727274,0.5072727272727273,119,121
linecfbp_power_rank_free,linept_pfz,Power Rank: Free,PerformanZ Ratings,1579,True,0.837027038312069,0.1704192564074863,0.8741003358943636,0.5504469987228607,6.576162127929069,6.632235592146928,0.5570342205323194,0.4429657794676806,361,356
linept_wayward,piratings,Waywardtrends,Pi-Ratings,1559,True,0.9281639403485266,0.17039345041543916,0.9258958898172808,0.5738341968911918,4.643758819756254,4.643758819756253,0.5131663455362877,0.48683365446371224,339,316
linecfbp_room44_bets,linept_kerns,Room44 Bets,Stephen Kerns,2589,True,0.8447871768552769,0.17017200183956793,0.8574498267487022,0.557911268158618,6.722332947083817,6.80470451911935,0.5388198757763976,0.4611801242236025,579,567
linept_laz,linept_paynep,Laz Index,linepaynep,3122,True,0.841149696520616,0.1699054308935423,0.86943894974264,0.5996150144369586,6.129692504804613,6.129692504804613,0.5451923076923076,0.4548076923076923,643,586
dokter_entropy,linept_super,Dokter Entropy,linesuper,768,True,0.9226458997095331,0.16954961445707303,0.8243430026439068,0.5931758530183727,8.469361979166667,8.469361979166667,0.5768229166666666,0.4231770833333333,142,167
keeper,linecfbp_blake_atkinson,Keeper,Blake Atkinson,514,True,0.9373084335742098,0.16919294743721877,0.9096175377928141,0.5338645418326693,5.270428015564202,5.330544747081712,0.4191033138401559,0.580896686159844,107,127
linecfbp_cbcr2_sam,linept_curry,CBCR2: Sam,Daniel Curry Index,515,True,0.8602194184175489,0.16894490922351757,0.869718369725721,0.5633528265107213,6.428,6.471456310679612,0.5145631067961165,0.4854368932038835,117,110
linecfbp_david_sasser,linept_dwig,David Sasser,DP Dwiggins,503,True,0.8962533693783529,0.16877765449524348,0.8734643877128607,0.5877551020408164,5.924254473161033,5.975546719681908,0.536,0.464,111,100
linecfbp_cfb_professor,linept_curry,CFB Professor,Daniel Curry Index,1019,True,0.880289382571171,0.1687460104488443,0.8900249626309054,0.5845697329376854,6.005642787046123,6.000657507360157,0.5451866404715128,0.4548133595284872,204,220
linept_super,linept_talis,linesuper,Talisman Red,716,True,0.88542554284397,0.1685564670298319,0.8049324423532291,0.561624649859944,8.95153631284916,8.95153631284916,0.43575418994413406,0.5642458100558659,156,150
linecfbp_cfb_graphs,linecfbp_room44_bets,CFB Graphs,Room44 Bets,2118,True,0.8846997250537857,0.16828249028340633,0.913157768174352,0.5496879500720115,5.131633616619452,5.131633616619452,0.483349191246432,0.5166508087535681,445,502
linept_born,linept_how,Born Power Index,Howell,3131,True,0.8758655676671301,0.16826204396788486,0.8818234428405842,0.5587943027492547,6.31907697221335,6.31907697221335,0.5001597954618089,0.4998402045381911,709,657
linecfbp_si_composite,linept_curry,SI Composite,Daniel Curry Index,505,True,0.8781751156162004,0.16766426809783827,0.8905089648183708,0.5697211155378487,5.899425742574257,5.88390099009901,0.5425742574257426,0.45742574257425744,111,105
harville,keeper,David Harville,Keeper,3934,True,0.9391773642122314,0.16762711047083823,0.9134605965832989,0.5499745028046915,5.24724707676665,5.24724707676665,0.5372489193999491,0.4627510806000509,846,894
linecfbp_blake_atkinson,linept_paynewl,Blake Atkinson,linepaynewl,515,True,0.7890734854853868,0.1675257639293124,0.8648733946238625,0.5483234714003945,6.718330097087379,6.767611650485437,0.5844660194174758,0.4155339805825243,126,105
linecfbp_david_sasser,piratings_mean,David Sasser,Pi-Ratings Mean,550,True,0.9255003487582708,0.16749725009492458,0.9259848520495298,0.5735567970204841,4.681436363636363,4.764709090909091,0.5340699815837937,0.46593001841620624,136,96
linecfbp_david_sasser,linept_fluker,David Sasser,Slate Fluker,468,True,0.9222353485365965,0.16745659428546392,0.929920670408837,0.581858407079646,3.8800641025641025,4.026004273504274,0.4675324675324675,0.5324675324675324,98,100
linecfbp_cfb_graphs,linecfbp_cfbwe_average,CFB Graphs,CFBWE: Average,514,True,0.913344587494452,0.16741182425828108,0.9362678281562019,0.5207920792079208,4.404863813229572,4.404863813229572,0.5108481262327417,0.4891518737672584,125,119
linept_born,sagarin_golden_mean,Born Power Index,Sagarin Golden Mean,3133,True,0.9182382446092654,0.16733655212765752,0.9110138691341146,0.55814696485623,5.2072709862751365,5.207270986275136,0.47173427020121367,0.5282657297987863,671,688
linecfbp_ryder_analytics,sagarin,Ryder Analytics,Sagarin Ratings,550,True,0.8019531434042637,0.16729584996582153,0.8725186931348173,0.5521023765996343,6.3831454545454545,6.413436363636364,0.43272727272727274,0.5672727272727273,109,139
linept_argh,linept_fox,Argh Ratings,linefox,2329,True,0.8818851113943967,0.16718115337467793,0.8979091552883912,0.5558118081180812,5.749252898239588,5.749252898239588,0.4843028624192059,0.515697137580794,514,521
dokter_entropy,keeper,Dokter Entropy,Keeper,3934,True,0.9334114209791842,0.16698637498211763,0.9185257572176159,0.5531697341513292,5.08407727503813,5.083823080833757,0.5388139475693561,0.4611860524306439,844,886
linecfbp_power_rank,linept_talis,Power Rank,Talisman Red,2546,True,0.9173870790687898,0.16696905505202153,0.9251876321154875,0.5359269551409289,4.88087981146897,4.968295365278869,0.5364029909484455,0.4635970090515545,566,607
linecfbp_power_rank_free,linept_born,Power Rank: Free,Born Power Index,1578,True,0.9194243975590981,0.16652377907950436,0.9077008846521376,0.5322683706070288,5.529005069708492,5.603973384030418,0.523447401774398,0.47655259822560203,388,351
linecfbp_room44_bets,linept_loud,Room44 Bets,Loudsound.org,2508,True,0.7021307360469196,0.1664236281084454,0.8232012077604901,0.5556930693069307,7.661483253588517,7.746212121212121,0.5565428109854604,0.44345718901453957,562,540
linecfbp_beta_rank,linecfbp_cfb_graphs,Beta_Rank,CFB Graphs,2116,True,0.8717482333781461,0.16634924501428025,0.8955494245212635,0.5463719365689572,5.810018903591683,5.810018903591683,0.48238095238095235,0.5176190476190476,457,492
linept_dunk,linept_paynep,Dunkel Index,linepaynep,2791,True,0.8276548799597266,0.16622791165955983,0.8557737977556797,0.5838709677419355,6.875908276603367,6.875908276603367,0.521505376344086,0.478494623655914,588,549
linecfbp_beta_rank,linecfbp_room44_bets,Beta_Rank,Room44 Bets,2634,True,0.8655395598660103,0.1661330699890071,0.8885010789379859,0.548374613003096,6.027676537585421,6.027676537585421,0.47388486465878765,0.5261151353412123,544,628
linecfbp_professor_sides,linept_kerns,Professor Sides,Stephen Kerns,2585,True,0.8596830996191939,0.16592002167572562,0.8689969856972228,0.5521978021978022,6.501833655705997,6.5852843326885875,0.5348113574484636,0.46518864255153636,571,592
linecfbp_cfbwe_margin,linept_bihl,CFBWE: Margin,Bihl System,258,True,0.9086251802831738,0.16569926971200863,0.9483498237489109,0.5984251968503937,4.215077519379845,4.310193798449613,0.5193798449612403,0.4806201550387597,51,53
linecfbp_blake_atkinson,linecfbp_power_rank,Blake Atkinson,Power Rank,515,True,0.9525690101439399,0.1656891785917244,0.9602809973048266,0.5856573705179283,3.203883495145631,3.203883495145631,0.5176470588235295,0.4823529411764706,115,92
linept_cather,sagarin_recent,linecather,Sagarin Recent,923,True,0.8893007907720646,0.16562073098060565,0.8918220204151837,0.5864406779661017,5.516695557963163,5.516695557963163,0.46203904555314534,0.5379609544468547,173,204
linecfbp_cfb_geek,linecfbp_cfb_graphs,CFB Geek,CFB Graphs,1603,True,0.8851311646546522,0.165504600148998,0.9083059451911006,0.5505689001264222,5.272177167810355,5.272177167810355,0.5378310214375788,0.4621689785624212,385,324
linecfbp_blake_atkinson,linept_pig,Blake Atkinson,Pigskin Index,515,True,0.9397737623897001,0.16530422991787805,0.9383693084917181,0.53099173553719,4.075087378640776,4.117378640776699,0.5714285714285714,0.42857142857142855,137,102
linecfbp_cfb_professor,linept_pugh,CFB Professor,Pugh Ratings,1021,True,0.9216102336606316,0.16465325767740005,0.9221033825503107,0.5508390918065152,4.991733594515182,5.055651322233104,0.4980392156862745,0.5019607843137255,222,235
linecfbp_cbcr2_sam,linept_paynep,CBCR2: Sam,linepaynep,515,True,0.8642278674000717,0.16444653617416538,0.8780256386560421,0.5789473684210527,6.144252427184466,6.183126213592232,0.5184466019417475,0.4815533980582524,116,103
espn_fpi,linept_curry,ESPN FPI,Daniel Curry Index,3893,True,0.9064261945549795,0.16432797025105506,0.9113227918036049,0.532183316168898,5.366110968404829,5.365504752119189,0.5381649961449498,0.4618350038550501,907,871
fei,linecfbp_cfbwe,FEI Projections,CFBWE,516,True,0.9003267885058259,0.16386170274659886,0.9227562182296287,0.49803149606299213,5.192015503875969,5.23267441860465,0.46168958742632615,0.5383104125736738,121,134
linecfbp_room44_bets,linecfbp_si_composite,Room44 Bets,SI Composite,505,True,0.8576116529371375,0.1632318350654722,0.8950714104329265,0.556935817805383,5.962772277227723,5.962772277227723,0.46322067594433397,0.536779324055666,100,115
linecfbp_mcillece_sports,massey,McIllece Sports,Massey Ratings,550,True,0.9009789288240664,0.16303852249058012,0.9115318901541224,0.5798165137614679,4.956854545454545,5.003581818181819,0.5100182149362478,0.4899817850637523,125,108
linecfbp_cfbwe,linecfbp_tshoe_index,CFBWE,TShoe Index,516,True,0.920154131063374,0.16294455406468136,0.930996240448795,0.5393939393939394,4.8187984496124034,4.8187984496124034,0.5348837209302325,0.46511627906976744,128,106
linept_paynewl,piratings,linepaynewl,Pi-Ratings,3124,True,0.76636933733659,0.1625301194574358,0.8420302341861557,0.5479496286729093,7.625886683738796,7.625566581306017,0.4375400384368994,0.5624599615631006,673,705
linecfbp_mcillece_sports,piratings_mean,McIllece Sports,Pi-Ratings Mean,550,True,0.9164195566426482,0.1624011457169567,0.9177651588844388,0.549165120593692,4.797581818181818,4.875036363636363,0.5183150183150184,0.4816849816849817,144,105
linecfbp_cfb_graphs,linept_dunk,CFB Graphs,Dunkel Index,1810,True,0.871510031697843,0.1621874569743939,0.8899715101346604,0.5588399330730619,5.826132596685082,5.8724088397790055,0.5370575221238938,0.4629424778761062,402,397
espn_fpi,linecfbp_cfb_graphs,ESPN FPI,CFB Graphs,2128,True,0.9037556293859265,0.16203492890784782,0.9300165993969003,0.5529691211401425,4.522603383458647,4.610451127819549,0.528692380056444,0.47130761994355597,489,455
linecfbp_cfbwe_rounded,linecfbp_tshoe_index,CFBWE: Rounded,TShoe Index,516,True,0.9200047466327015,0.16203068604866366,0.9312888175859085,0.5450733752620545,4.830813953488372,4.830813953488372,0.533203125,0.466796875,124,107
fei,linecfbp_cfbwe_average,FEI Projections,CFBWE: Average,516,True,0.8997619842389638,0.16159186300766362,0.9204972492698115,0.515625,5.308139534883721,5.342945736434109,0.4688715953307393,0.5311284046692607,116,129
linecfbp_blake_atkinson,piratings,Blake Atkinson,Pi-Ratings,515,True,0.9352576942059908,0.16124661410420926,0.9354863178628952,0.5790513833992095,4.049514563106796,4.074757281553398,0.5333333333333333,0.4666666666666667,106,111
linecfbp_mcillece_sports,linept_kerns,McIllece Sports,Stephen Kerns,503,True,0.8678389086550174,0.1608645113319249,0.8045414271849807,0.5602409638554217,8.032524850894632,8.072564612326044,0.5964214711729622,0.40357852882703776,126,99
linecfbp_cbcr2_sam,linept_payne,CBCR2: Sam,linepayne,515,True,0.8379679631636192,0.16078254823924865,0.8769375804484416,0.5408560311284046,6.306640776699029,6.278097087378641,0.5262135922330097,0.47378640776699027,121,114
linecfbp_dratings,sagarin_recent,DRatings,Sagarin Recent,2638,True,0.9198944734204872,0.16050719799477053,0.9322688474016295,0.5379576107899807,4.483805913570888,4.541592115238818,0.5064589665653495,0.49354103343465044,606,600
congrove,linecfbp_david_sasser,Congrove Computer Rankings,David Sasser,550,True,0.8746605834361665,0.16048979788557535,0.8851359686383282,0.563302752293578,5.8494363636363635,5.908381818181819,0.45454545454545453,0.5454545454545454,106,129
linept_clean,linept_talis,Cleanup Hitter,Talisman Red,3798,True,0.7754054830866051,0.160249984936009,0.8373432657011051,0.5209402864090786,7.697898894154818,7.697898894154818,0.46415392725355825,0.5358460727464418,859,931
linecfbp_cfb_graphs,linept_paynewl,CFB Graphs,linepaynewl,1569,True,0.7129818929277294,0.16012086478751208,0.8359073721827069,0.5482625482625483,7.633632887189294,7.682797960484384,0.5748884639898024,0.4251115360101976,364,342
linecfbp_oddstrader_ai,sagarin_recent,OddsTrader AI,Sagarin Recent,1064,True,0.8868014792150677,0.15995248573937793,0.902846123936086,0.5077519379844961,5.4271146616541355,5.453656015037594,0.4633458646616541,0.5366541353383458,256,267
linecfbp_oddstrader_ai,linept_bihl,OddsTrader AI,Bihl System,551,True,0.8501221307378866,0.159763087532617,0.9087036635595217,0.5158878504672897,5.362486388384755,5.414791288566243,0.47005444646098005,0.52994555353902,135,131
linept_dwig,piratings_bias,DP Dwiggins,PI-Rate Bias,3888,True,0.8812679332373601,0.15933785783239818,0.8868601744200387,0.5627508696815627,6.016838991769547,6.017096193415638,0.47206414899120536,0.5279358510087946,823,865
linept_dwig,linept_fox,DP Dwiggins,linefox,2323,True,0.8647402826879059,0.1592177921915209,0.8820974419908718,0.5565297646515921,6.163973310374516,6.163973310374516,0.47908045977011493,0.5209195402298851,511,514
linecfbp_blake_atkinson,linecfbp_oddstrader_ai,Blake Atkinson,OddsTrader AI,512,True,0.8450565835751676,0.1590803857687146,0.8774073076381249,0.5401606425702812,6.6576171875000005,6.6576171875000005,0.6173570019723866,0.3826429980276134,126,101
fei,linecfbp_cfbwe_rounded,FEI Projections,CFBWE: Rounded,516,True,0.8998013259246649,0.15906804023087157,0.9227395692097302,0.5040816326530613,5.198643410852713,5.237713178294573,0.46078431372549017,0.5392156862745098,121,129
linecfbp_cfbwe_talent,moore_ratings,CFBWE: Talent,Moore Power Ratings,516,True,0.6961228306859091,0.15899813659598988,0.8504482805584559,0.5282651072124757,7.553100775193799,7.525503875968992,0.5096899224806202,0.4903100775193798,122,116
linecfbp_cfb_graphs,linecfbp_cfbwe_talent,CFB Graphs,CFBWE: Talent,514,True,0.7732507311495432,0.1589808151236067,0.8671972256889513,0.5297619047619048,6.815564202334629,6.815564202334629,0.5420743639921722,0.45792563600782776,124,114
linecfbp_sp,linept_paynewl,SP+,linepaynewl,2078,True,0.7686117022140246,0.15893858892867516,0.848447263302092,0.5539883268482491,7.4459191530317606,7.503291626564004,0.5741097208854667,0.4258902791145332,486,434
linecfbp_power_rank,linept_paynep,Power Rank,linepaynep,2076,True,0.876299885160068,0.15891277255320355,0.8959341643837352,0.5447906523855891,5.883073217726397,5.96102119460501,0.5590361445783133,0.44096385542168676,485,454
linept_laz,linept_pig,Laz Index,Pigskin Index,3441,True,0.9007504567971093,0.15887945725694436,0.9112525162637326,0.5761670761670762,4.836471955826794,4.836471955826794,0.4959254947613504,0.5040745052386496,779,675
keeper,moore_ratings,Keeper,Moore Power Ratings,3931,True,0.8973793514564318,0.1587874579228506,0.891161183064887,0.5656720224432543,5.872551513609769,5.872551513609769,0.5085306850012732,0.49146931499872676,868,812
linecfbp_sportsline,linept_dunk,SportsLine,Dunkel Index,1364,True,0.8503963347648978,0.15869619599505258,0.8737169138472685,0.5261194029850746,6.377067448680352,6.455542521994135,0.5161527165932452,0.48384728340675476,341,307
linept_bill,linept_paynep,Billingsley,linepaynep,3123,True,0.792665576222898,0.15869550842848792,0.839139680830865,0.531560397308555,7.695478706372078,7.695478706372078,0.505927587311759,0.4940724126882409,726,708
linecfbp_cfbwe_margin,linecfbp_cfbwe_talent,CFBWE: Margin,CFBWE: Talent,516,True,0.743331467583388,0.15857343550965303,0.851291404051006,0.5570866141732284,7.25077519379845,7.25077519379845,0.509765625,0.490234375,110,114
linept_bihl,linept_fox,Bihl System,linefox,1296,True,0.9033762412887498,0.15840176268853456,0.9332345679226797,0.5593900481540931,4.698317901234568,4.698317901234568,0.4996138996138996,0.5003861003861004,293,273
linecfbp_cbcr2_sam,linept_laz,CBCR2: Sam,Laz Index,515,True,0.8655195641146893,0.1582213093056051,0.895201347048972,0.5380116959064327,5.728116504854369,5.78073786407767,0.49320388349514566,0.5067961165048543,129,106
linecfbp_obmodel,linept_donchess,OBModel,Donchess Inference,507,True,0.9327411510498129,0.15758861317859799,0.9425385802115794,0.5673469387755102,4.20516765285996,4.17992110453649,0.5069306930693069,0.49306930693069306,123,93
linept_kam,linept_round,Edward Kambour,lineround,2104,True,0.8447922512203999,0.15753882974725264,0.8883391989189829,0.5455875182837641,6.0791112167300385,6.0791112167300385,0.5259400285578296,0.4740599714421704,457,483
linecfbp_cfbwe_margin,linept_dwig,CFBWE: Margin,DP Dwiggins,515,True,0.8878432587748888,0.15751282069903658,0.8958357217792818,0.5504032258064516,5.942912621359224,5.971650485436894,0.51953125,0.48046875,114,115
linecfbp_sp,linept_bill,SP+,Billingsley,2590,True,0.8535144487759969,0.1574590409949522,0.888541144297896,0.5545596258768511,6.113876447876448,6.132679536679537,0.5482998454404946,0.4517001545595054,598,554
linept_big200,sagarin_predictor,Big 200,Sagarin Predictor,1558,True,0.8886718279393163,0.1572733269734417,0.8954391511741421,0.5527670527670527,5.750243902439025,5.750243902439025,0.45600513808606297,0.5439948619139371,353,332
linept_fluker,linept_rwp,Slate Fluker,Laffaye RWP,693,True,0.8333306063261553,0.15714480551363721,0.8762683694912887,0.584319526627219,5.984531024531024,5.984531024531024,0.5982658959537572,0.40173410404624277,143,138
linept_payne,piratings_bias,linepayne,PI-Rate Bias,3124,True,0.8488205343559475,0.15708184515921547,0.8764047720137498,0.5488867376573088,6.478069782330345,6.477749679897567,0.4601344860710855,0.5398655139289145,675,711
linecfbp_cfb_graphs,linecfbp_sportsratings,CFB Graphs,SportsRatings,545,True,0.8905859123679418,0.15699319150446725,0.8793732427695223,0.577570093457944,5.887339449541285,5.887339449541285,0.5166051660516605,0.4833948339483395,98,128
linecfbp_trent_sorensen,linept_paynewl,Trent Sorensen,linepaynewl,538,True,0.5238293892487152,0.15684330937684574,0.7546737588096649,0.525328330206379,10.423382899628253,10.525947955390333,0.5613382899628253,0.43866171003717475,144,111
linecfbp_cbcr2_power,linecfbp_oddstrader_ai,CBCR2: Power,OddsTrader AI,512,True,0.8146659745240009,0.15683270022291496,0.8481873610083159,0.532803180914513,7.383984375,7.383984375,0.5649606299212598,0.43503937007874016,128,106
linept_dwig,linept_rwp,DP Dwiggins,Laffaye RWP,3760,True,0.8440166269062603,0.15620047000782225,0.8446108972562499,0.5559834938101789,7.138986702127661,7.138986702127661,0.5131683958499601,0.4868316041500399,812,829
congrove,linecfbp_cfbwe_talent,Congrove Computer Rankings,CFBWE: Talent,516,True,0.7560251147565127,0.15617977939993058,0.8427654150058986,0.548828125,7.683333333333334,7.689496124031008,0.4970873786407767,0.5029126213592233,120,112
linecfbp_cbcr2_sam,linept_dunk,CBCR2: Sam,Dunkel Index,450,True,0.8231392250857855,0.1559737877879768,0.8564437788314537,0.5501113585746102,6.689844444444444,6.725444444444444,0.5,0.5,102,100
linept_dwig,piratings_mean,DP Dwiggins,Pi-Ratings Mean,3888,True,0.8847775291323804,0.15597108695024905,0.8936346727818243,0.5509819747107882,5.8674408436214,5.86769804526749,0.4596064215432418,0.5403935784567582,855,871
linecfbp_mcillece_sports,linept_how,McIllece Sports,Howell,503,True,0.865937760561333,0.15591447635968658,0.8786669321806664,0.5770833333333333,5.894950298210735,5.974870775347913,0.5190380761523046,0.48096192384769537,104,109
congrove,linecfbp_tshoe_index,Congrove Computer Rankings,TShoe Index,2127,True,0.8796409085149383,0.155761808325863,0.8968468327626039,0.5437832607643929,5.737672778561353,5.81106252938411,0.4687353079454631,0.5312646920545369,507,463
linecfbp_oddstrader_ai,linecfbp_room44_bets,OddsTrader AI,Room44 Bets,1059,True,0.8704585282070275,0.15569504837960954,0.9000281780592907,0.56286836935167,5.3692162417374885,5.3692162417374885,0.47988505747126436,0.5201149425287356,212,244
linecfbp_cfb_graphs,linept_pig,CFB Graphs,Pigskin Index,1799,True,0.9091286027104913,0.15556261140267683,0.9182416943838508,0.5599051008303677,4.959922178988327,5.01065036131184,0.5002804262478968,0.4997195737521032,421,370
linept_born,linept_payne,Born Power Index,linepayne,3122,True,0.8427973144065892,0.1555000193334409,0.8609782156821508,0.5610772683552421,6.832671364509929,6.832671364509929,0.5224358974358975,0.4775641025641026,676,667
linecfbp_cbcr2_sam,linecfbp_oddstrader_ai,CBCR2: Sam,OddsTrader AI,512,True,0.8066297697805898,0.15525995928901903,0.8434584968405164,0.5297619047619048,7.415820312500001,7.415820312500001,0.5518590998043053,0.4481409001956947,125,108
linept_big200,linept_loud,Big 200,Loudsound.org,1553,True,0.7262267729344231,0.15498637180104374,0.8019586949957938,0.5767716535433071,8.167340631036703,8.167340631036703,0.5447520927237605,0.45524790727623954,340,302
linecfbp_kford,linecfbp_ryder_analytics,KFord,Ryder Analytics,550,True,0.8124930929096028,0.15496355750150245,0.8777861249593027,0.5588235294117647,6.1819999999999995,6.1819999999999995,0.5779816513761468,0.42201834862385323,124,110
linecfbp_beta_rank,linecfbp_power_rank,Beta_Rank,Power Rank,2635,True,0.8981128910882613,0.1547342661874116,0.9132146711305179,0.5482253086419753,5.292599620493359,5.292599620493359,0.43721286370597245,0.5627871362940275,552,614
linecfbp_cfbwe_average,teamrankings,CFBWE: Average,TeamRankings.com,516,True,0.9344242708874263,0.15469198767855805,0.9407279843012352,0.5404339250493096,4.4129844961240305,4.461821705426356,0.49416342412451364,0.5058365758754864,123,112
linecfbp_cfb_geek,linept_elo,CFB Geek,Beck Elo,2075,True,0.8876010945028989,0.1546345766138801,0.9083837661767576,0.5422330097087379,5.394881927710844,5.41344578313253,0.527255185721177,0.472744814278823,491,451
linecfbp_cfb_graphs,linecfbp_dratings,CFB Graphs,DRatings,2117,True,0.8883749727688426,0.15462713494797167,0.9198117753079864,0.5348837209302325,4.855361360415683,4.855361360415683,0.4585714285714286,0.5414285714285715,469,501
linecfbp_oddstrader_ai,linept_dunk,OddsTrader AI,Dunkel Index,885,True,0.8438570846606851,0.15442784077495053,0.8686231845198966,0.5199063231850117,6.370519774011299,6.418429378531073,0.5169683257918553,0.4830316742081448,214,209
linecfbp_sportsratings,linept_curry,SportsRatings,Daniel Curry Index,503,True,0.906404027502569,0.154400625685213,0.8845703469983409,0.56,5.88751491053678,5.94572564612326,0.4592445328031809,0.5407554671968191,113,111
linecfbp_professor_sides,linecfbp_trent_sorensen,Professor Sides,Trent Sorensen,1094,True,0.7938109995695233,0.15432163582638675,0.8401315696226693,0.5714285714285714,7.2132541133455215,7.2132541133455215,0.5533088235294118,0.44669117647058826,217,246
linecfbp_matt_grissom,linept_round,Matt Grissom,lineround,347,True,0.8582738329653241,0.1542590502744189,0.9083445206988745,0.5705882352941176,5.726801152737751,5.7524495677233425,0.553314121037464,0.44668587896253603,84,71
linecfbp_cfb_professor,linept_round,CFB Professor,lineround,665,True,0.8220186753868823,0.15399371737175035,0.8899192090705048,0.5463108320251178,6.244962406015037,6.243609022556391,0.5189681335356601,0.48103186646433993,142,161
linecfbp_mcillece_sports,linept_donchess,McIllece Sports,Donchess Inference,503,True,0.9236907782781656,0.15388676573825694,0.9232033535388834,0.5344129554655871,4.63558648111332,4.730616302186879,0.4718875502008032,0.5281124497991968,116,112
linecfbp_mcillece_sports,linept_rwp,McIllece Sports,Laffaye RWP,502,True,0.840738376898021,0.15364836878459406,0.848257502278873,0.5441767068273092,6.615179282868525,6.666852589641435,0.5469061876247505,0.4530938123752495,119,105
linecfbp_cfb_professor,linecfbp_room44_bets,CFB Professor,Room44 Bets,1022,True,0.8536026228684951,0.15355228012532543,0.8977189146234386,0.56797583081571,5.849608610567515,5.849608610567515,0.514763779527559,0.48523622047244097,214,218
linecfbp_sv_bettor,teamrankings,SV Bettor,TeamRankings.com,507,True,0.9054731047880321,0.15351933004960502,0.9170325158512537,0.5477178423236515,5.336094674556213,5.390532544378698,0.48412698412698413,0.5158730158730159,106,124
congrove,linept_dunk,Congrove Computer Rankings,Dunkel Index,3471,True,0.8626966320953853,0.15346958365143604,0.8792039803206437,0.5522215810732833,6.234998559492942,6.235286660904639,0.5072046109510087,0.49279538904899134,802,721
linecfbp_obmodel,sagarin_predictor,OBModel,Sagarin Predictor,507,True,0.9289349742304417,0.15338399722013824,0.9446666579003045,0.5445544554455446,4.227948717948718,4.269842209072979,0.5207100591715976,0.47928994082840237,122,105
linecfbp_si_composite,linept_clean,SI Composite,Cleanup Hitter,505,True,0.7747278448942984,0.153223954356889,0.87764720471225,0.5489795918367347,6.779247524752476,6.836871287128712,0.5756972111553785,0.4243027888446215,116,110
keeper,linecfbp_cfb_victory,Keeper,CFB Victory,1098,True,0.8571099186048357,0.15317736060750853,0.8577804388170438,0.5596669750231268,6.781138433515483,6.878661202185793,0.5155109489051095,0.4844890510948905,245,243
linecfbp_sportsline,moore_ratings,SportsLine,Moore Power Ratings,1611,True,0.8589408767973042,0.1530354390833803,0.8863221413168968,0.5462610899873257,6.062513966480448,6.173252638112974,0.5183116076970825,0.48168839230291743,366,354
linecfbp_cfb_victory,linept_pig,CFB Victory,Pigskin Index,767,True,0.8422933428251178,0.1529278022474251,0.8622947788894723,0.5839112343966713,6.672920469361148,6.771329856584095,0.45013850415512463,0.5498614958448753,173,149
linept_dwig,linept_wayward,DP Dwiggins,Waywardtrends,1557,True,0.9032662823342416,0.15289912648114695,0.8860604062006229,0.55783212161269,6.062793834296725,6.062793834296725,0.4781491002570694,0.5218508997429306,341,340
linecfbp_power_rank,linecfbp_professor_sides,Power Rank,Professor Sides,2631,True,0.938923222124022,0.15286603811792737,0.9460311922893397,0.5396270396270396,3.9777651083238315,3.9777651083238315,0.5130568356374808,0.4869431643625192,601,589
linecfbp_sp,linept_argh,SP+,Argh Ratings,2088,True,0.8920837394518858,0.15280534424734876,0.9103475023851727,0.5605832076420312,5.317289272030651,5.402298850574713,0.5297820823244552,0.47021791767554477,487,420
linecfbp_cfb_graphs,linept_pfz,CFB Graphs,PerformanZ Ratings,2081,True,0.8246695029479716,0.15265817146931449,0.859190684951324,0.5466019417475728,6.931432003844305,6.966001922152811,0.5411255411255411,0.4588744588744589,441,496
congrove,linept_paynep,Congrove Computer Rankings,linepaynep,3123,True,0.8286566820822747,0.1526235523364226,0.8569269129014411,0.545046489259378,7.086106308037143,7.086106308037143,0.5266025641025641,0.4733974358974359,745,649
linecfbp_professor_sides,linecfbp_room44_bets,Professor Sides,Room44 Bets,2630,True,0.8994094387923164,0.1524884483197137,0.9160998224916791,0.534294621979735,5.166235741444868,5.166235741444868,0.5090141925584963,0.49098580744150366,585,618
linecfbp_pearatings,piratings_mean,PEARatings,Pi-Ratings Mean,550,True,0.9397607894273002,0.15212204050289616,0.939440434265157,0.5754189944134078,4.000854545454545,4.107036363636364,0.5627306273062731,0.43726937269372695,129,107
linecfbp_si_composite,linept_bihl,SI Composite,Bihl System,256,True,0.9230411316192365,0.15211711464239158,0.9401865401457313,0.546875,4.402109375,4.413125000000001,0.515625,0.484375,58,59
linecfbp_sp,linept_dunk,SP+,Dunkel Index,2254,True,0.8880908202519302,0.15209644259164223,0.9011873442452023,0.5380483437779767,5.641517302573203,5.696015971606034,0.5388716126166149,0.4611283873833852,553,489
linept_bihl,massey,Bihl System,Massey Ratings,2161,True,0.8842599694366029,0.1520704138769613,0.9310067860237075,0.5574606116774792,4.620504396112911,4.620504396112911,0.4877257989810097,0.5122742010189902,447,496
linept_wayward,piratings_bias,Waywardtrends,PI-Rate Bias,1559,True,0.9380089618283642,0.15201896531620512,0.9260705769791796,0.5589378238341969,4.6796921103271325,4.6796921103271325,0.5141206675224647,0.4858793324775353,344,333
linecfbp_professor_sides,linept_loud,Professor Sides,Loudsound.org,2508,True,0.7473728323207978,0.15173895692526912,0.8321993638958223,0.5827841845140033,7.337240829346092,7.417902711323763,0.5504807692307693,0.4495192307692308,522,534
linecfbp_cfb_graphs,linecfbp_oddstrader_ai,CFB Graphs,OddsTrader AI,1051,True,0.854331128567688,0.1515924516208613,0.8896213325135174,0.5524752475247525,5.758801141769743,5.758801141769743,0.4951923076923077,0.5048076923076923,231,231
linecfbp_sv_bettor,linept_pig,SV Bettor,Pigskin Index,507,True,0.8897493033950405,0.1512113313613827,0.9074902842129159,0.5638766519823789,5.571163708086785,5.582998027613412,0.46296296296296297,0.5370370370370371,106,116
linecfbp_blake_atkinson,linept_laz,Blake Atkinson,Laz Index,515,True,0.9148298197238655,0.15112885268252238,0.9343625666774888,0.5779092702169625,4.226135922330097,4.332582524271844,0.5592233009708738,0.4407766990291262,124,93
linecfbp_cbcr2_power,linept_payne,CBCR2: Power,linepayne,1053,True,0.7752791593906425,0.15108801362010682,0.8365304690371597,0.565425023877746,7.392250712250712,7.448281101614434,0.5722433460076045,0.42775665399239543,252,205
linept_argh,linept_dunk,Argh Ratings,Dunkel Index,2800,True,0.8766840759081451,0.15096670887311672,0.8854142425815994,0.5696767001114827,6.0409428571428565,6.0409428571428565,0.5123346442617089,0.487665355738291,577,616
linecfbp_cfb_professor,linept_dunk,CFB Professor,Dunkel Index,887,True,0.9012688963808378,0.1508073129680072,0.9065546661070423,0.558589306029579,5.561172491544532,5.568297632468997,0.5287485907553551,0.47125140924464487,180,213
linecfbp_beta_rank,piratings,Beta_Rank,Pi-Ratings,2638,True,0.8841502346482838,0.15068716667790988,0.8983957516134344,0.5547866205305652,5.7800151630022745,5.838589840788476,0.48303469309950436,0.5169653069004956,568,600
linecfbp_sp,linept_super,SP+,linesuper,509,True,0.9116691620180432,0.150618190256146,0.8267827391798139,0.554,8.408172888015718,8.457996070726917,0.5649606299212598,0.43503937007874016,105,118
linecfbp_obmodel,sagarin_golden_mean,OBModel,Sagarin Golden Mean,507,True,0.9026551092360794,0.15055368070974695,0.9260772584196427,0.5217391304347826,4.67802761341223,4.6817357001972395,0.5325443786982249,0.46745562130177515,128,111
linecfbp_blake_atkinson,linept_talis,Blake Atkinson,Talisman Red,515,True,0.9031248961309761,0.15031465575727465,0.918254090486072,0.5502958579881657,4.8388349514563105,4.950019417475729,0.5223300970873787,0.47766990291262135,117,113
linecfbp_cfb_professor,linept_bihl,CFB Professor,Bihl System,515,True,0.8983733199503422,0.15001604136523589,0.9348313780753799,0.5452755905511811,4.638368932038835,4.7,0.5087378640776699,0.4912621359223301,110,127
linecfbp_blake_atkinson,linept_curry,Blake Atkinson,Daniel Curry Index,515,True,0.9000308112937674,0.15000928887620144,0.9030443298983987,0.5226824457593688,5.466368932038836,5.492,0.5786407766990291,0.42135922330097086,129,114
linecfbp_cfb_victory,linecfbp_sportsline,CFB Victory,SportsLine,1098,True,0.8039920903535965,0.14985325828500126,0.8495257295164379,0.5300751879699248,7.097905282331512,7.097905282331512,0.49466537342386036,0.5053346265761397,259,253
espn_fpi,linept_cather,ESPN FPI,linecather,923,True,0.9218436499455339,0.14964768866261927,0.9157889680688543,0.5536723163841808,5.158461538461538,5.156836403033586,0.5557963163596966,0.4442036836403034,229,177
linept_fox,linept_payne,linefox,linepayne,2329,True,0.8774850314014446,0.14957989976021044,0.8976336252904877,0.5477990217874611,5.868158007728638,5.868158007728638,0.49462827675118176,0.5053717232488182,508,536
linept_bihl,linept_cather,Bihl System,linecather,411,True,0.9059122511384924,0.14922975424633128,0.9309194445227454,0.5641025641025641,4.910802919708029,4.910802919708029,0.5206812652068127,0.4793187347931874,100,78
linecfbp_mcillece_sports,piratings_bias,McIllece Sports,PI-Rate Bias,550,True,0.9098738080983865,0.14919901376583003,0.9042104157192835,0.5441176470588235,5.252,5.305090909090908,0.531021897810219,0.46897810218978103,141,108
linecfbp_jp,linept_paynep,JP+,linepaynep,1569,True,0.8222892183568127,0.14912015091139763,0.8610069392624634,0.5682989690721649,6.881886551943913,6.939834289356278,0.5468451242829828,0.45315487571701724,366,316
linept_kerns,linept_wayward,Stephen Kerns,Waywardtrends,1559,True,0.8867123427791557,0.14892803066666974,0.8434105046579347,0.5504823151125402,7.014932649134059,7.014932649134059,0.4554201411161001,0.5445798588838999,354,334
linecfbp_cfb_victory,linept_clean,CFB Victory,Cleanup Hitter,1012,True,0.6538392419747355,0.14871970945173832,0.796269777941096,0.5379098360655737,8.615138339920948,8.730355731225297,0.5212121212121212,0.47878787878787876,234,239
linecfbp_beta_rank,linecfbp_blake_atkinson,Beta_Rank,Blake Atkinson,515,True,0.9032728999597166,0.14833606373388886,0.9204490173112595,0.5239043824701195,4.96368932038835,4.96368932038835,0.40471512770137524,0.5952848722986247,103,137
linecfbp_room44_bets,moore_ratings,Room44 Bets,Moore Power Ratings,2634,True,0.8693887187270057,0.14829051608844634,0.8995756086553935,0.5423076923076923,5.69577828397874,5.771928625664389,0.5273348519362187,0.47266514806378135,614,580
linecfbp_cfb_graphs,linept_curry,CFB Graphs,Daniel Curry Index,2078,True,0.8805793755951,0.14818684195363055,0.8911757620759102,0.561284046692607,5.917170356111646,5.9485081809432145,0.5132402503610978,0.4867597496389023,448,461
linecfbp_oddstrader_ai,linept_pig,OddsTrader AI,Pigskin Index,751,True,0.8785508642586167,0.14807384281507838,0.8836109297162414,0.5364806866952789,5.930719041278294,5.950026631158455,0.45571428571428574,0.5442857142857143,183,161
linecfbp_oddstrader_ai,linecfbp_sportsline,OddsTrader AI,SportsLine,1057,True,0.8468286581660459,0.1477596926351002,0.8797751461406862,0.549,6.15515610217597,6.15515610217597,0.49079754601226994,0.50920245398773,230,237
linept_kerns,massey,Stephen Kerns,Massey Ratings,3896,True,0.8528220808995325,0.14752669950829692,0.8606051566526971,0.5444931648181583,6.8107340862423005,6.811504106776181,0.4637904468412943,0.5362095531587057,857,880
linecfbp_oddstrader_ai,linept_paynewl,OddsTrader AI,linepaynewl,514,True,0.7127595383642608,0.14716694220819893,0.7992224857089028,0.5395256916996047,8.53408560311284,8.567159533073928,0.4708171206225681,0.5291828793774319,114,118
keeper,linecfbp_david_sasser,Keeper,David Sasser,550,True,0.9264644239878044,0.14709360923350306,0.9066699499452833,0.5680147058823529,5.091654545454545,5.152018181818182,0.45636363636363636,0.5436363636363636,109,129
linecfbp_si_composite,linept_pugh,SI Composite,Pugh Ratings,505,True,0.9339193288035621,0.14707912325116754,0.9262185369763533,0.5338645418326693,4.766534653465347,4.798930693069307,0.5247524752475248,0.4752475247524752,116,120
linecfbp_oddstrader_ai,linept_pugh,OddsTrader AI,Pugh Ratings,1017,True,0.8820332380858513,0.1470237150974727,0.8845207341896866,0.5203252032520326,5.99165191740413,6.043903638151425,0.48672566371681414,0.5132743362831859,242,236
linecfbp_mcillece_sports,linept_dunk,McIllece Sports,Dunkel Index,434,True,0.8807885024256108,0.14699270798089797,0.8881783734853061,0.5744186046511628,5.828110599078341,5.87410138248848,0.5599078341013825,0.4400921658986175,111,75
congrove,moore_ratings,Congrove Computer Rankings,Moore Power Ratings,3939,True,0.8594195080137226,0.1466801928675097,0.8861617183960748,0.5489199491740788,6.104310738766184,6.104183802995684,0.49885699771399544,0.5011430022860046,906,835
linecfbp_cfbwe_margin,linept_pig,CFBWE: Margin,Pigskin Index,516,True,0.9095793637890811,0.14663052678018157,0.9266987280690716,0.592901878914405,4.655910852713178,4.667189922480621,0.5146771037181996,0.48532289628180036,120,94
linecfbp_room44_bets,linept_rwp,Room44 Bets,Laffaye RWP,2504,True,0.8037264343658312,0.1465994939174128,0.866741534348728,0.5492501013376571,6.57323482428115,6.610567092651757,0.5425489412704755,0.4574510587295246,575,535
linecfbp_ryder_analytics,linept_laz,Ryder Analytics,Laz Index,503,True,0.7038109296696126,0.14658807681635047,0.8145764725373639,0.538,6.836043737574552,6.824632206759444,0.43141153081510936,0.5685884691848907,103,127
linecfbp_sportsline,linept_argh,SportsLine,Argh Ratings,1063,True,0.855231892475702,0.14633809938954556,0.8903559657500635,0.5373134328358209,6.063734713076199,6.147930385700847,0.5084745762711864,0.4915254237288136,251,230
linecfbp_professor_sides,linept_donchess,Professor Sides,Donchess Inference,2585,True,0.9317499874372615,0.14618117540061232,0.93885390806105,0.5603517186250999,4.241427466150871,4.340305609284332,0.49765807962529274,0.5023419203747073,566,566
linecfbp_power_rank,linept_cather,Power Rank,linecather,625,True,0.931122062596042,0.14590516448049587,0.9180177355343445,0.5454545454545454,5.3608,5.35008,0.5756097560975609,0.424390243902439,155,121
fei,linecfbp_trent_sorensen,FEI Projections,Trent Sorensen,1051,True,0.772856931594291,0.1458782747222811,0.8477249631777021,0.5135922330097087,7.079619410085633,7.149172216936251,0.5511961722488038,0.44880382775119615,247,259
linecfbp_blake_atkinson,linecfbp_jp,Blake Atkinson,JP+,515,True,0.899849869951656,0.14582545928377702,0.919801298716923,0.5347912524850894,4.84,4.84,0.5401174168297456,0.4598825831702544,117,116
linecfbp_cfb_graphs,moore_ratings,CFB Graphs,Moore Power Ratings,2127,True,0.863423985943138,0.14576612817248422,0.9003234689230777,0.5429520645467489,5.585011753643629,5.643704748472026,0.5374117647058824,0.46258823529411763,485,486
linecfbp_jp,linept_pugh,JP+,Pugh Ratings,2081,True,0.9047101382174487,0.1456440518456132,0.9019909766713374,0.537639630888781,5.572556463238827,5.638976453628063,0.5151369533877943,0.4848630466122057,510,439
linecfbp_beta_rank,linecfbp_cfbwe_average,Beta_Rank,CFBWE: Average,516,True,0.8756814697824702,0.1455874814469854,0.8984272980899033,0.546692607003891,5.876937984496124,5.876937984496124,0.4598825831702544,0.5401174168297456,102,127
linecfbp_cfb_victory,linecfbp_room44_bets,CFB Victory,Room44 Bets,1098,True,0.822358890878984,0.14524052732149326,0.8671456973534931,0.5307835820895522,6.478688524590163,6.478688524590163,0.46153846153846156,0.5384615384615384,241,266
linecfbp_cfb_graphs,linecfbp_jp,CFB Graphs,JP+,2117,True,0.856907007389489,0.14519997066767956,0.899890210846297,0.5416867469879518,5.520122815304676,5.520122815304676,0.4969062351261304,0.5030937648738696,449,508
linecfbp_cfbwe_average,linept_round,CFBWE: Average,lineround,324,True,0.818321582098525,0.14466557405295036,0.89252742557933,0.5492063492063493,6.025617283950618,6.031172839506174,0.5386996904024768,0.4613003095975232,77,70
linecfbp_sportsline,linept_pfz,SportsLine,PerformanZ Ratings,1566,True,0.8139032728869307,0.1443684374388564,0.8415995812385492,0.5394651011089368,7.361685823754789,7.41360153256705,0.5405750798722044,0.4594249201277955,341,373
linecfbp_sv_bettor,linept_dunk,SV Bettor,Dunkel Index,446,True,0.8844365482895629,0.1441499518879948,0.8890846400207212,0.5573770491803278,6.287623318385649,6.30896860986547,0.501123595505618,0.49887640449438203,91,106
linecfbp_sv_bettor,linept_talis,SV Bettor,Talisman Red,467,True,0.8522657780749351,0.14410992287045069,0.883949631612251,0.5592841163310962,6.329507494646681,6.401884368308352,0.49036402569593146,0.5096359743040685,94,112
linecfbp_cfb_graphs,linecfbp_professor_sides,CFB Graphs,Professor Sides,2112,True,0.8973175009635468,0.14387800857078967,0.9137970868031381,0.548792270531401,5.027414772727273,5.027414772727273,0.48520992366412213,0.5147900763358778,457,469
linecfbp_cbcr2_sam,linept_dwig,CBCR2: Sam,DP Dwiggins,514,True,0.8572394289064839,0.1438361423106592,0.8642934643654858,0.593939393939394,6.474902723735409,6.5167315175097285,0.5205479452054794,0.4794520547945205,120,94
fei,linept_log,FEI Projections,Logistic Regression,1908,True,0.5973701172870277,0.14359283797572625,0.8287989998566153,0.5277924827951297,8.361897274633124,8.368448637316561,0.578395385422129,0.421604614577871,442,442
linept_bihl,piratings_mean,Bihl System,Pi-Ratings Mean,2161,True,0.9082784022360016,0.14333892039045298,0.9391242334390858,0.5576923076923077,4.2987598334104575,4.299222582137898,0.4701527070800555,0.5298472929199445,462,489
linecfbp_beta_rank,linept_pig,Beta_Rank,Pigskin Index,2308,True,0.8885395967899031,0.1431177446575263,0.9011946773749603,0.5572483841181902,5.66805459272097,5.71015164644714,0.4651567944250871,0.5348432055749129,511,504
espn_fpi,linept_log,ESPN FPI,Logistic Regression,1908,True,0.5741207424853146,0.14288296257160568,0.8343569344776386,0.5669994745139254,7.971221174004193,7.971221174004193,0.5923399790136411,0.40766002098635884,410,404
linecfbp_cfb_professor,linecfbp_cfbwe_talent,CFB Professor,CFBWE: Talent,514,True,0.757333774082159,0.14268919625921647,0.8536891002344674,0.5485148514851486,7.3486381322957195,7.3486381322957195,0.521484375,0.478515625,106,118
linecfbp_dratings,linept_curry,DRatings,Daniel Curry Index,2588,True,0.8951402069414719,0.14262023087825398,0.8984640251655419,0.5475255302435192,5.704424265842349,5.720993044822257,0.531322505800464,0.46867749419953597,596,570
linept_how,linept_kerns,Howell,Stephen Kerns,3894,True,0.8164857434602962,0.14242377310668294,0.8382263609106723,0.5455273698264352,7.410695942475604,7.410695942475604,0.5150812064965197,0.48491879350348027,843,896
linept_curry,linept_kerns,Daniel Curry Index,Stephen Kerns,3893,True,0.8311468431302719,0.14226635038746988,0.8416209310851251,0.5350696235172769,7.3718648856922675,7.3718648856922675,0.5141388174807198,0.48586118251928023,863,901
linecfbp_cfb_graphs,linept_payne,CFB Graphs,linepayne,1569,True,0.7882375154198912,0.14209700512505238,0.8643478782405154,0.5594855305466238,6.509706819630337,6.568827278521351,0.558109833971903,0.44189016602809705,353,329
harville,linecfbp_cfbwe_talent,David Harville,CFBWE: Talent,516,True,0.7412920855014987,0.14194747923650616,0.8653607296428729,0.512720156555773,6.971686046511628,6.968313953488372,0.5426356589147286,0.4573643410852713,128,120
linept_cather,linept_donchess,linecather,Donchess Inference,923,True,0.9187620177041158,0.14111683569763087,0.9076135824384277,0.5838150289017341,5.3109100758396535,5.3109100758396535,0.45044052863436124,0.5495594713656388,176,211
linecfbp_tshoe_index,linept_fluker,TShoe Index,Slate Fluker,468,True,0.9376611121867752,0.14098250518294309,0.939670516281457,0.5626423690205011,3.4661752136752138,3.638183760683761,0.4547413793103448,0.5452586206896551,85,117
linecfbp_beta_rank,linept_bill,Beta_Rank,Billingsley,2590,True,0.8159631362103942,0.14067292452388813,0.8588316587281293,0.5437232802176448,7.071351351351352,7.089335907335906,0.508887171561051,0.491112828438949,550,614
linecfbp_cfb_graphs,linecfbp_power_rank,CFB Graphs,Power Rank,2117,True,0.9036698598106168,0.14040120477297902,0.9301754891292598,0.5369030390738061,4.4962683042040625,4.496268304204062,0.46,0.54,478,491
linept_super,sagarin,linesuper,Sagarin Ratings,769,True,0.9330189570266856,0.14035187416377565,0.8189148210071164,0.5939947780678851,8.508998699609883,8.508998699609883,0.40625,0.59375,169,140
linecfbp_room44_bets,linept_argh,Room44 Bets,Argh Ratings,2086,True,0.8385819111415094,0.14015380958642737,0.8900123762940038,0.5431600201918223,5.975551294343241,6.028475551294343,0.5073170731707317,0.4926829268292683,500,443
linecfbp_dratings,linept_big200,DRatings,Big 200,1050,True,0.8793842693280504,0.13995425133946382,0.8852845734408873,0.5560928433268859,6.050619047619048,6.02572380952381,0.5309818875119161,0.4690181124880839,236,232
linecfbp_sp,linept_kerns,SP+,Stephen Kerns,2591,True,0.8573886505427699,0.13990919852303466,0.86669272073288,0.5302852676826886,6.551076804322656,6.644600540331918,0.5468266253869969,0.4531733746130031,621,589
linecfbp_room44_bets,linept_log,Room44 Bets,Logistic Regression,1235,True,0.5459663488461488,0.13990458888654528,0.8217745204633711,0.5335515548281505,8.205514170040487,8.228008097165992,0.5680713128038898,0.4319286871961102,284,292
linept_dunk,linept_laz,Dunkel Index,Laz Index,3470,True,0.8758946374542943,0.13985959216117952,0.8851592052327526,0.5739030023094688,5.622342939481268,5.622342939481268,0.4724545716758004,0.5275454283241996,701,750
linecfbp_trent_sorensen,sagarin_golden_mean,Trent Sorensen,Sagarin Golden Mean,1098,True,0.757744946985029,0.13975858023040172,0.8498956321993647,0.5529953917050692,6.891329690346084,6.965664845173041,0.4457611668185962,0.5542388331814039,252,227
fei,linept_pig,FEI Projections,Pigskin Index,3443,True,0.8980006855328936,0.13975243578662327,0.9121495770593329,0.5840297121634169,4.865213476619227,4.866927098460645,0.49177921315325895,0.508220786846741,758,670
linecfbp_room44_bets,piratings_mean,Room44 Bets,Pi-Ratings Mean,2636,True,0.9067944603433159,0.13950433837562454,0.9205746100019291,0.5513219284603421,4.871418816388467,4.964195751138088,0.49636711281070744,0.5036328871892926,621,561
linecfbp_cbcr2_sam,linept_paynewl,CBCR2: Sam,linepaynewl,515,True,0.7442071827252954,0.13938115240415405,0.8290918427992373,0.5146198830409356,7.739456310679612,7.723223300970875,0.537864077669903,0.4621359223300971,130,117
linecfbp_cbcr2_power,linept_rwp,CBCR2: Power,Laffaye RWP,1051,True,0.8393238854910423,0.13926491516882455,0.8635710984815315,0.5489443378119002,6.690199809705042,6.735794481446242,0.5318744053282588,0.4681255946717412,256,214
keeper,sagarin_predictor,Keeper,Sagarin Predictor,3934,True,0.9367623695299904,0.13926416607387043,0.9108938151759518,0.5535987748851455,5.282653787493645,5.282907981698017,0.461323155216285,0.538676844783715,874,852
linecfbp_si_composite,linept_pfz,SI Composite,PerformanZ Ratings,505,True,0.8734460497355723,0.13903344418475738,0.9039565970941267,0.5597609561752988,5.811663366336633,5.934237623762376,0.5306930693069307,0.4693069306930693,112,109
linecfbp_matt_grissom,linept_kerns,Matt Grissom,Stephen Kerns,1051,True,0.8711053982317931,0.13857052879598844,0.8456422221844186,0.5528846153846154,6.945052331113225,7.044310180780209,0.556829035339064,0.44317096466093603,240,229
linecfbp_cfbwe_rounded,teamrankings,CFBWE: Rounded,TeamRankings.com,516,True,0.9325761797073976,0.1382683738027999,0.9423997193726814,0.5381443298969072,4.3023255813953485,4.357751937984496,0.509765625,0.490234375,121,115
linecfbp_power_rank_free,linept_dunk,Power Rank: Free,Dunkel Index,1372,True,0.8848246401984219,0.13817340009365497,0.8925926921131312,0.5352422907488987,5.848075801749271,5.885903790087464,0.5419401896425966,0.45805981035740334,335,304
linept_super,sagarin_golden_mean,linesuper,Sagarin Golden Mean,769,True,0.8991769767317247,0.13806651393194833,0.8021522131663764,0.6036505867014341,8.81371911573472,8.81371911573472,0.4166666666666667,0.5833333333333334,157,142
linept_big200,linept_donchess,Big 200,Donchess Inference,1558,True,0.884701025517849,0.13774864451975305,0.8925806577771684,0.5545395166557805,5.800693196405648,5.800693196405648,0.46598202824133506,0.5340179717586649,358,323
linecfbp_cfb_graphs,linept_talis,CFB Graphs,Talisman Red,2078,True,0.8811575965678724,0.13773156242724313,0.8988164467126925,0.5517744287797763,5.553421559191531,5.652911453320501,0.5009624639076035,0.49903753609239654,433,487
linept_fox,linept_rwp,linefox,Laffaye RWP,2209,True,0.8680372238169877,0.1376589528586856,0.8731989307692234,0.543661971830986,6.403644182888185,6.403644182888185,0.5233560090702948,0.4766439909297052,486,506
congrove,linecfbp_cbcr2_power,Congrove Computer Rankings,CBCR2: Power,1063,True,0.8654915233453795,0.13716087298220306,0.8772443715219574,0.5454545454545454,6.260376293508937,6.310423330197554,0.4825636192271442,0.5174363807728558,240,245
linept_donchess,piratings,Donchess Inference,Pi-Ratings,3896,True,0.9299639512854732,0.1370033644526403,0.9336273084725232,0.5764145954521417,4.356496406570842,4.356496406570842,0.5182500647165416,0.48174993528345844,818,812
linecfbp_sp,linept_rwp,SP+,Laffaye RWP,2504,True,0.861233397938692,0.13666505620548763,0.8796697150561983,0.5603552684699233,6.133430511182109,6.179373003194889,0.5519584332533973,0.4480415667466027,579,522
linecfbp_jp,linept_kerns,JP+,Stephen Kerns,2082,True,0.852063910141817,0.13648581070870888,0.8495744351472492,0.5494398441305407,6.9390441882805,7.003155619596542,0.5365736284889316,0.46342637151106836,494,448
linecfbp_mcillece_sports,linept_pig,McIllece Sports,Pigskin Index,238,True,0.9215682534007176,0.13647540546750414,0.9037803210891354,0.588495575221239,5.263529411764706,5.300084033613445,0.461864406779661,0.538135593220339,50,45
linecfbp_cfb_graphs,linept_kam,CFB Graphs,Edward Kambour,2080,True,0.8958258966358307,0.13639835218746282,0.9121390560071063,0.5485908649173955,5.188009615384615,5.26248076923077,0.49013949013949015,0.5098605098605099,461,474
linecfbp_cfbwe,teamrankings,CFBWE,TeamRankings.com,516,True,0.9321831705768852,0.135922520861568,0.9417850763668658,0.532803180914513,4.306976744186047,4.368992248062017,0.5009746588693957,0.49902534113060426,125,114
linecfbp_cbcr2_sam,linept_bill,CBCR2: Sam,Billingsley,515,True,0.7877683213368099,0.1353351376613224,0.8523655536237265,0.5097276264591439,7.059067961165049,7.071417475728155,0.5300970873786408,0.46990291262135925,136,113
linecfbp_cfbwe_average,piratings,CFBWE: Average,Pi-Ratings,516,True,0.9281041333379164,0.1352947636888236,0.9314370822164633,0.5621301775147929,4.642887596899225,4.657577519379845,0.521484375,0.478515625,118,104
linept_donchess,sagarin_recent,Donchess Inference,Sagarin Recent,3896,True,0.9222416834156664,0.13528855743531523,0.9335480041446113,0.5449290593799264,4.380390143737166,4.380390143737166,0.513617677286742,0.486382322713258,884,854
linecfbp_room44_bets,linept_born,Room44 Bets,Born Power Index,2085,True,0.8869238880026926,0.13510709506350793,0.8893036936253776,0.523578026251823,6.076565947242206,6.125304556354915,0.5158349328214972,0.4841650671785029,507,480
linept_pfz,massey,PerformanZ Ratings,Massey Ratings,3896,True,0.8313509798659262,0.1350367830082359,0.8647488334028577,0.5324074074074074,6.785400410677617,6.784630390143737,0.4595635430038511,0.540436456996149,888,902
linecfbp_cfbwe_average,linecfbp_tshoe_index,CFBWE: Average,TShoe Index,516,True,0.916385532588266,0.1350312422225383,0.9262754500522986,0.531062124248497,5.018992248062016,5.018992248062016,0.5146198830409356,0.4853801169590643,129,107
linept_fluker,linept_kerns,Slate Fluker,Stephen Kerns,694,True,0.8857920168446728,0.13483640312884695,0.816371981308626,0.5547337278106509,7.805922190201728,7.80592219020173,0.6037463976945245,0.3962536023054755,158,147
linept_elo,piratings_mean,Beck Elo,Pi-Ratings Mean,3896,True,0.8984948333287358,0.13478927524427226,0.9174168574156117,0.5361790733992712,5.190302874743326,5.19055954825462,0.4686536485097636,0.5313463514902363,886,891
linecfbp_cfb_graphs,linept_fox,CFB Graphs,linefox,1023,True,0.9022335752202789,0.13463863310437846,0.9170600290856635,0.5352400408580184,5.162336265884654,5.212287390029325,0.5291790306627102,0.4708209693372898,245,224
linecfbp_cfb_geek,linept_bill,CFB Geek,Billingsley,2075,True,0.8452385008716058,0.13456223397747763,0.8815209889181373,0.5473071324599709,6.295980722891567,6.302236144578313,0.5421686746987951,0.4578313253012048,489,443
linecfbp_cfb_graphs,linecfbp_sportsline,CFB Graphs,SportsLine,1601,True,0.8532306948533562,0.13435528647200043,0.885236016099144,0.537917737789203,6.057276702061213,6.057276702061213,0.4883720930232558,0.5116279069767442,349,377
linecfbp_dratings,piratings,DRatings,Pi-Ratings,2638,True,0.9244367852552235,0.13416627125918737,0.9286392123841605,0.5746992627085759,4.55570887035633,4.631281273692191,0.5260555344237353,0.47394446557626474,581,549
linecfbp_cbcr2_power,linept_paynewl,CBCR2: Power,linepaynewl,1053,True,0.7078951952267368,0.13338554914121695,0.8052107865475773,0.5497131931166348,8.546495726495726,8.594757834757836,0.5817490494296578,0.41825095057034223,261,211
linecfbp_sportsratings,sagarin,SportsRatings,Sagarin Ratings,550,True,0.9232983276953938,0.13334008101233005,0.8992920868074936,0.5246800731261426,5.20609090909091,5.293981818181817,0.4553734061930783,0.5446265938069217,125,135
fei,linecfbp_sportsratings,FEI Projections,SportsRatings,503,True,0.9201769863933776,0.13325149659365618,0.8928428137044659,0.5696969696969697,5.314890656063618,5.396401590457256,0.538,0.462,107,110
linept_paynewl,linept_pig,linepaynewl,Pigskin Index,3104,True,0.7672638747106643,0.1331427923668531,0.8393540314103456,0.5845262440354465,7.506730025773195,7.506730025773195,0.42976804123711343,0.5702319587628866,665,618
linept_cather,linept_laz,linecather,Laz Index,921,True,0.9037155589461691,0.13310420840561002,0.8888785138923778,0.5339366515837104,6.110879478827362,6.110879478827362,0.46195652173913043,0.5380434782608695,190,237
linept_fox,linept_kerns,linefox,Stephen Kerns,2329,True,0.8478745550248595,0.13250735354641885,0.8721635932140988,0.5515394912985274,6.420064405324174,6.420064405324174,0.5321814254859611,0.46781857451403885,496,525
linecfbp_trent_sorensen,linept_bihl,Trent Sorensen,Bihl System,555,True,0.7915810546892483,0.1323600256429849,0.8758379976046666,0.5290909090909091,6.117099099099098,6.209423423423423,0.5081081081081081,0.4918918918918919,143,115
linept_curry,linept_donchess,Daniel Curry Index,Donchess Inference,3893,True,0.9023485703096958,0.13224933071066533,0.9053661071156286,0.5409663865546218,5.4929411764705875,5.4929411764705875,0.4613011056826948,0.5386988943173052,858,892
linept_cather,sagarin,linecather,Sagarin Ratings,923,True,0.9192635406896484,0.13219767674049182,0.9076617100733586,0.5615819209039548,5.377432286023836,5.377432286023836,0.4511930585683297,0.5488069414316703,178,222
linecfbp_room44_bets,linept_donchess,Room44 Bets,Donchess Inference,2589,True,0.8959324005620126,0.131997790560834,0.921360635247782,0.5473431881741909,4.809389725762842,4.914364619544226,0.48963629253030894,0.5103637074696911,603,569
linecfbp_sv_bettor,linept_pugh,SV Bettor,Pugh Ratings,507,True,0.8940857103519795,0.13176166116676402,0.8931874400889351,0.5420944558521561,6.023806706114398,6.085542406311637,0.47337278106508873,0.5266272189349113,110,121
linecfbp_cfbwe_talent,piratings,CFBWE: Talent,Pi-Ratings,516,True,0.8079707120085627,0.1313923345342052,0.8628073776760884,0.5237154150197628,7.105251937984495,7.075019379844961,0.498046875,0.501953125,125,116
linept_argh,linept_pig,Argh Ratings,Pigskin Index,3104,True,0.8910594507241714,0.13126671956149105,0.9053541822280474,0.5790402258292167,5.341701030927835,5.341701030927835,0.47997213514454895,0.520027864855451,658,635
linecfbp_jp,linecfbp_mcillece_sports,JP+,McIllece Sports,550,True,0.8831396232306273,0.13124780302129255,0.8958379198692726,0.512962962962963,5.5938181818181825,5.5938181818181825,0.5045537340619308,0.49544626593806923,121,134
linecfbp_jp,sagarin_recent,JP+,Sagarin Recent,2129,True,0.8965756370468825,0.1305096808949917,0.9147672356889649,0.5403992395437263,5.145096289337717,5.180831376232973,0.487312030075188,0.512687969924812,512,464
linecfbp_cfb_graphs,massey,CFB Graphs,Massey Ratings,2128,True,0.8785118719424065,0.1304292722559698,0.9118870683287544,0.5524940617577198,5.1891917293233085,5.23532894736842,0.49200376293508935,0.5079962370649106,444,502
linept_kerns,piratings_mean,Stephen Kerns,Pi-Ratings Mean,3896,True,0.8604781171064005,0.13027981551739784,0.8697619006559463,0.5358726845812679,6.454168377823408,6.454425051334702,0.4469950993035852,0.5530049006964147,902,867
linecfbp_cbcr2_sam,linept_elo,CBCR2: Sam,Beck Elo,515,True,0.8417495155253867,0.12911734356235352,0.8813092835045394,0.529296875,6.204291262135921,6.193922330097087,0.5184466019417475,0.4815533980582524,131,110
linecfbp_room44_bets,linept_bill,Room44 Bets,Billingsley,2588,True,0.8013298722827146,0.12873742868386523,0.8697716138858232,0.548159749412686,6.60460200927357,6.627554095826894,0.5578336557059961,0.44216634429400387,592,567
congrove,linecfbp_sv_bettor,Congrove Computer Rankings,SV Bettor,507,True,0.8145848017367994,0.128647394496311,0.8852072087091707,0.5164609053497943,6.431065088757397,6.491143984220907,0.46153846153846156,0.5384615384615384,125,116
linept_loud,linept_pugh,Loudsound.org,Pugh Ratings,3807,True,0.7832553278333259,0.12848027057961192,0.8276047478191858,0.5619457135178716,7.465907538744418,7.465907538744418,0.4510112949829262,0.5489887050170739,825,807
dokter_entropy,linept_dunk,Dokter Entropy,Dunkel Index,3471,True,0.9071466665624408,0.12813755644714,0.9132759297248053,0.5291907514450868,5.271440507058484,5.271440507058484,0.5501440922190202,0.44985590778097984,807,789
linecfbp_pearatings,linept_kerns,PEARatings,Stephen Kerns,503,True,0.8866023141942506,0.12812280882701504,0.8154012317255338,0.5674044265593562,7.712524850894632,7.758131212723658,0.5876494023904383,0.4123505976095618,115,108
linept_cather,linept_how,linecather,Howell,923,True,0.8512911506033197,0.12797768528438025,0.8637219350134924,0.5446009389671361,6.901375947995666,6.901375947995666,0.5,0.5,203,210
congrove,fei,Congrove Computer Rankings,FEI Projections,3895,True,0.8557789689846158,0.12760593050413485,0.8849182180756534,0.539460020768432,6.034326059050064,6.037792041078305,0.4807297019527235,0.5192702980472764,909,853
dokter_entropy,linept_round,Dokter Entropy,lineround,2105,True,0.845711597663691,0.1272360560494648,0.8971847106247137,0.5530043966780654,5.728584323040379,5.728584323040379,0.5537583254043768,0.4462416745956232,459,463
linept_laz,piratings_mean,Laz Index,Pi-Ratings Mean,3894,True,0.9000038640374252,0.12682870988838452,0.9153402416327079,0.53984375,4.768782742681047,4.769039548022599,0.4919043947571318,0.5080956052428681,910,849
linecfbp_room44_bets,linept_bihl,Room44 Bets,Bihl System,1368,True,0.873920528587182,0.12679302136823595,0.9208708416114675,0.5348148148148149,4.970504385964912,5.060095029239766,0.5018315018315018,0.4981684981684982,333,299
linecfbp_obmodel,sagarin,OBModel,Sagarin Ratings,507,True,0.9263410045685819,0.12672742002191245,0.942374286008234,0.5287128712871287,4.3016765285996055,4.3073175542406315,0.525691699604743,0.4743083003952569,128,108
linept_kam,linept_rwp,Edward Kambour,Laffaye RWP,3766,True,0.8565176446085159,0.12647995761756853,0.8729290734243149,0.5513571048430016,6.359851301115241,6.359851301115241,0.5312084993359893,0.46879150066401065,826,836
linecfbp_trent_sorensen,linept_payne,Trent Sorensen,linepayne,538,True,0.5507071437265291,0.1262441297607682,0.7600402965555615,0.5178236397748592,10.097211895910783,10.17739776951673,0.533457249070632,0.46654275092936803,149,113
linept_dwig,linept_paynewl,DP Dwiggins,linepaynewl,3116,True,0.724646115192454,0.12596428071086313,0.8032671602116483,0.536723163841808,8.482114890885752,8.482114890885752,0.5401155327342747,0.4598844672657253,698,719
linept_dwig,piratings,DP Dwiggins,Pi-Ratings,3888,True,0.8733106364298848,0.1259569177540267,0.8824264981482777,0.5397590361445783,6.177278806584362,6.177536008230454,0.4709076803723817,0.5290923196276183,863,904
linecfbp_sportsratings,sagarin_predictor,SportsRatings,Sagarin Predictor,550,True,0.9253037169368021,0.12584459476674187,0.8989605395601983,0.5210237659963437,5.238981818181818,5.315054545454545,0.44990892531876137,0.5500910746812386,128,136
linecfbp_pearatings,linept_pig,PEARatings,Pigskin Index,238,True,0.947190406925505,0.1254488440667625,0.9337734482764406,0.5777777777777777,4.176134453781513,4.259747899159664,0.5085470085470085,0.49145299145299143,52,51
linecfbp_jp,linecfbp_professor_sides,JP+,Professor Sides,2124,True,0.8896501637704795,0.12530840141174537,0.9059754073526206,0.54375,5.386346516007532,5.386346516007532,0.5009478672985782,0.4990521327014218,502,455
keeper,linecfbp_obmodel,Keeper,OBModel,502,True,0.9181694397306981,0.1248171622729573,0.9045445265566261,0.544,5.592131474103586,5.61133466135458,0.4900398406374502,0.5099601593625498,122,104
linept_payne,linept_pugh,linepayne,Pugh Ratings,3118,True,0.8368686108650712,0.12481585583537241,0.8657005581947874,0.5743178170144462,6.398194355355997,6.398194355355997,0.46501925545571243,0.5349807445442876,655,642
linept_kerns,piratings_bias,Stephen Kerns,PI-Rate Bias,3896,True,0.8555727176744944,0.12476792361625612,0.8618822554712754,0.5361867704280155,6.696632443531828,6.6968891170431215,0.4603297269448738,0.5396702730551263,889,881
linecfbp_cfbwe_talent,linept_how,CFBWE: Talent,Howell,516,True,0.6829338662954528,0.12472859779903207,0.8299348634539407,0.5191919191919192,8.136414728682169,8.159670542635657,0.5078125,0.4921875,130,114
linecfbp_blake_atkinson,linept_elo,Blake Atkinson,Beck Elo,515,True,0.8904168111536084,0.12465185721855257,0.9209063824663318,0.5276679841897233,4.9053786407767,4.970155339805825,0.566990291262136,0.4330097087378641,134,105
linept_paynewl,teamrankings,linepaynewl,TeamRankings.com,3124,True,0.7609521056775473,0.12453324952527303,0.8455456187121123,0.5501302083333334,7.462445582586428,7.462445582586428,0.42921204356181936,0.5707879564381807,681,700
dokter_entropy,linecfbp_cfbwe_talent,Dokter Entropy,CFBWE: Talent,516,True,0.7895456469621313,0.12431803094309143,0.8680056751602244,0.5205479452054794,6.958158914728682,6.996453488372093,0.5310077519379846,0.4689922480620155,118,125
linecfbp_ryder_analytics,sagarin_golden_mean,Ryder Analytics,Sagarin Golden Mean,550,True,0.7948023497762984,0.12419620034062488,0.8600341683392593,0.5588235294117647,6.72709090909091,6.699854545454546,0.43636363636363634,0.5636363636363636,115,130
linecfbp_mcillece_sports,piratings,McIllece Sports,Pi-Ratings,550,True,0.8961500719267554,0.12402600692879201,0.8947581911026196,0.5488029465930019,5.484381818181818,5.564018181818182,0.5384615384615384,0.46153846153846156,141,109
linept_argh,linept_super,Argh Ratings,linesuper,769,True,0.9228549885031462,0.12394056594546841,0.7891648504799367,0.5842391304347826,9.024980494148245,9.024980494148245,0.5890767230169051,0.41092327698309494,150,168
linecfbp_room44_bets,linept_dwig,Room44 Bets,DP Dwiggins,2583,True,0.8564683590682397,0.12338350045775892,0.8698963480020685,0.5253138922640745,6.487650019357336,6.562408052651955,0.5239414325286902,0.47605856747130987,634,587
linept_dunk,linept_payne,Dunkel Index,linepayne,2791,True,0.8028581091231107,0.12310775164351716,0.8457806497537566,0.5564718537110075,7.152762450734504,7.152762450734504,0.5195270512361161,0.4804729487638839,614,597
linecfbp_power_rank_free,linept_dwig,Power Rank: Free,DP Dwiggins,1575,True,0.8974684682252202,0.12284243626725716,0.8899359448101849,0.5215089344804765,6.090857142857142,6.191809523809523,0.5386581469648563,0.46134185303514375,408,350
linept_dwig,sagarin_golden_mean,DP Dwiggins,Sagarin Golden Mean,3888,True,0.8726382028690508,0.12276805857192426,0.8834487423210998,0.5578303642648231,6.028310185185185,6.028310185185185,0.4676962676962677,0.5323037323037323,822,883
linecfbp_obmodel,linept_super,OBModel,linesuper,507,True,0.9040178318027478,0.12247068484485861,0.8197651506492468,0.5436507936507936,8.572662721893492,8.584970414201184,0.5798816568047337,0.42011834319526625,111,120
linecfbp_oddstrader_ai,linecfbp_professor_sides,OddsTrader AI,Professor Sides,1059,True,0.8748279736390149,0.12236272344431982,0.8932956030861062,0.5324165029469549,5.572804532577904,5.572804532577904,0.4685714285714286,0.5314285714285715,230,256
linept_argh,piratings_mean,Argh Ratings,Pi-Ratings Mean,3135,True,0.888052857159268,0.12230157277317953,0.9096687295980498,0.5389784946236559,5.383007974481658,5.382688995215311,0.47147921366419593,0.528520786335804,698,736
linecfbp_power_rank_free,linept_kerns,Power Rank: Free,Stephen Kerns,1579,True,0.8619464583156372,0.12197728171226453,0.8785475249010632,0.5278667520819987,6.2788537048765045,6.365490816972768,0.536848792884371,0.46315120711562896,381,364
linept_paynep,linept_rwp,linepaynep,Laffaye RWP,2996,True,0.7948974055439628,0.12186480834341312,0.831705917050116,0.5438127090301004,7.660997997329773,7.660997997329773,0.4993324432576769,0.5006675567423231,664,674
linecfbp_oddstrader_ai,piratings_mean,OddsTrader AI,Pi-Ratings Mean,1064,True,0.8843387776623076,0.12163657161296926,0.8999215552014016,0.4975562072336266,5.560977443609023,5.607406015037594,0.46263008514664145,0.5373699148533586,259,262
linecfbp_cbcr2_sam,linept_pig,CBCR2: Sam,Pigskin Index,515,True,0.8866238636480589,0.12156766734935222,0.8933647807177525,0.5224489795918368,5.744368932038835,5.746699029126214,0.5185185185185185,0.48148148148148145,136,109
linecfbp_cbcr2_power,linecfbp_sportsline,CBCR2: Power,SportsLine,1061,True,0.8653435261119893,0.12142552015581215,0.8830431478918551,0.5357142857142857,6.058529688972667,6.058529688972667,0.49761677788369874,0.5023832221163013,254,230
linecfbp_cfbwe_average,linept_fox,CFBWE: Average,linefox,508,True,0.9202943549737473,0.12125557851579852,0.9091451597056835,0.5508130081300813,5.418602362204725,5.421712598425196,0.5358565737051793,0.4641434262948207,118,106
linecfbp_beta_rank,linept_loud,Beta_Rank,Loudsound.org,2510,True,0.7128150429388546,0.12107166958256496,0.8039695701610783,0.5257985257985258,8.313505976095618,8.378525896414342,0.522,0.478,555,627
linecfbp_david_sasser,piratings_bias,David Sasser,PI-Rate Bias,550,True,0.9180310865528585,0.12104497860304893,0.9087139517964273,0.5543278084714549,5.239090909090909,5.292181818181818,0.5451197053406999,0.4548802946593002,139,105
linept_how,piratings_mean,Howell,Pi-Ratings Mean,3894,True,0.8712825168269478,0.12061869490184068,0.8988813985007245,0.5461890654457312,5.747948125321007,5.747691319979456,0.4619368203003625,0.5380631796996375,866,884
linecfbp_mcillece_sports,linecfbp_power_rank,McIllece Sports,Power Rank,550,True,0.9201867873875972,0.12032388350441758,0.9258603034290267,0.5092592592592593,4.4658181818181815,4.4658181818181815,0.4622467771639042,0.5377532228360957,151,113
linecfbp_jp,linept_fluker,JP+,Slate Fluker,468,True,0.9054345085863487,0.12003153408111836,0.9159222190811867,0.532150776053215,4.448440170940171,4.526004273504274,0.4699570815450644,0.5300429184549357,106,113
linept_cather,linept_rwp,linecather,Laffaye RWP,867,True,0.8936496741708392,0.1197393514372829,0.851612896256178,0.5384615384615384,7.034059976931949,7.034059976931949,0.5,0.5,189,208
linecfbp_sv_bettor,piratings,SV Bettor,Pi-Ratings,507,True,0.8745602344917047,0.11965041843147699,0.899124321828578,0.5300207039337475,6.028244575936883,6.073648915187377,0.504930966469428,0.49506903353057197,116,116
linept_big200,piratings_bias,Big 200,PI-Rate Bias,1558,True,0.8731048191219711,0.11961024595986638,0.8763056568423018,0.5230071289695398,6.4123170731707315,6.4123170731707315,0.4829581993569132,0.5170418006430868,389,341
linecfbp_room44_bets,linecfbp_sv_bettor,Room44 Bets,SV Bettor,507,True,0.7990066557415966,0.11930103242633204,0.8596631964746705,0.5659574468085107,7.0366863905325445,7.0366863905325445,0.4959183673469388,0.5040816326530613,103,111
linecfbp_cfb_geek,linecfbp_cfb_professor,CFB Geek,CFB Professor,505,True,0.9180249221363117,0.11903900653949316,0.9170927435025716,0.5100401606425703,5.264950495049505,5.264950495049505,0.518,0.482,128,114
linept_bill,linept_cather,Billingsley,linecather,922,True,0.8597432150238818,0.11900985609001212,0.8457137394121832,0.5282167042889391,7.325281995661605,7.325281995661605,0.5065075921908894,0.49349240780911063,235,190
linecfbp_trent_sorensen,moore_ratings,Trent Sorensen,Moore Power Ratings,1097,True,0.7433902724601574,0.11897786932593218,0.8241424733649108,0.5519779208831647,7.4259617137648135,7.5054329990884225,0.46897810218978103,0.531021897810219,261,229
linecfbp_mcillece_sports,linept_bill,McIllece Sports,Billingsley,503,True,0.8822789579490108,0.11890033938055418,0.8906888665851829,0.5751503006012024,5.669721669980119,5.694771371769384,0.5308151093439364,0.4691848906560636,109,106
linecfbp_matt_grissom,linecfbp_oddstrader_ai,Matt Grissom,OddsTrader AI,547,True,0.9412281921223932,0.11791989966701934,0.9428428895310663,0.5029013539651838,4.0232175502742225,4.0232175502742225,0.5018382352941176,0.49816176470588236,142,126
linecfbp_sportsratings,linept_kam,SportsRatings,Edward Kambour,503,True,0.9017404408040276,0.11788539639832507,0.8799192251378651,0.5691382765531062,5.923638170974154,5.991868787276342,0.49502982107355864,0.5049701789264414,110,108
linecfbp_cfb_geek,linept_donchess,CFB Geek,Donchess Inference,2075,True,0.9255316143374394,0.1176754942953952,0.9324443392065745,0.5571499257793172,4.460144578313253,4.547527710843373,0.4688715953307393,0.5311284046692607,473,441
linept_argh,linept_kam,Argh Ratings,Edward Kambour,3133,True,0.8803605881037578,0.11761730293739522,0.8988574034851184,0.5388446215139442,5.687175231407596,5.687175231407596,0.49760306807286675,0.5023969319271333,709,717
linecfbp_david_sasser,sagarin_recent,David Sasser,Sagarin Recent,550,True,0.9191408490092635,0.11678879467684913,0.9130615944929491,0.5064220183486239,5.011454545454546,5.068436363636364,0.5254545454545455,0.47454545454545455,143,121
linecfbp_tshoe_index,linept_clean,TShoe Index,Cleanup Hitter,2043,True,0.737367789848838,0.11669957936981448,0.8406986423155964,0.521671826625387,7.516005873715123,7.597043563387177,0.5437375745526839,0.4562624254473161,477,493
linecfbp_blake_atkinson,linept_kerns,Blake Atkinson,Stephen Kerns,515,True,0.9034155091547833,0.11667275806174016,0.8997377766332513,0.5267326732673268,5.477766990291262,5.57873786407767,0.5929549902152642,0.4070450097847358,135,110
linecfbp_cbcr2_sam,linept_clean,CBCR2: Sam,Cleanup Hitter,515,True,0.7466893848304271,0.11649475953115868,0.8210594750382252,0.5139442231075697,8.015766990291262,8.004893203883494,0.541747572815534,0.458252427184466,130,116
linecfbp_cfb_professor,linept_born,CFB Professor,Born Power Index,1022,True,0.9115359634910118,0.11614838741400205,0.9028405307412372,0.5552268244575936,5.497123287671233,5.53880626223092,0.5166340508806262,0.48336594911937375,217,236
linecfbp_mcillece_sports,linept_pfz,McIllece Sports,PerformanZ Ratings,503,True,0.8287995391285977,0.11606460901553448,0.8319393669728012,0.56312625250501,7.144930417495029,7.158210735586482,0.5278884462151394,0.4721115537848606,109,105
linecfbp_cfb_graphs,linecfbp_trent_sorensen,CFB Graphs,Trent Sorensen,1092,True,0.7096275708695708,0.11581842224036996,0.8216282635641784,0.5652985074626866,7.4934065934065925,7.4934065934065925,0.5220588235294118,0.47794117647058826,205,266
keeper,linecfbp_room44_bets,Keeper,Room44 Bets,2629,True,0.899639650538218,0.11551522494402462,0.8865428976492654,0.5206803247004252,6.037310764549257,6.1169075694180295,0.481495612361694,0.518504387638306,631,617
linecfbp_mcillece_sports,moore_ratings,McIllece Sports,Moore Power Ratings,550,True,0.8617362182129273,0.11515673213739747,0.880018792950464,0.5659340659340659,5.750527272727273,5.8034,0.5227686703096539,0.4772313296903461,123,116
keeper,sagarin,Keeper,Sagarin Ratings,3934,True,0.9356475311448879,0.11487583554699618,0.9110666568268245,0.5490045941807045,5.267224199288257,5.267478393492629,0.4544760935910478,0.5455239064089522,887,858
linecfbp_beta_rank,linecfbp_si_composite,Beta_Rank,SI Composite,505,True,0.8727461241996377,0.11462212598398376,0.8873688717058741,0.5249500998003992,6.295841584158416,6.295841584158416,0.4503968253968254,0.5496031746031746,114,121
linecfbp_si_composite,linept_elo,SI Composite,Beck Elo,505,True,0.8790662985304014,0.11454309978355336,0.9200320448378267,0.5039840637450199,5.359425742574258,5.357960396039603,0.5306930693069307,0.4693069306930693,123,127
linecfbp_cfb_geek,linecfbp_obmodel,CFB Geek,OBModel,505,True,0.9235379223271301,0.11448231727335445,0.9294305186239127,0.533066132264529,4.821980198019801,4.821980198019802,0.44841269841269843,0.5515873015873016,109,121
linecfbp_cfb_graphs,sagarin_recent,CFB Graphs,Sagarin Recent,2128,True,0.9020922151203489,0.11444351411192302,0.9197918891591584,0.5425178147268409,4.8811936090225565,4.949605263157895,0.4793038570084666,0.5206961429915334,480,493
linept_cather,linept_pfz,linecather,PerformanZ Ratings,923,True,0.8235994697573654,0.11404465066408169,0.8424569711544398,0.5253664036076663,7.671115926327193,7.671115926327193,0.5276273022751896,0.4723726977248104,202,233
linecfbp_wilson_ratings,linept_cather,Wilson Ratings,linecather,625,True,0.9044051242612287,0.11392786050168027,0.8943138228300629,0.5358931552587646,5.9536,5.932,0.5603864734299517,0.4396135265700483,153,135
linecfbp_sportsratings,piratings_bias,SportsRatings,PI-Rate Bias,550,True,0.8940045228807573,0.11388792978887832,0.8790797587663537,0.5577981651376147,5.8856363636363636,5.946000000000001,0.5191256830601093,0.4808743169398907,135,111
linecfbp_obmodel,linept_talis,OBModel,Talisman Red,467,True,0.8913309451779171,0.11363038882244939,0.908781295764601,0.5493562231759657,5.4347323340471085,5.473576017130621,0.51931330472103,0.48068669527896996,106,105
congrove,linept_argh,Congrove Computer Rankings,Argh Ratings,3134,True,0.8379578912834785,0.11353097049315565,0.8767460840511379,0.5310321938267507,6.422999361837907,6.422999361837907,0.5003192848020435,0.4996807151979566,777,676
linept_kerns,linept_paynep,Stephen Kerns,linepaynep,3124,True,0.7957390437338702,0.11352125759495453,0.8281560345439517,0.585020893603343,7.436046734955186,7.436046734955186,0.5080025608194623,0.4919974391805378,660,607
linecfbp_oddstrader_ai,linept_dwig,OddsTrader AI,DP Dwiggins,1016,True,0.8529505064777685,0.11347962475460106,0.8511900609812015,0.5020833333333333,6.962106299212598,7.001968503937008,0.5026178010471204,0.4973821989528796,250,250
fei,keeper,FEI Projections,Keeper,3887,True,0.9022104061445197,0.11329013483694074,0.8870521850494338,0.5759312320916905,5.669881656804733,5.669881656804733,0.5181654212831744,0.48183457871682556,786,837
linecfbp_oddstrader_ai,linept_fluker,OddsTrader AI,Slate Fluker,468,True,0.9472696099369502,0.11267311740731424,0.9502872619102052,0.5185185185185185,3.203696581196581,3.3092521367521366,0.48060344827586204,0.5193965517241379,106,120
linecfbp_cfb_geek,linecfbp_cfb_victory,CFB Geek,CFB Victory,1098,True,0.8180557282313656,0.11193284632878325,0.8630552987721267,0.5743494423791822,6.40856102003643,6.40856102003643,0.5521978021978022,0.4478021978021978,241,223
linecfbp_matt_grissom,linecfbp_ryder_analytics,Matt Grissom,Ryder Analytics,550,True,0.8085902607005102,0.11182994462784936,0.8579535706620642,0.5508317929759704,6.654727272727272,6.654727272727272,0.5787545787545788,0.42124542124542125,132,108
linecfbp_cfbwe_margin,linept_round,CFBWE: Margin,lineround,324,True,0.836919405879621,0.11170594905637858,0.8988222842830046,0.5463258785942492,5.9108024691358025,5.940432098765433,0.55625,0.44375,79,69
linecfbp_cbcr2_sam,linept_rwp,CBCR2: Sam,Laffaye RWP,509,True,0.7977321255395331,0.1113987857300997,0.8549403074318281,0.5524752475247525,6.96664047151277,6.951119842829076,0.5413385826771654,0.45866141732283466,121,103
linept_cather,linept_payne,linecather,linepayne,923,True,0.8902705800898997,0.11116973952021697,0.8849745493397597,0.5451467268623025,6.252686890574215,6.252686890574215,0.46963123644251625,0.5303687635574837,190,224
linecfbp_cfbwe_margin,piratings,CFBWE: Margin,Pi-Ratings,516,True,0.901908813585714,0.11089724040647235,0.9249704798094434,0.5952380952380952,4.621492248062015,4.647422480620155,0.5029239766081871,0.49707602339181284,105,100
keeper,linept_fluker,Keeper,Slate Fluker,694,True,0.9376178279553207,0.1106322083051606,0.9151643804170445,0.55096011816839,4.720878962536023,4.720878962536023,0.46829971181556196,0.531700288184438,159,152
linept_bill,teamrankings,Billingsley,TeamRankings.com,3895,True,0.8622461636571774,0.1106313529053167,0.8946396889416257,0.5355746677091477,5.95043645699615,5.95043645699615,0.4592649704446158,0.5407350295553842,882,884
linecfbp_obmodel,linecfbp_wilson_ratings,OBModel,Wilson Ratings,507,True,0.9055013941383779,0.11041881004987115,0.9265921989708119,0.530938123752495,4.988757396449705,4.988757396449705,0.5069306930693069,0.49306930693069306,132,100
linecfbp_cfbwe_average,linept_pfz,CFBWE: Average,PerformanZ Ratings,516,True,0.8313255411095143,0.11037571514503945,0.8721793633443351,0.5155642023346303,6.829186046511627,6.86015503875969,0.5658914728682171,0.43410852713178294,127,121
congrove,linecfbp_oddstrader_ai,Congrove Computer Rankings,OddsTrader AI,1064,True,0.8431247314696295,0.11009992830795823,0.8596409132720194,0.5242248062015504,6.663843984962406,6.666437969924812,0.5023518344308561,0.49764816556914393,260,242
linecfbp_obmodel,linept_loud,OBModel,Loudsound.org,498,True,0.7261609522798248,0.1099532394709422,0.8386197419862841,0.5371900826446281,7.634939759036144,7.682730923694779,0.5557809330628803,0.44421906693711966,129,101
linecfbp_professor_sides,linept_bill,Professor Sides,Billingsley,2584,True,0.8427884912841082,0.10993570597764159,0.8816366909165487,0.5344557556773688,6.401784055727554,6.417883126934983,0.5406346749226006,0.45936532507739936,595,604
linept_bihl,piratings_bias,Bihl System,PI-Rate Bias,2161,True,0.9033723200645887,0.10992485771870725,0.930414002662069,0.5449017773620206,4.617621471540954,4.618084220268394,0.475462962962963,0.524537037037037,466,510
linecfbp_room44_bets,linept_round,Room44 Bets,lineround,1325,True,0.799227451952716,0.10988476882456456,0.8708092347110066,0.5275590551181102,6.613735849056605,6.650867924528302,0.5265998457979953,0.47340015420200465,329,297
linept_big200,piratings_mean,Big 200,Pi-Ratings Mean,1558,True,0.8771094131802503,0.10926762852392134,0.8842615176295969,0.529296875,6.158112965340179,6.158112965340179,0.47881899871630296,0.521181001283697,391,331
linept_paynewl,linept_super,linepaynewl,linesuper,769,True,0.8815209944793141,0.1088257547186713,0.7471979752969884,0.5822454308093995,10.257113133940182,10.257113133940182,0.546284224250326,0.45371577574967403,148,169
linecfbp_professor_sides,linept_rwp,Professor Sides,Laffaye RWP,2500,True,0.8514616234713683,0.1087868674314696,0.8749638241518207,0.5614106201864613,6.280256,6.339504,0.5434521425710853,0.4565478574289147,554,543
linecfbp_mcillece_sports,linecfbp_room44_bets,McIllece Sports,Room44 Bets,550,True,0.8984118193231933,0.10874944152871142,0.9072385330325146,0.5166666666666667,5.130181818181819,5.130181818181818,0.48628884826325414,0.5137111517367459,136,124
linecfbp_sportsline,linept_kerns,SportsLine,Stephen Kerns,1566,True,0.8453958063917635,0.10857078299529005,0.831739287224032,0.5281413612565445,7.403461047254151,7.494227330779054,0.532010243277849,0.4679897567221511,366,373
linecfbp_si_composite,linept_super,SI Composite,linesuper,505,True,0.9250953278652738,0.1084169823293575,0.8198147891176882,0.554,8.577148514851485,8.56950495049505,0.5742574257425742,0.42574257425742573,99,122
linecfbp_pearatings,piratings_bias,PEARatings,PI-Rate Bias,550,True,0.9312789466893351,0.10801070624466849,0.9222944856516123,0.570902394106814,4.550545454545455,4.639636363636364,0.5627306273062731,0.43726937269372695,126,110
linecfbp_mcillece_sports,linept_wayward,McIllece Sports,Waywardtrends,503,True,0.9097445617258041,0.1079895062078936,0.9115496460592954,0.5450901803607214,5.004671968190855,5.106182902584493,0.5029940119760479,0.49700598802395207,119,108
linept_cather,linept_kerns,linecather,Stephen Kerns,923,True,0.8165411822959936,0.10798131084672492,0.837299248014569,0.551528878822197,7.319989165763813,7.319989165763813,0.5217864923747276,0.4782135076252723,192,221
linecfbp_power_rank,linept_born,Power Rank,Born Power Index,2085,True,0.9295654477266151,0.10775302081032437,0.9178803707156848,0.5220552593310712,5.201227817745803,5.237410071942446,0.5456292026897214,0.4543707973102786,508,478
linecfbp_sportsratings,linept_pig,SportsRatings,Pigskin Index,238,True,0.9142737812503574,0.10747294182359321,0.868200769808531,0.5394736842105263,6.332016806722689,6.334957983193276,0.43037974683544306,0.569620253164557,57,51
keeper,linecfbp_cfb_graphs,Keeper,CFB Graphs,2126,True,0.9022885218260003,0.1073539198828395,0.889115251662542,0.5302525011910434,6.015150517403574,6.090333960489181,0.48539114043355325,0.5146088595664468,514,484
linecfbp_sportsratings,linecfbp_wilson_ratings,SportsRatings,Wilson Ratings,550,True,0.9257834305811234,0.10725719819133045,0.884313272761807,0.5341959334565619,5.760181818181818,5.7601818181818185,0.45871559633027525,0.5412844036697247,133,117
linecfbp_jp,linept_born,JP+,Born Power Index,1578,True,0.8836497445793197,0.10725283592373773,0.8841441377634612,0.5246636771300448,6.184328263624841,6.2275475285171105,0.527584020291693,0.4724159797083069,398,349
linecfbp_cfb_graphs,linecfbp_matt_grissom,CFB Graphs,Matt Grissom,1092,True,0.8829151978320072,0.10709662502875161,0.9054176106151873,0.5484171322160148,5.308974358974359,5.308974358974359,0.4412580943570768,0.5587419056429233,213,274
linecfbp_obmodel,massey,OBModel,Massey Ratings,507,True,0.9023830954526255,0.10688149308065358,0.913856660647288,0.5513833992094862,5.263471400394478,5.274358974358975,0.5502958579881657,0.44970414201183434,117,108
linecfbp_sv_bettor,linept_kam,SV Bettor,Edward Kambour,507,True,0.8917678660634005,0.10676034541091986,0.8986595522952191,0.5420944558521561,5.809092702169625,5.8974161735700195,0.4990138067061144,0.5009861932938856,114,119
keeper,linecfbp_oddstrader_ai,Keeper,OddsTrader AI,1063,True,0.8883946032677912,0.10641573198500906,0.873559992243692,0.4926829268292683,6.3118062088428974,6.363546566321731,0.5014164305949008,0.4985835694050991,270,262
linecfbp_cfb_graphs,piratings_mean,CFB Graphs,Pi-Ratings Mean,2128,True,0.9060026024867297,0.10640387389469137,0.921268430639787,0.5148752399232246,4.927984022556391,5.007645676691729,0.4834905660377358,0.5165094339622641,514,509
linecfbp_cfb_graphs,piratings,CFB Graphs,Pi-Ratings,2128,True,0.8990223227095238,0.10627765081691935,0.9119133392216715,0.5274988043998087,5.191437969924812,5.270704887218046,0.49030732860520093,0.509692671394799,494,495
linecfbp_cfb_graphs,linecfbp_cfb_professor,CFB Graphs,CFB Professor,514,True,0.9115321290716346,0.10597726877147347,0.9348536225019942,0.500998003992016,4.5649805447470815,4.5649805447470815,0.5254901960784314,0.4745098039215686,139,117
linecfbp_power_rank,linept_curry,Power Rank,Daniel Curry Index,2586,True,0.904095392992417,0.10568665683517307,0.9067809498118478,0.5238467552775606,5.489640371229698,5.510978344934261,0.5562862669245648,0.4437137330754352,621,603
linecfbp_room44_bets,piratings,Room44 Bets,Pi-Ratings,2636,True,0.8954544968526855,0.10534452977317008,0.9083872403447681,0.5455249903138318,5.274749620637329,5.378922610015175,0.514525993883792,0.48547400611620795,622,572
linecfbp_dratings,linept_cather,DRatings,linecather,625,True,0.9153713698097251,0.10492122480035554,0.902222172997268,0.5740740740740741,5.703999999999999,5.70672,0.5345104333868379,0.4654895666131621,142,126
congrove,linecfbp_obmodel,Congrove Computer Rankings,OBModel,507,True,0.8804259394059074,0.1048668906103251,0.9115961860324019,0.5207920792079208,5.61051282051282,5.613116370808679,0.44970414201183434,0.5502958579881657,114,125
linecfbp_cbcr2_power,linept_loud,CBCR2: Power,Loudsound.org,1049,True,0.7059710530153023,0.10479004756969441,0.8078706831469398,0.541828793774319,8.097426120114394,8.163870352716875,0.5325047801147228,0.46749521988527726,252,228
linecfbp_cbcr2_sam,linept_kerns,CBCR2: Sam,Stephen Kerns,515,True,0.8560942098544139,0.10474221717647195,0.8594320760044435,0.5342465753424658,6.583980582524272,6.6290291262135925,0.5283757338551859,0.47162426614481406,127,110
linecfbp_sportsline,linept_rwp,SportsLine,Laffaye RWP,1553,True,0.797339244982897,0.10423789665879644,0.8507449330316149,0.5398288347597103,6.98386992916935,7.073541532517707,0.5370728562217923,0.4629271437782076,361,347
linecfbp_sv_bettor,piratings_mean,SV Bettor,Pi-Ratings Mean,507,True,0.8807879063780317,0.10416050782948928,0.9053396014089653,0.5280665280665281,5.773629191321499,5.832800788954636,0.503968253968254,0.49603174603174605,118,115
linept_fluker,linept_pugh,Slate Fluker,Pugh Ratings,693,True,0.9295416845632826,0.10404946788104792,0.9161908356811498,0.5680473372781065,4.611399711399711,4.611399711399711,0.5512265512265512,0.44877344877344877,149,144
congrove,linecfbp_wilson_ratings,Congrove Computer Rankings,Wilson Ratings,2638,True,0.8652738290981091,0.10397136475080121,0.8927262903095233,0.5356868764389869,5.829689158453374,5.902335102350266,0.47933257489571485,0.5206674251042852,626,595
keeper,linept_laz,Keeper,Laz Index,3885,True,0.9071213786502723,0.10379538742127933,0.8823916104256054,0.5618383681900335,5.649222651222652,5.649222651222652,0.4719361483007209,0.528063851699279,844,836
linecfbp_david_sasser,linept_dunk,David Sasser,Dunkel Index,434,True,0.883267820738348,0.10353510471879691,0.8908349509776656,0.5571095571095571,5.701751152073733,5.760184331797235,0.5599078341013825,0.4400921658986175,117,76
congrove,linecfbp_blake_atkinson,Congrove Computer Rankings,Blake Atkinson,515,True,0.8980182268360187,0.10318452991627419,0.8967250831882756,0.547244094488189,5.556097087378641,5.532135922330098,0.42524271844660194,0.574757281553398,109,116
linecfbp_jp,linept_log,JP+,Logistic Regression,977,True,0.5288624892583891,0.10294639647379471,0.8107534606510582,0.5190525231719877,8.322784032753326,8.375148413510745,0.5532786885245902,0.44672131147540983,228,238
linecfbp_jp,piratings_mean,JP+,Pi-Ratings Mean,2129,True,0.8995486809770373,0.10285404708238283,0.9142767429783788,0.5376860297647623,5.11156881164866,5.179722874589008,0.4921985815602837,0.5078014184397163,523,456
linept_clean,moore_ratings,Cleanup Hitter,Moore Power Ratings,3853,True,0.7221861580718996,0.10285029796338353,0.8298674213821186,0.5098561534363346,7.88225279003374,7.881863483000259,0.4685714285714286,0.5314285714285715,914,941
dokter_entropy,linecfbp_cfb_victory,Dokter Entropy,CFB Victory,1098,True,0.8448674988966364,0.10226146458276333,0.8805521226423308,0.525974025974026,6.055255009107468,6.159244080145719,0.5501824817518248,0.4498175182481752,265,250
linecfbp_obmodel,linept_log,OBModel,Logistic Regression,258,True,0.5932022532757227,0.10219203785645727,0.8206367026028559,0.5155038759689923,8.738333333333335,8.640813953488372,0.5503875968992248,0.4496124031007752,65,59
linept_donchess,piratings_bias,Donchess Inference,PI-Rate Bias,3896,True,0.9376280489028673,0.10210056898973088,0.9313245309894501,0.5673534072900158,4.4324897330595485,4.432233059548254,0.5193355826628601,0.4806644173371399,837,833
congrove,linecfbp_cfbwe,Congrove Computer Rankings,CFBWE,516,True,0.8645471972211566,0.10176506285798441,0.9001431078934421,0.5618860510805501,5.657558139534884,5.680581395348838,0.44854368932038835,0.5514563106796116,114,111
congrove,linept_wayward,Congrove Computer Rankings,Waywardtrends,1559,True,0.878120233969866,0.10174743049911855,0.8953457402400458,0.542068079640334,5.732155227710071,5.732796664528544,0.4833119383825417,0.5166880616174583,360,341
linept_bihl,piratings,Bihl System,Pi-Ratings,2161,True,0.8947862705539457,0.10139835577394603,0.9300608532733389,0.5416860735910572,4.578843128181397,4.579305876908838,0.47894493290143453,0.5210550670985655,468,513
linecfbp_cbcr2_sam,linept_log,CBCR2: Sam,Logistic Regression,263,True,0.52576062357859,0.10132670143970265,0.7998594669961214,0.5285171102661597,8.934752851711027,8.85361216730038,0.5152671755725191,0.4847328244274809,54,68
linecfbp_cfb_geek,linept_kerns,CFB Geek,Stephen Kerns,2075,True,0.850869672427763,0.10015429626339732,0.850658173882097,0.5362530413625304,6.861922891566266,6.934857831325301,0.5517408123791102,0.44825918762088973,480,469
linecfbp_cfb_victory,linept_fluker,CFB Victory,Slate Fluker,468,True,0.8421487364486865,0.10011322376556771,0.8523429290537755,0.5615212527964206,6.239594017094017,6.335534188034187,0.42116630669546434,0.5788336933045356,96,112
congrove,keeper,Congrove Computer Rankings,Keeper,3933,True,0.8769576478043652,0.10004994937737421,0.8720061533181894,0.5187452180566182,6.514612255275871,6.514357996440377,0.4946564885496183,0.5053435114503817,936,920
linept_big200,linept_fluker,Big 200,Slate Fluker,694,True,0.8684929781676828,0.09981681233715728,0.8761496299109366,0.518463810930576,6.168198847262247,6.168198847262247,0.46176046176046176,0.5382395382395382,171,157
linept_elo,linept_super,Beck Elo,linesuper,769,True,0.9014912413822611,0.09977466873633722,0.7955273172236254,0.5332464146023468,9.136111833550066,9.136111833550066,0.5703125,0.4296875,174,181
linept_argh,linept_cather,Argh Ratings,linecather,923,True,0.8860550204878223,0.09940461126187713,0.8698266389443382,0.5378346915017462,6.657908992416035,6.657908992416035,0.5172018348623854,0.4827981651376147,218,201
linecfbp_david_sasser,piratings,David Sasser,Pi-Ratings,550,True,0.9026505690040122,0.09937903976474376,0.8995389828220101,0.5627306273062731,5.464890909090909,5.485981818181818,0.53125,0.46875,137,104
dokter_entropy,linecfbp_cfb_graphs,Dokter Entropy,CFB Graphs,2128,True,0.9090900677331899,0.09933020467548948,0.9288984128971045,0.5168967158495954,4.595512218045113,4.677260338345865,0.541862652869238,0.458137347130762,534,496
linecfbp_blake_atkinson,linept_log,Blake Atkinson,Logistic Regression,263,True,0.5548288166425952,0.09927311333455141,0.8300426967813547,0.5077519379844961,8.039011406844107,8.117338403041826,0.5992366412213741,0.40076335877862596,64,65
linept_clean,linept_pfz,Cleanup Hitter,PerformanZ Ratings,3855,True,0.701624382019721,0.09892531575611879,0.7944365368061327,0.5131824234354194,8.78491569390402,8.78491569390402,0.48378728923476005,0.51621271076524,888,945
linecfbp_dratings,piratings_bias,DRatings,PI-Rate Bias,2638,True,0.9320594759110433,0.09846756916148959,0.92587539370605,0.5630804953560371,4.636902956785443,4.698684609552692,0.5222052067381318,0.4777947932618683,590,565
harville,linecfbp_obmodel,David Harville,OBModel,507,True,0.924339430777731,0.09792309668154459,0.940014766838277,0.5079051383399209,4.4099211045364894,4.456706114398423,0.4930966469428008,0.5069033530571992,112,135
linecfbp_cfb_professor,linept_kerns,CFB Professor,Stephen Kerns,1022,True,0.8017359166774577,0.09701716581223295,0.8652885339222318,0.5351137487636004,6.640185909980431,6.738326810176125,0.5147058823529411,0.4852941176470588,221,253
linept_kerns,linept_pig,Stephen Kerns,Pigskin Index,3443,True,0.8502964340199769,0.09687642567125594,0.8623669892435126,0.5363076923076923,6.649665988963115,6.649665988963115,0.4533762057877814,0.5466237942122186,836,742
linecfbp_sportsline,linecfbp_trent_sorensen,SportsLine,Trent Sorensen,1098,True,0.7273996466890861,0.09677702077008572,0.8153197586305333,0.5439252336448598,7.841712204007287,7.841712204007287,0.5338208409506399,0.46617915904936014,235,258
congrove,linecfbp_cfbwe_rounded,Congrove Computer Rankings,CFBWE: Rounded,516,True,0.8638597839346793,0.09619921998572781,0.8999733474665803,0.5580448065173116,5.675038759689923,5.70531007751938,0.4476744186046512,0.5523255813953488,119,111
linept_kerns,linept_payne,Stephen Kerns,linepayne,3124,True,0.7646819758614304,0.09580195134239079,0.8224450533319811,0.5639871382636656,7.677874519846351,7.677874519846351,0.5006406149903908,0.49935938500960925,681,648
linecfbp_power_rank,linecfbp_sv_bettor,Power Rank,SV Bettor,507,True,0.8733469841343884,0.09524213592372997,0.9169241681537661,0.5392561983471075,5.320907297830375,5.320907297830375,0.5329341317365269,0.46706586826347307,122,110
linept_fluker,linept_laz,Slate Fluker,Laz Index,694,True,0.8672910750802927,0.09498243717533891,0.8926981660697747,0.5553914327917282,4.5299711815561965,4.5299711815561965,0.5238095238095238,0.47619047619047616,145,160
linecfbp_ryder_analytics,moore_ratings,Ryder Analytics,Moore Power Ratings,550,True,0.7297343723654729,0.09494822967418995,0.82812884758562,0.5210237659963437,7.427763636363635,7.461909090909091,0.4553734061930783,0.5446265938069217,121,143
linecfbp_oddstrader_ai,linept_round,OddsTrader AI,lineround,312,True,0.7333819804589202,0.09486394849787873,0.810647183362225,0.5618729096989966,7.701923076923077,7.801282051282051,0.47750865051903113,0.5224913494809689,66,66
linecfbp_sportsline,linept_elo,SportsLine,Beck Elo,1566,True,0.846022848053181,0.094764226201689,0.8796125673020331,0.5195822454308094,6.25198595146871,6.296021711366539,0.5060702875399361,0.4939297124600639,381,370
linecfbp_kford,linept_log,KFord,Logistic Regression,748,True,0.5878657117192295,0.094644487839236,0.8265084254499382,0.5006747638326585,7.950641711229946,8.029679144385026,0.589572192513369,0.410427807486631,185,189
linecfbp_jp,linept_curry,JP+,Daniel Curry Index,2079,True,0.8694515593598245,0.09459654522970544,0.8779195861454048,0.5311284046692607,6.347412217412217,6.364468494468494,0.5235803657362849,0.4764196342637151,513,457
congrove,linecfbp_beta_rank,Congrove Computer Rankings,Beta_Rank,2638,True,0.8426475007810788,0.09425151110435394,0.8676052296446785,0.5185185185185185,6.765826383623957,6.834499620924943,0.5054986727341676,0.4945013272658324,667,583
linecfbp_sv_bettor,linept_fox,SV Bettor,linefox,507,True,0.8845227564015683,0.09397081624994712,0.8909839506532651,0.527542372881356,6.2111045364891515,6.252485207100592,0.4989816700610998,0.5010183299389002,119,117
linecfbp_dratings,linept_pig,DRatings,Pigskin Index,2307,True,0.928361865151656,0.09394158555210301,0.9291698687575396,0.544605324614666,4.619440832249675,4.65187256176853,0.526039387308534,0.4739606126914661,558,497
linept_round,linept_talis,lineround,Talisman Red,2105,True,0.8061707878720548,0.09368765118869209,0.8615171490080682,0.5648148148148148,6.511857482185273,6.511857482185273,0.4788598574821853,0.5211401425178147,440,462
linept_bill,piratings_bias,Billingsley,PI-Rate Bias,3895,True,0.8692783838179579,0.09356812945754588,0.8780966149324564,0.5351784790481118,6.325250320924263,6.324993581514763,0.47277863379558294,0.5272213662044171,889,894
linecfbp_room44_bets,linept_talis,Room44 Bets,Talisman Red,2546,True,0.8712165665213628,0.09343493746245987,0.8900943080516789,0.5425616547334925,5.788491751767478,5.874328358208955,0.5015710919088767,0.49842890809112333,571,587
linept_dwig,linept_super,DP Dwiggins,linesuper,765,True,0.8558934717373493,0.0934331778985358,0.7611450019348535,0.5836734693877551,9.511450980392157,9.511450980392157,0.5490196078431373,0.45098039215686275,150,167
linept_kerns,sagarin_golden_mean,Stephen Kerns,Sagarin Golden Mean,3896,True,0.8475835727205268,0.09295797329894327,0.8586268428931108,0.5529775715390565,6.603842402464066,6.603842402464066,0.4531209863858207,0.5468790136141793,847,859
linecfbp_power_rank,linept_kerns,Power Rank,Stephen Kerns,2589,True,0.8664993491522808,0.09194987890862504,0.8722017680361166,0.5244810027418723,6.412537659327925,6.493657782927772,0.5589147286821705,0.44108527131782943,602,614
linecfbp_si_composite,linept_fox,SI Composite,linefox,505,True,0.9268563299881423,0.0919269135658558,0.9244266811291805,0.5215605749486653,5.11689108910891,5.103188118811881,0.5436507936507936,0.45634920634920634,123,114
linept_cather,massey,linecather,Massey Ratings,923,True,0.9088790771642623,0.09158872419227275,0.8839726076854885,0.5514124293785311,6.032134344528711,6.032134344528711,0.4566160520607375,0.5433839479392625,171,238
linecfbp_beta_rank,linept_cather,Beta_Rank,linecather,625,True,0.8584282675247685,0.09156029527643747,0.8678629014530687,0.5240464344941956,6.861279999999999,6.9017599999999995,0.48870967741935484,0.5112903225806451,143,145
linecfbp_cbcr2_power,linept_bill,CBCR2: Power,Billingsley,1063,True,0.7971911551844902,0.0909655192778789,0.8486547064943312,0.5099337748344371,7.327836312323612,7.328946378174977,0.5329566854990584,0.4670433145009416,281,234
linecfbp_jp,linept_dunk,JP+,Dunkel Index,1806,True,0.8552659161235712,0.09095573586892637,0.8743831851261337,0.5187255449972051,6.39576965669989,6.429678848283499,0.5415282392026578,0.4584717607973422,469,396
linecfbp_john_harris,linecfbp_oddstrader_ai,John Harris,OddsTrader AI,546,True,0.9682805047894593,0.09081030856182183,0.9648283407840234,0.4843137254901961,3.291208791208791,3.291208791208791,0.511070110701107,0.488929889298893,142,137
linecfbp_cfb_victory,massey,CFB Victory,Massey Ratings,1098,True,0.8102109495320128,0.09032215241230536,0.8615664525256665,0.524074074074074,6.677659380692167,6.773979963570127,0.47176684881602915,0.5282331511839709,261,263
congrove,linept_rwp,Congrove Computer Rankings,Laffaye RWP,3766,True,0.7996235203126545,0.09006965755218935,0.8460760885655405,0.5231506120276743,7.206471056824217,7.206736590546999,0.5233669676048858,0.4766330323951142,916,850
linecfbp_cfb_graphs,linept_donchess,CFB Graphs,Donchess Inference,2081,True,0.8924906396593388,0.08994354131720181,0.9214247643236743,0.5237154150197628,4.79570879384911,4.898592023065834,0.44859359844810864,0.5514064015518914,475,502
linept_argh,piratings,Argh Ratings,Pi-Ratings,3135,True,0.8803411250495601,0.08967558775570003,0.9001374129545218,0.5350701402805611,5.652771929824562,5.652452950558215,0.478330658105939,0.521669341894061,689,748
linept_dunk,linept_rwp,Dunkel Index,Laffaye RWP,3352,True,0.8558290644778923,0.08957756936366554,0.8519419121759625,0.5593068419480132,6.813943914081144,6.813943914081144,0.5014925373134328,0.49850746268656715,718,728
linept_elo,piratings,Beck Elo,Pi-Ratings,3896,True,0.8862420784997731,0.0890744582531265,0.9042179342285961,0.5212435233160622,5.580854722792608,5.581111396303901,0.48086308759311586,0.5191369124068842,899,929
linecfbp_sportsratings,sagarin_golden_mean,SportsRatings,Sagarin Golden Mean,550,True,0.9066439856309092,0.088743409891144,0.886102452733951,0.5496323529411765,5.575563636363636,5.633927272727273,0.4808743169398907,0.5191256830601093,127,122
keeper,linecfbp_cfbwe_margin,Keeper,CFBWE: Margin,515,True,0.8876919934581743,0.08853418824021811,0.8823868166406856,0.518664047151277,6.277825242718446,6.314330097087378,0.45048543689320386,0.5495145631067961,126,118
linept_pugh,linept_rwp,Pugh Ratings,Laffaye RWP,3761,True,0.8816090767179976,0.08844030425677744,0.8631274206224038,0.5560585885486019,6.538617388992289,6.538617388992289,0.5190210162277201,0.4809789837722799,818,827
linept_pig,linept_rwp,Pigskin Index,Laffaye RWP,3315,True,0.8616741258535808,0.088139983033671,0.8710232964080434,0.5660076530612245,6.332546003016591,6.332546003016591,0.5438066465256798,0.4561933534743202,691,737
linecfbp_obmodel,linept_pfz,OBModel,PerformanZ Ratings,507,True,0.866691369145082,0.08813151302161622,0.896155913781013,0.5434782608695652,6.149408284023669,6.272090729783037,0.52465483234714,0.47534516765285995,123,107
linept_cather,sagarin_golden_mean,linecather,Sagarin Golden Mean,923,True,0.8792866584148443,0.08802199461295541,0.8796279851262485,0.5467869222096956,5.9266305525460465,5.9266305525460465,0.4685466377440347,0.5314533622559653,182,229
linecfbp_pearatings,linecfbp_ryder_analytics,PEARatings,Ryder Analytics,550,True,0.7900078546387868,0.0879490568656721,0.8609692336620984,0.5,6.601454545454546,6.601454545454546,0.5622710622710623,0.43772893772893773,139,127
linept_cather,sagarin_predictor,linecather,Sagarin Predictor,923,True,0.906340595549047,0.08794418625896076,0.897168751502149,0.5502824858757062,5.6826002166847225,5.682600216684723,0.4561213434452871,0.5438786565547129,179,230
linept_kerns,piratings,Stephen Kerns,Pi-Ratings,3896,True,0.8467574735271873,0.0877295312966036,0.8564660122637522,0.5186915887850467,6.803411190965091,6.8036678644763855,0.4559958826556871,0.5440041173443129,922,912
linecfbp_cfb_geek,linecfbp_mcillece_sports,CFB Geek,McIllece Sports,550,True,0.8845501601143952,0.08771375619904538,0.8966633339539496,0.5267034990791897,5.290363636363636,5.290363636363636,0.5191956124314442,0.48080438756855576,133,124
linecfbp_cfbwe_average,linept_kam,CFBWE: Average,Edward Kambour,514,True,0.9229737383349493,0.0865609191636242,0.9165999963196053,0.5244618395303327,5.072101167315175,5.089416342412451,0.5428015564202334,0.4571984435797665,125,113
linecfbp_room44_bets,piratings_bias,Room44 Bets,PI-Rate Bias,2636,True,0.9016346418509877,0.0865031727119316,0.9067233524433127,0.5208655332302936,5.336559180576631,5.4203983308042485,0.5101260985861674,0.48987390141383264,646,602
linecfbp_mcillece_sports,linecfbp_oddstrader_ai,McIllece Sports,OddsTrader AI,547,True,0.9198561095595268,0.08580735854428968,0.9234158909852545,0.4797687861271676,4.793053016453382,4.793053016453382,0.4907749077490775,0.5092250922509225,149,128
linecfbp_sportsline,linept_pugh,SportsLine,Pugh Ratings,1566,True,0.8809945034655853,0.08542331788247161,0.8836022550859953,0.5225048923679061,6.08705619412516,6.161040868454661,0.4961636828644501,0.5038363171355499,371,361
linept_laz,piratings,Laz Index,Pi-Ratings,3894,True,0.8884573052744639,0.08526390797678043,0.9024065351791284,0.5281160922518787,5.188656908063688,5.188913713405239,0.49074550128534705,0.509254498714653,921,885
linecfbp_cfb_graphs,linept_paynep,CFB Graphs,linepaynep,1569,True,0.8212413465670202,0.08522687511538078,0.8594798244524109,0.5382636655948553,6.771759082217973,6.834053537284896,0.545280612244898,0.45471938775510207,366,349
linecfbp_john_harris,linept_rwp,John Harris,Laffaye RWP,1044,True,0.860454265881606,0.08474858777598529,0.8839966244100249,0.5551219512195122,5.822212643678161,5.908266283524904,0.5681381957773513,0.43186180422264875,243,224
linecfbp_blake_atkinson,linept_rwp,Blake Atkinson,Laffaye RWP,509,True,0.8413962295251538,0.0847152037072201,0.8894032747389132,0.56312625250501,5.783104125736738,5.840785854616896,0.5877712031558185,0.41222879684418146,123,98
linept_big200,piratings,Big 200,Pi-Ratings,1558,True,0.8626673052111912,0.08466436418224364,0.8699902552580375,0.5210628645495787,6.523446726572529,6.523446726572529,0.4778135048231511,0.5221864951768489,398,338
linept_dunk,linept_paynewl,Dunkel Index,linepaynewl,2791,True,0.7346837628749936,0.0846590421816876,0.8076114339260212,0.5382131324004306,8.326159082766033,8.326159082766033,0.546594982078853,0.45340501792114696,637,627
linecfbp_power_rank,linept_pfz,Power Rank,PerformanZ Ratings,2589,True,0.84985917650359,0.08448461786210631,0.8793273569894963,0.5185474424053105,6.360876786404016,6.423202008497489,0.553150367220719,0.446849632779281,605,634
linecfbp_sp,linept_clean,SP+,Cleanup Hitter,2552,True,0.7789619864210567,0.08429139185382147,0.8467821825213303,0.5305544314042897,7.29351880877743,7.382648902821317,0.566193853427896,0.43380614657210403,622,568
linecfbp_room44_bets,linept_fox,Room44 Bets,linefox,1531,True,0.8707155654561016,0.08425579182224592,0.8892539312238188,0.5421521590130226,5.925519268451993,5.936766819072502,0.48458445040214476,0.5154155495978552,347,340
linept_kerns,linept_loud,Stephen Kerns,Loudsound.org,3814,True,0.7101108111997495,0.0841659141463896,0.7729591485622131,0.528794402583423,8.777792343995804,8.777792343995804,0.5148410822169688,0.4851589177830313,894,870
linecfbp_cfb_graphs,linept_clean,CFB Graphs,Cleanup Hitter,2042,True,0.6990756521412385,0.08375325226243817,0.8307750342465233,0.5255696202531646,7.611224289911851,7.674368266405485,0.5417895771878073,0.4582104228121927,472,490
congrove,linept_dwig,Congrove Computer Rankings,DP Dwiggins,3887,True,0.8356322676825193,0.08359541332891653,0.8522595294206068,0.5199362041467305,7.107206071520452,7.107463339336249,0.5101620787239516,0.48983792127604836,960,868
linecfbp_dratings,linept_dwig,DRatings,DP Dwiggins,2585,True,0.8734616478357363,0.08347594152941759,0.8806848706834448,0.5164433617539586,6.240735009671179,6.323404255319149,0.533281127642913,0.4667188723570869,637,608
linecfbp_trent_sorensen,linept_big200,Trent Sorensen,Big 200,1050,True,0.7475410511577109,0.08338471137307257,0.7975032231488941,0.5100671140939598,8.369571428571428,8.393514285714284,0.4747378455672069,0.5252621544327931,261,248
linecfbp_dratings,linept_paynep,DRatings,linepaynep,2078,True,0.8520413854836543,0.08280220231882247,0.8773824427667628,0.5355218030377266,6.340158806544755,6.423556304138595,0.5474241694752047,0.4525758305247954,487,481
linept_kerns,linept_paynewl,Stephen Kerns,linepaynewl,3124,True,0.689188060363163,0.08221172465919707,0.7855110598692511,0.5302445302445302,8.91641485275288,8.91641485275288,0.529788597053171,0.47021140294682895,733,700
linept_clean,linept_paynep,Cleanup Hitter,linepaynep,3084,True,0.7236382905808606,0.08158325130288611,0.7990684291906348,0.48917748917748916,8.849610894941634,8.849610894941634,0.4946480700616283,0.5053519299383717,783,779
linecfbp_oddstrader_ai,piratings,OddsTrader AI,Pi-Ratings,1064,True,0.8699408021112766,0.08147874729573523,0.8813908890689088,0.5097276264591439,6.0896522556390975,6.112772556390977,0.4796594134342479,0.5203405865657521,245,264
linept_argh,linept_born,Argh Ratings,Born Power Index,3133,True,0.8870973573387668,0.08146322823610999,0.8791605694323854,0.5335102853351028,6.218094478135972,6.218094478135972,0.5111821086261981,0.48881789137380194,700,735
linecfbp_cfbwe_average,sagarin_recent,CFBWE: Average,Sagarin Recent,516,True,0.9021696624271486,0.08105723417280923,0.922033281190306,0.513671875,4.96015503875969,4.953527131782946,0.5155038759689923,0.4844961240310077,129,116
linecfbp_oddstrader_ai,piratings_bias,OddsTrader AI,PI-Rate Bias,1064,True,0.8781505571531323,0.08066655314041254,0.8816869349137278,0.4819863680623174,6.069830827067668,6.113815789473684,0.47962085308056873,0.5203791469194313,262,274
linecfbp_dratings,linept_pugh,DRatings,Pugh Ratings,2589,True,0.9218983254637182,0.08038700375896121,0.9152862925743542,0.5470957613814756,5.077651602935496,5.143893395133256,0.509273570324575,0.490726429675425,597,567
linecfbp_david_sasser,linecfbp_ryder_analytics,David Sasser,Ryder Analytics,550,True,0.7582482878163688,0.08005364671386901,0.846779656327568,0.5092250922509225,6.962727272727273,6.962727272727273,0.5685557586837294,0.43144424131627057,146,116
linecfbp_cfbwe_rounded,sagarin_recent,CFBWE: Rounded,Sagarin Recent,516,True,0.9029700975764137,0.07978858474608219,0.9247334030694044,0.5,4.873333333333334,4.879961240310077,0.5387596899224806,0.46124031007751937,129,121
linecfbp_cfbwe,sagarin_recent,CFBWE,Sagarin Recent,516,True,0.9026390150969502,0.07940913813765844,0.9242253598605922,0.4921259842519685,4.868449612403101,4.86515503875969,0.5465116279069767,0.45348837209302323,135,122
linecfbp_cfbwe_margin,linept_log,CFBWE: Margin,Logistic Regression,229,True,0.5513700086664565,0.07921274240870488,0.831053145065587,0.5288888888888889,7.894061135371178,7.887336244541484,0.5458515283842795,0.45414847161572053,39,69
linept_curry,linept_loud,Daniel Curry Index,Loudsound.org,3814,True,0.7356656939140763,0.07894624271141557,0.8013590160337446,0.5297906602254429,8.263563188253801,8.263563188253801,0.5302911093627065,0.4697088906372935,876,885
linecfbp_cfbwe_average,linept_bihl,CFBWE: Average,Bihl System,258,True,0.8701946821706937,0.07871821047184674,0.932703964770918,0.5310077519379846,4.7787984496124025,4.819186046511628,0.5697674418604651,0.43023255813953487,63,59
linept_bill,linept_born,Billingsley,Born Power Index,3132,True,0.8531759966378955,0.07846525373984779,0.8546830531286997,0.5130990415335464,7.1269093231162195,7.1269093231162195,0.4964856230031949,0.5035143769968051,740,754
dokter_entropy,linept_loud,Dokter Entropy,Loudsound.org,3813,True,0.733433226510262,0.07818344015805805,0.8394136580529626,0.5130551816958278,7.265617623918175,7.265617623918175,0.5659931776436631,0.4340068223563369,919,904
linecfbp_sp,linecfbp_sv_bettor,SP+,SV Bettor,507,True,0.870877011296094,0.07804717094885594,0.9061258733836774,0.5229166666666667,5.716370808678501,5.716370808678501,0.532803180914513,0.4671968190854871,129,112
linecfbp_sportsline,linept_laz,SportsLine,Laz Index,1566,True,0.8432977474847109,0.07797047150842062,0.8763649595863863,0.5172863666014351,5.8917241379310346,5.984444444444444,0.4964856230031949,0.5035143769968051,372,378
linept_donchess,linept_paynep,Donchess Inference,linepaynep,3124,True,0.8501179121159962,0.07735121667705658,0.8759486577661157,0.5414618157980989,6.359065300896287,6.359065300896287,0.5520333013128402,0.44796669868715977,723,684
linept_dwig,linept_fluker,DP Dwiggins,Slate Fluker,694,True,0.8959452008181221,0.077214739043272,0.8800818143625249,0.5707762557077626,5.835792507204611,5.835792507204611,0.4746008708272859,0.525399129172714,141,148
keeper,linecfbp_wilson_ratings,Keeper,Wilson Ratings,2629,True,0.9210567329058409,0.07676308193683246,0.8910629925948309,0.5389660493827161,5.783309243058198,5.849425637124382,0.4746666666666667,0.5253333333333333,624,582
linecfbp_cfbwe_rounded,linept_fox,CFBWE: Rounded,linefox,508,True,0.9115725355828159,0.07666716119228381,0.9076759852292495,0.5297872340425532,5.492145669291339,5.511870078740157,0.5329087048832272,0.46709129511677283,123,114
linecfbp_cfb_geek,linept_big200,CFB Geek,Big 200,1050,True,0.8625731466504473,0.07647300693857917,0.8717945481019319,0.5450191570881227,6.365571428571429,6.356333333333334,0.54,0.46,241,231
linecfbp_sportsratings,linept_loud,SportsRatings,Loudsound.org,503,True,0.7667588297248636,0.07621349121756633,0.7638724915521299,0.5480572597137015,8.320278330019882,8.358846918489066,0.542,0.458,115,113
linecfbp_cfbwe_talent,linept_kerns,CFBWE: Talent,Stephen Kerns,516,True,0.6543294228364205,0.07615137890670207,0.8092252949337427,0.5342465753424658,8.347383720930232,8.375290697674417,0.5223300970873787,0.47766990291262135,125,116
linecfbp_trent_sorensen,linept_talis,Trent Sorensen,Talisman Red,1048,True,0.7726056626040069,0.07528550363700064,0.8236033497880568,0.484149855907781,7.659389312977099,7.710534351145038,0.4637404580152672,0.5362595419847328,272,250
congrove,linept_elo,Congrove Computer Rankings,Beck Elo,3895,True,0.8416004185659682,0.07516259702147948,0.8762426334503873,0.5145356315924878,6.431620025673942,6.431876765083441,0.49511819116135664,0.5048818088386434,968,885
linecfbp_cfb_graphs,piratings_bias,CFB Graphs,PI-Rate Bias,2128,True,0.90276605329736,0.07513947857263484,0.908502412359391,0.5121602288984263,5.303613721804512,5.370972744360903,0.4850640113798009,0.5149359886201992,510,513
linecfbp_blake_atkinson,linept_bill,Blake Atkinson,Billingsley,515,True,0.824239123870874,0.07487095831495083,0.8821798594001515,0.5374015748031497,6.05495145631068,6.10295145631068,0.596116504854369,0.40388349514563104,132,101
linecfbp_obmodel,linept_kam,OBModel,Edward Kambour,507,True,0.9240425368602999,0.07384650546556779,0.9265436164378617,0.5197628458498024,4.780769230769231,4.802702169625247,0.5266272189349113,0.47337278106508873,130,115
congrove,linecfbp_jp,Congrove Computer Rankings,JP+,2129,True,0.8483549504496262,0.0733664126276841,0.8740521897556551,0.5258907363420428,6.3788961953969,6.437224048849225,0.47133458646616544,0.5286654135338346,495,512
linept_donchess,linept_pig,Donchess Inference,Pigskin Index,3443,True,0.9306710787347371,0.07310239681726383,0.9333504610573982,0.5430899404575368,4.462590763868719,4.462590763868719,0.5285249778303281,0.4714750221696719,818,736
linept_pfz,linept_pig,PerformanZ Ratings,Pigskin Index,3443,True,0.8400078207698691,0.07307987498108372,0.8648365447919977,0.5361963190184049,6.8149985477781,6.8149985477781,0.4536741214057508,0.5463258785942492,835,748
linept_fluker,linept_loud,Slate Fluker,Loudsound.org,694,True,0.7080715959770324,0.0727863082254187,0.8205453959290286,0.5405405405405406,7.390662824207492,7.390662824207492,0.6028985507246377,0.39710144927536234,163,151
linecfbp_trent_sorensen,massey,Trent Sorensen,Massey Ratings,1098,True,0.7272720855068321,0.0726602423576219,0.8316547131357583,0.4953959484346225,7.464271402550091,7.5370582877959915,0.4599271402550091,0.5400728597449909,280,265
linecfbp_john_harris,linecfbp_trent_sorensen,John Harris,Trent Sorensen,1097,True,0.7820508732239233,0.07250775592769551,0.850974704951252,0.5327715355805244,6.793436645396536,6.793436645396536,0.5662100456621004,0.4337899543378995,252,252
linecfbp_cfbwe,linept_fox,CFBWE,linefox,508,True,0.9109738272515,0.0718646395214432,0.9067402449392784,0.5266393442622951,5.526791338582678,5.539822834645668,0.5287128712871287,0.47128712871287126,125,111
linept_paynewl,piratings_bias,linepaynewl,PI-Rate Bias,3124,True,0.7653573394608834,0.07128540922207417,0.8274219278339373,0.5195350339037779,7.961802176696542,7.961482074263764,0.44174135723431496,0.558258642765685,719,755
linept_donchess,linept_pugh,Donchess Inference,Pugh Ratings,3889,True,0.9272079360655667,0.07128411887181436,0.920804409019784,0.542969776609724,4.923193623039342,4.923193623039342,0.5216160576428204,0.4783839423571796,888,858
linecfbp_cfb_geek,linecfbp_trent_sorensen,CFB Geek,Trent Sorensen,1098,True,0.7392895870896657,0.07036518828988914,0.8305614376136261,0.5231053604436229,7.2636612021857925,7.2636612021857925,0.5601469237832875,0.4398530762167126,257,256
linept_round,piratings_mean,lineround,Pi-Ratings Mean,2105,True,0.8350506914746384,0.0699483723649562,0.8856867800607395,0.5264458724666337,6.106432304038005,6.106432304038005,0.4673704414587332,0.5326295585412668,505,476
linept_loud,linept_talis,Loudsound.org,Talisman Red,3758,True,0.7224065431548558,0.06939568910863729,0.8111884867917681,0.5420637081404847,7.816506120276743,7.816506120276743,0.45885486018641813,0.5411451398135819,821,860
linept_bill,linept_dwig,Billingsley,DP Dwiggins,3887,True,0.8076532750106963,0.06885019505424976,0.8357590345504521,0.5009301089556205,7.657615127347569,7.657615127347569,0.4962696166709545,0.5037303833290455,970,934
linecfbp_sportsline,linept_loud,SportsLine,Loudsound.org,1552,True,0.6658956798113722,0.06872555372856144,0.7922541304794224,0.5384615384615384,8.33569587628866,8.441365979381443,0.556237218813906,0.4437627811860941,360,357
linept_cather,linept_round,linecather,lineround,518,True,0.8299414115125862,0.06801704219717672,0.8656553521120457,0.508298755186722,6.696911196911197,6.696911196911197,0.4691358024691358,0.5308641975308642,114,141
linecfbp_si_composite,linept_dunk,SI Composite,Dunkel Index,444,True,0.9106443461572679,0.06754581908950809,0.9100949619185104,0.504524886877828,5.544684684684685,5.528063063063063,0.5337837837837838,0.46621621621621623,108,111
linept_kerns,linept_rwp,Stephen Kerns,Laffaye RWP,3767,True,0.8026392618328063,0.0675162857968388,0.8085050221521931,0.5512,7.8313830634457124,7.8313830634457124,0.5,0.5,842,815
congrove,linept_how,Congrove Computer Rankings,Howell,3893,True,0.8146101592642615,0.0662923421440523,0.8583063073404095,0.5127863612147043,6.993835088620601,6.994091959928076,0.5093806219480853,0.4906193780519147,980,884
linecfbp_obmodel,linept_bill,OBModel,Billingsley,507,True,0.8168266835909607,0.06620682404984596,0.8774745321732206,0.500990099009901,6.718067061143983,6.699802761341223,0.5424063116370809,0.45759368836291914,135,116
linecfbp_wilson_ratings,linept_super,Wilson Ratings,linesuper,509,True,0.9134452829147287,0.06619258369498479,0.8036844992470329,0.5438247011952191,8.922475442043222,8.992534381139489,0.5422396856581533,0.4577603143418468,93,135
linept_fox,linept_paynewl,linefox,linepaynewl,2329,True,0.7863101600158464,0.06582713416718318,0.8412279922595952,0.5113484646194927,7.535457277801632,7.535457277801632,0.5302705023615285,0.46972949763847144,551,574
congrove,linecfbp_sportsratings,Congrove Computer Rankings,SportsRatings,550,True,0.8582197755180315,0.0656412184172003,0.8442345441461432,0.5283363802559415,6.7315818181818186,6.795800000000001,0.4581818181818182,0.5418181818181819,123,136
linecfbp_mcillece_sports,linecfbp_ryder_analytics,McIllece Sports,Ryder Analytics,550,True,0.7826784585280468,0.0655246680210745,0.8370698986287483,0.5285451197053407,7.110181818181818,7.110181818181818,0.5716911764705882,0.42830882352941174,139,110
linecfbp_mcillece_sports,linept_kam,McIllece Sports,Edward Kambour,503,True,0.8934893620088269,0.06522720665493816,0.8957260197935958,0.5321285140562249,5.5499602385685884,5.565666003976142,0.5079681274900398,0.49203187250996017,125,110
linept_donchess,linept_kerns,Donchess Inference,Stephen Kerns,3896,True,0.8559298355931392,0.06500366779461009,0.8629942684665102,0.5271052631578947,6.505107802874743,6.505107802874743,0.5548670281435579,0.445132971856442,901,905
linept_elo,piratings_bias,Beck Elo,PI-Rate Bias,3896,True,0.8947706878950424,0.0647963830459456,0.9020141956044492,0.5116459627329193,5.646668377823408,5.646925051334702,0.4776464542651593,0.5223535457348407,918,950
linept_donchess,linept_dwig,Donchess Inference,DP Dwiggins,3888,True,0.8772871907702029,0.06443546479000391,0.8848400765422976,0.515735214324471,6.133778292181069,6.133778292181069,0.5358263598326359,0.464173640167364,947,900
linept_laz,linept_super,Laz Index,linesuper,769,True,0.9300298184024396,0.06429502215729883,0.8019469743885225,0.5281045751633987,8.968296488946685,8.968296488946685,0.5890767230169051,0.41092327698309494,175,185
linecfbp_ryder_analytics,linept_kam,Ryder Analytics,Edward Kambour,503,True,0.7983829637440268,0.06404602451168451,0.8396298339853262,0.503006012024048,7.266500994035786,7.299224652087475,0.4402390438247012,0.5597609561752988,118,128
linept_rwp,teamrankings,Laffaye RWP,TeamRankings.com,3767,True,0.8599690119063736,0.06382760042666802,0.8824204038162888,0.5396440129449838,6.040334483674012,6.040334483674012,0.45203295243157054,0.5479670475684294,846,859
linecfbp_room44_bets,linept_big200,Room44 Bets,Big 200,1050,True,0.8628844793235203,0.06368842421506787,0.8716689194623746,0.494716618635927,6.5182190476190485,6.581438095238095,0.5419047619047619,0.4580952380952381,276,254
linecfbp_jp,piratings,JP+,Pi-Ratings,2129,True,0.8888449483683853,0.06359538346602764,0.9008410891800271,0.530114722753346,5.501390324095819,5.559398778769375,0.5073494547178757,0.4926505452821242,524,463
dokter_entropy,linept_log,Dokter Entropy,Logistic Regression,1907,True,0.565757839140652,0.06356013927586217,0.82572433419847,0.508937960042061,8.332139486103829,8.332139486103829,0.5857367593078133,0.4142632406921867,465,456
linecfbp_obmodel,sagarin_recent,OBModel,Sagarin Recent,507,True,0.8789831611422079,0.06352777536839295,0.903504149708376,0.5,5.6093491124260355,5.611084812623274,0.5108481262327417,0.4891518737672584,128,121
linecfbp_obmodel,linept_laz,OBModel,Laz Index,507,True,0.9101209716079615,0.06346767728691509,0.9291369519253121,0.5148514851485149,4.801143984220907,4.8253648915187375,0.5266272189349113,0.47337278106508873,124,119
linecfbp_cfb_graphs,linecfbp_cfbwe_margin,CFB Graphs,CFBWE: Margin,514,True,0.8942016717015516,0.06345082530057693,0.9238354258806327,0.48406374501992033,4.759533073929961,4.759533073929961,0.5283757338551859,0.47162426614481406,137,123
linept_bill,linept_kerns,Billingsley,Stephen Kerns,3895,True,0.7889708673425294,0.06317271692267357,0.8147279766375339,0.5096624581293481,8.008310654685495,8.008310654685495,0.5079609655880842,0.49203903441191577,926,940
congrove,linept_laz,Congrove Computer Rankings,Laz Index,3893,True,0.8397306496206336,0.0628244085594581,0.8732127284444429,0.5174987133299022,6.126521962496789,6.126778833804264,0.4847004371303677,0.5152995628696323,928,912
linecfbp_cfbwe_talent,linept_round,CFBWE: Talent,lineround,324,True,0.6044037351096856,0.06231634578443763,0.8051075039704845,0.5238095238095238,8.371296296296297,8.402160493827159,0.47058823529411764,0.5294117647058824,78,77
linecfbp_cfb_geek,linept_argh,CFB Geek,Argh Ratings,1572,True,0.8819905068301422,0.06130045960904182,0.8964449950131811,0.5252996005326231,5.766730279898218,5.816030534351144,0.5118513773222293,0.48814862267777065,386,350
linept_how,piratings,Howell,Pi-Ratings,3894,True,0.8565807856161729,0.06104716100732627,0.8836227084356104,0.5323316340220016,6.12773497688752,6.1274781715459685,0.46553059643687067,0.5344694035631293,880,923
linecfbp_beta_rank,linecfbp_trent_sorensen,Beta_Rank,Trent Sorensen,1097,True,0.7379467555926107,0.06076142239735693,0.8081913814002747,0.4972170686456401,8.160164083865087,8.160164083865087,0.5374771480804388,0.4625228519195612,252,289
linecfbp_pearatings,piratings,PEARatings,Pi-Ratings,550,True,0.9141588981310962,0.0604121724747429,0.9107825440928915,0.5571955719557196,4.9188909090909085,5.001436363636364,0.5811808118081181,0.4188191881918819,130,115
linecfbp_obmodel,linecfbp_sv_bettor,OBModel,SV Bettor,507,True,0.8627511473269152,0.060075090434371196,0.8999226792254155,0.5390946502057613,5.842209072978304,5.842209072978304,0.5276679841897233,0.4723320158102767,125,105
linecfbp_john_harris,linept_clean,John Harris,Cleanup Hitter,1012,True,0.7648442086589008,0.05992897209466618,0.8450994407165844,0.5417095777548918,7.203794466403162,7.326304347826087,0.5708622398414271,0.42913776015857286,237,233
linept_clean,piratings_mean,Cleanup Hitter,Pi-Ratings Mean,3855,True,0.7757328256775301,0.05937953714138373,0.8428538573073794,0.5327405012126112,7.351364461738003,7.351105058365759,0.4399583224798124,0.5600416775201875,884,895
linecfbp_room44_bets,linept_curry,Room44 Bets,Daniel Curry Index,2586,True,0.8580135590385911,0.058979093806314886,0.8717471215554338,0.49686520376175547,6.488031709203403,6.526747873163186,0.5373307543520309,0.4626692456479691,665,622
linecfbp_power_rank,linept_dunk,Power Rank,Dunkel Index,2252,True,0.900815955347168,0.05810857588724215,0.9042068341606855,0.5183691756272402,5.538170515097691,5.551474245115453,0.5590586145648313,0.44094138543516875,549,523
linept_clean,linept_curry,Cleanup Hitter,Daniel Curry Index,3852,True,0.7610217613815841,0.05806483768192182,0.8100538801781791,0.49227078891257997,8.4061240913811,8.4061240913811,0.4730010384215992,0.5269989615784009,954,962
congrove,linept_big200,Congrove Computer Rankings,Big 200,1558,True,0.8279402897602822,0.05769100412208377,0.8428418691875601,0.5244215938303342,7.173510911424905,7.174152759948654,0.49486521181001286,0.5051347881899871,354,372
linecfbp_david_sasser,linept_log,David Sasser,Logistic Regression,219,True,0.6743641985107733,0.057474716052503795,0.8342240084492202,0.5416666666666666,7.796575342465753,7.818493150684932,0.591743119266055,0.40825688073394495,57,44
linecfbp_sportsratings,piratings_mean,SportsRatings,Pi-Ratings Mean,550,True,0.8991454499609011,0.05694808145169804,0.8846035873275208,0.5324675324675324,5.59049090909091,5.671218181818182,0.4990791896869245,0.5009208103130756,143,113
linecfbp_sportsline,linept_round,SportsLine,lineround,659,True,0.795231838176028,0.055900159220785374,0.8611009988502961,0.5110062893081762,6.9332321699544766,6.977996965098634,0.5436893203883495,0.4563106796116505,165,150
linecfbp_cfbwe_rounded,piratings,CFBWE: Rounded,Pi-Ratings,516,True,0.9178506055602852,0.05578902280453877,0.9281233850865095,0.5443298969072164,4.769864341085271,4.776027131782946,0.5272373540856031,0.4727626459143969,120,111
linecfbp_sportsline,linept_dwig,SportsLine,DP Dwiggins,1563,True,0.848791054818352,0.05572742023228868,0.8491666272074994,0.5111111111111111,7.063659628918746,7.169545745361484,0.5081411126187245,0.4918588873812754,387,364
linecfbp_trent_sorensen,linept_kam,Trent Sorensen,Edward Kambour,1051,True,0.7640884214368862,0.05557290060583611,0.826314277991901,0.49760306807286675,7.5213035204567085,7.570742150333016,0.4509990485252141,0.5490009514747859,275,238
linecfbp_cfbwe,piratings,CFBWE,Pi-Ratings,516,True,0.9176736550544049,0.055490778086549,0.9276135167406471,0.5467196819085487,4.780717054263565,4.793817829457365,0.5304518664047151,0.46954813359528486,122,108
linecfbp_matt_grissom,linecfbp_trent_sorensen,Matt Grissom,Trent Sorensen,1098,True,0.7686555416208819,0.05544708805390243,0.8358937424725038,0.5296296296296297,7.169034608378871,7.169034608378871,0.5608417200365965,0.43915827996340345,250,249
linecfbp_si_composite,linept_born,SI Composite,Born Power Index,505,True,0.9280861367882804,0.054963215652243706,0.9092359012417982,0.5418326693227091,5.471108910891089,5.452891089108911,0.5108910891089109,0.4891089108910891,111,117
linecfbp_cfbwe_margin,linept_paynep,CFBWE: Margin,linepaynep,516,True,0.8709940107942884,0.05489009213685276,0.8930077483260381,0.538160469667319,5.945174418604651,5.9795930232558145,0.5096899224806202,0.4903100775193798,115,119
linecfbp_dratings,linept_kerns,DRatings,Stephen Kerns,2591,True,0.8468165476517518,0.05486826991794012,0.8557495500087181,0.53147128245476,6.680694712466229,6.766283288305673,0.5468266253869969,0.4531733746130031,601,606
linecfbp_sportsratings,piratings,SportsRatings,Pi-Ratings,550,True,0.8788149284836143,0.05457899363701286,0.8642132607782052,0.5386029411764706,6.287436363636364,6.3441636363636364,0.5191256830601093,0.4808743169398907,138,115
linecfbp_jp,linept_big200,JP+,Big 200,1050,True,0.8435869467336722,0.05450633291072602,0.8554279027470357,0.5048076923076923,7.002961904761905,6.982104761904763,0.5309818875119161,0.4690181124880839,272,244
linept_round,piratings,lineround,Pi-Ratings,2105,True,0.8263490425234051,0.05409149769822976,0.878530313419126,0.5220588235294118,6.288546318289787,6.28902137767221,0.47056007659167065,0.5294399234083293,497,483
linecfbp_professor_sides,linept_log,Professor Sides,Logistic Regression,1231,True,0.5711192645196491,0.05390078101881211,0.8077435453409788,0.5172413793103449,8.592347684809098,8.63025182778229,0.5609756097560976,0.43902439024390244,282,314
linept_big200,massey,Big 200,Massey Ratings,1558,True,0.8524926795474844,0.053657173584100756,0.8684236410722813,0.5183515775917579,6.608838254172015,6.6107637997432604,0.5003211303789339,0.49967886962106617,384,352
linecfbp_cfbwe,linept_kam,CFBWE,Edward Kambour,514,True,0.9170781582600666,0.05351653110429239,0.916098036078607,0.5029585798816568,5.161712062256809,5.1787937743190655,0.5330739299610895,0.4669260700389105,131,119
linept_log,sagarin_recent,Logistic Regression,Sagarin Recent,1908,True,0.5823011093866363,0.05315841734786842,0.8166756978715237,0.509196006305833,8.544266247379454,8.544266247379454,0.42842160461457784,0.5715783953854221,466,453
linecfbp_professor_sides,linept_fluker,Professor Sides,Slate Fluker,468,True,0.9323022067261244,0.05259826348535846,0.9293388978854127,0.5518763796909493,3.843226495726496,3.9507051282051284,0.45454545454545453,0.5454545454545454,92,116
keeper,linecfbp_sportsline,Keeper,SportsLine,1612,True,0.8819005704989825,0.05250332762204656,0.8707100492143476,0.5041322314049587,6.554944168734491,6.615229528535981,0.5031055900621118,0.4968944099378882,400,393
linecfbp_cfbwe_rounded,linept_kam,CFBWE: Rounded,Edward Kambour,514,True,0.9169409036844457,0.05237675585375386,0.9165028687199217,0.5030674846625767,5.155992217898833,5.18443579766537,0.519455252918288,0.4805447470817121,128,121
linecfbp_cfbwe_average,piratings_bias,CFBWE: Average,PI-Rate Bias,516,True,0.9351899876510239,0.05207495716743354,0.9257270973839302,0.5165692007797271,4.945542635658914,4.931550387596899,0.519455252918288,0.4805447470817121,131,115
linecfbp_cbcr2_power,linept_log,CBCR2: Power,Logistic Regression,529,True,0.5737112366821623,0.0513341732445336,0.7814261301997146,0.4438095238095238,9.331512287334593,9.382741020793949,0.5625,0.4375,148,143
linecfbp_room44_bets,linecfbp_sportsratings,Room44 Bets,SportsRatings,550,True,0.9021008225557066,0.050937349630949154,0.8784766867333742,0.5222222222222223,5.887090909090909,5.887090909090909,0.5347985347985348,0.4652014652014652,126,129
linecfbp_power_rank,linept_loud,Power Rank,Loudsound.org,2508,True,0.6820890240844428,0.05012947973907423,0.8307092195249163,0.5002056766762649,7.455103668261564,7.517862838915471,0.5780998389694042,0.4219001610305958,613,617
congrove,linecfbp_room44_bets,Congrove Computer Rankings,Room44 Bets,2636,True,0.847743924916436,0.04997518691380197,0.8762399558703451,0.5144286263947672,6.296809559939302,6.35997344461305,0.4761001517450683,0.5238998482549317,630,627
linecfbp_professor_sides,linept_wayward,Professor Sides,Waywardtrends,1047,True,0.9102239829241227,0.04988952818414298,0.9114088294783321,0.5182341650671785,5.207917860553963,5.270687679083094,0.5033428844317096,0.49665711556829034,249,258
linecfbp_si_composite,linept_kerns,SI Composite,Stephen Kerns,505,True,0.8078377655406777,0.04968185132785986,0.8612159965382196,0.49500998003992014,6.7577029702970295,6.861861386138615,0.5288270377733598,0.4711729622266402,119,134
linecfbp_cfb_geek,linept_rwp,CFB Geek,Laffaye RWP,2024,True,0.8322044697515135,0.04943473144214917,0.8635696737025721,0.5259222333000997,6.577845849802372,6.597411067193676,0.5397923875432526,0.4602076124567474,492,455
linecfbp_trent_sorensen,linept_paynep,Trent Sorensen,linepaynep,538,True,0.5688184863300493,0.04858199233466462,0.7440516653737204,0.5103189493433395,10.318959107806693,10.380594795539034,0.5437616387337058,0.45623836126629425,144,120
dokter_entropy,linecfbp_ryder_analytics,Dokter Entropy,Ryder Analytics,550,True,0.8113775188724797,0.047472966458126965,0.8650874271666794,0.5073529411764706,6.436,6.4510545454545465,0.5857664233576643,0.4142335766423358,141,125
linept_clean,linept_round,Cleanup Hitter,lineround,2105,True,0.6583537308504334,0.04496625198321496,0.8135875727015658,0.509,8.15338242280285,8.15338242280285,0.49144254278728605,0.508557457212714,503,506
linecfbp_trent_sorensen,teamrankings,Trent Sorensen,TeamRankings.com,1098,True,0.7859801688543522,0.044249834221954436,0.846670100336457,0.49813780260707635,6.9499908925318765,7.010191256830602,0.45146520146520147,0.5485347985347986,278,259
linecfbp_cfb_victory,linecfbp_ryder_analytics,CFB Victory,Ryder Analytics,550,True,0.7012624775130772,0.043253667711579256,0.7859727631152194,0.5139664804469274,8.142181818181818,8.142181818181818,0.5191956124314442,0.48080438756855576,134,126
congrove,linept_pugh,Congrove Computer Rankings,Pugh Ratings,3888,True,0.8709128119377958,0.04239296787777496,0.8795012113389598,0.5157054582904222,6.254747942386831,6.255005144032921,0.4854568854568855,0.5145431145431145,962,886
linecfbp_mcillece_sports,linept_fluker,McIllece Sports,Slate Fluker,468,True,0.9072269921434714,0.04208926184976723,0.907342924435803,0.5243362831858407,4.599423076923077,4.71758547008547,0.46637744034707157,0.5336225596529284,113,112
linecfbp_obmodel,moore_ratings,OBModel,Moore Power Ratings,507,True,0.9099477660087336,0.04181684588399014,0.9219279336340899,0.5019762845849802,5.105108481262327,5.155483234714004,0.5266272189349113,0.47337278106508873,126,122
espn_fpi,linecfbp_sportsratings,ESPN FPI,SportsRatings,550,True,0.9389725579306178,0.041650889939008694,0.8907457921971872,0.5100548446069469,5.621272727272728,5.718181818181818,0.5282331511839709,0.47176684881602915,129,139
linecfbp_cfb_graphs,linept_cather,CFB Graphs,linecather,516,True,0.9041649667794278,0.041550360897629514,0.9078645665840668,0.5153374233128835,5.597286821705426,5.602325581395349,0.5803921568627451,0.4196078431372549,143,104
linecfbp_room44_bets,linept_cather,Room44 Bets,linecather,625,True,0.8680184997584576,0.04084040476096136,0.8701592762403411,0.5067114093959731,6.657279999999999,6.64544,0.5155993431855501,0.48440065681444994,160,137
linecfbp_beta_rank,linept_clean,Beta_Rank,Cleanup Hitter,2552,True,0.729315164633736,0.040428917983187165,0.8100792932239019,0.49656842955187724,8.371888714733542,8.445830721003134,0.5241840346047975,0.4758159653952025,611,663
fei,linecfbp_obmodel,FEI Projections,OBModel,507,True,0.7680695106405803,0.04025900221897551,0.8525929985958205,0.497029702970297,6.696429980276134,6.74258382642998,0.4592445328031809,0.5407554671968191,124,127
linecfbp_dratings,linept_dunk,DRatings,Dunkel Index,2254,True,0.8815119660030356,0.04023050155685556,0.8920263149091328,0.5358592692828146,5.785740905057676,5.821215616681456,0.5488021295474712,0.45119787045252885,540,506
linecfbp_mcillece_sports,linecfbp_trent_sorensen,McIllece Sports,Trent Sorensen,550,True,0.7449112299676564,0.04011874043146845,0.8046766643222678,0.49168207024029575,7.882181818181819,7.8821818181818175,0.5753676470588235,0.42463235294117646,140,128
linept_born,linept_paynewl,Born Power Index,linepaynewl,3122,True,0.7543446195220611,0.040086590050702475,0.8052226757575908,0.5120307988450433,8.488882126841768,8.488882126841768,0.5368353619474696,0.46316463805253044,751,742
linecfbp_matt_grissom,linept_rwp,Matt Grissom,Laffaye RWP,1044,True,0.8420648663906115,0.03991730683722765,0.8663272146371301,0.5424710424710425,6.335440613026821,6.3951149425287355,0.5671785028790787,0.43282149712092133,251,223
linecfbp_room44_bets,linept_dunk,Room44 Bets,Dunkel Index,2252,True,0.8536331252713125,0.039799495232982,0.8743387300200631,0.5051778478162989,6.402859680284192,6.44570159857904,0.5404444444444444,0.45955555555555555,576,539
linecfbp_obmodel,piratings_bias,OBModel,PI-Rate Bias,507,True,0.9234762604738876,0.03957430969549281,0.9256435216819654,0.4831013916500994,4.957435897435897,4.9515187376725835,0.5390781563126252,0.46092184368737477,138,125
linecfbp_sv_bettor,linept_born,SV Bettor,Born Power Index,507,True,0.887220538160496,0.03902514019965835,0.872699647132392,0.5174537987679672,6.683767258382643,6.718086785009861,0.504950495049505,0.49504950495049505,114,127
linecfbp_cfb_graphs,linept_kerns,CFB Graphs,Stephen Kerns,2081,True,0.8332810422731175,0.038840753444833905,0.8406503424723063,0.5301850048685491,6.990634310427678,7.062666987025469,0.5411651420317766,0.4588348579682234,473,494
linecfbp_cfb_geek,linept_clean,CFB Geek,Cleanup Hitter,2036,True,0.761375627144276,0.038775423779657356,0.8318483895335337,0.5121457489878543,7.634449901768173,7.713015717092337,0.5538005923000987,0.4461994076999013,506,471
linept_curry,linept_log,Daniel Curry Index,Logistic Regression,1905,True,0.6060052386816421,0.0380854081793124,0.7963774049604918,0.5002627430373096,9.096582677165355,9.096582677165355,0.5669291338582677,0.4330708661417323,459,479
dokter_entropy,linecfbp_trent_sorensen,Dokter Entropy,Trent Sorensen,1098,True,0.7721029438609545,0.03782485790083162,0.8450990616015821,0.4870848708487085,7.013925318761385,7.077076502732241,0.5455373406193078,0.4544626593806922,276,278
linecfbp_obmodel,linept_paynewl,OBModel,linepaynewl,507,True,0.757760385448919,0.037616881562700565,0.848566691322916,0.5217391304347826,7.489013806706115,7.469408284023669,0.5592885375494071,0.4407114624505929,129,110
linecfbp_power_rank,linept_pugh,Power Rank,Pugh Ratings,2588,True,0.933243309949734,0.03729523206891888,0.9260634153372517,0.508984375,4.79208655332303,4.8460123647604325,0.5294117647058824,0.47058823529411764,635,612
linept_how,piratings_bias,Howell,PI-Rate Bias,3894,True,0.8655375730271432,0.03667509889487618,0.8810608191615127,0.5190246516613076,6.218949666153056,6.218692860811505,0.4671325051759834,0.5328674948240165,906,952
linecfbp_cfb_victory,linept_paynewl,CFB Victory,linepaynewl,538,True,0.5484235632719198,0.03561940883682663,0.7418168504034036,0.4971857410881801,10.642565055762082,10.751003717472118,0.5947955390334573,0.4052044609665427,148,122
linecfbp_cfb_victory,linecfbp_power_rank,CFB Victory,Power Rank,1098,True,0.8206366686409258,0.035588032724424304,0.8718555510592639,0.5074626865671642,6.285792349726777,6.285792349726777,0.45454545454545453,0.5454545454545454,266,268
linecfbp_cfb_professor,linept_cather,CFB Professor,linecather,624,True,0.890747799739675,0.03550063709970437,0.88774996523943,0.5577889447236181,5.842307692307692,5.866666666666666,0.5705024311183144,0.42949756888168555,146,127
linecfbp_obmodel,piratings_mean,OBModel,Pi-Ratings Mean,507,True,0.9209922166989846,0.03517235446765024,0.9319982410251068,0.46292585170340683,4.749526627218935,4.7692504930966475,0.538,0.462,147,124
linecfbp_ryder_analytics,linept_curry,Ryder Analytics,Daniel Curry Index,503,True,0.7927585588309349,0.0346117155940812,0.8347137571734874,0.498,7.430974155069583,7.432206759443339,0.44731610337972166,0.5526838966202783,122,132
linecfbp_trent_sorensen,linept_dwig,Trent Sorensen,DP Dwiggins,1049,True,0.7661394587169008,0.03421208457380201,0.7839962754801284,0.47877591312931883,8.749094375595805,8.814585319351764,0.46418338108882523,0.5358166189111748,286,257
linecfbp_ryder_analytics,linecfbp_tshoe_index,Ryder Analytics,TShoe Index,548,True,0.7877733668751916,0.034013722641657175,0.8509917480799377,0.5553435114503816,6.695985401459855,6.695985401459855,0.4157509157509158,0.5842490842490843,122,114
linept_dunk,linept_loud,Dunkel Index,Loudsound.org,3397,True,0.762720532128207,0.03366195057888332,0.8141857327034194,0.5214371980676329,7.806396820724169,7.806396820724169,0.5128205128205128,0.48717948717948717,795,803
linept_pfz,piratings_mean,PerformanZ Ratings,Pi-Ratings Mean,3896,True,0.839793406628331,0.033634762815325576,0.8646727743431124,0.513267429760666,6.748285420944558,6.748028747433265,0.44313222079589215,0.5568677792041078,951,907
linept_kerns,linept_super,Stephen Kerns,linesuper,769,True,0.8256450109226484,0.03340665984836437,0.744996846745483,0.534640522875817,10.288647594278283,10.288647594278283,0.5338541666666666,0.4661458333333333,178,176
congrove,linept_kerns,Congrove Computer Rankings,Stephen Kerns,3895,True,0.8056892986060161,0.03320430827837584,0.8230745496841089,0.5222995617427172,7.670777920410783,7.6710346598202825,0.512589928057554,0.48741007194244607,934,891
linecfbp_obmodel,linept_rwp,OBModel,Laffaye RWP,471,True,0.8305568968116276,0.03223890621210562,0.8732217860178269,0.5021367521367521,6.585987261146497,6.563014861995755,0.5626326963906582,0.43736730360934184,121,115
linept_clean,sagarin_recent,Cleanup Hitter,Sagarin Recent,3855,True,0.7453650560263614,0.03211555478027833,0.8302907303220385,0.49866666666666665,7.754570687418935,7.754570687418935,0.44640539839086424,0.5535946016091358,941,949
linecfbp_dratings,linept_born,DRatings,Born Power Index,2087,True,0.9076451249885742,0.03167756714399961,0.8983144517036905,0.5082926829268293,5.678342117872544,5.717882127455678,0.5369127516778524,0.46308724832214765,510,508
linept_fox,linept_round,linefox,lineround,1568,True,0.8172266518478235,0.031667676677359896,0.8646049837379277,0.5143051771117166,6.614119897959184,6.614119897959184,0.5037542662116041,0.4962457337883959,369,381
linept_clean,piratings,Cleanup Hitter,Pi-Ratings,3855,True,0.7677832111895541,0.031582368863949155,0.8303807624304461,0.5265700483091788,7.575387808041504,7.57512840466926,0.440792905581638,0.559207094418362,885,920
linecfbp_obmodel,linept_payne,OBModel,linepayne,507,True,0.8630109717405211,0.030153591418999863,0.9003849237223175,0.5237154150197628,5.817179487179487,5.800335305719921,0.5098814229249012,0.4901185770750988,129,109
linecfbp_matt_grissom,linept_argh,Matt Grissom,Argh Ratings,548,True,0.9017564776072192,0.029938185900686264,0.9121474164090294,0.5257142857142857,5.191423357664233,5.33029197080292,0.5183150183150184,0.4816849816849817,136,124
linecfbp_david_sasser,linept_kerns,David Sasser,Stephen Kerns,503,True,0.8637951243637593,0.029491973984544003,0.7866518566490153,0.4949698189134809,8.425606361829026,8.47061630218688,0.5805168986083499,0.4194831013916501,140,114
linecfbp_power_rank,linept_bihl,Power Rank,Bihl System,1368,True,0.8975511789589381,0.029064758917371408,0.936070070512591,0.5118343195266272,4.311001461988304,4.411074561403509,0.5274725274725275,0.4725274725274725,335,329
linecfbp_trent_sorensen,linept_dunk,Trent Sorensen,Dunkel Index,914,True,0.7641064817576102,0.027683433477309564,0.8159876885254748,0.48401323042998895,7.752045951859956,7.75699124726477,0.4874041621029573,0.5125958378970427,254,208
linecfbp_sportsratings,massey,SportsRatings,Massey Ratings,550,True,0.8972666489232822,0.02735100196863929,0.8743561101548324,0.5201465201465202,5.9861272727272725,6.0319090909090916,0.48269581056466304,0.517304189435337,134,126
linept_log,linept_paynep,Logistic Regression,linepaynep,1552,True,0.5026417969273796,0.027121210404411008,0.7615203922875704,0.5003223726627982,9.936282216494845,9.936282216494845,0.4587096774193548,0.5412903225806451,382,381
linecfbp_obmodel,linept_how,OBModel,Howell,505,True,0.8493067504006673,0.02709185907434468,0.8903653995244802,0.5303643724696356,6.139782178217822,6.132455445544554,0.5277777777777778,0.4722222222222222,125,112
linecfbp_obmodel,linept_fox,OBModel,linefox,507,True,0.9125261700860577,0.027029092582808667,0.9159458549262572,0.5030549898167006,5.278007889546351,5.291025641025642,0.5476190476190477,0.4523809523809524,137,115
congrove,linept_pfz,Congrove Computer Rankings,PerformanZ Ratings,3895,True,0.7942363730256033,0.026964672151931716,0.8283288906282283,0.5041131105398458,7.734482670089858,7.734739409499358,0.5287769784172662,0.4712230215827338,963,929
linecfbp_sp,linept_log,SP+,Logistic Regression,1237,True,0.5676436332101608,0.026879438188050626,0.8080255588135817,0.5142857142857142,8.525295068714632,8.577372675828617,0.5760517799352751,0.42394822006472493,294,304
linecfbp_trent_sorensen,linept_curry,Trent Sorensen,Daniel Curry Index,1051,True,0.7529131910115989,0.02682757508061108,0.8043129005788424,0.5023969319271333,8.082407231208373,8.083054234062798,0.4704761904761905,0.5295238095238095,270,238
linecfbp_obmodel,linept_kerns,OBModel,Stephen Kerns,507,True,0.8105813479228637,0.02633390773100424,0.8554689169389249,0.500990099009901,7.151854043392505,7.208856015779093,0.534516765285996,0.46548323471400394,123,125
linept_laz,piratings_bias,Laz Index,PI-Rate Bias,3894,True,0.8940830619568614,0.02624405796894645,0.8965848385608292,0.5036250647332988,5.3720441705187465,5.3723009758602975,0.49832947828321766,0.5016705217167823,968,934
keeper,linecfbp_power_rank,Keeper,Power Rank,2629,True,0.9338763172454692,0.025113129527084162,0.9075688738923909,0.49961449498843485,5.444861163940662,5.510209205020921,0.4563476934807472,0.5436523065192528,667,633
linecfbp_trent_sorensen,linept_fluker,Trent Sorensen,Slate Fluker,468,True,0.756911189571646,0.025085448391793573,0.8163702335384853,0.5164835164835165,7.142029914529914,7.203782051282051,0.4150537634408602,0.5849462365591398,106,117
keeper,linecfbp_jp,Keeper,JP+,2127,True,0.8948304577305238,0.02498780322159517,0.8715089922119073,0.5150071462601239,6.319525152797366,6.388796426892337,0.4813767090994814,0.5186232909005186,496,529
linecfbp_sportsratings,linept_wayward,SportsRatings,Waywardtrends,503,True,0.9241267079718279,0.024637065731596814,0.8790519259842648,0.5,5.973339960238569,6.082922465208748,0.46322067594433397,0.536779324055666,123,125
linecfbp_obmodel,linept_argh,OBModel,Argh Ratings,507,True,0.8549846877320649,0.024263453912036125,0.8946963340408606,0.4896694214876033,5.95611439842209,5.961242603550296,0.5168986083499006,0.4831013916500994,137,118
linept_bihl,linept_fluker,Bihl System,Slate Fluker,346,True,0.8760421296289834,0.023815244612698065,0.9088666363383446,0.5209580838323353,4.415462427745664,4.415462427745664,0.4682080924855491,0.5317919075144508,75,89
keeper,linecfbp_power_rank_free,Keeper,Power Rank: Free,1577,True,0.9173497249813335,0.023602057748201406,0.8864051858627883,0.48492623476587554,6.136081166772353,6.201204819277108,0.45581691036236494,0.5441830896376351,397,412
linecfbp_mcillece_sports,linecfbp_sportsline,McIllece Sports,SportsLine,550,True,0.848005318913366,0.022434677691043826,0.8670636942668519,0.4709193245778612,6.445818181818182,6.445818181818182,0.531021897810219,0.46897810218978103,154,133
congrove,linecfbp_cfb_graphs,Congrove Computer Rankings,CFB Graphs,2128,True,0.8490160509061262,0.022100902209046296,0.8739844689041222,0.5004748338081672,6.369595864661654,6.443458646616541,0.49106302916274697,0.5089369708372531,546,501
linecfbp_obmodel,linept_paynep,OBModel,linepaynep,507,True,0.8831476983701221,0.021222618788192604,0.894383065418485,0.5118577075098815,5.847297830374753,5.887771203155818,0.514792899408284,0.48520710059171596,127,119
linecfbp_jp,linept_dwig,JP+,DP Dwiggins,2078,True,0.8584786543774688,0.02112329086280305,0.8555165039730226,0.49073610415623437,6.860202117420597,6.9342155919153035,0.5278450363196125,0.4721549636803874,563,493
linecfbp_beta_rank,linecfbp_ryder_analytics,Beta_Rank,Ryder Analytics,550,True,0.7644030052662278,0.02053893647775919,0.8150885608565017,0.5461254612546126,7.543272727272727,7.543272727272727,0.5202205882352942,0.4797794117647059,123,119
linept_log,moore_ratings,Logistic Regression,Moore Power Ratings,1908,True,0.5772324100542034,0.01974360564946735,0.8027716022607133,0.5034084950183534,8.887353249475892,8.887353249475892,0.4268484530676455,0.5731515469323545,467,465
keeper,linept_payne,Keeper,linepayne,3115,True,0.8248491735367091,0.0191583992335589,0.8318258798223276,0.5159420289855072,7.539701444622793,7.540016051364367,0.5107613234821715,0.4892386765178285,765,714
linept_cather,linept_paynewl,linecather,linepaynewl,923,True,0.8079846374855242,0.018482016218038317,0.8218489772506524,0.5163841807909605,7.9210292524377035,7.9210292524377035,0.5206073752711496,0.4793926247288503,201,235
congrove,linept_bihl,Congrove Computer Rankings,Bihl System,2160,True,0.8460256113121275,0.01838621010709042,0.8974245634170186,0.5220213259156236,5.7167361111111115,5.717199074074075,0.5034770514603616,0.4965229485396384,549,468
linecfbp_cfbwe_talent,linecfbp_professor_sides,CFBWE: Talent,Professor Sides,515,True,0.789501428464419,0.01805234403292334,0.8600801508423461,0.49203187250996017,7.190679611650485,7.190679611650485,0.43859649122807015,0.5614035087719298,140,118
linecfbp_jp,linept_pig,JP+,Pigskin Index,1798,True,0.8884774983337502,0.017796804544273907,0.8977187904559022,0.5308422301304864,5.575622914349277,5.6190489432703,0.5027964205816555,0.49720357941834453,468,365
linecfbp_sportsline,linept_log,SportsLine,Logistic Regression,748,True,0.5158971621232237,0.017070405436683582,0.7845593557426698,0.5334242837653479,8.782580213903744,8.878141711229947,0.5555555555555556,0.4444444444444444,168,182
linept_big200,linept_clean,Big 200,Cleanup Hitter,1517,True,0.6861672048315419,0.017059987135930283,0.7756822995044931,0.47304582210242585,9.253869479235332,9.253869479235332,0.5431773236651285,0.45682267633487145,409,373
linecfbp_trent_sorensen,sagarin_recent,Trent Sorensen,Sagarin Recent,1098,True,0.7790067367978175,0.017026112698837068,0.8325213917375222,0.53081876724931,7.270865209471767,7.300810564663024,0.4562841530054645,0.5437158469945356,262,241
linept_log,teamrankings,Logistic Regression,TeamRankings.com,1908,True,0.5831398415576493,0.01671662874591774,0.8184425577709705,0.5034703683929524,8.471352201257861,8.471352201257861,0.4129979035639413,0.5870020964360587,457,470
linecfbp_cfb_geek,linept_loud,CFB Geek,Loudsound.org,2052,True,0.6986630116018953,0.016491014094918967,0.8055365895463625,0.5237381309345327,7.881725146198831,7.9487329434697855,0.5544699560332194,0.44553004396678064,501,456
linecfbp_cfbwe_average,linept_talis,CFBWE: Average,Talisman Red,516,True,0.8735242285809708,0.01616970976576481,0.8826132986886746,0.5077821011673151,6.2375193798449615,6.269031007751938,0.5348837209302325,0.46511627906976744,119,131
keeper,sagarin_golden_mean,Keeper,Sagarin Golden Mean,3934,True,0.9074646167100581,0.015846404909173047,0.8897216475378095,0.5193877551020408,5.809265378749365,5.809519572953737,0.46998982706002035,0.5300101729399797,938,920
linept_donchess,linept_dunk,Donchess Inference,Dunkel Index,3472,True,0.8937145762172292,0.014925039886306904,0.8985808681696886,0.5241602828520919,5.581396889400922,5.581396889400922,0.5461095100864554,0.4538904899135447,825,788
linecfbp_oddstrader_ai,linept_kerns,OddsTrader AI,Stephen Kerns,1017,True,0.8281507476601456,0.014886096125351904,0.8019711694926202,0.4943934760448522,8.100580137659783,8.143018682399214,0.5133267522211253,0.4866732477788746,258,251
linecfbp_dratings,linecfbp_sportsratings,DRatings,SportsRatings,550,True,0.9078392864920699,0.014782842026719594,0.8764441730150075,0.5119705340699816,5.793454545454545,5.793454545454545,0.5228519195612431,0.47714808043875684,132,130
linecfbp_oddstrader_ai,linept_big200,OddsTrader AI,Big 200,503,True,0.8793709571308167,0.014097564796964565,0.8793849100822598,0.4769874476987448,6.233260437375745,6.244990059642146,0.5646123260437376,0.43538767395626243,123,137
linept_kam,linept_loud,Edward Kambour,Loudsound.org,3812,True,0.7247346471920771,0.013332481322823353,0.8134652789031819,0.5115529285330468,7.852620671563485,7.852620671563485,0.546981627296588,0.45301837270341205,907,918
linept_log,linept_talis,Logistic Regression,Talisman Red,1902,True,0.5739031072709538,0.013208365494973076,0.8051805583424692,0.48395581273014204,8.790783385909569,8.790783385909569,0.42,0.58,473,492
linept_born,linept_rwp,Born Power Index,Laffaye RWP,3005,True,0.867976593209217,0.01297757199738524,0.8446161417681692,0.5191730576858953,7.097138103161398,7.097138103161398,0.5133155792276964,0.4866844207723036,718,707
linecfbp_matt_grissom,linept_clean,Matt Grissom,Cleanup Hitter,1012,True,0.745215996384857,0.012949132579144665,0.8255271482766321,0.5066258919469928,7.627687747035573,7.75594861660079,0.5735586481113321,0.426441351888668,253,240
linept_kam,linept_log,Edward Kambour,Logistic Regression,1908,True,0.5697931203454047,0.012889545018204331,0.8092117486374907,0.5102254850550603,8.785623689727464,8.785623689727464,0.5733752620545073,0.42662473794549266,445,475
linecfbp_jp,piratings_bias,JP+,PI-Rate Bias,2129,True,0.8929990450113486,0.012388700081276481,0.8950999406355941,0.5100190839694656,5.680718647252231,5.741451385627054,0.5132325141776938,0.4867674858223062,546,485
linept_rwp,piratings_mean,Laffaye RWP,Pi-Ratings Mean,3767,True,0.8443162251959636,0.012003651246188012,0.8694191562006123,0.5156165858912224,6.410461906026015,6.410196442792673,0.45546397234777986,0.5445360276522202,899,891
linept_super,sagarin_predictor,linesuper,Sagarin Predictor,769,True,0.9151122597373277,0.011974497019992772,0.8001947615734709,0.5195822454308094,9.003068920676204,9.003068920676204,0.42578125,0.57421875,198,168
congrove,linept_log,Congrove Computer Rankings,Logistic Regression,1907,True,0.521976099982497,0.011878364511415506,0.789525995279515,0.5257082896117523,9.111945464079708,9.112469847928686,0.5653543307086614,0.4346456692913386,468,422
linecfbp_room44_bets,linept_pig,Room44 Bets,Pigskin Index,2305,True,0.8892314915882539,0.011320015274387292,0.9009872518894512,0.49209302325581394,5.604733188720173,5.629028199566161,0.5134302069572876,0.4865697930427125,613,536
linecfbp_cfb_graphs,linept_fluker,CFB Graphs,Slate Fluker,468,True,0.890587830578388,0.011068361497110468,0.9032739031084208,0.4955555555555556,4.9706196581196584,5.024893162393162,0.4017278617710583,0.5982721382289417,97,137
linept_fluker,linept_log,Slate Fluker,Logistic Regression,283,True,0.6261665484726782,0.010937826908349548,0.8119595697906323,0.48175182481751827,7.901943462897527,7.901943462897527,0.6113074204946997,0.38869257950530034,74,70
keeper,linept_how,Keeper,Howell,3885,True,0.8616548805111967,0.01016369247268858,0.853861135983583,0.5129644480085539,6.989598455598456,6.9895469755469755,0.5064466219700877,0.49355337802991234,980,888
linecfbp_room44_bets,linept_super,Room44 Bets,linesuper,507,True,0.8278827500433057,0.00925379978717694,0.7568589303173915,0.4567901234567901,10.302248520710059,10.320788954635107,0.5187376725838264,0.4812623274161736,119,156
linept_round,piratings_bias,lineround,PI-Rate Bias,2105,True,0.8278623266276309,0.009176785719932433,0.8716156632313854,0.5095729013254786,6.463562945368171,6.463087885985748,0.47330791229742614,0.5266920877025739,509,500
linecfbp_trent_sorensen,linept_kerns,Trent Sorensen,Stephen Kerns,1051,True,0.755110855344134,0.008651544393034833,0.739885841706525,0.49951969260326606,9.541113225499524,9.595594671741198,0.4714285714285714,0.5285714285714286,264,257
linecfbp_obmodel,linept_pig,OBModel,Pigskin Index,507,True,0.9182646483730519,0.008642563653757845,0.9269710289048243,0.5127118644067796,4.859881656804734,4.849585798816568,0.5297619047619048,0.47023809523809523,128,118
linecfbp_obmodel,linept_pugh,OBModel,Pugh Ratings,507,True,0.9114800050838253,0.008016448929669838,0.9112588505227788,0.5158102766798419,5.315838264299803,5.352051282051281,0.5108481262327417,0.4891518737672584,126,117
linecfbp_john_harris,linept_log,John Harris,Logistic Regression,485,True,0.6072068667515975,0.007905053462091027,0.8226129916131433,0.4779874213836478,7.965505154639175,8.044020618556702,0.5917525773195876,0.40824742268041236,128,126
linept_born,linept_donchess,Born Power Index,Donchess Inference,3133,True,0.9131560956105922,0.00759405982294394,0.9039715220854909,0.5026143790849673,5.478139163740824,5.478139163740824,0.46151389332481635,0.5384861066751836,760,767
linecfbp_obmodel,piratings,OBModel,Pi-Ratings,507,True,0.907839899500416,0.006469818823347653,0.9204131123768765,0.4581673306772908,5.22051282051282,5.21301775147929,0.5467196819085487,0.4532803180914513,146,126
linecfbp_beta_rank,linecfbp_obmodel,Beta_Rank,OBModel,507,True,0.8549798237354265,0.005705047008880346,0.8723075316521766,0.497029702970297,6.702958579881657,6.702958579881657,0.4642857142857143,0.5357142857142857,114,134
linept_pfz,piratings_bias,PerformanZ Ratings,PI-Rate Bias,3896,True,0.8335244981896116,0.003825558583765666,0.8518221349541406,0.5067252974650802,7.05129363449692,7.051036960985626,0.4514637904468413,0.5485362095531587,951,934
linecfbp_cbcr2_sam,linept_round,CBCR2: Sam,lineround,312,True,0.76369683953426,0.0033292972941928395,0.8265042906017576,0.5180327868852459,7.2205128205128215,7.20448717948718,0.5209003215434084,0.4790996784565916,77,71
linecfbp_jp,linecfbp_sportsratings,JP+,SportsRatings,550,True,0.8917751342243139,0.002415947755929208,0.8570334575831245,0.49168207024029575,6.500909090909091,6.500909090909091,0.5202205882352942,0.4797794117647059,135,139
linept_argh,piratings_bias,Argh Ratings,PI-Rate Bias,3135,True,0.8832320159298264,0.0024054369114561635,0.8896483646708251,0.5056780227120908,5.928204146730462,5.927885167464114,0.4799357945425361,0.5200642054574639,733,795
linecfbp_sv_bettor,piratings_bias,SV Bettor,PI-Rate Bias,507,True,0.880163898846286,0.0020617326611920618,0.88861584009488,0.48760330578512395,6.285207100591716,6.330966469428009,0.5108910891089109,0.4891089108910891,123,130
linecfbp_john_harris,linept_loud,John Harris,Loudsound.org,1046,True,0.7177907644297973,0.001967313329572111,0.8203116916599219,0.5252225519287834,7.382982791586999,7.4536328871892925,0.6042471042471043,0.39575289575289574,254,242
fei,linept_cather,FEI Projections,linecather,923,True,0.7972718946157289,0.0016456342640836774,0.8223590858779863,0.5361990950226244,7.3264897074756234,7.3264897074756234,0.5065359477124183,0.4934640522875817,226,198
linept_paynewl,linept_pugh,linepaynewl,Pugh Ratings,3118,True,0.7419748472247785,0.0009571804865969868,0.8091542563416022,0.5123674911660777,8.247164849262347,8.247164849262347,0.4403463758819756,0.5596536241180243,751,738
linecfbp_ryder_analytics,linept_pig,Ryder Analytics,Pigskin Index,238,True,0.8765883136716279,0.0009134312126462474,0.8406170334326574,0.5394736842105263,7.177394957983195,7.209747899159664,0.44537815126050423,0.5546218487394958,56,49
keeper,linept_argh,Keeper,Argh Ratings,3126,True,0.8852004238490151,0.0008048789246531479,0.8610508306584775,0.5083333333333333,6.75757197696737,6.75757197696737,0.48765630009618466,0.5123436999038153,797,715
linecfbp_john_harris,linecfbp_ryder_analytics,John Harris,Ryder Analytics,549,True,0.8176354621218942,-0.0005318772553286276,0.8655009155866116,0.5262172284644194,6.4373406193078315,6.4373406193078315,0.5882352941176471,0.4117647058823529,134,121
linecfbp_cfbwe_talent,teamrankings,CFBWE: Talent,TeamRankings.com,516,True,0.7764030650771248,-0.0007572669549852789,0.8556459107879296,0.48221343873517786,7.279651162790697,7.297868217054263,0.451171875,0.548828125,134,128
linecfbp_trent_sorensen,linept_born,Trent Sorensen,Born Power Index,547,True,0.7675063762096169,-0.0012168704809851635,0.7994439768414949,0.5083179297597042,8.300146252285192,8.366873857404023,0.4908424908424908,0.5091575091575091,132,129
linept_dwig,linept_log,DP Dwiggins,Logistic Regression,1902,True,0.6055559438329219,-0.0019787751368535605,0.7871379018556264,0.47434497816593885,9.352823343848582,9.352823343848582,0.5709779179810726,0.42902208201892744,476,499
linept_clean,linept_kerns,Cleanup Hitter,Stephen Kerns,3855,True,0.7032791998955524,-0.002668676128007038,0.7645978016549617,0.4946581196581197,9.229981841763943,9.229981841763943,0.48333333333333334,0.5166666666666667,935,979
linecfbp_trent_sorensen,linept_pugh,Trent Sorensen,Pugh Ratings,1051,True,0.7830453437363506,-0.0036313426896650578,0.8087944748923653,0.49616858237547895,8.0290675547098,8.097288296860134,0.4676190476190476,0.5323809523809524,268,250
congrove,linecfbp_ryder_analytics,Congrove Computer Rankings,Ryder Analytics,550,True,0.7440234511930661,-0.003674469340919206,0.8012138021067287,0.5191956124314442,7.984927272727273,8.015945454545454,0.5045537340619308,0.49544626593806923,134,127
linecfbp_obmodel,linept_dwig,OBModel,DP Dwiggins,505,True,0.802469218107449,-0.003922519934930686,0.8596206129380882,0.484472049689441,6.971683168316831,7.0489108910891085,0.5268389662027833,0.4731610337972167,134,127
linecfbp_cfb_victory,linept_payne,CFB Victory,linepayne,538,True,0.5751364718203434,-0.004553629756002666,0.7478387612890887,0.4803001876172608,10.405353159851302,10.515613382899627,0.5921787709497207,0.40782122905027934,154,125
linecfbp_cfbwe_rounded,piratings_bias,CFBWE: Rounded,PI-Rate Bias,516,True,0.9270514117106465,-0.005768710124798059,0.9243655584339935,0.5071283095723014,5.0108139534883716,5.011511627906976,0.5291828793774319,0.4708171206225681,131,120
linecfbp_sportsline,linept_bihl,SportsLine,Bihl System,852,True,0.8211597690063861,-0.0060606737779105545,0.8842156550507841,0.4880382775119617,6.00244131455399,6.133685446009389,0.5035294117647059,0.4964705882352941,233,200
linecfbp_sportsline,linept_big200,SportsLine,Big 200,1050,True,0.8224803506972519,-0.0073213059099033724,0.8368194879699372,0.4888673765730881,7.4662380952380945,7.485514285714285,0.5009523809523809,0.4990476190476191,262,270
linecfbp_power_rank,linept_round,Power Rank,lineround,1325,True,0.8225767377651516,-0.007349018916166972,0.8894207736969474,0.48705882352941177,6.10611320754717,6.12966037735849,0.5522727272727272,0.44772727272727275,346,322
linept_born,linept_loud,Born Power Index,Loudsound.org,3051,True,0.7516139371778071,-0.009107436265403859,0.7961708528273292,0.5050369375419744,8.235231071779745,8.235231071779745,0.5273860282059691,0.4726139717940308,745,743
linecfbp_cfbwe,piratings_bias,CFBWE,PI-Rate Bias,516,True,0.926661663794912,-0.009261145799563494,0.9235973437556645,0.5127701375245579,5.021666666666667,5.015775193798449,0.5272373540856031,0.4727626459143969,132,116
linecfbp_oddstrader_ai,linept_log,OddsTrader AI,Logistic Regression,482,True,0.49616271717157273,-0.010791905804094197,0.7866363751948395,0.5158562367864693,8.676514522821577,8.660663900414939,0.549792531120332,0.45020746887966806,113,124
linecfbp_ryder_analytics,linecfbp_sp,Ryder Analytics,SP+,550,True,0.7726299013000197,-0.011134079569303715,0.841073843807573,0.5119705340699816,7.126545454545455,7.126545454545455,0.4259597806215722,0.5740402193784278,119,142
linecfbp_cfbwe_rounded,linept_talis,CFBWE: Rounded,Talisman Red,516,True,0.86851952497845,-0.011567277201867005,0.8823922251426473,0.48577235772357724,6.220271317829457,6.26624031007752,0.5406976744186046,0.45930232558139533,123,140
linecfbp_cfbwe_average,linept_pig,CFBWE: Average,Pigskin Index,516,True,0.9206651284239662,-0.012166309238774422,0.9183780270483698,0.5062240663900415,5.083817829457364,5.079166666666667,0.50293542074364,0.49706457925636005,145,110
linecfbp_sportsratings,linept_rwp,SportsRatings,Laffaye RWP,502,True,0.8761351584138685,-0.012990626494649436,0.7980617580471799,0.5050100200400801,7.684780876494024,7.798685258964143,0.4900398406374502,0.5099601593625498,124,123
linecfbp_cfbwe,linept_talis,CFBWE,Talisman Red,516,True,0.8680874084612238,-0.013139313750873884,0.8816942051951506,0.48823529411764705,6.229651162790699,6.273759689922481,0.5387596899224806,0.46124031007751937,125,137
linecfbp_blake_atkinson,linept_clean,Blake Atkinson,Cleanup Hitter,515,True,0.7609518518569958,-0.015412933862359797,0.8404793588502539,0.4838709677419355,7.38221359223301,7.424543689320388,0.58984375,0.41015625,141,119
congrove,linecfbp_cfb_victory,Congrove Computer Rankings,CFB Victory,1098,True,0.776415279510352,-0.01641620805300392,0.8199121572339834,0.5032377428307123,7.5955009107468126,7.679945355191257,0.5018214936247724,0.4981785063752277,272,271
linecfbp_cfb_graphs,linecfbp_ryder_analytics,CFB Graphs,Ryder Analytics,545,True,0.7340451102220757,-0.01655598536874914,0.8249821650501307,0.49906542056074765,7.382752293577982,7.382752293577982,0.5295202952029521,0.470479704797048,128,137
linecfbp_obmodel,linept_round,OBModel,lineround,342,True,0.813030532121217,-0.016582396471433072,0.8745711864101717,0.49538461538461537,6.612865497076024,6.548830409356724,0.49852507374631266,0.5014749262536873,89,79
linecfbp_matt_grissom,linept_loud,Matt Grissom,Loudsound.org,1046,True,0.7023974786317709,-0.017259907904238533,0.8036378626192056,0.487279843444227,7.8846080305927355,7.981070745697897,0.5697786333012512,0.4302213666987488,274,254
linecfbp_cfb_geek,linept_log,CFB Geek,Logistic Regression,1008,True,0.556632160882115,-0.017654559403361716,0.8015408950241824,0.500996015936255,8.642450396825398,8.678978174603175,0.5714285714285714,0.42857142857142855,243,253
keeper,massey,Keeper,Massey Ratings,3934,True,0.9004322024771243,-0.01952977486832253,0.8780346091901193,0.4955345751467211,6.220010167768174,6.220772750381291,0.48091603053435117,0.5190839694656488,981,970
linecfbp_professor_sides,linept_clean,Professor Sides,Cleanup Hitter,2546,True,0.7480724639154577,-0.02085398988893779,0.83136691015356,0.4871899145994307,7.753291437549097,7.836912804399057,0.5613896565337544,0.43861034346624556,652,648
linept_dunk,linept_log,Dunkel Index,Logistic Regression,1904,True,0.5798945375316495,-0.02122222897448952,0.7830417751271475,0.4921135646687697,9.361150210084032,9.361150210084032,0.553046218487395,0.44695378151260506,468,486
linecfbp_cbcr2_power,linecfbp_trent_sorensen,CBCR2: Power,Trent Sorensen,548,True,0.7257644761930955,-0.02153955683577411,0.8026838172315729,0.49074074074074076,8.353649635036495,8.353649635036495,0.5156537753222836,0.4843462246777164,134,140
linept_loud,linept_super,Loudsound.org,linesuper,759,True,0.8125878777584375,-0.02214121024339458,0.6952554913342783,0.5407608695652174,11.035046113306981,11.035046113306981,0.5377483443708609,0.46225165562913906,158,188
linept_rwp,piratings,Laffaye RWP,Pi-Ratings,3767,True,0.832920504692666,-0.022292322176100783,0.8552545493422632,0.5103189493433395,6.738208123174941,6.737942659941599,0.4631746875830896,0.5368253124169104,899,911
linept_bill,linept_pugh,Billingsley,Pugh Ratings,3888,True,0.8408012892240633,-0.022648521189526396,0.855197773613894,0.4943386515697375,7.088397633744856,7.088397633744856,0.4791559444158518,0.5208440555841483,974,951
congrove,linept_round,Congrove Computer Rankings,lineround,2104,True,0.7702640832064176,-0.02327566244650604,0.8410633902185843,0.5080527086383602,7.219006653992396,7.219006653992396,0.5078459343794579,0.4921540656205421,514,498
linept_clean,teamrankings,Cleanup Hitter,TeamRankings.com,3855,True,0.7636232663725508,-0.024112591209478115,0.8401561592303892,0.48272138228941686,7.577818417639429,7.577818417639429,0.4409921671018277,0.5590078328981724,961,994
linecfbp_cbcr2_power,linept_clean,CBCR2: Power,Cleanup Hitter,1024,True,0.738985357175434,-0.027294459061411425,0.8033762154940185,0.4744232698094283,8.415458984375,8.467978515625,0.538235294117647,0.46176470588235297,278,252
linecfbp_cfbwe_talent,piratings_bias,CFBWE: Talent,PI-Rate Bias,516,True,0.7998913311030131,-0.0276930990113524,0.844254290803545,0.46875,7.585503875968992,7.549844961240311,0.482421875,0.517578125,139,128
linept_pfz,piratings,PerformanZ Ratings,Pi-Ratings,3896,True,0.822004580899905,-0.027884795701078845,0.8472159380345503,0.49029251876779706,7.169766427104724,7.16950975359343,0.45274781715459683,0.5472521828454032,983,964
keeper,linecfbp_cfb_professor,Keeper,CFB Professor,1016,True,0.8901319362621347,-0.027965550584695253,0.8750028829341464,0.5168986083499006,6.338188976377953,6.366929133858268,0.4798029556650246,0.5201970443349754,272,214
linecfbp_cfb_geek,linecfbp_sportsratings,CFB Geek,SportsRatings,550,True,0.884185644770359,-0.03086607099742496,0.8591326206634426,0.5238970588235294,6.016727272727273,6.016727272727273,0.526508226691042,0.473491773308958,137,119
linept_log,piratings,Logistic Regression,Pi-Ratings,1908,True,0.5506094068421196,-0.03202320377890642,0.8015808588211335,0.4960380348652932,8.761341719077567,8.760817610062892,0.4224318658280922,0.5775681341719078,469,473
linecfbp_power_rank,linecfbp_sportsratings,Power Rank,SportsRatings,550,True,0.91865429658527,-0.03401284469344567,0.8897016805896469,0.5009242144177449,5.3910909090909085,5.3910909090909085,0.5321100917431193,0.46788990825688076,119,148
linecfbp_ryder_analytics,piratings_mean,Ryder Analytics,Pi-Ratings Mean,550,True,0.813934273085308,-0.03553911915620172,0.8401483585704455,0.49907235621521334,7.048236363636364,7.08569090909091,0.43875685557586835,0.5612431444241316,141,131
linecfbp_ryder_analytics,linept_big200,Ryder Analytics,Big 200,503,True,0.7303497307568584,-0.03554831591410588,0.7795021668990874,0.472,8.712862823061629,8.678230616302187,0.47912524850894633,0.5208747514910537,124,140
linecfbp_mcillece_sports,linept_clean,McIllece Sports,Cleanup Hitter,503,True,0.6872872761455857,-0.03591339800503285,0.7730374375891031,0.46296296296296297,8.670477137176938,8.763916500994036,0.55,0.45,134,129
linecfbp_cfbwe_rounded,linept_pig,CFBWE: Rounded,Pigskin Index,516,True,0.9170631208235216,-0.03614168456687771,0.9195974390794274,0.490280777537797,5.046492248062015,5.058081395348838,0.5094736842105263,0.4905263157894737,144,114
linecfbp_obmodel,linept_curry,OBModel,Daniel Curry Index,507,True,0.8460760925866481,-0.036177508466476056,0.8649853388122708,0.45652173913043476,6.70189349112426,6.711360946745562,0.5641025641025641,0.4358974358974359,147,128
congrove,linecfbp_trent_sorensen,Congrove Computer Rankings,Trent Sorensen,1098,True,0.7054015871142031,-0.03715024700823472,0.7876010379232489,0.47470101195952163,8.402058287795992,8.470291438979965,0.5241567912488605,0.47584320875113945,275,291
linecfbp_cfbwe,linept_pig,CFBWE,Pigskin Index,516,True,0.916671675393412,-0.03881889969243164,0.9188680688563662,0.48535564853556484,5.068934108527132,5.062693798449612,0.5146198830409356,0.4853801169590643,150,115
linecfbp_cfbwe_talent,linept_bihl,CFBWE: Talent,Bihl System,258,True,0.6330643781455153,-0.038866173351038515,0.8411500979176004,0.45703125,7.7215116279069775,7.666937984496124,0.5232558139534884,0.47674418604651164,71,69
linecfbp_sportsratings,linecfbp_trent_sorensen,SportsRatings,Trent Sorensen,550,True,0.7706507722250988,-0.03940801343325662,0.768022943326196,0.46863468634686345,8.650363636363636,8.650363636363636,0.5336976320582878,0.4663023679417122,144,141
linecfbp_beta_rank,linecfbp_cfbwe_talent,Beta_Rank,CFBWE: Talent,516,True,0.694400603479975,-0.040522288931634246,0.8032853785518554,0.50682261208577,8.502131782945737,8.502131782945737,0.5009746588693957,0.49902534113060426,115,135
linept_bihl,linept_clean,Bihl System,Cleanup Hitter,2159,True,0.6911263273154862,-0.04222609189992018,0.8473003685082351,0.4723282442748092,7.361482167670217,7.361482167670217,0.5303662494204914,0.46963375057950857,557,561
linecfbp_sportsratings,linept_fluker,SportsRatings,Slate Fluker,468,True,0.9042421980175558,-0.042963150468954804,0.8721277402982772,0.4856512141280353,5.554978632478632,5.682970085470085,0.4344086021505376,0.5655913978494623,117,127
linept_loud,linept_pig,Loudsound.org,Pigskin Index,3361,True,0.7143077401782993,-0.04356052399945916,0.8040283496563281,0.5176282051282052,7.923603094317167,7.923603094317167,0.43467336683417085,0.5653266331658291,823,765
linecfbp_jp,linept_cather,JP+,linecather,516,True,0.8562885302920701,-0.04383729784406859,0.8672586853541195,0.48775510204081635,6.755232558139535,6.72577519379845,0.51171875,0.48828125,137,118
linecfbp_sportsratings,linept_how,SportsRatings,Howell,503,True,0.859596074395479,-0.04456426171700922,0.8261695139925712,0.49480249480249483,7.333121272365805,7.384413518886679,0.4820717131474104,0.5179282868525896,118,136
linept_fox,linept_loud,linefox,Loudsound.org,2259,True,0.715800534802679,-0.04459509088922043,0.8007251543564414,0.44606003752345214,8.359973439575032,8.359973439575032,0.5356138706654171,0.46438612933458295,595,619
linept_log,piratings_mean,Logistic Regression,Pi-Ratings Mean,1908,True,0.5587236191191172,-0.0447435826861499,0.8061794196550984,0.48911311736590546,8.697316561844863,8.696792452830188,0.4250524109014675,0.5749475890985325,484,470
linept_log,linept_pugh,Logistic Regression,Pugh Ratings,1907,True,0.5969102205159968,-0.046502151280106235,0.7897702452352676,0.45697796432318993,9.22814892501311,9.22814892501311,0.4267716535433071,0.573228346456693,510,509
linept_clean,piratings_bias,Cleanup Hitter,PI-Rate Bias,3855,True,0.778200131260029,-0.04788509777144273,0.8189599308634927,0.48954423592493296,7.897673151750973,7.897413748378729,0.4485639686684073,0.5514360313315927,948,986
linecfbp_cfbwe_talent,linecfbp_sp,CFBWE: Talent,SP+,516,True,0.7846960585779953,-0.05236024833633756,0.8378891120431128,0.47834645669291337,7.592054263565891,7.592054263565891,0.478515625,0.521484375,137,122
linecfbp_ryder_analytics,piratings,Ryder Analytics,Pi-Ratings,550,True,0.797845606520809,-0.05395085278922014,0.8149957635096196,0.5110294117647058,7.606527272727273,7.6217999999999995,0.473491773308958,0.526508226691042,135,132
linept_clean,linept_pig,Cleanup Hitter,Pigskin Index,3405,True,0.7529173254943642,-0.05739480125685474,0.821654934198066,0.4893413935730194,7.92487812041116,7.92487812041116,0.4514475271411339,0.5485524728588661,877,828
linept_kerns,linept_log,Stephen Kerns,Logistic Regression,1908,True,0.5557421953630455,-0.05783895475919166,0.7710730604424885,0.46445497630331756,9.536912997903563,9.536912997903563,0.5676100628930818,0.43238993710691825,509,491
linecfbp_cfbwe_rounded,linept_paynep,CFBWE: Rounded,linepaynep,516,True,0.8809551632714931,-0.05811659645391481,0.8884116403459874,0.48577235772357724,6.072034883720931,6.115562015503876,0.5232558139534884,0.47674418604651164,130,130
linecfbp_ryder_analytics,linept_pfz,Ryder Analytics,PerformanZ Ratings,503,True,0.6838181900709376,-0.06016545626338595,0.7444725256907958,0.464,8.984771371769384,8.930139165009942,0.48804780876494025,0.5119521912350598,123,144
linept_log,linept_pfz,Logistic Regression,PerformanZ Ratings,1908,True,0.5763529438399562,-0.062423994993952785,0.7496520986071447,0.46512847404299945,10.083857442348009,10.083857442348009,0.44018887722980066,0.5598111227701994,480,522
linecfbp_cfbwe,linept_paynep,CFBWE,linepaynep,516,True,0.88012937506421,-0.06262155597514493,0.8874151118456024,0.4823529411764706,6.078662790697675,6.12156976744186,0.5174418604651163,0.48255813953488375,134,129
linecfbp_cfbwe_average,linept_cather,CFBWE: Average,linecather,516,True,0.8893549829245294,-0.06358528630208275,0.8742278404577529,0.4979757085020243,6.5734496124031,6.536627906976744,0.5611650485436893,0.4388349514563107,145,112
linecfbp_sportsratings,linept_donchess,SportsRatings,Donchess Inference,503,True,0.9184005675618815,-0.06492557841256189,0.8784657223217595,0.4767676767676768,5.7441351888667995,5.815308151093439,0.4578313253012048,0.5421686746987951,125,134
linecfbp_cfb_geek,linept_cather,CFB Geek,linecather,109,True,0.9068120933575148,-0.06498637515392475,0.8689327383988446,0.5,6.726605504587155,6.635779816513761,0.5648148148148148,0.4351851851851852,30,23
linecfbp_cfbwe,linept_pugh,CFBWE,Pugh Ratings,515,True,0.918247710589342,-0.06916385288659994,0.9102881698827942,0.46954813359528486,5.455805825242718,5.501669902912621,0.5398058252427185,0.4601941747572815,146,124
linecfbp_mcillece_sports,linept_log,McIllece Sports,Logistic Regression,219,True,0.6633183765496082,-0.06979572327420908,0.8118702690978599,0.43577981651376146,8.157214611872146,8.16214611872146,0.593607305936073,0.4063926940639269,72,52
linecfbp_cfbwe_rounded,linept_pugh,CFBWE: Rounded,Pugh Ratings,515,True,0.918118584101718,-0.06980210544221975,0.9107639555036248,0.47046843177189407,5.454174757281554,5.50535922330097,0.5436893203883495,0.4563106796116505,142,125
linept_bill,linept_super,Billingsley,linesuper,769,True,0.8971273581325167,-0.0703622365009995,0.7284396840145289,0.49477806788511747,10.728361508452537,10.728361508452537,0.552665799739922,0.44733420026007803,183,199
fei,linecfbp_cfbwe_talent,FEI Projections,CFBWE: Talent,516,True,0.7053582879256772,-0.07186983449444154,0.8212251083187485,0.4598825831702544,8.229108527131784,8.22015503875969,0.49902912621359224,0.5009708737864078,132,140
congrove,linept_loud,Congrove Computer Rankings,Loudsound.org,3813,True,0.6499752680499569,-0.07195335720739855,0.7722770866306211,0.47570469798657716,8.847474429583006,8.847736690270128,0.5267716535433071,0.4732283464566929,1005,945
linecfbp_cfbwe_talent,sagarin_recent,CFBWE: Talent,Sagarin Recent,516,True,0.7258053284586571,-0.07444308944209548,0.8315911082964392,0.45401174168297453,7.844457364341085,7.795426356589147,0.4903100775193798,0.5096899224806202,141,133
keeper,linecfbp_dratings,Keeper,DRatings,2629,True,0.9082634681009447,-0.0759599237836448,0.8829877175151514,0.4810371517027864,6.031913275009509,6.095199695701787,0.47560975609756095,0.524390243902439,690,658
keeper,linecfbp_si_composite,Keeper,SI Composite,501,True,0.9094896777598562,-0.07735895265652942,0.8882328639377169,0.49899396378269617,5.86125748502994,5.889520958083832,0.5070140280561122,0.49298597194388777,141,111
linecfbp_cfbwe_rounded,linept_cather,CFBWE: Rounded,linecather,516,True,0.8850624695281701,-0.07872000824775163,0.875673308796457,0.4704641350210971,6.496124031007752,6.484496124031008,0.5675105485232067,0.43248945147679324,149,121
linecfbp_cfbwe_talent,linecfbp_tshoe_index,CFBWE: Talent,TShoe Index,516,True,0.737419746349005,-0.0797145541556912,0.8307813725558081,0.4779116465863454,7.880232558139535,7.880232558139535,0.4669260700389105,0.5330739299610895,139,122
linept_clean,linept_dunk,Cleanup Hitter,Dunkel Index,3470,True,0.7452450619982661,-0.081203017660412,0.7950720297941711,0.4632918886915334,8.603622478386168,8.603622478386168,0.47980380842469705,0.520196191575303,903,916
linecfbp_beta_rank,linept_log,Beta_Rank,Logistic Regression,1237,True,0.5927214678422772,-0.08203170492488138,0.7608753764058998,0.45491470349309504,9.719183508488278,9.724001616814874,0.5283171521035599,0.4716828478964401,310,354
linecfbp_cfb_victory,piratings_mean,CFB Victory,Pi-Ratings Mean,1098,True,0.8201508709064563,-0.08238180432363652,0.8501538401859878,0.47699530516431926,6.914280510018215,7.034408014571949,0.47802197802197804,0.521978021978022,303,265
linecfbp_power_rank,linept_dwig,Power Rank,DP Dwiggins,2583,True,0.8699426697636318,-0.08264241437342881,0.8782167279076629,0.4535541195476575,6.323461091753774,6.383236546651181,0.5420560747663551,0.45794392523364486,707,684
linecfbp_cfbwe_rounded,linept_dunk,CFBWE: Rounded,Dunkel Index,442,True,0.8793117873295823,-0.08274793628992351,0.8828411486413282,0.47494033412887826,6.342760180995475,6.300180995475114,0.5520361990950227,0.4479638009049774,118,113
linecfbp_cfbwe,linept_cather,CFBWE,linecather,516,True,0.8843704051728659,-0.0833223218079299,0.8746274578746456,0.4857142857142857,6.546899224806202,6.517829457364341,0.5703125,0.4296875,148,115
linecfbp_cfbwe,linept_dunk,CFBWE,Dunkel Index,442,True,0.8789840664620262,-0.08693305104868874,0.8821903323245083,0.4691075514874142,6.346968325791855,6.298506787330317,0.5532879818594104,0.4467120181405896,122,112
linecfbp_cfb_victory,linept_paynep,CFB Victory,linepaynep,538,True,0.5916522995754949,-0.08770793088514574,0.73357036817895,0.4521575984990619,10.713011152416357,10.80895910780669,0.5687732342007435,0.4312267657992565,156,139
congrove,linept_super,Congrove Computer Rankings,linesuper,768,True,0.8596056683215163,-0.08798938722113822,0.7569283073457256,0.45751633986928103,10.181822916666667,10.181822916666667,0.54296875,0.45703125,201,205
linecfbp_cfb_victory,piratings,CFB Victory,Pi-Ratings,1098,True,0.8044114987382868,-0.08986244506379928,0.8339630635151085,0.46834264432029793,7.319134790528234,7.432887067395264,0.48395967002749773,0.5160403299725023,309,271
linept_big200,linept_paynewl,Big 200,linepaynewl,786,True,0.5602614500701205,-0.09134984875529571,0.7022636501177845,0.49044585987261147,11.2270737913486,11.2270737913486,0.5814249363867684,0.41857506361323155,200,189
linecfbp_cfbwe_average,linept_pugh,CFBWE: Average,Pugh Ratings,515,True,0.9161911222872997,-0.09441075006812162,0.9053899650244661,0.47953216374269003,5.623495145631068,5.668233009708739,0.5233463035019456,0.4766536964980545,143,121
linept_fox,linept_log,linefox,Logistic Regression,1166,True,0.5350811236419117,-0.09523910216555666,0.7902943333241064,0.46536412078152756,9.27048885077187,9.27048885077187,0.5608919382504288,0.4391080617495712,292,320
linept_cather,linept_log,linecather,Logistic Regression,349,True,0.5496669659380512,-0.09569662826075913,0.7901662381734811,0.4759036144578313,9.353581661891116,9.353581661891116,0.5258620689655172,0.47413793103448276,75,104
linecfbp_cfbwe_talent,linept_pig,CFBWE: Talent,Pigskin Index,516,True,0.7732401726882094,-0.09804047289066349,0.8330594611053657,0.4573804573804574,7.777693798449612,7.785833333333333,0.47368421052631576,0.5263157894736842,151,121
keeper,linept_donchess,Keeper,Donchess Inference,3887,True,0.9134002595871774,-0.09815993663832218,0.888719587580689,0.47353173558072165,5.8630357602263965,5.8627784924106,0.46457098685905696,0.535429013140943,1025,984
linecfbp_ryder_analytics,linept_talis,Ryder Analytics,Talisman Red,502,True,0.7939231222659212,-0.09907953479200256,0.8166291778466834,0.46092184368737477,7.587509960159363,7.6332868525896425,0.4342629482071713,0.5657370517928287,121,145
linecfbp_power_rank,linept_big200,Power Rank,Big 200,1050,True,0.8688076745314601,-0.09948445926259752,0.8754146198516906,0.4567307692307692,6.321857142857143,6.321609523809524,0.5552380952380952,0.44476190476190475,282,285
linecfbp_cfbwe_rounded,linept_curry,CFBWE: Rounded,Daniel Curry Index,513,True,0.8765509782143852,-0.09973582475271625,0.8711039357559286,0.4560327198364008,6.655828460038986,6.676335282651072,0.537109375,0.462890625,139,136
linecfbp_cfbwe_talent,linept_fox,CFBWE: Talent,linefox,508,True,0.7480581465589164,-0.10163699645538092,0.806431107116696,0.4634146341463415,8.29525590551181,8.270098425196851,0.5039840637450199,0.4960159362549801,137,129
linecfbp_cfbwe,linept_curry,CFBWE,Daniel Curry Index,513,True,0.8758825298321005,-0.10382683219759553,0.8701107723872283,0.46153846153846156,6.6419103313840155,6.66401559454191,0.5341130604288499,0.46588693957115007,142,134
linecfbp_cfbwe_average,linept_curry,CFBWE: Average,Daniel Curry Index,513,True,0.8767906249851707,-0.10394774178480068,0.8672343315827222,0.45596868884540115,6.753060428849902,6.768615984405458,0.529296875,0.470703125,142,134
linecfbp_cfb_victory,piratings_bias,CFB Victory,PI-Rate Bias,1098,True,0.8137351468150785,-0.10402054307847368,0.834534437882768,0.4558139534883721,7.2921766848816025,7.408642987249545,0.4835164835164835,0.5164835164835165,308,280
linecfbp_ryder_analytics,piratings_bias,Ryder Analytics,PI-Rate Bias,550,True,0.8093452055626049,-0.10667106372222239,0.8142786495450801,0.47339449541284406,7.6036363636363635,7.6287272727272715,0.45901639344262296,0.5409836065573771,144,140
linept_born,linept_clean,Born Power Index,Cleanup Hitter,3092,True,0.7718791188612458,-0.10704672547269656,0.7962320945946876,0.43706409830621057,8.647913971539456,8.647913971539456,0.5294498381877023,0.47055016181229775,863,838
linept_big200,linept_payne,Big 200,linepayne,786,True,0.5995932032355511,-0.10914777907565928,0.7165693297633544,0.48152866242038217,10.685814249363867,10.685814249363867,0.5803571428571429,0.41964285714285715,205,190
linecfbp_trent_sorensen,linept_pig,Trent Sorensen,Pigskin Index,767,True,0.7329619858833204,-0.10981090190055355,0.7931260178036573,0.48686030428769017,8.21005215123859,8.247183833116036,0.4476439790575916,0.5523560209424084,202,173
keeper,linept_paynewl,Keeper,linepaynewl,3115,True,0.7303200118288494,-0.10997602201637416,0.7689087395298914,0.4666451820818563,9.189746388443018,9.190067415730336,0.5375722543352601,0.4624277456647399,839,787
keeper,linept_loud,Keeper,Loudsound.org,3806,True,0.7432508483439705,-0.11029898829641963,0.769271059301344,0.47104767034742795,8.724127693116133,8.72454808197583,0.5277704659120821,0.47222953408791785,1013,960
keeper,linecfbp_trent_sorensen,Keeper,Trent Sorensen,1098,True,0.7706584381526287,-0.11062207126468358,0.7846333338537491,0.45722171113155474,8.38931693989071,8.424653916211293,0.5355191256830601,0.4644808743169399,285,300
linecfbp_oddstrader_ai,linecfbp_sportsratings,OddsTrader AI,SportsRatings,547,True,0.922327179451035,-0.11387761284721899,0.882696875890293,0.4269230769230769,5.8510054844606945,5.8510054844606945,0.5424354243542435,0.4575645756457565,148,160
linept_rwp,piratings_bias,Laffaye RWP,PI-Rate Bias,3767,True,0.8406170990032981,-0.11611821607853987,0.8434631142753974,0.47482592394215317,7.016315370321211,7.016049907087868,0.4630515683147262,0.5369484316852738,966,981
linept_born,linept_log,Born Power Index,Logistic Regression,1556,True,0.5489902359367047,-0.11673367013859309,0.7709753405809542,0.447588424437299,9.630482005141388,9.630482005141388,0.5501285347043702,0.4498714652956298,432,418
linecfbp_obmodel,linept_bihl,OBModel,Bihl System,258,True,0.8950376454469385,-0.11680377389426834,0.9178399529620185,0.45348837209302323,5.204767441860466,5.256007751937985,0.48249027237354086,0.5175097276264592,70,70
linecfbp_si_composite,linept_cather,SI Composite,linecather,109,True,0.9372674098684205,-0.11830614107827268,0.8865396082642474,0.4666666666666667,6.308256880733945,6.290825688073394,0.5887850467289719,0.411214953271028,24,30
linept_log,piratings_bias,Logistic Regression,PI-Rate Bias,1908,True,0.5600480323231074,-0.11911771692381955,0.7889224455506301,0.4588859416445623,9.102106918238993,9.101582809224318,0.43209229155742,0.56790770844258,505,511
linecfbp_ryder_analytics,linept_kerns,Ryder Analytics,Stephen Kerns,503,True,0.7926127173473423,-0.11977985628591355,0.6893348217023688,0.4909819639278557,10.47427435387674,10.460715705765407,0.5438247011952191,0.45617529880478086,127,125
linecfbp_cfb_professor,linept_super,CFB Professor,linesuper,507,True,0.8915683327896293,-0.12052365013367664,0.7679753006845156,0.47713717693836977,9.905443786982248,9.911834319526628,0.5463510848126233,0.4536489151873767,114,149
linecfbp_cfbwe_average,linept_dunk,CFBWE: Average,Dunkel Index,442,True,0.873135529288494,-0.1212870094500941,0.8730808952536522,0.45227272727272727,6.624932126696833,6.5746153846153845,0.5339366515837104,0.4660633484162896,123,118
linecfbp_power_rank,linept_super,Power Rank,linesuper,507,True,0.9053996830725658,-0.12161819607579592,0.8039792747535,0.4342629482071713,8.957909270216962,8.950966469428007,0.5621301775147929,0.4378698224852071,132,149
linecfbp_ryder_analytics,sagarin_recent,Ryder Analytics,Sagarin Recent,550,True,0.8017727101382109,-0.12287731542283771,0.8186664551389434,0.45521023765996343,7.719745454545454,7.7064,0.44363636363636366,0.5563636363636364,142,150
keeper,linept_rwp,Keeper,Laffaye RWP,3760,True,0.8560026336164093,-0.12331087004703256,0.814358171387893,0.4746531483457844,7.765135638297873,7.7648696808510635,0.5111821086261981,0.48881789137380194,1007,941
linecfbp_sportsline,linecfbp_sportsratings,SportsLine,SportsRatings,550,True,0.8329398364341192,-0.1258016119929585,0.8207187274367852,0.45880149812734083,7.529272727272728,7.529272727272728,0.4816849816849817,0.5183150183150184,140,152
linecfbp_cfbwe_talent,linept_pfz,CFBWE: Talent,PerformanZ Ratings,516,True,0.6126449303481274,-0.12680729983042927,0.7615020856591656,0.45419103313840153,9.61294573643411,9.627519379844962,0.5135658914728682,0.48643410852713176,140,139
linecfbp_obmodel,linept_elo,OBModel,Beck Elo,507,True,0.8564527693753183,-0.12969516262657838,0.895232016748179,0.4407114624505929,6.051617357001972,6.0836883629191325,0.5167652859960552,0.4832347140039448,145,135
linept_loud,piratings_mean,Loudsound.org,Pi-Ratings Mean,3814,True,0.704820507222676,-0.13053950185339513,0.8045065586423265,0.4705403203909856,7.912207656004195,7.9119454640797064,0.439493804376483,0.560506195623517,996,984
linecfbp_cfbwe_average,linept_paynep,CFBWE: Average,linepaynep,516,True,0.8686861387550336,-0.1312085977893888,0.8772981268912836,0.48249027237354086,6.340213178294574,6.368585271317829,0.512621359223301,0.487378640776699,134,129
keeper,linecfbp_sv_bettor,Keeper,SV Bettor,502,True,0.8556958423577289,-0.13184202856161029,0.8417059152725515,0.4698544698544699,7.3964342629482065,7.438386454183267,0.5079681274900398,0.49203187250996017,149,112
linecfbp_matt_grissom,linept_log,Matt Grissom,Logistic Regression,485,True,0.5800418559843996,-0.13263768997522044,0.784539959475827,0.46875,8.67138144329897,8.72717525773196,0.6041237113402061,0.3958762886597938,135,117
linept_clean,linept_dwig,Cleanup Hitter,DP Dwiggins,3848,True,0.6675736985514472,-0.13344777854148282,0.7569478797788765,0.4061123348017621,9.555301455301455,9.555301455301455,0.4765957446808511,0.5234042553191489,1114,1106
linept_big200,linept_paynep,Big 200,linepaynep,786,True,0.6349509718568027,-0.13513309882438676,0.7193451153498064,0.5019108280254777,10.518371501272265,10.518371501272265,0.5605095541401274,0.4394904458598726,194,185
linecfbp_ryder_analytics,teamrankings,Ryder Analytics,TeamRankings.com,550,True,0.8039539177466447,-0.13671165271055957,0.8464853336972742,0.4777777777777778,6.922345454545455,6.937981818181819,0.42805100182149364,0.5719489981785064,135,147
linecfbp_sv_bettor,linept_cather,SV Bettor,linecather,109,True,0.880346792640886,-0.13671541338991527,0.8266906778129851,0.42718446601941745,8.7,8.658715596330275,0.5142857142857142,0.4857142857142857,26,29
linept_cather,linept_loud,linecather,Loudsound.org,865,True,0.6716400358983002,-0.13829984203153559,0.736594529122791,0.4308641975308642,9.73757225433526,9.73757225433526,0.5274056029232643,0.4725943970767357,220,256
linecfbp_obmodel,linept_dunk,OBModel,Dunkel Index,446,True,0.8795548614344139,-0.14081791067165841,0.888129158838173,0.4202247191011236,6.292242152466368,6.267219730941703,0.5269058295964125,0.4730941704035874,129,125
keeper,linept_bill,Keeper,Billingsley,3886,True,0.8315290411434356,-0.14379820627876408,0.8196904350262416,0.4446737167913335,7.933033968090582,7.932776634071025,0.5091377091377092,0.4908622908622909,1081,1033
linecfbp_dratings,linept_super,DRatings,linesuper,509,True,0.9209587480731689,-0.14600264107069555,0.7819892660435386,0.458,9.371748526522593,9.445972495088409,0.531496062992126,0.468503937007874,121,155
linecfbp_cfbwe_talent,linept_kam,CFBWE: Talent,Edward Kambour,514,True,0.7452621431460608,-0.15014898967979637,0.8129686672645272,0.4392156862745098,8.165058365758755,8.162101167315175,0.490272373540856,0.5097276264591439,144,136
linept_donchess,linept_super,Donchess Inference,linesuper,769,True,0.9217068900259597,-0.15154907353240843,0.7781494308440748,0.46639784946236557,9.496202860858258,9.496202860858258,0.5611979166666666,0.4388020833333333,186,218
linecfbp_cfbwe_talent,linept_talis,CFBWE: Talent,Talisman Red,516,True,0.6905767405846602,-0.1527645513779818,0.7814097546235345,0.46393762183235865,8.910542635658915,8.925038759689922,0.4806201550387597,0.5193798449612403,127,144
linecfbp_obmodel,linept_born,OBModel,Born Power Index,507,True,0.8947803535979353,-0.15626203124251217,0.8860726910679494,0.44466403162055335,6.1307889546351095,6.157218934911243,0.5522682445759369,0.4477317554240631,142,135
linecfbp_pearatings,linept_log,PEARatings,Logistic Regression,219,True,0.6731952378648248,-0.16156794509754654,0.823913623181432,0.43577981651376146,7.921963470319634,7.935753424657535,0.5844748858447488,0.4155251141552511,64,59
linecfbp_ryder_analytics,linept_bihl,Ryder Analytics,Bihl System,254,True,0.6692243843001706,-0.16239282140725955,0.8134734258028102,0.45454545454545453,7.559015748031496,7.448779527559055,0.46062992125984253,0.5393700787401575,71,63
linept_loud,piratings,Loudsound.org,Pi-Ratings,3814,True,0.6894176047489812,-0.16275352285208317,0.787348729982304,0.45781503515413735,8.233982695332983,8.233720503408495,0.44145569620253167,0.5585443037974683,1005,1021
linecfbp_cfbwe_rounded,linept_dwig,CFBWE: Rounded,DP Dwiggins,515,True,0.871029028214016,-0.1689721428602301,0.8648148932068392,0.4456066945606695,6.76504854368932,6.8019417475728154,0.5244897959183673,0.47551020408163264,140,137
linecfbp_cfbwe_average,linept_born,CFBWE: Average,Born Power Index,516,True,0.888196478068299,-0.1709830517947887,0.8717830145524321,0.45525291828793774,6.58234496124031,6.609244186046511,0.5281553398058253,0.47184466019417476,148,132
linecfbp_cfbwe_rounded,linept_born,CFBWE: Rounded,Born Power Index,516,True,0.8870405311084728,-0.17102375857567723,0.8753518404751142,0.4491869918699187,6.4861821705426355,6.482926356589148,0.537864077669903,0.4621359223300971,145,134
linecfbp_cfbwe,linept_born,CFBWE,Born Power Index,516,True,0.8865348364558201,-0.17442995623149044,0.8744107878994101,0.44313725490196076,6.502267441860465,6.501918604651163,0.5348837209302325,0.46511627906976744,150,134
linecfbp_cfbwe,linept_dwig,CFBWE,DP Dwiggins,515,True,0.8700374480805821,-0.17467684870371655,0.8635778811113842,0.44646464646464645,6.784466019417476,6.813980582524271,0.52734375,0.47265625,144,136
linept_rwp,linept_super,Laffaye RWP,linesuper,709,True,0.8966481338469328,-0.17565795962384548,0.705467317903201,0.49645390070921985,10.811734837799717,10.811734837799719,0.5694050991501416,0.43059490084985835,174,175
linecfbp_professor_sides,linecfbp_ryder_analytics,Professor Sides,Ryder Analytics,550,True,0.7745470893303564,-0.17769620170138742,0.8203117637556789,0.46593001841620624,7.4827272727272724,7.4827272727272724,0.5784671532846716,0.4215328467153285,147,142
linecfbp_sportsratings,linept_log,SportsRatings,Logistic Regression,219,True,0.6932367804062819,-0.17808225740281555,0.7811652866180672,0.41013824884792627,8.804337899543379,8.781141552511416,0.5662100456621004,0.4337899543378995,68,62
keeper,linecfbp_cfbwe_rounded,Keeper,CFBWE: Rounded,515,True,0.8890428324639624,-0.18128762749698224,0.8571351080233208,0.4306122448979592,7.072970873786407,7.071844660194174,0.45436893203883494,0.545631067961165,146,143
keeper,linecfbp_cfbwe,Keeper,CFBWE,515,True,0.8887914754661079,-0.18383852887250857,0.8562267349240238,0.4311023622047244,7.080660194174757,7.093553398058252,0.4474708171206226,0.5525291828793775,144,146
keeper,linept_log,Keeper,Logistic Regression,1903,True,0.5792212631230578,-0.18399158090702084,0.7593128265918464,0.40442338072669826,9.849001576458225,9.849264319495534,0.5562565720294427,0.4437434279705573,560,553
linecfbp_sportsratings,linept_bill,SportsRatings,Billingsley,503,True,0.8613341831432755,-0.19304160680167134,0.8233342723259424,0.458,7.338986083499006,7.352147117296223,0.50199203187251,0.49800796812749004,130,140
linecfbp_ryder_analytics,linept_dunk,Ryder Analytics,Dunkel Index,434,True,0.7180648355264772,-0.19645998859573308,0.7788158801080735,0.46635730858468677,8.597695852534562,8.608018433179723,0.4815668202764977,0.5184331797235023,118,112
linecfbp_ryder_analytics,linept_dwig,Ryder Analytics,DP Dwiggins,503,True,0.7499625252626632,-0.19700279410724267,0.7426364045066051,0.40447154471544716,9.368389662027834,9.373956262425448,0.4860557768924303,0.5139442231075697,140,153
linept_clean,linept_pugh,Cleanup Hitter,Pugh Ratings,3848,True,0.726200801755648,-0.2053475759470513,0.7846708095470537,0.4041077620698853,8.91227130977131,8.91227130977131,0.4630785231409256,0.5369214768590743,1112,1127
fei,linept_super,FEI Projections,linesuper,769,True,0.815845845814406,-0.2116590120750069,0.6757185851073148,0.47182175622542594,11.00226267880364,11.01851755526658,0.5422626788036411,0.4577373211963589,198,202
linecfbp_cfbwe_average,linept_dwig,CFBWE: Average,DP Dwiggins,515,True,0.8633982218150295,-0.21483388433213618,0.8557735211060192,0.42685370741482964,6.9829126213592225,7.031067961165048,0.5214007782101168,0.4785992217898833,150,142
linecfbp_obmodel,linept_cather,OBModel,linecather,109,True,0.9114504229212045,-0.21622638578424333,0.8679803280764679,0.411214953271028,6.749541284403669,6.71926605504587,0.5871559633027523,0.41284403669724773,34,28
keeper,linept_clean,Keeper,Cleanup Hitter,3846,True,0.7474930764583719,-0.22921994186549385,0.760208887267987,0.4016042780748663,9.393918356734268,9.39381955278211,0.5285379202501954,0.47146207974980453,1165,1088
linept_loud,piratings_bias,Loudsound.org,PI-Rate Bias,3814,True,0.6994371957188957,-0.2299406260936855,0.7772048120222342,0.4430652995143011,8.452650760356581,8.452388568432092,0.4512644889357218,0.5487355110642782,1031,1048
linecfbp_cfbwe_talent,linept_paynep,CFBWE: Talent,linepaynep,516,True,0.6914790055352111,-0.24329347050579986,0.7783663494758107,0.43079922027290446,8.988081395348837,8.995910852713179,0.48643410852713176,0.5135658914728682,144,144
keeper,linecfbp_cfbwe_average,Keeper,CFBWE: Average,515,True,0.8802909353929543,-0.24386306090954465,0.8457521931554208,0.408203125,7.388116504854369,7.393203883495146,0.458252427184466,0.541747572815534,151,153
linecfbp_cfbwe_talent,linept_cather,CFBWE: Talent,linecather,516,True,0.7112262626795468,-0.24387129932298876,0.7662225966816721,0.4198782961460446,9.354457364341085,9.325,0.5224171539961013,0.4775828460038986,159,131
linecfbp_cfbwe_talent,linept_dunk,CFBWE: Talent,Dunkel Index,442,True,0.6874125548431111,-0.2538932427337423,0.7670418004906995,0.41818181818181815,9.246606334841628,9.215203619909502,0.48299319727891155,0.5170068027210885,128,127
linecfbp_trent_sorensen,piratings,Trent Sorensen,Pi-Ratings,1098,True,0.7106525538679023,-0.2549080025261271,0.7773052138714245,0.43425925925925923,8.32667577413479,8.401083788706739,0.4831050228310502,0.5168949771689497,330,275
keeper,linecfbp_ryder_analytics,Keeper,Ryder Analytics,550,True,0.7905937909173066,-0.25887737689383133,0.78346846844404,0.41025641025641024,8.4826,8.505145454545454,0.541970802919708,0.458029197080292,164,154
linecfbp_trent_sorensen,piratings_mean,Trent Sorensen,Pi-Ratings Mean,1098,True,0.7286698096089784,-0.2616260474266578,0.7955181208734272,0.4341736694677871,7.977395264116576,8.066375227686702,0.4614678899082569,0.5385321100917431,328,273
linecfbp_ryder_analytics,linept_pugh,Ryder Analytics,Pugh Ratings,503,True,0.7757675443947979,-0.2703480495899676,0.7765412043245978,0.418,8.530178926441353,8.516461232604374,0.49105367793240556,0.5089463220675944,140,143
linept_super,massey,linesuper,Massey Ratings,769,True,0.9112722453477129,-0.27207456681921394,0.7208931398027624,0.43285528031290743,10.576618985695708,10.576618985695708,0.44733420026007803,0.552665799739922,221,209
linecfbp_ryder_analytics,linecfbp_sportsratings,Ryder Analytics,SportsRatings,550,True,0.7541477015209607,-0.27354919103305325,0.7510522044249023,0.4227941176470588,8.854727272727274,8.854727272727274,0.47802197802197804,0.521978021978022,144,164
linecfbp_cfbwe_talent,linept_curry,CFBWE: Talent,Daniel Curry Index,513,True,0.689535418882035,-0.2826517437295276,0.756425503620748,0.40980392156862744,9.545107212475633,9.545224171539962,0.50682261208577,0.49317738791423,151,147
linecfbp_cfbwe_talent,linept_pugh,CFBWE: Talent,Pugh Ratings,515,True,0.740289067379399,-0.28394488707364457,0.8010185084658685,0.423828125,8.48823300970874,8.518058252427185,0.5019455252918288,0.4980544747081712,153,136
linecfbp_trent_sorensen,piratings_bias,Trent Sorensen,PI-Rate Bias,1098,True,0.721122807554529,-0.30488530384725876,0.7726216083300407,0.41905642923219244,8.395692167577414,8.481029143897997,0.47204399633363886,0.5279560036663611,331,286
linecfbp_sportsratings,linept_clean,SportsRatings,Cleanup Hitter,503,True,0.6763308280909723,-0.3077147590786111,0.6887359495951989,0.36960985626283366,10.609165009940357,10.67520874751491,0.54,0.46,149,157
linecfbp_cfbwe_talent,linept_born,CFBWE: Talent,Born Power Index,516,True,0.7100350370019284,-0.3215436295160829,0.7636219764971729,0.41325536062378165,9.367267441860465,9.338003875968992,0.49806201550387597,0.501937984496124,154,143
linept_log,linept_super,Logistic Regression,linesuper,401,True,0.6500438070086179,-0.32359155038354215,0.5748288698491706,0.3875,13.82643391521197,13.82643391521197,0.486284289276808,0.513715710723192,112,127
linecfbp_cfbwe_talent,linept_dwig,CFBWE: Talent,DP Dwiggins,515,True,0.6654222733049697,-0.3792896610494115,0.7400765410926368,0.38353413654618473,9.740194174757281,9.76621359223301,0.48148148148148145,0.5185185185185185,157,153
keeper,linecfbp_cfbwe_talent,Keeper,CFBWE: Talent,515,True,0.6984422661373253,-0.3906101615731993,0.7289405543694458,0.3698630136986301,10.158446601941748,10.203844660194173,0.4970873786407767,0.5029126213592233,160,157
linept_clean,linept_super,Cleanup Hitter,linesuper,769,True,0.7209063710506447,-0.47765821741618275,0.6020867830329197,0.33736559139784944,13.12972691807542,13.12972691807542,0.5110821382007823,0.48891786179921776,237,263
