season,week,home,road,line,actual,hscore,vscore,linesag,linepayne,linemass,linepfz,linelaz,linemoore,linesagr,lineargh,linepaynep,linehow,linesagpred,linepaynewl,linekam,linerwp,lineavg,lineelo,lineloud,lineborn,linedokter,linesuper,linedunk,linebill,linebihl,lineround,linefei,linemedian,lineharville,linesaggm,lineespn,linefox,lineopen,linepig,linecons,linecong,linepibias,linel2,lineteamrank,lineash,linepimean,lineca,linekeep,linekerns,linel2hf,linelog,lineatom,linedwig,linepiratings,linecather,linetalis,linedonchess,linefeng,linemidweek,lineclean,linecurry,linepugh,linestd,total,phcover,phwin
2022,1,Florida Atlantic,Charlotte,7.0,30,43,13,10.72,8.58,5.34,14.79,9.9,6.08,10.72,5.0,8.71,10.5,10.72,7.43,12.05,6.51,9.13,7.06,,11.55,11.07,,,3.63,,,14.5,9.91,6.67,10.72,,,6.5,10.0,9.66,4.04,5.9,,11.3,,5.8,7.5,9.92,9.75,,,,8.0,4.9,10,11.55,11.4,,7.5,10.0,9.19,10.68,2.89,56,0.552510945,0.7142474719
2022,1,Hawaii,Vanderbilt,-9.5,-53,10,63,2.95,-0.59,1.3,16.19,8.01,12.47,2.95,4.0,-1.07,13.5,2.95,3.7,7.04,12.49,4.69,12.63,,11.95,-0.55,,,10.5,,,3.5,4.25,4.5,2.95,,,-7.0,-10.0,5.7,-11.95,-6.4,,9.3,,-8.8,-8.5,-4.05,13.05,,,,-1.0,-9.1,6,11.75,15.0,,-8.5,17.5,11.85,-0.6,7.62,73,0.7898454335,0.6050177264
2022,1,Illinois,Wyoming,14.0,32,38,6,3.72,10.04,11.11,2.66,7.36,-1.75,3.72,6.0,10.64,0.01,3.72,4.67,8.42,7.37,8.77,9.12,,18.45,15.0,,,0.5,,,0.8,9.14,11.9,3.72,,,10.5,16.0,10.45,22.65,19.1,,10.9,,20.0,13.0,19.09,3.45,,,,12.0,22.0,-9,9.16,2.7,,11.0,9.5,12.76,10.53,6.99,44,0.3815179261,0.6934203219
2022,1,Nebraska,Northwestern,11.0,-3,28,31,5.23,15.11,6.79,12.93,7.37,-1.85,5.23,-2.0,16.49,0.5,5.23,2.65,15.32,5.42,10.47,11.71,,22.3,8.38,,,2.29,,,12.3,10.59,9.38,5.23,,,12.0,9.0,11.75,1.39,11.3,,18.3,,9.3,11.0,24.18,19.65,,,,19.0,10.4,18,20.18,13.7,,13.5,13.5,10.77,15.74,6.65,59,0.4877166344,0.7285191815
2022,1,New Mexico St.,Nevada,-8.0,-11,12,23,-16.98,-17.57,-8.87,-11.67,-18.38,-19.41,-16.98,-9.0,-18.05,-20.5,-16.98,-13.2,-24.98,-12.17,-15.98,-22.31,,-23.35,-13.01,,,-12.21,,,-21.0,-16.98,-14.72,-16.98,,,-12.0,-8.0,-12.64,0.29,-10.3,,-26.4,,-9.5,-9.0,-16.69,-20.2,,,,-26.0,-9.7,-20,-28.42,-23.0,,-9.0,2.5,-16.81,-20.52,6.69,35,0.3215931226,0.176792487
2022,1,UTEP,North Texas,-1.5,-18,13,31,-1.63,-2.55,0.49,-2.14,2.01,1.72,-1.63,4.0,-2.89,-2.0,-1.63,0.57,1.83,5.25,0.69,-0.88,,-1.35,2.51,,,4.46,,,-7.6,0.41,1.59,-1.63,,,-1.0,0.01,0.32,8.04,-0.3,,-1.0,,1.2,-1.5,9.92,4.25,,,,1.0,0.8,5,-0.16,2.4,,-1.0,2.5,-1.77,-0.31,3.27,44,0.5537434789,0.5169792921
2022,1,Utah St.,Connecticut,26.5,11,31,20,22.78,27.03,17.75,26.44,18.0,21.67,22.78,17.0,27.58,23.5,22.78,22.06,28.33,18.93,25.79,31.0,,37.75,27.77,,,25.08,,,26.3,25.09,21.13,22.78,,,28.0,32.0,25.85,20.42,25.1,,28.3,,19.8,26.5,28.1,31.25,,,,34.0,20.9,35,33.31,25.0,,26.5,22.0,38.88,28.59,5.49,51,0.4831404606,0.9376730061
2022,2,Alabama,Utah St.,41.5,55,55,0,33.72,32.77,25.98,29.89,29.23,33.58,34.3,25.0,41.06,33.0,34.99,16.19,36.71,14.57,30.34,21.03,7.0,32.85,32.3,,,7.35,,,29.5,32.41,26.73,31.58,41.8,36.0,37.5,33.0,24.61,32.41,38.0,,42.2,,35.5,40.0,35.13,21.8,,,,28.0,37.2,29,25.71,28.5,,42.0,14.0,31.3,38.55,8.87,55,0.2697206802,0.9523732852
2022,2,Appalachian St.,North Carolina,1.5,-2,61,63,3.47,1.54,0.01,6.56,3.03,0.36,3.47,5.0,0.55,9.5,4.66,3.5,2.96,4.09,2.57,3.05,6.0,6.45,1.07,,,10.25,,,5.1,3.05,-2.1,2.22,-1.59,5.0,-2.5,3.0,4.95,-11.08,-6.7,,-0.2,,-8.4,1.5,4.9,9.45,,,,1.0,-10.0,14,4.69,-1.6,,-1.5,13.0,4.63,0.17,5.29,124,0.5254959491,0.5610395518
2022,2,Arkansas,Cincinnati,7.0,7,31,24,2.63,1.81,0.65,-10.8,-2.13,-3.52,2.64,-6.0,2.87,-12.5,2.63,-0.31,-3.81,-1.3,0.01,-4.78,-8.0,0.45,-0.84,,,-0.13,,,-6.4,0.13,4.19,2.63,3.32,-2.0,7.0,3.0,0.13,4.93,6.2,,2.5,,6.5,5.5,-0.2,-2.15,,,,-4.0,7.5,5,-3.93,12.1,,6.5,-10.5,2.54,-1.74,4.96,55,0.337133057,0.5002398792
2022,2,Boston College,Rutgers,7.5,-1,21,22,11.56,5.62,1.14,15.77,5.03,9.06,11.61,4.0,5.59,8.5,11.61,5.7,-1.21,4.34,7.37,4.73,5.0,8.75,7.42,,,4.25,,,8.2,7.15,1.84,11.55,7.33,9.0,7.0,13.0,9.78,7.05,5.0,,7.0,,5.1,7.5,5.68,7.05,,,,6.0,2.2,11,-0.96,12.3,,7.0,14.0,10.36,7.15,3.88,43,0.4968262312,0.674011735
2022,2,Coastal Carolina,Army,2.0,10,38,28,2.64,4.32,1.87,0.36,3.53,6.61,2.65,3.0,3.32,3.0,2.65,6.32,2.86,3.47,2.42,-0.65,-3.0,5.85,-1.21,,,8.42,,,-5.7,2.65,3.46,2.64,-1.66,6.0,3.5,5.0,2.39,-7.26,-1.2,,1.0,,-2.1,2.0,5.93,6.75,,,,-5.0,-2.8,7,2.48,2.6,,2.0,11.0,0.39,4.63,3.83,66,0.5102587494,0.5589008154
2022,2,Colorado,TCU,-13.5,-25,13,38,-6.99,-8.7,-5.13,-5.16,-2.13,-5.06,-7.03,-4.0,-10.71,-7.5,-7.04,-4.66,2.16,-3.2,-4.49,1.52,-4.0,2.95,-7.81,,,-0.75,,,-5.8,-5.34,-2.03,-6.97,-6.64,2.0,-7.5,-8.0,-7.57,-6.5,-6.6,,-11.2,,-7.6,-12.0,-9.88,-3.65,,,,-1.0,-7.3,1,-1.42,-6.8,,-13.5,4.5,1.52,-2.4,3.85,51,0.7093819231,0.3917074005
2022,2,Duke,Temple,9.5,30,30,0,9.49,7.18,8.57,2.31,9.21,7.51,9.53,4.0,7.85,3.5,9.52,5.84,10.18,9.02,7.41,7.16,-1.0,10.85,11.91,,,4.88,,,5.9,7.5,11.38,9.47,9.78,8.0,7.5,11.0,6.68,6.81,5.0,,6.1,,5.8,9.5,-2.2,5.8,,,,15.0,5.8,4,9.91,7.5,,7.0,1.0,7.76,11.83,3.37,30,0.4487607952,0.6760311611
2022,2,East Carolina,NC St.,-11.5,-1,20,21,-12.87,-9.59,-5.59,-3.11,-6.88,-5.71,-12.94,-7.0,-11.48,-7.5,-12.94,-5.82,-7.54,-4.66,-9.78,-5.32,-5.0,-7.95,-9.87,,,-4.71,,,-12.7,-10.0,-11.29,-12.84,-9.29,-7.0,-10.0,-13.0,-14.93,-14.6,-15.6,,-11.6,,-15.7,-11.5,-13.94,-3.15,,,,-18.0,-16.3,-12,-11.78,-10.0,,-11.5,2.5,-8.5,-12.58,4.35,41,0.5416138513,0.2761912493
2022,2,Florida,Utah,-3.0,3,29,26,-1.79,-2.84,0.27,-3.43,0.73,1.66,-1.8,-3.0,0.49,6.0,-1.81,-9.52,-4.2,-5.89,-5.73,-9.38,-1.0,-21.05,-4.75,,,-8.04,,,-5.1,-5.1,-3.27,-1.78,0.71,-11.0,-1.5,-8.0,-6.54,-15.51,-8.6,,-2.3,,-3.5,-3.0,-8.31,-5.25,,,,-15.0,-7.0,-19,-7.06,0.7,,-3.0,-6.5,-21.77,-5.9,6.0,55,0.4360993664,0.3678163504
2022,2,Georgia,Oregon,16.0,46,49,3,12.89,17.28,20.36,16.58,15.48,15.78,12.95,13.0,20.07,25.0,12.94,11.7,28.61,16.37,18.76,19.35,5.0,33.35,26.48,,,6.08,,,19.3,17.97,17.97,12.87,20.21,31.0,17.5,13.0,10.91,4.33,23.8,,17.6,,19.8,16.0,27.77,26.1,,,,20.0,21.4,33,26.16,16.0,,17.0,6.5,27.83,14.62,7.36,52,0.5626743258,0.8581992407
2022,2,Georgia Tech,Clemson,-23.0,-31,10,41,-21.33,-18.53,-18.59,-33.1,-15.0,-21.3,-21.44,-19.0,-18.27,-23.0,-21.44,-19.07,-25.49,-9.56,-22.06,-14.27,-11.0,-25.65,-20.21,,,-15.13,,,-25.4,-21.47,-13.01,-21.28,-23.94,-22.0,-18.0,-28.0,-26.46,-33.84,-24.4,,-24.6,,-21.5,-23.0,-31.68,-12.75,,,,-31.0,-21.7,-30,-16.43,-24.0,,-22.5,-13.5,-27.11,,5.99,51,0.5220915517,0.0967632479
2022,2,Hawaii,Western Kentucky,-16.0,-32,17,49,-5.27,-18.22,-8.94,-4.25,-9.51,-3.01,-3.34,-9.0,-22.35,-6.5,-6.04,-9.96,-18.88,-7.29,-13.39,-10.03,1.0,-23.55,-18.85,,,-12.35,,,-18.0,-13.0,-16.21,-8.46,-9.43,-13.0,-12.5,-19.0,-10.53,-14.93,-20.2,,-18.8,,-16.5,-16.0,-19.68,-8.85,,,,-23.0,-18.5,-22,-19.38,-23.0,,-16.0,-8.5,-11.0,-15.92,6.53,66,0.5604315738,0.2176581991
2022,2,Indiana,Illinois,1.0,3,23,20,1.67,-2.06,-1.4,-0.59,-2.84,5.21,1.46,5.0,-2.32,2.5,2.79,-1.54,-9.89,-6.23,-3.35,-8.64,4.0,-18.15,-3.37,,,2.05,,,-6.0,-2.21,-5.06,0.94,0.91,-7.0,4.5,2.0,0.37,-12.45,-0.7,,-5.5,,-0.8,0.5,-9.82,-3.9,,,,-16.0,0.3,-7,-8.23,1.6,,1.5,-9.0,-14.84,-3.28,5.71,43,0.3982658389,0.4213014569
2022,2,James Madison,Middle Tenn.,4.5,37,44,7,6.99,6.85,7.18,8.22,10.2,,7.01,-0.25,6.0,-15.0,7.02,8.56,,13.47,5.89,9.51,-3.0,13.85,13.75,,,-4.29,,,-4.5,6.99,6.21,6.98,-7.38,,7.0,23.0,5.75,-0.9,7.7,,5.1,,4.7,4.5,14.39,4.45,,,,11.0,4.0,24,5.99,7.0,,6.0,1.5,11.63,8.32,7.89,51,0.5312504327,0.6301573641
2022,2,Kentucky,Miami (Ohio),16.5,24,37,13,12.49,14.55,18.09,14.15,14.0,11.5,12.53,7.0,16.95,12.0,12.54,9.73,23.01,12.68,16.62,15.6,4.0,20.25,16.19,,,17.38,,,15.4,16.95,17.7,12.46,22.39,17.0,20.0,20.0,24.66,21.82,21.9,,19.5,,21.2,16.5,20.18,13.3,,,,16.0,23.5,14,17.75,20.5,,16.0,9.5,19.12,19.59,4.53,50,0.5029000705,0.8429895018
2022,2,LSU,Florida St.,3.0,-1,23,24,10.68,4.35,11.04,17.49,10.0,5.27,10.37,-5.0,4.87,10.0,11.89,3.32,10.15,8.07,4.9,7.21,5.0,5.45,2.42,,,5.13,,,8.9,5.27,4.45,10.15,8.27,8.0,3.0,3.0,9.86,-10.1,3.5,,5.4,,3.3,3.0,-6.17,2.15,,,,-14.0,3.4,-7,2.93,3.5,,3.0,-2.0,6.93,,6.24,47,0.5443446963,0.6130424214
2022,2,Maryland,Buffalo,24.0,21,31,10,8.51,19.23,16.29,-2.98,10.89,3.98,8.54,14.0,21.97,4.0,8.54,13.76,12.65,15.82,17.23,18.37,-1.0,27.85,20.8,,,14.67,,,6.2,16.29,16.62,8.49,17.14,16.0,21.5,28.0,21.39,40.23,28.0,,18.4,,27.4,23.0,31.49,15.15,,,,21.0,30.1,31,17.29,14.5,,24.0,12.5,25.01,15.19,8.91,41,0.354970997,0.8280764464
2022,2,Michigan,Colorado St.,30.5,44,51,7,22.37,30.71,28.39,25.9,24.37,19.35,22.45,25.0,33.27,23.5,22.46,25.6,32.36,18.22,30.76,30.15,9.0,44.85,33.56,,,25.71,,,27.5,30.15,29.99,22.32,31.63,39.0,27.5,35.0,37.58,51.43,37.4,,32.0,,35.0,30.5,41.03,21.2,,,,29.0,38.2,46,34.43,25.0,,30.5,24.0,43.95,30.43,8.29,58,0.5057921011,0.9570768485
2022,2,Michigan St.,Western Mich.,21.0,22,35,13,8.7,17.65,14.87,6.37,11.92,4.41,8.73,12.0,20.85,8.0,8.72,11.21,16.88,14.06,16.5,17.65,4.0,15.75,17.0,,,10.71,,,12.3,16.88,17.02,8.68,23.66,13.0,18.0,28.0,23.47,30.13,26.2,,20.9,,26.9,20.5,21.83,7.65,,,,18.0,29.8,18,17.21,16.0,,22.0,11.0,26.57,20.68,7.08,48,0.3978595883,0.8287577839
2022,2,Minnesota,New Mexico St.,36.0,38,38,0,31.15,31.4,33.93,32.94,29.54,19.35,30.69,23.0,37.99,23.0,30.6,18.21,34.48,18.91,32.56,28.54,8.0,36.95,39.05,,,21.4,,,30.4,33.93,30.34,33.0,35.15,38.0,38.0,42.0,37.13,36.47,43.1,,38.3,,39.0,36.0,42.73,29.2,,,,34.0,42.0,46,39.09,26.0,,36.0,10.5,38.29,41.33,8.62,38,0.4244917076,0.9642514025
2022,2,Mississippi,Troy St.,21.5,18,28,10,20.67,20.81,20.88,13.03,20.51,15.31,20.75,11.0,23.31,15.5,20.76,15.81,29.7,17.91,21.97,29.48,1.0,34.25,26.75,,,20.29,,,20.6,20.76,23.74,20.63,17.75,29.0,23.5,22.0,29.81,22.75,22.8,,20.6,,23.5,21.5,19.4,17.95,,,,20.0,25.7,22,28.17,17.0,,21.5,19.5,32.33,25.03,5.81,38,0.5110906253,0.903143477
2022,2,Mississippi St.,Memphis,16.5,26,49,23,8.38,12.72,8.88,7.23,9.32,8.56,8.42,9.0,16.26,4.0,8.41,5.65,18.89,11.92,12.04,14.92,-2.0,11.15,14.16,,,9.88,,,7.8,11.03,14.18,8.36,10.45,9.0,17.0,9.0,16.1,27.45,19.0,,13.7,,18.0,15.5,17.68,9.45,,,,17.0,20.6,15,11.97,10.9,,16.0,5.5,11.59,13.12,5.04,72,0.3944344425,0.7651247769
2022,2,Missouri,Louisiana Tech,20.5,28,52,24,15.22,15.72,15.39,7.91,12.58,11.07,15.28,13.0,17.92,10.5,15.28,11.31,16.61,13.98,15.99,14.61,2.0,18.55,17.3,,,12.58,,,10.4,15.28,15.1,15.18,10.34,20.0,20.5,27.0,19.18,24.32,27.2,,16.4,,25.1,19.5,9.87,7.45,,,,13.0,26.7,17,11.59,17.5,,20.5,9.0,27.35,16.63,5.55,76,0.3942710317,0.8291739937
2022,2,Nevada,Texas St.,-1.5,24,38,14,23.8,9.63,9.41,16.47,14.86,16.39,23.43,9.0,7.65,17.5,22.94,13.55,23.7,16.76,14.4,22.49,7.0,23.05,18.41,,,17.38,,,15.9,15.9,15.45,25.7,3.67,24.0,8.0,5.0,16.77,-0.36,8.1,,3.4,,10.5,0.0,13.33,6.7,,,,17.0,9.2,13,23.49,-0.4,,1.0,17.0,18.29,12.93,6.89,52,0.8208811528,0.7973112854
2022,2,North Texas,SMU,-10.5,-38,10,48,-6.93,-7.1,-7.42,-6.49,-5.86,-0.11,-7.21,-3.0,-8.84,-7.0,-7.84,-3.6,-7.86,-6.83,-6.22,0.29,-4.0,-3.15,-7.24,,,-7.17,,,-9.3,-6.93,-2.02,-5.52,-5.16,-8.0,-9.0,-9.0,-11.27,-5.09,-9.3,,-6.9,,-10.4,-9.5,-8.77,-5.05,,,,-3.0,-10.5,-3,-10.97,-4.1,,-11.0,-0.5,-1.96,-10.42,2.95,58,0.6045194933,0.3500415765
2022,2,Ohio,Florida Atlantic,-4.5,3,41,38,0.01,-7.26,-4.63,-5.13,-4.35,-4.2,-0.27,-1.0,-6.92,-9.5,0.7,-7.93,-6.36,-2.99,-3.31,0.01,-2.0,-4.85,-4.46,,,-1.53,,,-9.2,-2.99,-6.6,-0.16,-9.73,0.01,-2.0,-6.0,-1.64,-2.75,1.4,,-4.2,,0.4,-4.5,-2.5,-1.4,,,,-7.0,-0.8,-1,-9.49,-2.4,,-4.5,4.5,2.29,-6.23,3.62,79,0.5291317282,0.4194527748
2022,2,Ohio St.,Notre Dame,17.0,11,21,10,8.3,14.98,7.41,16.04,10.83,11.99,8.32,10.0,16.79,7.5,8.32,11.38,9.56,5.55,11.44,6.33,1.0,11.25,13.82,,,3.21,,,7.5,11.0,7.93,8.28,13.83,11.0,14.5,8.0,5.05,14.07,15.2,,15.4,,14.1,15.5,24.43,15.4,,,,12.0,14.2,16,10.5,15.0,,17.0,10.0,10.45,14.82,4.4,31,0.3678547499,0.7563180808
2022,2,Oklahoma,UTEP,30.0,32,45,13,42.82,28.78,30.24,29.82,35.33,33.46,42.56,22.0,32.99,33.0,42.57,20.37,33.58,17.58,31.78,23.61,15.0,36.95,27.63,,,21.49,,,36.7,33.0,32.6,44.06,36.29,35.0,32.5,32.0,37.46,26.3,37.4,,36.6,,36.6,30.0,19.05,14.3,,,,29.0,37.2,30,28.44,25.0,,31.0,19.0,42.02,37.21,7.93,58,0.5399549157,0.9633620988
2022,2,Oklahoma St.,Central Mich.,21.5,14,58,44,21.0,16.75,20.55,16.71,19.89,15.01,21.09,18.0,19.32,20.5,21.08,11.62,26.06,15.15,20.74,14.73,7.0,22.35,22.15,,,12.79,,,22.9,21.08,22.3,20.95,23.8,23.0,20.5,25.0,26.92,30.42,24.4,,20.6,,24.0,21.5,24.31,15.55,,,,20.0,28.2,24,23.09,17.0,,21.5,15.0,17.07,23.03,4.68,102,0.4816856329,0.8949383926
2022,2,Old Dominion,Virginia Tech,-6.5,3,20,17,-13.45,-5.73,-9.0,-7.77,-9.7,-1.89,-13.52,1.0,-7.83,-13.5,-13.51,-1.51,-12.42,-2.13,-5.88,-3.03,-6.0,-0.25,-4.44,,,-5.33,,,-14.8,-5.8,-8.43,-13.41,-5.75,-4.0,-7.5,-7.0,-7.42,-1.39,-6.4,,-5.8,,-9.4,-6.5,5.6,-1.05,,,,-5.0,-9.0,10,-4.66,-7.0,,-7.0,0.01,-1.9,-7.89,5.09,37,0.5148337561,0.3621501778
2022,2,Oregon St.,Boise St.,2.5,17,34,17,-1.99,2.47,1.56,-2.83,-1.15,-1.31,-2.01,-5.0,2.26,-12.0,-2.01,2.87,-0.14,-1.04,-0.03,-0.31,-9.0,3.55,-1.72,,,-2.0,,,-11.0,-0.14,5.31,-1.99,-0.01,1.0,4.0,1.0,-3.07,11.84,3.8,,0.2,,4.6,2.0,3.38,-0.01,,,,-5.0,4.1,6,-2.05,3.1,,3.0,3.0,-0.89,2.48,4.32,51,0.4388953177,0.4992725824
2022,2,Pittsburgh,West Va.,7.5,7,38,31,4.21,8.62,4.85,15.06,7.56,5.85,4.21,6.0,8.61,7.5,4.22,8.66,11.15,11.86,10.9,13.66,1.0,15.65,14.92,,,9.67,,,5.1,11.15,8.01,4.2,10.82,14.0,7.0,14.0,14.43,20.65,13.3,,5.8,,12.6,7.5,17.35,14.45,,,,15.0,13.7,18,13.91,4.9,,7.5,21.5,12.9,10.82,4.95,69,0.5810072177,0.7439301167
2022,2,Purdue,Penn St.,-3.5,-4,31,35,-6.14,-0.84,-0.99,-7.96,-1.51,-0.25,-6.17,6.0,-1.01,-3.5,-6.18,-0.49,-3.01,4.23,0.22,0.65,-5.0,3.35,-3.22,,,4.88,,,-6.2,-0.08,1.35,-6.12,-3.53,1.0,-3.0,0.01,0.31,7.65,4.0,,-4.2,,4.1,-3.0,1.14,7.45,,,,8.0,4.7,6,0.57,-3.3,,-3.5,5.5,7.49,-2.46,4.42,66,0.5893055165,0.5053262522
2022,2,San Diego St.,Arizona,6.0,-18,20,38,3.05,12.78,7.54,23.16,11.12,16.39,3.07,11.0,7.39,23.0,3.06,23.55,13.17,18.07,11.7,13.82,7.0,13.75,15.87,,,24.88,,,11.2,11.0,8.59,3.06,6.07,15.0,5.0,9.0,21.23,8.15,6.9,,8.1,,6.4,6.5,4.61,15.15,,,,9.0,6.4,5,16.72,6.6,,6.0,18.0,24.52,3.95,6.65,58,0.6297429808,0.7516767037
2022,2,South Carolina,Georgia St.,12.5,21,35,14,10.28,10.35,10.81,5.06,9.15,-0.66,10.31,2.0,13.35,2.0,10.31,4.34,6.23,4.98,7.13,5.19,1.0,4.05,12.38,,,5.92,,,9.3,8.5,10.77,10.26,13.19,6.0,13.5,15.0,10.31,7.49,9.3,,11.3,,13.3,11.5,2.75,2.0,,,,3.0,13.1,-15,8.06,8.5,,12.5,-1.5,-1.36,12.7,5.5,49,0.3746248253,0.6643579278
2022,2,South Florida,BYU,-11.5,-29,21,50,-13.03,-14.46,-9.87,-12.05,-13.18,-16.3,-13.1,-17.0,-14.64,-19.0,-13.11,-14.09,-18.44,-10.51,-14.6,-13.08,-3.0,-14.45,-14.95,,,-14.08,,,-15.0,-14.09,-11.27,-13.0,-5.21,-15.0,-12.0,-18.0,-21.23,-20.39,-14.0,,-13.7,,-12.5,-12.5,-30.23,-16.65,,,,-13.0,-12.9,-16,-16.63,-12.7,,-11.5,-8.5,-14.69,-16.19,4.2,71,0.4251328643,0.1869773527
2022,2,Southern Miss.,Liberty,-3.5,-2,27,29,-5.55,-10.13,-9.0,-4.67,-7.76,-16.44,-5.59,-7.0,-10.11,-12.0,-5.59,-10.17,-21.64,-10.43,-10.7,-9.28,-4.0,-16.85,-15.25,,,-8.25,,,-14.6,-10.13,-11.28,-5.54,-2.61,-14.0,-3.0,-7.0,-12.05,-4.5,-10.3,,-4.6,,-9.3,-4.5,-14.01,-16.45,,,,-21.0,-7.8,-9,-22.37,-4.9,,-3.5,-19.0,-15.27,-12.55,5.03,56,0.3327355847,0.2602572176
2022,2,Syracuse,Louisville,-4.5,24,31,7,-6.08,-4.22,-3.91,-0.6,-3.74,-5.14,-6.11,-2.0,-4.24,-4.5,-6.12,-4.19,-5.86,-4.3,-4.03,-1.43,-1.0,-6.15,-3.02,,,-0.13,,,-4.9,-4.22,-2.5,-6.06,-2.8,-7.0,-2.5,-5.0,-5.29,-0.13,-3.5,,-4.1,,-3.3,-4.5,-1.48,-3.7,,,,-3.0,-2.9,-5,-5.3,-5.2,,-4.0,-6.5,-1.57,-3.83,1.87,38,0.5117290165,0.4004710148
2022,2,Tennessee,Ball St.,35.5,49,59,10,17.24,24.98,17.57,11.66,15.34,5.46,17.3,12.0,31.49,8.5,17.31,11.97,24.35,13.98,22.88,17.12,3.0,28.75,28.0,,,12.17,,,18.6,24.31,19.34,17.2,25.24,25.0,31.5,41.0,28.52,31.27,33.5,,28.4,,32.0,34.0,41.7,18.0,,,,33.0,33.5,31,24.31,24.0,,35.5,15.5,26.1,28.45,9.08,69,0.245057244,0.8945686027
2022,2,Texas,Louisiana-Monroe,37.5,42,52,10,37.17,28.09,23.51,20.99,27.57,28.92,37.33,25.0,35.18,23.5,37.33,13.92,31.66,13.6,28.37,15.85,7.0,25.35,32.12,,,12.58,,,24.6,28.92,24.12,37.09,37.44,29.0,38.5,46.0,34.52,31.15,31.0,,34.3,,30.3,36.5,37.38,22.4,,,,24.0,32.0,19,26.76,29.0,,37.5,19.0,23.03,38.16,8.4,62,0.3056122018,0.9428941515
2022,2,Texas-San Antonio,Houston,-4.0,-2,35,37,-7.74,-2.28,-5.29,-1.78,-1.2,0.2,-7.78,2.0,-3.65,0.01,-7.78,0.47,-4.21,-3.91,-3.86,-1.48,-3.0,-7.15,-1.37,,,1.54,,,-8.4,-3.94,-0.51,-7.71,-4.31,-7.0,-4.5,-7.0,-5.78,-1.54,-7.9,,-6.0,,-7.4,-4.0,-1.64,-0.85,,,,-2.0,-5.9,-7,-1.49,-3.0,,-4.0,1.0,-6.48,-6.97,3.12,72,0.5034523088,0.4057091996
2022,2,Tulane,Massachusetts,28.0,32,42,10,29.45,23.31,23.37,25.51,22.57,29.93,29.58,22.0,29.42,26.5,29.57,11.08,33.16,16.15,26.33,23.83,6.0,38.55,28.61,,,8.42,,,23.0,25.9,18.88,29.38,23.34,37.0,29.5,30.0,18.79,15.81,27.8,,27.8,,24.3,28.0,32.86,21.55,,,,32.0,25.9,49,27.2,24.0,,28.0,17.5,33.71,39.11,8.33,52,0.4628860922,0.9290685179
2022,2,UCLA,Bowling Green,23.5,28,45,17,27.69,20.69,22.95,19.13,27.95,25.19,27.8,14.0,25.13,19.0,27.8,11.81,35.99,16.07,25.83,24.89,10.0,38.05,26.77,,,19.67,,,27.9,26.3,25.38,27.63,29.26,41.0,27.0,32.0,30.76,12.59,26.3,,21.8,,25.0,23.5,10.64,31.6,,,,22.0,23.8,31,29.36,23.0,,23.5,20.0,38.67,37.14,7.41,62,0.5529003849,0.9298041995
2022,2,USC,Rice,32.5,52,66,14,32.36,24.92,17.95,15.81,20.53,10.16,32.5,8.0,32.32,10.5,32.5,10.12,24.6,11.28,22.12,13.65,8.0,22.35,19.5,,,11.13,,,21.1,22.0,17.64,32.29,27.26,22.0,35.0,38.0,26.72,12.95,29.0,,33.3,,28.5,31.5,26.29,23.7,,,,15.0,27.1,14,20.11,25.5,,32.5,13.0,15.84,34.91,8.4,80,0.281649119,0.890954945
2022,2,Washington,Kent,23.0,25,45,20,18.66,13.02,12.41,13.12,14.72,2.25,18.74,0.25,19.64,4.0,18.74,-0.23,20.92,5.98,13.47,8.94,7.0,16.05,13.68,,,2.58,,,20.8,14.72,11.43,18.62,20.38,15.0,21.5,20.0,15.49,13.58,20.8,,18.3,,17.8,21.5,17.62,13.8,,,,6.0,19.8,8,11.58,16.0,,23.0,1.0,11.54,21.17,6.45,65,0.2890388738,0.7841081457
2022,2,Wyoming,Tulsa,-6.5,3,40,37,-3.66,-7.73,-5.31,4.74,-6.09,-4.3,-2.95,-5.0,-9.24,-5.5,-4.61,-4.69,-13.0,-3.22,-5.27,-4.14,3.0,-8.05,-4.19,,,-0.12,,,-4.7,-5.0,-4.09,-4.17,-5.55,-5.0,-1.0,-7.0,-2.61,-8.5,-8.8,,-9.5,,-6.3,-6.5,-11.77,2.7,,,,-14.0,-10.1,-3,-3.1,-5.6,,-6.5,-2.5,-8.97,-2.3,3.93,77,0.5299775644,0.3736293571
2022,3,Air Force,Colorado,17.5,31,41,10,10.94,16.6,8.37,21.58,9.43,14.02,11.99,11.0,16.14,16.0,10.67,16.91,17.44,15.21,15.12,20.23,4.0,24.05,16.47,,,13.57,,,16.5,14.96,10.93,10.76,11.03,16.0,15.0,20.0,21.16,10.75,9.8,,11.9,,9.1,17.5,25.44,18.6,,,,26.0,7.3,24,13.01,7.4,,17.5,23.5,18.38,14.96,5.39,51,0.443555286,0.8164375151
2022,3,Arizona,Mississippi St.,-11.0,-22,17,39,-3.97,-7.69,-10.85,-14.44,-8.09,-12.16,-5.05,-8.0,-10.82,-15.5,-3.89,-5.61,-9.82,-10.78,-10.32,-6.88,-5.0,-8.25,-8.23,,-5.74,-2.31,,,-15.5,-10.03,-8.22,-3.09,-10.75,-9.0,-8.5,-10.0,-14.07,-19.8,-14.4,,-14.5,,-13.9,-11.0,-12.8,-6.4,,,,-16.0,-15.9,-9,-19.97,-14.5,,-10.5,-2.0,-15.6,-7.35,4.61,56,0.5164057427,0.2662220213
2022,3,Arkansas,South Carolina,9.0,14,44,30,8.44,9.04,5.05,3.36,8.37,9.98,8.72,8.0,6.84,6.5,8.14,10.49,9.4,11.3,9.52,14.28,-2.0,14.35,7.41,,15.71,11.25,,,4.5,9.02,7.87,9.37,8.92,15.0,9.5,9.0,12.68,7.29,9.5,,3.6,,7.7,9.0,12.03,9.85,,,,11.0,9.1,13,9.22,8.2,,8.0,8.5,22.59,8.13,3.83,74,0.5127016896,0.7200487745
2022,3,Army,Texas-San Antonio,-2.5,-3,38,41,1.72,-2.33,5.03,9.17,3.86,-0.82,1.31,2.0,-1.56,6.0,1.87,-2.84,1.03,0.93,1.19,-0.81,4.0,-2.35,4.98,,-0.82,-2.06,,,5.4,1.17,0.25,2.25,4.52,6.0,-1.5,-1.0,1.84,0.01,3.4,,-1.9,,4.9,-2.0,-7.65,5.0,,,,-9.0,2.7,-2,0.01,-2.9,,-2.5,4.0,-2.44,3.99,3.86,79,0.5893441653,0.529032387
2022,3,Auburn,San Jose St.,24.0,8,24,16,17.52,18.35,27.07,23.97,19.59,12.27,19.07,9.0,29.92,12.0,18.28,10.64,28.49,16.01,22.26,19.47,8.0,30.15,20.25,,,5.92,,,27.9,23.93,22.48,16.48,27.82,30.0,21.5,24.0,28.63,23.73,26.1,,23.3,,26.4,24.0,26.0,20.3,,,,30.0,28.2,25,34.09,25.0,,23.0,11.0,22.37,26.59,7.2,40,0.4602439624,0.8991982384
2022,3,BYU,Baylor,2.5,6,26,20,-5.75,1.1,-8.95,-8.41,1.12,9.73,-6.83,11.0,-1.75,4.0,-5.65,3.01,0.58,-4.56,-0.48,-0.34,1.0,-9.05,2.23,,,-1.69,,,-4.5,-0.44,-8.24,-5.24,-2.62,-3.0,3.0,0.01,-0.44,-1.52,1.9,,-1.3,,0.5,2.5,9.03,20.8,,,,-4.0,1.2,3,-14.77,1.9,,3.0,19.0,-13.41,-3.34,7.08,46,0.4319342967,0.4889840572
2022,3,Ball St.,Western Mich.,-6.5,-7,30,37,-3.41,-5.58,-5.0,-2.32,-1.69,4.12,-3.79,2.0,-8.19,0.5,-5.07,-3.85,-4.23,-3.0,-5.74,1.1,-3.0,-14.35,-6.01,,-11.74,-7.1,,,-10.2,-5.59,-6.95,-1.94,-5.81,-8.0,-6.5,-12.0,-5.6,-7.44,-8.5,,-8.0,,-7.2,-6.5,-14.71,-3.4,,,,-14.0,-7.0,-11,-0.01,-2.8,,-6.5,-3.5,-8.41,-4.95,4.22,67,0.5184528372,0.3633693222
2022,3,California,UNLV,13.0,6,20,14,14.07,10.37,16.62,16.15,12.74,13.3,14.65,6.0,11.53,7.0,14.0,9.6,19.81,12.37,13.85,8.67,3.0,16.25,12.43,,,13.63,,,14.2,14.2,14.39,15.07,10.95,18.0,13.5,20.0,15.85,17.78,13.6,,9.4,,14.7,13.0,5.31,19.5,,,,8.0,11.8,15,18.01,14.5,,13.0,13.5,16.37,20.18,3.98,34,0.5207103712,0.8012961748
2022,3,Central Florida,Louisville,6.0,-6,14,20,7.26,11.01,1.46,10.52,0.5,5.52,7.12,8.0,10.38,13.5,7.68,11.42,3.28,3.5,6.36,4.03,5.0,8.85,3.99,,,8.64,,,7.6,7.12,3.44,7.95,11.08,5.0,6.5,9.0,10.54,-0.87,1.7,,11.0,,1.7,6.0,8.58,3.85,,,,5.0,-0.4,6,0.68,3.7,,5.5,5.5,10.8,3.22,3.73,34,0.5088070562,0.6517469959
2022,3,Central Mich.,South Alabama,6.0,-14,24,38,9.73,6.63,3.39,13.1,10.79,10.69,11.06,8.0,2.99,7.0,9.28,9.05,12.63,8.87,9.99,14.45,3.0,13.95,9.99,,,16.93,,,9.2,9.2,3.66,9.06,3.91,16.0,7.0,8.0,11.24,5.43,11.0,,6.9,,10.8,6.5,5.87,3.4,,,,9.0,9.0,20,7.36,7.3,,5.0,13.5,24.59,4.09,4.87,62,0.5949427694,0.7262795294
2022,3,Charlotte,Maryland,-26.5,-35,21,56,-20.2,-23.0,-20.18,0.92,-16.34,-13.31,-22.63,-19.0,-30.47,-13.5,-21.43,-18.03,-19.19,-11.05,-21.22,-18.08,-4.0,-30.05,-20.96,,-31.19,-13.59,,,-20.5,-21.07,-27.77,-18.31,-21.17,-20.0,-26.0,-25.0,-21.38,-27.84,-29.2,,-26.1,,-27.9,-26.0,-30.47,-18.5,,,,-29.0,-29.2,-24,-21.86,-15.5,,-27.0,-4.0,-30.96,-20.92,7.33,77,0.6186500776,0.1124755103
2022,3,Colorado St.,Middle Tenn.,11.5,-15,19,34,8.37,2.2,2.84,2.54,3.75,-2.4,8.48,1.0,-0.2,-3.0,8.67,3.8,5.16,0.45,3.49,5.23,-2.0,0.75,6.16,,,4.93,,,3.2,3.5,3.65,8.92,1.95,4.0,7.5,7.0,3.48,-3.34,9.2,,6.1,,9.9,10.0,8.81,1.4,,,,3.0,10.1,-2,-4.21,5.3,,11.0,3.5,-5.98,10.13,4.15,53,0.3127128787,0.5842197313
2022,3,Connecticut,Syracuse,-23.5,-34,14,48,-16.34,-15.21,-21.32,-16.43,-11.32,-16.22,-16.79,-8.0,-21.66,-12.0,-16.44,-10.91,-28.53,-11.64,-19.6,-20.09,-6.0,-22.55,-22.56,,-26.84,-8.23,,,-25.7,-20.39,-23.12,-18.53,-20.7,-21.0,-20.0,-28.0,-19.33,-25.86,-27.7,,-23.8,,-23.5,-23.5,-29.86,-14.8,,,,-29.0,-26.3,-27,-17.59,-16.0,,-23.0,-1.5,-23.02,-28.05,6.93,62,0.5890718234,0.1289090306
2022,3,East Carolina,Old Dominion,13.0,18,39,21,8.43,8.07,9.38,9.36,9.2,2.7,10.09,5.0,13.17,6.0,9.17,4.67,13.42,8.8,9.5,9.53,2.0,16.15,10.72,,,7.43,,,7.5,9.36,5.12,5.74,11.84,12.0,13.0,12.0,9.34,10.92,13.5,,9.9,,12.1,12.5,7.44,2.75,,,,8.0,12.6,8,15.15,7.3,,12.5,16.0,9.56,8.9,3.32,60,0.4145671229,0.7209868376
2022,3,Florida,Kentucky,6.0,-10,16,26,3.21,2.01,1.97,8.65,6.36,2.19,2.86,1.0,2.14,3.5,3.11,1.92,4.61,-3.09,0.45,-2.23,1.0,-6.55,7.46,,-6.33,-0.91,,,-0.3,1.05,0.31,4.19,1.64,-2.0,5.5,3.0,0.75,-8.08,-2.8,,1.1,,-1.1,5.0,0.84,2.35,,,,-3.0,-2.2,-5,-9.57,3.8,,6.0,-2.0,-8.2,4.85,4.23,42,0.3677504767,0.5109258955
2022,3,Fresno St.,Oregon St.,0.0,-3,32,35,-5.54,4.21,-5.32,3.36,-0.68,-4.65,-6.62,-0.25,-1.55,7.5,-4.64,8.04,-6.54,3.18,-1.62,0.13,6.0,-8.55,2.32,,,5.92,,,-0.01,-1.55,-8.64,-5.76,-0.75,0.01,1.5,-1.0,-2.73,-14.23,-1.5,,-3.6,,-2.3,0.0,2.84,-5.3,,,,-7.0,-2.0,-4,-4.57,-3.1,,-1.0,9.0,1.41,-5.65,5.01,67,0.4612337887,0.4612337887
2022,3,Georgia St.,North Carolina,-7.0,-7,28,35,-9.28,-6.06,-4.25,-4.52,-6.68,-8.15,-10.81,-4.0,-8.57,-8.0,-7.92,-4.39,-15.15,-1.84,-5.65,-7.77,1.0,-4.65,-9.06,,-2.68,-0.54,,,-12.4,-6.89,-9.71,-9.79,-9.86,-3.0,-9.0,-8.0,-9.78,-4.23,-2.7,,-7.8,,-7.1,-7.0,3.14,-0.6,,,,-13.0,-5.8,12,3.8,-3.0,,-7.5,5.5,1.47,-12.08,5.36,63,0.5321083474,0.3679816997
2022,3,Illinois,Virginia,4.0,21,24,3,-0.11,4.77,6.32,0.85,6.42,4.13,0.28,5.0,6.19,-2.5,1.34,3.83,3.71,3.05,3.56,5.69,-4.0,7.25,0.6,,,-0.79,,,-1.2,3.87,3.91,-2.61,5.8,6.0,4.5,0.01,4.73,12.12,2.7,,4.5,,3.4,4.0,10.02,13.7,,,,5.0,3.1,-8,7.07,2.5,,4.5,7.5,5.31,3.87,4.12,27,0.4892976364,0.5859268535
2022,3,Iowa,Iowa St.,4.0,-3,7,10,1.16,2.81,-1.45,3.61,2.54,2.79,0.82,7.0,-4.12,2.5,0.97,7.43,-0.84,4.24,2.56,1.33,2.0,-1.45,3.1,,,10.17,,,-2.3,2.54,-0.36,1.9,-2.95,-5.0,3.5,7.0,3.69,18.8,6.5,,-1.3,,7.2,4.0,4.66,-4.1,,,,4.0,8.7,6,-13.11,7.3,,3.5,7.0,0.7,1.4,5.16,17,0.4656264317,0.5609453612
2022,3,Kansas St.,Missouri,7.5,28,40,12,9.67,8.34,8.97,11.14,9.62,1.68,10.55,5.0,7.88,5.0,9.48,8.64,11.26,10.7,9.9,7.46,1.0,19.15,8.35,,,8.37,,,7.7,9.52,7.56,9.52,4.04,13.0,7.5,12.0,12.68,11.21,10.3,,9.2,,8.8,7.5,13.26,0.6,,,,15.0,10.4,20,22.02,4.8,,7.5,15.0,13.48,10.39,4.41,52,0.5579091549,0.7260433307
2022,3,Liberty,UAB,-6.0,7,21,14,-3.25,-4.34,0.89,5.24,1.38,4.24,-4.94,3.0,-9.34,1.0,-3.93,-1.01,-0.42,0.41,-2.14,-4.96,-1.0,-6.75,-3.94,,,-2.73,,,-2.2,-2.2,-5.4,-0.37,-2.03,-2.0,-3.5,-6.0,-2.83,-3.66,-1.2,,-9.1,,0.01,-5.5,-5.49,7.6,,,,-12.0,-1.7,-8,5.06,-3.2,,-6.5,3.0,-9.62,0.67,4.24,35,0.5928653463,0.4481875993
2022,3,Louisiana-Lafayette,Eastern Mich.,11.0,28,49,21,8.19,14.64,17.03,17.49,13.15,16.37,9.14,12.0,14.32,18.0,8.4,14.84,16.55,14.59,14.82,14.73,7.0,21.65,12.08,,,21.58,,,10.9,14.64,12.64,7.23,13.16,21.0,12.5,15.0,20.66,5.96,13.3,,11.4,,10.2,11.5,17.2,21.05,,,,16.0,10.4,21,25.75,8.1,,11.5,19.5,22.72,13.92,4.86,70,0.5909917273,0.8139855142
2022,3,Miami (Fla.),Southern Miss.,26.5,23,30,7,24.33,22.61,21.77,14.03,22.45,17.82,26.06,18.0,27.92,18.5,23.78,19.07,24.55,17.58,24.3,20.17,5.0,29.45,27.32,,,14.82,,,17.7,25.42,26.59,25.42,27.59,30.0,27.5,30.0,30.87,25.97,33.8,,27.7,,32.4,26.5,27.33,3.55,,,,23.0,34.5,33,26.35,23.0,,25.0,23.0,32.82,26.28,6.78,37,0.4492976182,0.920373712
2022,3,Michigan,Hawaii,52.0,46,56,10,33.61,38.83,36.4,24.4,31.93,21.18,36.4,32.0,55.78,24.5,37.33,27.52,48.77,18.58,41.47,40.15,6.0,54.05,51.73,,53.86,23.63,,,41.8,41.9,47.0,30.29,50.23,42.0,49.0,56.0,42.86,56.06,54.8,,56.7,,52.6,51.5,59.93,32.2,,,,52.0,55.5,51,44.89,34.0,,51.5,25.5,39.24,47.77,12.78,66,0.3026820607,0.979070199
2022,3,Michigan St.,Akron,34.5,52,52,0,31.32,29.16,36.2,32.5,31.67,29.92,34.79,24.0,37.41,23.5,31.36,23.66,41.43,19.3,35.84,35.16,11.0,49.55,37.96,,,28.2,,,36.4,36.4,37.14,29.83,35.38,41.0,34.0,45.0,40.27,42.39,42.4,,36.2,,41.8,34.5,44.98,38.2,,,,38.0,44.3,43,42.03,27.5,,34.5,27.0,51.47,41.47,8.08,52,0.529983192,0.9778930831
2022,3,Navy,Memphis,-4.5,-24,13,37,-4.56,-7.3,0.37,7.27,0.76,-1.6,-4.4,-4.0,-7.69,-4.0,-4.57,-7.03,2.02,-1.21,-3.14,-1.96,-3.0,-0.15,-2.83,,,-3.38,,,-0.5,-3.6,-4.3,-5.95,-10.35,-2.0,-6.0,-16.0,-3.6,-4.6,-4.4,,-8.7,,-4.2,-4.5,-7.19,4.8,,,,3.0,-3.2,-3,2.96,-3.8,,-6.0,-5.5,0.91,-3.89,4.04,50,0.5330861633,0.4239879557
2022,3,Nebraska,Georgia Southern,23.5,-3,42,45,13.24,6.39,18.71,14.81,17.33,7.24,13.82,8.0,9.02,3.0,13.12,4.66,26.3,16.16,16.09,12.63,-1.0,21.75,20.85,,,6.0,,,14.2,16.16,14.16,14.16,14.24,17.0,20.5,24.0,17.95,15.79,21.2,,8.9,,23.6,22.5,27.35,21.95,,,,19.0,23.0,19,22.18,18.0,,23.5,14.5,18.35,25.99,6.61,87,0.3332554001,0.82529708
2022,3,New Mexico,Boise St.,-17.0,-17,14,31,-15.27,-6.39,-12.15,-20.66,-19.24,-13.73,-17.04,-12.0,-9.95,-11.5,-15.06,-4.01,-26.16,-10.8,-16.11,-16.12,-10.0,-12.65,-20.21,,,-13.43,,,-25.0,-16.59,-5.75,-15.18,-9.81,-18.0,-17.0,-21.0,-16.59,-20.68,-19.8,,-14.5,,-16.0,-17.0,-17.02,-11.4,,,,-25.0,-17.8,-23,-20.71,-17.0,,-17.0,-14.0,-17.6,-20.64,5.07,45,0.5212945306,0.1668591425
2022,3,Northwestern,Duke,10.0,-8,23,31,6.92,9.96,13.12,4.39,16.45,14.73,6.88,15.0,11.72,9.5,6.28,8.79,15.68,8.93,13.07,13.23,4.0,15.95,14.72,,20.57,5.07,,,5.0,13.21,9.58,8.46,7.23,17.0,10.0,20.0,16.63,12.7,18.8,,9.6,,16.3,10.0,12.29,6.35,,,,24.0,17.8,17,23.77,13.2,,10.0,8.5,16.51,14.82,5.26,54,0.5728322537,0.7827754344
2022,3,Notre Dame,Marshall,20.5,-5,21,26,19.49,13.44,22.2,21.46,17.76,12.68,21.2,13.0,13.62,11.5,19.53,13.31,20.95,13.9,19.49,17.96,8.0,30.25,20.05,,,16.53,,,17.3,19.49,15.14,19.27,17.62,26.0,19.0,23.0,24.47,30.37,27.8,,15.6,,25.1,20.5,10.13,13.05,,,,14.0,28.3,31,22.58,18.0,,20.5,8.0,25.94,21.79,5.93,47,0.4762354685,0.8749656383
2022,3,Ohio St.,Arkansas St.,44.5,33,45,12,36.2,31.33,27.66,44.34,37.07,37.99,39.24,32.0,33.39,33.0,33.87,29.96,50.35,19.17,40.22,36.99,12.0,50.65,43.78,,,29.23,,,40.2,39.24,33.28,38.83,35.25,48.0,43.5,48.0,40.32,54.11,48.9,,38.4,,45.1,44.5,51.17,39.6,,,,45.0,48.8,51,45.94,33.0,,44.5,35.5,51.02,48.75,9.09,57,0.4075082539,0.9860454693
2022,3,Oklahoma,Kent,33.0,30,33,3,27.84,26.94,22.36,23.36,27.65,29.76,29.97,20.0,34.02,34.5,27.09,22.21,30.52,17.68,29.85,24.87,12.0,37.95,34.56,,37.8,18.96,,,33.5,30.87,29.21,29.05,30.79,32.0,32.0,34.0,36.56,34.23,35.0,,31.5,,31.4,33.0,29.63,15.1,,,,32.0,35.0,37,41.95,25.0,,33.5,17.5,39.28,30.96,6.88,36,0.4277672075,0.9577587879
2022,3,Oklahoma St.,Arizona St.,11.5,17,34,17,9.49,13.44,11.46,12.61,9.43,13.43,9.31,19.0,11.93,18.5,9.37,14.44,7.86,12.13,13.36,11.02,3.0,12.95,11.89,,,14.49,,,7.7,12.95,10.3,11.22,11.26,16.0,11.0,14.0,16.98,22.97,13.2,,13.1,,13.4,11.5,8.13,13.8,,,,16.0,14.9,24,23.96,13.4,,11.0,12.0,16.64,8.46,4.17,51,0.5451155369,0.7921850596
2022,3,Penn St.,Ohio,28.0,36,46,10,19.39,21.26,27.45,23.62,25.01,14.02,20.93,17.0,27.23,21.0,19.34,17.29,32.66,18.4,25.52,26.87,6.0,32.65,28.24,,31.28,20.22,,,23.5,27.05,26.53,19.6,28.13,30.0,24.5,34.0,32.94,27.37,31.2,,25.0,,31.0,28.0,32.07,17.7,,,,29.0,34.3,29,28.73,25.5,,25.5,13.5,27.45,31.96,6.32,56,0.4422943747,0.9323714657
2022,3,Pittsburgh,Tennessee,-6.0,-7,27,34,-1.51,-0.61,-0.76,8.49,4.5,3.86,-2.91,4.0,-4.34,7.0,-1.81,1.87,-8.32,7.04,0.35,4.04,2.0,-1.35,-0.01,,-2.08,10.85,,,-4.8,0.08,0.45,0.73,-1.39,3.0,-4.0,1.0,2.64,4.76,-0.7,,-4.7,,0.2,-5.0,-8.41,-5.75,,,,-8.0,1.5,1,-7.21,-3.4,,-6.0,13.0,4.01,-1.02,5.0,61,0.6486032861,0.5083893153
2022,3,Stanford,USC,-9.0,-13,28,41,-6.76,-7.39,-4.15,-9.55,-2.99,-4.35,-9.09,6.0,-9.32,-2.0,-6.49,-6.11,-11.58,-0.52,-6.29,-2.0,-1.0,-10.05,-3.85,,,-0.8,,,-8.2,-6.11,-7.7,-4.29,-9.18,-6.0,-10.0,-10.0,-8.55,10.11,-4.2,,-15.3,,-5.0,-9.0,-6.3,-27.1,,,,-6.0,-1.4,-3,-10.33,-9.7,,-8.5,-4.0,0.37,-15.01,5.85,69,0.5636283684,0.3550315395
2022,3,Texas,Alabama,-20.5,-1,19,20,-11.76,-12.7,-8.52,-15.88,-9.27,-13.87,-14.26,-10.0,-14.93,-23.5,-10.68,-11.2,-19.5,-9.77,-15.1,-15.81,-7.0,-22.15,-20.92,,-23.05,-11.26,,,-18.2,-14.6,-12.47,-11.04,-12.84,-19.0,-17.5,-12.0,-4.86,-14.07,-18.8,,-19.0,,-15.5,-19.5,-16.28,-23.6,,,,-23.0,-15.6,-18,-16.02,-9.4,,-20.0,-5.5,-29.52,-16.66,5.34,39,0.626439825,0.1836256043
2022,3,Texas A&M,Appalachian St.,18.5,-3,14,17,15.28,13.06,13.95,6.26,9.83,9.72,16.02,10.0,13.08,9.0,14.39,13.05,12.05,9.22,13.41,11.83,1.0,18.25,14.27,,,8.3,,,7.3,13.3,15.78,16.99,13.06,15.0,16.0,19.0,16.9,17.39,18.8,,13.3,,19.6,17.5,13.83,8.95,,,,11.0,20.0,10,10.0,22.0,,19.0,2.5,15.76,17.34,4.51,31,0.3788722577,0.7917819107
2022,3,Texas St.,Florida Intl.,13.5,29,41,12,-0.83,9.94,10.72,2.7,9.08,11.71,-0.17,12.0,12.34,5.0,-0.18,8.33,14.41,13.67,11.35,15.03,-3.0,17.15,15.77,,,5.44,,,2.3,11.7,8.19,-3.11,9.4,16.0,11.0,10.0,6.27,18.6,17.2,,7.5,,12.6,13.5,15.12,34.05,,,,19.0,14.8,24,27.09,11.7,,14.0,13.5,15.01,8.29,7.52,53,0.4512951191,0.7408942605
2022,3,Texas Tech,Houston,4.0,3,33,30,1.37,1.17,9.67,1.25,3.72,-1.17,2.63,-2.0,4.71,-2.0,1.63,-1.17,-1.31,-0.43,2.19,-3.16,-3.0,8.85,2.85,,,-5.27,,,0.4,1.92,8.42,-1.37,5.51,3.0,1.5,1.0,0.78,2.75,5.1,,4.0,,4.9,4.0,9.85,-1.5,,,,1.0,5.9,2,7.34,-0.3,,3.0,-7.5,3.68,2.57,4.21,63,0.4561232223,0.5530387409
2022,3,Toledo,Massachusetts,28.0,45,55,10,32.18,25.06,20.27,25.69,27.68,28.39,34.34,21.0,33.54,27.5,31.94,19.41,34.24,18.51,28.11,28.39,7.0,29.05,32.78,,,9.86,,,26.7,28.39,23.67,33.54,20.99,37.0,29.0,33.0,21.47,21.49,25.6,,30.9,,21.9,28.0,33.66,22.9,,,,37.0,21.1,44,32.8,25.0,,28.5,27.5,37.91,35.65,7.7,65,0.5024871008,0.9444357519
2022,3,Tulsa,Northern Ill.,6.5,3,38,35,0.45,3.5,9.1,10.05,8.38,12.6,0.92,3.0,8.14,6.0,2.65,0.41,6.48,4.46,6.06,7.18,1.0,15.15,5.87,,,3.35,,,4.7,6.0,7.26,-2.99,10.44,16.0,6.5,2.0,6.46,-0.58,0.4,,3.0,,-0.01,6.5,13.75,13.65,,,,-1.0,1.0,10,9.07,6.7,,6.0,13.5,11.53,10.36,4.89,73,0.4894333722,0.6423828949
2022,3,UTEP,New Mexico St.,17.5,7,20,13,8.77,11.81,7.02,9.37,4.71,6.1,10.0,11.0,11.67,9.5,7.83,11.9,7.74,14.84,10.27,5.32,-1.0,8.05,17.49,,11.14,9.44,,,3.6,9.47,4.85,8.56,8.6,13.0,12.0,19.0,6.95,18.7,13.9,,12.4,,9.9,16.5,18.19,9.1,,,,5.0,12.8,20,10.57,13.5,,16.0,7.0,7.65,14.0,4.52,33,0.3306820447,0.7330979285
2022,3,Vanderbilt,Wake Forest,-13.0,-20,25,45,-11.61,-9.7,-2.89,-20.38,-5.42,-13.58,-13.94,-10.0,-9.9,-12.0,-8.67,-9.56,-14.86,-11.16,-11.34,-4.72,-6.0,-11.55,-12.37,,,-14.11,,,-13.1,-11.16,-7.97,-12.44,-4.16,-19.0,-7.0,-16.0,-14.97,-19.21,-9.5,,-7.8,,-6.4,-13.0,-7.51,-8.25,,,,-22.0,-8.4,-17,-10.35,-3.9,,-12.5,-11.0,-13.27,-16.49,4.64,70,0.539972398,0.2464762625
2022,3,Virginia Tech,Boston College,2.5,17,27,10,2.21,3.83,2.32,6.36,6.49,5.3,2.41,0.25,2.35,3.5,2.19,4.82,4.76,3.3,2.31,5.32,1.0,1.25,3.28,,1.41,3.31,,,0.8,2.2,1.34,1.89,0.42,5.0,3.0,-3.0,3.36,-0.85,-0.2,,0.3,,0.3,2.5,1.92,1.85,,,,3.0,1.7,1,1.06,2.6,,2.5,7.5,-0.77,0.91,2.13,37,0.4952676283,0.55733818
2022,3,West Va.,Kansas,13.5,-13,42,55,12.1,9.79,11.48,22.49,17.12,20.64,12.99,12.0,11.77,15.0,12.46,8.48,23.86,13.94,14.21,17.21,8.0,18.05,16.09,,,17.39,,,18.5,14.5,12.15,11.83,13.4,18.0,14.0,16.0,18.47,6.57,9.1,,11.4,,8.9,13.5,3.57,17.85,,,,15.0,6.8,8,14.32,15.5,,13.5,14.5,18.38,17.72,4.41,97,0.5171866409,0.8057893949
2022,3,Wisconsin,Washington St.,17.0,-3,14,17,15.57,14.34,16.68,22.5,13.86,14.07,17.8,11.0,19.72,13.0,15.81,10.75,11.56,11.69,15.76,9.99,2.0,15.95,18.88,,,6.54,,,13.2,14.75,14.75,13.4,21.9,15.0,16.0,20.0,19.83,14.27,20.5,,20.8,,21.0,17.0,25.78,13.7,,,,12.0,22.3,14,15.26,12.1,,17.5,14.0,13.29,17.37,4.66,31,0.4701254694,0.8296155519
2022,4,Alabama,Louisiana-Monroe,49.5,56,63,7,42.9,32.09,34.64,37.46,39.84,50.59,48.28,31.0,42.14,41.5,39.9,26.68,54.38,18.88,43.59,30.9,29.0,49.25,52.57,,51.7,27.65,,,46.5,46.25,40.44,44.78,48.03,50.0,48.0,53.0,41.41,47.62,51.7,,50.5,,48.0,49.5,47.29,49.4,,,,47.0,49.5,46,39.99,36.5,,49.5,32.0,54.35,52.78,9.06,70,0.3732293121,0.991451951
2022,4,Appalachian St.,Troy St.,12.5,4,32,28,19.33,14.15,13.77,13.05,15.5,15.94,22.77,12.0,18.5,17.5,19.43,11.81,20.57,15.04,16.93,18.9,11.0,25.35,15.13,,23.29,14.92,,,17.7,16.0,15.29,16.64,13.97,22.0,13.0,16.0,22.58,8.87,11.6,,15.3,,11.8,13.0,17.74,25.85,,,,16.0,10.1,24,22.03,7.5,,12.5,18.0,20.82,20.54,4.39,60,0.6060301544,0.8480202977
2022,4,Arizona St.,Eastern Mich.,20.5,-9,21,30,20.04,14.1,20.5,18.65,18.75,16.47,22.8,10.0,30.04,8.5,21.96,5.52,21.84,14.76,19.19,15.92,12.0,29.15,21.02,,26.01,12.28,,,14.6,20.42,20.33,16.86,23.71,24.0,19.0,21.0,21.57,11.76,23.0,,19.1,,20.9,20.5,29.8,11.6,,,,21.0,21.7,22,21.86,11.9,,20.5,18.5,24.01,24.8,5.57,51,0.4689651579,0.8730083243
2022,4,Auburn,Penn St.,-2.5,-29,12,41,-10.26,-4.65,-2.64,-0.82,0.86,-0.69,-10.74,0.25,-9.19,2.0,-15.49,-2.19,-3.88,2.73,-4.17,-4.08,-8.0,-7.75,-1.39,,-6.63,-2.96,,,-3.5,-3.55,-7.11,-6.22,-4.05,-2.0,-3.0,-3.0,-4.57,-0.25,-3.6,,-9.4,,-4.2,-2.5,-17.06,-5.6,,,,-1.0,-2.8,-3,-0.83,0.01,,-2.5,2.0,-5.43,-5.47,4.24,53,0.4595222208,0.3998291487
2022,4,Baylor,Texas St.,30.0,35,42,7,36.74,24.5,27.75,28.24,26.86,20.23,37.68,21.0,40.04,20.0,39.83,16.13,30.67,18.43,31.17,27.92,11.0,38.95,33.17,,37.01,24.69,,,27.3,33.95,30.86,40.02,29.21,40.0,29.0,39.0,36.73,39.46,36.0,,35.8,,35.2,30.0,38.25,-0.85,,,,44.0,37.5,40,36.2,24.0,,30.0,20.5,38.94,34.72,9.16,49,0.5254509896,0.9555050226
2022,4,Bowling Green,Marshall,-16.5,3,34,31,-22.08,-23.41,-16.9,-20.47,-14.01,-23.1,-25.89,-18.0,-36.0,-25.5,-24.56,-16.64,-26.79,-11.39,-19.07,-15.94,-33.0,-17.65,-13.54,,-20.67,-17.01,,,-24.7,-19.5,-21.99,-18.6,-26.31,-25.0,-17.5,-20.0,-22.73,-4.69,-7.8,,-21.5,,-8.9,-16.5,-27.38,-18.35,,,,-33.0,-6.3,-9,-25.83,-9.8,,-16.5,-2.0,-17.91,-25.2,7.46,65,0.4417512657,0.1384540467
2022,4,Clemson,Louisiana Tech,33.5,28,48,20,32.07,25.31,27.33,24.48,25.63,34.39,30.44,24.0,26.74,29.0,37.99,24.54,31.58,18.88,33.09,25.77,22.0,34.65,36.54,,46.81,24.42,,,30.9,33.84,26.49,35.6,31.58,35.0,32.0,42.0,39.24,38.98,44.2,,33.6,,40.3,33.5,34.43,40.7,,,,30.0,41.9,40,36.54,26.0,,33.5,24.5,42.62,34.08,7.0,68,0.4905728195,0.9717608541
2022,4,Coastal Carolina,Buffalo,13.5,12,38,26,6.98,25.08,12.05,10.41,9.96,14.93,13.19,17.0,21.45,21.5,-1.11,27.04,23.56,18.3,16.1,19.11,18.0,15.85,10.34,,19.5,23.73,,,12.1,15.42,14.82,4.75,6.91,16.0,18.0,21.0,22.07,14.25,14.2,,14.4,,12.4,13.5,16.64,13.6,,,,19.0,13.5,18,25.6,15.0,,14.0,27.0,22.9,14.46,6.03,64,0.5608435943,0.8284592416
2022,4,Florida,South Florida,24.0,3,31,28,26.17,16.07,22.65,21.58,21.67,19.41,30.62,11.0,25.28,20.0,25.9,11.12,27.5,13.83,21.58,19.99,-1.0,27.15,17.39,,22.51,18.12,,,23.2,22.26,25.34,23.46,23.32,22.0,24.0,26.0,27.65,14.31,15.5,,20.5,,17.3,24.0,27.79,29.9,,,,24.0,13.9,14,18.88,23.5,,24.0,17.5,25.5,28.48,6.0,59,0.4432979994,0.8982652699
2022,4,Florida Atlantic,Central Florida,-8.5,-26,14,40,-2.16,-3.53,-4.94,-1.6,-2.29,-4.22,2.61,-5.0,-7.99,-4.5,-6.73,-1.14,-4.89,-7.25,-5.82,1.36,4.0,-1.35,-9.74,,-8.67,-8.66,,,-8.6,-6.44,-2.52,-7.77,-6.29,-8.0,-9.5,-9.0,-7.23,-10.63,-14.2,,-9.1,,-12.8,-8.5,-2.48,12.65,,,,-11.0,-13.9,-4,-8.77,-6.7,,-8.5,-1.0,-13.02,-6.34,4.97,54,0.5639928621,0.3632246991
2022,4,Georgia St.,Charlotte,19.5,-1,41,42,19.76,20.27,15.62,13.71,16.38,15.78,25.68,20.0,30.77,18.5,18.27,14.63,17.3,18.3,21.55,18.95,7.0,27.15,15.98,,27.11,16.22,,,16.8,20.14,18.32,15.35,16.74,26.0,19.0,22.0,18.13,23.13,26.8,,23.6,,21.6,19.5,28.05,23.3,,,,25.0,23.6,37,35.04,22.0,,19.0,22.0,31.57,17.7,5.87,83,0.5482060647,0.8985521439
2022,4,Georgia Tech,Mississippi,-17.0,-42,0,42,-13.61,-15.85,-13.06,-17.52,-9.84,-18.04,-20.92,-12.0,-21.04,-16.0,-9.06,-13.05,-21.02,-12.25,-16.92,-17.8,-30.0,-14.55,-16.15,,-20.85,-14.79,,,-18.0,-17.0,-18.19,-10.07,-16.93,-18.0,-14.5,-19.0,-22.96,-22.94,-16.8,,-19.6,,-14.6,-17.0,-24.92,-17.4,,,,-27.0,-16.4,-17,-25.53,-17.0,,-17.0,-7.5,-18.39,-17.8,4.69,42,0.5019280324,0.1533540146
2022,4,Houston,Kansas,8.5,-18,30,48,2.63,8.63,3.91,12.99,15.62,15.14,3.83,10.0,4.58,18.5,-3.04,10.81,15.6,12.6,11.04,13.26,-12.0,12.35,8.68,,12.12,15.54,,,14.7,11.54,6.16,6.41,11.08,18.0,9.5,12.0,13.71,9.81,10.7,,8.3,,8.0,8.5,0.57,22.55,,,,3.0,6.4,14,8.31,14.5,,9.0,29.5,15.94,14.48,6.82,78,0.558445245,0.7386058026
2022,4,Indiana,Western Kentucky,7.0,3,33,30,4.5,-0.14,4.65,-7.18,5.11,2.48,3.34,8.0,2.73,0.01,5.4,-1.68,-4.43,-9.95,-1.08,-1.48,-2.0,-8.45,1.24,,-11.01,-7.14,,,-3.8,0.28,2.47,6.15,-1.63,-10.0,7.5,5.0,-1.85,0.55,0.9,,4.9,,6.2,6.0,0.98,-4.1,,,,-2.0,6.6,-13,-18.99,3.3,,6.5,-14.0,-8.58,1.7,6.44,63,0.3186022405,0.4748684758
2022,4,Iowa,Nevada,24.0,27,27,0,18.14,11.0,20.56,7.25,16.97,7.3,20.05,14.0,14.95,7.5,18.25,8.86,13.47,9.07,17.23,10.84,15.0,17.45,29.45,,12.66,9.65,,,13.1,17.32,13.39,18.0,18.32,14.0,21.0,29.0,20.43,37.98,28.9,,20.2,,27.4,23.0,19.77,3.25,,,,20.0,31.1,24,11.06,25.0,,23.0,7.5,17.19,21.56,7.37,27,0.349457664,0.8375376144
2022,4,Iowa St.,Ohio,18.5,33,43,10,18.55,19.04,27.85,25.9,25.1,21.64,23.06,17.0,25.49,23.0,14.1,15.57,38.4,18.29,24.46,22.93,20.0,31.45,24.26,,31.21,17.27,,,25.0,24.9,25.9,18.12,24.8,32.0,21.0,31.0,32.1,23.27,26.3,,20.3,,25.4,19.5,21.17,8.85,,,,30.0,28.0,31,38.39,22.5,,18.5,18.0,27.93,28.5,6.09,53,0.6370264829,0.92486117
2022,4,Kansas St.,Tulane,14.0,-7,10,17,17.29,12.67,17.73,15.09,16.33,5.44,18.37,8.0,10.96,11.5,19.2,13.58,21.43,17.34,15.82,11.86,-1.0,19.95,13.5,,22.45,16.31,,,16.5,15.7,17.23,17.22,9.84,13.0,16.0,18.0,22.06,19.25,14.7,,11.9,,14.2,14.0,17.2,10.1,,,,23.0,15.0,15,24.27,12.4,,14.0,14.0,23.07,15.0,4.77,27,0.5437134693,0.8300492296
2022,4,LSU,Mississippi St.,-2.5,15,31,16,-0.78,-4.56,3.49,-1.58,6.91,-9.41,-5.1,-8.0,-2.33,0.01,1.29,-5.76,-2.29,-4.34,-2.76,-7.07,-8.0,-0.65,-2.89,,-4.21,-5.22,,,-1.5,-2.47,-4.78,3.44,2.26,4.0,-3.0,-2.0,-5.24,-12.73,1.4,,-2.6,,2.0,-2.5,-9.84,-14.1,,,,-7.0,1.2,-7,-3.7,0.2,,-2.5,-1.0,-5.32,1.47,4.59,47,0.4937237803,0.4336812045
2022,4,Louisville,Florida St.,-3.0,-4,31,35,-0.01,0.34,2.63,-6.22,6.26,4.76,-2.07,-0.25,-1.84,0.5,1.62,1.51,2.71,-0.58,0.38,-5.27,-18.0,-0.45,0.52,,-1.31,5.38,,,-3.9,-0.34,-0.42,1.67,-1.66,6.0,-2.0,-1.0,-0.75,3.28,-0.9,,-3.0,,-1.1,-2.0,-1.02,8.9,,,,-7.0,-0.5,4,-0.56,-0.7,,-2.5,7.0,0.41,1.8,4.42,66,0.5812571497,0.5091987034
2022,4,Maryland,SMU,2.5,7,34,27,4.22,-2.99,5.76,-3.15,2.04,7.14,6.52,6.0,-10.72,-5.0,2.36,1.18,-6.19,-0.97,2.34,-6.54,-13.0,5.75,8.5,,2.17,3.22,,,-3.4,2.8,4.56,2.25,6.2,-1.0,3.0,5.0,2.41,15.13,8.0,,-2.5,,9.7,2.5,6.75,0.8,,,,-6.0,8.8,9,-3.43,3.2,,2.5,-0.5,5.66,3.61,5.69,61,0.4962152689,0.5551754349
2022,4,Memphis,Arkansas St.,14.5,12,44,32,11.54,5.19,9.12,5.47,13.24,11.95,9.48,9.0,-0.85,13.0,13.4,8.44,17.62,10.49,13.54,16.7,-11.0,10.95,15.56,,21.89,12.55,,,12.7,13.12,5.27,15.34,8.85,17.0,14.0,24.0,14.89,18.38,15.8,,9.2,,15.5,14.5,23.46,26.2,,,,8.0,16.6,17,11.04,15.5,,14.0,22.5,18.81,11.15,6.5,76,0.4776840899,0.7850510599
2022,4,Miami (Ohio),Cincinnati,-22.5,-21,17,38,-17.77,-13.2,-21.34,-9.15,-12.42,-12.17,-23.39,-13.0,-21.41,-19.0,-18.33,-8.77,-15.55,-9.39,-17.64,-14.89,-14.0,-27.05,-27.01,,-16.54,-15.69,,,-16.1,-17.74,-17.44,-11.25,-23.75,-18.0,-18.5,-19.0,-20.5,-19.88,-17.7,,-17.0,,-15.0,-22.0,-24.48,-9.2,,,,-23.0,-18.8,-26,-23.13,-15.5,,-22.5,-16.0,-22.2,-21.59,4.95,55,0.6149655341,0.1443710104
2022,4,Michigan,Connecticut,47.5,59,59,0,35.3,34.09,39.38,37.84,33.8,31.45,44.52,25.0,40.25,32.0,28.88,30.78,54.06,19.3,41.72,42.09,31.0,53.45,44.41,,55.14,27.82,,,48.9,43.82,43.83,32.75,42.65,54.0,45.5,50.0,44.45,46.62,51.5,,43.8,,45.9,47.0,46.7,42.15,,,,45.0,48.7,52,48.8,35.0,,47.5,33.0,52.01,54.05,9.03,59,0.3758086931,0.9888303405
2022,4,Minnesota,Colorado,28.0,42,49,7,18.3,19.51,22.29,33.51,13.87,19.8,28.29,14.0,28.04,18.5,11.44,14.91,23.67,17.26,22.6,24.79,40.0,30.05,21.98,,29.27,11.84,,,22.5,22.61,22.72,11.41,24.75,25.0,26.0,25.0,30.38,19.6,25.1,,25.5,,24.8,27.5,36.0,7.1,,,,40.0,23.5,27,19.98,19.0,,28.0,21.5,27.85,22.04,7.25,56,0.3785054992,0.9023279503
2022,4,NC St.,Texas Tech,10.0,13,27,14,9.92,5.47,0.01,6.5,6.43,4.6,5.91,9.0,4.61,7.5,15.13,5.93,9.3,2.37,7.59,9.35,-1.0,-0.75,11.92,,,0.45,,,2.3,6.71,5.7,12.3,6.26,8.0,9.5,11.0,8.19,15.69,12.2,,5.7,,13.0,10.0,15.94,3.65,,,,5.0,12.5,15,2.46,7.6,,10.0,16.0,1.57,8.59,4.86,41,0.4422918514,0.6762244985
2022,4,Nebraska,Oklahoma,-11.0,-35,14,49,-12.15,-19.24,-7.54,-7.61,-8.3,-17.68,-18.21,-15.0,-14.05,-25.5,-4.45,-22.04,-10.15,-10.42,-13.05,-15.9,-17.0,-11.55,-8.69,,-19.72,-16.51,,,-16.4,-12.53,-13.21,-10.74,-9.49,-10.0,-14.5,-15.0,-20.04,-17.81,-12.9,,-14.2,,-10.6,-11.0,-7.99,-7.3,,,,-12.0,-11.5,-13,-16.38,-7.2,,-10.5,-6.5,-18.42,-6.7,4.78,63,0.4507924435,0.2155829187
2022,4,New Mexico,UTEP,-2.5,17,27,10,9.25,2.61,4.4,7.94,5.1,2.13,8.96,6.0,10.36,1.5,12.71,-1.57,-1.09,-6.62,2.08,2.2,12.0,4.05,5.83,,-3.29,-3.47,,,2.7,2.4,5.0,7.81,7.87,1.0,-3.0,0.01,2.82,-7.32,-0.5,,4.0,,1.5,-2.0,0.52,-3.2,,,,7.0,0.7,-5,-8.63,-3.3,,-2.5,-3.5,-3.15,4.93,5.15,37,0.6081218611,0.5495920511
2022,4,Northern Ill.,Vanderbilt,2.5,-10,28,38,3.12,1.88,-6.62,4.7,-0.99,2.44,5.78,6.0,-5.62,5.5,-3.42,5.93,-6.12,5.57,0.63,-1.3,-18.0,-2.85,3.49,,-11.09,7.92,,,-3.3,1.13,-6.72,4.23,-5.71,6.0,2.5,3.0,0.37,7.1,7.8,,1.5,,4.8,2.5,-0.66,-12.0,,,,-16.0,5.5,4,-2.73,-0.1,,2.5,15.0,0.75,-1.27,6.64,66,0.4567278163,0.5146037705
2022,4,Notre Dame,California,11.0,7,24,17,12.8,11.97,16.21,2.7,15.62,13.53,13.1,9.0,20.68,14.5,14.48,7.29,16.96,9.2,15.17,10.31,-20.0,20.95,17.71,,10.51,10.12,,,15.0,15.81,9.77,13.77,19.83,23.0,11.0,19.0,17.51,26.21,17.2,,21.0,,16.1,11.5,17.71,6.3,,,,16.0,18.1,19,15.43,17.0,,11.0,10.0,12.72,16.36,7.11,41,0.5947233911,0.8084087088
2022,4,Ohio St.,Toledo,32.0,56,77,21,24.92,21.31,28.83,28.65,25.56,21.02,26.05,20.0,23.86,29.5,27.0,19.94,28.11,17.0,27.45,22.39,-3.0,43.05,29.39,,32.91,22.7,,,25.9,26.52,25.98,25.39,30.87,32.0,31.5,28.0,26.94,31.89,33.1,,26.1,,31.1,31.5,33.15,25.55,,,,21.0,34.5,31,33.45,25.5,,32.0,18.0,35.55,35.56,6.92,98,0.396365871,0.943545496
2022,4,Oregon,BYU,3.5,21,41,20,5.86,0.01,2.62,2.92,5.08,-11.53,0.35,-12.0,-2.47,-8.5,10.93,1.41,-1.12,2.35,-0.92,-0.56,-16.0,2.85,2.12,,-3.95,-2.28,,,-5.2,0.2,2.53,9.29,1.49,0.01,3.5,1.0,-3.15,2.55,-0.01,,-3.7,,2.1,3.0,-12.81,-24.7,,,,-8.0,0.8,-2,1.34,3.9,,3.5,-3.5,0.35,6.82,6.53,61,0.3983860157,0.4786257771
2022,4,Rice,Louisiana-Lafayette,-11.0,12,33,21,-18.14,-14.84,-15.66,-13.79,-11.48,-17.9,-20.83,-10.0,-12.6,-24.5,-19.56,-16.05,-31.28,-12.55,-18.41,-15.84,-19.0,-21.15,-12.71,,-33.23,-19.01,,,-29.1,-17.3,-15.05,-16.99,-11.43,-20.0,-10.5,-19.0,-21.52,-12.26,-17.6,,-12.7,,-15.0,-12.0,-10.99,-33.05,,,,-28.0,-13.9,-20,-27.79,-7.2,,-11.5,-16.0,-27.85,-13.26,6.27,54,0.3321004006,0.1403909879
2022,4,South Carolina,Georgia,-25.0,-41,7,48,-17.63,-15.93,-19.05,-29.57,-18.51,-14.26,-20.26,-11.0,-18.67,-24.5,-16.63,-14.45,-34.02,-11.37,-20.68,-18.28,-23.0,-23.25,-18.74,,-31.0,-6.02,,,-31.7,-19.82,-20.66,-18.17,-19.94,-24.0,-24.0,-16.0,-13.75,-12.39,-22.6,,-20.6,,-19.7,-24.5,-28.25,-22.65,,,,-37.0,-20.7,-24,-26.05,-17.5,,-24.5,-17.0,-27.55,-25.21,6.55,55,0.5992993209,0.1142750626
2022,4,Syracuse,Purdue,1.5,3,32,29,0.23,1.34,-4.7,1.81,-6.1,7.59,0.53,1.0,-1.58,2.0,0.38,2.9,-5.76,-6.61,-1.51,2.02,1.0,-6.85,1.46,,-4.09,-2.55,,,-4.9,-1.42,-1.26,-0.73,2.82,-6.0,1.0,-2.0,-0.97,0.63,-4.3,,-0.2,,-4.9,1.0,-3.38,16.95,,,,-1.0,-5.1,-7,-10.14,-2.3,,1.5,0.5,-5.11,-5.29,4.45,61,0.4275702091,0.4635138529
2022,4,Temple,Rutgers,-18.0,-2,14,16,-9.3,-16.54,-19.56,-3.73,-11.59,-14.24,-19.79,-12.0,-30.93,-6.0,-0.42,-8.78,-28.77,-8.89,-15.69,-14.23,-17.0,-21.95,-17.3,,-22.37,2.17,,,-13.3,-17.68,-21.37,-2.85,-18.4,-19.0,-17.0,-25.0,-13.04,-19.41,-22.5,,-22.0,,-19.7,-18.0,-19.77,-6.25,,,,-31.0,-22.8,-23,-22.55,-12.4,,-18.0,4.5,-15.71,-21.42,8.56,30,0.5509557015,0.1921718454
2022,4,Tennessee,Akron,47.5,57,63,6,41.94,32.39,35.08,34.57,30.4,36.59,51.17,29.0,51.74,30.0,40.26,21.97,52.09,19.21,40.74,37.65,27.0,53.95,43.43,,50.5,22.44,,,41.0,42.53,42.34,36.18,41.64,47.0,46.5,50.0,42.72,39.18,44.5,,45.1,,42.8,47.0,52.8,54.3,,,,47.0,43.5,45,49.17,31.0,,47.5,25.0,45.41,48.21,9.49,69,0.3573694158,0.9861930091
2022,4,Texas,Texas-San Antonio,12.5,21,41,20,25.71,8.13,18.74,10.53,15.03,17.12,25.63,9.0,19.42,10.5,31.5,2.05,18.23,5.06,15.83,6.56,23.0,21.05,16.01,,17.47,-2.77,,,18.4,17.24,17.28,24.65,21.3,17.0,13.5,19.0,17.65,12.49,17.2,,19.3,,18.7,13.0,17.96,12.7,,,,17.0,18.3,14,12.49,16.0,,12.0,1.5,6.24,22.33,7.52,61,0.5751841046,0.8162738577
2022,4,Texas A&M,Miami (Fla.),6.5,8,17,9,4.15,0.48,7.63,5.86,7.34,2.91,3.37,3.0,-0.77,4.0,3.75,1.15,9.32,10.06,4.41,5.71,-16.0,5.85,5.14,,5.91,6.3,,,6.2,4.33,0.17,6.65,-1.31,8.0,5.5,6.0,4.08,4.13,-1.0,,-1.1,,0.01,6.5,-1.18,6.6,,,,3.0,-2.6,3,14.01,9.7,,6.0,4.5,4.62,9.42,4.7,26,0.4497664096,0.605033177
2022,4,UAB,Georgia Southern,12.0,14,35,21,2.66,7.35,4.85,9.33,12.08,7.25,1.95,9.0,9.88,7.5,1.64,5.98,11.76,10.19,10.02,11.9,-8.0,9.25,14.67,,9.41,14.94,,,5.3,10.2,6.61,4.77,7.92,15.0,11.0,16.0,10.31,15.88,11.2,,8.1,,10.8,12.0,11.83,4.0,,,,13.0,10.2,17,13.83,13.7,,11.5,24.0,12.6,11.35,5.27,56,0.4528806417,0.7254496747
2022,4,UCLA,South Alabama,15.5,1,32,31,6.66,4.18,10.11,8.39,21.53,12.4,4.15,5.0,3.19,8.0,4.8,4.73,17.89,11.51,13.7,15.39,2.0,14.55,16.25,,19.95,10.69,,,13.3,14.13,10.09,13.49,13.3,22.0,14.0,17.0,15.88,8.89,22.2,,13.7,,21.5,15.5,9.26,21.5,,,,7.0,22.1,17,16.15,20.0,,15.5,17.5,21.42,15.64,6.04,63,0.4577987618,0.7900608035
2022,4,UNLV,North Texas,2.5,31,58,27,10.95,-4.04,2.59,2.4,2.54,-2.73,14.53,0.25,0.87,-6.5,10.6,-6.68,0.01,-3.43,1.99,3.0,3.0,7.05,2.35,,5.35,-4.36,,,-1.0,1.93,3.85,6.68,4.61,1.0,2.5,-1.0,0.73,-7.12,3.5,,-0.5,,3.4,2.5,11.76,10.5,,,,5.0,4.8,-5,-5.52,0.4,,2.5,1.5,3.43,6.25,5.09,85,0.4877961882,0.5475133386
2022,4,USC,Fresno St.,12.0,28,45,17,13.15,10.12,12.14,5.52,7.45,8.6,17.25,5.0,19.44,5.5,9.65,5.1,7.1,-0.24,9.18,-1.32,19.0,8.75,13.26,,0.99,0.42,,,4.5,8.73,16.11,11.95,18.69,7.0,13.5,11.0,13.22,4.36,8.7,,19.3,,10.4,11.5,5.38,25.4,,,,2.0,9.1,-1,4.07,23.0,,12.0,-0.5,-0.88,16.63,6.95,62,0.4353595542,0.7018703126
2022,4,Utah,San Diego St.,21.0,28,35,7,20.3,13.86,21.75,17.49,13.55,9.22,28.63,11.0,29.06,4.0,14.72,5.68,22.29,13.44,20.58,20.25,14.0,30.35,21.01,,25.78,8.27,,,16.5,22.02,23.0,15.89,26.04,27.0,20.5,23.0,24.65,26.16,25.0,,25.9,,22.3,21.0,33.91,12.1,,,,26.0,23.6,35,26.11,23.0,,21.0,16.0,17.62,27.35,7.31,42,0.4904139769,0.8805049044
2022,4,Virginia,Old Dominion,8.5,2,16,14,8.67,4.0,14.17,12.49,15.39,1.24,6.0,2.0,3.7,10.0,10.62,4.16,12.02,6.6,8.45,3.7,3.0,12.05,10.36,,6.96,5.82,,,11.3,9.16,8.91,13.32,9.31,12.0,10.5,9.0,9.81,1.94,11.9,,6.0,,14.0,8.5,7.97,-6.1,,,,4.0,13.9,4,7.7,12.9,,8.5,10.5,7.46,12.23,4.47,30,0.4987905407,0.6957977163
2022,4,Wake Forest,Liberty,16.5,1,37,36,14.31,5.36,11.06,8.62,11.66,9.39,13.49,6.0,5.54,6.0,17.08,5.26,17.39,9.3,12.45,16.27,13.0,13.95,17.67,,17.57,5.74,,,12.0,12.73,12.95,15.74,10.44,14.0,16.5,13.0,16.61,25.24,11.4,,10.5,,12.1,16.0,15.61,0.15,,,,17.0,14.6,22,10.74,12.5,,16.5,8.0,11.79,13.73,4.81,73,0.4035512964,0.7735481853
2022,4,Washington,Michigan St.,3.0,11,39,28,3.0,-7.68,-5.5,1.91,-1.92,-8.35,5.01,-8.0,-2.65,-7.5,-0.12,-10.4,-5.18,-9.08,-5.52,-6.66,-8.0,-6.35,-3.52,,-13.91,-12.01,,,-4.4,-6.27,-6.19,3.91,-1.17,-3.0,1.5,-4.0,-9.11,-18.64,-6.8,,-3.3,,-7.8,2.0,6.73,-10.4,,,,-13.0,-10.1,-12,-9.02,1.2,,3.5,-6.0,-16.0,0.52,5.61,67,0.3064309412,0.3715215546
2022,4,Washington St.,Colorado St.,16.5,31,38,7,19.84,21.69,18.48,19.73,12.83,18.41,25.07,17.0,24.2,19.0,18.28,20.35,19.67,17.45,20.92,19.51,30.0,28.65,15.35,,42.22,18.43,,,19.9,19.7,22.78,15.61,17.67,22.0,17.0,23.0,28.18,22.62,19.8,,18.8,,19.0,17.5,23.25,14.95,,,,22.0,19.2,28,24.27,12.1,,16.5,13.5,33.7,17.33,5.54,45,0.6036887789,0.8933138842
2022,4,Western Mich.,Pittsburgh,-10.5,-21,13,34,-7.9,-11.92,-10.71,-1.64,-6.15,-7.01,-10.39,-4.0,-19.72,-4.5,-7.67,-7.73,-17.34,-9.85,-11.51,-8.03,-7.0,-13.85,-11.79,,-11.39,-0.29,,,-12.7,-11.59,-12.66,-5.78,-13.56,-9.0,-9.5,-26.0,-14.84,-18.6,-16.9,,-13.9,,-17.6,-10.5,-15.76,-2.4,,,,-21.0,-20.1,-11,-18.27,-6.8,,-10.0,-4.5,-15.84,-16.15,5.9,47,0.4762220437,0.2483677751
2022,4,Wisconsin,New Mexico St.,37.0,59,66,7,35.11,27.55,35.56,40.35,34.87,24.78,35.33,22.0,35.98,24.5,38.55,23.0,38.84,19.13,34.48,26.15,27.0,37.65,45.2,,37.6,,,,39.9,35.98,31.59,38.59,35.45,40.0,36.5,42.0,35.6,30.39,43.3,,36.9,,41.0,37.0,39.62,15.5,,,,33.0,43.9,38,41.94,30.0,,37.0,20.5,38.1,45.71,7.39,73,0.4427860883,0.975525937
2022,4,Wyoming,Air Force,-16.5,3,17,14,-17.09,-8.05,-9.94,-12.89,-10.69,-8.74,-23.79,-8.0,-15.53,-7.0,-16.29,-4.02,-14.84,-8.72,-14.24,-10.78,-14.0,-20.75,-21.26,,-11.84,-6.5,,,-15.6,-14.57,-13.92,-10.74,-14.29,-9.0,-14.0,-19.0,-16.8,-17.24,-18.2,,-14.9,,-15.3,-16.5,-26.45,-17.8,,,,-34.0,-17.9,-12,-15.7,-12.4,,-16.0,-8.0,-14.01,-14.92,5.74,31,0.5532490342,0.1994669159
2022,5,Air Force,Nevada,24.0,28,48,20,15.96,15.47,11.99,16.77,9.76,9.9,22.43,15.0,22.61,8.5,12.65,11.63,12.05,11.89,15.42,11.53,12.0,19.25,24.19,,4.97,7.9,,19.0,10.2,15.47,10.73,11.15,17.4,15.0,24.5,24.0,18.98,23.74,20.3,,19.9,,17.1,23.0,27.4,6.15,,,,20.0,19.1,22,11.74,20.0,,24.0,7.0,16.99,19.42,5.55,68,0.3049497812,0.8204190156
2022,5,Alabama,Vanderbilt,40.5,52,55,3,32.77,27.19,27.31,21.6,27.19,33.78,40.46,28.0,36.75,38.5,27.73,22.05,37.84,17.81,32.82,20.3,16.0,41.95,38.06,,31.71,23.14,,21.0,33.7,35.0,31.73,32.11,36.5,45.0,41.0,41.0,29.16,35.11,39.9,,39.7,,35.0,39.5,36.32,21.0,,,,35.0,37.1,38,36.12,27.0,,40.5,28.0,41.02,41.35,7.38,58,0.3304252724,0.9695984378
2022,5,Appalachian St.,James Madison,7.0,-4,28,32,3.51,-5.57,4.82,-9.77,7.44,-6.6,2.23,17.0,-21.14,28.5,1.55,2.8,,,3.0,-0.48,-20.0,-5.45,9.29,,,20.35,,-8.0,11.8,3.56,-2.09,7.54,7.01,12.0,9.0,-1.0,7.06,11.15,6.1,,1.4,,8.4,7.0,2.76,-21.75,,,,-12.0,8.6,2,3.61,3.0,,7.0,-8.0,4.11,4.61,10.58,60,0.4169517075,0.5624853371
2022,5,Arizona St.,Utah,-15.5,-21,13,34,-12.79,-9.25,-8.28,-16.75,-2.0,-6.02,-18.4,-9.0,-15.3,-7.5,-11.12,-6.0,-10.26,-8.04,-12.25,-9.49,-14.0,-17.75,-8.53,,-18.1,-3.5,,-6.0,-14.7,-12.5,-10.99,-9.07,-13.74,-13.0,-15.0,-18.0,-15.37,-16.95,-12.5,,-16.8,,-10.7,-15.5,-24.28,-24.9,,,,-15.0,-11.5,-19,-12.98,-8.5,,-15.5,-3.5,-14.02,-16.12,5.29,47,0.5769978072,0.2320670932
2022,5,Auburn,Missouri,7.5,3,17,14,5.7,7.23,7.81,-2.58,11.35,7.85,5.72,7.0,6.99,8.0,4.73,7.36,12.39,-1.67,7.78,6.98,7.0,11.15,10.09,,9.17,6.01,,16.0,8.5,7.85,6.15,7.67,8.07,11.0,7.0,10.0,9.77,7.77,8.3,,6.2,,6.7,7.5,6.17,-7.05,,,,13.0,8.5,11,10.58,13.7,,7.0,5.5,9.98,10.1,3.93,31,0.5068306249,0.6828793575
2022,5,BYU,Wyoming,22.0,14,38,24,14.7,12.42,14.85,14.1,20.05,16.66,17.19,14.0,23.99,12.5,14.35,6.19,19.78,7.54,17.73,14.7,2.0,14.55,27.93,,9.03,8.33,,1.0,11.3,17.0,14.59,13.6,21.34,18.0,20.5,24.0,21.07,31.59,27.2,,23.5,,24.5,22.0,22.21,16.8,,,,26.0,28.7,17,22.34,24.5,,22.5,21.5,10.9,17.55,7.0,62,0.4028044143,0.8465719299
2022,5,California,Arizona,3.5,18,49,31,4.82,9.32,10.84,10.82,11.15,6.13,3.71,5.0,15.15,8.0,6.16,6.17,12.81,5.31,7.13,-1.01,4.0,8.55,6.29,,6.84,1.96,,10.0,6.4,6.4,7.74,6.08,6.89,15.0,5.5,0.01,9.4,2.36,6.2,,7.4,,5.0,4.5,5.55,1.5,,,,10.0,4.8,7,12.92,5.3,,3.0,8.5,6.36,8.56,3.62,80,0.5882143761,0.6692791568
2022,5,Central Florida,Georgia Tech,21.0,17,27,10,18.73,16.44,13.09,33.44,9.07,20.46,22.42,18.0,28.81,18.5,19.88,9.79,16.01,17.34,20.03,13.22,20.0,23.45,20.01,,17.19,12.13,,12.0,16.9,19.05,15.25,15.01,21.34,22.0,18.0,20.0,23.12,23.72,19.9,,22.9,,18.1,21.0,42.99,42.0,,,,24.0,17.1,24,20.14,17.0,,20.5,18.0,15.27,19.05,6.79,37,0.4775977372,0.877009026
2022,5,Cincinnati,Indiana,16.5,21,45,24,12.28,9.44,9.37,13.18,13.77,10.34,16.16,8.0,19.48,13.5,9.72,4.04,21.59,16.51,15.09,16.46,1.0,22.25,15.08,,21.26,11.27,,-7.0,11.1,13.77,10.37,10.0,16.74,28.0,14.0,17.0,16.2,25.72,17.7,,16.4,,13.3,16.5,23.83,3.1,,,,13.0,13.2,28,28.12,11.1,,16.5,33.5,19.48,15.44,7.52,69,0.4680081637,0.8048692112
2022,5,Colorado,UCLA,-22.0,-28,17,45,-14.49,-17.6,-8.82,-38.09,-6.83,-12.72,-16.07,-13.0,-24.68,-15.5,-18.31,-13.8,-17.94,-10.73,-16.82,-17.79,-40.0,-20.95,-13.2,,-23.16,-6.77,,-24.0,-18.5,-16.07,-17.01,-13.5,-15.58,-16.0,-20.5,-18.0,-22.51,-4.44,-14.7,,-20.1,,-13.9,-21.0,-24.58,-28.8,,,,-26.0,-12.0,-17,-15.96,-8.4,,-21.5,-16.5,-16.57,-15.48,7.18,62,0.6168898844,0.1671628711
2022,5,East Carolina,Navy,16.5,-3,20,23,16.2,26.65,8.01,29.89,3.39,19.05,22.63,16.0,36.49,12.5,14.82,21.35,16.58,13.31,19.28,26.66,31.0,24.55,12.66,,18.99,11.51,,39.0,5.7,18.97,21.57,9.92,18.45,16.0,16.5,23.0,23.83,22.89,19.2,,22.8,,16.9,16.5,30.63,25.95,,,,36.0,16.2,22,12.51,8.6,,16.5,16.5,17.3,18.97,8.09,43,0.5619882754,0.8603700701
2022,5,Eastern Mich.,Buffalo,6.0,-19,31,50,7.7,16.72,3.2,9.97,2.04,4.13,11.36,12.0,10.72,11.0,4.37,19.95,7.1,18.1,9.56,15.11,13.0,15.75,5.55,,13.32,12.94,,17.0,2.9,9.97,10.38,5.65,4.41,8.0,4.0,12.0,11.67,17.46,7.7,,6.7,,7.6,6.5,13.85,6.6,,,,8.0,9.5,13,10.29,7.3,,6.5,10.5,14.1,4.26,4.88,81,0.5848626838,0.717561372
2022,5,Florida St.,Boston College,18.0,30,44,14,16.43,17.94,9.18,21.11,5.07,10.49,20.19,15.0,19.82,12.5,17.07,16.94,14.63,11.0,15.59,17.49,18.0,18.65,12.28,,17.6,13.37,,26.0,11.2,16.43,15.55,12.39,17.98,12.0,16.0,17.0,24.45,12.71,17.7,,16.7,,14.9,18.0,30.67,4.3,,,,23.0,17.1,17,16.23,7.0,,17.5,8.0,16.7,13.25,5.17,58,0.4426095427,0.8248026152
2022,5,Georgia,Kent,45.0,17,39,22,31.78,29.27,35.69,36.73,33.63,34.8,37.04,26.0,31.58,37.0,30.8,28.04,57.7,19.21,41.02,43.71,29.0,48.65,38.6,,60.38,22.87,,24.0,52.6,41.09,40.05,31.22,41.09,49.0,43.0,42.0,38.08,41.3,51.5,,42.0,,46.4,45.0,47.92,74.0,,,,53.0,50.2,53,49.12,32.5,,45.0,25.5,53.23,45.63,11.47,61,0.4194846089,0.9818883814
2022,5,Georgia Southern,Ball St.,9.5,11,34,23,7.39,7.53,8.06,13.27,-1.01,6.27,8.27,6.0,20.92,8.0,9.62,0.33,9.07,3.37,8.96,5.79,20.0,9.85,7.59,,8.67,2.86,,11.0,5.3,8.4,10.72,4.66,14.62,9.0,9.0,10.0,9.77,3.94,10.4,,13.5,,8.4,9.5,18.31,30.3,,,,19.0,9.9,12,6.7,3.7,,9.5,2.5,1.74,8.79,5.81,57,0.4872576657,0.7019656845
2022,5,Georgia St.,Coastal Carolina,-2.0,-17,24,41,-5.97,-12.33,-1.03,-7.37,-2.03,-6.92,-5.16,-9.0,-7.18,-16.0,-9.17,-15.11,-17.69,-1.31,-4.86,-5.63,-21.0,0.95,2.88,,-7.41,-9.53,,-21.0,-11.9,-5.97,-8.88,-6.81,0.8,0.01,-1.5,-5.0,-10.28,13.24,6.5,,-2.3,,4.1,-2.0,-5.73,-11.35,,,,-9.0,6.4,14,1.47,1.8,,-2.0,-7.0,-3.45,-5.82,7.53,65,0.4353486563,0.3910436478
2022,5,Houston,Rice,17.5,7,34,27,13.79,7.86,12.88,-6.1,18.06,9.05,11.4,8.0,15.54,11.0,16.49,3.72,17.61,15.63,14.73,8.14,-12.0,11.45,19.9,,17.18,13.54,,-14.0,15.6,15.63,9.55,18.39,15.5,23.0,17.0,18.0,13.98,22.08,21.8,,17.2,,20.1,17.5,11.67,17.8,,,,20.0,20.5,19,22.19,18.0,,17.5,29.0,17.49,15.52,8.24,61,0.4384641866,0.7948937582
2022,5,Iowa St.,Baylor,2.5,-7,24,31,2.21,4.12,2.9,14.13,5.43,5.06,1.87,7.0,-2.75,8.0,3.01,7.81,10.85,-0.68,2.39,4.42,2.0,0.65,-1.81,,0.36,-1.14,,13.0,4.1,2.0,2.38,1.76,-0.96,2.0,0.0,-2.0,5.0,-11.19,-1.5,,-3.1,,-1.3,2.5,1.92,6.2,,,,-1.0,-2.6,2,1.01,0.01,,2.5,-0.5,-2.36,2.36,4.67,55,0.4973478376,0.5574249249
2022,5,Kansas,Duke,7.5,8,35,27,7.84,12.88,8.94,13.17,3.51,1.49,9.31,11.0,24.42,3.5,9.08,6.66,6.29,14.51,11.68,11.83,1.0,17.65,7.09,,22.38,14.13,,5.0,-0.4,10.46,9.05,5.7,8.35,15.0,8.5,16.0,15.03,15.81,17.8,,14.7,,13.2,7.5,18.57,1.05,,,,20.0,17.5,21,29.12,8.1,,7.5,7.0,10.46,9.67,6.43,62,0.5964072954,0.7523687889
2022,5,Kentucky,Northern Ill.,26.5,8,31,23,21.9,22.81,22.86,27.18,15.47,22.28,29.89,20.0,28.9,24.5,18.09,19.53,28.63,17.81,24.52,25.96,20.0,33.75,17.66,,27.95,19.54,,28.0,22.3,24.5,27.6,16.37,27.94,29.0,25.0,29.0,34.3,19.24,21.6,,23.2,,20.6,26.5,26.21,30.45,,,,30.0,20.1,26,27.59,23.0,,26.5,14.0,30.3,27.53,5.14,54,0.4527681089,0.9291648422
2022,5,LSU,New Mexico,31.5,38,38,0,23.97,13.56,26.31,13.66,25.74,13.93,26.34,10.0,24.39,18.0,23.71,7.73,31.01,17.34,24.03,26.0,15.0,26.35,24.07,,29.0,15.16,,19.0,29.0,25.74,20.67,25.45,32.24,28.0,28.5,32.0,28.68,24.56,33.9,,29.6,,32.5,30.5,33.18,7.6,,,,19.0,33.8,22,29.52,25.5,,31.5,19.0,26.19,27.8,7.05,38,0.3335685519,0.916746017
2022,5,Liberty,Akron,26.5,9,21,12,29.6,27.98,26.06,35.64,21.51,30.39,36.62,21.0,47.09,28.5,29.9,17.69,34.86,18.12,29.95,26.6,23.0,37.45,21.45,,35.8,19.31,,26.0,29.2,29.35,32.34,24.34,29.35,35.0,26.5,37.0,27.57,20.27,27.3,,30.6,,25.3,26.5,43.9,50.45,,,,33.0,24.0,32,33.13,22.5,,26.5,27.5,32.14,35.61,7.25,33,0.5783618203,0.9569467255
2022,5,Louisiana-Monroe,Louisiana-Lafayette,-9.5,4,21,17,-14.68,-7.61,-12.57,-9.3,-13.16,-19.6,-16.89,-8.0,-10.27,-20.0,-14.81,-6.16,-19.08,-12.53,-13.16,-2.43,-17.0,-12.75,-9.69,,-13.06,-11.26,,-6.0,-17.1,-13.0,-13.57,-15.35,-10.41,-13.0,-11.5,-14.0,-14.18,-12.09,-12.7,,-11.5,,-9.9,-10.0,-9.8,-31.25,,,,-17.0,-9.6,-12,-13.03,-7.5,,-9.0,-18.0,-19.08,-14.55,4.7,38,0.4125147719,0.2133287702
2022,5,Louisville,South Florida,15.0,38,41,3,15.26,13.11,14.29,4.52,16.53,10.0,16.51,9.0,15.84,12.5,15.99,11.64,15.95,17.39,15.4,11.62,2.0,15.45,14.9,,13.27,12.08,,22.0,12.5,15.84,17.56,15.55,17.33,18.0,12.5,17.0,18.19,20.45,16.6,,12.8,,16.9,15.0,28.21,8.2,,,,15.0,16.9,16,15.95,14.5,,14.5,19.5,22.26,18.24,4.35,44,0.5096934247,0.8252495552
2022,5,Memphis,North Texas,12.5,10,44,34,19.2,11.99,15.84,11.61,8.9,11.89,24.38,14.0,18.0,15.5,17.6,8.75,18.83,6.62,15.34,9.84,7.0,21.75,10.18,,20.75,12.03,,8.0,16.2,15.84,14.29,15.94,18.8,18.0,13.0,21.0,17.31,11.08,15.7,,16.5,,18.1,13.0,27.75,14.75,,,,12.0,16.7,14,12.61,10.5,,12.5,12.0,17.66,17.89,4.5,78,0.5683287261,0.8237354447
2022,5,Miami (Fla.),Middle Tenn.,25.5,-14,31,45,16.63,11.26,15.36,20.67,17.13,20.54,17.71,15.0,17.86,13.0,16.17,7.7,16.59,9.77,19.08,10.49,8.0,14.95,28.47,,32.71,16.14,,8.0,17.2,17.86,15.75,18.6,24.15,18.0,26.0,27.0,21.31,23.71,32.6,,25.0,,31.9,24.5,20.22,19.0,,,,21.0,34.3,22,9.95,22.0,,25.5,15.0,14.93,21.83,6.59,76,0.3543905433,0.8665024476
2022,5,Michigan,Maryland,17.0,7,34,27,15.46,10.55,14.61,12.05,17.23,9.74,20.72,7.0,15.62,13.0,12.97,7.83,22.22,15.71,16.28,16.92,10.0,25.55,16.47,,21.21,11.13,,4.0,20.2,16.47,16.32,13.66,14.56,24.0,17.0,20.0,14.23,15.07,18.3,,16.6,,16.6,17.0,17.37,5.05,,,,27.0,18.0,20,22.5,17.5,,17.0,18.5,19.66,23.17,5.07,61,0.4827695511,0.835686999
2022,5,Michigan St.,Minnesota,-3.0,-27,7,34,-0.23,3.34,-1.11,-1.07,2.49,2.1,-3.61,4.0,2.69,0.5,1.62,3.69,-2.54,0.47,0.6,-0.78,-7.0,-2.45,-0.64,,-1.91,2.42,,11.0,-7.1,0.5,0.35,1.44,3.73,-1.0,2.0,-1.0,2.03,9.01,0.5,,1.5,,2.2,-2.0,-5.87,6.2,,,,-6.0,2.7,-7,-2.86,2.5,,-3.0,5.0,0.7,-0.85,3.76,41,0.587328226,0.5146696238
2022,5,Mississippi,Tulsa,21.0,8,35,27,19.15,18.42,16.32,19.09,12.58,19.19,23.92,13.0,26.92,16.5,17.85,13.84,20.0,10.43,19.73,17.9,16.0,17.35,18.27,,23.45,15.87,,15.0,19.3,19.15,22.43,17.26,25.72,19.0,19.0,24.0,24.61,21.36,22.5,,24.4,,22.7,21.0,23.91,33.4,,,,25.0,23.9,15,15.94,17.5,,21.5,10.0,19.52,21.66,4.72,62,0.4694356592,0.8832496909
2022,5,Mississippi St.,Bowling Green,31.0,31,45,14,25.13,20.78,27.8,29.42,25.09,26.87,27.27,23.0,29.47,25.5,26.33,16.1,28.92,16.01,26.4,25.12,17.0,22.95,31.69,,23.33,17.06,,25.0,26.9,26.57,25.07,25.89,33.57,31.0,30.0,26.0,30.93,31.53,29.4,,28.2,,29.7,30.5,32.96,26.95,,,,25.0,30.3,22,32.65,24.5,,30.5,16.5,25.19,31.84,4.73,59,0.3906177663,0.94451068
2022,5,NC St.,Connecticut,39.0,31,41,10,36.12,34.45,31.91,35.17,25.6,28.9,40.38,26.0,46.13,30.0,37.56,28.17,42.88,19.22,37.22,33.78,33.0,39.55,38.92,,43.92,26.74,,34.0,32.9,38.92,39.71,35.67,35.47,41.0,39.5,47.0,41.11,42.04,45.5,,41.1,,40.7,39.0,53.88,41.95,,,,39.0,42.6,47,40.28,30.5,,38.5,27.5,42.59,42.16,7.0,51,0.4591437246,0.9840312883
2022,5,New Mexico St.,Hawaii,4.5,19,45,26,-2.41,-1.36,-2.11,-0.52,-0.62,-3.61,-2.57,-6.0,6.0,-12.0,-0.95,-5.32,-2.68,-7.94,-0.72,2.26,-7.0,-1.25,4.13,,-0.01,-1.01,,-11.0,-6.8,-1.0,-0.25,-4.94,3.92,-8.0,3.0,-1.0,1.25,4.88,3.8,,2.5,,5.7,3.5,13.0,8.9,,,,4.0,5.1,-2,-2.34,3.0,,4.5,3.0,-6.61,-4.25,5.04,71,0.3769838166,0.4827593953
2022,5,North Carolina,Notre Dame,2.5,-13,32,45,-7.45,2.96,-6.43,12.48,-7.28,4.32,-5.25,6.0,-5.22,1.5,-12.68,7.37,-5.08,-1.73,-2.48,4.7,11.0,-9.05,-1.92,,-4.2,3.56,,4.0,-11.0,-3.0,-2.74,-10.04,-1.18,-8.0,0.0,-6.0,-0.14,-1.38,-1.4,,-4.1,,0.8,2.0,-8.57,8.55,,,,-6.0,-1.3,-1,-11.03,-3.0,,1.5,4.5,-5.1,-8.6,6.02,77,0.3846461364,0.44193645
2022,5,Northwestern,Miami (Ohio),7.5,-3,14,17,1.91,-2.87,9.43,1.6,9.93,8.98,2.73,-1.0,-2.92,0.5,0.97,-2.85,3.88,-6.13,2.11,1.52,3.0,-2.65,9.6,,-4.48,-3.66,,-2.0,0.01,1.6,2.63,0.98,5.07,-3.0,7.0,2.0,0.01,2.46,3.9,,0.4,,7.1,6.5,8.11,24.8,,,,3.0,8.6,-8,-1.71,4.7,,7.5,-4.5,-3.74,6.03,5.74,31,0.3747504205,0.5497358724
2022,5,Ohio St.,Wisconsin,19.0,31,52,21,12.5,20.14,11.71,17.11,11.28,17.37,16.34,19.0,24.22,23.0,9.96,17.94,13.07,12.18,16.73,18.01,12.0,18.15,17.19,,17.75,12.86,,25.0,11.2,17.11,14.72,11.47,17.79,20.0,18.0,16.0,13.24,25.1,16.7,,20.7,,13.8,19.0,19.25,20.6,,,,14.0,15.2,23,14.94,17.5,,18.5,11.5,19.91,18.38,3.99,73,0.4448530657,0.8466210791
2022,5,Oklahoma,Kansas St.,13.5,-7,34,41,12.57,14.69,9.9,9.16,11.23,20.48,14.11,10.0,16.23,18.5,11.44,13.87,11.82,4.82,12.54,11.77,6.0,14.25,12.56,,17.01,15.45,,-3.0,9.4,12.81,12.19,13.42,14.34,15.0,13.0,11.0,13.13,10.62,14.6,,13.4,,14.1,13.5,12.81,19.85,,,,-1.0,13.4,17,8.86,12.5,,13.0,11.5,17.34,11.83,4.4,75,0.4767657879,0.7767265543
2022,5,Old Dominion,Arkansas St.,5.0,3,29,26,0.55,3.73,0.91,-6.57,5.19,7.6,0.43,4.0,-3.83,0.5,-0.95,7.81,6.5,15.44,5.63,13.28,-8.0,5.35,8.61,,9.32,8.3,,3.0,1.0,5.32,3.83,1.5,-1.27,9.0,3.5,10.0,6.87,17.63,9.0,,1.5,,8.4,5.0,3.88,10.15,,,,5.0,9.8,15,3.99,4.2,,5.5,11.0,9.82,5.32,5.37,55,0.5149932192,0.631539968
2022,5,Oregon St.,USC,-5.5,-3,14,17,-3.94,-1.11,-0.95,-0.83,2.23,-1.24,-4.14,3.0,-7.55,0.5,-5.25,2.35,-0.41,9.17,-0.58,6.44,-7.0,7.15,-3.0,,0.87,2.95,,-7.0,-8.9,-0.41,-1.23,-3.94,-6.97,3.0,-6.5,1.0,0.52,16.6,1.5,,-10.9,,0.5,-5.0,-4.44,-23.05,,,,4.0,1.6,14,5.81,-5.3,,-6.0,6.5,7.32,-3.81,6.79,31,0.6121553866,0.4866017996
2022,5,Penn St.,Central Mich.,28.0,19,33,14,21.84,19.78,25.88,20.5,17.92,21.72,27.12,22.0,20.79,23.5,20.52,19.25,27.31,9.51,23.86,27.23,26.0,30.25,22.13,,29.28,15.44,,28.0,26.9,23.5,27.94,19.35,27.4,20.0,26.0,28.0,30.35,21.41,26.7,,23.5,,27.6,28.0,30.41,36.75,,,,26.0,29.7,23,17.41,23.5,,28.0,6.5,20.65,30.02,5.7,47,0.4030596055,0.9213946254
2022,5,Purdue,Florida Atlantic,16.5,2,28,26,14.33,15.78,18.83,18.26,13.15,9.36,16.42,13.0,28.43,8.5,14.62,8.97,23.58,17.58,20.08,20.75,12.0,26.85,13.54,,29.75,17.29,,22.0,15.2,19.35,19.76,13.31,16.57,25.0,20.5,23.0,24.45,25.95,29.4,,20.4,,28.9,16.5,28.64,19.05,,,,24.0,31.5,27,24.16,16.0,,20.0,16.0,26.93,21.01,6.02,54,0.583497428,0.8815238314
2022,5,Rutgers,Iowa,-8.0,-17,10,27,-12.23,7.56,-10.39,2.92,-10.86,-9.04,-11.6,-1.0,8.84,-5.5,-15.28,6.87,-22.4,-9.41,-9.68,-8.29,5.0,-20.15,-7.39,,-13.56,-5.97,,1.0,-24.3,-10.3,-5.72,-14.32,-2.28,-7.0,-8.0,-8.0,-10.05,-12.67,-10.3,,-2.6,,-8.5,-8.0,-7.99,-13.55,,,,-24.0,-9.2,-16,-12.21,-15.0,,-8.0,-14.0,-16.39,-13.23,7.8,37,0.4621650022,0.2920963326
2022,5,SMU,TCU,-2.0,-8,34,42,-3.89,2.98,-2.8,2.4,1.48,1.81,-8.04,0.25,2.82,5.5,0.01,3.06,4.49,-2.46,0.8,5.98,-4.0,-0.55,0.29,,4.16,5.98,,7.0,0.2,0.25,-3.03,-2.49,0.58,10.0,0.0,-3.0,1.95,-2.96,-3.9,,0.2,,-4.9,-2.0,2.79,-9.05,,,,2.0,-5.7,3,5.5,-1.1,,-2.0,18.5,-4.04,-1.01,4.85,76,0.5669796201,0.5192203966
2022,5,San Diego St.,Toledo,-3.0,3,17,14,1.41,-3.02,4.47,-0.01,5.08,-0.99,1.34,-3.0,-7.9,3.0,1.83,-0.41,-1.77,5.06,0.94,-5.99,-17.0,11.45,3.54,,2.65,6.47,,-10.0,-2.0,1.41,-0.01,0.58,0.98,4.0,0.0,2.0,-0.9,1.59,3.2,,-3.4,,3.2,-2.5,2.47,7.8,,,,-10.0,4.5,2,-1.55,0.2,,-3.0,4.0,7.45,3.13,5.1,31,0.5934044251,0.5224799888
2022,5,San Jose St.,Western Mich.,7.0,28,34,6,1.42,2.19,-3.65,12.1,-3.16,2.93,3.82,2.0,-6.12,0.5,-1.03,6.65,-1.86,-8.1,0.16,3.99,8.0,-4.05,1.56,,-2.97,-4.22,,-1.0,-3.3,-0.97,-3.28,-0.97,4.26,-7.0,4.0,7.0,-0.83,-2.36,-1.5,,-2.3,,-2.4,6.0,1.74,18.05,,,,2.0,-1.7,-1,-7.43,2.5,,6.5,-0.5,0.18,-0.26,4.97,40,0.3404594604,0.503837341
2022,5,South Alabama,Louisiana Tech,13.5,24,38,14,11.28,17.16,8.04,24.51,0.36,11.23,13.07,12.0,27.51,6.5,13.32,11.58,14.37,10.87,14.23,13.6,15.0,20.25,6.15,,24.37,11.21,,18.0,5.2,13.07,12.68,8.58,9.69,15.0,12.5,16.0,17.58,14.43,14.0,,15.3,,10.0,13.5,24.29,36.25,,,,22.0,11.0,14,17.51,7.6,,13.0,12.5,17.77,10.86,6.36,52,0.5170262712,0.7973496512
2022,5,South Carolina,Charlotte,23.5,36,56,20,21.78,20.44,21.43,6.04,22.53,16.79,23.75,16.0,28.15,18.0,23.08,16.3,26.2,17.85,23.67,25.24,8.0,27.85,20.6,,33.73,19.47,,25.0,22.4,24.0,23.61,21.9,20.53,27.0,22.5,27.0,23.86,25.15,29.9,,27.4,,28.1,23.5,27.26,16.05,,,,37.0,30.0,24,28.84,24.5,,22.5,14.5,29.85,25.54,5.91,76,0.5040034616,0.91883472
2022,5,Syracuse,Virginia,9.5,2,22,20,12.37,13.37,7.31,21.11,-1.59,13.76,18.88,12.0,21.06,6.0,10.62,9.24,11.06,9.49,12.54,17.15,15.0,17.55,9.57,,15.54,8.66,,12.0,8.9,12.0,11.52,5.22,15.31,8.0,9.5,16.0,18.22,20.11,11.3,,14.9,,9.4,9.5,14.31,24.4,,,,28.0,10.4,15,7.93,3.7,,9.5,1.5,14.9,11.13,5.71,42,0.5715053073,0.7713673469
2022,5,Temple,Massachusetts,10.0,28,28,0,15.8,8.67,13.56,10.83,10.95,15.22,17.74,5.0,12.95,11.0,15.38,6.36,10.01,4.71,11.47,13.34,7.0,11.45,7.23,,13.45,10.95,,9.0,11.2,10.95,10.32,16.2,7.7,13.0,10.0,7.0,5.68,6.84,9.4,,12.2,,11.2,10.0,19.15,23.8,,,,9.0,9.2,8,5.36,7.2,,9.5,10.5,22.53,14.02,4.32,28,0.5355984999,0.7571551036
2022,5,Tennessee,Florida,10.5,5,38,33,11.56,13.91,6.04,20.57,-0.19,13.23,17.6,12.0,18.33,6.5,9.19,11.54,15.24,13.74,14.35,15.69,24.0,24.15,11.73,,18.81,5.93,,11.0,6.9,14.88,14.88,5.37,16.54,16.0,10.5,12.0,16.01,19.52,16.1,,16.2,,14.4,11.0,28.78,35.6,,,,20.0,15.6,22,19.23,5.4,,10.5,8.5,14.92,11.65,6.85,71,0.5881116677,0.7967382236
2022,5,Texas A&M,Arkansas,2.0,2,23,21,3.48,-1.03,0.83,-3.63,5.02,0.24,5.07,1.0,6.42,3.0,1.54,-5.04,-2.6,-6.22,-0.52,-11.28,-4.0,-0.7,3.61,,-8.74,-7.58,,1.0,3.5,0.5,-2.36,3.68,2.68,2.0,3.0,4.0,-3.99,-1.99,-3.6,,4.4,,-1.7,2.0,-5.76,-5.45,,,,-4.0,-4.6,2,3.98,0.5,,2.0,3.0,-7.58,6.15,4.44,44,0.4392452865,0.4874165444
2022,5,Texas Tech,Texas,-7.0,3,37,34,-11.22,-2.68,-5.56,3.62,-4.11,-11.81,-14.2,-4.0,-6.05,-6.0,-10.91,-0.87,-11.49,5.5,-5.82,-6.06,-8.0,-7.85,-3.67,,-3.75,3.99,,-4.0,-15.7,-5.56,-7.29,-10.16,-12.06,0.01,-4.0,-7.0,-5.85,-2.85,-1.3,,-9.5,,-3.3,-7.0,-3.92,-19.65,,,,-12.0,-2.7,3,1.85,-5.1,,-7.0,-2.5,3.46,-11.45,5.81,71,0.52782378,0.3653215017
2022,5,Troy St.,Marshall,-3.5,9,16,7,-4.67,-2.6,-2.86,-11.17,-4.99,-3.48,-5.3,-2.0,-5.44,-5.5,-5.82,-1.06,-7.59,-2.85,-4.07,-5.4,-10.0,-4.85,-4.72,,-3.84,-4.18,,1.0,-8.0,-4.5,-6.76,-4.5,-3.18,-7.0,-4.0,-2.0,-5.74,2.57,-0.4,,-5.3,,-2.2,-3.5,-4.95,-4.85,,,,-14.0,-1.5,-1,-6.9,-1.5,,-3.5,-4.5,0.15,-7.14,3.2,23,0.4859604837,0.4007779313
2022,5,Tulane,Southern Miss.,12.5,-3,24,27,12.95,14.58,15.03,12.6,10.37,15.61,15.63,14.0,10.87,15.5,12.02,16.57,18.88,13.84,16.19,18.63,20.0,20.75,11.13,,24.33,12.81,,24.0,13.9,15.61,16.1,12.45,13.48,19.0,13.0,16.0,22.96,12.89,16.2,,12.1,,15.9,13.0,19.71,35.45,,,,12.0,17.4,19,19.95,10.1,,13.0,14.5,19.2,16.45,4.54,51,0.5884254245,0.8366045428
2022,5,UTEP,Boise St.,-16.0,17,27,10,-21.46,-10.36,-17.42,-18.12,-21.34,-11.88,-24.1,-13.0,-17.81,-15.5,-22.43,-6.35,-23.91,-10.05,-17.73,-18.14,-21.0,-18.95,-18.31,,-17.86,-9.28,,-28.0,-26.2,-18.14,-17.55,-22.43,-18.57,-16.0,-15.0,-21.0,-19.71,-11.23,-19.3,,-18.8,,-17.8,-16.5,-23.76,-13.55,,,,-25.0,-18.4,-18,-13.95,-13.7,,-15.5,-2.5,-15.92,-22.92,5.32,37,0.4588469876,0.1447828688
2022,5,Utah St.,UNLV,-3.0,-10,24,34,-8.34,-7.42,1.62,-23.9,7.11,2.4,-15.15,-1.0,-25.41,6.0,-8.04,2.26,-2.95,7.31,-1.87,-10.33,-26.0,-8.55,5.04,,5.4,12.55,,-16.0,1.3,1.07,-6.57,0.01,-5.1,5.0,-2.5,4.0,-0.38,10.83,1.7,,-8.5,,3.4,-3.0,-17.57,-10.5,,,,-17.0,1.0,2,8.18,1.5,,-3.0,12.5,8.2,-2.3,9.94,58,0.5240572067,0.4602304562
2022,5,Virginia Tech,West Va.,-2.5,-23,10,33,-3.78,-0.13,-5.57,5.94,2.27,7.5,-4.98,2.0,-10.72,4.5,-5.42,5.59,5.1,-1.98,-0.76,7.86,-4.0,-6.05,-3.7,,5.25,1.14,,-1.0,0.01,-1.5,-6.11,-1.89,-4.54,-3.0,-2.5,0.01,-0.51,0.01,-3.1,,-5.9,,-1.5,-2.5,-10.53,20.65,,,,-3.0,-2.5,-4,-15.13,0.3,,-2.5,8.5,-3.08,-2.44,5.89,43,0.5409260677,0.4820987878
2022,5,Wake Forest,Clemson,-7.5,-6,45,51,-6.88,2.11,-5.66,0.66,-4.71,-3.75,-10.1,-1.0,2.53,-8.0,-4.02,1.88,-7.71,-7.4,-4.21,-2.98,5.0,-4.35,-8.33,,-2.76,3.46,,16.0,-8.2,-4.71,-1.05,-6.36,-11.25,-1.0,-6.5,-7.0,-1.11,-0.78,-12.2,,-7.4,,-11.5,-7.5,-0.14,-11.35,,,,-3.0,-11.2,-3,-5.43,-6.7,,-7.5,1.0,-2.59,-7.22,5.36,96,0.5778408291,0.400796643
2022,5,Washington,Stanford,13.5,18,40,22,13.75,14.57,11.59,20.15,7.43,8.87,19.69,9.0,16.13,14.0,10.51,13.73,12.23,16.61,14.74,20.13,14.0,24.25,9.53,,18.96,16.1,,14.0,11.6,13.75,14.37,9.52,12.98,17.0,12.5,15.0,19.74,2.38,11.3,,13.6,,11.7,13.5,20.47,53.1,,,,12.0,8.0,14,15.58,8.7,,13.5,11.0,21.51,15.91,7.18,62,0.5283700787,0.8012358256
2022,5,Washington St.,Oregon,-7.0,-3,41,44,-6.68,-1.51,-2.38,6.15,-3.53,2.08,-10.52,-1.0,-7.46,-1.0,-4.3,1.69,0.11,1.66,-3.16,-5.65,2.0,-5.85,-7.62,,2.66,-0.6,,-7.0,0.8,-3.81,-3.81,-5.27,-8.22,0.01,-5.0,-10.0,-1.93,-17.53,-6.1,,-9.2,,-6.3,-7.0,-10.05,26.8,,,,-5.0,-7.7,-4,-1.49,-5.2,,-7.0,-3.0,1.06,-7.11,6.29,85,0.5889630495,0.4265924958
2022,5,Western Kentucky,Florida Intl.,31.5,73,73,0,27.13,22.49,24.36,23.58,21.73,31.98,31.74,23.0,34.72,25.5,29.51,15.89,37.99,19.47,31.63,32.23,24.0,47.15,25.28,,46.42,20.12,,31.0,26.9,30.65,31.79,23.29,28.73,44.0,27.0,33.0,26.98,29.25,39.3,,27.5,,32.1,31.5,41.62,30.65,,,,50.0,35.0,50,47.1,24.0,,31.0,28.0,40.63,33.45,8.6,73,0.5028726,0.9601098304
2022,6,Air Force,Navy,14.0,3,13,10,16.16,17.62,11.83,21.16,11.02,23.97,20.12,15.0,22.55,16.0,15.52,14.97,19.18,16.39,18.04,17.66,19.0,23.95,16.84,,17.47,11.3,,19.0,14.8,17.62,18.62,13.44,20.47,20.0,15.5,19.0,21.47,20.25,19.0,,16.9,,17.3,15.0,25.88,18.85,,,,26.0,16.2,23,10.23,16.0,,14.0,22.5,16.39,23.16,4.0,23,0.5974583692,0.8647540966
2022,6,Akron,Bowling Green,-9.5,-3,28,31,-8.1,-0.12,-3.89,-3.25,-0.19,-5.78,-10.49,-1.0,-8.3,-1.5,-8.95,4.29,-12.41,-7.33,-6.05,-7.19,-2.0,-6.75,-7.96,,-9.46,3.03,,-2.0,-11.0,-6.85,-7.59,-5.75,-3.75,-2.0,-6.0,-12.0,-0.01,-4.8,-8.8,,-9.6,,-7.2,-9.5,-4.96,-6.85,,,,-16.0,-9.0,-11,-9.6,-3.5,,-9.5,-2.0,-5.81,-8.39,4.36,59,0.582993348,0.3566288901
2022,6,Arizona,Colorado,17.5,23,43,20,14.38,10.9,4.87,33.51,-1.12,10.14,18.62,11.0,11.21,8.5,13.63,10.73,12.41,10.57,12.18,21.23,17.0,14.65,16.41,,15.85,6.6,,8.0,8.9,10.89,9.48,10.89,14.39,7.0,18.0,18.0,13.61,6.24,8.8,,9.2,,9.5,16.5,19.39,25.05,,,,18.0,7.8,11,10.33,8.0,,17.5,7.5,9.95,15.33,5.92,63,0.3767624508,0.7638935227
2022,6,Arkansas,Alabama,-17.0,-23,26,49,-17.86,-13.18,-14.96,-12.36,-13.42,-15.12,-23.56,-14.0,-26.66,-23.5,-16.84,-5.91,-18.81,-4.12,-15.35,-2.03,-20.0,-19.05,-17.0,,-16.01,-2.16,,-14.0,-22.1,-14.96,-16.88,-15.12,-22.13,-17.0,-16.5,-14.0,-4.92,-13.98,-13.9,,-23.3,,-13.7,-17.0,-33.79,-10.25,,,,-23.0,-12.9,-12,-12.15,-7.4,,-17.0,-11.5,-13.51,-21.02,6.56,75,0.5382611474,0.1857698367
2022,6,Arkansas St.,Louisiana-Monroe,7.5,17,45,28,7.91,1.89,3.81,6.11,5.62,8.88,7.48,4.0,16.2,2.5,11.28,-5.82,6.31,0.01,5.06,-2.44,4.0,4.95,8.04,,3.31,-3.27,,-1.0,2.6,4.95,5.72,6.76,10.63,5.0,7.5,5.0,0.38,2.12,4.4,,11.5,,4.4,7.5,13.64,4.5,,,,10.0,3.1,5,0.96,3.4,,7.5,1.0,-0.6,10.7,4.72,73,0.4414362045,0.6200173519
2022,6,Army,Georgia St.,8.0,-17,14,31,13.4,16.14,6.49,10.05,7.5,5.63,17.54,14.0,24.22,16.0,12.67,11.8,7.74,7.69,11.53,16.84,13.0,18.95,11.24,,11.45,9.3,,22.0,12.7,11.45,13.82,9.79,15.0,11.0,9.5,15.0,13.59,5.91,5.1,,11.4,,7.8,8.5,24.85,-7.15,,,,14.0,6.8,5,4.83,3.7,,8.0,9.5,13.95,15.53,5.66,45,0.5829527621,0.7530549226
2022,6,Auburn,LSU,-8.0,-4,17,21,-11.34,-3.64,-2.69,-14.27,3.99,-2.29,-19.13,0.25,-18.44,0.5,-7.52,4.33,-5.14,-4.52,-6.43,-11.22,-9.0,-12.35,-3.91,,-8.54,2.14,,-3.0,-8.8,-5.02,-3.85,-4.57,-11.24,-3.0,-7.0,-8.0,-5.02,1.38,-7.1,,-12.4,,-6.8,-8.0,-26.36,-12.05,,,,-15.0,-6.0,2,-3.66,-2.0,,-8.0,0.5,-4.41,-8.55,6.38,38,0.5365613705,0.3535082651
2022,6,BYU,Utah St.,24.0,12,38,26,20.32,27.91,15.79,34.34,14.39,22.51,24.19,26.0,37.88,25.0,20.56,22.53,20.12,12.21,23.52,25.79,23.0,25.25,24.7,,14.46,16.08,,29.0,16.0,23.2,24.07,17.83,25.4,22.0,24.0,26.0,30.92,27.76,22.5,,28.1,,21.6,24.0,41.76,29.6,,,,28.0,23.2,25,16.16,22.5,,24.0,16.5,19.75,26.86,6.13,64,0.4887490893,0.9165254988
2022,6,Ball St.,Northern Ill.,-4.5,6,44,38,-5.04,5.35,-0.81,4.21,3.3,2.55,-4.89,0.25,0.39,3.5,-7.41,8.03,-4.05,-6.96,-3.3,-6.32,-7.0,-2.85,-2.7,,-7.4,0.91,,1.0,-9.2,-4.09,-3.02,-4.84,-2.36,2.0,-3.5,-7.0,-1.34,-9.88,-11.2,,-6.3,,-10.5,-4.5,-4.09,-11.15,,,,-8.0,-10.9,-7,-5.61,-0.01,,-3.5,0.5,1.29,-5.04,4.75,82,0.5288644984,0.4210752559
2022,6,Baylor,Oklahoma St.,2.5,-11,25,36,3.3,2.74,2.64,8.91,-1.31,3.28,3.14,2.0,4.02,0.5,5.04,2.05,0.3,1.44,3.18,4.96,-1.0,2.35,4.64,,-1.26,1.3,,11.0,-0.9,2.59,4.52,1.88,5.39,2.0,1.0,3.0,4.78,2.59,0.8,,2.5,,1.5,2.5,17.73,11.05,,,,6.0,1.0,4,-2.51,1.5,,2.0,-1.0,-2.67,5.79,3.77,61,0.5166228559,0.5772692433
2022,6,Boise St.,San Diego St.,6.0,22,35,13,6.99,2.69,8.36,12.88,9.38,3.99,5.86,4.0,5.33,3.5,9.24,1.26,4.5,2.49,5.95,4.37,3.0,3.05,9.59,,0.97,3.59,,3.0,3.1,6.2,6.06,8.03,9.68,7.0,6.5,4.0,6.2,8.93,7.5,,5.8,,6.6,6.0,7.15,7.1,,,,8.0,7.3,12,6.26,6.5,,6.5,5.5,-1.48,7.2,2.89,48,0.4987637421,0.6438475963
2022,6,Boston College,Louisville,-13.5,1,34,33,-13.43,-12.09,-7.71,-7.99,-2.33,-8.77,-18.99,-9.0,-17.8,-6.5,-12.58,-9.01,-11.98,-8.66,-12.11,-9.4,-11.0,-18.15,-7.81,,-14.59,-4.22,,-22.0,-14.5,-10.9,-11.11,-8.46,-9.46,-8.0,-15.5,-12.0,-16.18,-8.69,-10.9,,-13.0,,-8.3,-13.5,-31.96,-18.0,,,,-25.0,-10.6,-13,-14.63,-7.5,,-15.5,-7.5,-13.64,-15.7,5.49,67,0.5329734905,0.2354831976
2022,6,Buffalo,Miami (Ohio),2.0,4,24,20,-0.14,-4.05,-0.01,-0.33,-0.16,0.01,-1.61,-4.0,-1.2,-2.5,2.58,-5.58,1.26,-9.65,-1.29,2.02,-1.0,-0.75,0.53,,0.59,-3.36,,-4.0,-1.1,-1.1,0.97,-0.94,5.06,-3.0,1.0,-2.0,-2.08,-8.54,-4.8,,-1.3,,-4.5,1.5,12.95,4.55,,,,-1.0,-4.3,-4,-8.29,-0.8,,1.5,-7.0,-3.9,3.17,3.93,44,0.4202745606,0.4685614528
2022,6,Charlotte,UTEP,-3.0,-6,35,41,-7.55,-8.97,-0.99,-9.95,0.27,-2.57,-11.81,-4.0,-14.16,-4.5,-5.75,-6.17,-2.63,-8.31,-5.91,-0.67,-9.0,-11.65,-4.04,,-11.44,-1.48,,-10.0,-7.3,-6.0,-6.0,-4.59,-0.32,-6.0,-3.5,-6.0,-0.66,-5.66,-4.9,,-5.9,,-3.3,-3.5,-14.16,-10.05,,,,-10.0,-4.4,-6,-10.25,-0.7,,-3.0,-6.5,-9.14,-6.43,4.02,76,0.4294805784,0.3590911288
2022,6,Clemson,NC St.,7.0,10,30,20,7.43,3.64,10.37,4.54,10.89,6.8,8.05,2.0,0.91,12.5,6.76,5.11,6.92,7.44,6.99,6.6,-1.0,8.35,10.03,,7.17,5.27,,2.0,6.4,6.92,5.02,8.55,13.83,8.0,7.0,8.0,6.93,3.41,5.0,,5.1,,5.3,7.0,9.06,14.85,,,,-1.0,4.5,9,5.28,7.0,,7.0,5.5,4.0,8.54,3.53,50,0.4997546803,0.6663413808
2022,6,Coastal Carolina,Georgia Southern,9.5,4,34,30,5.67,5.17,7.54,6.99,11.98,5.62,4.27,9.0,-7.12,15.5,6.11,11.79,15.4,9.82,9.28,9.82,1.0,4.95,8.98,,11.66,17.67,,5.0,11.1,9.42,6.72,8.52,4.07,11.0,10.5,12.0,14.08,8.82,9.5,,4.5,,9.5,9.5,9.42,13.6,,,,3.0,7.7,11,10.54,7.8,,10.5,22.5,11.12,8.35,4.92,64,0.4947191104,0.7117097958
2022,6,Connecticut,Fresno St.,-23.5,5,19,14,-18.65,-10.76,-15.29,-18.48,-13.47,-12.06,-19.26,-10.0,-21.41,-14.5,-21.86,-5.02,-26.02,-12.05,-17.96,-17.93,-14.0,-15.55,-19.91,,-19.7,-13.63,,-8.0,-26.8,-18.65,-17.64,-19.9,-18.67,-19.0,-24.0,-25.0,-13.12,-12.26,-24.0,,-22.0,,-19.0,-22.5,-36.02,-19.1,,,,-21.0,-20.6,-22,-17.37,-16.5,,-24.0,-13.0,-18.78,-24.95,5.47,33,0.6292917265,0.142366301
2022,6,Duke,Virginia,2.5,21,38,17,2.65,7.41,-4.17,8.51,-10.59,2.09,4.79,3.0,10.74,0.5,1.75,5.6,-3.7,3.27,-0.63,7.96,11.0,-4.55,-1.23,,-3.29,-1.1,,6.0,-5.1,-0.79,-1.94,-0.3,3.18,-6.0,1.5,-5.0,2.52,-2.72,-9.5,,0.3,,-6.5,2.5,4.69,10.4,,,,2.0,-8.9,-10,-10.77,-3.6,,3.0,-7.5,-5.26,-3.24,5.82,55,0.4265667399,0.4851384733
2022,6,Eastern Mich.,Massachusetts,20.0,7,20,13,23.01,9.69,17.13,7.9,19.56,24.72,24.1,14.0,9.09,22.5,24.77,10.01,25.36,17.08,19.63,16.46,11.0,25.85,19.44,,29.35,14.75,,10.0,23.7,19.44,20.67,24.74,15.54,26.0,20.0,19.0,10.06,18.24,19.3,,17.6,,16.8,20.0,14.35,13.8,,,,23.0,16.6,26,25.89,22.0,,20.0,17.0,35.78,25.48,6.15,33,0.4913307698,0.8755414949
2022,6,Florida St.,Wake Forest,6.5,-10,21,31,5.21,6.62,1.47,11.89,-1.98,0.32,6.72,10.0,10.48,2.5,4.9,4.54,4.5,2.96,5.32,6.65,-2.0,2.85,7.46,,0.01,-1.52,,6.0,1.7,4.54,2.89,3.61,8.67,0.01,6.0,5.0,7.07,0.98,10.5,,8.6,,10.4,6.5,24.35,16.95,,,,3.0,10.4,3,0.78,3.2,,7.0,-2.5,1.89,4.95,5.14,52,0.4718106145,0.625074476
2022,6,Houston,Tulane,3.5,-3,24,27,0.3,2.66,2.92,-6.07,10.72,-1.23,-3.83,1.0,-3.08,4.0,3.11,5.75,4.64,6.12,2.74,0.01,-13.0,3.45,1.51,,4.72,10.27,,1.0,-1.4,3.0,0.59,4.58,-1.17,6.0,3.0,3.0,3.52,9.02,4.0,,0.6,,2.8,3.5,-7.08,2.95,,,,-4.0,3.1,4,5.66,4.9,,2.5,15.5,9.63,-1.87,5.03,51,0.4817982812,0.5653497387
2022,6,Iowa,Michigan,-10.5,-13,14,27,-5.7,-7.03,-7.53,1.23,-0.24,-5.54,-8.67,0.25,-10.36,0.5,-4.95,-5.24,-7.88,-1.04,-6.7,-7.42,-15.0,-12.05,-6.55,,-16.13,-3.36,,-2.0,-10.0,-7.03,-8.07,-3.71,-10.23,-11.0,-9.5,-10.0,-4.92,-5.43,-9.0,,-11.1,,-7.3,-10.0,-11.34,-1.3,,,,-14.0,-7.4,-6,-14.08,-3.6,,-11.0,-6.5,-8.88,-10.36,4.3,41,0.5913607286,0.3418674802
2022,6,James Madison,Texas St.,21.5,27,40,13,23.21,23.8,16.02,27.13,17.15,31.23,23.89,13.0,44.46,6.0,25.82,12.68,18.3,18.85,23.03,26.24,21.0,27.65,21.01,,,12.29,,37.0,17.8,23.12,26.21,25.02,16.55,18.0,20.5,35.0,29.23,9.81,20.4,,25.9,,17.1,21.5,29.6,7.85,,,,44.0,16.2,31,28.59,18.5,,22.0,21.5,26.35,31.75,8.48,53,0.5338780185,0.8996877575
2022,6,Kansas,Iowa St.,-3.0,3,14,11,-3.66,10.22,-10.24,3.88,-19.19,-11.44,-2.55,1.0,13.61,-9.0,-4.73,8.4,-12.53,8.56,-3.93,6.6,5.0,-6.95,-4.25,,-4.19,2.91,,10.0,-18.2,-4.25,-5.81,-6.15,-3.91,-12.0,-3.0,-5.0,-0.44,-1.49,-5.4,,-0.6,,-4.2,-3.0,0.12,-0.01,,,,-4.0,-2.7,-8,-11.4,-6.7,,-3.0,-12.0,-10.18,-7.11,7.41,25,0.4788334812,0.4112571946
2022,6,Kansas St.,Texas Tech,7.5,9,37,28,9.52,2.26,7.48,3.99,7.89,4.63,10.72,4.0,4.74,7.0,10.16,0.92,8.75,5.96,6.84,5.46,3.0,9.05,8.25,,5.9,-2.16,,5.0,8.9,7.34,7.28,8.78,6.76,8.0,7.0,6.0,7.04,7.56,6.3,,5.8,,7.6,7.5,7.34,8.15,,,,8.0,7.5,10,8.71,3.4,,8.0,9.5,4.78,10.85,2.92,65,0.483690933,0.66414106
2022,6,Kent,Ohio,11.5,7,31,24,13.57,8.79,5.48,14.23,4.72,8.41,20.57,6.0,24.87,7.0,11.47,0.13,9.27,-5.82,9.19,3.88,-3.0,20.65,5.7,,11.58,7.82,,9.0,0.01,8.79,9.43,6.46,12.74,11.0,6.5,13.0,5.74,9.99,8.3,,13.7,,9.2,11.0,19.26,6.15,,,,11.0,9.2,11,8.54,3.1,,11.5,8.5,7.9,13.98,5.76,55,0.4456008414,0.7068393161
2022,6,Louisiana-Lafayette,South Alabama,-8.5,-3,17,20,-2.35,-6.77,6.73,-10.87,15.65,3.42,-8.42,-2.0,-15.61,9.0,0.81,-2.01,1.14,6.37,-1.09,-8.65,-10.0,-8.45,1.56,,-4.87,6.16,,-16.0,-1.7,-0.5,-2.69,3.2,-3.3,6.0,-5.0,-5.0,-4.29,2.08,1.8,,-5.1,,1.4,-7.5,-19.59,-8.45,,,,-10.0,1.9,3,8.62,-0.5,,-9.0,13.0,6.06,-4.63,7.54,37,0.6633457738,0.4752740666
2022,6,Maryland,Michigan St.,7.5,14,27,13,3.59,6.45,2.78,7.63,-4.71,7.21,5.84,6.0,3.85,4.5,1.89,7.84,1.43,1.79,4.07,11.73,5.0,6.35,2.96,,7.91,1.9,,7.0,0.5,3.59,3.25,2.02,5.14,5.0,7.5,3.0,8.45,1.44,3.0,,2.4,,2.5,7.0,9.24,9.1,,,,5.0,1.3,6,-0.14,3.1,,8.5,-4.0,-0.01,3.37,3.25,40,0.4161790329,0.5991606146
2022,6,Memphis,Temple,18.5,21,24,3,15.01,14.33,19.13,7.73,18.46,14.12,12.22,13.0,17.34,18.5,19.6,12.72,24.07,16.35,18.82,13.74,3.0,19.65,21.52,,28.97,10.27,,17.0,18.5,18.97,17.62,18.97,21.11,25.0,20.5,26.0,21.79,15.18,22.0,,18.9,,18.3,18.5,20.65,10.0,,,,20.0,20.2,26,30.06,24.0,,18.5,15.5,23.81,21.93,5.42,27,0.507610053,0.8690582025
2022,6,Middle Tenn.,Texas-San Antonio,-4.5,-15,30,45,2.99,5.91,0.55,5.85,-2.57,0.11,5.71,2.0,5.99,0.5,0.59,5.87,-3.33,4.96,1.3,5.82,8.0,9.55,-3.97,,-3.45,-4.0,,11.0,-3.5,2.0,3.53,0.89,4.02,4.0,-5.5,3.0,4.53,-7.09,-5.9,,-1.4,,-4.7,-4.0,8.45,-2.25,,,,1.0,-7.3,5,3.62,-4.8,,-4.0,-3.0,5.88,3.16,4.73,75,0.6368989674,0.5312804933
2022,6,Minnesota,Purdue,12.0,-10,10,20,12.25,11.95,10.16,11.21,4.37,11.89,19.81,10.0,13.33,12.5,7.64,11.22,11.24,12.63,11.79,13.52,16.0,18.95,9.38,,18.01,8.3,,5.0,14.0,11.86,10.33,8.61,11.86,13.0,10.0,12.0,14.55,7.42,13.2,,11.9,,11.3,12.0,22.74,9.95,,,,7.0,10.7,13,10.92,6.5,,12.0,5.5,18.81,10.94,3.87,30,0.4948724588,0.7647343974
2022,6,Mississippi,Kentucky,7.0,3,22,19,6.54,7.95,5.25,9.4,5.49,6.52,7.84,4.0,16.02,4.0,7.22,3.6,7.31,-0.74,6.46,1.64,6.0,6.65,7.13,,5.58,2.72,,4.0,2.7,5.64,7.95,4.53,11.05,9.0,6.0,4.0,5.52,4.96,4.6,,8.2,,4.8,7.0,24.2,9.6,,,,7.0,7.2,8,3.69,3.4,,7.0,6.0,5.64,10.04,3.89,41,0.4868223055,0.6536624902
2022,6,Mississippi St.,Texas A&M,4.0,18,42,24,1.23,4.06,-0.17,8.88,-3.26,1.31,1.58,1.0,10.16,-2.5,2.64,0.78,0.86,1.08,2.67,9.03,2.0,-0.65,1.97,,-1.63,-4.4,,7.0,0.8,1.23,2.5,-1.17,6.72,-2.0,3.0,-4.0,3.75,8.39,3.6,,4.6,,3.8,4.0,22.35,16.5,,,,1.0,6.3,1,-0.01,0.4,,3.5,0.5,-7.34,1.93,5.27,66,0.4683099729,0.5634159208
2022,6,Missouri,Georgia,-29.0,-4,22,26,-22.79,-21.25,-23.04,-26.0,-17.83,-22.74,-27.24,-18.0,-28.28,-28.0,-21.76,-17.47,-31.52,-12.24,-25.67,-27.34,-19.0,-31.05,-23.33,,-34.2,-14.25,,-22.0,-33.6,-26.08,-26.08,-22.42,-24.66,-28.0,-27.5,-24.0,-21.23,-21.06,-30.6,,-30.5,,-26.3,-29.0,-30.42,-28.65,,,,-40.0,-28.2,-29,-28.86,-24.0,,-28.0,-18.0,-36.36,-30.06,5.85,48,0.5780242898,0.0645834551
2022,6,Nebraska,Indiana,5.0,14,35,21,-1.0,-11.17,2.75,-6.18,7.5,-1.16,0.31,-10.0,-3.12,-9.0,-3.67,-15.5,1.11,-5.88,-2.38,-12.97,-12.0,4.65,7.32,,-2.84,-8.83,,-23.0,-3.0,-1.16,-4.43,-1.89,3.68,8.0,4.0,1.0,-10.78,6.19,4.8,,1.4,,4.0,4.5,-14.74,-13.35,,,,-15.0,3.5,6,7.26,3.5,,5.0,11.0,2.22,-1.09,7.75,56,0.3380423233,0.4464081267
2022,6,New Mexico St.,Florida Intl.,14.5,-14,7,21,12.15,8.71,9.99,7.58,5.6,12.72,17.39,6.0,22.44,5.0,12.0,1.32,17.59,,14.43,15.76,3.0,29.05,10.43,,26.62,6.77,,8.0,8.6,13.96,14.2,6.8,12.63,19.0,14.5,13.0,4.7,16.84,16.9,,13.9,,14.9,14.5,26.31,34.9,,,,28.0,15.6,23,14.01,5.0,,14.5,16.0,20.04,19.11,7.5,28,0.4984093666,0.7944387381
2022,6,North Carolina,Virginia Tech,9.5,31,41,10,7.84,11.69,6.69,-0.01,4.07,6.22,9.88,12.0,8.88,13.0,6.22,13.21,11.19,5.85,9.75,6.8,10.0,14.95,9.58,,15.52,14.34,,12.0,4.2,10.92,8.8,7.16,11.67,13.0,8.5,11.0,14.69,14.76,13.6,,9.9,,11.3,9.5,-0.01,2.95,,,,12.0,11.6,15,13.28,6.9,,9.0,5.0,15.28,10.92,4.0,51,0.5060921126,0.7242717316
2022,6,North Texas,Florida Atlantic,-3.0,17,45,28,-7.6,2.27,-6.31,-7.51,-1.6,-6.6,-12.85,-1.0,-2.85,1.0,-5.56,5.03,-4.77,5.59,-2.98,0.88,-4.0,-10.35,-3.92,,0.65,4.34,,1.0,-9.7,-3.0,-5.55,-3.13,-5.27,-1.0,-2.5,-3.0,-0.91,-2.38,-2.2,,-4.0,,-5.3,-3.0,-4.78,-8.35,,,,-11.0,-3.1,-3,3.57,-0.6,,-3.5,5.5,3.99,-10.97,4.68,73,0.5004821408,0.4285473637
2022,6,Ohio St.,Rutgers,39.0,39,49,10,35.5,24.27,28.56,32.24,27.7,30.9,43.76,22.0,37.87,30.5,33.85,16.94,38.49,18.1,34.76,28.31,19.0,50.95,34.01,,48.17,20.19,,25.0,42.3,34.0,31.12,33.08,34.36,41.0,41.0,34.0,29.91,33.12,37.0,,37.5,,32.4,39.0,49.9,45.25,,,,47.0,33.0,44,38.42,28.5,,40.0,32.5,41.51,44.99,8.6,59,0.4071683485,0.9728981426
2022,6,Old Dominion,Liberty,-3.5,-14,24,38,-2.7,-6.42,-5.5,-9.24,-4.6,-1.42,-1.71,-5.0,-4.74,-11.0,-3.53,-7.33,-4.45,1.86,-4.25,-4.53,-13.0,-1.45,-1.72,,-1.61,-7.79,,-11.0,-7.7,-4.6,-5.28,-4.99,-5.12,-2.0,-2.0,-5.0,-9.45,1.99,-5.1,,-3.3,,-4.6,-3.5,-3.77,-6.55,,,,-5.0,-3.1,4,-1.57,-2.7,,-3.5,-5.0,-5.64,-3.46,3.31,62,0.4815551622,0.3966267713
2022,6,Oregon,Stanford,17.0,18,45,27,13.11,17.4,12.84,11.65,13.86,15.1,16.16,16.0,11.14,23.5,11.03,20.77,16.44,17.19,17.89,25.61,10.0,26.55,17.18,,23.68,20.32,,19.0,11.8,17.0,17.86,12.48,14.52,22.0,16.5,21.0,25.13,18.49,15.9,,13.6,,16.4,17.0,20.0,12.85,,,,17.0,14.5,27,26.91,16.5,,17.0,22.0,28.14,19.11,4.88,72,0.5213700877,0.8593200924
2022,6,Penn St.,Northwestern,25.0,10,17,7,24.81,33.8,23.04,30.82,12.16,20.28,29.79,25.0,39.0,25.5,23.4,30.99,27.7,18.28,27.99,29.97,30.0,35.85,24.13,,31.15,23.61,,39.0,25.3,27.05,30.46,23.23,29.3,30.0,24.5,27.0,38.38,23.31,26.9,,30.3,,23.9,25.0,32.42,25.0,,,,43.0,25.1,37,30.25,23.5,,25.0,18.5,33.48,31.05,6.1,24,0.5697805064,0.9501020216
2022,6,Pittsburgh,Georgia Tech,22.0,-5,21,26,16.41,19.05,18.17,27.47,15.02,19.79,18.35,19.0,24.02,22.0,17.36,16.38,24.92,18.68,22.29,23.1,20.0,27.85,22.67,,29.69,18.52,,19.0,19.7,22.17,23.45,15.65,19.34,26.0,20.0,25.0,28.51,31.19,26.4,,22.2,,25.1,22.0,19.81,20.35,,,,25.0,25.8,28,26.71,22.0,,22.0,21.5,23.27,22.17,3.98,47,0.5070690549,0.9134055028
2022,6,Rice,UAB,-10.0,4,28,24,-9.0,-5.87,-6.85,-2.27,-9.35,-8.21,-10.03,-4.0,-13.34,-8.5,-10.11,-1.84,-9.74,-5.12,-9.08,2.3,-13.0,-7.85,-10.54,,-9.8,-7.78,,-6.0,-15.1,-9.35,-9.74,-9.0,-11.46,-13.0,-9.5,-11.0,-8.69,-9.18,-13.9,,-13.2,,-12.4,-10.0,-1.14,2.4,,,,-18.0,-11.9,-14,-9.28,-8.7,,-10.0,-17.5,-16.01,-10.24,4.46,52,0.5222474657,0.2909289268
2022,6,South Florida,East Carolina,-9.0,-20,28,48,-10.51,-5.64,-7.28,-18.55,-2.19,-11.14,-13.9,-3.0,-10.41,-6.0,-11.24,-3.07,-7.86,-12.03,-9.45,-7.02,-16.0,-13.75,-9.52,,-9.24,-1.92,,-8.0,-13.1,-9.39,-10.85,-7.23,-10.72,-7.0,-8.0,-7.0,-9.39,-11.92,-6.4,,-8.6,,-5.5,-9.0,-14.8,-12.15,,,,-20.0,-4.6,-11,-13.85,-4.7,,-9.0,-12.5,-15.16,-13.39,4.29,76,0.4890836085,0.2827465029
2022,6,TCU,Oklahoma,-5.5,31,55,24,-5.65,1.06,-6.7,-0.8,-10.24,-8.5,-5.61,1.0,-2.78,-9.0,-7.18,3.13,-7.54,0.18,-5.05,7.13,6.0,-7.35,-3.91,,-2.35,0.01,,3.0,-14.1,-4.6,-4.48,-6.39,-5.46,-9.0,-5.5,-2.0,-1.67,-4.31,-4.6,,-5.6,,-4.1,-5.5,-4.43,-16.25,,,,-2.0,-3.8,-7,-16.5,-3.6,,-6.5,-14.5,-9.99,-9.12,5.2,79,0.5107463194,0.3812003008
2022,6,Texas,West Va.,8.5,18,38,20,8.86,9.6,8.09,1.31,9.33,15.44,7.8,10.0,10.97,11.0,10.69,8.87,12.53,5.1,10.27,10.01,4.0,12.75,7.4,,11.3,12.89,,12.0,13.1,10.55,7.05,10.55,14.83,9.0,10.0,11.0,12.05,10.97,9.1,,11.0,,7.9,8.5,2.17,13.4,,,,20.0,8.8,9,6.01,13.2,,9.0,8.5,4.89,14.09,3.56,58,0.5433188102,0.736070187
2022,6,Toledo,Central Mich.,7.5,21,38,17,0.67,2.64,-0.25,-3.72,5.83,3.42,-2.05,5.0,-2.68,6.5,1.34,5.51,3.27,0.55,1.17,4.37,-3.0,-6.15,7.27,,0.1,1.79,,-4.0,2.1,1.79,0.11,4.3,3.72,1.0,7.0,7.0,3.53,5.1,2.2,,1.0,,2.6,6.0,-5.15,-15.65,,,,-5.0,3.4,1,-2.52,3.7,,7.0,3.5,-1.42,1.43,4.16,55,0.3498468765,0.528419224
2022,6,Tulsa,Cincinnati,-10.5,-10,21,31,-7.34,-7.11,-8.97,-3.84,-8.51,-9.84,-8.2,-8.0,-6.8,-14.0,-6.95,-7.26,-14.56,-1.42,-10.12,-10.7,-13.0,-14.95,-10.49,,-14.93,-9.8,,-12.0,-13.8,-10.04,-10.04,-8.6,-9.71,-12.0,-12.0,-15.0,-12.95,-12.26,-13.4,,-11.2,,-12.1,-10.5,0.01,-6.35,,,,-18.0,-12.1,-4,-10.69,-7.1,,-9.5,-9.5,-14.01,-10.7,3.73,52,0.5092956745,0.2674336346
2022,6,UCLA,Washington,-3.0,8,40,32,-6.53,1.91,0.63,-6.06,7.39,2.61,-10.95,3.0,-2.8,4.5,-4.34,4.44,1.61,12.52,0.56,0.3,-2.0,-0.35,1.58,,5.53,3.87,,-2.0,-5.3,0.63,-0.01,-3.18,-1.55,8.0,-2.5,-2.0,1.12,1.46,2.9,,-2.6,,1.7,-3.0,-8.29,-10.55,,,,-7.0,2.8,10,12.18,-2.7,,-3.0,13.5,5.2,-5.42,5.63,72,0.5836945245,0.5132610778
2022,6,UNLV,New Mexico,14.0,11,31,20,10.35,10.18,9.1,13.49,9.15,8.11,11.89,8.0,13.02,7.5,10.41,8.66,13.63,13.24,12.01,17.62,12.0,15.55,13.15,,19.97,8.21,,13.0,11.5,11.73,10.35,9.68,11.28,14.0,17.0,12.0,14.77,5.67,11.9,,11.4,,8.5,14.0,19.07,13.0,,,,10.0,10.7,16,9.98,14.0,,14.5,11.5,18.24,11.73,3.12,51,0.4510536562,0.7710547753
2022,6,USC,Arizona St.,25.0,17,42,25,18.69,27.59,8.17,35.94,0.45,16.05,21.91,22.0,34.38,18.0,18.43,23.94,16.64,15.22,19.38,28.28,28.0,15.85,17.83,,17.6,15.62,,36.0,12.8,17.83,18.33,17.49,22.97,10.0,24.0,21.0,30.62,7.44,14.5,,25.4,,14.9,24.5,42.74,43.85,,,,23.0,13.9,14,2.71,17.5,,25.0,-3.5,6.86,24.62,10.06,67,0.3824470573,0.8487949424
2022,6,Utah,Oregon St.,10.5,26,42,16,7.84,6.35,12.1,11.53,11.32,7.19,8.76,7.0,10.98,11.0,7.77,3.86,12.55,9.88,9.99,1.04,2.0,11.15,15.03,,11.94,1.88,,-2.0,14.5,10.01,8.84,7.86,13.01,18.0,11.0,8.0,8.27,8.86,11.4,,11.6,,9.9,10.5,9.43,9.1,,,,7.0,10.3,14,16.73,13.2,,10.5,14.5,17.49,10.01,4.36,58,0.4876418759,0.7280367872
2022,6,Washington St.,California,4.0,19,28,9,1.87,2.84,3.38,-0.64,4.31,4.6,3.29,3.0,0.66,6.0,0.41,4.0,7.13,-0.59,4.2,3.46,-1.0,7.55,5.03,,8.58,8.01,,-6.0,4.8,4.6,3.58,0.85,1.26,9.0,4.0,5.0,5.41,6.09,6.1,,4.3,,6.9,4.0,1.53,1.85,,,,1.0,6.4,5,5.38,6.9,,4.0,6.0,9.76,3.54,3.1,37,0.5049329569,0.6024421795
2022,6,Western Kentucky,Troy St.,5.0,-7,27,34,5.66,4.0,11.52,14.23,9.56,8.44,6.63,4.0,0.42,8.0,6.25,5.94,11.98,15.96,10.05,4.5,18.0,20.85,9.68,,17.66,8.31,,1.0,11.3,9.68,13.5,4.34,12.93,23.0,6.0,4.0,12.03,5.11,12.3,,5.7,,11.1,5.5,10.2,11.3,,,,6.0,11.6,18,21.04,5.0,,5.0,23.5,9.85,14.2,5.64,61,0.6178184308,0.7245942283
2022,6,Wisconsin,Illinois,7.0,-24,10,34,7.3,0.27,7.91,-6.73,10.79,8.17,5.33,-0.25,4.04,5.5,8.56,-1.74,9.22,2.2,5.99,-5.57,-3.0,6.05,8.01,,11.71,9.71,,-6.0,9.6,7.35,4.22,10.43,9.04,12.0,8.0,11.0,1.5,5.17,12.1,,8.9,,10.1,7.0,-4.34,3.0,,,,-2.0,11.3,13,6.53,10.1,,7.0,10.0,5.65,6.85,5.38,44,0.4759754866,0.6395909333
2022,6,Wyoming,San Jose St.,-3.0,-17,16,33,0.39,7.39,4.4,-0.89,0.46,-0.88,-2.72,2.0,7.95,5.0,3.25,7.1,0.64,13.64,3.07,2.9,-5.0,1.95,-2.5,,2.07,5.89,,10.0,1.8,2.36,3.28,2.36,2.36,8.0,2.0,4.0,6.18,-0.26,-0.8,,1.4,,0.7,-2.0,9.12,-2.45,,,,-3.0,-0.9,11,5.17,-2.9,,-3.0,3.5,6.42,5.33,4.09,49,0.6444172851,0.5742797581
2022,7,Alabama,Texas A&M,24.0,4,24,20,20.87,22.63,21.89,28.71,14.4,21.88,26.3,18.0,33.63,26.5,19.07,16.7,26.98,14.36,24.06,21.54,23.0,30.55,24.03,,31.84,13.61,,23.0,22.7,23.6,24.91,17.01,27.65,25.0,24.0,23.0,17.35,22.86,25.3,,26.8,,23.6,24.0,43.46,27.65,,,,34.0,25.0,30,20.11,22.5,,24.0,16.0,23.47,30.05,5.88,44,0.5014140155,0.9223869427
2022,7,Arizona,Oregon,-13.5,-27,22,49,-12.28,-10.78,-10.46,-6.49,-12.99,-9.4,-14.15,-13.0,-14.84,-19.5,-11.9,-8.61,-10.17,-6.61,-12.1,-11.56,-14.0,-14.65,-11.76,,-10.32,-7.58,,-18.0,-13.3,-12.28,-13.22,-11.78,-10.87,-14.0,-11.5,-14.0,-15.8,-18.73,-13.4,,-16.2,,-13.3,-13.5,-14.97,1.25,,,,-18.0,-13.9,-10,-7.97,-11.9,,-13.0,-13.0,-11.63,-12.47,3.68,71,0.534230147,0.2288955884
2022,7,Arizona St.,Washington,-13.5,7,45,38,-8.28,-14.8,-2.78,-20.28,7.11,-7.12,-9.62,-12.0,-14.0,-8.5,-8.48,-15.24,-6.12,-4.85,-8.72,-19.78,-18.0,-7.45,-9.81,,-8.58,-5.75,,-14.0,-12.1,-8.37,-8.37,-7.36,-9.49,-1.0,-13.0,-8.0,-19.22,-2.02,-5.3,,-11.6,,-5.9,-13.0,-22.89,-19.35,,,,-16.0,-4.6,-4,2.42,-6.9,,-14.0,10.0,-3.3,-13.29,6.77,83,0.6091080311,0.3066694814
2022,7,Arkansas St.,James Madison,-11.0,-22,20,42,-8.08,-14.25,-6.65,-9.07,-8.55,-16.98,-8.78,-7.0,-14.03,2.0,-8.52,-14.37,-4.49,-9.93,-10.94,-12.98,-21.0,-14.35,-9.14,,,-6.35,,-16.0,-8.4,-9.64,-13.83,-8.18,-2.61,-6.0,-10.5,-17.0,-17.35,-7.15,-11.4,,-10.4,,-8.1,-11.0,-15.62,-9.35,,,,-21.0,-7.6,-18,-19.15,-13.0,,-11.5,-20.0,-16.57,-11.07,5.23,62,0.5014321346,0.2563797523
2022,7,Boise St.,Fresno St.,7.5,20,40,20,10.78,9.74,8.72,16.07,10.83,7.23,12.24,8.0,4.71,13.0,10.56,12.45,7.61,8.77,8.33,1.85,5.0,10.75,5.69,,9.87,4.42,,11.0,4.8,8.77,8.99,10.17,8.46,10.0,7.0,6.0,12.74,10.89,5.1,,4.7,,4.8,7.5,11.72,5.55,,,,6.0,4.9,11,6.89,3.8,,7.5,3.5,9.84,8.78,3.13,60,0.5204551786,0.6966585804
2022,7,Boston College,Clemson,-20.5,-28,3,31,-20.98,-20.85,-18.13,-21.19,-11.76,-18.76,-21.2,-20.0,-20.74,-27.5,-23.93,-20.91,-23.87,-11.76,-21.13,-21.71,-28.0,-21.95,-20.89,,-21.83,-14.7,,-27.0,-25.3,-21.1,-20.34,-22.01,-23.02,-16.0,-21.0,-19.0,-29.55,-16.0,-19.3,,-21.4,,-16.6,-20.5,-28.24,-21.1,,,,-34.0,-18.0,-20,-27.64,-24.5,,-20.5,-11.0,-21.3,-27.42,4.83,34,0.4848566644,0.101432912
2022,7,Bowling Green,Buffalo,-2.0,-31,7,38,-7.0,3.01,-6.75,-4.11,-6.88,-6.42,-7.33,2.0,1.79,-5.5,-7.54,3.66,-4.66,-1.36,-3.08,0.23,-5.0,-4.25,-2.13,,-8.62,-0.85,,2.0,-10.2,-4.25,-3.55,-7.4,-5.23,-7.0,2.0,-3.0,0.34,7.08,0.4,,-0.8,,-0.01,-2.0,-5.29,-5.75,,,,-9.0,3.4,-6,1.95,-0.4,,-2.0,5.5,-6.16,-4.72,4.33,45,0.4738354464,0.4257627123
2022,7,Central Florida,SMU,2.5,22,41,19,6.35,3.81,2.87,6.61,4.03,8.25,7.93,8.0,0.7,8.0,4.66,5.47,0.27,2.18,4.86,-1.51,1.0,6.75,6.99,,1.27,4.38,,1.0,1.1,4.55,3.96,5.99,6.32,4.0,3.0,7.0,5.64,6.68,5.4,,2.3,,6.3,2.5,-0.55,4.45,,,,14.0,4.9,10,2.98,3.5,,2.5,2.0,12.12,,3.15,60,0.5579702761,0.6180261673
2022,7,Central Mich.,Ball St.,7.5,-1,16,17,6.28,1.19,5.67,4.19,5.34,2.34,5.07,6.0,13.0,4.0,8.95,-5.17,7.63,9.16,7.76,7.09,7.0,5.45,11.36,,4.01,4.77,,9.0,7.0,7.51,8.02,6.78,9.4,13.0,9.0,7.0,6.51,10.32,11.3,,11.4,,9.8,7.5,4.54,12.75,,,,12.0,8.9,15,17.02,7.4,,7.5,8.5,5.11,9.34,3.81,33,0.5063530495,0.682717745
2022,7,Cincinnati,South Florida,27.0,4,28,24,28.15,25.31,25.01,31.81,22.73,27.69,32.84,27.0,31.41,33.5,27.61,22.03,32.5,19.4,29.06,26.78,29.0,41.35,23.43,,35.06,24.44,,30.0,27.1,28.15,31.34,25.23,29.16,35.0,27.0,30.0,36.59,25.96,26.2,,25.7,,24.4,27.0,41.38,28.05,,,,31.0,23.6,30,32.71,24.0,,28.0,31.0,38.75,33.23,4.97,52,0.5492789712,0.9596799343
2022,7,Florida,Missouri,11.5,7,24,17,8.24,8.74,8.33,0.99,11.76,4.46,9.21,7.0,6.06,7.5,6.77,10.18,9.36,3.27,7.07,3.51,-3.0,7.85,11.42,,5.69,9.78,,12.0,3.0,7.4,5.52,9.24,7.64,8.0,10.0,12.0,8.81,4.96,7.0,,7.4,,7.0,10.5,-2.27,3.5,,,,5.0,6.0,9,2.09,10.6,,11.0,7.5,12.58,5.47,3.4,41,0.3924790165,0.6683904814
2022,7,Florida Intl.,Connecticut,-5.5,-21,12,33,-6.69,-3.89,-2.96,1.35,-1.35,-6.33,-9.4,-4.0,-17.43,-0.5,-7.17,3.4,-5.03,-10.55,-7.72,-5.1,-4.0,-16.45,-9.04,,-10.17,1.57,,-11.0,-6.7,-7.17,-6.68,-2.93,-2.82,-8.0,-4.0,-9.0,0.29,-13.89,-13.2,,-11.1,,-12.1,-5.5,-14.06,-7.55,,,,-23.0,-13.8,-18,-13.82,-2.0,,-5.5,2.5,-10.85,-15.24,6.07,45,0.4480370186,0.324829348
2022,7,Georgia,Auburn,28.0,32,42,10,17.8,19.96,22.03,33.23,15.48,23.86,20.65,17.0,28.45,25.5,16.19,15.38,29.7,16.75,23.5,25.98,13.0,21.35,27.21,,28.51,17.07,,14.0,22.2,23.86,23.86,17.11,23.31,28.0,29.0,23.0,18.68,22.12,29.0,,26.6,,26.5,27.5,26.88,27.55,,,,29.0,26.5,30,27.48,25.5,,29.5,20.5,32.9,23.07,5.18,52,0.3937730736,0.920342736
2022,7,Georgia St.,Georgia Southern,2.5,8,41,33,-1.98,-10.85,2.52,-8.38,6.95,-6.79,-2.88,-6.0,-13.2,-4.0,-2.86,-9.59,2.15,2.49,0.63,-0.72,-14.0,4.05,1.9,,6.17,6.19,,-11.0,-1.0,0.7,-2.83,-0.01,0.7,6.0,2.0,6.0,-4.77,15.52,8.3,,-1.2,,6.6,2.5,-3.72,5.45,,,,-9.0,7.1,12,9.17,4.5,,2.5,13.0,2.57,-2.1,6.91,74,0.4569978822,0.5145123112
2022,7,Georgia Tech,Duke,-3.5,3,23,20,-4.03,-8.85,-0.28,-12.64,10.17,-1.2,-5.24,-5.0,-15.53,-3.5,-5.4,-5.26,-4.18,-4.65,-3.02,-10.28,-19.0,-1.65,-1.27,,1.5,0.65,,-8.0,-6.5,-3.5,-3.51,-1.47,-3.49,4.0,-3.5,2.0,-7.54,0.41,3.2,,-4.5,,0.4,-3.5,-9.64,-14.55,,,,-14.0,2.9,7,4.8,-1.0,,-3.5,7.5,3.34,-7.46,6.2,43,0.511235895,0.42966651
2022,7,Illinois,Iowa,4.0,3,9,6,2.05,10.27,0.98,21.88,-2.23,2.77,3.87,3.0,15.23,0.5,3.05,7.59,0.41,1.76,4.71,8.21,7.0,16.15,3.2,,12.44,-0.65,,9.0,-3.1,3.38,4.69,-1.51,3.5,6.0,4.5,4.0,8.9,-5.46,-0.6,,4.8,,0.7,4.0,22.52,7.55,,,,12.0,-1.1,-3,7.68,-0.8,,3.5,-1.0,3.38,11.34,6.26,15,0.5165933627,0.6087267229
2022,7,Indiana,Michigan,-22.5,-21,10,31,-19.27,-13.85,-16.37,-13.82,-11.31,-18.67,-26.4,-16.0,-19.51,-16.5,-14.9,-10.82,-21.7,-12.04,-19.74,-20.16,-25.0,-28.95,-18.36,,-27.53,-10.54,,-13.0,-26.9,-19.51,-19.99,-14.77,-20.73,-23.0,-21.0,-24.0,-18.61,-32.16,-24.7,,-22.3,,-21.8,-22.5,-18.15,-16.95,,,,-24.0,-22.1,-29,-27.51,-16.0,,-22.5,-22.0,-26.19,-20.03,5.58,41,0.5651460353,0.1203643348
2022,7,Iowa St.,Kansas St.,-1.0,-1,9,10,-0.97,-2.85,2.91,3.36,6.96,-0.54,-3.65,-0.25,-2.28,0.01,1.16,-3.15,5.13,-3.68,-0.26,2.95,-4.0,-3.05,0.01,,-0.46,-0.01,,-7.0,-1.9,-0.4,0.76,1.5,1.81,4.0,-1.0,-6.0,-2.05,-3.21,-0.4,,-2.0,,0.3,-1.0,3.82,-0.55,,,,-4.0,-0.7,1,-2.22,3.1,,-2.0,3.0,-5.84,-1.78,3.1,19,0.5182456757,0.4935873969
2022,7,Kansas,TCU,-7.5,-7,31,38,-6.57,5.03,-5.66,5.44,-10.22,-6.67,-7.88,4.0,0.92,-0.5,-4.94,7.25,-8.59,3.05,-4.14,0.99,-2.0,-8.65,-8.38,,-5.28,3.67,,7.0,-12.9,-5.66,-4.62,-7.34,-6.43,-4.0,-5.0,-6.0,-0.16,-7.15,-10.6,,-7.1,,-9.2,-7.5,-15.55,-2.15,,,,-2.0,-9.0,-6,-1.92,-7.0,,-6.5,-2.5,-1.35,-4.57,5.32,69,0.5795271692,0.4023491061
2022,7,Kentucky,South Carolina,6.5,-10,14,24,11.29,12.85,8.53,20.74,9.08,11.26,11.62,11.0,14.14,14.5,12.18,12.15,12.29,12.79,11.12,11.34,6.0,9.35,10.13,,8.11,9.01,,15.0,9.6,11.0,10.43,11.74,9.81,10.0,10.0,10.0,17.0,7.72,8.0,,8.5,,8.2,8.0,14.11,18.8,,,,13.0,6.8,11,7.28,7.4,,6.0,11.5,9.05,11.83,3.02,38,0.6125289407,0.754330231
2022,7,LSU,Tennessee,-3.0,-27,13,40,2.34,0.29,1.5,3.55,4.79,-3.03,1.94,1.0,0.58,6.5,2.38,0.15,-3.02,1.04,0.29,4.33,-2.0,-2.75,-4.68,,-1.53,-0.86,,1.0,1.5,0.58,-1.65,3.25,2.87,-1.0,-3.5,1.0,1.49,-7.26,-0.4,,-1.3,,-0.01,-2.5,10.13,-1.5,,,,2.0,0.8,-6,-5.06,-1.8,,-3.0,-4.0,-2.97,1.35,3.34,53,0.5803548623,0.5071311563
2022,7,Louisiana Tech,UTEP,2.5,10,41,31,5.53,3.52,6.08,-3.53,10.9,0.14,4.25,3.0,12.12,2.5,8.38,-1.12,3.6,-0.81,2.47,7.1,-1.0,-0.95,7.35,,-7.81,-2.14,,8.0,5.3,3.03,3.72,5.85,11.34,1.0,0.0,-2.0,3.03,-5.9,-4.5,,3.5,,-1.7,2.5,9.1,-4.8,,,,6.0,-3.2,1,3.81,2.8,,3.0,-3.5,-7.59,7.06,5.07,72,0.4992817755,0.5589180209
2022,7,Louisiana-Monroe,Coastal Carolina,-13.0,-7,21,28,-13.32,-9.25,-8.82,-9.82,-10.93,-13.26,-13.38,-12.0,-0.92,-21.5,-14.12,-13.73,-18.68,-6.51,-11.96,-2.9,-17.0,-10.15,-11.72,,-12.62,-15.27,,-7.0,-17.5,-12.06,-12.06,-15.15,-7.36,-10.0,-14.0,-13.0,-16.42,-7.64,-12.8,,-12.2,,-11.4,-13.0,-11.86,-11.0,,,,-16.0,-10.3,-8,-10.15,-13.4,,-13.5,-19.5,-15.6,-12.93,3.98,49,0.5253343323,0.2324553335
2022,7,Maryland,Purdue,3.0,-2,29,31,2.68,5.31,0.6,-3.05,-3.85,7.58,4.54,5.0,0.36,4.5,1.61,7.97,-1.71,1.97,2.48,5.31,3.0,-0.45,4.65,,2.36,1.53,,5.0,0.01,1.97,1.65,1.06,6.4,1.0,3.5,2.0,6.68,5.46,1.2,,2.7,,0.6,3.0,0.69,9.0,,,,-3.0,-0.4,1,-1.94,0.2,,3.0,0.5,4.9,2.32,3.09,60,0.4871753133,0.5609355334
2022,7,Massachusetts,Liberty,-24.0,-18,24,42,-25.76,-23.42,-24.89,-16.98,-19.96,-23.9,-26.18,-19.0,-29.42,-28.0,-28.81,-20.2,-29.25,-12.59,-25.64,-25.59,-23.0,-29.95,-21.93,,-32.96,-19.08,,-27.0,-30.8,-26.18,-28.58,-27.18,-23.54,-28.0,-25.0,-27.0,-23.88,-17.13,-27.2,,-26.2,,-24.0,-24.0,-26.67,-21.8,,,,-38.0,-23.0,-30,-31.94,-21.0,,-24.5,-18.0,-41.37,-32.4,5.43,66,0.4610623922,0.0632120286
2022,7,Memphis,Houston,2.5,-1,32,33,3.45,8.05,2.6,9.69,-0.88,5.83,5.2,8.0,2.96,11.0,1.93,10.8,1.85,1.02,3.59,3.54,7.0,2.25,3.41,,6.14,4.63,,9.0,2.8,2.98,2.98,1.79,5.4,2.0,3.0,6.0,9.39,-3.74,-1.4,,1.8,,0.4,2.5,2.04,3.85,,,,2.0,-1.0,-2,-1.21,2.6,,2.5,-5.5,7.29,4.29,3.72,65,0.5266502764,0.5871355269
2022,7,Miami (Fla.),North Carolina,3.5,-3,24,27,2.38,-1.08,0.58,9.37,5.52,0.69,1.41,-0.25,6.99,-4.0,3.57,-5.42,-0.65,-3.39,0.68,-1.56,-4.0,-3.05,3.69,,-9.81,-5.26,,-3.0,-3.0,0.58,-0.35,3.19,6.1,2.0,3.5,5.0,-5.28,-2.09,5.8,,3.2,,4.6,3.5,-4.59,-1.2,,,,3.0,6.1,4,0.2,1.5,,3.5,4.0,-1.91,0.01,4.05,51,0.4316662604,0.5165542976
2022,7,Miami (Ohio),Kent,-5.0,3,27,24,0.22,-3.01,3.77,-0.51,7.2,-0.39,-2.02,-0.25,-7.21,2.5,1.19,-0.75,4.78,4.39,1.4,7.08,-5.0,-2.75,0.89,,5.03,-0.01,,-5.0,4.8,1.0,-1.1,3.24,-0.74,7.0,-3.0,1.0,0.9,5.74,5.0,,-1.7,,3.6,-4.0,-8.63,1.9,,,,-4.0,3.3,10,4.9,-0.6,,-6.0,4.0,0.26,-4.98,4.08,51,0.6519097477,0.5340353932
2022,7,Michigan St.,Ohio St.,-27.0,-29,20,49,-20.13,-20.35,-17.05,-28.74,-11.12,-22.28,-25.79,-21.0,-27.03,-28.5,-16.9,-16.77,-21.7,-11.88,-21.05,-16.21,-23.0,-27.25,-22.44,,-25.23,-8.78,,-24.0,-29.0,-20.83,-20.83,-18.18,-17.52,-23.0,-24.5,-20.0,-18.06,-13.0,-19.5,,-23.8,,-16.9,-26.0,-37.9,-25.35,,,,-30.0,-17.0,-19,-20.35,-23.5,,-27.0,-9.5,-21.94,-27.71,5.97,69,0.6371461262,0.1072640776
2022,7,Mississippi St.,Arkansas,9.0,23,40,17,5.77,12.98,3.08,16.85,1.76,7.26,7.65,12.0,16.86,9.0,5.6,10.89,2.74,6.73,6.92,6.71,8.0,5.75,5.74,,1.45,1.11,,16.0,4.8,5.77,5.77,3.56,9.71,2.0,6.0,5.0,9.84,8.62,3.5,,9.1,,4.8,9.0,13.11,15.65,,,,4.0,4.5,4,-1.56,3.4,,9.5,5.5,0.65,9.89,4.47,57,0.4498154905,0.6626172085
2022,7,NC St.,Florida St.,3.5,2,19,17,5.1,3.78,4.93,5.33,7.8,5.94,4.38,5.0,5.85,7.5,5.95,2.65,5.71,5.08,6.0,5.68,5.0,6.55,4.47,,8.05,8.94,,4.0,0.5,5.94,4.3,6.44,3.67,10.0,3.5,9.0,6.35,9.62,7.6,,5.3,,6.7,4.0,5.93,0.2,,,,7.0,7.3,10,10.84,4.2,,3.0,7.5,7.73,6.29,2.29,36,0.5619322362,0.6458305373
2022,7,Navy,Tulsa,-6.0,32,53,21,-4.6,-4.48,-2.34,-7.27,-0.42,-7.01,-5.41,-7.0,-8.95,-5.5,-5.52,-2.08,-7.98,-8.89,-4.96,-3.43,-10.0,-7.55,-4.09,,-1.27,0.5,,-3.0,-1.5,-5.0,-6.56,-3.35,-6.01,-5.0,-4.5,-5.0,-4.78,-6.63,-5.3,,-5.5,,-4.2,-6.0,-11.83,-0.15,,,,-13.0,-4.0,-5,-6.38,-3.4,,-6.0,-10.0,-3.29,-7.88,3.26,74,0.5255849295,0.3797757388
2022,7,Nevada,Colorado St.,3.0,-3,14,17,6.54,13.13,9.7,26.4,7.16,17.78,8.8,13.0,14.63,19.0,5.38,12.32,11.47,15.6,11.35,16.93,14.0,13.95,6.31,,25.82,14.86,,11.0,5.8,11.0,11.85,4.75,10.8,15.0,4.0,5.0,9.33,11.41,6.4,,7.0,,7.5,4.5,8.39,5.45,,,,8.0,6.5,17,17.89,2.8,,3.5,12.0,15.51,8.81,5.17,31,0.6915148361,0.7516980425
2022,7,New Mexico,Wyoming,-3.5,-13,14,27,-2.15,0.89,-4.51,6.59,-1.6,-1.76,-0.3,-1.0,4.6,-5.5,-3.6,-1.1,-8.37,-7.1,-3.29,-4.12,-1.0,-4.85,-2.26,,-6.47,-7.51,,-2.0,-10.3,-3.09,-2.38,-4.75,0.64,-4.0,-3.0,-4.0,-4.77,-2.18,-0.2,,-1.7,,0.3,-3.5,-7.07,-1.1,,,,-7.0,2.1,-8,-8.88,-3.0,,-3.5,-6.5,-6.65,-3.09,3.52,41,0.5051520778,0.4198292394
2022,7,Northern Ill.,Toledo,-5.5,-20,32,52,-4.59,-8.11,-0.79,-3.42,-2.47,-6.11,-5.89,-7.0,-8.72,-9.0,-3.96,-7.79,-5.26,-5.48,-4.54,-1.96,-11.0,-2.25,-5.62,,-4.86,-0.42,,-9.0,-8.3,-4.81,-4.25,-3.91,-6.03,-4.0,-6.0,-8.0,-8.32,1.16,0.4,,-5.4,,1.2,-5.5,-4.81,-1.05,,,,-9.0,1.9,-2,-6.09,-3.4,,-5.5,-2.5,-9.67,-5.94,3.25,84,0.5236206335,0.3896739255
2022,7,Northwestern,Wisconsin,-10.0,-35,7,42,-9.95,-6.62,-10.7,-11.06,-8.35,-5.24,-10.57,-6.0,-8.55,-9.0,-10.0,-5.58,-12.74,-9.84,-10.22,-2.45,-8.0,-7.25,-10.85,,-6.34,-10.25,,-9.0,-13.0,-10.6,-12.69,-10.96,-11.76,-14.0,-8.0,-11.0,-10.78,-8.3,-12.7,,-12.7,,-10.6,-10.0,-10.86,-2.8,,,,-20.0,-12.3,-13,-20.12,-9.3,,-10.0,-15.5,-13.07,-13.64,3.64,49,0.4946110441,0.2651552314
2022,7,Notre Dame,BYU,4.0,8,28,20,7.97,-0.43,8.53,-8.2,6.86,-0.01,8.89,-3.0,9.05,0.01,7.37,-5.54,7.6,-2.91,3.51,-0.8,-3.0,9.4,2.57,,5.26,-3.31,,8.0,7.8,4.0,6.43,8.49,7.19,9.0,3.0,2.0,0.22,2.67,3.6,,6.3,,3.0,4.0,5.97,-3.95,,,,4.0,3.1,4,9.4,2.2,,3.5,-7.5,1.39,7.6,4.94,48,0.4882433575,0.583606555
2022,7,Ohio,Akron,10.0,21,55,34,13.96,10.75,13.18,7.83,13.31,14.31,14.65,14.0,13.11,16.0,14.03,9.47,15.62,16.37,12.22,4.97,8.0,10.95,15.48,,13.15,5.5,,8.0,13.7,13.11,14.35,15.04,10.05,16.0,11.5,11.0,9.37,6.63,11.9,,12.8,,11.7,10.0,11.29,13.9,,,,14.0,9.9,15,12.96,11.5,,11.0,9.0,9.56,14.61,3.11,89,0.5545781786,0.7750016273
2022,7,Oklahoma,Texas,-8.5,-49,0,49,-0.69,-4.23,0.15,-1.81,6.01,-2.89,-2.05,-3.0,-11.51,1.5,-0.61,-0.32,-1.76,-4.07,-2.31,-9.31,-4.0,-8.6,-1.21,,-9.67,-0.79,,-6.0,-4.5,-2.05,-2.79,1.82,-6.49,0.01,-5.0,-6.0,-2.77,0.84,3.4,,-3.8,,2.0,-7.5,-7.81,-3.3,,,,-9.0,2.1,-1,3.77,-3.5,,-7.0,6.5,6.4,-6.0,4.25,49,0.6467795767,0.4441105001
2022,7,Oklahoma St.,Texas Tech,9.0,10,41,31,12.1,9.84,9.25,7.02,13.73,11.54,13.23,13.0,9.13,18.5,10.54,10.23,14.15,15.61,11.86,11.85,14.0,14.85,11.08,,17.01,11.28,,6.0,9.4,12.1,11.94,13.87,10.35,17.0,11.0,10.0,12.37,17.0,13.5,,10.6,,13.8,9.5,-5.16,-0.35,,,,8.0,13.8,19,16.11,13.6,,9.0,17.5,20.2,7.14,4.57,72,0.5687207531,0.7635892581
2022,7,Pittsburgh,Virginia Tech,14.5,16,45,29,13.14,11.9,13.8,12.36,8.29,11.08,13.85,11.0,14.68,13.0,15.42,10.41,15.19,8.33,15.08,12.19,10.0,20.05,12.44,,18.97,13.22,,16.0,13.3,14.68,15.5,12.04,16.71,16.0,14.5,16.0,19.89,18.67,19.0,,14.3,,17.1,14.5,23.84,12.9,,,,21.0,18.6,22,18.47,9.1,,14.5,16.0,18.89,18.83,3.66,74,0.5142000342,0.8226847212
2022,7,Rutgers,Nebraska,-3.0,-1,13,14,-3.69,11.9,-4.61,7.82,-4.29,0.96,-2.73,10.0,12.06,6.5,-4.31,11.83,-5.58,6.89,0.88,4.88,4.0,-5.05,-6.33,,-4.16,7.69,,11.0,-8.2,0.1,2.27,-5.66,1.57,-1.0,-3.0,-1.0,6.55,7.73,0.01,,1.6,,1.0,-3.0,6.57,-1.35,,,,1.0,1.8,-4,-4.03,-3.2,,-3.0,-6.5,-4.27,-2.45,5.79,27,0.5907985091,0.5207651818
2022,7,San Diego St.,Hawaii,23.5,2,16,14,19.81,18.92,15.23,12.66,19.05,11.2,21.12,16.0,31.21,16.5,22.32,12.31,18.46,18.42,20.31,16.45,12.0,33.75,25.8,,18.8,13.79,,20.0,17.3,19.05,19.11,18.68,21.51,15.0,21.0,30.0,13.5,24.94,24.9,,25.3,,23.6,23.5,24.18,30.1,,,,26.0,25.2,23,15.43,22.5,,22.0,12.0,18.03,26.9,5.58,30,0.4248199418,0.8862837917
2022,7,San Jose St.,UNLV,6.5,33,40,7,5.32,0.98,2.1,0.66,3.99,7.81,5.65,4.0,-0.15,6.5,5.28,1.58,4.61,-1.85,4.15,4.98,-1.0,3.15,3.89,,5.25,7.87,,1.0,2.0,4.0,2.32,5.53,3.37,4.0,4.5,5.0,4.88,10.67,4.1,,2.6,,5.3,6.0,11.02,9.4,,,,2.0,2.8,5,-0.83,2.6,,7.0,4.5,2.83,2.25,2.89,47,0.4421019664,0.6014869387
2022,7,Stanford,Oregon St.,-4.5,-1,27,28,-4.31,-4.4,-4.06,-9.07,-2.22,-8.55,-6.11,-4.0,-3.79,-7.0,-3.87,-4.74,-8.73,-11.2,-6.88,-7.79,-6.0,-11.15,-6.64,,-10.3,-9.7,,-7.0,-7.3,-7.0,-7.47,-2.44,-2.65,-9.0,-6.5,-7.0,-9.3,-7.51,-5.7,,-4.3,,-4.9,-4.5,-5.73,-11.8,,,,-11.0,-3.1,-16,-14.07,-3.5,,-7.0,-8.0,-10.3,-8.75,3.45,55,0.441763785,0.3359679573
2022,7,Texas St.,Appalachian St.,-19.0,12,36,24,-22.26,-12.42,-12.74,-12.0,-15.59,-13.8,-22.45,-13.0,-20.77,-19.0,-23.52,-7.92,-21.45,,-17.44,-13.96,-11.0,-18.45,-19.16,,-8.52,-6.23,,-17.0,-25.3,-17.25,-16.7,-25.19,-14.2,-17.0,-18.5,-27.0,-20.45,-12.2,-17.5,,-20.4,,-16.4,-19.0,-21.72,-7.4,,,,-25.0,-15.9,-21,-25.31,-10.1,,-19.0,-13.5,-21.47,-24.83,5.65,60,0.5368831859,0.1503233293
2022,7,Texas-San Antonio,Western Kentucky,6.5,3,31,28,2.45,6.0,-2.4,1.29,2.87,-1.92,3.17,9.0,7.82,7.0,1.06,5.03,-0.16,3.4,1.64,8.46,-9.0,0.85,0.73,,0.58,7.01,,5.0,-5.3,1.16,-0.58,2.78,-1.49,-2.0,5.5,4.0,5.29,9.48,-0.3,,3.9,,0.5,5.5,-2.73,-9.0,,,,1.0,1.5,-1,-10.0,3.4,,7.0,-1.0,4.61,-0.59,4.49,59,0.3841608593,0.5395906572
2022,7,Troy St.,Southern Miss.,6.5,17,27,10,6.44,4.34,7.99,2.88,7.46,12.38,5.95,6.0,-0.28,11.5,6.59,6.83,10.08,4.86,8.07,8.08,-3.0,5.75,6.24,,13.72,12.68,,6.0,8.4,8.0,6.29,8.05,4.26,8.0,6.5,8.0,12.15,8.12,8.3,,3.9,,7.0,6.5,13.86,13.1,,,,6.0,6.9,9,8.14,9.7,,7.0,8.0,15.05,5.39,3.63,37,0.5384009407,0.6898902123
2022,7,Tulane,East Carolina,3.0,15,24,9,2.95,12.99,3.55,4.6,1.01,-1.41,3.64,9.0,13.21,10.0,2.04,12.87,3.14,1.71,4.21,6.93,7.0,3.65,-1.59,,1.8,8.55,,13.0,-0.8,3.3,4.51,2.9,7.34,6.0,3.5,3.0,10.94,-1.99,2.4,,4.7,,3.3,3.0,6.11,1.9,,,,1.0,3.4,2,1.65,0.5,,3.5,-3.5,1.19,3.8,4.13,33,0.5294024959,0.6012808358
2022,7,UAB,Middle Tenn.,9.5,27,41,14,8.08,6.97,7.97,10.12,10.06,10.88,7.14,8.0,14.77,8.5,10.34,2.78,9.87,3.7,8.85,4.33,7.0,5.05,12.62,,8.49,5.49,,7.0,4.1,8.66,6.46,8.98,8.66,10.0,9.5,5.0,7.84,10.43,12.4,,10.6,,11.3,9.5,14.82,9.05,,,,7.0,12.1,13,7.13,12.0,,9.5,13.5,9.77,10.51,2.9,55,0.4839354502,0.7082949945
2022,7,UCLA,Utah,-3.5,10,42,32,-9.07,6.23,-6.75,-12.9,-1.72,-4.77,-13.05,3.0,-6.8,0.5,-7.82,13.25,-6.04,1.37,-4.69,1.61,1.0,-10.45,-9.38,,-5.37,4.35,,8.0,-11.0,-6.04,-4.59,-6.1,-6.77,-8.0,-3.5,-5.0,3.08,-15.28,-6.5,,-7.4,,-5.5,-3.5,-2.68,-8.85,,,,-10.0,-6.3,-10,-7.64,-4.0,,-3.5,-1.0,-5.01,-10.73,5.95,74,0.4720189225,0.3910229375
2022,7,USC,Washington St.,12.0,16,30,14,8.68,15.62,5.72,18.27,4.66,8.34,8.56,11.0,24.68,10.5,9.23,10.75,5.16,4.93,9.02,8.29,10.0,3.15,14.98,,1.04,8.06,,13.0,3.5,8.68,8.37,9.51,16.5,5.0,10.5,8.0,10.7,6.99,10.9,,16.9,,10.6,12.0,10.64,18.25,,,,6.0,10.8,8,-3.16,12.1,,12.5,0.01,-2.97,12.02,5.38,44,0.429447942,0.7047501771
2022,7,Utah St.,Air Force,-11.0,7,34,27,-10.43,-12.15,-9.23,-24.72,-5.03,-14.67,-12.58,-12.0,-14.27,-14.0,-10.84,-11.02,-11.49,-7.2,-10.93,-8.34,-22.0,-13.25,-10.32,,-9.16,-5.55,,-11.0,-16.0,-10.43,-13.2,-8.26,-10.87,-9.0,-9.5,-8.0,-15.49,-9.11,-9.7,,-12.4,,-9.4,-11.0,-13.65,-9.45,,,,-20.0,-9.4,-12,-7.79,-7.5,,-10.5,-1.0,-10.11,-16.2,4.31,61,0.5016977072,0.2531943877
2022,7,Vanderbilt,Mississippi,-17.0,-24,28,52,-19.43,-14.76,-13.85,-21.83,-7.97,-17.05,-22.1,-18.0,-20.04,-22.5,-19.03,-11.92,-23.09,-9.71,-18.12,-8.72,-16.0,-20.15,-14.86,,-12.36,-14.71,,-18.0,-20.9,-19.0,-19.37,-18.95,-18.34,-22.0,-18.5,-21.0,-19.94,-16.76,-20.1,,-20.3,,-17.4,-17.0,-30.67,-19.25,,,,-28.0,-20.1,-19,-14.88,-12.3,,-17.0,-17.0,-20.79,-24.75,4.6,80,0.4729868548,0.1364692732
2022,7,Virginia,Louisville,-2.5,-17,17,34,-4.82,-0.26,-3.44,-3.7,0.85,-3.87,-7.83,-3.0,-5.42,-0.5,-2.9,2.51,-3.87,-7.61,-4.58,-1.98,-3.0,-5.95,-7.96,,-6.62,2.96,,1.0,-7.1,-4.63,-2.23,-2.03,-4.63,-5.0,-3.5,-8.0,-2.01,-13.28,-8.3,,-7.5,,-6.4,-2.5,-2.37,-7.5,,,,-8.0,-7.5,-8,-12.78,-5.0,,-3.0,-2.5,-4.37,-3.81,3.59,51,0.4491529406,0.3891981363
2022,7,Wake Forest,Army,16.5,35,45,10,16.44,27.82,11.12,21.12,10.67,18.36,18.38,23.0,25.25,22.0,15.75,29.21,15.32,16.64,18.7,25.61,25.0,20.35,13.51,,27.49,15.11,,31.0,12.8,17.97,19.85,16.45,14.58,19.0,16.5,22.0,32.47,18.94,14.9,,15.6,,14.8,16.5,18.56,22.8,,,,17.0,15.2,21,11.68,8.6,,17.0,12.5,19.57,17.97,5.55,55,0.5520395775,0.8669172133
2022,7,Western Mich.,Eastern Mich.,6.0,-22,23,45,8.14,0.91,8.5,5.04,10.64,5.37,10.12,5.0,11.47,4.0,7.85,-4.76,2.96,-2.3,6.76,7.98,-4.0,14.15,8.0,,9.46,5.7,,5.0,1.8,7.46,5.92,6.14,7.46,14.0,4.5,6.0,4.57,6.22,9.5,,7.7,,8.7,6.0,8.44,0.65,,,,10.0,8.4,14,9.73,3.4,,5.0,5.5,7.5,8.81,4.08,68,0.5184914643,0.6599877533
2022,8,Akron,Central Mich.,-13.0,-7,21,28,-15.26,-7.68,-14.93,-11.33,-8.27,-14.99,-17.37,-8.0,-20.05,-12.0,-15.26,-1.02,-20.79,,-13.36,-3.36,-9.0,-11.95,-14.24,,-12.7,-3.28,-10.72,-9.0,-18.9,-13.4,-13.25,-15.14,-11.77,-18.0,-13.0,-14.0,-2.59,-10.69,-15.0,,-17.7,,-13.4,-13.0,-17.69,-14.95,,,,-21.0,-12.4,-18,-25.02,-13.2,,-13.0,-12.5,-19.32,-15.05,5.21,49,0.4914040623,0.2119456977
2022,8,BYU,Arkansas,1.0,-17,35,52,1.49,6.06,-0.22,8.85,2.32,2.36,0.89,9.0,5.82,8.5,2.52,6.19,0.78,,3.19,1.85,1.0,0.01,4.64,,-1.75,3.25,2.1,3.0,-0.4,2.36,0.3,1.44,4.91,4.0,2.0,2.0,5.45,5.31,0.01,,3.0,,0.4,1.0,9.49,11.5,,,,-1.0,0.3,4,-6.13,-0.1,,-1.5,17.0,-1.79,3.1,3.98,87,0.5532294172,0.5772768788
2022,8,Ball St.,Connecticut,9.5,4,25,21,10.4,8.68,10.68,8.04,7.41,11.38,10.45,5.0,11.74,9.5,10.41,7.03,12.12,,8.23,0.86,3.0,8.35,10.49,,8.44,8.34,1.75,1.0,6.6,8.34,7.27,12.08,7.69,15.0,9.5,8.0,4.6,7.04,8.8,,9.4,,6.5,9.5,4.75,3.2,,,,7.0,6.5,10,6.74,7.9,,9.0,15.0,10.96,9.35,3.2,46,0.4687456398,0.694346321
2022,8,Bowling Green,Miami (Ohio),-7.0,4,17,13,-10.56,-3.42,-10.65,-8.67,0.14,-11.22,-13.74,-3.0,-6.15,-8.0,-8.06,-1.95,-10.5,,-6.72,-1.35,-1.0,-9.45,-4.44,,-11.86,-2.67,-1.12,1.0,-10.3,-7.0,-5.15,-10.14,-6.03,-15.0,-7.0,-7.0,-3.07,-5.31,-8.3,,-6.2,,-8.8,-7.0,-0.5,-7.1,,,,-11.0,-5.6,-8,-8.74,-3.2,,-7.0,-5.5,-11.37,-2.67,3.95,30,0.506827897,0.3406169121
2022,8,Central Florida,Temple,23.5,57,70,13,25.38,21.01,26.22,24.92,25.39,32.02,27.77,15.0,28.87,20.0,26.34,16.8,30.48,,27.25,22.94,10.0,32.45,28.9,,34.53,14.38,26.91,24.0,27.8,27.82,25.59,24.76,29.23,33.0,25.0,33.0,32.46,28.05,32.2,,29.0,,27.9,24.0,35.3,15.75,,,,31.0,29.4,37,32.95,25.0,,23.5,16.0,35.03,31.92,6.35,83,0.5868037057,0.944509781
2022,8,Coastal Carolina,Old Dominion,11.5,-28,21,49,10.27,16.33,14.44,16.09,10.14,12.66,9.94,16.0,5.88,26.5,10.46,21.95,13.76,,12.85,10.31,12.0,9.95,9.87,,10.98,18.92,13.86,18.0,13.4,12.0,12.63,12.36,10.17,12.0,11.0,9.0,24.23,2.37,10.0,,9.6,,9.3,11.5,10.43,14.85,,,,10.0,8.3,8,9.91,15.0,,12.5,19.5,14.06,10.52,4.6,70,0.5325502381,0.7815658567
2022,8,Colorado,California,-15.0,7,20,13,-15.92,-15.27,-11.38,-40.72,-16.91,-13.36,-19.24,-11.0,-18.1,-10.5,-17.03,-13.75,-12.05,,-14.75,-19.29,-22.0,-19.05,-13.64,,-17.87,-3.11,-17.73,-17.0,-19.6,-13.79,-13.79,-12.71,-13.03,-11.0,-15.0,-15.0,-17.77,-2.53,-9.3,,-12.9,,-8.8,-15.0,-18.43,-17.5,,,,-23.0,-6.8,-13,-13.49,-11.2,,-15.0,-7.0,-14.57,-21.13,6.23,33,0.5058485696,0.1935242819
2022,8,Colorado St.,Utah St.,-12.0,-4,13,17,-6.21,-5.57,-7.05,-4.93,-5.01,-6.35,-9.36,-7.0,-8.6,-8.0,-4.98,-3.93,-6.67,,-7.26,-8.35,-6.0,-10.15,-2.55,,-12.2,-7.64,-5.78,-9.0,-6.2,-6.35,-3.9,-3.62,-4.47,-5.0,-8.5,-12.0,-5.1,-13.45,-6.6,,-6.5,,-5.2,-11.0,-5.34,-2.85,,,,-15.0,-6.1,-12,-16.99,-3.8,,-11.0,-8.0,-14.69,-6.48,3.31,30,0.6149696204,0.3271873917
2022,8,Duke,North Carolina,-7.5,-3,35,38,-4.27,-1.8,-6.62,2.39,3.74,-4.15,-5.12,-4.0,0.86,-9.5,-2.97,-3.23,-9.05,,-5.52,6.44,4.0,-6.95,-8.45,,-3.27,-7.19,4.47,-3.0,-5.1,-5.12,-5.38,-5.44,-5.01,-11.0,-6.0,-9.0,-5.65,-15.65,-15.7,,-7.6,,-11.7,-7.5,0.38,1.8,,,,3.0,-13.6,-14,-18.64,-9.2,,-7.0,-10.5,-10.84,0.96,5.75,73,0.5466786296,0.3718542299
2022,8,East Carolina,Memphis,6.0,2,47,45,0.75,-2.52,0.41,5.51,3.18,7.93,0.68,-0.25,2.06,-4.5,1.87,-4.99,5.48,,1.89,0.48,1.0,2.85,6.49,,-0.19,-3.09,-2.08,-3.0,-1.1,1.9,1.8,-0.65,1.74,3.0,4.5,2.0,-2.64,9.07,5.2,,1.9,,3.6,5.0,2.02,2.1,,,,6.0,4.5,11,5.23,2.6,,5.0,6.0,-0.85,2.95,3.55,92,0.4002659634,0.5462474896
2022,8,Eastern Mich.,Northern Ill.,3.0,-29,10,39,3.22,11.67,1.4,9.47,3.35,3.51,2.95,13.0,3.37,16.0,3.44,16.14,0.52,,4.82,6.47,2.0,2.05,2.18,,5.39,10.73,7.27,15.0,2.0,3.51,7.35,3.61,4.7,5.0,3.0,5.0,13.21,0.58,-2.8,,0.9,,-2.3,3.0,4.38,7.7,,,,-2.0,-2.6,1,-5.47,3.3,,2.5,1.0,9.37,6.91,5.06,49,0.5434887669,0.6138131656
2022,8,Florida,LSU,2.5,-10,35,45,-0.91,-1.71,0.95,-9.9,-5.4,-1.73,-0.01,-1.0,-4.72,1.0,-3.08,-0.01,0.16,,-1.2,-1.9,-16.0,1.35,1.76,,1.26,2.84,-3.59,-3.0,-5.4,-1.44,-1.26,-1.45,-4.47,2.0,3.5,2.0,-1.44,2.16,-2.8,,-3.1,,-1.9,2.0,-5.14,-2.9,,,,-6.0,-4.0,8,-5.23,2.9,,2.5,5.5,4.87,-6.26,4.1,80,0.4107286883,0.4708272356
2022,8,Florida Atlantic,Rice,4.0,3,17,14,3.81,-8.32,3.83,1.6,1.45,-0.61,3.2,-5.0,-4.33,-0.5,3.78,-10.48,6.01,,0.51,-6.7,-9.0,-4.35,7.37,,-4.47,-8.96,-3.42,-11.0,5.6,1.6,0.97,5.15,8.55,5.0,5.0,-2.0,-6.78,6.1,4.3,,3.2,,5.7,4.0,1.35,2.45,,,,-2.0,4.5,6,1.24,4.3,,4.0,9.0,-9.12,1.15,5.6,31,0.4178798916,0.5120845378
2022,8,Florida Intl.,Texas-San Antonio,-33.5,-20,10,30,-25.71,-20.45,-22.31,-17.27,-29.4,-30.14,-29.71,-23.0,-39.59,-24.0,-27.54,-10.14,-33.75,,-28.33,-20.34,-13.0,-37.15,-28.72,,-31.02,-16.44,-30.11,-26.0,-31.4,-29.4,-30.46,-22.7,-25.15,-31.0,-34.0,-29.0,-20.47,-33.29,-33.9,,-33.6,,-28.4,-33.0,-42.81,-21.1,,,,-44.0,-31.7,-36,-32.01,-24.5,,-33.5,-18.5,-31.77,-40.74,7.55,40,0.6156756838,0.0535013603
2022,8,Florida St.,Clemson,-5.0,-6,28,34,-7.91,-7.04,-8.97,-3.36,-4.82,-3.58,-8.79,-8.0,-1.44,-17.5,-6.92,-10.06,-8.75,,-7.04,-7.53,-6.0,-7.85,-6.71,,-8.18,-7.7,-6.05,-8.0,-8.4,-6.92,-6.65,-9.57,-8.35,-6.0,-5.5,-8.0,-6.16,-5.5,-5.2,,-6.1,,-5.0,-5.0,-4.34,-3.3,,,,-8.0,-4.6,-6,-12.06,-4.1,,-3.5,-4.5,-10.7,-6.22,2.75,62,0.4496206801,0.3310693471
2022,8,Fresno St.,San Jose St.,-7.5,7,17,10,-7.29,-13.93,-0.91,-13.34,-8.18,-14.42,-11.61,-10.0,-11.48,-7.5,-6.28,-15.24,-4.83,,-7.26,-17.51,-8.0,-12.95,0.01,,-15.16,-2.51,-21.38,-15.0,-9.4,-8.18,-7.93,-2.79,-2.75,1.0,-6.0,2.0,-17.96,2.05,3.3,,-3.0,,3.2,-7.5,-8.26,-12.6,,,,-22.0,4.7,-4,5.56,-2.5,,-8.5,11.0,-8.98,-14.63,7.47,27,0.5054572198,0.3395068673
2022,8,Georgia,Vanderbilt,37.5,55,55,0,32.82,26.46,31.45,40.94,28.51,29.98,36.94,32.0,34.25,39.5,31.33,22.27,38.98,,34.52,28.83,14.0,36.95,35.88,,34.61,24.3,31.87,26.0,37.8,34.65,34.49,33.12,36.5,42.0,39.0,39.0,30.15,33.54,42.3,,37.4,,37.7,37.5,38.7,36.2,,,,37.0,39.6,37,35.28,30.0,,38.0,31.5,42.39,39.43,5.76,55,0.4299635266,0.9795318718
2022,8,Georgia Southern,James Madison,-13.0,7,45,38,-9.19,-15.56,-6.13,-9.99,-12.14,-16.77,-12.18,-10.0,-20.15,2.5,-8.8,-13.09,-1.89,,-10.95,-16.77,-12.0,-15.05,-8.2,,,-7.02,-19.24,-15.0,-10.1,-11.4,-13.79,-6.87,-5.73,-2.0,-11.0,-15.0,-16.9,-3.84,-7.9,,-10.8,,-6.3,-13.0,-16.96,-5.05,,,,-21.0,-4.2,-12,-17.23,-4.5,,-11.5,-14.5,-14.43,-16.28,5.41,83,0.5486441075,0.2569034897
2022,8,Hawaii,Nevada,-6.5,15,31,16,-5.61,-2.92,-6.98,-10.3,-10.65,-6.56,-3.58,-5.0,-7.07,-4.0,-9.15,-0.69,-11.67,,-7.74,-8.66,-10.0,-7.15,-7.86,,-12.19,-4.0,-17.73,-4.0,-15.3,-7.55,-10.56,-7.56,-3.92,-3.0,-4.5,-3.0,-0.47,-4.16,-7.8,,-8.4,,-9.0,-6.5,-16.43,-16.25,,,,-14.0,-8.7,-8,-12.19,-6.8,,-7.0,-6.0,0.19,-12.48,4.25,47,0.4699271725,0.3188302443
2022,8,Illinois,Minnesota,-7.0,12,26,14,-1.13,4.18,-3.99,10.41,8.23,-1.13,-2.11,4.0,-1.24,5.5,-0.01,7.09,-2.7,,1.08,5.72,-6.0,10.25,-4.05,,6.28,2.12,6.59,8.0,-8.2,0.0,1.23,-1.41,-4.51,0.01,-3.5,4.0,7.17,-3.2,-7.7,,-3.1,,-5.2,-5.5,9.18,2.1,,,,1.0,-6.6,-3,-0.56,-3.1,,-6.0,-0.5,1.42,4.46,4.93,40,0.6865561327,0.525903195
2022,8,Indiana,Maryland,-11.5,-5,33,38,-8.79,-7.23,-5.74,-9.81,-7.51,-12.09,-12.4,-7.0,-16.62,-4.0,-8.02,-2.17,-7.63,,-10.19,-12.13,-9.0,-15.95,-7.46,,-14.48,-0.15,-13.03,-5.0,-12.1,-10.5,-8.11,-5.48,-11.82,-8.0,-9.5,-10.0,-11.26,-20.3,-12.0,,-12.2,,-10.5,-11.5,-10.52,-17.0,,,,-17.0,-9.7,-17,-10.98,-5.3,,-11.5,-7.5,-14.32,-12.46,4.55,71,0.5316116561,0.2686126106
2022,8,Kentucky,Mississippi St.,-3.5,10,27,17,-4.59,-5.95,0.81,-6.46,-5.87,-4.24,-8.51,-4.0,-8.76,-1.5,-3.12,-4.44,-2.53,,-4.88,-5.64,-3.0,-6.95,-5.2,,-10.65,0.55,-8.84,-7.0,-7.8,-5.11,-3.71,-1.17,-3.4,0.01,-5.5,-7.0,-5.11,-4.36,-3.3,,-5.9,,-3.1,-3.5,-6.29,-10.05,,,,-11.0,-4.6,-6,3.21,-3.4,,-6.5,6.0,-7.2,-9.97,3.65,44,0.4662417651,0.3822443331
2022,8,Marshall,Louisiana-Lafayette,10.5,-10,13,23,2.25,6.62,-3.66,14.43,4.02,2.94,0.81,6.0,6.59,4.0,4.11,6.64,1.86,,4.03,7.64,4.0,0.01,9.3,,3.41,0.68,6.87,6.0,1.6,4.02,4.39,3.22,8.92,3.0,7.5,7.0,8.37,1.23,3.7,,8.5,,5.7,9.0,8.61,0.1,,,,7.0,5.0,1,-6.55,7.2,,10.5,-6.5,-3.78,4.02,4.33,36,0.3470869822,0.5967379175
2022,8,Massachusetts,Buffalo,-17.0,-27,7,34,-20.47,-9.68,-18.44,-10.62,-17.55,-20.53,-22.45,-12.0,-13.72,-18.0,-20.82,-7.51,-21.49,,-18.21,-18.25,-9.0,-23.15,-17.35,,-31.19,-7.6,-24.78,-15.0,-27.4,-18.1,-19.49,-21.32,-16.17,-21.0,-16.5,-17.0,-13.82,-7.22,-18.1,,-17.7,,-15.9,-17.0,-20.82,-13.95,,,,-27.0,-14.4,-24,-16.51,-15.0,,-17.0,1.0,-32.45,-23.29,6.7,41,0.4720106796,0.1453176482
2022,8,Michigan,Penn St.,7.0,24,41,17,6.5,4.24,7.7,3.7,2.72,8.09,8.79,7.0,6.01,9.5,5.12,3.3,8.55,,8.32,6.31,1.0,12.25,8.91,,10.6,9.75,7.07,6.0,8.9,8.55,8.78,4.52,8.59,13.0,7.0,11.0,4.98,16.12,10.8,,7.8,,9.5,7.0,6.25,9.4,,,,5.0,10.6,13,9.28,6.8,,7.0,15.5,6.73,8.69,3.23,58,0.532472622,0.6962391577
2022,8,Michigan St.,Wisconsin,-7.0,6,34,28,-6.22,-0.78,-5.23,-13.95,-3.44,-4.45,-7.51,-1.0,-1.27,-3.0,-5.98,-0.53,-7.58,,-3.22,-1.83,1.0,1.25,-4.54,,-0.68,3.2,-4.68,-1.0,-10.2,-3.4,-3.7,-5.94,-0.84,-4.0,-5.5,-1.0,-4.38,9.45,-1.4,,-2.3,,-1.4,-6.5,-6.21,-4.85,,,,-9.0,-0.5,-2,-2.69,-3.4,,-7.5,1.0,1.62,-5.79,3.92,62,0.5914143063,0.4219391878
2022,8,Middle Tenn.,Western Kentucky,-8.0,-18,17,35,-4.75,3.12,-6.8,-5.47,-2.67,-7.33,-6.77,2.0,-0.59,-0.5,-4.59,5.12,-8.91,,-5.42,-0.54,-8.0,-6.95,-6.37,,-11.52,-0.81,-2.16,3.0,-12.6,-4.8,-4.6,-2.83,-7.28,-8.0,-6.5,-3.0,-0.7,-3.81,-13.0,,-4.8,,-11.2,-8.0,-3.26,-17.2,,,,-7.0,-11.9,-8,-11.87,-3.2,,-8.0,-10.0,-1.93,-7.1,4.78,52,0.5618309419,0.3718688007
2022,8,Mississippi,Auburn,15.5,14,48,34,12.35,19.11,10.06,26.39,13.59,23.3,16.23,17.0,22.28,19.0,9.97,17.4,13.31,,15.5,13.68,9.0,15.85,12.64,,17.88,14.62,15.07,15.0,8.6,15.0,14.81,8.59,14.85,16.0,15.0,14.0,17.91,14.19,13.5,,15.5,,13.3,15.5,15.61,20.65,,,,16.0,13.3,19,11.01,14.5,,14.5,15.5,18.14,14.27,4.02,82,0.5,0.8280724847
2022,8,New Mexico St.,New Mexico,-7.0,12,21,9,-10.33,-10.32,-6.98,-9.73,-10.92,-4.79,-11.09,-9.0,-17.94,-7.5,-11.91,-6.22,-5.47,,-8.65,-8.25,-12.0,-13.65,-5.51,,-13.8,-1.1,-10.31,-16.0,-10.0,-9.43,-9.43,-10.1,-7.44,-5.0,-5.5,-12.0,-1.17,-3.77,-10.2,,-11.3,,-8.7,-7.0,-16.22,-7.6,,,,-22.0,-10.6,-11,-2.68,-2.7,,-6.5,11.0,-4.73,-15.89,5.42,30,0.4608230215,0.303050334
2022,8,North Texas,Louisiana Tech,6.5,20,47,27,2.85,3.69,0.45,5.11,4.87,3.49,2.58,5.0,4.12,5.5,2.92,3.46,3.75,,4.91,6.09,4.0,6.85,5.29,,10.57,2.06,2.54,1.0,0.8,4.87,1.31,3.28,3.24,8.0,5.0,7.0,4.96,7.22,8.9,,5.2,,5.0,6.5,1.54,7.35,,,,1.0,6.9,6,8.63,4.4,,7.0,10.5,12.08,3.23,2.84,74,0.4607303537,0.6196123916
2022,8,Notre Dame,Stanford,16.5,-2,14,16,13.42,17.94,19.07,12.6,12.66,15.28,13.36,17.0,15.28,26.0,14.3,19.38,17.85,,18.35,15.18,3.0,21.75,17.36,,20.67,18.16,15.9,22.0,18.6,17.36,17.91,15.26,19.0,27.0,15.5,15.0,26.55,16.82,16.6,,16.5,,15.4,16.5,19.8,18.9,,,,11.0,14.6,23,32.77,16.0,,17.0,22.5,28.64,15.34,4.97,30,0.5442744306,0.8650008564
2022,8,Oklahoma,Kansas,9.0,10,52,42,8.04,-7.75,10.15,-14.5,-1.15,10.6,6.35,-4.0,-8.02,5.5,7.37,-7.6,10.34,,2.93,-7.8,-9.0,-2.45,10.35,,-9.62,-0.39,-8.37,-7.0,6.2,5.5,4.04,13.19,6.88,13.0,7.5,2.0,-3.62,10.41,11.3,,4.9,,10.1,8.5,-6.5,-1.4,,,,-8.0,9.8,5,14.03,7.8,,9.0,20.5,6.09,-5.29,8.26,94,0.3672159364,0.5650359765
2022,8,Oregon St.,Washington St.,3.0,14,24,10,1.52,2.2,1.33,2.28,2.74,0.38,0.69,3.0,4.82,2.0,1.73,0.79,0.45,,1.17,-2.84,-4.0,-1.45,5.75,,-2.24,2.88,-8.43,2.0,-8.3,1.73,1.38,2.51,4.27,2.0,3.5,2.0,-0.35,15.3,6.0,,3.1,,5.1,3.0,0.55,0.2,,,,-3.0,6.7,7,-6.06,3.3,,4.0,3.0,-6.79,-0.19,4.25,34,0.4556681287,0.5283779396
2022,8,Purdue,Nebraska,14.0,6,43,37,12.59,19.82,9.25,21.88,17.72,13.78,13.6,18.0,27.6,16.0,14.63,15.63,13.04,,17.34,22.17,9.0,20.85,9.59,,20.2,14.22,21.76,26.0,14.1,16.0,15.94,10.75,14.86,15.0,12.0,16.0,24.24,20.79,16.9,,15.8,,16.4,14.0,27.85,24.25,,,,27.0,17.0,19,13.89,9.9,,14.0,8.5,14.95,22.34,5.16,80,0.579302094,0.8505711374
2022,8,SMU,Navy,12.5,6,40,34,4.45,11.3,7.06,8.74,8.3,9.85,1.32,8.0,16.5,10.5,7.54,8.5,10.1,,8.27,8.72,14.0,0.35,12.83,,-5.81,7.46,8.94,10.0,3.4,8.5,8.4,7.54,15.24,11.0,12.5,5.0,10.22,12.56,13.0,,13.4,,12.2,12.0,11.82,5.0,,,,7.0,12.3,3,9.29,8.4,,12.5,15.0,-3.82,7.89,4.52,74,0.3988735275,0.6918204795
2022,8,South Alabama,Louisiana-Monroe,17.0,7,41,34,16.61,18.56,12.13,27.29,16.26,14.77,19.33,15.0,23.31,14.0,16.76,16.0,18.05,,17.31,19.71,17.0,21.45,20.92,,17.43,13.81,18.69,18.0,13.5,17.25,17.25,14.69,18.32,17.0,18.0,18.0,23.17,17.93,14.4,,18.0,,12.8,17.0,19.77,18.75,,,,24.0,12.4,16,14.95,16.0,,17.0,11.0,15.08,20.63,3.41,75,0.5076164974,0.8568158015
2022,8,South Florida,Tulane,-12.0,-14,31,45,-12.48,-20.11,-10.17,-19.86,-15.0,-10.72,-14.8,-17.0,-21.64,-17.5,-13.09,-19.27,-8.92,,-13.5,-13.97,-19.0,-12.45,-8.52,,-9.07,-10.46,-15.63,-22.0,-17.0,-13.1,-15.43,-10.86,-13.0,-8.0,-11.0,-10.0,-24.21,-4.86,-8.3,,-13.3,,-8.3,-12.0,-18.24,-13.1,,,,-18.0,-7.6,-9,-14.71,-7.5,,-12.0,-6.0,-15.27,-20.08,4.7,76,0.4639051869,0.2074215038
2022,8,Southern Miss.,Arkansas St.,4.5,1,20,19,4.23,5.41,1.27,4.67,0.01,0.23,5.25,6.0,4.55,4.0,3.56,5.88,-1.36,,4.15,5.09,3.0,5.85,7.5,,15.33,3.3,0.59,4.0,-1.7,4.23,2.86,3.37,5.26,8.0,4.5,10.0,5.26,10.23,6.5,,4.2,,6.3,4.5,1.07,4.05,,,,2.0,7.2,6,0.49,2.6,,4.5,5.0,-0.77,0.79,3.26,39,0.4913844766,0.6010576881
2022,8,Syracuse,NC St.,3.0,15,24,9,-2.93,5.38,-2.02,4.53,3.2,-1.56,-3.52,2.0,6.03,-4.5,-1.65,5.03,0.63,,-0.57,0.52,4.0,0.01,-1.41,,-1.29,-3.1,3.55,3.0,-2.6,-0.88,0.55,-4.28,3.0,0.01,4.0,-3.0,1.9,-3.73,-5.0,,-1.1,,-4.1,2.5,0.54,2.6,,,,4.0,-4.1,-2,-13.59,-1.1,,3.5,-5.5,0.01,1.6,3.63,33,0.4132398223,0.4860393465
2022,8,TCU,Oklahoma St.,4.5,3,43,40,0.14,3.58,-2.28,6.19,7.15,-3.08,-0.01,2.0,2.39,-4.0,1.56,4.22,-3.61,,0.28,7.55,1.0,-0.45,2.17,,-2.76,-3.28,9.03,5.0,-2.7,0.2,-0.43,-1.55,2.6,-8.0,3.0,0.01,4.04,-5.43,-0.6,,0.4,,0.4,4.0,8.96,9.55,,,,4.0,0.2,-6,-13.46,-1.0,,4.0,-11.5,-11.82,5.82,5.3,83,0.4004598523,0.5066743109
2022,8,Tennessee,Alabama,-9.0,3,52,49,-8.39,0.64,-9.68,-1.88,-3.61,-6.66,-8.57,-7.0,-2.78,-19.0,-8.29,2.49,-8.98,,-6.41,-0.26,-4.0,-6.25,-8.32,,-7.96,-5.5,-5.35,1.0,-10.9,-7.0,-7.59,-10.26,-7.14,-7.0,-7.0,-9.0,2.27,-6.68,-7.9,,-8.8,,-6.0,-9.0,-3.15,-3.8,,,,-8.0,-7.0,-5,-8.49,-3.9,,-7.5,-6.5,-12.4,-4.83,3.96,101,0.5628953869,0.3475984375
2022,8,Texas,Iowa St.,15.5,3,24,21,11.23,14.64,8.34,10.14,10.97,15.82,14.26,9.0,22.42,11.0,9.97,10.43,13.17,,12.47,10.9,1.0,14.65,13.15,,13.49,7.13,13.96,15.0,13.0,12.6,11.2,8.81,17.77,9.0,14.0,12.0,13.0,13.96,9.5,,16.8,,10.2,15.0,21.75,15.75,,,,15.0,11.0,17,0.4,12.6,,17.0,5.5,6.83,17.72,4.4,45,0.4270256642,0.7754916752
2022,8,Toledo,Kent,7.5,21,52,31,8.14,9.57,6.08,3.93,5.5,9.0,9.78,10.0,8.78,11.5,6.43,9.99,11.14,,9.07,11.24,5.0,6.55,9.43,,11.1,6.81,6.07,8.0,11.8,9.0,6.27,8.15,8.33,12.0,8.5,13.0,13.24,12.6,10.9,,8.3,,8.8,7.5,6.61,1.45,,,,4.0,9.9,16,8.83,8.2,,9.0,9.0,15.69,6.92,2.96,83,0.538724518,0.7128234283
2022,8,Troy St.,Texas St.,16.5,3,17,14,18.05,13.33,10.63,6.73,16.04,17.37,19.35,11.0,17.81,14.0,18.11,10.92,15.41,,15.49,15.08,4.0,15.05,16.13,,28.55,10.92,18.07,15.0,14.6,15.3,12.17,18.97,14.56,14.0,16.5,24.0,19.11,13.23,16.7,,15.3,,15.5,16.5,18.65,8.35,,,,20.0,15.9,14,13.0,7.7,,16.0,7.0,18.57,18.45,4.65,31,0.4756563813,0.8254738483
2022,8,UAB,Charlotte,23.5,14,34,20,25.57,29.1,19.5,29.74,27.65,30.3,28.32,27.0,43.56,27.0,27.54,21.31,23.5,,26.37,24.45,22.0,29.05,19.52,,24.98,16.54,25.38,32.0,23.9,26.06,26.06,23.44,24.25,31.0,24.0,24.0,26.71,18.77,22.7,,29.4,,20.3,23.5,33.45,25.9,,,,32.0,20.7,31,26.11,23.5,,24.0,25.5,30.79,32.55,5.03,54,0.5684197071,0.9433575187
2022,8,UNLV,Air Force,-10.5,-35,7,42,-4.72,6.08,-9.02,1.64,-0.67,-5.78,-4.88,2.0,3.93,-4.0,-5.1,7.24,-10.02,,-4.01,7.09,1.0,-6.65,-7.48,,-4.73,-0.31,1.01,7.0,-12.4,-4.73,-3.47,-5.6,-3.57,-9.0,-10.0,-5.0,0.58,-14.85,-8.7,,-4.9,,-9.6,-9.5,0.74,-4.2,,,,-4.0,-8.2,-11,-10.95,-4.3,,-10.0,-11.0,-6.06,-2.93,5.38,49,0.6506825757,0.4054681202
2022,8,Utah,USC,3.5,1,43,42,2.78,-5.57,7.01,2.57,0.83,2.22,2.83,-4.0,0.91,-1.0,2.91,-9.07,4.63,,3.02,-2.22,-1.0,8.35,4.5,,2.83,-3.27,-4.73,-4.0,-0.6,2.62,2.62,2.62,4.06,14.0,3.0,2.0,-0.98,16.97,7.6,,1.1,,6.1,3.5,0.94,-4.55,,,,1.0,7.4,14,19.5,3.4,,3.5,16.0,6.94,0.4,6.09,85,0.4887389375,0.5704894245
2022,8,Virginia Tech,Miami (Fla.),-7.5,-6,14,20,-9.15,-5.15,-5.83,-8.96,-7.54,-7.34,-11.74,-5.0,-13.56,-4.0,-8.95,-0.61,-5.01,,-7.77,-1.34,-10.0,-12.15,-8.44,,-4.51,-0.38,-6.37,-6.0,-8.6,-7.34,-6.46,-6.94,-10.99,-7.0,-8.0,-11.0,-6.04,-6.08,-13.1,,-11.6,,-10.3,-7.5,-8.76,-4.25,,,,-18.0,-11.6,-9,-11.75,-4.3,,-7.5,-3.5,-11.96,-10.5,3.78,34,0.4933990729,0.3169727649
2022,8,Washington,Arizona,14.5,10,49,39,14.32,12.69,12.6,19.31,15.25,15.42,14.93,13.0,25.05,15.5,15.84,6.03,16.28,,13.79,7.13,10.0,14.35,14.08,,10.0,7.13,13.25,12.0,14.2,14.35,13.28,14.2,17.86,17.0,17.0,1.0,15.7,10.66,16.1,,19.8,,15.8,14.5,17.73,13.85,,,,19.0,15.0,11,4.28,16.5,,14.5,8.0,7.95,18.31,4.47,88,0.4828309365,0.7984606192
2022,8,West Va.,Baylor,-3.0,3,43,40,-5.16,-3.46,-4.83,-4.78,-2.36,-7.79,-5.11,-5.0,-1.16,-5.5,-5.6,-4.7,-5.63,,-5.7,-2.64,-11.0,-9.35,-2.4,,-11.08,-10.15,-3.09,-6.0,-10.3,-5.0,-4.72,-6.66,-3.49,-7.0,-3.0,-7.0,-7.93,-11.89,-4.9,,-3.8,,-4.1,-3.5,-2.81,-2.95,,,,-7.0,-4.8,-7,-10.04,-3.7,,-3.0,-8.0,-14.51,-1.45,3.08,83,0.4336931711,0.3622272203
2022,8,Western Mich.,Ohio,0.0,-19,14,33,3.16,-4.26,4.97,5.71,-1.04,2.75,2.34,0.25,0.12,4.0,3.58,-6.63,2.42,,2.18,-2.13,1.0,3.45,7.84,,-5.76,10.27,-3.96,3.0,-3.2,2.75,2.47,4.39,3.65,10.0,2.5,2.0,0.14,8.85,3.8,,2.1,,3.5,0.0,-3.08,0.65,,,,-4.0,4.9,3,7.33,2.9,,-1.5,8.0,4.17,0.96,4.1,47,0.5528924129,0.5528924129
2022,9,Air Force,Boise St.,2.0,-5,14,19,1.47,4.74,4.31,6.61,5.85,12.42,0.67,4.0,8.38,4.5,1.88,2.78,6.4,7.41,6.1,10.71,4.0,10.95,6.02,,10.6,2.93,11.02,7.0,7.7,5.91,5.56,2.28,3.66,7.0,4.0,5.0,8.12,2.68,3.4,,5.0,,3.9,3.0,8.5,8.7,,,,5.0,3.5,8,10.44,5.4,,2.0,3.5,5.98,10.57,2.88,33,0.6003003682,0.647317347
2022,9,Alabama,Mississippi St.,21.0,24,30,6,14.8,13.03,18.07,14.96,11.45,16.67,14.52,14.0,18.84,20.5,15.92,9.91,21.74,9.37,15.94,10.91,12.0,17.45,18.02,,16.47,11.61,14.12,14.0,13.2,16.63,17.26,16.59,19.5,21.0,21.5,17.0,8.36,13.48,18.4,,18.5,,17.0,20.0,21.19,15.1,,,,15.0,16.7,20,18.48,9.9,,21.0,17.0,18.3,17.3,3.35,36,0.3775617897,0.8370774899
2022,9,Appalachian St.,Georgia St.,9.5,25,42,17,10.3,11.39,7.79,16.38,13.55,10.38,9.49,12.0,16.71,14.5,13.59,8.51,7.97,8.76,8.91,8.41,10.0,7.95,13.14,,-16.2,-2.01,10.4,12.0,8.1,9.94,10.4,10.23,11.35,7.0,10.0,9.0,13.16,0.6,2.2,,11.0,,4.0,9.5,14.39,9.55,,,,12.0,2.2,7,9.2,9.9,,9.5,9.0,4.69,9.97,5.53,59,0.4860001582,0.7019660567
2022,9,Army,Louisiana-Monroe,6.5,24,48,24,5.6,0.59,8.36,6.87,2.98,4.02,3.93,5.0,0.72,8.5,7.65,0.51,8.07,-5.78,6.22,-2.92,4.0,6.65,10.78,,1.8,9.97,-3.36,2.0,6.0,6.76,7.24,7.24,11.11,11.0,7.5,11.0,3.66,17.3,13.4,,8.7,,13.2,6.5,2.81,-5.6,,,,1.0,13.6,9,5.26,13.9,,6.5,16.5,10.51,2.96,5.31,72,0.4933275575,0.6448892606
2022,9,Ball St.,Eastern Mich.,2.5,-4,16,20,4.39,12.49,4.52,6.61,3.48,6.47,7.2,7.0,12.19,7.0,2.49,12.65,1.57,3.95,5.17,6.05,1.0,9.25,1.23,,11.69,0.34,4.73,8.0,-0.3,4.73,1.76,1.58,3.18,8.0,3.0,6.0,6.76,0.01,3.3,,4.4,,3.3,2.5,6.92,-0.85,,,,6.0,2.7,7,8.88,0.6,,2.5,2.5,9.07,4.72,3.5,36,0.5652336641,0.6247750694
2022,9,Baylor,Kansas,10.0,12,35,23,7.13,-3.9,12.49,3.19,0.14,10.42,7.59,-1.0,3.5,0.5,8.34,-7.87,13.19,-3.96,7.07,1.21,-1.0,11.95,13.49,,11.85,2.84,-3.46,-5.0,6.5,8.45,8.93,6.22,11.62,20.0,8.5,8.0,-0.93,18.19,14.1,,8.7,,13.1,10.0,8.55,4.35,,,,2.0,13.0,16,9.19,10.2,,9.5,20.0,13.28,-0.52,6.82,58,0.4326738455,0.6587922238
2022,9,Buffalo,Toledo,-7.5,7,34,27,-5.44,-4.74,-0.93,0.75,-0.47,-6.83,-6.81,-2.0,-7.92,-2.5,-4.86,-3.04,-2.65,-1.63,-3.46,2.15,-4.0,-3.35,-6.91,,-1.59,-2.09,2.66,1.0,-5.2,-3.68,-1.13,-5.07,-1.75,-4.0,-7.0,-4.0,-2.26,-9.41,-6.2,,-6.7,,-5.3,-7.0,-2.01,4.95,,,,-6.0,-6.3,-5,-8.19,-5.6,,-7.0,-10.5,-7.62,-2.34,3.4,61,0.5982650997,0.4156120911
2022,9,California,Washington,-7.5,-7,21,28,-6.77,-8.77,-2.89,-3.51,-5.29,-10.81,-7.6,-6.0,-13.83,-10.0,-6.94,-6.03,-3.92,-6.08,-6.61,-2.94,-11.0,-5.95,-6.58,,-4.1,-2.73,-8.54,-10.0,-11.0,-6.54,-5.05,-6.78,-7.04,-1.0,-7.5,-7.0,-10.84,-5.21,-5.8,,-11.3,,-6.5,-7.5,-11.22,-10.65,,,,-12.0,-6.0,-6,3.24,-7.1,,-7.5,2.5,-4.2,-10.85,3.58,49,0.5218070923,0.3423061834
2022,9,Central Mich.,Bowling Green,6.5,-16,18,34,9.07,6.62,11.89,13.53,6.65,8.37,9.61,6.0,15.74,6.5,10.41,1.72,10.73,-4.47,8.72,2.69,7.0,9.35,11.48,,5.3,5.04,3.57,5.0,5.4,8.65,7.53,8.07,11.56,20.0,7.5,4.0,4.04,10.09,11.4,,11.4,,10.8,6.5,9.19,7.85,,,,8.0,8.4,13,18.06,8.9,,6.5,14.0,12.06,8.23,4.31,52,0.5536810917,0.7019930479
2022,9,Charlotte,Florida Intl.,14.5,-19,15,34,9.26,2.82,11.12,1.31,13.24,12.95,10.93,7.0,12.56,5.5,11.3,-2.43,16.04,6.38,11.37,7.38,-2.0,17.05,16.8,,10.95,3.99,11.35,7.0,7.4,11.68,11.85,5.74,13.77,17.0,14.5,13.0,4.67,20.75,19.1,,13.9,,16.6,14.0,15.28,9.85,,,,15.0,18.2,22,12.77,11.5,,14.5,6.0,12.29,17.73,5.58,49,0.4262105844,0.750406857
2022,9,Clemson,Syracuse,14.0,6,27,21,11.73,3.34,13.33,4.23,6.54,5.89,12.74,5.0,-0.26,19.0,10.82,5.28,10.61,4.64,9.69,11.52,1.0,10.85,9.54,,8.96,10.22,5.26,5.0,6.3,10.11,7.77,12.94,13.82,12.0,13.0,10.0,7.11,11.36,13.4,,8.8,,13.0,13.5,7.15,9.0,,,,1.0,12.1,17,20.05,14.5,,13.5,15.0,9.26,4.49,4.54,48,0.3970389826,0.7213438174
2022,9,Colorado St.,Hawaii,6.0,4,17,13,5.72,-0.72,4.57,-3.43,8.11,-1.05,4.15,-1.0,0.93,-4.0,8.44,-1.6,7.84,1.77,4.96,7.17,-2.0,4.95,10.52,,6.9,-2.23,10.72,3.0,7.3,5.89,5.62,6.57,8.28,2.0,5.0,7.0,3.81,3.47,11.2,,7.0,,11.2,6.0,7.91,14.55,,,,6.0,11.5,6,-1.17,6.9,,5.5,2.5,0.42,7.09,4.47,30,0.4748586135,0.6181999747
2022,9,East Carolina,Central Florida,-5.0,21,34,13,-10.98,-7.6,-6.23,-6.97,-5.09,-12.03,-15.02,-7.0,-11.66,-8.0,-8.86,-5.42,-7.33,-4.28,-8.17,-5.76,-11.0,-11.75,-4.79,,-12.06,-3.14,-11.29,-8.0,-13.1,-8.0,-7.84,-8.28,-7.95,-8.0,-4.0,-9.0,-9.14,-5.61,-7.8,,-10.1,,-8.8,-5.5,-12.78,-9.0,,,,-14.0,-7.5,-7,-2.32,-2.8,,-5.0,1.5,-8.52,-9.75,3.33,47,0.4225298941,0.3072474075
2022,9,Georgia Tech,Virginia,3.0,-7,9,16,5.12,8.22,-0.48,6.04,2.91,9.17,7.68,4.0,1.27,5.0,0.93,11.97,-1.36,7.27,3.62,10.55,1.0,7.55,-6.01,,11.46,3.63,3.93,8.0,-1.3,2.88,0.49,5.0,2.21,1.0,3.0,8.0,11.43,-0.83,0.01,,0.3,,-0.3,3.0,3.36,2.85,,,,1.0,-0.2,2,-3.39,1.5,,3.0,-1.0,10.22,1.95,4.2,25,0.5150596635,0.5872426423
2022,9,James Madison,Marshall,12.0,-14,12,26,10.51,17.83,8.44,8.58,13.7,21.91,13.02,10.0,22.28,4.5,9.2,15.43,7.46,12.58,12.54,13.08,14.0,18.95,8.21,,,8.27,17.03,16.0,4.1,12.58,12.28,8.68,6.32,7.0,12.5,15.0,19.61,4.6,9.3,,9.9,,6.3,12.0,19.9,11.5,,,,17.0,5.3,22,19.8,6.7,,12.0,14.0,15.75,16.06,5.14,38,0.5129085135,0.7738328243
2022,9,Kent,Akron,18.5,6,33,27,17.92,15.27,15.6,17.86,15.51,22.22,19.5,17.0,23.34,21.5,18.51,10.93,21.31,15.16,17.34,12.15,9.0,19.45,21.28,,19.15,9.47,15.92,15.0,13.8,17.71,17.71,17.4,17.4,21.0,18.5,17.0,11.12,13.54,17.7,,19.9,,17.8,18.5,19.62,18.55,,,,17.0,16.4,19,18.34,22.5,,18.5,15.0,14.22,19.64,3.46,60,0.4715404151,0.8570773398
2022,9,LSU,Mississippi,2.0,25,45,20,0.24,-5.19,-0.81,-0.18,0.01,-4.03,0.64,-7.0,-0.95,-10.5,0.29,-7.47,-2.26,-2.23,-2.36,-1.11,-7.0,0.01,-0.8,,-4.44,-5.48,-3.61,-4.0,-3.6,-1.51,-4.52,-1.22,0.43,-3.0,-1.5,1.0,-1.75,-5.46,0.7,,-0.8,,1.1,1.0,-1.45,-1.85,,,,-1.0,0.01,-6,-5.52,1.1,,2.5,-7.5,-5.73,-0.43,2.91,65,0.3935219237,0.441870428
2022,9,Liberty,BYU,-7.0,27,41,14,-5.52,7.52,-5.0,6.68,-1.74,-0.34,-8.34,5.0,0.11,8.5,-5.46,11.5,-6.73,7.64,-2.03,4.78,6.0,-8.95,-7.0,,-5.05,3.45,2.57,7.0,-7.8,-3.05,-1.27,-1.26,-1.46,-5.0,-4.5,-10.0,5.31,-12.78,-7.8,,-5.8,,-6.7,-6.5,1.23,-4.05,,,,-3.0,-9.7,-7,-11.24,-6.0,,-7.0,0.5,-3.35,-3.1,5.97,55,0.6152594897,0.4523611782
2022,9,Louisiana Tech,Rice,-3.0,-1,41,42,-4.35,-5.61,-1.68,-7.01,-6.59,-7.18,-5.19,-4.0,-9.88,-1.0,-5.36,-3.31,-1.99,-5.44,-4.22,-7.19,-8.0,-7.05,-1.39,,-4.17,-4.04,-7.31,-5.0,-3.1,-4.1,-2.93,-3.01,1.93,-1.0,-2.5,-3.0,-5.74,-1.59,-3.8,,-4.7,,-1.8,-3.0,-8.06,-7.95,,,,-12.0,-2.7,1,-3.23,1.3,,-3.0,3.5,-7.78,-7.8,3.13,83,0.4699475142,0.3971171806
2022,9,Louisiana-Lafayette,Arkansas St.,7.0,20,38,18,8.73,4.65,13.47,7.92,4.54,4.32,9.32,7.0,-0.65,14.5,7.35,7.5,13.52,7.34,8.83,6.63,4.0,7.45,6.82,,19.58,12.96,4.12,4.0,6.9,7.85,7.78,10.17,6.36,16.0,7.0,9.0,11.02,16.03,11.6,,4.3,,9.9,7.0,2.66,9.15,,,,2.0,11.1,17,8.66,4.3,,7.0,22.0,15.45,2.61,4.85,56,0.5438906639,0.7026111326
2022,9,Louisville,Pittsburgh,2.5,14,24,10,2.9,3.89,0.13,3.67,3.61,-1.27,4.22,4.0,10.67,0.01,2.07,0.24,1.37,1.71,2.66,6.5,-3.0,2.35,0.82,,2.67,-3.54,7.29,4.0,-0.01,2.12,0.34,1.29,3.28,4.0,1.5,1.0,1.5,2.01,2.0,,3.9,,1.5,2.5,9.7,3.85,,,,2.0,1.2,5,2.16,1.7,,2.5,-4.5,1.88,5.34,3.02,34,0.5039499574,0.5653737565
2022,9,Maryland,Northwestern,14.0,7,31,24,16.96,28.03,15.09,29.32,21.0,17.6,17.66,23.0,29.08,26.5,16.77,27.48,16.06,18.12,22.76,22.42,18.0,26.15,17.94,,24.67,19.44,23.43,31.0,17.9,22.72,22.3,18.57,22.94,23.0,14.0,21.0,34.01,25.16,22.0,,22.3,,19.8,15.5,29.56,25.15,,,,26.0,20.8,27,26.06,22.5,,14.0,15.5,26.52,27.82,4.75,55,0.7014806428,0.9152108709
2022,9,Miami (Fla.),Duke,10.0,-24,21,45,4.6,1.22,9.17,10.54,-1.14,4.51,3.82,4.0,3.44,4.5,6.11,0.01,8.29,-3.52,6.28,-3.52,-3.0,5.45,10.28,,-1.07,4.78,-5.07,2.0,0.4,4.9,5.69,5.02,9.52,16.0,9.0,12.0,1.74,15.35,19.0,,10.4,,14.8,9.5,1.19,0.35,,,,-3.0,18.2,17,16.68,15.0,,9.0,18.0,10.8,-0.84,6.71,66,0.4145455219,0.6422283402
2022,9,Miami (Ohio),Western Mich.,6.5,-6,10,16,6.56,12.02,6.29,10.14,7.5,9.11,7.42,7.0,11.84,9.0,5.81,12.11,9.94,8.69,8.93,14.12,4.0,8.95,8.13,,17.43,-0.01,14.8,7.0,9.3,8.97,5.18,6.57,6.8,10.0,5.5,10.0,9.12,6.5,9.1,,8.6,,9.3,6.5,11.11,10.95,,,,10.0,7.9,12,6.11,4.9,,6.5,4.5,8.5,7.89,3.33,26,0.5595437114,0.7090273213
2022,9,Missouri,Vanderbilt,14.0,3,17,14,13.14,2.9,8.92,20.12,10.32,7.38,18.51,5.0,12.7,6.5,11.49,-2.36,13.44,1.96,10.9,8.84,3.0,18.75,12.27,,10.58,5.06,8.43,1.0,10.2,11.65,9.31,6.9,14.52,17.0,14.5,17.0,5.52,13.12,15.1,,12.0,,14.1,14.0,17.94,11.8,,,,15.0,14.2,14,7.16,12.3,,14.0,11.5,6.11,15.4,5.06,31,0.4261992762,0.7435108345
2022,9,Navy,Houston,-3.0,-18,20,38,-1.89,-8.16,-1.06,5.2,-0.43,2.37,0.62,-6.0,-4.41,-9.0,-3.48,-10.18,-2.81,-1.87,-2.2,-0.47,-6.0,4.85,-4.13,,7.28,-3.84,2.62,-8.0,0.7,-2.9,-4.47,-5.85,-4.06,-1.0,-2.0,0.01,-7.81,-6.85,-5.9,,-4.6,,-5.1,-3.0,3.87,4.15,,,,-3.0,-5.3,1,-3.4,-3.4,,-3.0,-15.0,2.2,0.57,4.64,58,0.5192909074,0.4470854275
2022,9,Nevada,San Diego St.,-7.0,-16,7,23,-5.78,-9.44,-1.9,5.9,-1.08,1.09,-7.76,-6.0,-7.51,-8.0,-4.3,-10.49,0.36,-1.04,-4.32,3.09,-4.0,-11.65,-7.94,,0.36,-4.73,1.87,-12.0,-3.3,-4.38,-2.03,-5.24,-4.01,0.01,-8.5,-11.0,-4.47,-9.7,-7.6,,-7.1,,-5.5,-7.0,-3.42,3.55,,,,-7.0,-7.4,-12,-1.55,-3.9,,-7.0,4.0,-10.79,-2.69,4.51,30,0.5645047893,0.3967455201
2022,9,New Mexico,Fresno St.,-10.5,-32,9,41,-10.32,-4.65,-9.23,1.29,-2.59,-6.61,-12.32,-4.0,-8.06,-7.5,-9.13,-2.81,-15.19,-4.05,-9.5,-9.19,-4.0,-7.15,-8.67,,-14.99,-8.81,-10.1,-6.0,-14.3,-9.21,-6.97,-10.18,-8.45,-10.0,-12.5,-19.0,-6.0,-11.77,-15.9,,-11.6,,-13.4,-10.5,-12.03,-3.6,,,,-9.0,-14.3,-17,-13.71,-7.6,,-10.5,-14.0,-13.21,-6.49,4.2,50,0.5242790791,0.2814584713
2022,9,Notre Dame,UNLV,27.5,23,44,21,21.36,11.61,26.58,3.88,16.22,15.16,23.03,11.0,20.67,16.0,22.58,6.72,25.27,8.91,20.25,12.81,3.0,27.55,22.59,,19.62,8.77,13.94,12.0,21.8,20.7,20.69,20.7,25.73,30.0,24.0,26.0,20.49,35.45,27.2,,24.7,,27.1,26.5,24.98,16.7,,,,20.0,27.1,28,26.74,15.5,,27.5,20.0,22.2,20.4,7.29,65,0.3390671525,0.876805924
2022,9,Ohio,Northern Ill.,-3.0,7,24,17,1.29,6.15,1.52,0.41,4.03,-0.87,0.96,8.0,0.92,8.0,0.16,8.97,-2.15,7.7,1.25,2.82,4.0,0.35,1.6,,-6.78,5.26,2.14,5.0,-1.0,1.08,2.89,2.88,1.16,1.0,-1.0,-1.0,7.86,-6.9,-3.1,,-1.3,,-2.8,-2.0,-1.27,-1.5,,,,3.0,-4.6,1,-2.94,-1.2,,-3.0,-3.0,3.68,1.84,3.71,41,0.6028338921,0.5305582718
2022,9,Ohio St.,Iowa,29.5,44,54,10,21.38,25.95,19.1,32.98,22.15,25.48,25.43,17.0,34.28,22.5,18.95,21.46,22.23,14.63,23.67,16.8,20.0,26.15,27.04,,28.04,15.48,19.74,27.0,23.6,23.3,22.86,20.9,25.98,28.0,29.5,23.0,19.02,19.89,25.5,,29.1,,22.7,28.5,30.12,26.55,,,,27.0,22.7,26,24.54,23.0,,29.5,16.5,27.36,28.66,4.55,64,0.3620252076,0.9241279413
2022,9,Oklahoma St.,Texas,-6.0,7,41,34,-0.68,1.47,-1.56,-3.89,-6.16,-1.23,-0.72,-0.25,-4.68,1.0,-3.11,4.78,-2.2,0.97,-0.38,4.84,3.0,1.45,-6.72,,3.14,10.47,-3.78,-1.0,-11.3,-0.7,-1.12,1.38,-5.66,6.0,-3.5,2.0,2.48,6.89,6.3,,-3.3,,4.4,-5.0,-8.66,-11.85,,,,-3.0,4.9,5,-0.15,-3.2,,-6.5,9.0,7.77,-10.1,5.37,75,0.6313150251,0.4909551115
2022,9,Old Dominion,Georgia Southern,2.5,-5,23,28,-0.49,0.57,-0.64,-0.25,1.47,-4.87,-1.68,1.0,0.19,-3.0,-0.5,0.78,3.48,1.56,2.13,3.0,-5.0,1.15,5.0,,12.58,2.79,2.83,-1.0,-1.1,1.51,1.61,1.19,0.83,4.0,2.5,7.0,1.7,9.59,2.6,,0.4,,3.9,2.5,3.49,1.1,,,,1.0,3.7,6,2.97,2.7,,2.5,8.5,1.77,4.13,3.25,51,0.4908918144,0.5522875574
2022,9,Oregon,UCLA,6.5,15,45,30,6.68,-1.7,3.35,1.96,6.79,5.24,7.74,-0.25,2.87,3.0,7.72,-4.16,3.05,1.28,3.79,6.56,-6.0,3.85,7.97,,1.2,2.28,1.67,-1.0,1.3,3.92,4.06,4.39,7.78,4.0,6.0,0.01,2.38,16.04,4.6,,4.8,,6.1,6.0,9.44,3.25,,,,5.0,6.8,4,-5.2,3.5,,6.5,5.0,-0.63,5.1,3.83,75,0.4340985015,0.5917635379
2022,9,Oregon St.,Colorado,23.5,33,42,9,22.87,22.12,16.57,43.34,25.77,26.84,26.49,20.0,28.31,23.5,23.24,18.79,25.28,17.39,23.52,21.19,21.0,28.05,23.58,,22.04,15.76,20.81,22.0,20.1,23.05,22.28,19.68,23.45,22.0,23.0,23.0,30.11,24.43,23.1,,23.3,,22.7,23.5,31.02,28.05,,,,30.0,21.7,27,18.65,24.5,,23.5,16.0,19.19,28.76,5.1,51,0.5004785679,0.9208364546
2022,9,Penn St.,Minnesota,5.0,28,45,17,3.58,8.75,2.63,-2.88,4.67,1.34,0.63,6.0,1.05,10.0,3.79,12.9,3.32,10.01,4.1,11.21,1.0,0.45,5.59,,4.74,7.9,5.16,10.0,-1.9,3.69,4.43,9.34,4.36,4.0,5.0,7.0,10.17,0.81,1.3,,2.9,,2.5,5.0,0.52,2.35,,,,-2.0,1.7,3,0.35,4.8,,4.0,0.5,4.48,0.78,3.7,62,0.4779829036,0.599302779
2022,9,Rutgers,Indiana,3.0,7,24,17,-1.96,0.72,-1.39,7.95,-1.99,5.42,-0.01,1.0,3.41,-2.5,-4.25,-0.72,-2.64,-3.67,-0.62,-2.58,3.0,-0.35,1.31,,-2.72,-0.9,-4.76,-4.0,-8.9,-0.88,-0.86,-3.87,2.77,3.0,2.5,1.0,-3.01,9.29,3.2,,1.7,,3.8,2.5,-1.51,-5.75,,,,-8.0,4.1,-1,2.33,1.7,,3.0,1.5,1.11,-5.8,3.78,41,0.4122160564,0.4848454005
2022,9,SMU,Cincinnati,-3.5,-2,27,29,-5.92,-1.03,-4.82,0.86,-1.1,-6.08,-7.9,-5.0,3.57,-9.5,-4.14,-3.5,-2.56,-0.29,-3.69,2.35,-7.0,-10.85,-4.56,,-6.99,-6.62,6.1,1.0,-3.0,-4.61,-5.57,-5.43,-3.49,-6.0,-3.0,-9.0,-4.66,-7.45,-6.5,,-0.8,,-5.3,-3.5,4.01,-0.9,,,,1.0,-5.2,-5,-9.62,-3.5,,-3.5,-9.0,-13.8,1.52,4.22,56,0.4953852942,0.4111237734
2022,9,South Alabama,Troy St.,3.0,-4,6,10,1.35,6.06,3.37,14.75,5.15,1.02,1.35,4.0,6.31,0.01,1.7,5.92,3.92,8.01,3.66,5.32,5.0,3.65,6.75,,2.51,3.26,5.09,7.0,1.7,3.51,4.5,0.86,2.9,6.0,3.0,-2.0,6.36,3.74,0.01,,3.1,,0.2,3.0,2.84,4.35,,,,2.0,0.3,3,8.52,4.8,,3.0,4.5,-1.63,5.98,2.94,16,0.516305139,0.5896757555
2022,9,South Carolina,Texas A&M,-3.0,6,30,24,-4.34,4.67,-1.44,-0.61,0.85,0.01,-5.82,2.0,-0.01,0.5,-4.77,7.22,-5.12,6.07,-0.07,7.2,2.0,-3.05,-5.24,,2.16,3.86,2.55,3.0,-5.8,-0.04,-0.72,-2.61,-1.26,-4.0,-3.5,0.01,4.21,0.5,0.7,,-2.3,,0.5,-2.5,1.83,5.15,,,,-1.0,1.6,-1,-0.72,-2.6,,-3.0,-3.0,-2.48,0.83,3.31,54,0.5716897015,0.4982779586
2022,9,Stanford,Arizona St.,2.5,1,15,14,3.01,4.18,-1.7,9.98,5.11,1.8,2.63,5.0,5.34,2.5,2.89,3.55,0.46,5.62,3.39,10.26,1.0,1.15,5.94,,3.35,-0.19,6.33,2.0,-0.6,3.45,1.82,3.86,4.34,0.01,3.5,9.0,5.49,7.99,2.3,,4.1,,2.5,2.5,11.23,8.95,,,,4.0,4.3,3,-5.41,2.0,,2.5,-11.0,-3.36,5.41,4.07,29,0.5216538546,0.5819351449
2022,9,TCU,Kansas St.,3.5,10,38,28,4.3,10.31,0.7,6.63,4.26,5.24,4.24,7.0,8.6,7.5,3.25,11.25,2.41,8.28,5.24,10.39,7.0,5.45,2.69,,8.11,10.43,8.06,9.0,0.6,5.77,3.85,6.09,5.63,1.0,5.0,5.0,6.56,4.07,5.9,,5.5,,6.0,3.5,4.96,7.65,,,,6.0,6.0,2,-4.98,3.3,,3.5,-4.0,1.62,5.99,3.44,66,0.5426525726,0.6264960507
2022,9,Temple,Tulsa,-13.0,-11,16,27,-11.9,-1.57,-14.07,-6.49,-8.8,-14.76,-15.38,-7.0,-6.96,-10.0,-12.52,1.33,-17.86,-7.76,-11.2,-2.37,-6.0,-22.35,-14.02,,-17.59,-0.13,-5.69,-6.0,-14.4,-11.88,-11.89,-7.69,-10.46,-18.0,-13.0,-13.0,-6.34,-11.87,-16.4,,-10.5,,-11.9,-13.0,-13.92,-1.1,,,,-11.0,-14.3,-21,-25.21,-13.0,,-13.5,-11.0,-19.07,-13.21,5.94,43,0.5422843035,0.2543897129
2022,9,Texas St.,Southern Miss.,-2.0,-6,14,20,-3.64,-4.46,1.56,5.77,-2.1,-0.6,-1.79,-3.0,-5.37,-1.0,-5.81,-3.97,1.91,0.42,-1.21,2.11,-4.0,0.55,-5.58,,-2.96,4.46,-2.42,-5.0,-4.3,-2.21,-2.46,-5.89,-1.96,2.0,1.0,-5.0,-3.75,0.99,-2.3,,-4.7,,-2.5,-2.0,-3.59,13.55,,,,-4.0,-3.3,4,-2.12,1.7,,-2.5,4.5,2.38,-6.44,3.91,34,0.5192693754,0.4705015925
2022,9,Texas Tech,West Va.,6.0,38,48,10,1.41,6.62,1.78,5.74,2.26,3.95,2.29,8.0,4.01,6.5,-0.59,8.03,2.86,4.05,4.58,6.67,2.0,7.85,2.17,,6.56,10.14,5.74,9.0,2.3,4.33,0.14,1.75,2.85,6.0,4.0,6.0,7.83,5.91,5.8,,2.1,,3.8,6.0,4.6,4.9,,,,2.0,4.8,8,4.01,3.4,,6.5,3.0,6.53,2.58,2.58,58,0.464823014,0.6120886652
2022,9,Texas-San Antonio,North Texas,10.0,4,31,27,7.71,9.69,9.2,12.53,6.94,12.7,5.74,13.0,11.1,15.5,9.96,8.92,13.13,6.74,10.32,7.35,9.0,10.05,10.44,,8.88,18.11,9.25,11.0,8.8,10.09,11.25,10.12,9.71,13.0,9.5,7.0,15.22,13.3,11.5,,11.0,,12.0,10.0,9.8,9.9,,,,5.0,12.3,7,7.13,10.7,,10.0,11.0,10.51,8.5,2.82,58,0.5079171605,0.7389317296
2022,9,Tulane,Memphis,7.0,10,38,28,5.97,11.2,2.6,11.19,5.53,9.89,7.53,13.0,8.62,13.0,4.57,12.57,6.12,7.7,7.51,8.37,11.0,8.15,6.0,,8.4,8.31,5.27,10.0,2.2,7.24,6.54,4.99,6.52,7.0,6.5,7.0,12.88,7.08,7.9,,6.0,,6.7,7.0,9.5,6.3,,,,10.0,7.6,12,7.33,3.5,,7.0,-0.5,8.37,7.14,2.98,66,0.5125946162,0.6790204098
2022,9,UTEP,Florida Atlantic,-3.5,3,24,21,-8.24,-3.75,-6.85,-6.28,-11.39,-5.39,-7.99,-3.0,-12.55,-2.5,-13.0,0.98,-4.64,-5.02,-4.95,-5.39,-6.0,-0.95,-4.79,,0.54,4.19,-9.22,-8.0,-13.4,-4.91,-6.42,-5.96,-5.48,0.01,-3.5,-4.0,-4.36,3.14,0.9,,-8.0,,-0.3,-3.5,-12.7,0.01,,,,-15.0,0.7,-3,-3.29,-0.9,,-3.5,5.5,-1.35,-14.11,5.07,45,0.4653335558,0.3832260402
2022,9,Wake Forest,Boston College,20.5,28,43,15,20.44,24.39,15.11,23.83,22.97,26.28,23.66,23.0,24.31,27.5,18.81,24.43,21.26,17.69,22.03,25.98,24.0,26.35,19.75,,24.81,16.86,24.86,28.0,19.4,22.46,21.02,19.86,19.09,23.0,20.0,20.0,33.32,20.06,17.1,,19.1,,14.8,20.5,22.91,17.8,,,,27.0,15.9,25,20.34,22.0,,20.5,15.5,23.81,25.25,4.16,58,0.5371394078,0.9102642266
2022,9,Western Kentucky,UAB,1.5,3,20,17,2.1,-0.48,5.01,5.98,0.94,5.04,3.89,-1.0,1.12,0.5,1.18,-1.33,8.99,1.44,3.75,1.56,-1.0,6.55,3.41,,6.58,1.82,3.91,1.0,5.2,3.9,4.18,-0.2,5.41,9.0,3.0,5.0,0.61,1.11,5.8,,0.8,,4.9,1.5,7.63,9.75,,,,1.0,5.0,9,9.17,1.1,,1.5,3.5,-0.48,4.02,3.23,37,0.5552301983,0.5915282613
2022,9,Wisconsin,Purdue,2.5,11,35,24,2.12,-9.63,2.73,-0.97,1.32,-2.01,3.23,-7.0,-3.02,-9.0,3.57,-13.19,2.89,-6.55,-1.09,-7.85,-6.0,-5.85,4.53,,-2.51,-3.01,-3.17,-11.0,0.4,0.13,-0.14,-1.08,2.67,6.0,1.5,-1.0,-9.66,-1.95,1.3,,2.1,,1.1,2.5,0.41,3.2,,,,-3.0,0.8,1,-1.78,2.5,,2.5,7.5,-3.27,0.4,4.75,59,0.4142327014,0.4737742413
2022,9,Wyoming,Utah St.,5.0,14,28,14,3.96,10.24,1.6,11.53,8.66,8.84,3.92,9.0,12.46,9.5,4.85,9.05,0.31,6.27,4.28,3.81,6.0,6.35,1.06,,0.44,6.72,3.24,10.0,1.7,4.55,4.58,3.44,5.85,3.0,3.5,0.01,8.07,-0.26,-0.6,,5.5,,0.7,5.0,5.33,-0.01,,,,5.0,-1.3,5,-1.47,1.8,,5.0,-5.5,-2.7,8.76,4.01,42,0.4824620828,0.6031111261
2022,10,Akron,Miami (Ohio),-8.0,-18,9,27,-9.11,-6.42,-12.56,-9.6,-2.43,-8.81,-7.0,-6.0,-6.73,-9.5,-10.47,-6.25,-14.51,-9.32,-8.39,-2.45,-7.0,-6.45,-8.9,,-4.1,-1.39,-7.25,-5.0,-13.5,-8.08,-9.37,-12.18,-6.42,-11.0,-8.5,-6.0,-2.86,-8.08,-14.3,-8.03,-10.2,,-13.8,-8.0,-6.28,-9.3,,-21.55,,-8.0,-12.5,-8,-15.1,-10.0,,-8.5,-9.5,-7.34,-5.08,3.41,36,0.4904178031,0.3026596715
2022,10,Arizona,USC,-14.5,-8,37,45,-17.26,-19.8,-12.63,-29.15,-17.91,-20.61,-17.62,-22.0,-28.36,-24.0,-17.08,-15.19,-17.21,-10.72,-18.27,-16.06,-19.0,-18.15,-16.44,,-17.16,-8.58,-21.27,-22.0,-25.0,-17.57,-18.12,-16.89,-17.57,-14.0,-15.0,-9.0,-23.12,-8.44,-15.6,-24.72,-23.9,,-14.8,-15.0,-24.99,-24.25,,-4.27,,-28.0,-14.0,-15,-17.24,-15.0,,-15.5,-2.5,-19.03,-25.53,5.67,82,0.4115172503,0.1392240532
2022,10,Arkansas St.,South Alabama,-9.5,-28,3,31,-5.63,-9.89,-3.97,-15.31,-3.42,-7.37,-5.77,-10.0,-3.22,-11.0,-3.67,-13.48,-8.22,-7.81,-7.31,-5.18,-10.0,-7.15,-5.91,,-14.74,-8.37,-8.13,-12.0,-10.1,-6.73,-6.73,-7.35,-3.47,-5.0,-10.0,-7.0,-15.05,-9.63,-6.5,-6.23,-3.8,,-5.2,-9.0,-4.52,-7.5,,-2.55,,-5.0,-6.0,-8,-3.62,-7.5,,-10.0,-6.0,-12.8,-4.16,3.29,34,0.553726991,0.3260328055
2022,10,Auburn,Arkansas,-3.5,-14,27,41,-3.16,-0.64,-0.49,-8.64,2.15,-8.06,-5.91,-1.0,-1.31,-1.0,0.8,-0.28,-3.03,2.62,-2.83,-3.78,-2.0,-7.75,-2.73,,-7.59,-3.87,-2.48,2.0,-1.9,-3.03,-1.42,-1.19,2.17,-4.0,-4.0,-8.0,-2.53,-5.66,-6.5,-3.96,-3.2,,-4.9,-3.5,4.78,-5.3,,6.67,,-1.0,-5.0,-8,-5.21,-3.4,,-3.0,0.01,-10.85,3.07,3.53,68,0.5164326553,0.4309196742
2022,10,BYU,East Carolina,3.5,-3,24,27,-0.49,-1.52,3.48,-9.63,-2.86,-5.26,-2.1,-0.25,-8.8,2.0,0.4,2.4,7.01,-3.91,-0.82,-4.38,-2.0,-2.45,3.68,,-4.53,5.1,-3.95,-1.0,-4.3,-0.65,0.16,2.07,1.93,2.0,3.0,-1.0,-0.65,6.75,2.7,-5.75,-0.4,,2.8,3.0,-7.17,0.95,,0.99,,-10.0,4.0,-1,-0.79,3.3,,3.0,9.5,-2.33,-9.72,4.48,51,0.3966981572,0.4801755293
2022,10,Boise St.,Colorado St.,25.0,39,49,10,23.0,24.81,21.39,32.86,23.26,20.84,23.9,18.0,31.37,23.5,23.63,21.27,22.3,13.24,22.69,17.12,17.0,21.95,24.71,,20.95,18.19,19.03,26.0,16.5,22.45,20.9,20.66,25.28,23.0,28.0,22.0,26.47,30.69,24.7,21.37,24.6,,22.4,25.0,29.34,12.5,,2.35,,22.0,23.8,30,24.88,24.0,,27.5,16.0,21.34,25.3,4.26,59,0.444114669,0.9162844805
2022,10,California,Oregon,-17.0,-18,24,42,-15.42,-18.49,-8.0,-8.79,-12.01,-17.53,-17.5,-16.0,-17.97,-20.5,-11.97,-18.77,-10.95,-10.48,-15.43,-18.85,-13.0,-17.95,-12.96,,-19.57,-11.81,-16.93,-21.0,-18.2,-16.0,-13.71,-15.2,-13.19,-10.0,-15.0,-18.0,-23.16,-20.78,-13.6,-17.04,-16.4,,-13.8,-17.0,-21.07,-14.85,,-23.08,,-21.0,-14.4,-11,-5.66,-13.9,,-17.0,-10.0,-19.49,-16.87,4.06,66,0.5381686058,0.1731652891
2022,10,Central Florida,Cincinnati,1.0,4,25,21,2.5,2.19,-1.26,8.83,8.35,4.63,3.9,1.0,9.75,-3.5,3.46,-1.88,-0.29,4.36,2.2,2.65,3.0,-1.55,2.47,,-3.99,-6.65,7.13,2.0,4.4,2.0,0.86,-1.2,3.58,-3.0,-1.0,-3.0,0.22,-0.01,-1.0,9.48,5.0,,0.7,1.0,11.7,6.55,,-1.94,,13.0,-0.5,1,-3.24,-1.8,,1.5,-8.0,-5.32,10.46,5.03,46,0.5287224589,0.5525505156
2022,10,Colorado,Arizona St.,-13.5,-8,34,42,-13.91,-7.52,-11.92,-23.56,-10.64,-13.47,-16.8,-7.0,-17.99,-8.5,-14.36,-1.88,-11.7,-6.42,-11.49,-5.71,-11.0,-14.85,-10.39,,-10.46,1.3,-10.76,-9.0,-17.3,-11.3,-10.89,-8.03,-11.94,-11.0,-12.5,-13.0,-7.7,-6.99,-13.0,-14.91,-14.0,,-12.8,-13.5,-15.31,-7.8,,-0.32,,-23.0,-11.3,-10,-9.05,-12.1,,-13.5,-13.0,-8.2,-15.97,4.82,76,0.54822037,0.2442684998
2022,10,Connecticut,Boston College,-7.5,10,13,3,-5.55,2.44,-11.43,4.99,-0.67,-4.29,-3.06,1.0,-1.32,3.0,-8.88,4.45,-10.29,3.61,-4.5,3.29,-1.0,-3.85,-9.35,,-3.82,-4.32,-0.01,3.0,-11.2,-4.37,-8.22,-7.33,-6.8,-9.0,-9.5,-10.0,0.7,-12.22,-12.7,-3.44,-8.1,,-12.1,-7.5,-4.45,-2.2,,1.0,,-8.0,-12.4,-8,-2.04,-7.0,,-7.5,-0.5,-5.03,-4.37,5.06,16,0.5714445646,0.3935494808
2022,10,Eastern Mich.,Toledo,-6.5,-3,24,27,-9.59,-4.53,-6.14,-3.51,-8.73,-11.4,-11.37,-5.0,-15.0,-2.5,-9.65,1.12,-11.86,-3.79,-8.57,-7.74,-9.0,-11.85,-10.41,,-12.82,4.29,-9.53,-4.0,-14.6,-9.59,-5.7,-6.16,-9.92,-10.0,-8.5,-8.0,-5.67,-6.24,-11.2,-13.08,-12.0,,-10.2,-6.5,-11.59,-2.8,,0.15,,-18.0,-9.6,-12,-14.59,-9.1,,-6.5,-4.5,-5.41,-11.38,4.65,51,0.4502090137,0.302206837
2022,10,Florida Atlantic,UAB,-4.5,7,24,17,-5.4,-6.54,-5.0,-2.59,-3.0,-12.65,-5.59,-6.0,-9.03,-7.5,-5.0,-5.21,-5.17,-3.33,-6.99,-6.87,-10.0,-9.55,-4.95,,-10.3,-9.29,-6.17,-7.0,-8.6,-6.8,-6.17,-5.53,-5.29,-8.0,-5.0,-9.0,-9.68,-4.95,-9.4,-7.09,-8.3,,-7.0,-4.5,-5.26,-4.6,,-1.22,,-8.0,-7.7,-6,-8.95,-6.8,,-5.5,-11.5,-14.07,-5.14,2.44,41,0.438397047,0.3317023095
2022,10,Florida Intl.,Louisiana Tech,-6.0,8,42,34,-9.63,-3.07,-9.2,0.73,-11.1,-9.34,-9.14,-6.0,-14.22,-5.0,-13.47,2.94,-10.98,-3.53,-8.13,-2.58,-7.0,-10.55,-12.63,,0.37,0.15,-7.27,-7.0,-13.0,-9.2,-11.71,-7.11,-12.12,-10.0,-10.0,-6.0,-0.54,-11.17,-10.6,-12.73,-12.4,,-9.0,-6.0,-15.54,1.8,,0.07,,-16.0,-10.3,-14,-13.97,-9.0,,-7.0,-0.5,-1.98,-16.94,5.19,76,0.4492577933,0.3132017328
2022,10,Florida St.,Georgia Tech,23.0,25,41,16,14.84,15.24,15.36,21.15,14.64,14.3,15.43,14.0,22.49,15.5,15.8,11.34,20.39,14.09,18.1,16.06,10.0,16.55,22.48,,17.64,11.66,18.12,17.0,15.9,18.0,16.13,12.56,19.6,19.0,21.0,21.0,21.25,25.33,23.1,22.92,19.7,,21.2,22.0,22.14,19.4,,35.34,,18.0,21.4,21,21.4,23.0,,24.5,12.0,16.79,19.99,3.75,57,0.3819296239,0.8664364609
2022,10,Fresno St.,San Diego St.,10.0,4,32,28,7.48,5.59,4.64,11.65,9.37,7.39,9.1,5.0,13.49,2.0,7.39,1.33,6.74,6.63,7.95,11.77,2.0,0.65,6.64,,13.1,3.52,11.38,6.0,4.9,7.39,5.22,4.27,9.21,6.0,8.0,16.0,5.48,5.94,11.0,14.18,9.3,,10.4,10.0,11.6,9.65,,0.5,,9.0,10.5,12,7.83,2.7,,8.5,6.5,5.83,11.37,3.61,60,0.4498990448,0.6873348587
2022,10,Georgia,Florida,23.0,22,42,20,18.93,18.15,22.02,34.01,17.64,26.27,19.81,22.0,23.04,26.5,16.95,15.52,27.35,9.87,22.58,20.9,20.0,21.4,18.98,,29.35,13.88,25.05,20.0,26.7,23.04,23.0,19.07,21.74,24.0,22.0,18.0,13.74,22.71,26.8,27.54,23.3,,23.3,23.0,25.17,25.25,,28.6,,27.0,26.1,27,24.65,25.0,,22.5,17.0,31.69,23.1,4.93,62,0.489921069,0.9128304059
2022,10,Georgia St.,Old Dominion,3.5,14,31,17,0.25,-3.89,4.92,-0.49,-1.29,-1.65,0.01,-2.0,-6.53,-0.5,0.48,-2.48,-0.96,-2.66,-0.15,-2.11,-3.0,1.45,3.28,,-8.59,2.82,-5.16,-3.0,-3.0,-0.3,-1.57,0.31,2.97,4.0,4.0,1.0,-1.71,5.96,5.8,-6.77,-0.3,,3.7,3.0,-3.06,5.0,,-1.04,,-7.0,4.2,4,3.75,1.6,,3.5,7.5,3.04,-6.5,3.86,48,0.4116042836,0.496337104
2022,10,Hawaii,Wyoming,-12.0,-7,20,27,-11.85,-14.9,-8.87,-11.75,-12.86,-9.79,-11.7,-15.0,-16.35,-15.5,-11.87,-14.12,-10.77,-9.41,-12.19,-10.53,-10.0,-13.95,-12.6,,-13.96,-10.06,-15.44,-18.0,-15.3,-12.24,-11.32,-12.43,-6.35,-3.0,-10.5,-14.0,-13.43,-10.32,-11.0,-17.86,-14.0,,-10.9,-12.0,-12.5,-12.0,,-2.9,,-19.0,-10.5,-14,-9.39,-15.0,,-10.5,-0.5,-12.24,-15.57,3.46,47,0.4953349641,0.2265526333
2022,10,Houston,South Florida,17.5,15,42,27,16.64,20.54,15.57,20.07,16.04,9.89,15.34,21.0,20.57,25.5,16.84,20.52,15.86,17.97,17.95,17.81,11.0,18.15,15.6,,18.79,17.39,17.25,20.0,16.3,17.75,18.23,19.05,16.02,17.0,18.5,16.0,27.07,14.93,14.3,19.24,16.2,,13.6,17.5,23.05,17.75,,13.04,,17.0,13.0,14,18.71,23.0,,18.0,22.5,19.78,19.24,3.29,69,0.5110726364,0.8659087215
2022,10,Iowa,Northwestern,11.5,20,33,13,13.96,16.07,15.28,17.95,15.71,10.6,12.23,9.0,15.09,14.0,13.95,16.61,16.69,15.53,16.78,18.9,8.0,21.05,13.57,,16.32,18.49,13.47,17.0,14.7,16.69,17.71,17.36,16.01,19.0,11.0,18.0,22.82,23.45,18.4,15.34,15.3,,16.7,13.0,21.26,12.65,,1.39,,18.0,19.0,23,19.73,17.0,,11.5,19.0,20.59,17.64,3.25,46,0.6277313945,0.8497971667
2022,10,Iowa St.,Oklahoma,-1.5,-14,13,27,1.33,-0.53,4.45,15.38,5.87,2.27,2.31,1.0,7.4,-1.5,2.35,-4.79,8.0,2.52,4.02,6.41,2.0,12.15,1.92,,13.76,-0.78,4.7,-2.0,2.7,2.52,3.41,-1.56,4.24,7.0,-2.5,5.0,-0.53,0.45,1.7,9.51,2.3,,2.4,-0.5,13.25,2.1,,-1.2,,10.0,1.5,9,7.25,-0.1,,-1.5,-3.0,-0.54,8.62,4.59,40,0.6308246362,0.5961006994
2022,10,Kansas St.,Oklahoma St.,1.5,48,48,0,-3.27,-1.94,-1.0,-1.61,3.61,-5.34,-3.71,-0.25,-3.43,-2.5,-1.3,-1.15,-3.42,-1.69,-1.76,-2.23,-1.0,-3.25,3.92,,-5.45,-5.85,1.01,2.0,-2.7,-2.23,-2.71,-4.67,-1.4,-4.0,0.0,-1.0,0.49,-5.6,-3.0,1.35,-3.1,,-2.6,0.5,4.58,0.45,,-10.05,,-2.0,-2.7,-3,1.25,-0.01,,1.5,-3.0,-6.65,0.4,2.54,48,0.4196533903,0.4564122942
2022,10,Louisville,Wake Forest,-3.0,27,48,21,-2.8,-6.47,-1.23,0.32,0.4,-6.36,-4.06,-5.0,-0.25,-10.0,-0.25,-9.83,-2.13,-4.13,-2.99,-4.77,-11.0,-6.15,-1.78,,-5.86,-6.32,-3.89,-7.0,-6.8,-3.0,-3.24,-3.16,0.41,-2.0,-4.0,-4.0,-6.65,-2.34,1.0,-3.21,-0.5,,1.4,-3.0,3.4,4.35,,-45.22,,-3.0,2.1,-9,0.63,-3.1,,-3.5,-1.5,-6.83,-0.16,3.49,69,0.5002454389,0.4270255459
2022,10,Marshall,Coastal Carolina,2.5,-11,13,24,5.3,1.01,1.35,16.0,4.64,5.49,6.11,2.0,13.94,-2.0,5.67,-5.96,-1.58,1.67,4.57,9.64,-3.0,9.45,5.16,,9.66,-3.16,6.02,1.0,1.2,5.1,3.96,3.04,4.8,8.0,1.5,9.0,-1.46,7.01,5.1,9.84,8.6,,5.6,2.5,7.61,2.3,,0.04,,5.0,5.6,10,1.52,3.8,,2.5,-9.0,1.81,8.9,4.9,37,0.5495786682,0.6083711907
2022,10,Massachusetts,New Mexico St.,-1.5,-10,13,23,-3.76,2.52,-4.07,2.11,0.3,-5.08,-4.09,2.0,5.49,2.5,-2.81,0.91,-3.99,-6.47,-1.02,0.79,-3.0,-2.65,0.24,,-4.97,-2.62,3.05,7.0,-5.0,-1.0,-2.16,-4.15,3.44,-3.0,-3.0,1.0,2.94,0.84,-1.4,3.76,1.3,,-1.4,-1.5,3.56,-0.85,,-18.97,,-1.0,-0.01,-3,-4.94,-3.2,,-2.0,-4.0,-10.81,-0.99,3.44,36,0.5117882017,0.474962883
2022,10,Michigan,Michigan St.,22.5,22,29,7,18.11,23.62,19.4,32.36,18.39,22.11,17.79,24.0,22.12,27.0,16.04,24.43,22.4,17.55,21.77,28.54,23.0,22.25,22.45,,21.01,18.17,22.0,24.0,24.3,22.11,21.63,20.7,18.91,22.0,22.5,20.0,24.48,15.18,19.3,24.3,18.8,,17.9,22.5,29.9,23.35,,29.6,,23.0,17.6,25,27.08,25.0,,23.0,13.0,16.3,22.96,3.89,36,0.4821871864,0.9085689897
2022,10,Minnesota,Rutgers,14.0,31,31,0,12.87,8.82,16.83,21.23,15.01,11.51,11.73,8.0,15.29,8.5,15.21,5.34,16.47,9.64,15.08,12.09,12.0,17.95,20.15,,14.36,9.38,14.32,12.0,18.9,15.21,13.01,12.82,17.42,19.0,13.0,11.0,15.34,15.08,18.7,18.29,15.2,,16.3,14.0,20.33,18.85,,2.1,,13.0,16.4,20,24.11,17.5,,14.5,17.5,12.88,17.75,3.94,31,0.5263212949,0.8217131784
2022,10,NC St.,Virginia Tech,13.5,1,22,21,16.34,26.76,16.32,22.55,20.63,16.16,13.81,18.0,28.14,22.5,19.03,26.02,18.16,17.43,21.42,23.15,17.0,20.35,18.6,,21.92,19.8,27.17,31.0,17.7,20.63,19.91,19.48,19.18,18.0,14.0,18.0,33.67,22.14,22.3,28.82,20.9,,19.8,15.0,29.81,13.75,,46.55,,30.0,21.1,22,25.97,17.0,,13.5,10.0,20.96,28.17,4.93,43,0.6831204871,0.901224611
2022,10,Navy,Temple,14.5,7,27,20,13.05,8.68,18.17,12.8,,14.91,13.28,8.0,15.85,10.5,13.96,4.81,19.92,14.45,15.8,14.98,5.0,23.55,16.19,,24.72,6.03,17.68,12.0,17.5,15.3,14.43,11.64,13.51,22.0,14.0,21.0,12.63,14.22,18.4,21.71,15.6,,14.8,14.5,21.57,12.2,,12.14,,15.0,17.2,25,22.55,17.5,,13.5,6.0,17.55,18.93,5.24,47,0.5309924096,0.827706527
2022,10,Nebraska,Illinois,-7.5,-17,9,26,-8.71,-13.67,-4.14,-28.55,-16.15,-10.63,-9.82,-14.0,-15.28,-14.5,-7.22,-12.79,-10.45,-10.11,-12.48,-11.15,-13.0,-18.45,-7.19,,-14.76,-8.6,-17.43,-18.0,-15.2,-11.15,-11.72,-8.38,-6.54,-6.0,-6.0,-9.0,-20.05,-9.53,-6.4,-20.93,-9.4,,-6.9,-8.0,-20.23,-17.35,,-2.29,,-25.0,-6.0,-8,-16.76,-6.6,,-7.5,-1.0,-15.77,-20.51,5.77,35,0.3840482941,0.2299716619
2022,10,North Carolina,Pittsburgh,3.0,18,42,24,5.2,10.75,0.94,1.63,3.91,6.19,6.66,13.0,7.75,15.0,1.95,12.38,2.95,5.36,5.05,5.22,4.0,8.75,3.44,,7.11,9.3,5.1,11.0,-0.9,5.0,2.9,5.3,6.17,5.0,3.5,6.0,11.91,2.03,2.5,3.94,4.1,,2.3,3.0,3.11,4.35,,1.58,,3.0,0.9,5,-1.46,2.8,,3.0,-5.0,5.53,2.57,3.9,66,0.5499017106,0.6213180419
2022,10,Penn St.,Ohio St.,-16.0,-13,31,44,-13.58,-6.8,-9.85,-17.58,-11.24,-12.78,-17.78,-10.0,-16.99,-10.5,-11.06,-1.31,-12.43,-3.74,-12.79,-5.82,-9.0,-18.95,-13.52,,-16.95,-4.53,-10.47,-7.0,-19.0,-13.0,-12.36,-9.48,-11.61,-14.0,-15.0,-13.0,0.11,-17.94,-14.6,-15.8,-16.7,,-12.6,-15.5,-21.06,-16.35,,8.18,,-23.0,-13.5,-12,-15.72,-9.1,,-15.5,-14.0,-14.18,-17.88,4.98,75,0.5764920943,0.2210343541
2022,10,Rice,Charlotte,15.5,-33,23,56,17.76,24.65,12.93,24.13,20.74,17.28,16.83,26.0,30.13,28.0,18.11,21.69,13.65,17.28,18.85,23.15,13.0,21.55,16.2,,13.87,14.83,21.04,25.0,17.1,18.11,18.56,19.21,16.31,18.0,16.5,17.0,19.89,10.53,13.4,23.88,18.2,,12.2,16.0,26.44,19.45,,2.63,,24.0,12.8,17,19.94,16.0,,17.0,6.0,16.43,25.64,4.94,79,0.5798468575,0.871565622
2022,10,San Jose St.,Nevada,24.5,7,35,28,20.4,24.49,10.78,19.76,20.99,18.35,23.63,19.0,29.57,17.5,17.95,21.76,15.64,16.1,19.85,24.77,12.0,20.75,22.94,,23.87,15.06,24.59,26.0,14.9,19.76,14.94,16.47,19.28,14.0,25.0,25.0,24.6,16.79,18.8,29.39,20.6,,15.9,24.0,26.43,15.35,,3.27,,27.0,16.8,23,12.78,22.0,,24.5,-1.5,19.08,24.1,5.69,63,0.3913630326,0.8804430103
2022,10,South Carolina,Missouri,3.5,-13,10,23,8.17,10.62,6.46,0.52,4.45,13.83,10.53,9.0,6.71,10.5,3.75,12.71,6.21,8.11,8.77,10.64,5.0,11.45,4.57,,16.24,13.95,3.78,12.0,2.4,8.11,6.95,7.97,6.51,12.0,6.0,17.0,14.96,11.46,11.7,2.68,8.4,,9.7,4.5,5.67,6.05,,2.75,,6.0,10.3,16,8.03,4.7,,3.5,5.0,19.09,4.41,4.22,33,0.6258299457,0.70329568
2022,10,Southern Miss.,Louisiana-Lafayette,-1.5,15,39,24,-5.1,5.01,-10.97,-1.81,-2.55,3.58,-5.48,2.0,1.65,0.5,-4.99,6.83,-11.85,-1.58,-2.68,-1.06,1.0,-1.05,-1.28,,-6.35,-5.26,-1.94,5.0,-8.8,-2.45,-2.91,-4.59,-0.47,-5.0,-2.0,-1.0,2.08,-4.09,-3.4,-3.14,-0.8,,-2.1,-1.5,0.37,-2.45,,1.97,,-1.0,-2.2,-6,-6.25,-3.2,,-1.5,-12.5,-6.4,-2.8,4.19,63,0.4713522326,0.4351675957
2022,10,Syracuse,Notre Dame,1.5,-17,24,41,-0.42,14.76,-4.7,20.12,5.63,6.98,-0.18,11.0,14.17,10.5,-1.2,15.09,-2.03,12.91,5.77,12.27,13.0,-0.25,1.54,,7.42,9.95,12.54,14.0,0.8,4.0,3.78,-0.28,3.7,0.01,2.0,5.0,11.07,1.94,1.9,12.44,3.2,,3.5,1.5,10.54,6.1,,52.57,,10.0,2.6,4,-2.49,3.4,,2.5,-3.0,1.2,9.56,6.05,65,0.5992352993,0.6329478233
2022,10,Tennessee,Kentucky,11.0,38,44,6,11.85,18.02,7.3,15.71,14.67,11.65,11.44,15.0,20.25,16.5,11.87,16.83,14.13,11.9,14.4,12.88,10.0,15.55,15.5,,14.32,11.93,16.08,17.0,11.6,14.0,13.79,12.53,13.43,13.0,13.0,14.0,11.54,10.37,13.9,20.23,15.0,,13.7,11.5,23.72,13.95,,32.06,,20.0,14.0,15,11.91,16.5,,12.0,3.5,14.26,21.32,3.64,50,0.5826829277,0.811697205
2022,10,Texas A&M,Mississippi,-2.0,-3,28,31,-0.21,-10.41,-1.57,-8.72,-6.47,-3.02,2.81,-8.0,-4.71,-12.5,-3.12,-13.48,-0.32,-8.27,-3.06,-1.92,-14.0,4.25,-0.3,,5.89,-4.33,-6.88,-10.0,-6.2,-2.9,-5.3,-3.97,-2.69,6.0,-3.0,4.0,-9.57,2.12,2.2,-5.25,-0.8,,1.9,-2.0,-7.79,-7.75,,-16.18,,-6.0,0.01,7,-2.9,-2.3,,-2.0,-2.0,1.09,-8.07,5.14,59,0.4746748519,0.4272503443
2022,10,Texas Tech,Baylor,2.0,-28,17,45,-0.61,7.11,-0.01,7.33,-0.13,0.01,2.16,6.0,6.03,5.0,-4.37,7.7,0.16,3.32,2.6,4.37,-4.0,5.45,1.37,,6.23,2.92,6.04,8.0,-0.2,2.3,-0.67,-2.28,0.26,2.0,2.0,6.0,5.87,-3.31,2.3,6.61,1.5,,1.1,2.0,6.0,2.55,,2.26,,1.0,1.0,5,-0.8,1.5,,2.5,-7.5,1.44,5.15,3.51,62,0.5147205327,0.563532502
2022,10,Tulsa,SMU,-1.0,-11,34,45,-3.14,-4.22,-2.98,-0.21,-1.78,-5.69,-2.42,-2.0,-9.34,-2.0,-3.14,-1.46,-7.89,-2.82,-4.83,-5.51,-8.0,-0.65,-5.33,,-8.69,-1.27,-9.98,-6.0,-11.8,-4.85,-3.46,-4.64,-4.85,-3.0,-3.0,-8.0,-5.4,-3.34,-6.2,-13.11,-9.1,,-5.8,-2.0,-5.6,-3.85,,-1.63,,-9.0,-6.0,-6,1.21,-4.3,,-2.5,2.5,-0.01,-7.38,3.31,79,0.4066492131,0.3829137964
2022,10,UCLA,Stanford,16.5,25,38,13,8.25,15.38,9.59,14.23,10.61,11.76,7.43,15.0,11.53,19.0,7.37,17.45,11.88,14.06,13.2,13.31,16.0,16.35,12.99,,14.23,17.05,11.99,17.0,9.7,12.4,12.27,10.78,10.82,17.0,15.0,9.0,19.75,4.61,13.2,11.75,10.6,,12.4,16.0,12.75,16.25,,12.23,,9.0,10.4,17,23.84,15.5,,16.5,20.5,16.81,11.22,3.82,51,0.4199189427,0.7905707994
2022,10,UTEP,Middle Tenn.,2.5,-11,13,24,-0.92,-0.01,-3.59,0.56,-3.27,-3.99,1.18,-0.25,-6.02,2.5,-3.91,3.15,0.48,1.22,-0.83,-0.74,-2.0,-1.75,-0.94,,2.42,-1.6,-1.65,-3.0,-7.7,-0.94,-3.48,-2.3,-4.81,-3.0,1.5,-2.0,0.24,5.98,2.4,-3.6,-3.9,,2.6,2.0,-1.68,8.0,,-0.7,,-3.0,3.1,2,-5.5,1.5,,2.5,3.5,1.36,-3.64,3.13,37,0.4184724203,0.4795447363
2022,10,Virginia,Miami (Fla.),-3.0,-2,12,14,-0.65,4.57,-0.63,-4.64,4.05,-4.51,-2.11,2.0,0.95,3.0,-0.39,6.51,-1.07,6.23,1.34,8.43,-8.0,-0.35,0.54,,7.96,3.38,8.42,8.0,-0.01,0.95,2.12,2.09,-1.42,-1.0,-2.5,-1.0,6.64,-4.95,-5.4,8.45,-3.4,,-3.7,-2.0,5.69,-0.3,,1.23,,3.0,-4.6,2,-3.76,-4.8,,-2.0,-1.5,2.08,5.33,4.28,26,0.6040899259,0.532476009
2022,10,Washington St.,Utah,-7.0,-4,17,21,-9.28,-7.9,-9.12,-10.44,-6.23,-12.87,-10.51,-7.0,-14.06,-8.5,-8.92,-4.6,-6.2,-3.57,-8.46,-3.62,-11.0,-9.55,-6.44,,-8.95,-2.66,-4.7,-8.0,-9.5,-8.9,-7.68,-7.5,-11.06,-9.0,-8.0,-8.0,-7.12,-15.02,-10.9,-5.01,-12.1,,-8.9,-7.0,-9.88,-5.0,,-1.94,,-13.0,-10.2,-10,-12.05,-9.8,,-7.0,-7.0,-8.56,-10.02,2.9,38,0.4639568105,0.3000589104
2022,10,West Va.,TCU,-7.5,-10,31,41,-10.64,-18.39,-4.86,-16.49,-9.76,-11.21,-11.16,-21.0,-10.81,-23.5,-7.24,-22.46,-6.46,-10.91,-12.18,-14.95,-15.0,-16.65,-5.47,,-15.95,-15.93,-17.81,-20.0,-16.5,-10.91,-8.04,-13.29,-6.4,-3.0,-7.0,-10.0,-19.07,-8.17,-9.9,-17.3,-9.0,,-9.2,-8.5,-10.28,-15.6,,-22.78,,-16.0,-10.0,-10,-6.59,-8.1,,-7.5,3.0,-14.19,-14.67,5.4,72,0.3900803019,0.2337964872
2022,10,Western Kentucky,North Texas,10.0,-27,13,40,9.21,10.73,13.26,19.69,9.16,19.01,8.42,13.0,14.92,14.0,10.62,8.48,16.88,7.74,13.8,8.03,10.0,14.75,13.72,,11.13,14.98,13.67,13.0,13.8,13.75,15.01,9.31,15.29,20.0,8.0,10.0,15.81,9.43,14.8,19.0,12.6,,14.6,10.5,20.42,20.05,,1.08,,10.0,14.2,19,16.54,12.7,,10.0,13.5,13.75,15.14,3.49,53,0.5924231632,0.8020594556
2022,11,Arizona St.,UCLA,-11.0,-14,36,50,-8.33,-15.58,-4.3,-14.24,-8.85,-9.97,-8.18,-15.0,-12.05,-18.0,-6.73,-17.48,-9.41,-10.46,-11.25,-10.34,-16.0,-12.45,-10.99,,-12.0,-11.49,-13.64,-16.0,-15.3,-11.49,-9.82,-10.24,-7.97,-6.0,-10.0,-9.0,-19.48,-4.05,-7.9,-14.75,-10.3,,-7.3,-11.0,-12.07,-19.15,-18.05,-12.8,,-15.0,-6.9,-12,-11.81,-11.9,,-11.0,0.01,-17.12,-13.04,4.21,86,0.4939273913,0.2466699974
2022,11,Arkansas,Liberty,14.5,-2,19,21,13.76,1.17,11.88,1.53,9.16,15.84,15.99,2.0,7.9,-1.0,12.73,-2.45,12.59,5.72,9.96,7.39,-3.0,17.25,10.77,,12.62,3.51,7.24,5.0,10.4,10.22,10.04,9.84,9.64,16.0,13.5,15.0,6.6,17.57,16.9,10.22,11.2,,15.5,14.0,9.57,3.65,16.5,-0.52,,8.0,18.2,20,13.42,11.6,,13.5,0.5,16.14,11.79,5.72,40,0.3939467645,0.7224864744
2022,11,Army,Air Force,-7.5,-6,7,13,-9.99,-5.16,-6.27,-16.77,-11.0,-4.89,-10.15,-6.0,-6.17,-6.5,-10.42,-4.61,-8.15,-10.42,-8.75,-5.36,-7.0,-11.5,-11.19,,-11.49,-4.04,-10.29,-4.0,-11.7,-8.12,-7.04,-9.36,-6.58,-10.0,-7.0,-5.0,-10.74,-5.0,-8.1,-13.25,-7.2,,-7.2,-7.5,-8.75,-20.5,-13.76,-1.66,,-8.0,-7.6,-12,-9.47,-11.4,,-7.5,-6.0,-6.74,-12.95,3.37,20,0.4693013109,0.2948799125
2022,11,Boise St.,BYU,8.0,-3,28,31,9.14,5.01,2.31,18.57,5.81,4.38,12.61,6.0,2.69,9.0,6.69,6.27,5.34,4.47,5.8,2.31,8.0,9.05,3.26,,11.83,5.35,1.98,6.0,1.8,5.35,4.15,4.91,5.45,9.0,8.5,4.0,7.55,1.4,6.1,0.69,1.8,,5.4,7.5,14.38,2.65,28.12,-0.33,,2.0,4.3,13,-1.57,4.1,,8.0,5.5,11.19,4.06,3.85,59,0.4464289461,0.6387384577
2022,11,Boston College,Duke,-10.5,-7,31,38,-11.24,-10.5,-2.25,-15.08,-15.08,-13.54,-12.42,-9.0,-16.78,-10.0,-11.25,-7.12,-7.11,-10.53,-9.74,-11.24,-16.0,-12.75,-8.76,,-12.31,-1.74,-14.73,-8.0,-14.1,-10.0,-8.53,-9.01,-9.5,-1.0,-9.5,-10.0,-14.13,3.34,-1.6,-18.61,-8.8,,-2.9,-10.5,-18.22,-13.6,-2.06,-2.21,,-20.0,-1.6,-5,-16.11,-7.8,,-10.0,7.5,-6.16,-18.98,6.05,69,0.517839618,0.2832280657
2022,11,Bowling Green,Western Mich.,4.5,4,13,9,-0.8,5.95,-3.58,-0.54,7.37,5.49,-1.52,7.0,6.18,6.5,-0.01,5.81,-0.49,7.82,3.99,10.65,1.0,3.55,4.86,,11.29,0.88,11.49,9.0,4.6,4.0,1.33,-0.12,0.25,-3.0,3.5,7.0,8.97,0.84,1.5,11.03,2.9,,1.0,4.5,8.47,6.0,-4.39,1.85,,4.0,2.2,4,0.34,3.1,,4.5,-3.5,3.28,5.76,4.17,22,0.4876063601,0.596030927
2022,11,Charlotte,Western Kentucky,-15.0,-52,7,59,-14.23,-13.02,-12.3,-19.46,-16.17,-22.21,-13.67,-16.0,-18.59,-16.5,-17.55,-10.03,-19.87,-9.51,-15.29,-6.89,-18.0,-12.25,-17.71,,-15.62,-9.07,-13.24,-15.0,-24.1,-15.62,-16.54,-12.18,-16.01,-20.0,-15.5,-10.0,-13.62,-7.12,-16.7,-19.54,-16.4,,-14.0,-15.0,-9.28,-17.75,-43.59,-0.88,,-21.0,-14.9,-13,-20.78,-14.5,,-16.5,-15.5,-17.24,-18.27,4.01,66,0.4929347139,0.1752046403
2022,11,Cincinnati,Navy,18.5,10,20,10,16.18,17.08,16.76,12.4,12.58,18.6,15.73,16.0,17.0,20.5,15.79,17.13,18.19,12.75,17.13,12.4,13.0,18.45,17.36,,17.88,15.24,11.02,17.0,9.6,17.0,18.68,17.49,19.59,24.0,20.5,18.0,24.02,22.66,22.5,12.22,17.0,,20.5,18.5,16.94,9.45,-9.54,1.86,,13.0,20.6,22,15.85,22.5,,19.5,27.0,20.65,14.82,3.91,30,0.466610073,0.8526189404
2022,11,Coastal Carolina,Appalachian St.,-3.0,7,35,28,-2.44,4.1,-0.89,-1.53,-0.01,-6.56,-3.25,5.0,-7.42,10.0,-3.75,10.31,-4.34,4.26,-0.17,3.11,-2.0,-4.75,-0.17,,6.43,13.62,1.15,4.0,-3.1,-1.32,0.6,0.55,-3.22,-1.0,-1.0,-3.0,7.28,-4.3,-2.8,-2.31,-5.5,,-2.3,-3.0,-5.43,1.3,-4.1,0.99,,-6.0,-2.1,-2,-0.66,-1.4,,-3.0,3.0,1.12,-1.32,4.9,63,0.5676348057,0.4959175422
2022,11,Colorado,Oregon,-31.5,-39,10,49,-26.6,-27.56,-17.68,-42.58,-24.78,-29.97,-27.74,-30.0,-29.76,-32.0,-25.93,-26.36,-22.78,-12.99,-26.9,-25.42,-32.0,-30.05,-27.4,,-27.18,-16.18,-26.56,-28.0,-33.0,-26.6,-26.41,-25.14,-26.21,-23.0,-31.5,-26.0,-33.49,-25.14,-24.8,-30.37,-27.3,,-25.3,-30.5,-33.43,-30.5,-17.38,-23.5,,-33.0,-24.3,-24,-23.96,-32.0,,-31.5,-19.0,-26.89,-30.43,5.35,59,0.6081924883,0.0541503523
2022,11,Connecticut,Massachusetts,15.5,17,27,10,17.21,18.04,15.37,12.34,13.3,16.76,18.61,13.0,17.04,18.5,13.65,18.57,17.8,16.64,16.58,21.68,10.0,22.25,13.52,,24.32,13.27,15.93,17.0,14.2,16.68,15.67,18.07,13.23,19.0,15.0,21.0,12.95,14.43,16.1,16.34,14.7,,16.2,15.5,20.13,11.55,23.36,21.57,,17.0,15.7,18,17.91,16.5,,15.5,7.5,24.61,17.12,3.32,37,0.5265483525,0.8466977094
2022,11,Fresno St.,Hawaii,27.0,42,55,13,17.63,21.32,15.01,20.11,19.63,19.79,15.38,21.0,25.49,21.0,20.41,19.08,20.86,15.09,20.58,15.27,15.0,17.55,25.02,,15.65,15.52,21.48,25.0,19.1,20.41,19.42,19.48,23.17,15.0,23.5,22.0,21.0,22.94,27.7,23.95,24.3,,26.3,25.5,26.42,22.45,31.61,3.18,,20.0,28.5,22,19.33,24.0,,27.5,14.5,18.91,23.03,3.79,68,0.3470244554,0.8963416403
2022,11,Georgia,Tennessee,9.0,14,27,13,5.82,2.6,11.05,10.77,5.78,1.76,4.24,11.0,4.73,12.0,6.98,1.45,10.15,5.99,7.04,4.94,-1.0,2.05,14.47,,6.03,2.33,5.0,2.0,8.1,7.15,8.24,7.64,9.13,11.0,8.5,4.0,3.8,7.15,9.3,6.44,7.5,,8.2,9.0,5.41,9.9,8.02,9.42,,2.0,9.6,6,9.32,8.0,,8.0,12.5,9.64,5.26,3.46,40,0.451991507,0.6675973011
2022,11,Georgia Southern,South Alabama,-4.0,-7,31,38,-1.17,-2.07,-1.24,-5.88,-2.63,-1.1,-1.25,-3.0,-3.01,-2.5,-1.27,-1.56,-0.94,-3.3,-1.81,-1.11,-4.0,-2.35,-3.29,,0.75,-1.41,-3.77,-1.0,-6.4,-1.56,-1.88,-0.95,1.03,1.0,-4.0,0.01,-3.29,-3.59,0.7,-5.55,-1.1,,0.5,-3.5,-3.11,-2.3,-5.68,-0.45,,-2.0,0.8,2,-3.36,-3.2,,-4.0,-1.5,-0.69,-3.3,1.85,69,0.5544960815,0.4549152602
2022,11,Illinois,Michigan St.,16.0,-8,15,23,8.83,14.56,8.49,39.54,16.28,12.6,9.34,14.0,12.61,17.0,7.01,15.61,11.54,15.93,12.36,17.18,12.0,19.35,9.6,,12.93,9.4,14.21,14.0,10.5,12.45,10.72,9.74,6.51,10.0,14.5,11.0,20.38,0.47,7.0,14.94,7.1,,8.0,15.5,15.33,12.45,14.49,1.48,,16.0,6.0,11,12.99,13.6,,17.0,-0.5,12.32,15.35,5.81,38,0.4147516921,0.7676728714
2022,11,Indiana,Penn St.,-13.5,-31,14,45,-16.19,-14.76,-13.28,-20.7,-12.34,-15.49,-17.43,-14.0,-18.53,-16.0,-14.02,-12.72,-16.1,-9.99,-16.22,-14.17,-17.0,-18.95,-14.19,,-20.66,-9.66,-15.06,-16.0,-19.8,-16.0,-15.08,-15.83,-14.05,-16.0,-13.0,-17.0,-19.86,-17.74,-17.3,-17.02,-18.0,,-16.0,-14.0,-17.02,-18.45,0.44,-12.62,,-21.0,-15.4,-18,-15.17,-23.0,,-14.0,-8.5,-23.5,-16.67,3.22,59,0.4333219588,0.1583254574
2022,11,Iowa St.,West Va.,7.0,17,31,14,7.21,4.91,11.48,12.53,10.78,5.04,6.21,6.0,7.26,6.0,8.63,3.64,13.78,8.82,8.6,8.29,3.0,10.95,8.66,,5.14,6.45,9.9,7.0,11.3,8.29,6.7,7.95,7.69,11.0,6.5,4.0,9.44,6.63,7.6,12.69,6.9,,7.5,7.0,11.02,9.0,11.76,-0.02,,11.0,7.4,11,12.84,7.9,,7.5,9.0,5.01,12.0,2.7,45,0.539573693,0.7033495832
2022,11,Kansas,Oklahoma St.,1.5,21,37,16,-6.94,-1.37,-6.61,2.57,2.76,-9.63,-7.54,-2.0,2.18,-4.5,-4.49,-3.29,-8.2,0.01,-3.78,-3.14,-4.0,-5.55,1.21,,-1.64,-5.25,2.33,-1.0,-6.5,-4.49,-5.73,-8.28,-1.29,-10.0,-3.0,-5.0,-3.68,-9.85,-7.8,3.86,-3.9,,-6.3,0.5,4.86,3.25,3.68,-1.37,,-3.0,-6.4,-7,1.01,-3.3,,-1.5,-14.0,-14.29,4.28,4.54,53,0.3745546858,0.409450891
2022,11,Kansas St.,Texas,-3.0,-7,27,34,0.49,6.05,1.0,4.02,0.62,-0.72,0.91,5.0,0.44,7.5,-1.01,9.08,0.5,4.14,2.93,5.15,2.0,7.05,-2.42,,11.09,9.09,4.28,8.0,-3.8,2.78,0.84,1.04,-4.12,2.0,0.0,8.0,6.34,2.78,4.6,2.21,-1.2,,3.1,-1.5,5.48,-1.45,-0.94,1.28,,3.0,3.3,6,0.81,-1.0,,-2.5,4.0,7.81,0.94,3.65,61,0.6420953537,0.5713781178
2022,11,Kent,Ball St.,7.0,-7,20,27,4.44,3.53,4.01,6.16,7.51,8.37,3.3,4.0,9.02,4.5,6.42,0.58,5.35,2.18,5.37,4.05,1.0,7.05,9.71,,-0.01,2.6,6.96,4.0,2.4,5.35,6.0,4.7,9.18,3.0,4.5,4.0,4.06,5.56,6.4,8.41,5.3,,7.0,7.0,10.48,7.35,-4.84,0.69,,6.0,6.4,6,2.23,9.6,,7.0,4.5,-0.54,8.42,2.64,47,0.4596622218,0.630689608
2022,11,LSU,Alabama,-13.5,1,32,31,-10.08,-4.94,-11.86,-7.28,-5.73,-9.75,-10.07,-8.0,-11.86,-9.5,-10.61,-1.21,-14.17,-3.4,-10.02,-4.54,-6.0,-12.65,-15.42,,-9.98,-5.42,-9.73,-6.0,-13.1,-10.18,-11.96,-9.59,-10.03,-12.0,-13.0,-7.0,0.3,-16.75,-12.8,-14.03,-14.4,,-10.8,-13.0,-6.87,-10.8,-12.96,-9.11,,-11.0,-11.1,-13,-13.95,-9.8,,-13.5,-13.0,-13.95,-10.11,3.68,63,0.5845585883,0.2692995725
2022,11,Louisiana Tech,Middle Tenn.,-2.5,16,40,24,-3.56,-4.38,-2.27,-4.86,-0.01,-10.91,-4.13,-4.0,-3.59,-3.5,-2.09,-4.81,-2.25,-3.24,-4.21,-1.84,-6.0,-8.15,-0.7,,-5.13,-5.28,-2.17,-3.0,-4.7,-4.0,-4.02,-3.88,-1.38,-8.0,-2.0,-9.0,-4.31,-4.28,-6.5,-2.9,-4.5,,-4.3,-2.5,-7.33,-2.85,-8.18,-1.36,,-2.0,-4.8,-4,-6.12,-1.0,,-2.5,-3.0,-13.44,-2.6,2.57,64,0.4576566172,0.3967355622
2022,11,Louisiana-Lafayette,Troy St.,-3.5,-6,17,23,-0.59,-8.43,6.31,2.6,,-7.12,-0.38,-5.0,-3.41,-7.0,1.18,-11.13,1.01,-3.92,-2.29,-4.0,-4.0,-1.95,-2.97,,-5.0,-3.48,-6.4,-10.0,-3.8,-2.84,-1.14,-2.82,-1.97,5.0,-3.5,-5.0,-10.93,1.92,-0.9,-5.71,-1.3,,-0.9,-3.5,-3.73,0.01,19.34,-2.43,,-6.0,-0.5,3,2.21,-2.9,,-4.0,14.0,-2.87,-1.29,4.63,40,0.529167692,0.4449251792
2022,11,Louisiana-Monroe,Texas St.,2.5,1,31,30,-0.6,-2.04,0.72,-8.37,-0.13,-3.52,-1.23,-1.0,-3.78,0.5,-0.51,-1.09,1.55,-1.37,-1.49,-3.13,-8.0,-4.75,2.14,,1.29,0.76,-2.96,1.0,-1.5,-1.09,-1.24,0.54,-0.87,3.0,1.0,-1.0,0.1,-0.82,0.2,-2.83,-2.3,,0.6,1.5,-4.0,-11.6,11.49,-1.01,,-7.0,1.5,-2,-0.97,-1.7,,1.5,-0.5,-2.11,-2.41,2.8,61,0.4022472131,0.4631751131
2022,11,Louisville,James Madison,7.0,24,34,10,11.87,4.71,9.92,5.53,8.43,2.24,13.48,7.0,3.83,12.5,9.07,5.18,17.24,9.24,10.73,13.87,-3.0,13.05,5.09,,,7.86,8.25,7.0,11.5,9.64,8.11,11.42,11.24,18.0,10.0,20.0,12.04,24.87,17.2,9.01,8.9,,19.6,7.0,13.34,6.75,17.37,2.09,,7.0,21.6,16,0.29,7.0,,7.5,6.0,17.01,9.76,5.53,44,0.5878080469,0.7383813694
2022,11,Memphis,Central Florida,-3.0,-7,28,35,-7.13,-5.38,-4.07,-10.82,-3.69,-11.9,-9.31,-8.0,-6.25,-6.5,-5.82,-4.92,-4.29,-1.75,-6.08,0.33,-10.0,-8.85,-3.43,,-5.97,-6.71,-5.59,-5.0,-10.3,-5.97,-6.48,-3.88,-2.98,-4.0,-5.5,-8.0,-8.34,-8.86,-7.3,-7.19,-7.5,,-6.6,-3.5,-3.88,-4.9,1.3,-0.69,,-6.0,-6.2,-5,-3.95,-4.2,,-3.5,-0.5,-16.11,-6.59,2.89,63,0.4243059668,0.3531531613
2022,11,Miami (Fla.),Florida St.,-7.5,-42,3,45,-6.25,-8.0,-2.84,-3.92,-7.13,-8.0,-8.15,-6.0,-7.24,-6.5,-4.13,-8.41,-6.35,-6.02,-7.37,-11.5,-7.0,-9.25,-6.29,,-14.16,-3.96,-11.62,-10.0,-13.3,-6.5,-5.52,-4.65,-3.76,-1.0,-8.0,-10.0,-12.58,-6.74,-6.0,-13.14,-5.1,,-5.5,-7.5,-11.36,-5.05,-29.72,-3.52,,-16.0,-5.0,-9,-4.23,-4.3,,-7.5,3.5,-11.01,-9.59,3.74,48,0.503179989,0.3256697851
2022,11,Mississippi St.,Auburn,12.5,6,39,33,11.46,13.14,6.58,28.57,12.63,12.67,12.75,13.0,19.19,13.5,10.61,9.88,12.46,11.47,13.55,13.23,8.0,16.75,14.89,,14.88,10.22,14.82,12.0,10.8,13.0,10.7,9.39,12.78,13.0,11.0,13.0,16.46,16.42,13.6,17.73,15.2,,13.1,12.5,13.54,18.55,30.09,1.12,,14.0,12.7,17,9.25,18.0,,13.0,6.5,11.29,14.66,3.84,72,0.5256319358,0.7966454509
2022,11,Missouri,Kentucky,0.0,-4,17,21,-2.84,-1.44,-0.8,3.68,0.76,-0.79,-2.39,-1.0,1.56,-1.0,-2.61,-3.06,0.73,0.27,-0.88,2.15,-2.0,-1.15,0.58,,3.71,-4.96,1.63,-4.0,-2.8,-1.1,-1.45,-4.05,-0.28,0.01,-2.0,-3.0,-2.69,-3.62,-2.5,2.62,-2.2,,-1.2,0.0,3.84,2.15,3.95,-0.67,,1.0,-1.1,-8,-3.1,-1.8,,-1.0,-5.0,-2.33,1.34,2.61,38,0.4781892968,0.4781892968
2022,11,NC St.,Wake Forest,-3.0,9,30,21,-1.04,3.59,0.69,4.65,1.93,-1.02,-4.69,5.0,3.16,4.0,3.18,3.83,-1.21,1.07,1.32,-1.88,-1.0,-2.25,1.22,,-0.54,4.32,-0.3,3.0,-2.8,1.22,1.31,2.9,3.03,1.0,-3.0,1.0,2.48,2.26,5.3,-0.75,3.4,,5.2,-2.0,1.84,-0.25,5.91,-0.04,,1.0,6.1,1,3.93,-2.9,,-4.0,0.01,-4.83,3.72,2.65,51,0.6058149886,0.5326844417
2022,11,Nebraska,Minnesota,-14.5,-7,13,20,-8.43,-9.9,-7.76,-23.56,-8.53,-8.56,-8.99,-11.0,-15.2,-9.5,-9.28,-7.04,-12.78,-5.81,-10.55,-4.36,-13.0,-6.65,-10.28,,-7.34,-6.9,-11.17,-11.0,-18.1,-10.3,-9.89,-6.74,-10.43,-7.0,-11.0,-6.0,-13.4,-12.87,-11.9,-14.72,-11.9,,-10.3,-13.5,-12.82,-14.75,-20.1,-1.75,,-15.0,-10.9,-12,-15.34,-11.3,,-16.0,-4.0,-7.67,-13.24,3.72,33,0.5957107305,0.2587999742
2022,11,North Texas,Florida Intl.,21.5,38,52,14,18.96,13.87,16.4,12.49,21.8,19.55,19.18,18.0,25.87,16.5,22.28,7.41,22.75,14.2,20.57,16.01,9.0,27.85,24.86,,20.42,7.6,16.93,17.0,19.2,21.17,20.87,15.42,23.64,27.0,21.0,23.0,16.88,25.68,28.0,24.93,24.0,,23.1,21.5,28.64,13.5,25.92,1.2,,25.0,25.7,31,22.62,24.5,,21.0,15.0,22.72,26.6,5.8,66,0.4780604502,0.8881965586
2022,11,Northern Ill.,Central Mich.,6.0,-13,22,35,5.21,2.3,2.1,3.49,3.61,6.4,6.87,2.0,2.31,3.0,2.3,2.28,3.37,5.81,5.07,10.76,-1.0,9.65,6.21,,16.25,2.56,4.99,1.0,1.9,4.78,3.26,4.78,4.01,6.0,4.5,5.0,4.11,8.88,6.6,7.12,3.2,,7.4,6.0,7.09,8.8,-26.01,10.1,,1.0,8.6,10,0.32,6.9,,6.0,1.0,0.97,4.17,3.29,57,0.4771278631,0.6227544369
2022,11,Northwestern,Ohio St.,-38.0,-14,7,21,-33.95,-38.34,-27.39,-49.84,-31.26,-37.89,-35.58,-38.0,-43.02,-39.5,-30.71,-35.82,-35.72,-13.24,-36.47,-30.55,-36.0,-43.35,-32.45,,-41.64,-27.64,-32.27,-40.0,-42.7,-37.57,-38.21,-34.62,-35.06,-39.0,-38.5,-36.0,-35.47,-37.66,-39.6,-37.84,-40.5,,-35.5,-38.0,-40.34,-38.85,-54.25,-24.27,,-44.0,-37.4,-41,-37.57,-32.5,,-38.0,-27.5,-43.22,-42.07,6.06,28,0.5358699152,0.0159322867
2022,11,Notre Dame,Clemson,-4.0,21,35,14,-1.18,-8.46,-0.12,-8.08,-0.29,-0.14,-0.28,-8.0,-0.64,-13.0,-0.96,-12.68,-4.22,-5.47,-3.79,-5.18,-11.0,2.05,-4.44,,-2.17,-9.39,-4.99,-6.0,-3.2,-3.3,-2.52,-3.9,-5.22,2.0,-4.0,-3.0,-3.81,-1.82,-3.7,-4.2,-2.0,,-5.0,-4.0,-0.41,-3.1,-19.75,-13.01,,-5.0,-3.8,-19,-4.86,-3.3,,-3.5,4.5,-0.22,-0.76,4.28,49,0.5050954622,0.4088445574
2022,11,Ohio,Buffalo,-3.0,21,45,24,-2.8,-0.25,-0.62,-6.26,-1.93,-4.63,-3.47,-2.0,-3.39,-2.5,-3.19,1.45,-2.13,0.01,-2.5,-4.79,-5.0,-2.35,-1.7,,4.63,1.28,-6.97,-5.0,-8.0,-2.67,-2.03,-1.16,-4.06,5.0,-2.0,-8.0,-3.87,1.71,-0.6,-7.22,1.6,,-0.4,-3.0,-5.03,-6.7,0.2,-1.61,,-5.0,-0.4,-6,-2.67,-3.1,,-3.0,5.5,-1.48,-3.05,3.27,69,0.5123049879,0.4387084333
2022,11,Oklahoma,Baylor,3.5,-3,35,38,1.48,2.82,0.01,-8.01,1.91,-6.44,0.94,3.0,-4.13,5.5,0.41,6.56,0.5,3.91,-0.25,1.7,-6.0,-7.15,4.4,,-12.47,2.56,0.22,6.0,-0.6,-0.2,-0.77,3.45,-0.86,-3.0,3.5,-1.0,4.46,-5.19,-0.9,-1.51,-1.1,,-0.9,3.0,-4.08,-0.2,-9.85,0.39,,-3.0,-1.1,-5,-3.02,3.4,,3.5,3.5,1.02,-1.26,3.96,73,0.4093521442,0.4939040849
2022,11,Old Dominion,Marshall,-3.5,-12,0,12,-3.2,-0.61,-3.55,-13.95,-1.3,-0.31,-2.46,-3.0,-1.69,-2.5,-4.76,-0.01,-6.35,-1.44,-1.5,-0.95,-5.0,1.75,-3.91,,8.72,-0.25,-1.71,-2.0,-5.5,-1.69,-2.17,-3.29,-1.87,0.01,-2.5,2.0,-2.93,4.3,-0.5,-1.87,-3.9,,-0.9,-3.5,-3.75,-2.05,-5.08,-0.63,,-7.0,0.01,4,2.31,-2.5,,-3.0,3.0,1.94,-0.46,3.39,12,0.5490304645,0.4631864872
2022,11,Pittsburgh,Syracuse,4.0,10,19,9,-2.44,-10.74,1.63,-9.53,-4.06,-5.69,-3.36,-11.0,-10.4,-11.0,-0.6,-10.93,0.77,-5.79,-3.93,-5.59,-11.0,-4.25,0.13,,-4.29,-3.91,-7.75,-13.0,-7.4,-3.91,-2.55,-2.25,-1.54,2.0,4.0,-4.0,-10.57,1.49,1.9,-7.82,-3.7,,3.0,2.5,-3.43,-2.5,-6.01,-2.63,,-13.0,3.1,-1,0.43,-1.5,,4.0,15.5,-6.21,-7.09,5.35,28,0.3179759576,0.4072619882
2022,11,Purdue,Iowa,3.5,-21,3,24,1.28,9.72,3.75,12.52,4.68,5.26,0.71,7.0,10.36,8.5,1.96,9.38,0.39,3.18,4.63,0.48,4.0,5.55,6.47,,4.2,3.49,3.24,9.0,-2.3,4.6,4.82,1.77,6.92,8.0,4.0,2.0,8.55,1.23,7.2,2.29,5.6,,7.2,3.5,3.99,2.75,-7.68,2.28,,1.0,7.0,6,10.17,4.6,,3.5,-1.0,1.18,5.51,3.31,27,0.5277787519,0.6123821629
2022,11,Rice,UTEP,4.0,7,37,30,4.26,5.6,3.02,5.44,12.03,7.13,4.24,7.0,7.52,7.5,6.55,4.57,2.07,6.84,3.88,6.49,4.0,1.15,5.92,,-9.14,8.22,5.21,7.0,2.0,4.57,3.64,2.01,4.86,4.0,4.0,0.01,7.22,-1.97,0.01,4.66,4.2,,0.01,4.0,4.46,-0.7,13.98,0.49,,8.0,0.01,-1,5.0,0.8,,4.0,-3.0,2.34,5.14,3.71,67,0.4970633577,0.59406337
2022,11,Rutgers,Michigan,-26.0,-35,17,52,-25.23,-22.59,-23.84,-30.1,-20.93,-22.46,-26.2,-21.0,-24.76,-23.0,-23.89,-21.42,-30.45,-12.56,-26.0,-25.93,-24.0,-30.95,-24.65,,-31.49,-17.57,-25.35,-25.0,-36.6,-25.5,-25.75,-24.87,-25.52,-26.0,-26.0,-25.0,-26.13,-25.48,-27.0,-31.05,-25.5,,-24.3,-26.0,-27.83,-26.5,-42.88,-22.86,,-34.0,-24.2,-29,-33.1,-26.5,,-26.0,-22.0,-29.0,-30.76,4.34,69,0.5,0.0570700282
2022,11,SMU,Houston,3.0,14,77,63,1.85,0.24,3.07,7.14,2.34,7.74,2.5,1.0,4.24,1.0,1.48,-1.91,4.45,1.19,2.61,1.61,1.0,3.85,6.03,,-0.18,0.77,4.45,2.0,3.0,2.0,1.95,0.84,4.27,5.0,2.5,2.0,1.07,1.77,1.8,7.37,4.1,,2.0,3.0,1.07,3.45,-0.18,-0.88,,-1.0,2.0,1,1.46,4.1,,3.0,-2.5,3.73,3.88,2.24,140,0.4902959675,0.5646630064
2022,11,San Diego St.,UNLV,5.0,4,14,10,4.76,2.43,7.12,-1.18,2.75,0.32,4.74,2.0,2.21,5.0,5.15,2.55,6.41,1.21,4.79,1.3,-2.0,10.95,4.02,,4.06,5.2,1.22,2.0,1.9,4.34,3.45,4.38,4.18,12.0,6.5,6.0,4.04,13.36,7.8,0.35,4.9,,8.8,5.0,5.18,5.65,-8.8,-0.15,,2.0,7.6,9,3.06,3.4,,7.0,12.0,6.59,1.57,3.4,24,0.4948396057,0.6160235933
2022,11,San Jose St.,Colorado St.,24.0,12,28,16,16.87,24.04,15.06,33.12,20.3,27.72,16.88,19.0,30.03,19.0,17.45,20.81,18.42,16.36,20.33,18.75,18.0,22.15,23.4,,18.11,17.25,22.15,24.0,18.0,19.0,18.18,16.29,21.76,18.0,22.0,17.0,24.05,21.57,18.4,27.03,21.1,,17.3,23.5,23.17,16.9,25.79,2.5,,21.0,17.4,21,22.85,24.5,,24.0,7.0,13.49,24.74,4.49,44,0.4119813829,0.8910758374
2022,11,Southern Miss.,Georgia St.,2.5,-28,14,42,3.73,10.78,-1.17,9.06,6.68,8.6,4.18,10.0,10.6,11.0,3.71,10.88,-5.34,7.57,4.21,7.69,9.0,6.15,4.74,,7.0,4.57,6.47,10.0,-0.2,4.74,4.39,2.85,4.93,1.0,2.5,6.0,10.89,-4.17,-3.2,6.84,3.9,,-1.5,2.5,6.67,-0.95,7.69,1.96,,5.0,-2.3,1,0.01,0.3,,2.5,-7.0,-0.12,7.46,4.69,56,0.5411377119,0.6003774939
2022,11,Stanford,Washington St.,-4.0,-38,14,52,-2.87,1.19,-4.07,-4.12,-3.63,-5.4,-3.84,0.25,-0.01,1.0,-2.58,1.84,-7.21,-3.2,-3.23,-1.5,-5.0,-7.95,-3.21,,-3.58,-4.33,-3.6,1.0,-10.2,-3.21,-3.75,-1.31,-0.01,-5.0,-4.5,1.0,-2.37,4.14,-1.2,-5.64,-1.4,,-1.5,-4.0,-5.27,-8.25,-6.78,0.14,,-9.0,1.0,-3,-8.7,-2.8,,-4.5,-7.5,-6.33,-5.93,3.14,66,0.5189747954,0.4208999238
2022,11,TCU,Texas Tech,8.0,10,34,24,10.97,18.24,5.68,13.74,13.12,11.05,9.67,21.0,10.84,26.5,9.59,22.23,9.15,14.95,12.1,16.06,15.0,10.55,9.93,,15.83,16.96,14.48,16.0,9.0,11.0,10.75,15.12,10.5,6.0,10.5,11.0,17.03,8.13,8.9,13.92,9.4,,9.9,9.0,12.39,12.75,16.16,12.64,,11.0,10.0,9,4.52,7.7,,8.5,2.5,11.87,12.02,4.55,58,0.5980433217,0.7681432044
2022,11,Temple,South Florida,-3.5,26,54,28,-3.01,-0.71,-4.0,6.16,-0.85,-6.96,-2.54,-3.0,-4.65,-3.5,-4.61,1.41,-7.14,0.96,-4.0,-2.45,1.0,-4.95,-3.41,,-10.72,6.04,-4.41,-4.0,-3.3,-4.0,-4.02,-2.38,-3.34,-8.0,-3.5,-7.0,-0.01,-7.39,-13.3,-4.83,-6.6,,-9.8,-3.5,-5.91,6.0,-2.15,-1.54,,-5.0,-12.6,-12,-8.27,-3.2,,-3.5,2.5,-2.18,-5.46,4.53,82,0.4879190908,0.4042754734
2022,11,Texas A&M,Florida,2.0,-17,24,41,4.23,-1.07,2.38,8.36,1.86,7.74,5.24,2.0,3.54,0.01,3.88,-3.55,5.42,0.33,4.16,4.61,-1.0,6.85,4.5,,6.83,4.41,0.39,-1.0,0.6,3.88,3.11,2.53,6.13,12.0,3.0,5.0,0.01,10.43,8.3,1.46,5.4,,6.8,2.0,7.2,3.5,-21.6,-1.81,,-1.0,7.7,13,3.56,1.2,,3.5,7.0,9.95,0.64,3.62,65,0.5527673328,0.6008260807
2022,11,Tulsa,Tulane,-7.0,-14,13,27,-8.37,-18.54,-3.45,-11.53,-9.11,-7.48,-7.07,-18.0,-16.97,-19.5,-7.81,-19.38,-7.26,-10.34,-10.55,-14.0,-15.0,-3.85,-7.2,,-9.61,-7.38,-14.92,-18.0,-14.1,-9.61,-9.57,-11.67,-9.14,-3.0,-7.0,-10.0,-21.88,-3.54,-8.0,-15.29,-11.3,,-7.7,-7.0,-13.1,-10.4,-8.33,-4.82,,-19.0,-7.3,-6,-9.02,-10.9,,-7.5,9.0,-6.1,-13.87,5.6,40,0.4164911374,0.265429747
2022,11,UAB,Texas-San Antonio,0.0,-6,38,44,1.18,-3.64,3.61,3.45,3.93,3.47,1.67,-2.0,4.02,-4.5,2.9,-7.75,0.18,-4.89,0.79,0.01,-1.0,2.55,2.41,,-2.42,-5.03,-0.97,-4.0,-2.3,1.6,0.48,-1.59,4.18,6.0,-1.0,-1.0,-6.4,1.27,2.6,0.45,3.2,,2.5,0.0,3.38,4.5,12.84,-1.56,,-3.0,1.6,9,5.22,2.3,,0.0,5.5,-3.87,3.38,3.66,82,0.5193376561,0.5193376561
2022,11,USC,California,21.5,6,41,35,17.17,24.6,12.5,25.76,19.53,20.83,17.09,23.0,25.49,28.0,15.68,24.12,18.9,16.01,20.38,21.74,17.0,20.05,20.83,,19.52,16.84,21.75,26.0,20.5,20.05,17.88,18.76,20.13,17.0,19.5,20.0,29.74,14.99,18.3,23.54,23.1,,18.3,21.5,26.54,28.05,38.38,4.64,,22.0,17.7,19,15.92,23.0,,21.5,5.5,16.89,22.16,4.55,76,0.4729627589,0.8914282843
2022,11,Utah,Arizona,17.5,25,45,20,17.92,22.07,20.53,35.37,19.69,20.83,16.91,26.0,26.52,28.5,18.65,19.67,23.5,14.89,22.46,17.57,18.0,24.65,19.17,,20.22,16.66,19.26,24.0,20.5,22.9,22.92,19.12,24.16,30.0,17.5,14.0,28.34,24.79,24.7,21.02,24.4,,22.9,18.5,23.88,21.75,30.46,4.17,,24.0,23.7,25,26.03,24.0,,17.5,21.0,26.37,23.35,4.05,65,0.618962516,0.9148051305
2022,11,Utah St.,New Mexico,14.5,17,27,10,10.44,5.53,13.07,-0.01,5.42,6.25,11.62,5.0,3.16,9.0,7.34,6.8,14.04,9.77,11.57,14.46,1.0,16.45,12.08,,22.31,12.41,12.13,7.0,9.7,12.08,8.66,11.24,8.66,19.0,15.5,18.0,10.78,15.07,16.0,12.56,8.0,,14.4,14.5,12.76,8.05,17.63,2.2,,3.0,14.2,21,16.84,13.9,,16.5,20.5,21.37,6.25,5.24,37,0.4304368385,0.7555552007
2022,11,Vanderbilt,South Carolina,-6.5,-11,27,38,-10.51,-6.67,-6.66,-7.57,-4.81,-6.49,-12.29,-7.0,-8.3,-7.5,-9.0,-5.8,-10.87,-4.75,-8.62,-2.33,-9.0,-12.75,-6.05,,-7.24,-7.45,-5.13,-5.0,-10.8,-7.61,-8.07,-8.45,-6.49,-10.0,-7.0,-16.0,-9.84,-11.85,-13.9,-5.92,-11.0,,-11.5,-6.5,-2.46,-6.9,-23.71,-1.66,,-15.0,-12.5,-14,-6.79,-11.1,,-7.0,-6.5,-13.79,-9.36,3.24,65,0.4479439393,0.297337947
2022,11,Virginia,North Carolina,-7.5,-3,28,31,-9.43,-12.57,-5.37,-6.23,-4.72,-12.88,-10.99,-13.0,-9.7,-15.5,-6.75,-14.11,-7.87,-6.86,-9.12,-5.8,-15.0,-12.35,-6.29,,-9.91,-9.19,-8.68,-12.0,-9.2,-9.0,-7.31,-9.01,-8.5,-7.0,-9.0,-10.0,-17.55,-13.5,-10.2,-8.41,-9.3,,-8.9,-7.5,-7.73,-6.9,-11.07,-1.99,,-11.0,-8.7,-9,-9.06,-7.6,,-7.5,0.01,-9.44,-7.05,3.15,59,0.4601306169,0.2865294716
2022,11,Virginia Tech,Georgia Tech,3.5,-1,27,28,3.26,-3.03,5.16,5.21,0.41,4.45,5.02,-1.0,3.9,-1.5,3.08,-6.77,6.47,-0.91,2.81,-0.51,-1.0,3.25,8.14,,2.18,0.15,-1.17,-4.0,-0.3,3.1,2.58,-0.01,3.62,9.0,4.0,7.0,-3.53,11.75,6.2,1.01,4.9,,6.1,3.5,4.62,7.55,-16.04,-2.17,,-2.0,5.8,6,2.22,3.1,,3.0,8.5,2.49,1.58,3.8,55,0.4831416381,0.5683378329
2022,11,Washington,Oregon St.,4.5,3,24,21,0.36,0.35,1.6,-1.66,0.22,1.21,-1.1,-0.25,2.54,0.5,1.97,-0.82,0.49,1.23,0.37,-0.71,-1.0,-1.65,5.24,,-4.35,0.81,0.84,-1.0,0.3,0.35,-0.48,1.69,3.7,1.0,4.0,-2.0,0.01,-6.83,1.1,1.68,2.7,,1.9,3.0,0.29,0.01,10.71,-1.33,,-2.0,1.0,-3,-1.01,7.8,,4.5,-0.5,-2.24,-0.01,2.34,45,0.3984455734,0.5091978343
2022,11,Wisconsin,Maryland,5.0,13,23,10,6.35,-3.73,6.03,7.46,3.7,3.94,7.73,-3.0,2.99,-5.5,6.83,-7.35,6.68,-2.08,3.08,-0.49,-3.0,3.75,4.05,,5.36,2.45,-0.45,-3.0,0.5,3.71,3.64,3.18,3.71,10.0,4.5,7.0,-3.75,-0.53,6.3,1.85,4.6,,5.9,5.0,7.15,0.25,4.11,-1.29,,3.0,6.2,8,-2.18,3.2,,5.0,9.0,2.58,4.2,4.13,33,0.4534067286,0.5744761587
2022,12,Air Force,New Mexico,21.5,32,35,3,23.13,18.63,24.28,25.22,22.37,25.92,26.32,15.0,22.72,18.5,22.22,16.42,29.44,17.18,24.29,21.77,16.0,30.35,25.15,,30.59,17.84,22.28,20.0,25.5,24.79,22.52,22.17,23.78,31.0,24.0,26.0,24.79,27.76,28.6,26.4,23.4,,26.5,22.0,26.32,17.15,24.26,2.54,,24.0,26.7,33,24.35,26.0,,21.5,23.5,31.06,25.76,4.27,38,0.5673877159,0.9302508753
2022,12,Akron,Eastern Mich.,-7.0,-6,28,34,-10.94,-8.96,-6.82,-7.81,-3.2,-8.52,-12.89,-10.0,-4.25,-13.5,-8.74,-11.49,-12.7,-8.02,-8.16,-6.75,-12.0,-6.55,-6.21,,-9.05,-8.39,-4.56,-8.0,-8.8,-8.0,-9.59,-12.08,-5.72,-8.0,-7.5,-12.0,-5.84,-8.4,-9.9,-4.34,-6.8,,-9.3,-7.0,-3.09,-7.6,-8.61,-12.11,,-7.0,-9.1,-11,-4.24,-7.0,,-7.0,-6.0,-16.11,-5.1,2.83,62,0.4713249784,0.3064079529
2022,12,Arkansas,LSU,-3.5,-3,10,13,-6.9,-9.64,-2.69,-16.47,-5.73,-6.78,-8.48,-9.0,-11.36,-10.5,-6.84,-8.71,-3.92,-4.74,-5.99,-3.83,-11.0,-2.55,-2.26,,-7.93,-4.35,-6.51,-9.0,-9.7,-6.62,-5.28,-5.74,-8.23,1.0,-2.5,-6.0,-7.6,4.01,-1.5,-7.43,-6.9,,-2.6,-4.0,-8.32,-3.5,0.91,-2.34,,-15.0,-1.8,3,-10.06,-3.4,,-3.5,5.0,-6.4,-11.06,4.29,23,0.4398250731,0.3578387
2022,12,Arkansas St.,Massachusetts,17.0,2,35,33,18.27,15.01,21.23,9.94,20.22,22.54,17.38,17.0,24.86,16.0,21.99,9.71,19.95,15.14,17.82,18.2,9.0,22.85,20.83,,13.63,10.55,16.76,14.0,19.0,18.79,19.72,19.33,21.67,21.0,18.0,17.0,8.65,10.47,16.6,21.5,21.1,,14.6,17.0,24.17,12.3,17.93,19.77,,21.0,14.1,20,23.58,22.5,,17.5,8.0,15.0,25.95,4.74,68,0.5197387414,0.8589633931
2022,12,Auburn,Texas A&M,1.5,3,13,10,-1.13,3.06,1.4,-3.79,2.91,-3.58,-3.28,1.0,-0.66,3.0,0.4,5.07,0.4,3.75,0.9,3.25,-1.0,-1.25,-1.14,,1.36,0.23,2.63,5.0,-0.5,1.0,1.0,0.82,0.6,-1.0,1.5,-2.0,4.76,-1.83,-0.8,1.92,-2.6,,-0.9,1.5,9.15,-0.35,-13.5,0.93,,2.0,1.0,2,2.49,2.2,,1.0,-2.0,-2.49,3.52,2.56,23,0.485117339,0.522317519
2022,12,Baylor,Kansas St.,3.0,-28,3,31,3.64,-1.25,1.36,4.32,1.2,4.22,4.35,-1.0,0.54,-1.5,3.91,-2.22,0.94,-0.23,1.47,2.39,-1.0,-1.75,1.0,,1.2,1.66,-2.39,-3.0,-5.9,1.2,1.89,2.46,3.87,9.0,3.5,2.0,-0.33,6.67,4.1,-3.71,1.2,,3.9,3.0,-0.49,2.7,-4.34,-0.44,,-1.0,3.7,5,-1.78,2.7,,2.5,7.0,7.93,-2.47,3.09,34,0.4623133409,0.5362128997
2022,12,Bowling Green,Kent,-2.0,-34,6,40,-0.42,3.42,-2.42,-2.14,0.67,-0.79,0.19,4.0,-4.17,4.0,-2.91,7.51,-2.12,7.17,1.63,7.87,1.0,1.15,-1.03,,8.19,4.11,3.21,5.0,0.01,0.67,0.67,0.52,-3.38,-1.0,-2.5,7.0,8.81,2.56,1.2,0.94,-2.2,,-0.7,-1.5,-2.5,4.7,-5.72,2.2,,-1.0,1.1,7,-1.85,0.5,,-2.0,-3.0,10.82,-0.86,3.73,46,0.5880762415,0.5398099661
2022,12,Central Mich.,Buffalo,2.5,4,31,27,-1.97,-2.7,1.28,-0.97,-2.68,-2.64,-3.37,-2.0,0.91,-5.5,0.16,-4.65,0.13,-4.5,-1.54,-5.14,-4.0,-5.95,-1.44,,-6.48,-0.51,-6.23,-5.0,-8.0,-2.33,-2.57,-2.33,-1.34,5.0,0.0,-2.0,-7.46,6.84,2.6,-5.61,1.7,,1.8,1.5,6.83,-4.8,-4.32,-2.56,,-4.0,2.3,3,-3.57,0.1,,2.5,14.0,-0.01,-2.74,4.17,58,0.4027856169,0.4626233168
2022,12,Cincinnati,East Carolina,4.5,2,27,25,6.41,3.39,10.48,1.69,2.67,8.21,6.24,5.0,2.07,6.5,6.39,4.1,11.52,3.54,5.64,2.92,3.0,9.05,4.71,,4.06,6.56,2.4,3.0,0.4,5.5,6.51,7.67,6.15,12.0,5.5,5.0,6.68,8.0,8.5,2.45,5.2,,8.3,4.5,4.03,3.75,4.14,0.26,,1.0,8.6,7,1.82,5.5,,5.0,14.0,8.25,2.01,3.09,52,0.5280979697,0.6363568083
2022,12,Clemson,Louisville,7.0,15,31,16,4.95,8.97,6.98,3.92,1.98,2.41,1.79,9.0,0.28,14.0,6.1,13.66,6.18,6.05,5.81,4.14,6.0,1.65,7.7,,4.4,14.98,5.24,9.0,0.01,6.05,6.58,10.68,9.94,7.0,7.0,3.0,10.57,6.94,7.4,3.8,5.6,,7.1,7.0,-1.75,3.45,5.2,2.35,,-2.0,7.3,5,3.33,10.7,,7.0,7.0,3.03,2.57,3.96,47,0.4710084662,0.6387495286
2022,12,Coastal Carolina,Southern Miss.,5.0,3,26,23,8.27,9.91,11.84,13.9,8.33,5.16,8.06,10.0,4.86,14.5,6.86,12.63,12.15,10.7,10.4,8.35,4.0,5.75,13.27,,7.43,14.11,10.34,11.0,10.4,10.0,9.47,11.29,8.23,14.0,12.0,8.0,16.79,6.49,9.9,10.41,7.3,,9.7,6.0,15.96,11.7,2.22,1.44,,6.0,9.2,11,7.26,12.9,,5.0,20.5,15.25,7.42,3.4,49,0.6302886547,0.7391078999
2022,12,Colorado St.,Wyoming,-9.0,-1,13,14,-7.84,-15.45,-8.22,-18.18,-7.6,-15.54,-9.45,-13.0,-14.68,-15.5,-6.81,-15.86,-6.05,-9.32,-9.21,-7.23,-14.0,-12.05,-5.72,,-11.25,-10.8,-7.86,-14.0,-10.6,-9.32,-8.54,-7.89,-9.58,-7.0,-8.0,-10.0,-13.34,9.43,-6.3,-9.15,-9.3,,-6.3,-9.0,-2.54,-0.75,-8.95,-1.88,,-15.0,-5.4,-12,-10.61,-12.5,,-9.0,-1.5,-9.51,-10.33,4.7,27,0.4949401569,0.2890160698
2022,12,Connecticut,Liberty,-14.0,3,36,33,-12.0,-12.47,-15.47,-10.31,-11.06,-8.23,-10.51,-10.0,-11.96,-13.5,-14.09,-12.73,-16.34,-7.17,-14.18,-10.21,-12.0,-10.15,-14.87,,-18.24,-13.95,-13.28,-10.0,-17.3,-14.87,-15.47,-15.53,-14.14,-15.0,-14.0,-16.0,-18.23,-11.36,-19.3,-16.88,-14.9,,-16.3,-14.0,-19.36,-11.8,-13.75,-3.35,,-16.0,-16.5,-15,-15.51,-23.5,,-14.5,-13.5,-15.71,-15.48,3.12,69,0.4955616321,0.1903933973
2022,12,Duke,Virginia Tech,9.5,17,24,7,10.28,17.56,6.11,17.05,16.2,12.82,10.17,15.0,16.87,19.0,10.95,17.93,6.85,15.18,12.73,15.24,15.0,13.65,12.14,,13.13,10.31,16.97,18.0,11.7,12.98,11.11,11.3,12.98,6.0,10.0,10.0,22.38,3.15,5.7,18.71,9.7,,7.1,9.5,19.96,15.7,9.97,2.81,,20.0,5.2,9,17.36,13.7,,9.0,-3.5,9.17,17.08,5.19,31,0.576675295,0.7770311496
2022,12,Florida,South Carolina,8.5,32,38,6,7.72,4.84,7.26,3.52,7.25,2.06,7.75,4.0,7.23,5.5,8.78,3.56,7.39,4.15,6.42,4.53,-2.0,8.75,7.68,,8.43,1.22,6.08,7.0,5.7,6.86,5.16,7.62,7.56,8.0,7.5,8.0,6.5,1.13,4.2,7.85,5.5,,5.4,8.5,12.51,4.5,-2.22,1.29,,11.0,3.8,6,6.86,10.2,,8.5,5.0,4.14,9.22,2.78,44,0.4486547209,0.6548144499
2022,12,Florida Intl.,Florida Atlantic,-15.5,-45,7,52,-15.05,-6.38,-15.82,-11.62,-14.39,-15.91,-17.12,-8.0,-18.64,-5.5,-18.69,0.22,-16.4,-6.24,-13.76,-3.64,-9.0,-16.05,-18.45,,-6.51,0.46,-11.41,-8.0,-19.1,-15.91,-16.75,-11.05,-18.48,-17.0,-16.0,-10.0,-5.14,-18.73,-20.3,-18.52,-19.0,,-18.8,-15.5,-20.97,-10.4,-12.94,-0.38,,-17.0,-19.9,-21,-20.13,-23.0,,-15.5,-4.5,-8.27,-22.21,6.41,59,0.5404817003,0.2107470417
2022,12,Georgia St.,Louisiana-Monroe,13.5,-3,28,31,13.92,9.93,10.76,14.51,10.1,12.55,15.45,12.0,12.33,12.0,12.74,8.65,11.14,10.3,14.29,14.0,8.0,19.05,10.75,,18.25,9.22,11.15,11.0,10.6,14.0,11.73,14.57,13.53,18.0,13.5,18.0,14.68,20.59,20.1,12.77,14.4,,17.9,13.5,18.89,21.3,16.54,1.56,,12.0,18.1,20,11.68,16.5,,13.5,16.5,18.36,14.1,3.55,59,0.5193676901,0.8101647885
2022,12,Georgia Tech,Miami (Fla.),1.5,-21,14,35,-0.69,4.03,-2.85,-2.93,1.21,0.69,-0.63,1.0,-0.24,2.5,-2.34,6.33,-3.75,3.13,0.42,4.9,-3.0,3.55,-3.66,,5.98,2.35,4.74,4.0,-0.6,0.1,-0.72,0.35,-1.86,-1.0,1.5,0.01,6.24,-5.53,-5.3,3.96,-4.0,,-4.2,1.5,6.19,-1.0,-10.32,1.25,,-1.0,-5.0,3,1.25,-0.6,,1.5,-6.0,0.01,1.76,3.4,49,0.4734813032,0.510319282
2022,12,Hawaii,Utah St.,-11.0,-7,34,41,-9.21,-8.78,-8.75,-2.93,-6.81,-9.88,-9.58,-9.0,-8.66,-10.5,-9.63,-8.85,-10.95,-7.12,-9.88,-6.34,-8.0,-10.75,-13.04,,-9.84,-6.13,-12.15,-9.0,-15.7,-9.88,-9.44,-10.3,-4.49,-5.0,-11.5,-10.0,-6.73,-12.59,-13.4,-13.43,-10.6,,-12.7,-11.0,-12.76,-13.1,-9.38,-2.67,,-12.0,-13.8,-12,-11.74,-12.9,,-11.0,-8.5,-10.97,-10.64,2.73,75,0.5277172528,0.269812894
2022,12,Houston,Temple,20.0,7,43,36,16.1,18.47,18.04,11.18,16.12,13.76,14.6,20.0,18.97,24.5,18.72,18.21,22.51,14.07,18.98,15.9,11.0,18.45,22.52,,22.78,12.56,17.05,22.0,16.1,18.72,19.6,19.01,21.04,24.0,20.0,20.0,24.56,21.53,25.2,18.52,20.4,,21.7,20.0,13.33,14.2,20.38,13.18,,16.0,23.8,22,17.86,24.5,,19.5,22.5,17.58,19.12,3.74,79,0.4750654531,0.8777432017
2022,12,Illinois,Purdue,6.5,-7,24,31,7.07,7.73,3.29,21.0,11.39,10.24,9.33,9.0,7.52,10.0,5.34,7.85,5.66,11.3,8.42,8.68,6.0,13.65,5.07,,12.48,6.19,9.75,9.0,6.1,8.0,5.78,5.47,5.47,8.0,6.0,7.0,12.99,3.05,3.4,11.17,5.4,,3.9,6.5,14.88,12.7,-3.24,0.17,,9.0,2.3,7,10.6,4.8,,7.0,3.5,13.43,11.08,3.74,55,0.5468558768,0.6971629898
2022,12,Iowa,Wisconsin,1.0,14,24,10,0.32,0.63,0.52,-3.07,0.78,-0.51,-0.01,1.0,-2.24,2.5,-1.31,2.18,-0.87,4.54,1.02,8.38,-3.0,5.05,-0.85,,2.57,2.62,1.62,1.0,-0.6,0.63,-0.46,2.18,-0.47,2.0,1.5,0.01,3.32,8.29,0.01,0.38,-1.8,,0.2,1.0,-0.3,-1.2,0.88,0.14,,-4.0,1.1,6,-0.39,0.7,,-1.5,2.0,2.03,-1.21,2.53,34,0.5004963478,0.5252967666
2022,12,Kentucky,Vanderbilt,18.0,-3,21,24,18.47,16.89,15.13,24.74,13.73,15.66,20.19,15.0,15.85,19.5,17.6,17.45,17.25,13.6,17.86,15.64,10.0,21.55,16.99,,18.5,17.47,13.99,19.0,13.9,17.47,16.77,19.3,17.44,20.0,17.0,23.0,24.42,20.05,21.6,14.89,17.5,,19.5,18.0,18.42,14.6,9.74,3.81,,15.0,19.7,19,13.43,23.5,,17.5,20.5,17.58,17.35,3.04,45,0.4965444908,0.8654194083
2022,12,Louisiana-Lafayette,Georgia Southern,3.5,19,36,17,3.04,-1.79,7.36,2.7,3.5,-3.35,2.42,-0.25,-1.33,0.01,4.19,-2.04,8.72,1.78,2.17,1.43,-3.0,1.65,3.29,,-1.62,2.31,0.37,-2.0,-0.4,1.85,1.71,3.21,3.1,5.0,3.5,1.0,-0.85,7.15,2.3,0.97,0.8,,2.3,3.5,1.85,3.7,20.5,-0.48,,1.0,2.1,4,0.37,1.8,,3.5,17.0,2.38,0.7,3.41,53,0.4673559196,0.5531626412
2022,12,Marshall,Appalachian St.,-1.0,7,28,21,-0.63,1.57,-2.8,8.36,0.8,-2.86,-1.18,3.0,-0.21,3.5,-1.17,2.53,-2.79,3.13,0.85,4.8,-3.0,-0.01,-0.4,,7.82,6.65,2.5,3.0,-2.6,0.36,1.06,0.36,-1.61,1.0,1.5,0.01,3.16,-0.99,-1.2,1.87,-0.4,,-0.2,-1.0,4.78,1.15,-14.57,0.34,,-4.0,0.01,-1,1.15,0.2,,-1.0,-7.0,0.81,3.17,3.1,49,0.545533742,0.5209568919
2022,12,Memphis,Tulsa,7.0,16,26,10,8.35,11.19,6.17,7.15,11.06,8.56,7.37,11.0,13.97,12.5,9.46,9.69,6.84,11.45,9.61,11.35,4.0,5.05,9.94,,9.29,5.6,12.21,11.0,10.5,10.37,8.01,10.37,10.47,9.0,6.0,11.0,13.7,6.0,6.8,14.21,11.0,,7.7,7.5,13.69,11.4,11.07,2.26,,13.0,6.7,7,11.18,8.8,,7.0,2.0,2.03,12.51,3.09,36,0.5641057404,0.7238195502
2022,12,Miami (Ohio),Ohio,-2.5,-16,21,37,-1.73,-4.54,1.16,3.15,-3.04,-0.14,-4.01,-3.0,-1.94,-3.5,1.04,-5.94,3.13,-4.56,-1.9,-4.72,-8.0,-3.95,2.96,,-9.22,-2.99,-2.18,-4.0,-4.7,-2.18,-2.38,-1.3,0.77,4.0,0.0,-6.0,-6.83,4.73,0.01,-2.53,0.4,,0.4,-2.5,-6.3,1.95,7.16,-1.11,,-5.0,0.8,-1,-5.14,-0.01,,-2.5,7.0,-8.57,-4.84,3.58,58,0.5147052522,0.4535284172
2022,12,Michigan,Nebraska,30.5,31,34,3,24.94,32.63,22.29,40.97,24.12,27.85,27.82,34.0,32.37,36.5,23.26,32.77,28.88,18.32,29.56,29.66,26.0,26.85,28.57,,29.47,27.04,29.49,34.0,31.1,29.49,29.73,25.85,29.78,29.0,28.0,28.0,34.69,32.93,30.3,33.78,28.6,,28.5,30.5,35.2,30.25,38.39,22.62,,31.0,28.8,29,29.86,31.0,,30.0,20.5,28.52,31.73,4.25,37,0.4771933113,0.9639691457
2022,12,Michigan St.,Rutgers,9.5,6,27,21,15.59,10.33,12.27,7.79,12.93,13.8,18.55,9.0,13.69,10.0,15.3,8.52,14.13,10.48,15.0,13.35,4.0,21.55,11.68,,23.09,9.31,13.82,14.0,11.2,15.59,12.8,13.19,16.71,19.0,11.5,18.0,16.28,19.66,17.4,16.99,14.4,,16.1,10.5,18.77,19.0,12.23,2.06,,16.0,16.1,20,15.88,7.2,,9.5,18.5,20.78,17.28,4.14,48,0.6312867973,0.8197347538
2022,12,Middle Tenn.,Charlotte,10.5,10,24,14,11.9,12.32,9.39,17.91,12.96,23.47,13.11,16.0,15.9,16.0,12.29,10.38,12.13,10.71,12.57,7.63,9.0,14.95,11.7,,9.97,9.76,8.5,14.0,10.8,12.09,13.18,11.17,14.13,20.0,11.5,11.0,9.9,10.15,12.6,10.67,13.4,,11.8,10.5,18.93,9.75,-0.89,0.83,,14.0,12.1,14,12.18,7.9,,10.5,12.0,12.09,11.48,3.14,38,0.5508950932,0.7813641244
2022,12,Minnesota,Northwestern,17.5,28,31,3,15.34,22.28,18.4,36.59,15.94,21.99,15.19,18.0,20.09,19.0,15.81,23.45,19.07,16.51,19.41,13.92,18.0,18.55,19.41,,17.24,21.27,13.85,20.0,15.8,19.0,19.7,17.47,20.19,21.0,18.0,18.0,27.93,19.64,23.1,14.56,19.3,,20.8,17.5,16.68,28.6,12.52,2.52,,15.0,22.4,22,17.52,23.5,,17.5,18.5,24.34,18.06,4.27,34,0.5462511634,0.8811615019
2022,12,Mississippi,Alabama,-11.5,-6,24,30,-10.83,-1.69,-10.79,-9.27,-6.95,-11.45,-12.9,-2.0,-13.01,-1.0,-10.95,4.4,-13.54,-1.64,-9.24,-7.18,-4.0,-15.35,-9.65,,-13.55,3.8,-9.63,-4.0,-14.4,-10.5,-8.7,-9.21,-9.49,-11.0,-11.5,-9.0,1.16,-11.45,-13.9,-15.23,-14.6,,-12.4,-11.5,-7.87,-11.9,-11.61,-0.08,,-16.0,-11.6,-10,-10.03,-10.5,,-12.0,-3.5,-9.5,-12.56,5.3,54,0.5537144681,0.2904200748
2022,12,Mississippi St.,Georgia,-16.5,-26,19,45,-14.49,-14.48,-17.11,-20.54,-9.35,-14.71,-17.13,-17.0,-15.16,-25.5,-12.32,-14.11,-19.73,-8.89,-15.03,-13.44,-14.0,-14.05,-13.03,,-18.73,-12.19,-14.21,-12.0,-20.9,-14.6,-16.43,-14.84,-14.28,-14.0,-16.0,-14.0,-4.29,-8.17,-16.1,-17.43,-14.6,,-14.6,-16.5,-16.07,-10.7,-3.3,-28.97,,-23.0,-14.2,-14,-16.93,-9.5,,-16.5,-13.0,-22.78,-16.33,3.87,64,0.5358435522,0.1788193924
2022,12,NC St.,Boston College,18.5,-1,20,21,18.85,25.42,16.13,29.8,21.1,21.21,17.92,20.0,23.57,24.5,20.98,26.4,20.9,17.16,21.62,17.74,18.0,20.15,23.36,,20.18,20.75,21.2,27.0,18.7,21.21,21.16,22.12,19.48,19.0,18.5,22.0,34.62,21.47,23.2,22.67,21.6,,20.8,19.0,19.92,16.1,40.92,5.1,,24.0,22.3,22,23.19,23.5,,19.5,12.0,23.84,24.93,3.72,41,0.5758818798,0.9075952842
2022,12,Navy,Notre Dame,-15.5,-3,32,35,-18.74,-16.7,-16.48,-6.38,-11.97,-15.16,-21.47,-13.0,-15.33,-19.0,-16.42,-17.44,-19.5,-9.33,-17.16,-13.08,-14.0,-19.25,-12.64,,-20.51,-14.72,-11.32,-18.0,-16.8,-17.18,-21.03,-20.01,-19.78,-17.0,-17.0,-23.0,-23.45,-25.1,-23.8,-11.81,-17.0,,-21.9,-15.5,-13.77,-7.65,-37.98,-3.16,,-18.0,-22.7,-18,-15.96,-23.5,,-15.0,-17.5,-26.76,-17.18,4.5,67,0.4599313187,0.1491682926
2022,12,Nevada,Boise St.,-21.0,-38,3,41,-18.04,-17.98,-12.92,-16.41,-16.44,-13.32,-22.45,-16.0,-19.24,-18.5,-16.46,-17.3,-12.69,-10.63,-16.38,-12.42,-16.0,-15.95,-17.28,,-18.52,-9.73,-13.78,-20.0,-18.0,-17.28,-13.79,-15.55,-14.45,-12.0,-20.5,-23.0,-19.44,-20.97,-21.0,-15.56,-18.9,,-18.0,-20.0,-15.25,-6.25,-0.3,-2.58,,-22.0,-20.0,-19,-17.38,-23.5,,-21.0,-3.0,-18.95,-17.72,4.15,44,0.6108589626,0.1590783896
2022,12,Ohio St.,Indiana,40.5,42,56,14,34.63,34.02,27.9,50.26,31.29,38.62,39.93,38.0,41.63,40.0,31.64,29.93,38.35,18.52,37.05,34.53,29.0,40.75,36.42,,41.93,26.14,33.83,34.0,37.5,37.7,35.58,33.82,35.39,41.0,40.0,38.0,33.09,42.99,40.2,39.85,39.5,,37.4,40.5,45.09,44.1,58.97,22.74,,41.0,37.7,44,37.14,35.0,,40.5,31.0,42.49,38.99,5.82,70,0.4191511279,0.9857917088
2022,12,Oklahoma St.,Iowa St.,-1.5,6,20,14,2.03,8.32,0.01,-1.3,-1.1,5.91,1.37,6.0,1.33,10.0,-0.35,12.07,0.55,4.59,2.72,4.02,4.0,-0.35,2.03,,-1.06,10.21,0.87,9.0,-3.8,2.03,2.35,5.53,1.41,6.0,-1.0,1.0,10.78,9.34,4.1,-2.39,2.4,,3.4,-1.0,-7.63,0.3,6.39,1.94,,-2.0,4.7,5,-4.3,1.1,,-1.5,8.5,5.99,-4.33,4.49,34,0.600949824,0.5654807581
2022,12,Old Dominion,James Madison,-7.5,-34,3,37,-6.53,-5.92,-6.21,-12.21,-5.56,-10.4,-7.83,-6.0,-9.42,-3.0,-8.02,-4.03,-2.71,-4.22,-5.25,-2.41,-11.0,-6.25,-8.36,,,-1.08,-5.39,-6.0,-6.2,-5.54,-6.35,-4.38,-4.35,0.01,-7.5,-4.0,-7.25,3.0,-6.0,-6.36,-6.6,,-4.0,-7.0,-5.74,-2.7,-14.38,-0.68,,-8.0,-2.6,-5,-6.66,-4.9,,-7.5,-2.5,-5.42,-4.95,2.79,40,0.5555103224,0.3723167643
2022,12,Oregon,Washington,13.0,-3,34,37,10.92,11.44,7.81,8.65,9.9,12.21,13.67,14.0,11.12,15.0,8.91,11.61,12.21,10.73,11.95,15.91,6.0,15.25,7.34,,16.93,9.81,10.99,11.0,10.0,11.44,10.59,9.85,10.56,16.0,12.5,12.0,11.41,18.37,11.9,12.05,9.9,,11.6,13.0,11.92,8.35,20.86,20.18,,13.0,12.4,18,10.38,8.6,,13.5,15.5,14.65,11.07,2.77,71,0.4740224468,0.770837373
2022,12,Oregon St.,California,14.0,28,38,10,9.83,15.06,7.88,16.6,11.21,12.42,10.71,13.0,12.8,15.5,8.4,16.28,13.48,12.16,12.4,11.93,9.0,12.95,11.96,,11.96,12.29,11.02,16.0,8.9,12.0,10.98,11.0,11.14,12.0,13.5,12.0,20.57,19.54,13.6,11.05,12.0,,13.2,13.5,8.16,17.25,12.91,2.9,,12.0,14.1,15,11.38,11.5,,14.0,8.5,7.82,11.98,2.87,48,0.460496796,0.7789530651
2022,12,Penn St.,Maryland,10.0,30,30,0,13.4,11.11,11.33,14.59,10.66,14.22,16.16,12.0,12.93,13.5,11.59,10.13,13.74,10.45,12.26,12.77,7.0,16.15,8.74,,16.11,9.92,10.03,13.0,9.3,12.77,10.69,12.18,10.72,16.0,11.0,14.0,13.05,6.92,12.9,11.57,12.0,,12.1,10.5,14.43,6.85,11.96,10.66,,13.0,12.1,13,11.74,13.2,,10.0,6.5,16.56,12.84,2.46,30,0.5559409107,0.7773247264
2022,12,San Diego St.,San Jose St.,-2.5,16,43,27,-1.45,-3.16,0.59,-6.99,-4.11,-6.24,-1.44,-3.0,-3.73,-0.5,-1.82,-2.86,-3.64,-3.91,-2.87,-4.74,-8.0,2.15,-5.6,,-4.78,-1.22,-7.43,-2.0,-9.2,-2.75,-2.56,-1.78,-1.03,2.0,0.0,-1.0,-5.61,2.18,-0.9,-9.91,-2.2,,-1.2,-2.5,-4.06,-2.75,-18.66,-0.83,,-8.0,-0.2,-1,-6.44,-3.6,,-3.0,8.5,-0.74,-5.66,3.39,70,0.4909073282,0.4298300315
2022,12,South Alabama,Texas St.,16.0,17,38,21,17.28,19.82,13.04,19.67,15.74,17.56,17.99,17.0,18.19,21.5,16.8,20.71,17.18,15.41,17.42,15.21,12.0,16.95,17.36,,22.02,16.34,17.55,23.0,16.5,17.36,16.97,19.29,15.31,18.0,16.0,19.0,26.53,14.17,14.8,19.37,15.5,,13.6,16.0,19.41,7.9,15.49,2.95,,18.0,14.3,15,18.76,23.0,,16.5,8.5,20.19,19.78,3.43,59,0.5348344424,0.8582601638
2022,12,South Florida,SMU,-17.5,-18,23,41,-15.75,-17.24,-12.71,-19.71,-11.25,-14.79,-18.49,-20.0,-17.83,-22.0,-13.22,-16.91,-15.67,-10.82,-16.46,-14.97,-21.0,-20.15,-15.23,,-18.71,-10.63,-16.59,-18.0,-23.5,-16.15,-16.15,-16.58,-11.21,-15.0,-17.0,-19.0,-21.12,-11.51,-14.4,-20.07,-16.0,,-13.2,-17.5,-21.0,-15.3,-29.44,-22.38,,-14.0,-12.8,-12,-17.74,-23.5,,-17.5,-12.5,-23.54,-18.37,3.66,64,0.5254508041,0.1561576904
2022,12,Syracuse,Florida St.,-7.5,-35,3,38,-5.24,0.84,-1.53,0.65,0.01,-3.81,-9.46,2.0,-0.98,2.5,-3.32,1.83,-3.31,1.9,-2.8,-3.65,-1.0,-6.65,-3.03,,-9.94,0.9,-1.68,2.0,-5.5,-2.84,-0.75,-0.99,-1.94,-1.0,-6.0,-7.0,0.59,-1.53,-5.9,-2.84,-2.4,,-5.8,-6.5,-10.28,-3.1,-7.86,-0.62,,-3.0,-5.2,-6,-2.6,-3.4,,-7.0,-3.5,-7.14,-2.06,3.16,41,0.6142388658,0.431327722
2022,12,Tennessee,Missouri,20.5,42,66,24,20.02,24.52,15.65,25.53,19.68,24.52,22.09,22.0,25.34,25.0,19.09,24.08,23.36,15.04,22.33,17.15,19.0,25.95,21.15,,22.24,22.04,21.68,27.0,21.2,22.76,21.25,20.48,21.74,23.0,20.5,21.0,23.09,21.06,24.6,24.82,23.3,,22.9,20.5,25.28,21.55,33.38,14.37,,27.0,23.1,27,22.76,24.0,,20.5,12.5,21.54,25.73,3.22,90,0.54497442,0.915980123
2022,12,Texas,TCU,7.5,-7,10,17,4.43,-5.25,6.05,1.39,5.1,3.91,4.71,-4.0,6.12,-9.0,6.7,-11.37,9.14,-1.57,3.89,2.02,-5.0,6.85,8.0,,8.65,-8.36,1.42,-1.0,4.8,5.0,3.89,1.8,8.47,11.0,6.5,4.0,0.01,6.14,3.4,5.35,6.4,,4.5,7.5,9.23,5.2,1.13,-11.25,,5.0,4.2,12,5.22,10.5,,7.5,9.5,0.12,6.8,5.47,27,0.4148789167,0.5916102159
2022,12,Texas Tech,Kansas,3.5,15,43,28,0.95,-2.62,5.2,-1.32,-4.09,5.9,2.37,-2.0,-0.9,-3.5,-0.32,-3.53,4.62,-4.12,1.05,-1.9,-5.0,4.85,2.24,,1.62,-2.04,-2.87,-3.0,-2.0,0.95,1.49,-0.37,3.07,8.0,4.0,3.0,-3.43,6.07,7.7,-2.46,2.3,,5.7,3.5,-0.01,-0.25,8.57,-0.42,,-6.0,5.7,5,-3.84,3.2,,3.5,8.0,4.7,-2.42,3.91,71,0.4404376931,0.5256046804
2022,12,Texas-San Antonio,Louisiana Tech,18.0,44,51,7,13.46,18.38,10.56,18.2,13.76,17.35,13.54,23.0,17.5,25.5,13.04,18.86,17.52,14.29,17.45,14.43,13.0,16.95,21.57,,17.49,21.04,17.0,19.0,15.4,17.35,14.93,15.94,13.82,18.0,18.0,16.0,25.71,19.34,19.4,19.13,17.5,,16.5,18.0,15.83,17.85,29.13,2.54,,15.0,18.3,15,15.32,23.0,,17.5,17.0,23.07,16.18,3.4,58,0.4864867787,0.8587883523
2022,12,Toledo,Ball St.,11.0,7,28,21,11.04,8.47,8.19,10.58,12.16,10.39,11.94,10.0,12.73,11.0,11.07,6.17,12.82,10.13,11.96,11.11,8.0,11.95,16.6,,12.96,7.26,12.06,9.0,12.8,12.02,10.82,11.09,15.96,14.0,11.0,12.0,13.36,14.5,14.4,14.55,13.5,,13.6,11.0,8.65,12.25,24.31,0.95,,10.0,13.7,14,12.41,18.0,,11.0,10.0,12.02,12.75,2.55,49,0.5238070654,0.7715310969
2022,12,Troy St.,Army,9.0,1,10,9,8.9,17.87,4.53,11.28,9.67,12.75,8.42,13.0,13.12,19.5,7.89,20.43,5.37,13.86,10.77,16.54,7.0,10.55,8.68,,9.12,11.74,15.08,17.0,6.0,10.0,8.93,12.05,8.08,7.0,9.0,10.0,23.22,1.9,5.4,15.57,7.5,,4.1,9.0,14.16,19.0,24.71,3.61,,11.0,3.5,9,10.07,6.9,,9.0,2.0,7.14,10.32,4.96,19,0.542374396,0.7413531371
2022,12,Tulane,Central Florida,1.0,-7,31,38,-1.25,3.23,-2.51,0.83,0.01,-3.21,-1.58,4.0,-1.42,6.0,-2.79,5.73,-2.38,4.87,-0.19,5.15,1.0,0.45,-0.01,,1.57,1.72,-1.25,2.0,-5.9,-0.8,-1.42,0.25,-0.65,0.01,2.5,-1.0,3.95,-3.27,-0.8,-3.64,-3.0,,-1.3,1.0,-0.23,-0.1,-3.18,1.1,,-3.0,-0.5,3,-1.32,3.0,,1.5,-4.0,-1.67,-1.91,2.74,69,0.4705554669,0.4952946047
2022,12,UAB,North Texas,6.0,20,41,21,0.38,-0.44,6.64,6.88,2.11,4.52,-2.69,2.0,3.11,-1.0,3.37,-2.34,6.08,-1.14,2.32,-2.88,1.0,-1.05,6.76,,-6.74,6.77,0.52,2.0,0.2,2.6,4.25,2.6,5.87,7.0,6.0,-5.0,-0.67,5.35,4.9,1.23,5.7,,5.2,5.5,6.02,4.2,5.16,-0.53,,-6.0,5.4,4,2.02,7.1,,5.5,10.0,-3.02,2.79,3.85,62,0.410880894,0.5564695073
2022,12,UCLA,Arizona,20.0,-6,28,34,15.61,24.06,14.13,31.13,15.23,17.64,17.23,29.0,21.31,32.5,13.88,25.53,18.95,16.31,19.99,18.84,20.0,21.05,16.46,,21.29,17.74,17.93,23.0,16.3,18.95,19.35,17.06,17.32,24.0,19.5,16.0,28.95,15.61,20.6,18.45,19.2,,19.5,20.0,21.82,19.5,23.27,13.24,,21.0,19.4,21,17.18,17.0,,19.5,18.5,27.09,17.69,4.31,62,0.4997574862,0.887850554
2022,12,UNLV,Fresno St.,-9.5,-7,30,37,-5.81,-3.44,-5.61,-1.13,-3.78,-4.74,-9.01,-3.0,-4.88,-4.0,-4.17,-2.67,-11.12,-1.81,-6.17,-1.46,-7.0,-8.05,-3.42,,-9.93,-2.12,-4.05,-3.0,-8.9,-5.34,-4.05,-3.34,-5.34,-8.0,-8.0,-12.0,-5.52,-10.84,-10.6,-4.57,-7.1,,-11.1,-9.0,-6.97,-3.6,0.44,-0.43,,-9.0,-10.1,-12,-4.08,-3.9,,-9.5,-9.5,-11.82,-4.43,3.16,67,0.5814964348,0.3515367625
2022,12,USC,Colorado,34.5,38,55,17,28.72,32.67,22.01,55.58,31.36,35.47,30.81,35.0,36.23,38.5,29.77,30.74,30.35,18.78,31.54,26.28,31.0,32.35,35.24,,28.31,20.59,31.39,34.0,35.8,31.36,30.19,28.96,33.31,29.0,34.0,30.0,39.87,20.22,29.8,36.73,33.6,,29.9,34.5,36.61,38.25,49.63,5.14,,34.0,28.0,30,36.14,33.5,,34.5,14.0,27.52,36.89,6.73,72,0.4318460496,0.9663211252
2022,12,Utah,Stanford,23.5,35,42,7,19.91,19.26,22.15,32.21,20.04,28.26,23.24,20.0,23.92,23.0,18.54,16.75,21.81,15.64,22.51,18.63,19.0,29.35,21.41,,24.6,18.99,19.37,20.0,21.7,21.9,21.28,18.55,23.59,30.0,23.0,18.0,25.44,21.57,22.9,22.42,21.9,,21.6,23.5,29.03,25.85,20.47,2.54,,18.0,20.4,28,23.09,24.5,,24.0,23.5,25.82,25.43,3.64,49,0.4757648926,0.916531014
2022,12,Virginia,Pittsburgh,-5.5,-30,7,37,-3.98,-5.31,-5.68,-6.51,-2.15,-4.13,-3.43,-4.0,-4.46,-6.0,-5.21,-5.77,-7.63,-4.17,-5.34,-2.3,-6.0,-3.45,-6.86,,-3.2,-5.52,-4.83,-4.0,-8.0,-5.19,-5.19,-5.06,-4.83,-5.0,-4.5,-5.0,-8.44,-11.64,-7.5,-5.29,-5.7,,-6.6,-5.5,-7.28,-2.85,-9.08,-1.25,,-7.0,-7.6,-6,-4.56,-6.9,,-4.5,-8.0,-2.95,-4.48,1.85,44,0.5039940036,0.3691374102
2022,12,Wake Forest,North Carolina,4.0,-2,34,36,2.45,-0.37,2.7,6.76,3.04,2.74,2.53,1.0,3.88,-2.0,3.61,-2.66,6.45,2.04,3.09,3.97,1.0,2.75,5.56,,1.97,1.59,4.07,2.0,3.7,2.75,2.65,1.07,1.44,5.0,4.0,2.0,0.2,6.85,1.8,5.79,2.7,,1.2,4.0,4.85,3.55,2.51,0.42,,1.0,1.6,6,3.38,3.0,,3.5,8.0,4.9,4.01,2.19,70,0.4773571184,0.5764535094
2022,12,Washington St.,Arizona St.,8.5,10,28,18,10.59,11.58,8.62,20.86,13.75,13.21,11.62,10.0,13.79,12.5,10.73,10.4,12.24,13.12,13.21,12.88,7.0,17.25,13.84,,13.02,10.63,16.12,13.0,16.0,13.0,11.34,10.28,11.57,13.0,10.0,11.0,17.7,8.24,8.6,19.7,11.2,,8.9,9.5,22.68,22.6,13.29,2.06,,15.0,8.0,15,16.52,13.9,,8.0,0.01,14.85,17.84,4.19,46,0.6128994355,0.7894791326
2022,12,West Va.,Oklahoma,-8.0,3,23,20,-9.02,-6.24,-6.07,-2.52,-5.73,-4.39,-10.25,-6.0,-3.84,-8.5,-7.56,-7.52,-5.56,-6.49,-6.71,-6.28,-5.0,-5.95,-5.71,,-6.59,-4.98,-6.01,-8.0,-12.0,-6.28,-4.34,-10.14,-2.74,-6.0,-8.0,-5.0,-10.55,-6.63,-7.4,-6.13,-5.4,,-6.6,-8.0,-2.67,-7.7,-8.82,-0.84,,-7.0,-6.8,-5,-6.4,-8.3,,-8.0,-9.5,-13.82,-5.79,2.25,43,0.53206428,0.3377847489
2022,12,Western Kentucky,Rice,13.0,35,45,10,12.89,9.07,15.99,16.09,9.48,18.08,14.82,11.0,17.83,10.0,12.84,4.35,18.62,8.68,16.31,11.46,10.0,22.25,16.64,,28.03,7.56,14.82,10.0,18.1,16.5,15.51,11.59,19.62,26.0,13.0,16.0,12.69,15.54,19.9,22.49,17.1,,18.2,13.5,24.76,21.0,12.8,0.44,,15.0,18.3,25,14.87,16.5,,13.5,20.5,18.14,17.11,5.19,55,0.5785515066,0.8356104726
2022,12,Western Mich.,Northern Ill.,1.0,-3,21,24,1.48,4.63,2.05,5.0,0.33,-0.99,0.81,3.0,-2.03,5.0,1.19,8.21,-2.92,4.12,0.75,1.52,-1.0,-2.75,-2.7,,-2.07,5.39,-2.05,6.0,-5.1,0.81,2.66,2.88,1.1,2.0,-1.0,4.0,5.42,-1.9,-2.2,-5.18,-2.3,,-2.0,1.0,1.0,-2.0,-23.2,1.75,,-4.0,-2.5,6,-1.69,-1.9,,1.0,2.5,6.59,0.41,3.42,45,0.4938583802,0.5184190385
2022,13,Air Force,Colorado St.,21.5,12,24,12,20.33,23.1,22.59,37.96,24.04,30.71,20.96,19.0,29.65,20.0,22.85,19.58,23.24,17.1,23.26,16.6,20.0,25.25,24.62,,20.57,17.44,19.96,22.0,24.1,23.12,22.27,20.01,25.17,26.0,21.5,21.0,25.08,28.72,23.4,24.38,25.0,,22.3,21.5,28.35,16.0,22.58,2.01,,23.0,23.4,26,27.18,25.0,,21.5,17.0,23.12,28.18,4.11,36,0.5427361777,0.9219711433
2022,13,Appalachian St.,Old Dominion,16.0,13,27,14,13.6,10.26,14.33,19.73,12.21,15.08,15.51,12.0,13.7,14.5,14.07,8.39,14.8,11.32,12.92,11.58,12.0,14.05,14.35,,9.31,4.45,10.44,12.0,10.0,13.02,10.79,11.84,15.27,17.0,15.5,11.0,15.03,10.83,14.5,11.32,14.1,,14.0,15.0,17.04,11.45,17.03,1.16,,13.0,12.9,15,11.19,13.4,,16.0,15.5,13.02,9.5,2.84,41,0.4242638273,0.7884911251
2022,13,Arizona,Washington St.,-4.0,-11,20,31,-5.6,-4.82,-8.93,-17.83,-6.23,-6.09,-6.22,-5.0,-8.61,-5.0,-6.24,-2.78,-9.98,-4.25,-6.72,-2.86,-8.0,-8.75,-6.21,,-5.12,-1.14,-7.01,-3.0,-12.4,-6.22,-7.9,-5.2,-4.44,-9.0,-4.0,-1.0,-7.88,-4.49,-6.2,-9.96,-8.2,,-6.2,-4.5,-6.91,-6.8,-19.86,-0.53,,-12.0,-5.8,-5,-9.25,-3.4,,-4.0,-5.0,-10.15,-8.81,3.09,51,0.4332192938,0.3388831183
2022,13,Arizona St.,Oregon St.,-8.0,-24,7,31,-8.79,-11.84,-4.36,-19.43,-9.96,-11.0,-9.96,-11.0,-10.72,-14.0,-8.07,-12.45,-7.46,-9.04,-9.6,-6.86,-11.0,-8.75,-9.48,,-8.14,-7.28,-10.43,-13.0,-15.0,-9.48,-9.32,-9.34,-6.75,-4.0,-6.5,-7.0,-17.12,-10.64,-6.4,-12.06,-8.8,,-6.1,-8.0,-10.34,-16.5,-8.02,-1.96,,-13.0,-6.0,-9,-13.3,-11.4,,-8.0,5.5,-6.35,-12.79,4.05,38,0.4610976049,0.2789332502
2022,13,Arkansas,Mississippi,-2.5,15,42,27,-2.95,-7.68,-2.08,-8.54,-3.46,-2.07,-2.3,-8.0,-6.73,-11.0,-4.48,-8.19,-3.97,-3.04,-3.16,1.37,-9.0,4.15,-3.23,,1.71,-4.69,-3.01,-6.0,-5.2,-3.46,-5.56,-3.48,-6.4,2.0,-3.0,2.0,-6.5,0.64,2.4,-2.82,-4.3,,1.2,-2.5,-3.98,-3.65,-2.74,-1.47,,-6.0,1.2,2,-6.49,-3.1,,-2.5,-4.0,-0.26,-5.63,3.46,69,0.4837993761,0.4228983983
2022,13,Army,Connecticut,10.0,17,34,17,8.74,-1.16,14.56,5.11,9.44,10.61,8.39,3.0,9.16,-2.5,12.57,-6.73,13.35,-1.06,7.9,1.25,-1.0,9.85,13.83,,5.81,3.77,3.97,3.0,6.9,8.82,8.82,6.8,13.67,14.0,10.0,5.0,0.16,13.97,13.4,7.01,12.3,,11.0,10.0,11.57,5.0,14.49,-1.8,,7.0,11.9,13,8.82,14.5,,10.0,12.0,5.97,9.6,5.23,51,0.4500058143,0.6817759538
2022,13,Auburn,Western Kentucky,5.5,24,41,17,5.04,0.57,5.82,-10.46,4.15,-6.09,2.81,-0.25,-2.79,-0.5,5.19,2.37,3.84,3.43,2.54,3.38,-9.0,-0.55,4.93,,5.57,2.16,2.53,4.0,1.0,2.73,2.73,9.18,1.81,-2.0,6.5,9.0,4.55,7.69,6.9,0.27,2.7,,8.2,5.5,-1.76,-4.55,-3.65,1.69,,1.0,9.7,1,2.47,9.5,,5.5,-4.5,5.7,4.06,4.48,58,0.4287876382,0.5611941243
2022,13,Ball St.,Ohio,-3.5,-14,18,32,-4.03,-2.84,-2.89,-0.28,-3.54,-3.25,-5.21,-3.0,-2.28,-3.5,-2.98,-3.13,-2.16,-4.23,-3.84,-5.06,-7.0,-5.35,-1.65,,-7.06,-2.01,-4.85,,-8.3,-3.85,-4.27,-4.17,-2.64,0.01,-4.5,-5.0,-5.86,-0.51,-5.2,-6.31,-2.7,,-4.8,-3.5,-7.0,-3.3,-2.78,-0.69,,-8.0,-3.7,-4,-4.55,-3.1,,-3.5,4.5,-7.55,-5.12,2.29,50,0.4915434194,0.405388009
2022,13,Baylor,TCU,-2.5,-1,28,29,-2.54,-13.56,1.01,-8.37,-1.89,-5.01,-3.51,-14.0,-4.92,-23.5,0.67,-18.22,-0.91,-7.23,-4.71,-6.77,-10.0,-3.55,-1.69,,-1.61,-13.52,-7.95,-10.0,-10.3,-4.0,-2.36,-5.02,-0.43,6.0,-2.5,-4.0,-6.3,3.97,-2.2,-7.62,-2.4,,-2.2,-2.5,-4.35,-3.8,-19.5,-12.23,,-6.0,-2.2,-3,-5.29,-2.8,,-2.5,13.5,-3.66,-4.41,6.04,57,0.448234076,0.3907658377
2022,13,California,Stanford,5.0,7,27,20,5.0,-0.14,6.7,11.3,6.7,6.17,5.88,1.0,3.64,0.5,5.61,-2.19,5.34,4.66,4.52,3.78,2.0,7.75,4.94,,7.21,3.9,3.38,1.0,3.1,4.67,4.67,3.3,4.8,8.0,5.0,1.0,1.93,0.31,2.3,4.54,2.7,,2.4,5.0,6.38,10.0,6.76,-0.99,,3.0,0.5,8,6.46,5.0,,4.5,9.5,5.82,7.22,2.81,47,0.4881233979,0.6104061364
2022,13,Central Florida,Navy,15.5,-3,14,17,15.44,22.5,13.74,20.12,16.44,18.54,15.11,19.0,20.63,25.0,15.64,23.5,12.98,15.26,17.66,14.31,16.0,12.45,17.19,,13.26,18.27,16.23,23.0,15.0,17.19,18.62,18.12,19.34,16.0,16.5,15.0,28.69,17.56,18.0,17.05,18.5,,18.0,15.5,20.19,14.1,14.26,2.52,,19.0,16.8,16,16.63,16.5,,16.0,17.0,17.63,18.34,3.16,31,0.5530810831,0.8623798196
2022,13,Central Mich.,Western Mich.,10.5,-2,10,12,5.92,8.52,5.25,5.82,8.25,9.94,6.49,9.0,10.98,11.0,6.7,7.19,7.1,7.6,7.98,8.62,7.0,4.55,6.99,,9.02,5.6,9.57,,7.8,7.9,5.38,4.8,7.32,8.0,9.5,10.0,9.16,5.52,6.9,10.25,8.8,,5.9,10.0,10.3,6.35,8.55,0.68,,10.0,4.9,10,8.56,7.3,,10.5,7.0,15.15,8.09,2.13,22,0.437488402,0.6908438606
2022,13,Charlotte,Louisiana Tech,-2.5,5,26,21,-4.44,-5.04,-1.49,-1.39,-5.68,-6.37,-4.85,-8.0,-5.73,-9.0,-5.18,-4.66,-3.59,-3.96,-3.02,-2.21,-7.0,-0.85,-2.28,,-1.47,1.25,-2.03,-5.0,-7.7,-2.4,-4.34,-4.12,-3.17,-2.0,-3.0,-2.0,-0.01,1.82,-1.4,-2.44,-3.4,,-2.3,-2.5,-1.63,1.2,-15.58,-0.15,,-8.0,-2.1,-1,-4.97,-2.4,,-3.0,0.5,0.35,-2.93,2.63,47,0.4871104623,0.4255657096
2022,13,Clemson,Miami (Fla.),19.0,30,40,10,17.91,21.72,17.14,15.44,18.4,17.19,18.29,21.0,18.73,25.5,17.69,23.34,16.93,15.75,20.32,18.87,15.0,23.35,18.48,,23.69,21.94,21.83,23.0,18.6,20.63,18.39,20.63,19.39,20.0,18.5,21.0,28.29,21.32,18.9,23.76,17.4,,18.1,19.0,23.47,15.85,14.54,3.73,,21.0,17.7,27,21.61,23.5,,19.0,9.0,25.67,21.89,3.52,50,0.5323504523,0.8942907386
2022,13,East Carolina,Houston,6.0,-39,3,42,5.12,3.78,1.92,16.44,7.49,12.75,7.36,6.0,7.12,4.0,3.95,1.98,4.97,5.38,6.33,6.0,3.0,8.75,6.71,,8.44,3.83,5.32,6.0,4.7,6.0,4.37,2.45,5.94,7.0,6.0,10.0,6.5,7.02,6.8,6.91,5.1,,6.1,6.0,9.36,6.35,0.02,0.15,,6.0,5.8,9,7.49,4.9,,6.0,-3.0,9.42,8.97,3.03,45,0.5081455694,0.6523526444
2022,13,Florida St.,Louisiana-Lafayette,24.0,32,49,17,17.48,18.06,13.24,22.85,15.39,18.56,20.96,15.0,22.24,18.5,15.89,15.81,20.33,10.65,20.14,15.83,10.0,22.85,25.13,,23.49,11.08,21.38,18.0,21.7,20.96,18.16,16.33,22.06,19.0,23.5,22.0,25.16,25.4,27.0,25.14,21.7,,28.0,23.5,28.27,19.4,33.16,3.14,,21.0,28.8,24,20.56,25.0,,24.5,5.0,18.14,22.82,5.22,66,0.4086603787,0.8859426286
2022,13,Georgia Southern,Marshall,-4.5,-13,10,23,-2.67,-1.98,-1.5,-8.54,-0.01,0.67,-2.87,-3.0,-0.99,-4.0,-2.2,-2.52,-3.25,-1.97,-2.41,-1.36,-3.0,0.95,-2.95,,1.84,-0.68,-2.52,-2.0,-5.1,-2.49,-2.36,-3.6,-0.42,-1.0,-3.5,-2.0,-4.01,-2.49,-1.7,-3.21,-3.5,,-2.7,-4.0,-4.1,0.5,13.6,-0.71,,-6.0,-1.8,-6,-1.34,-3.5,,-4.5,-3.0,-4.16,-0.71,1.87,33,0.552013274,0.4400791311
2022,13,Hawaii,UNLV,-11.0,6,31,25,-9.51,-11.18,-4.56,-11.13,-8.26,-14.87,-8.97,-13.0,-14.12,-12.0,-11.93,-9.59,-7.2,-7.15,-9.08,-4.98,-11.0,-8.45,-11.67,,-4.16,-4.81,-11.2,-11.0,-15.8,-9.68,-9.68,-10.23,-6.46,-1.0,-8.5,-7.0,-5.19,-6.05,-11.0,-14.2,-12.0,,-9.3,-11.0,-9.79,-10.3,-15.25,-2.35,,-12.0,-11.7,-6,-14.43,-12.6,,-11.0,3.0,-3.29,-13.03,3.96,56,0.5467089593,0.2894571021
2022,13,Iowa St.,Texas Tech,3.5,-4,10,14,3.79,-2.17,7.11,6.32,8.24,-1.31,1.7,0.25,1.15,-2.0,6.9,-3.96,9.15,3.79,2.62,2.86,-3.0,0.25,4.61,,-2.32,-2.0,2.72,-1.0,2.5,2.8,4.6,4.85,5.77,3.0,3.0,-3.0,-0.14,0.83,1.4,4.0,2.8,,2.6,3.5,4.45,3.75,3.48,-0.83,,2.0,2.1,2,5.57,3.2,,3.5,7.5,-1.87,5.2,3.36,24,0.4783735464,0.564140561
2022,13,James Madison,Georgia St.,9.0,2,42,40,8.79,11.82,6.06,14.64,11.45,15.29,8.85,14.0,16.69,10.0,11.4,9.19,6.01,9.19,9.96,6.78,10.0,9.55,14.15,,,8.81,11.95,12.0,7.6,10.16,11.45,7.31,9.12,8.0,10.0,7.0,14.07,0.68,5.6,14.37,11.6,,5.2,9.0,11.94,3.6,1.75,0.99,,13.0,3.9,13,13.59,14.5,,9.0,3.0,4.48,13.58,3.75,82,0.5234645118,0.7292600585
2022,13,Kansas,Texas,-9.0,-41,14,55,-8.6,-3.35,-10.14,-1.58,-3.87,-10.71,-9.61,-4.0,-7.7,-4.0,-8.7,-1.0,-11.58,-1.87,-7.58,-4.13,-5.0,-10.65,-7.77,,-12.58,0.01,-5.1,-4.0,-14.1,-8.1,-8.63,-8.59,-10.29,-8.0,-10.0,-7.0,-3.12,-8.3,-8.1,-8.45,-10.1,,-8.1,-9.0,-9.83,-5.9,-14.2,-0.47,,-7.0,-7.8,-9,-7.76,-12.6,,-9.0,-7.5,-11.45,-8.39,3.4,69,0.5348488333,0.3202900933
2022,13,Kent,Eastern Mich.,7.5,-7,24,31,5.3,5.06,5.91,6.63,8.41,10.15,5.04,7.0,13.23,6.0,7.63,0.66,6.2,2.87,6.92,5.63,-1.0,11.75,8.06,,9.3,-1.6,8.39,,5.3,7.05,5.55,4.0,8.35,9.0,7.0,6.0,4.52,3.91,7.2,10.06,9.5,,7.9,7.5,11.0,2.3,-3.38,0.1,,10.0,7.1,9,10.01,7.9,,7.5,5.5,2.04,11.55,3.37,55,0.48574468,0.6650990462
2022,13,Kentucky,Georgia,-22.5,-10,6,16,-21.23,-21.76,-20.91,-29.64,-18.33,-21.61,-25.02,-19.0,-26.38,-29.5,-19.65,-19.27,-25.59,-10.77,-22.62,-18.33,-19.0,-24.15,-19.75,,-26.22,-16.89,-22.74,-19.0,-30.4,-22.02,-22.95,-19.92,-22.02,-22.0,-21.0,-21.0,-11.35,-17.07,-24.4,-28.15,-23.7,,-22.8,-22.5,-32.06,-19.95,-36.99,-22.07,,-33.0,-23.9,-22,-26.51,-24.0,,-22.0,-9.5,-29.42,-27.51,5.06,22,0.4971269118,0.0873041678
2022,13,LSU,UAB,15.0,31,41,10,20.18,20.9,18.15,23.16,17.12,14.15,22.25,17.0,17.19,22.0,17.56,22.9,20.82,15.47,19.33,16.95,10.0,19.95,18.88,,24.54,19.27,21.09,21.0,19.9,19.9,18.28,22.2,17.59,16.0,15.0,23.0,27.43,15.33,21.9,23.27,17.7,,22.9,16.0,17.46,14.3,31.89,5.01,,18.0,23.1,13,19.69,23.5,,14.5,-1.5,23.07,22.17,4.51,51,0.6034916276,0.8792781037
2022,13,Liberty,Virginia Tech,10.0,-1,22,23,7.12,18.88,7.57,18.55,11.07,6.37,5.63,16.0,9.79,23.0,6.87,23.78,10.19,15.1,12.68,15.02,15.0,9.45,9.08,,17.28,18.49,13.79,20.0,10.0,11.24,10.0,11.24,9.31,10.0,8.0,12.0,25.69,5.65,10.3,12.79,8.0,,8.1,10.0,16.71,14.7,10.08,3.32,,9.0,7.2,11,11.63,13.3,,10.0,14.5,18.3,11.02,4.92,45,0.5640579999,0.777269557
2022,13,Louisville,NC St.,4.0,15,25,10,6.5,2.63,5.8,5.42,9.03,5.32,9.97,2.0,8.08,1.5,4.68,-0.3,8.75,4.94,6.69,9.42,-1.0,11.75,4.58,,11.47,1.33,6.47,3.0,5.1,5.8,4.08,2.11,7.03,9.0,4.5,11.0,4.5,3.86,5.6,8.04,5.0,,5.4,4.0,15.91,8.45,26.28,-0.32,,9.0,5.0,16,7.33,5.1,,4.0,4.0,10.39,7.62,3.69,35,0.5655530853,0.6592846623
2022,13,Maryland,Ohio St.,-27.5,-13,30,43,-23.03,-19.72,-17.76,-24.33,-17.17,-25.01,-27.55,-25.0,-24.72,-28.0,-20.43,-17.02,-24.7,-10.33,-21.91,-20.29,-21.0,-25.65,-18.57,,-25.52,-15.33,-18.24,-19.0,-26.3,-22.35,-21.3,-21.57,-18.92,-23.0,-27.0,-24.0,-11.44,-19.81,-22.3,-23.65,-24.2,,-20.2,-26.5,-29.26,-22.35,-10.0,-20.69,,-30.0,-20.8,-20,-23.11,-25.0,,-27.5,-16.5,-26.11,-24.58,4.2,73,0.6332291306,0.0910579902
2022,13,Michigan,Illinois,18.0,2,19,17,17.53,18.69,18.65,12.19,10.85,18.02,20.43,15.0,18.33,19.0,15.11,18.89,17.06,13.24,17.94,21.74,14.0,15.35,16.12,,22.7,18.91,14.75,17.0,18.8,18.18,17.62,17.7,19.4,21.0,16.5,23.0,12.85,21.03,20.9,16.83,18.4,,18.7,18.0,21.51,15.65,9.78,20.57,,13.0,19.8,20,14.26,23.5,,18.0,17.0,23.86,16.8,3.01,36,0.4985184627,0.8665840393
2022,13,Michigan St.,Indiana,10.0,-8,31,39,12.36,11.32,9.31,13.91,9.05,14.64,15.7,12.0,12.98,11.5,9.99,10.42,12.26,9.55,13.26,11.57,9.0,17.65,9.75,,19.73,9.65,10.27,12.0,5.2,12.26,11.43,10.33,14.04,17.0,11.5,18.0,16.06,23.33,16.2,11.09,13.4,,15.5,10.5,14.0,13.85,19.13,1.56,,12.0,15.8,20,9.88,6.7,,10.0,19.0,23.41,11.66,3.93,70,0.5790024296,0.7912657567
2022,13,Middle Tenn.,Florida Atlantic,-6.0,28,49,21,-6.75,-1.98,-3.98,-3.01,-6.12,-2.65,-9.58,-2.0,-6.76,-1.5,-7.07,0.6,-2.21,-2.58,-4.32,-4.01,-5.0,-5.05,-4.32,,-7.33,6.33,-5.74,-2.0,-10.0,-4.32,-2.97,-2.89,-2.67,-2.0,-4.0,-4.0,-2.28,-3.34,-4.4,-8.25,-4.5,,-5.5,-6.0,-9.04,-5.5,-5.43,-0.04,,-10.0,-4.8,-6,-8.62,-4.0,,-6.0,5.5,0.17,-8.0,3.67,70,0.5410598441,0.3954566015
2022,13,Minnesota,Iowa,2.5,-3,10,13,0.95,4.47,3.31,15.34,2.91,5.8,0.97,4.0,6.92,3.5,2.44,3.15,2.25,0.8,3.02,-3.07,6.0,1.55,4.95,,-0.86,4.81,1.78,4.0,2.1,2.91,2.55,-0.68,6.41,5.0,3.0,0.01,3.32,0.11,6.1,1.98,5.5,,5.1,2.5,1.21,5.3,11.53,0.0,,-1.0,4.9,4,2.9,2.9,,2.5,1.5,-0.51,3.74,2.87,23,0.512857167,0.5742494689
2022,13,Missouri,New Mexico St.,29.5,31,45,14,22.4,17.78,27.54,14.4,23.93,21.08,21.08,14.0,25.43,20.0,25.81,13.67,32.42,16.64,24.91,24.24,7.0,27.05,31.91,,33.18,13.01,28.49,21.0,30.9,26.13,26.45,25.24,27.64,23.0,28.0,29.0,24.04,26.13,30.9,34.74,27.6,,29.5,29.0,29.78,18.75,36.74,4.27,,29.0,31.3,26,28.26,29.0,,29.5,9.5,24.92,29.89,6.52,59,0.3945505244,0.9266946701
2022,13,Nebraska,Wisconsin,-10.0,-1,14,15,-9.06,-9.09,-6.83,-19.34,-7.93,-6.89,-9.56,-9.0,-11.77,-10.5,-10.42,-7.66,-12.92,-5.95,-9.79,-6.02,-10.0,-4.85,-11.77,,-6.9,-5.64,-10.44,-9.0,-14.9,-9.09,-10.23,-8.85,-9.22,-7.0,-12.5,-7.0,-12.14,-9.08,-9.4,-13.78,-10.7,,-8.8,-10.0,-12.74,-11.75,-13.65,-1.61,,-14.0,-8.7,-8,-12.0,-15.5,,-10.5,-7.0,-5.92,-11.7,2.97,29,0.5051872288,0.2721979094
2022,13,Nevada,Fresno St.,-22.5,-27,14,41,-14.79,-18.56,-8.29,-9.21,-11.11,-15.52,-19.26,-17.0,-19.47,-20.0,-12.25,-18.07,-11.29,-10.05,-14.66,-12.03,-16.0,-15.85,-14.47,,-16.92,-9.12,-13.5,-18.0,-18.1,-15.28,-11.6,-12.27,-13.35,-11.0,-23.0,-23.0,-16.42,-15.28,-18.3,-15.95,-16.8,,-15.7,-21.0,-19.08,-6.35,-16.31,-2.84,,-19.0,-17.5,-16,-15.16,-12.8,,-22.0,-3.0,-17.74,-15.09,4.05,55,0.6838662066,0.1854425763
2022,13,New Mexico,San Diego St.,-14.0,-24,10,34,-14.36,-12.8,-11.99,-5.89,-6.71,-11.87,-17.32,-9.0,-10.78,-13.5,-11.93,-13.9,-16.88,-9.79,-13.08,-12.24,-10.0,-19.55,-9.67,,-16.96,-11.71,-11.93,-12.0,-16.0,-12.82,-11.13,-14.36,-9.65,-15.0,-14.5,-18.0,-13.41,-13.27,-14.1,-13.08,-11.5,,-12.3,-14.0,-18.57,-4.55,-21.38,-2.72,,-17.0,-12.4,-15,-9.68,-17.0,,-14.5,-13.0,-21.35,-10.43,3.37,44,0.5226043022,0.2101222323
2022,13,North Carolina,Georgia Tech,21.0,-4,17,21,16.99,19.99,14.32,19.27,16.24,20.22,19.74,23.0,19.31,26.5,14.56,20.37,20.16,14.93,19.46,17.99,17.0,22.25,17.86,,21.25,17.65,17.23,21.0,14.7,19.31,17.66,17.23,17.91,22.0,21.0,20.0,27.59,24.66,21.6,18.45,18.2,,20.8,21.0,21.16,18.15,21.72,2.79,,18.0,20.4,23,17.98,23.5,,21.5,12.5,23.61,17.62,3.15,38,0.4620944298,0.8854070455
2022,13,Northern Ill.,Miami (Ohio),1.0,-6,23,29,3.05,1.69,1.79,2.67,3.37,3.47,3.59,2.0,3.99,1.5,3.05,0.46,1.08,2.2,3.73,4.07,1.0,6.55,4.16,,6.35,4.72,2.84,,-0.01,3.79,2.97,2.25,4.01,4.0,3.0,4.0,2.69,7.24,5.4,4.12,4.1,,4.8,1.5,9.31,5.85,-7.25,0.05,,2.0,6.3,8,4.67,3.1,,1.0,4.0,0.52,4.51,1.97,52,0.5677559121,0.5921883788
2022,13,Notre Dame,Boston College,20.5,44,44,0,22.72,20.33,21.66,22.36,23.16,20.78,23.2,19.0,21.09,23.5,23.01,19.92,23.05,16.61,22.36,19.56,15.0,26.85,22.72,,23.89,18.48,19.79,24.0,19.6,22.36,21.36,25.33,22.13,24.0,20.0,26.0,31.86,20.34,22.8,21.82,22.0,,19.7,20.5,21.69,17.7,21.82,3.22,,24.0,21.4,26,23.14,25.0,,20.5,19.0,27.42,24.5,2.95,44,0.5458550708,0.9169474631
2022,13,Oklahoma,Oklahoma St.,7.5,15,28,13,2.24,-3.63,2.83,0.22,5.68,-3.8,2.27,-3.0,1.17,-6.0,3.34,-6.2,3.15,0.01,1.56,1.54,-7.0,1.55,5.44,,4.36,-5.19,0.68,-3.0,0.3,2.0,0.51,1.09,3.96,4.0,6.5,2.0,-3.33,0.41,3.1,1.75,2.4,,3.3,6.0,7.6,6.5,6.77,-1.32,,1.0,2.9,4,3.86,7.9,,7.5,3.5,-0.97,4.15,3.62,41,0.3576290367,0.5381630657
2022,13,Oregon,Utah,-2.5,3,20,17,0.01,0.59,-2.41,-5.49,0.42,-1.94,-0.68,-1.0,-2.45,-1.5,-0.29,2.23,-0.32,2.55,-0.3,3.49,-3.0,-1.35,2.49,,0.12,1.77,-0.11,1.0,-3.2,-0.42,-0.77,1.33,-0.61,-1.0,3.0,-1.0,2.35,2.14,-0.8,-1.66,-1.4,,0.7,-2.0,0.48,-5.25,5.44,0.18,,-2.0,0.6,2,-2.32,2.7,,-1.5,3.0,-2.47,-2.61,2.06,37,0.5546554661,0.4925239505
2022,13,Pittsburgh,Duke,7.0,2,28,26,4.76,2.3,9.42,5.74,2.6,1.21,3.93,3.0,1.41,2.0,5.82,2.78,9.13,1.66,6.1,2.75,-3.0,6.45,6.02,,5.46,6.29,2.05,5.0,0.5,5.68,6.69,5.68,6.33,14.0,8.5,8.0,5.19,16.12,13.2,1.81,6.9,,10.9,7.0,6.23,0.9,12.43,0.48,,1.0,13.7,12,1.73,7.6,,7.5,22.5,9.11,3.23,4.68,54,0.4783167169,0.6437747036
2022,13,Purdue,Northwestern,18.5,8,17,9,14.23,22.4,15.03,28.83,14.43,22.16,13.58,21.0,17.5,23.0,14.56,25.04,15.26,16.62,17.83,15.33,14.0,19.85,15.27,,17.39,19.37,13.29,21.0,11.2,17.26,18.9,17.26,16.66,19.0,17.5,20.0,28.47,18.81,19.8,12.67,16.4,,18.9,18.5,14.11,12.55,-1.2,3.05,,14.0,20.2,19,16.17,22.0,,18.5,16.0,23.56,17.1,4.08,26,0.4836962483,0.8616726261
2022,13,Rice,Texas-San Antonio,-13.0,-34,7,41,-13.43,-12.37,-11.23,-12.21,-7.18,-15.78,-15.78,-13.0,-16.06,-15.5,-11.4,-10.38,-16.98,-7.28,-14.67,-11.44,-13.0,-19.05,-13.98,,-26.21,-8.67,-13.75,-12.0,-20.3,-15.15,-12.55,-13.92,-13.59,-14.0,-12.0,-16.0,-17.54,-15.5,-17.6,-17.59,-15.2,,-16.4,-13.0,-19.01,-11.8,-22.23,-1.55,,-18.0,-16.9,-17,-14.44,-15.5,,-13.0,-12.5,-15.64,-15.15,3.48,48,0.459077018,0.1833474293
2022,13,Rutgers,Penn St.,-19.0,-45,10,55,-21.79,-19.74,-19.37,-25.6,-19.1,-20.93,-24.71,-17.0,-22.29,-21.5,-21.41,-18.36,-24.05,-11.59,-21.25,-17.34,-17.0,-25.55,-18.03,,-24.81,-11.41,-21.12,-21.0,-27.7,-21.16,-19.88,-21.16,-20.08,-22.0,-19.0,-19.0,-24.84,-15.84,-22.6,-25.83,-21.0,,-21.1,-19.5,-26.43,-21.6,-26.27,-12.17,,-29.0,-20.2,-20,-25.62,-24.0,,-19.0,-10.0,-22.12,-25.06,4.17,65,0.4454842027,0.0977231978
2022,13,South Carolina,Tennessee,-22.5,25,63,38,-19.48,-19.93,-13.59,-27.9,-17.9,-21.02,-23.43,-20.0,-25.69,-26.0,-18.7,-16.82,-22.83,-9.69,-20.53,-14.93,-20.0,-26.75,-16.2,,-25.43,-12.33,-22.36,-21.0,-27.1,-19.93,-19.15,-16.98,-18.15,-18.0,-21.0,-18.0,-14.7,-15.03,-19.6,-28.01,-20.7,,-19.0,-22.5,-30.18,-22.5,-23.57,-12.86,,-32.0,-18.5,-21,-25.49,-24.0,,-21.5,-5.5,-18.13,-27.6,5.44,101,0.5467310711,0.1105644737
2022,13,Southern Miss.,South Alabama,-7.5,-7,20,27,-5.43,-7.87,-6.53,-13.14,-5.13,-6.9,-6.22,-7.0,-8.44,-9.5,-4.27,-7.56,-11.31,-6.55,-7.14,-6.09,-9.0,-7.85,-6.88,,-8.74,-5.98,-8.25,-8.0,-11.4,-6.9,-6.45,-6.45,-4.35,-7.0,-6.5,-3.0,-11.14,-5.18,-5.1,-10.03,-5.5,,-4.4,-7.5,-11.01,-7.7,-25.82,-1.14,,-7.0,-4.3,-8,-8.81,-8.4,,-8.0,-4.5,-5.6,-7.35,2.18,47,0.5089620369,0.3279491387
2022,13,Temple,Cincinnati,-17.0,-20,3,23,-16.42,-18.99,-21.52,-12.95,-13.46,-22.76,-15.06,-16.0,-16.33,-21.5,-18.25,-20.42,-21.48,-10.16,-18.25,-9.98,-17.0,-19.25,-20.44,,-18.68,-13.69,-14.74,-20.0,-19.3,-18.99,-21.02,-20.61,-17.98,-21.0,-18.0,-19.0,-26.52,-21.13,-25.4,-16.87,-19.3,,-22.0,-17.0,-13.78,-9.7,-10.21,-12.98,,-15.0,-24.1,-15,-17.6,-25.0,,-17.0,-20.5,-21.6,-18.37,3.99,26,0.4695653617,0.1324483255
2022,13,Texas A&M,Massachusetts,33.5,17,20,3,34.72,22.66,36.29,18.58,29.31,30.87,35.6,17.0,30.33,21.5,37.09,18.54,41.83,18.22,31.97,24.75,13.0,38.85,39.08,,37.68,21.55,27.83,25.0,34.6,34.6,34.96,36.94,36.27,42.0,32.0,37.0,23.53,36.71,42.1,34.11,36.8,,39.8,33.5,32.75,20.35,28.78,21.48,,35.0,40.3,40,32.85,32.5,,33.5,24.5,37.6,35.96,7.76,23,0.4654975946,0.9648050419
2022,13,Texas St.,Arkansas St.,6.0,3,16,13,1.45,2.35,2.38,10.05,1.41,6.53,4.96,2.0,2.27,3.0,-1.92,2.39,4.88,3.51,4.13,7.61,1.0,8.25,1.28,,8.9,3.39,3.03,1.0,-0.8,3.51,1.16,-1.74,2.8,8.0,4.5,5.0,3.68,8.28,5.2,1.88,1.1,,4.3,6.0,8.14,15.45,-2.66,0.28,,5.0,4.4,11,0.01,1.2,,6.0,6.5,7.18,-0.18,3.48,29,0.4541943062,0.6003068455
2022,13,Toledo,Bowling Green,16.5,-7,35,42,17.33,14.4,15.21,17.77,13.86,18.11,18.76,16.0,20.35,16.0,17.8,11.2,18.76,12.59,16.73,14.42,13.0,18.85,18.14,,16.89,10.6,14.21,,14.3,16.95,14.51,17.0,19.26,23.0,15.5,15.0,18.4,16.9,16.6,17.46,17.4,,16.8,16.5,21.32,14.75,20.9,0.7,,14.0,15.7,21,17.93,20.0,,16.5,17.0,13.17,17.49,2.74,77,0.5056958743,0.8504961822
2022,13,Troy St.,Louisiana-Monroe,15.0,18,34,16,15.43,17.66,11.71,17.41,14.63,14.99,14.62,15.0,16.41,19.5,15.94,18.33,14.87,14.28,16.19,13.69,11.0,16.05,18.54,,15.11,14.6,16.29,18.0,14.7,15.43,15.22,18.92,15.92,13.0,15.0,14.0,24.94,15.04,15.4,18.06,16.0,,14.4,15.0,18.42,24.6,12.7,2.65,,18.0,14.2,13,15.11,23.5,,15.0,9.0,11.8,16.43,3.11,50,0.5293207967,0.8415437301
2022,13,Tulane,SMU,3.5,35,59,24,2.57,7.44,0.58,8.33,6.7,2.67,1.69,11.0,5.32,12.0,3.02,8.58,0.96,8.04,4.21,3.73,5.0,3.25,1.5,,0.28,7.29,2.99,,1.3,3.33,3.51,3.89,5.39,1.0,3.0,3.0,10.04,0.92,1.9,1.76,2.9,,2.3,3.5,8.19,5.7,-4.99,0.99,,7.0,2.1,6,4.56,3.4,,3.5,-4.0,2.74,5.93,3.17,83,0.5174921579,0.6025965055
2022,13,Tulsa,South Florida,14.0,6,48,42,9.17,9.06,10.57,18.15,9.27,6.08,9.06,12.0,8.29,10.5,9.44,9.49,7.6,10.55,9.81,8.55,9.0,13.65,10.8,,7.08,9.38,6.75,10.0,8.9,9.44,10.28,10.41,9.96,11.0,12.0,9.0,10.07,7.71,8.0,7.26,7.3,,7.9,12.5,10.96,10.0,7.4,19.84,,7.0,7.6,10,10.22,15.5,,13.0,17.0,11.4,11.12,2.39,90,0.3970427872,0.7294324564
2022,13,UCLA,USC,-2.0,-3,45,48,-3.2,-2.58,-0.68,-4.88,-3.02,-5.32,-2.9,-4.0,-4.12,-5.0,-4.13,-1.75,-1.79,-1.62,-2.12,-0.83,-3.0,-0.25,-2.55,,-1.64,-0.42,-3.0,-1.0,-8.2,-2.55,-2.46,-3.86,-3.63,2.0,-2.5,-2.0,0.11,1.69,-0.3,-4.84,-4.5,,-0.9,-2.0,-1.52,-3.05,0.5,-0.65,,-5.0,-0.6,3,-5.53,-4.1,,-2.5,12.5,-0.25,-5.25,3.06,93,0.4970386757,0.4478323589
2022,13,UTEP,Florida Intl.,14.0,34,40,6,12.0,7.32,12.77,12.03,10.24,14.73,14.46,7.0,14.98,6.5,13.32,3.18,17.18,6.66,13.02,4.19,5.0,19.25,18.81,,7.46,5.35,9.99,9.0,8.2,13.32,14.31,8.4,17.96,22.0,15.0,10.0,6.13,23.87,22.5,14.99,16.1,,19.9,14.0,14.43,14.7,27.88,0.25,,11.0,21.8,22,14.01,17.5,,14.0,12.0,8.9,15.96,5.41,46,0.4767002665,0.7812369248
2022,13,Utah St.,San Jose St.,1.0,4,35,31,-2.51,-5.29,0.62,-10.92,-4.64,-7.91,-1.38,-5.0,-7.93,-3.0,-4.98,-3.88,-5.14,-2.47,-3.14,0.24,-9.0,-0.85,-6.55,,2.38,-0.31,-5.14,-5.0,-10.6,-3.8,-3.44,-2.97,-3.8,2.0,-2.5,3.0,-4.12,0.6,-1.0,-8.21,-5.4,,-0.8,0.0,-4.0,-3.3,-1.61,-0.29,,-9.0,-0.7,1,-6.69,-5.0,,0.0,11.0,3.0,-6.51,4.09,66,0.4003036728,0.4240449859
2022,13,Vanderbilt,Florida,-14.0,7,31,24,-15.57,-11.07,-12.01,-9.78,-10.19,-8.36,-18.09,-11.0,-15.15,-14.0,-15.29,-8.88,-17.63,-6.78,-13.02,-7.02,-9.0,-17.45,-12.76,,-11.6,-4.96,-10.81,-11.0,-17.6,-13.0,-11.56,-14.45,-12.84,-14.0,-13.5,-16.0,-14.61,-10.49,-15.1,-14.21,-14.9,,-14.0,-14.0,-16.99,-7.95,-41.33,-1.66,,-22.0,-13.6,-13,-12.61,-16.5,,-14.0,-9.5,-10.97,-16.11,3.58,55,0.524011665,0.2118182563
2022,13,Wake Forest,Syracuse,10.0,10,45,35,6.86,2.44,6.61,1.1,4.25,5.98,9.53,2.0,3.46,3.0,4.15,1.9,8.81,3.52,6.18,6.78,2.0,9.65,6.46,,8.81,6.21,5.11,3.0,2.9,5.98,4.71,5.01,5.0,10.0,10.0,7.0,5.59,8.92,7.8,5.26,4.2,,7.8,9.0,11.01,5.75,-5.26,0.33,,3.0,7.0,11,4.12,7.6,,10.0,13.5,11.65,3.71,2.86,80,0.406398784,0.6491865624
2022,13,Washington,Colorado,31.0,47,54,7,26.67,27.71,19.95,49.45,24.6,35.04,30.7,31.0,30.08,34.5,25.92,26.42,25.87,18.18,28.22,23.1,27.0,30.55,29.73,,29.53,20.51,25.45,28.0,29.0,28.48,25.55,24.44,28.48,26.0,30.5,31.0,36.16,21.35,28.0,29.03,27.3,,28.0,31.0,34.44,32.4,37.3,3.69,,30.0,26.3,31,29.28,31.5,,31.0,13.5,30.36,30.34,5.57,61,0.4343773422,0.9532648705
2022,13,West Va.,Kansas St.,-7.5,-17,31,48,-10.19,-12.77,-11.66,-15.66,-9.49,-12.4,-11.89,-12.0,-14.57,-17.0,-8.63,-11.79,-11.43,-8.61,-12.89,-11.39,-13.0,-20.75,-8.55,,-20.81,-6.6,-14.97,-14.0,-20.5,-12.0,-9.37,-10.78,-7.91,-11.0,-6.5,-9.0,-15.7,-12.87,-12.6,-18.18,-11.4,,-11.9,-8.5,-17.94,-11.75,-8.54,-1.58,,-17.0,-12.6,-20,-15.53,-12.6,,-7.5,-6.0,-9.34,-15.34,3.72,79,0.3704785666,0.2145929978
2022,13,Wyoming,Boise St.,-14.0,-3,17,20,-12.5,-3.42,-10.02,-10.47,-10.03,-8.63,-15.27,-4.0,-12.11,-2.5,-14.24,1.27,-13.11,-3.63,-9.8,-4.29,-7.0,-9.85,-12.06,,-8.32,2.67,-8.57,-4.0,-14.7,-10.02,-8.89,-8.62,-11.27,-10.0,-11.0,-10.0,-5.26,-14.6,-14.4,-12.04,-12.5,,-12.6,-13.5,-18.91,-9.65,-5.92,-0.18,,-18.0,-14.7,-11,-12.94,-8.7,,-14.0,-7.0,-8.19,-12.66,4.78,37,0.6000037834,0.2772045703
2022,14,Alabama,Auburn,22.0,22,49,27,19.26,19.47,21.04,35.62,18.91,25.21,17.03,21.0,24.57,25.5,21.46,16.73,26.09,14.47,22.02,18.74,16.0,15.05,26.41,,21.5,16.06,22.93,,21.5,22.15,22.25,22.05,24.2,22.0,21.5,17.0,19.92,23.01,23.9,26.96,26.0,,23.0,22.0,24.33,24.05,21.63,2.58,,25.0,22.7,22,22.51,24.5,,22.0,19.0,16.61,23.62,3.92,76,0.500487974,0.9109631417
2022,14,Arizona,Arizona St.,4.0,3,38,35,3.21,5.67,-1.92,0.12,5.62,5.4,3.58,7.0,3.23,8.5,1.98,7.0,1.63,7.98,4.49,6.9,1.0,6.05,4.91,,6.79,6.7,6.14,,5.5,5.25,2.05,3.43,3.19,2.0,3.5,9.0,9.0,1.62,-0.3,6.28,1.5,,0.01,4.0,8.64,12.7,-5.05,1.04,,6.0,-0.6,5,4.62,5.1,,4.0,-7.0,6.62,6.0,3.56,73,0.5120139034,0.6087213074
2022,14,Arkansas St.,Troy St.,-13.5,-29,19,48,-12.43,-17.9,-8.28,-7.62,-7.28,-11.4,-13.59,-13.0,-9.57,-20.5,-8.74,-22.38,-13.49,-10.26,-12.9,-11.35,-10.0,-13.85,-9.98,,-19.46,-13.59,-12.61,,-16.5,-12.52,-11.04,-14.25,-7.55,-11.0,-13.0,-16.0,-23.58,-12.81,-13.3,-12.79,-8.7,,-11.6,-13.5,-15.9,-13.25,-19.52,-3.45,,-15.0,-12.1,-16,-9.31,-11.0,,-13.5,-4.0,-23.75,-8.62,4.26,67,0.5145612096,0.2162518724
2022,14,Boise St.,Utah St.,17.0,19,42,23,16.22,14.02,14.07,27.66,17.83,15.26,16.06,14.0,19.57,15.5,18.27,11.04,15.63,11.78,16.19,10.39,12.0,16.45,15.88,,15.17,7.87,13.33,,15.5,16.03,14.95,14.2,18.81,18.0,15.5,15.0,17.93,17.84,18.5,16.19,18.2,,17.7,17.0,23.09,14.75,32.4,0.82,,16.0,18.3,21,18.11,22.5,,17.0,6.5,10.58,19.04,3.91,65,0.4802413623,0.8389971949
2022,14,Boston College,Syracuse,-10.5,-9,23,32,-8.0,-12.02,-6.22,-18.99,-10.23,-12.61,-6.55,-12.0,-15.31,-14.5,-10.15,-10.24,-11.33,-8.9,-9.63,-3.31,-12.0,-7.45,-11.88,,-3.43,-3.93,-11.8,,-16.5,-9.89,-10.93,-9.62,-10.36,-5.0,-8.0,-4.0,-15.72,-8.4,-8.9,-15.06,-12.5,,-7.3,-10.5,-7.16,-8.0,-18.8,-1.77,,-14.0,-8.8,-8,-14.39,-7.8,,-10.5,0.5,-1.75,-14.65,4.21,55,0.5211237795,0.2788134781
2022,14,Buffalo,Kent,4.5,-3,27,30,4.44,3.45,3.73,7.63,3.84,3.49,4.91,5.0,1.48,1.5,3.0,4.51,6.68,6.42,4.8,8.73,3.0,3.55,5.56,,8.59,4.28,6.69,,5.3,4.9,4.18,4.62,5.87,5.0,3.0,6.0,8.28,1.81,4.9,6.24,2.0,,3.7,4.5,6.42,9.55,-5.69,1.28,,6.0,3.2,9,3.45,2.0,,4.0,-4.5,5.28,2.81,2.48,57,0.5074482299,0.61742943
2022,14,California,UCLA,-10.5,-7,28,35,-7.88,-12.38,-5.56,-11.18,-5.16,-10.9,-8.84,-11.0,-10.74,-16.5,-6.15,-13.26,-8.54,-7.03,-9.32,-7.15,-14.0,-10.75,-9.74,,-9.28,-7.05,-8.93,,-13.6,-8.69,-7.67,-7.95,-7.15,-8.0,-9.0,-8.0,-15.93,-7.42,-10.7,-10.04,-10.2,,-10.2,-10.5,-10.66,-12.3,-5.98,-1.85,,-10.0,-10.2,-8,-8.04,-6.9,,-10.0,-8.5,-8.24,-7.92,2.59,63,0.5292413374,0.2811452471
2022,14,Cincinnati,Tulane,1.0,-3,24,27,1.83,-1.04,5.51,-1.04,0.01,3.4,0.46,-0.25,-3.92,-1.0,2.58,0.51,7.53,-0.36,1.74,-0.33,-3.0,1.65,1.83,,0.64,4.72,-1.51,,-6.3,1.58,2.57,3.64,2.39,7.0,3.0,3.0,1.51,7.6,4.6,-2.39,0.7,,4.4,1.0,-0.57,-0.2,-5.91,-0.05,,-1.0,5.0,4,-2.22,3.2,,1.0,17.5,1.73,-2.3,3.85,51,0.5180681333,0.5424188173
2022,14,Clemson,South Carolina,14.5,-1,30,31,14.11,13.44,9.87,20.95,12.82,12.72,13.63,17.0,11.29,21.0,14.38,14.59,11.93,10.18,13.18,7.37,10.0,10.75,15.22,,10.26,14.88,10.64,,6.0,12.98,12.24,14.57,17.72,15.0,14.5,9.0,13.8,14.15,12.4,10.64,12.3,,12.0,14.5,17.7,13.05,17.75,1.4,,12.0,11.9,14,11.67,12.9,,14.5,17.0,13.55,11.95,2.95,61,0.4674227275,0.7928248899
2022,14,Colorado,Utah,-29.5,-42,21,63,-31.11,-27.79,-26.39,-57.88,-27.14,-41.28,-33.75,-27.0,-36.91,-31.5,-31.03,-22.89,-28.5,-12.75,-31.42,-22.71,-30.0,-37.65,-30.95,,-32.39,-13.82,-28.66,,-41.3,-31.5,-30.78,-26.43,-33.15,-34.0,-29.5,-29.0,-32.85,-30.08,-33.4,-35.81,-33.2,,-32.2,-29.5,-38.74,-35.3,-20.23,-3.51,,-38.0,-31.5,-33,-35.96,-31.0,,-29.5,-19.5,-28.96,-36.72,7.55,84,0.4565082461,0.0369221251
2022,14,Colorado St.,New Mexico,7.5,17,17,0,8.77,0.7,6.41,-6.95,4.6,3.92,11.51,1.0,0.32,2.5,5.55,0.9,11.22,6.02,6.65,11.25,-1.0,11.85,5.31,,16.41,4.32,7.18,,4.8,6.06,4.67,6.2,4.26,12.0,6.5,13.0,5.09,5.03,9.2,7.38,3.7,,8.2,7.5,12.44,6.1,0.75,0.91,,3.0,7.0,13,2.91,4.0,,7.5,10.0,14.2,4.21,4.48,17,0.4794517784,0.6565784629
2022,14,Duke,Wake Forest,-3.5,3,34,31,-2.08,-3.96,-4.62,0.86,0.88,-1.82,-0.78,-4.0,-1.83,-5.5,-2.82,-5.09,-7.67,0.51,-3.01,2.19,-3.0,-0.35,-5.14,,1.52,-2.6,-2.15,,-5.1,-2.71,-4.19,-4.41,-1.05,-4.0,-4.0,0.01,-5.78,-10.76,-7.4,-2.31,-4.4,,-5.0,-3.5,0.67,4.1,2.4,-1.05,,-1.0,-7.0,-2,-1.08,-3.4,,-3.0,-12.0,-6.83,-1.0,3.17,65,0.5120745474,0.4262417593
2022,14,Eastern Mich.,Central Mich.,-2.0,19,38,19,2.35,4.51,-1.59,4.85,2.05,3.32,2.97,4.0,-2.15,8.5,-0.28,8.1,-3.89,6.88,2.25,5.61,1.0,5.05,0.6,,5.06,9.17,1.62,,-2.5,2.18,2.31,3.43,0.58,2.0,1.0,6.0,8.13,3.01,-2.3,-0.22,-1.8,,-1.4,-1.0,0.15,5.45,-23.41,1.01,,-1.0,-0.6,2,-0.12,1.0,,-2.0,-2.0,4.45,0.43,3.4,57,0.6032589418,0.555115121
2022,14,Florida Atlantic,Western Kentucky,-7.5,-1,31,32,-3.91,-4.47,-6.21,-5.6,-2.98,-8.04,-4.35,-4.0,-7.14,-5.0,-4.64,-3.02,-9.06,-2.74,-6.41,-1.47,-8.0,-8.95,-5.83,,-7.47,-6.52,-5.98,,-11.9,-6.23,-6.5,-2.81,-5.69,-9.0,-7.0,-7.0,-6.25,-3.68,-8.5,-10.34,-6.6,,-5.7,-7.5,-10.81,-9.8,-11.31,-0.53,,-8.0,-6.7,-6,-5.63,-4.3,,-7.5,-11.0,-11.22,-6.95,2.46,63,0.5270497042,0.3449316189
2022,14,Florida Intl.,Middle Tenn.,-19.5,-5,28,33,-16.42,-10.98,-16.07,-14.7,-13.67,-23.18,-18.07,-11.0,-21.07,-12.0,-18.14,-5.56,-17.8,-7.69,-16.18,-8.28,-12.0,-25.45,-13.73,,-15.02,-5.18,-13.47,,-20.1,-17.11,-18.31,-12.4,-17.93,-24.0,-19.5,-15.0,-7.92,-20.23,-22.0,-19.99,-19.9,,-19.5,-19.5,-22.43,-8.7,-17.28,-0.98,,-18.0,-20.5,-28,-18.99,-13.7,,-20.0,-8.5,-18.97,-20.11,5.49,61,0.5783461923,0.1676943714
2022,14,Florida St.,Florida,9.5,7,45,38,7.9,10.28,3.16,23.66,8.45,16.17,10.09,13.0,12.83,12.5,7.0,8.92,8.18,7.61,10.51,8.82,9.0,13.45,7.38,,11.07,9.61,9.55,,10.0,10.0,7.99,5.05,10.25,11.0,9.5,10.0,11.29,14.29,10.9,9.87,9.7,,9.8,9.5,15.8,12.45,-16.14,0.6,,11.0,11.1,18,9.22,5.1,,9.5,10.0,12.39,9.73,3.6,83,0.5247366872,0.7407441988
2022,14,Fresno St.,Wyoming,15.0,30,30,0,8.59,6.74,7.58,9.94,9.33,9.48,8.59,7.0,12.03,6.5,9.46,3.9,11.44,6.78,9.83,8.19,6.0,9.65,13.16,,6.87,2.85,9.32,,9.3,9.54,8.88,7.5,12.3,12.0,14.5,11.0,9.15,12.08,14.5,10.8,11.9,,13.2,13.5,15.2,10.2,22.3,0.55,,7.0,15.2,11,10.62,9.6,,15.0,12.0,8.55,11.14,2.85,30,0.3742736028,0.7289000246
2022,14,Georgia,Georgia Tech,36.0,23,37,14,34.04,32.57,36.88,51.84,35.27,36.05,33.78,27.0,39.81,37.0,33.76,28.69,42.79,18.79,37.57,33.45,27.0,40.65,38.44,,44.44,29.44,36.72,,44.4,38.37,38.39,34.75,37.01,39.0,35.0,37.0,30.67,38.8,42.3,44.39,39.9,,39.4,36.0,42.63,34.3,46.64,13.91,,43.0,40.0,41,42.3,33.0,,36.0,29.0,45.98,44.34,6.06,51,0.5368118782,0.9864906131
2022,14,Georgia Southern,Appalachian St.,-6.0,3,51,48,-4.67,-2.63,-5.09,-3.6,-1.95,-2.63,-4.09,-2.0,-4.1,-4.0,-5.61,-1.84,-5.05,-2.38,-3.84,-0.81,-5.0,-1.15,-8.5,,3.95,2.74,-2.88,,-7.7,-4.05,-3.42,-5.42,-4.52,-5.0,-3.5,-2.0,-4.01,-6.2,-5.9,-4.45,-5.9,,-6.1,-6.0,-4.44,-2.15,26.66,-0.48,,-5.0,-5.1,-3,-3.07,-5.9,,-5.0,-12.5,-1.91,-1.06,2.77,99,0.5533158498,0.4058244908
2022,14,Houston,Tulsa,12.5,-7,30,37,11.8,16.07,8.91,7.73,10.87,9.69,11.41,18.0,15.8,23.0,10.78,16.22,9.35,12.92,14.13,17.0,10.0,17.05,11.34,,20.04,11.24,14.47,,13.5,13.93,12.44,13.43,13.68,15.0,11.5,19.0,21.51,15.3,15.3,15.32,14.1,,14.8,12.5,16.86,13.0,1.38,2.96,,10.0,14.7,17,12.69,13.5,,12.0,10.5,14.57,13.75,3.32,67,0.5400274365,0.8081857509
2022,14,Indiana,Purdue,-10.5,-14,16,30,-6.6,-6.48,-6.31,-22.3,-4.18,-7.45,-6.72,-7.0,-8.55,-8.5,-6.72,-5.37,-8.92,-4.53,-7.64,-3.11,-9.0,-8.65,-8.45,,-4.77,-1.3,-5.55,,-7.2,-7.1,-8.18,-6.68,-7.84,-6.0,-11.0,-6.0,-9.24,-11.79,-12.1,-6.63,-8.1,,-12.1,-9.5,-10.91,-8.8,-10.71,-1.07,,-8.0,-12.1,-10,-6.94,-7.6,,-10.5,-8.5,-6.02,-6.39,3.34,46,0.5699751316,0.3188259967
2022,14,Iowa,Nebraska,11.0,-7,17,24,14.34,17.08,12.75,21.51,14.02,13.01,13.92,11.0,14.54,17.5,13.16,18.44,15.48,15.03,16.1,17.68,8.0,16.15,14.73,,17.4,14.29,16.68,,16.8,16.0,14.88,16.07,13.48,16.0,10.0,16.0,26.03,20.9,16.1,17.84,13.1,,15.6,12.5,19.02,16.35,21.25,2.64,,16.0,16.1,18,15.61,15.0,,11.0,12.5,17.28,15.81,2.85,41,0.6240835726,0.8409268065
2022,14,James Madison,Coastal Carolina,14.5,40,47,7,3.57,0.64,3.08,9.16,4.62,9.76,3.77,2.0,12.54,-2.0,5.61,-5.77,1.32,1.16,5.22,3.44,2.0,10.65,8.48,,,-3.57,4.67,,1.5,4.83,4.83,0.7,4.61,7.0,14.0,3.0,-1.6,6.78,7.5,8.07,8.3,,6.0,13.0,22.65,6.9,6.22,-0.96,,7.0,5.8,14,8.57,9.7,,14.5,-2.0,0.31,9.14,5.14,54,0.2890340487,0.6228093243
2022,14,Kansas St.,Kansas,11.5,20,47,27,15.45,12.05,17.3,16.32,11.89,16.59,17.89,14.0,15.44,17.5,11.96,10.21,18.31,10.48,16.6,15.0,10.0,26.25,11.81,,28.74,10.3,13.67,,15.1,15.75,14.92,13.26,15.05,22.0,12.0,18.0,15.0,19.5,20.0,16.19,15.5,,18.6,12.5,24.01,13.35,19.57,1.04,,16.0,18.3,25,14.25,14.5,,11.5,15.0,21.87,16.15,4.22,74,0.6218952269,0.8438778051
2022,14,Kentucky,Louisville,3.0,13,26,13,-1.77,-3.26,0.98,-5.03,-2.97,-0.51,-2.42,-3.0,-7.17,-3.0,-2.57,-1.16,3.23,-0.23,-2.04,0.17,-3.0,-1.25,0.13,,1.86,2.07,-2.16,,-4.8,-2.57,-1.24,-0.01,-2.07,-2.0,4.0,-1.0,-2.57,-2.79,-3.4,-3.0,-2.8,,-3.9,2.0,-7.32,-3.25,0.92,0.36,,-7.0,-4.4,-3,-3.53,2.3,,2.5,6.5,-5.85,-2.77,2.75,39,0.3771985963,0.4496172611
2022,14,Liberty,New Mexico St.,24.5,-35,14,49,20.08,20.45,22.58,21.11,19.49,19.82,16.6,18.0,22.56,24.0,22.7,19.31,26.0,16.59,23.3,20.67,12.0,22.45,27.59,,27.19,17.03,24.86,,27.5,23.61,23.43,24.43,25.73,23.0,24.0,25.0,26.02,23.27,28.5,29.06,24.8,,26.3,24.5,28.08,23.5,28.92,3.6,,23.0,27.5,25,23.96,25.0,,24.0,17.5,21.0,24.83,3.73,63,0.4706679853,0.9234818659
2022,14,Louisiana Tech,UAB,-18.0,-10,27,37,-11.78,-9.25,-11.05,-10.92,-11.28,-16.78,-12.3,-10.0,-15.75,-9.5,-12.86,-5.74,-11.76,-7.0,-12.84,-8.01,-11.0,-16.25,-13.53,,-15.91,-7.01,-11.08,,-17.0,-12.48,-11.21,-10.06,-11.24,-13.0,-17.0,-13.0,-9.75,-12.63,-17.8,-15.45,-15.1,,-15.2,-17.0,-17.24,-14.8,-2.99,-0.96,,-20.0,-16.2,-13,-13.95,-11.0,,-17.5,-12.0,-19.93,-15.18,3.33,64,0.624810137,0.214283129
2022,14,Louisiana-Monroe,Southern Miss.,-3.0,-10,10,20,-5.09,-2.81,-0.25,-3.67,-2.89,-7.94,-4.86,-2.0,-4.95,-2.5,-6.48,-1.65,-2.03,-1.78,-2.76,-0.52,-7.0,-3.45,-2.82,,-1.2,1.56,-2.24,,-6.4,-2.66,-3.42,-4.55,-3.67,3.0,-2.5,-4.0,-2.0,-1.87,-2.5,-3.56,-5.4,,-2.0,-3.0,-2.82,-1.7,-4.02,-0.39,,-7.0,-1.8,1,-4.44,-3.2,,-3.0,2.0,-1.67,-5.36,2.42,30,0.5059622803,0.4317673375
2022,14,Marshall,Georgia St.,6.5,5,28,23,6.72,10.84,4.17,18.81,8.41,7.94,5.65,12.0,8.46,15.0,7.06,12.12,4.15,10.19,7.55,7.59,7.0,3.85,8.93,,7.0,10.74,8.76,,5.3,7.97,8.87,8.15,7.67,7.0,6.5,6.0,15.9,0.39,2.6,8.52,8.4,,4.0,6.5,7.9,2.0,-19.25,1.52,,4.0,3.1,4,8.15,8.4,,6.0,-1.0,8.73,8.21,3.74,51,0.5256653528,0.6782848615
2022,14,Maryland,Rutgers,14.0,37,37,0,13.97,13.24,13.59,21.26,15.28,15.65,13.58,13.0,15.73,15.5,14.82,11.91,12.81,12.9,15.66,11.87,9.0,18.65,17.48,,17.98,8.76,16.25,,15.3,15.55,14.02,13.62,17.17,18.0,14.0,14.0,20.29,17.08,17.2,19.19,15.1,,16.3,14.0,18.37,20.75,18.71,1.74,,14.0,15.6,17,18.29,16.5,,14.5,13.0,12.4,17.67,2.94,37,0.5409484257,0.8339788766
2022,14,Massachusetts,Army,-20.0,-37,7,44,-19.1,-16.52,-22.15,-10.53,-14.99,-19.44,-18.47,-16.0,-18.25,-17.5,-19.91,-15.59,-23.4,-11.41,-18.01,-14.6,-14.0,-20.65,-16.56,,-21.28,-11.75,-15.09,,-23.3,-18.78,-19.1,-20.59,-17.53,-18.0,-19.0,-19.0,-10.85,-18.86,-21.8,-17.79,-19.3,,-19.5,-20.0,-16.48,-6.75,-10.65,-19.98,,-23.0,-20.0,-23,-18.69,-24.0,,-20.0,-11.0,-27.24,-18.99,4.16,51,0.5482582925,0.136221765
2022,14,Miami (Fla.),Pittsburgh,-6.5,-26,16,42,-5.14,-5.67,-5.35,-4.34,-6.22,-6.42,-5.78,-4.0,-6.18,-6.5,-4.94,-5.4,-10.35,-4.78,-6.49,-3.77,-6.0,-9.25,-4.69,,-8.71,-3.39,-7.72,,-10.9,-5.89,-6.26,-4.4,-1.8,-5.0,-5.5,-8.0,-8.75,-7.79,-4.8,-10.2,-4.2,,-5.1,-6.5,-10.03,-5.2,-22.19,-0.97,,-13.0,-5.1,-6,-8.6,-7.2,,-7.0,-5.0,-8.13,-8.19,2.3,58,0.5002487226,0.3428775675
2022,14,Miami (Ohio),Ball St.,2.0,1,18,17,2.88,0.74,5.18,4.35,2.45,5.52,1.87,1.0,2.19,1.0,3.43,-0.01,4.68,2.71,3.67,3.74,-1.0,4.15,6.51,,3.23,1.48,4.56,1.0,1.7,3.74,3.36,4.02,4.24,7.0,3.0,2.0,3.03,7.04,5.7,4.78,4.4,,5.7,2.0,1.62,6.2,-13.05,0.05,,2.0,5.3,7,0.92,6.9,,2.0,5.0,1.29,2.52,2.07,35,0.5415406498,0.5906607548
2022,14,Mississippi,Mississippi St.,2.0,-2,22,24,2.18,3.68,3.82,-1.24,1.81,5.3,1.67,5.0,1.34,6.0,2.18,4.93,2.81,3.28,2.38,0.44,2.0,-0.35,2.58,,0.43,6.85,1.25,4.0,-1.7,2.08,4.13,2.9,4.14,5.0,3.0,-1.0,4.7,0.18,0.01,0.01,1.4,,0.01,2.0,5.2,3.9,10.94,0.35,,-2.0,0.01,2,0.75,1.6,,2.0,11.0,1.47,0.78,2.53,46,0.5094297481,0.5588504202
2022,14,Missouri,Arkansas,-3.0,2,29,27,-6.75,-3.01,-4.47,1.62,-1.61,-7.06,-8.15,-2.0,-2.03,-1.5,-5.12,-3.55,-4.46,-0.7,-4.25,-1.34,-3.0,-10.55,-3.14,,-6.59,-3.44,-2.33,,-5.8,-3.55,-3.54,-6.05,-2.0,-6.0,-4.0,-7.0,-5.8,-6.98,-9.5,-3.37,-4.3,,-7.1,-3.0,-1.62,-0.3,3.12,-0.31,,-5.0,-8.4,-8,-2.24,-3.4,,-3.0,-1.5,-8.04,-3.02,2.71,56,0.4690645498,0.3959233748
2022,14,North Carolina,NC St.,6.5,-3,27,30,2.86,4.81,2.34,-1.4,2.95,4.05,4.06,4.0,0.99,7.0,0.11,6.88,5.85,4.82,3.12,4.05,1.0,5.05,2.51,,2.37,4.65,3.02,,-0.8,2.99,2.46,2.27,3.87,4.0,6.5,2.0,7.91,-0.12,0.01,1.74,0.9,,0.7,5.5,6.53,5.45,18.45,0.46,,2.0,-0.01,5,1.2,7.1,,6.0,1.5,3.61,0.73,2.24,57,0.4165125101,0.5771494085
2022,14,North Texas,Rice,14.0,4,21,17,13.0,8.15,9.64,10.66,11.75,14.63,14.98,10.0,15.31,10.0,11.39,4.3,12.75,9.45,13.76,14.57,6.0,20.25,12.89,,28.48,1.21,11.74,,12.8,13.63,9.99,10.4,15.86,17.0,13.5,20.0,11.2,14.47,16.6,15.17,13.5,,15.2,14.0,19.34,13.75,13.1,0.45,,16.0,15.2,22,13.3,8.8,,14.0,13.5,17.66,14.68,4.96,38,0.4942433782,0.7959755835
2022,14,Northern Ill.,Akron,10.0,-32,12,44,12.75,10.67,12.76,13.98,8.05,14.08,11.71,14.0,13.33,15.0,12.92,9.24,13.34,10.9,13.06,10.01,7.0,15.35,14.35,,12.93,9.19,11.51,,9.8,13.13,12.76,14.38,11.59,18.0,11.5,11.0,7.75,17.02,18.3,14.06,15.2,,17.7,10.5,11.67,15.3,1.29,11.05,,7.0,17.9,15,10.47,15.5,,10.0,15.5,12.5,12.07,2.86,56,0.5752308899,0.7909342977
2022,14,Northwestern,Illinois,-15.0,-38,3,41,-11.77,-19.12,-10.94,-34.74,-13.7,-19.83,-11.93,-13.0,-15.07,-18.0,-10.87,-21.3,-15.37,-11.93,-14.68,-9.85,-16.0,-18.25,-11.98,,-13.54,-12.28,-12.48,,-16.8,-13.57,-15.31,-12.7,-12.74,-12.0,-13.0,-11.0,-24.27,-11.83,-13.9,-14.08,-13.4,,-13.4,-15.0,-14.04,-11.85,-27.79,-2.21,,-18.0,-13.6,-15,-17.05,-15.5,,-14.5,-9.5,-18.43,-16.91,4.47,44,0.507740874,0.1866816323
2022,14,Ohio,Bowling Green,7.0,24,38,14,13.1,10.21,13.03,12.62,11.05,11.76,14.66,12.0,13.54,11.5,11.18,8.41,10.66,10.74,11.81,13.41,9.0,16.55,9.35,,13.74,7.52,10.56,9.0,9.0,11.5,10.65,11.86,12.1,17.0,7.5,11.0,13.44,9.32,10.9,12.84,10.7,,11.4,8.5,17.69,10.9,7.67,0.4,,13.0,9.0,15,12.84,7.8,,7.0,6.5,9.28,13.23,2.58,52,0.6175635747,0.7686326906
2022,14,Ohio St.,Michigan,7.5,-22,23,45,7.72,5.76,6.19,6.83,8.14,6.57,6.68,4.0,9.8,7.5,8.78,3.59,7.47,4.48,8.04,8.7,1.0,7.75,11.55,,8.98,4.75,7.96,,4.9,8.07,7.12,8.54,7.96,11.0,8.0,8.0,4.11,9.13,9.0,9.06,10.2,,8.6,7.5,10.59,12.4,9.2,0.75,,8.0,8.9,13,9.04,10.3,,7.5,6.5,5.48,8.92,2.42,68,0.5134136843,0.6917107163
2022,14,Oklahoma St.,West Va.,8.0,-5,19,24,8.27,10.59,8.4,12.21,5.78,8.83,7.0,13.0,6.92,15.5,7.35,12.58,10.64,10.8,8.82,8.54,8.0,6.15,7.28,,1.93,8.8,8.42,,7.1,8.34,7.74,11.65,7.69,11.0,9.0,3.0,16.64,12.74,9.0,7.5,8.0,,8.2,8.0,5.34,7.9,22.29,1.45,,7.0,9.0,11,5.72,7.0,,8.0,14.0,9.56,5.62,2.87,43,0.5202701371,0.7077245584
2022,14,Oregon St.,Oregon,-2.5,4,38,34,-2.36,-3.14,-0.64,4.18,0.84,-3.82,-1.3,-1.0,-1.76,-2.5,-3.15,-3.88,1.81,-0.52,-1.31,-0.65,-4.0,-0.15,-2.89,,-0.29,-2.77,-1.68,,-6.1,-1.49,-1.23,-3.61,-2.55,1.0,-3.0,1.0,0.12,-0.65,-1.2,-1.96,-2.6,,-2.0,-2.5,-2.34,3.35,0.81,-0.92,,-1.0,-2.0,5,0.12,-3.6,,-3.0,-4.5,-4.95,-0.13,2.23,72,0.5295888086,0.4674337784
2022,14,Penn St.,Michigan St.,19.0,19,35,16,19.17,19.72,16.38,34.44,19.01,24.58,20.87,20.0,22.7,24.5,17.53,18.12,18.67,15.69,20.07,20.17,14.0,24.15,17.1,,24.57,15.07,19.13,,19.7,19.86,17.01,17.5,17.07,23.0,17.5,16.0,22.43,12.5,19.7,21.82,18.2,,18.9,19.0,28.38,20.5,14.91,11.42,,24.0,17.7,24,21.49,24.0,,18.5,2.5,20.48,21.05,4.69,51,0.5257723962,0.8873549641
2022,14,SMU,Memphis,4.5,3,34,31,0.28,3.19,1.99,2.75,0.17,4.94,-0.93,5.0,-0.32,7.0,0.34,5.07,7.46,2.23,2.86,4.75,-1.0,-2.05,4.58,,4.24,6.0,4.23,,0.6,2.56,2.36,2.37,1.89,1.0,5.0,1.0,5.99,4.21,5.2,3.63,1.9,,3.9,4.5,-0.7,2.1,6.87,0.74,,2.0,4.8,2,0.3,3.9,,4.0,6.0,6.11,-0.8,2.39,65,0.459315673,0.5706987496
2022,14,San Diego St.,Air Force,-2.0,-10,3,13,-3.1,-0.33,-5.93,-10.5,-5.88,-5.74,-2.48,-2.0,-4.29,-1.0,-5.26,1.8,-4.79,-2.6,-3.71,-0.92,-7.0,-0.75,-2.67,,-4.18,1.67,-3.48,,-10.6,-3.64,-4.32,-2.45,-3.96,-1.0,-1.0,-1.0,-2.38,-3.9,-3.8,-6.39,-4.8,,-3.9,-2.0,-5.03,-4.0,-10.31,0.17,,-11.0,-3.8,-2,-7.96,-2.8,,-2.0,-0.5,-3.38,-7.16,2.91,16,0.4578091428,0.4090931507
2022,14,San Jose St.,Hawaii,15.5,13,27,14,14.03,17.01,13.65,23.02,16.82,20.86,10.7,18.0,19.53,18.5,17.61,15.65,17.55,14.09,17.24,12.21,14.0,14.55,24.28,,10.29,13.67,19.96,,20.8,17.88,17.33,16.9,21.12,14.0,14.0,9.0,18.66,18.86,20.2,23.54,19.8,,20.2,15.5,17.76,20.0,32.53,2.21,,16.0,21.1,20,20.44,23.5,,15.5,6.0,6.29,20.01,4.3,41,0.5421273007,0.8527306331
2022,14,South Alabama,Old Dominion,15.5,7,27,20,14.68,19.36,12.88,24.64,15.83,19.83,16.54,18.0,16.33,24.0,12.24,21.0,12.77,16.07,16.3,18.49,16.0,20.95,13.74,,22.22,15.91,15.48,,14.3,15.74,14.08,13.05,14.85,16.0,17.0,18.0,27.38,11.44,12.7,15.16,12.3,,11.6,15.5,20.37,14.95,0.41,2.47,,18.0,10.8,16,15.34,13.6,,15.5,6.0,22.54,15.65,4.0,47,0.5194890476,0.8403145772
2022,14,South Florida,Central Florida,-19.5,-7,39,46,-19.43,-24.38,-16.74,-29.07,-17.2,-19.97,-18.69,-25.0,-23.3,-28.5,-19.4,-24.96,-18.72,-12.02,-20.14,-15.95,-22.0,-19.85,-18.97,,-14.72,-14.56,-20.04,,-28.9,-19.76,-20.91,-21.51,-17.84,-16.0,-17.0,-18.0,-28.37,-15.55,-16.9,-23.32,-20.5,,-16.8,-19.5,-24.64,-19.7,-23.89,-22.28,,-25.0,-15.2,-16,-21.61,-23.0,,-19.5,-13.0,-19.81,-22.62,4.23,85,0.4844626403,0.1101173904
2022,14,Stanford,BYU,-6.0,-9,26,35,-2.17,-3.64,-4.51,-4.54,-1.53,-6.5,-2.54,-4.0,-2.35,-5.0,-1.77,-4.33,-5.31,-3.81,-4.25,-2.84,-8.0,-3.55,-5.94,,-7.87,-5.41,-2.68,,-7.6,-3.88,-1.51,-2.18,-1.05,-5.0,-5.5,-4.0,-5.84,-6.19,-3.7,-3.95,-4.3,,-3.3,-5.5,-1.35,-6.65,-3.77,0.02,,-2.0,-2.7,-7,-2.43,-4.2,,-7.0,-11.5,-11.72,-1.77,2.37,61,0.5434098702,0.3955885657
2022,14,TCU,Iowa St.,10.0,48,62,14,9.54,23.5,3.64,14.9,7.75,13.7,9.77,17.0,11.5,28.5,5.05,29.97,7.14,11.35,12.83,14.48,15.0,13.35,7.7,,19.59,26.93,13.01,,9.1,12.02,10.12,13.23,8.61,10.0,11.0,16.0,21.11,11.77,13.7,10.32,9.4,,13.1,10.0,10.36,12.5,8.6,13.4,,11.0,13.7,15,8.93,14.0,,10.0,-1.5,15.38,9.34,6.39,76,0.5656695988,0.7732732578
2022,14,Temple,East Carolina,-9.5,-3,46,49,-10.8,-13.05,-11.36,-14.54,-10.57,-14.62,-9.32,-11.0,-12.03,-15.5,-12.71,-13.6,-13.22,-8.61,-11.83,-6.7,-11.0,-6.85,-15.58,,-10.08,-7.3,-10.84,,-15.6,-12.15,-13.35,-12.26,-11.16,-11.0,-13.0,-10.0,-15.55,-13.2,-16.7,-12.53,-13.5,,-13.6,-10.0,-9.21,-5.05,-1.36,-11.87,,-13.0,-15.2,-10,-13.62,-17.0,,-10.5,-9.0,-10.48,-13.53,2.85,95,0.4425678448,0.2316359177
2022,14,Texas,Baylor,8.5,11,38,27,7.73,10.88,7.86,12.43,11.3,10.23,7.58,12.0,13.87,14.5,7.27,9.27,9.73,9.52,10.52,9.68,5.0,13.85,11.46,,8.66,6.71,12.48,,15.2,11.09,8.77,8.12,12.71,10.0,7.5,8.0,11.32,6.12,6.1,15.24,11.5,,7.1,8.5,14.81,11.8,3.84,1.13,,13.0,6.9,15,13.52,11.8,,8.5,-1.0,7.27,14.74,3.38,65,0.5495221319,0.7415551013
2022,14,Texas A&M,LSU,-10.0,15,38,23,-11.02,-17.74,-6.66,-21.2,-11.04,-14.05,-13.02,-12.0,-14.52,-19.0,-8.04,-19.47,-7.21,-8.74,-11.7,-11.25,-14.0,-14.75,-5.9,,-17.83,-10.82,-13.27,,-17.7,-11.14,-10.24,-10.29,-8.66,-6.0,-8.5,-13.0,-18.62,-2.62,-9.6,-14.72,-9.1,,-8.9,-10.0,-14.56,-8.1,-8.45,-3.0,,-19.0,-9.5,-8,-14.43,-6.6,,-10.0,6.5,-16.23,-15.2,5.07,61,0.4593723766,0.2413073497
2022,14,Texas St.,Louisiana-Lafayette,-5.0,-28,13,41,-10.17,-4.09,-10.06,3.52,-5.36,0.18,-9.11,-3.0,-4.66,-5.0,-11.26,-3.8,-7.55,-4.15,-6.08,-4.04,-4.0,-4.45,-5.23,,-10.0,-3.33,-4.99,,-8.8,-6.28,-6.94,-11.61,-4.43,-7.0,-4.5,-8.0,-6.13,-6.27,-7.9,-6.82,-6.2,,-7.0,-5.0,-8.16,5.05,12.26,-0.79,,-5.0,-7.7,-7,-7.26,-4.4,,-5.0,-10.5,-10.96,-6.98,3.37,54,0.4734684915,0.3539518954
2022,14,Texas Tech,Oklahoma,-2.0,3,51,48,-2.61,3.92,-1.93,7.41,-0.99,6.37,-1.26,4.0,3.89,5.0,-3.46,3.93,-0.82,0.61,1.43,2.17,2.0,5.75,-1.07,,3.61,6.46,2.89,,-1.1,0.98,-0.11,-4.6,0.37,3.0,-2.5,5.0,3.64,1.16,0.8,2.94,0.4,,0.2,-1.5,4.41,-0.6,4.36,0.58,,1.0,0.3,7,0.96,-2.0,,-2.5,-8.0,-1.91,2.38,3.3,99,0.5837652597,0.5351376284
2022,14,Texas-San Antonio,UTEP,17.0,3,34,31,18.42,20.71,16.47,19.77,19.65,22.67,18.05,21.0,23.56,25.5,18.04,19.18,20.81,15.63,20.73,19.5,15.0,22.75,20.67,,23.44,19.96,21.01,,22.8,20.79,19.44,19.31,20.77,22.0,18.0,22.0,29.62,17.1,19.4,23.75,21.1,,17.9,18.0,23.94,13.2,39.87,2.64,,23.0,18.4,22,21.64,23.0,,17.0,13.5,25.2,22.48,3.14,65,0.591144368,0.8998994728
2022,14,UNLV,Nevada,12.5,5,27,22,9.33,12.36,4.21,11.32,9.49,13.34,10.52,14.0,13.85,15.0,8.55,11.56,3.29,11.55,9.39,9.9,8.0,10.75,11.41,,10.32,7.9,9.08,,8.2,9.87,7.14,7.44,9.85,8.0,13.0,13.0,9.22,8.06,9.0,10.29,10.9,,6.2,12.0,11.43,6.0,11.08,1.2,,10.0,8.4,10,10.79,8.3,,12.0,-3.0,8.02,11.28,3.12,49,0.423783832,0.7191697832
2022,14,USC,Notre Dame,4.5,11,38,27,1.91,7.37,-1.31,12.23,6.9,4.12,0.2,8.0,3.94,11.0,3.47,9.22,0.85,6.73,3.4,3.08,4.0,0.25,7.54,,-0.44,6.39,5.75,,3.4,3.87,4.15,3.39,5.45,-1.0,5.5,-2.0,6.0,-6.8,0.6,5.2,3.8,,1.1,4.5,4.86,9.7,-1.2,1.41,,1.0,-0.3,-1,6.38,4.8,,5.5,-4.5,-4.41,6.83,4.1,65,0.473255427,0.5821379784
2022,14,Vanderbilt,Tennessee,-14.0,-56,0,56,-20.87,-18.39,-14.53,-26.14,-20.27,-21.33,-21.46,-21.0,-24.96,-27.0,-22.24,-14.86,-24.99,-9.04,-20.49,-8.85,-20.0,-19.35,-23.6,,-16.94,-11.84,-19.9,,-26.9,-21.0,-21.15,-18.91,-22.29,-19.0,-15.0,-14.0,-17.96,-20.46,-23.1,-25.38,-25.1,,-21.0,-15.0,-24.19,-20.85,-48.12,-2.6,,-33.0,-21.7,-19,-23.43,-24.0,,-14.0,-15.0,-12.55,-25.79,5.0,56,0.3482911089,0.1091428626
2022,14,Washington St.,Washington,-1.5,-18,33,51,-1.16,-2.4,1.71,2.78,2.25,-2.72,-1.8,-1.0,-0.67,-4.5,-0.33,-3.35,3.1,0.69,0.06,3.13,-5.0,3.25,-1.17,,-0.25,-3.86,2.25,,-1.1,-0.5,1.08,-1.21,-0.88,5.0,-1.5,0.01,-1.27,0.41,-1.9,3.01,-1.1,,-1.9,-1.5,-0.01,-1.05,5.49,-0.52,,-2.0,-2.1,1,1.85,-3.4,,-2.5,5.5,-0.94,1.73,2.51,84,0.5386639032,0.5014894054
2022,14,Western Mich.,Toledo,-7.5,6,20,14,-5.77,-8.53,-2.88,-4.86,-8.01,-8.06,-5.07,-8.0,-10.34,-12.0,-6.66,-7.54,-9.8,-7.02,-6.8,-3.58,-11.0,-3.65,-10.28,,-2.58,0.35,-9.72,,-14.8,-6.84,-5.49,-6.64,-8.53,-1.0,-7.0,-2.0,-10.28,-3.74,-6.0,-11.72,-8.8,,-6.0,-7.5,-7.81,-4.85,-5.85,-0.84,,-11.0,-6.3,-1,-10.53,-10.8,,-7.5,-3.0,-2.3,-8.42,3.55,34,0.5171629479,0.3379558099
2022,14,Wisconsin,Minnesota,3.5,-7,16,23,0.66,0.41,0.76,-5.06,1.28,-2.65,-0.87,-1.0,-1.11,0.01,1.2,1.21,1.03,0.48,0.45,1.02,-5.0,-1.85,2.45,,-0.89,1.92,0.86,,-5.9,0.63,1.97,2.66,1.23,4.0,3.5,0.01,1.12,-0.76,0.01,0.3,0.6,,0.9,2.5,1.99,0.5,10.32,0.21,,-4.0,0.5,2,-0.01,3.6,,3.0,6.5,-2.18,0.55,2.3,39,0.4245963262,0.5111907452
2022,15,Boise St.,Fresno St.,3.0,-12,16,28,5.35,3.81,6.69,11.04,7.15,2.62,3.61,5.0,3.19,5.5,6.89,4.14,6.3,5.54,5.53,3.98,,3.65,5.74,,5.38,5.88,4.56,6.0,1.4,5.62,5.33,6.51,6.88,6.0,4.0,3.0,7.86,8.39,5.8,4.08,4.9,,5.7,3.5,6.71,6.8,14.6,0.48,,4.0,5.9,8,5.25,6.8,,3.0,4.0,6.04,5.62,1.67,44,0.5629676726,0.6354938066
2022,15,Buffalo,Akron,12.0,1,23,22,12.95,12.37,14.17,16.16,12.11,16.21,11.68,16.0,12.72,17.0,13.65,12.18,16.78,12.76,12.81,10.38,,10.05,10.2,,11.16,7.29,14.29,14.0,13.3,13.3,14.84,14.53,14.53,15.0,13.5,9.0,14.26,7.67,13.9,14.92,13.7,,13.4,12.0,10.01,14.9,11.29,2.31,,10.0,12.3,11,12.84,12.4,,11.0,5.5,,13.84,2.64,45,0.5200713154,0.7869840637
2022,15,Georgia,LSU,17.5,20,50,30,11.41,14.13,14.9,17.15,10.89,10.76,9.73,17.0,13.69,26.0,12.63,14.37,19.75,13.55,14.83,14.25,7.0,11.6,14.03,,13.45,15.81,14.22,10.0,17.6,14.89,15.42,14.55,13.49,14.0,14.5,15.0,4.26,15.82,18.0,16.55,14.4,,17.0,17.0,16.96,13.3,31.4,11.64,,15.0,17.5,20,14.89,16.0,,17.5,16.5,17.46,15.01,3.37,80,0.434654571,0.8196110855
2022,15,Michigan,Purdue,16.5,21,43,22,17.42,20.37,15.2,19.74,15.03,20.37,18.77,23.0,20.24,26.0,14.78,20.44,17.97,15.68,19.01,19.22,,20.4,17.83,,22.9,19.93,17.06,16.0,23.3,19.0,17.68,17.49,17.84,19.0,15.5,21.0,12.55,17.78,17.3,21.11,18.6,,15.8,16.5,22.35,18.0,14.01,29.72,,22.0,15.6,20,19.11,24.5,,17.0,12.5,24.99,20.89,3.03,65,0.5617133554,0.880263921
2022,15,North Carolina,Clemson,-8.0,-29,10,39,-10.75,-7.12,-9.74,-13.22,-7.92,-8.92,-11.11,-10.0,-8.13,-11.5,-10.45,-6.58,-12.66,-4.16,-9.66,-9.92,-7.0,-13.4,-7.87,,-15.18,-10.1,-8.02,-5.0,-8.7,-9.92,-7.75,-10.31,-10.63,-10.0,-7.5,-14.0,-8.36,-10.0,-11.5,-9.9,-9.2,,-10.2,-8.0,-8.17,-7.1,-0.37,-1.15,,-11.0,-10.2,-7,-9.92,-5.3,,-7.5,-7.0,-15.5,-10.68,2.42,49,0.4588320452,0.2737278619
2022,15,Ohio,Toledo,-3.0,-10,7,17,4.16,5.5,0.76,-0.9,2.55,2.66,7.32,5.0,2.27,7.5,0.28,7.23,-1.02,7.95,3.74,9.84,,9.3,-3.28,,12.23,7.28,4.03,2.0,4.2,3.46,2.62,2.11,-1.54,4.0,-3.0,9.0,7.68,-1.78,2.4,3.46,-0.8,,2.3,-2.0,5.15,0.8,22.68,1.11,,7.0,0.7,10,2.26,-3.4,,-2.0,-8.0,13.39,3.33,4.29,24,0.6590483859,0.5899567929
2022,15,TCU,Kansas St.,2.0,-3,28,31,1.69,7.79,-1.2,3.34,-0.59,0.73,2.0,10.0,0.44,13.5,-0.47,11.76,-2.27,6.96,2.43,1.09,,1.2,1.11,,0.43,15.02,1.47,7.0,-0.01,1.33,1.58,3.56,1.33,0.01,2.5,1.0,1.9,-0.19,4.4,-0.19,0.3,,4.2,2.0,-0.21,2.2,8.84,11.17,,2.0,4.2,4,0.01,2.9,,2.5,-7.0,2.75,-0.1,4.44,59,0.5104050429,0.5585949804
2022,15,Texas-San Antonio,North Texas,8.5,21,48,27,9.29,12.48,8.03,14.19,8.12,12.23,9.03,16.0,10.19,17.5,7.99,13.72,10.96,9.28,11.18,8.14,,12.05,10.13,,9.11,16.35,10.94,14.0,9.2,10.71,10.71,10.84,9.06,12.0,8.0,9.0,18.16,12.89,10.4,10.85,10.5,,11.2,9.0,11.62,10.0,5.87,1.66,,,11.5,7,9.86,14.0,,9.0,10.5,,10.91,2.65,75,0.5661293001,0.7563769038
2022,15,Troy St.,Coastal Carolina,8.5,19,45,26,7.84,7.33,4.18,4.87,6.14,13.21,9.9,8.0,11.39,11.5,5.76,5.13,2.8,7.28,8.4,10.12,,16.55,4.78,,15.57,4.95,8.01,8.0,6.1,8.7,5.5,5.27,8.86,10.0,9.0,11.0,9.82,11.55,9.4,9.63,7.5,,8.8,8.5,12.1,7.7,5.13,0.86,,9.0,8.7,15,8.79,7.0,,8.5,-6.5,8.04,9.89,3.77,71,0.4975550466,0.6966552589
2022,15,Tulane,Central Florida,3.5,17,45,28,3.19,5.72,-0.16,3.37,3.84,4.95,5.03,6.0,3.84,8.5,-0.01,6.75,1.59,6.33,4.47,7.37,,9.85,1.81,,10.9,5.94,3.25,6.0,1.5,4.09,2.62,1.99,3.2,6.0,2.5,9.0,7.12,1.61,5.0,1.93,1.4,,4.0,3.5,4.09,2.65,4.59,0.82,,3.0,4.7,10,3.69,5.0,,4.0,-2.5,8.88,4.58,2.87,73,0.523973091,0.60914218
2022,15,USC,Utah,2.5,-23,24,47,-1.94,3.77,-4.54,-3.3,-0.97,-2.77,-3.25,4.0,-3.09,8.0,-2.56,7.45,-2.24,4.81,-1.41,0.5,,-3.5,-1.24,,-1.38,4.4,-0.46,3.0,-1.3,-2.2,-1.84,1.13,-3.88,-8.0,1.0,2.0,1.75,-10.48,-4.0,-1.7,-2.2,,-3.1,1.5,-6.63,-0.2,7.63,0.96,,-3.0,-4.1,-4,-2.34,2.2,,2.5,-12.0,0.83,-2.65,4.01,71,0.405634,0.4656890224
2022,16,Army,Navy,-2.5,3,20,17,-0.62,0.01,-1.34,0.11,-1.59,1.21,0.1,1.0,-1.74,1.0,-0.83,1.05,-2.63,-0.18,-1.11,-3.73,2.0,-2.3,-1.53,,-1.28,1.12,-4.46,-1.0,-4.0,-1.0,0.17,-1.67,0.41,-2.0,0.0,-2.0,-1.35,3.94,1.1,-6.41,-0.9,,1.1,-2.5,-7.5,-2.85,-9.67,-0.97,,-2.0,0.3,-1,-5.47,-1.6,,-2.5,8.0,1.19,-4.53,2.61,37,0.5344262555,0.4724961447
2022,19,Alabama,Kansas St.,6.5,25,45,20,5.4,0.6,8.69,7.58,3.47,2.0,3.63,2.0,0.12,1.5,7.16,0.86,8.82,4.41,4.6,-0.11,,-3.5,11.5,,0.37,1.77,,,6.7,4.9,6.68,7.78,8.41,6.0,6.0,4.0,0.98,7.62,7.3,5.16,8.7,,6.6,6.5,-0.54,8.15,9.23,0.59,,3.0,6.5,-2,3.23,6.8,,3.0,9.5,4.64,3.65,3.51,65,0.4534853493,0.611382881
2022,19,Arkansas,Kansas,3.0,2,55,53,6.17,-0.85,5.21,-2.1,0.45,2.64,8.61,-1.0,-3.71,-0.5,2.39,0.7,8.97,4.18,4.51,4.12,,11.0,5.88,,10.76,-0.79,,,6.2,4.15,3.55,4.67,2.83,10.0,4.5,9.0,3.1,9.4,10.6,1.2,3.0,,8.9,3.0,0.65,4.05,1.95,0.24,,1.0,8.7,9,-0.97,4.7,,3.0,7.5,13.78,-0.13,4.26,108,0.5365974709,0.608103369
2022,19,Baylor,Air Force,4.0,-15,15,30,8.78,5.48,10.95,-6.52,5.65,10.39,8.19,1.0,15.6,0.5,10.21,0.04,8.29,5.22,7.86,9.74,,10.6,8.48,,14.59,-0.89,,,5.3,9.19,9.6,8.65,6.84,10.0,7.0,11.0,5.14,12.95,11.4,11.65,11.5,,11.7,4.5,14.05,-5.2,5.96,1.11,,13.0,12.8,13,9.96,6.7,,5.5,2.0,6.21,11.21,5.18,45,0.5914047389,0.6810739339
2022,19,Bowling Green,New Mexico St.,3.5,-5,19,24,1.08,1.46,-0.94,-6.87,2.66,3.42,-1.02,2.0,-6.16,4.5,2.45,5.56,2.79,4.3,1.25,-0.32,,-2.1,5.54,,4.32,5.51,,,6.8,1.5,3.72,3.94,0.62,-5.0,2.5,-2.0,4.89,0.16,5.7,4.53,1.5,,3.4,3.5,-2.4,2.45,-2.23,1.79,,-2.0,5.3,-4,-0.64,1.4,,3.5,-2.5,,-2.06,3.48,43,0.4449431946,0.5306546316
2022,19,Buffalo,Georgia Southern,-6.0,2,23,21,-1.42,-4.77,-1.92,-0.14,-2.04,-8.94,-1.81,-5.0,-6.56,-3.0,-2.06,-3.81,0.66,1.37,-2.32,-1.89,,-4.3,-0.09,,-1.0,-2.35,,,-1.0,-2.05,-2.24,-0.01,-2.49,-5.0,-3.0,-6.0,-2.84,-1.47,-1.8,-0.18,-3.8,,-0.4,-5.0,-0.65,5.85,-0.73,-0.04,,-4.0,-1.7,-3,-2.89,-2.6,,-3.5,0.01,-8.73,-3.79,2.58,44,0.5904926098,0.4426510348
2022,19,Cincinnati,Louisville,-2.0,-17,7,24,-2.61,-0.71,-0.03,-3.46,-4.21,2.05,-3.34,-1.0,-4.49,0.5,-3.23,1.33,-0.66,2.96,-1.74,-1.67,,-1.2,-2.85,,-0.97,4.23,,,-5.0,-1.97,-2.46,-0.41,-1.85,1.0,-2.5,-2.0,-1.1,-4.9,-4.7,-5.2,-3.6,,-5.5,-2.0,-4.37,1.1,8.03,-0.25,,-4.0,-4.8,-5,-3.8,0.2,,-2.0,10.0,-1.72,-3.67,3.1,31,0.5064128173,0.4571642478
2022,19,Coastal Carolina,East Carolina,-7.5,-24,29,53,-5.04,0.5,-3.98,-4.9,-6.08,-4.99,-6.13,0.25,-8.6,5.0,-5.69,5.4,-1.59,0.88,-4.59,-4.89,,-6.7,-6.75,,-9.36,2.19,,,-6.6,-5.39,-2.92,-1.97,-5.09,-6.0,-9.5,-4.0,1.03,-11.8,-8.5,-7.99,-6.9,,-7.9,-7.5,-9.76,1.3,-10.84,0.26,,-8.0,-9.1,-8,-8.99,-7.5,,-8.0,2.0,-2.88,-10.29,4.27,82,0.5702513592,0.3900426511
2022,19,Duke,Central Florida,3.5,17,30,13,-0.92,-4.34,-6.42,-6.16,-2.33,-0.07,2.24,-5.0,-5.09,-7.0,-4.35,-3.94,-5.52,1.21,-2.7,-0.55,,2.1,-4.41,,3.94,-1.98,,,-4.1,-3.38,-3.01,-4.4,-2.45,-5.0,-2.5,6.0,-5.55,-4.74,-0.5,-3.46,-6.7,,1.5,2.5,-6.09,-1.75,4.13,-0.34,,-2.0,0.1,1,-3.3,-2.9,,2.5,-12.0,4.71,-3.89,3.54,43,0.3515226851,0.4340737474
2022,19,Florida St.,Oklahoma,10.0,3,35,32,1.67,8.02,-4.52,15.45,2.46,9.91,4.77,10.0,5.45,12.5,-0.97,9.41,4.49,6.56,6.1,1.98,,9.5,4.18,,9.75,4.54,,,10.2,6.05,2.75,-1.28,5.17,3.0,7.0,9.0,8.23,5.54,11.2,6.8,4.1,,11.6,9.5,7.09,6.7,-3.29,1.18,,7.0,10.9,14,4.12,4.8,,8.0,-5.0,7.69,4.36,4.65,67,0.4068091673,0.6438444443
2022,19,Georgia,Ohio St.,6.5,1,42,41,3.01,5.59,1.19,11.18,2.62,2.39,3.04,12.0,1.45,20.0,1.91,7.82,6.71,7.87,4.49,7.49,,2.0,-0.08,,6.38,8.66,,,6.7,3.9,2.68,4.2,2.79,0.01,7.0,5.0,0.88,-2.99,4.9,4.56,1.2,,4.3,6.0,3.5,1.8,13.84,-6.26,,5.0,3.9,9,3.53,3.0,,7.0,-1.5,7.27,2.4,3.95,83,0.45110639,0.608135611
2022,19,Illinois,Mississippi St.,-1.0,-9,10,19,-0.91,-3.56,-1.0,6.49,0.79,7.57,1.48,-0.25,0.9,-1.5,-1.88,-5.96,2.46,3.93,0.14,-1.89,,6.7,-2.5,,2.28,-4.86,,,-1.1,0.03,0.06,-4.29,-1.51,2.0,-1.0,-4.0,-3.01,-2.83,0.01,0.55,-2.3,,1.4,-1.0,3.89,2.65,2.13,-1.86,,2.0,-0.4,3,0.83,-0.8,,2.0,1.0,0.38,1.27,3.03,29,0.5281169981,0.5034557851
2022,19,Kentucky,Iowa,-2.0,-21,0,21,-0.47,3.55,-2.59,-0.65,-1.07,3.34,-0.42,1.0,0.25,2.0,-0.78,5.33,-3.45,2.39,-0.28,1.92,,-2.1,0.31,,2.26,1.8,,,0.01,-0.5,-1.32,-0.23,0.17,-3.0,2.5,3.0,3.66,-3.87,-2.0,-0.27,0.2,,-3.1,-2.0,-3.06,-3.0,-2.62,1.6,,2.0,-4.3,-2,-0.99,-2.0,,-1.5,-1.0,-0.53,-1.62,2.28,21,0.5427040637,0.4930352001
2022,19,LSU,Purdue,14.5,56,63,7,7.85,7.85,4.01,7.73,7.36,6.47,7.66,7.0,7.71,9.0,8.38,7.91,4.61,8.61,6.63,5.67,,3.8,7.15,,7.34,6.87,,,11.0,7.25,4.82,7.75,6.72,4.0,6.5,6.0,8.64,-0.42,5.2,9.87,8.1,,3.8,13.0,7.41,7.0,4.57,1.8,,12.0,3.4,4,8.47,6.7,,14.0,-2.0,6.34,7.92,2.59,70,0.3123099215,0.6599098103
2022,19,Liberty,Toledo,-3.5,-2,19,21,-3.75,0.25,0.74,0.05,0.61,-6.83,-5.5,-0.25,-1.95,-0.5,-1.94,1.44,0.61,4.31,-0.98,-1.46,,-7.2,1.2,,-3.13,0.58,,,-0.1,-0.31,0.74,-1.97,0.04,-1.0,-3.5,-1.0,0.93,-3.23,0.8,0.01,-1.5,,1.0,-3.0,-4.12,3.0,2.19,0.38,,1.0,1.1,-7,-0.65,-3.3,,-5.0,2.0,-2.46,-0.37,2.54,40,0.5622814733,0.4756952479
2022,19,Louisiana-Lafayette,Houston,-7.5,-7,16,23,-2.36,-4.95,-3.08,0.09,-2.93,2.09,0.57,-4.0,-5.75,-5.5,-4.62,-4.53,-7.13,-1.27,-4.13,-2.93,,-3.0,-7.79,,-3.69,-1.91,,,-7.2,-4.79,-4.47,-6.36,-5.12,-1.0,-6.0,-4.0,-6.31,-6.76,-6.1,-6.99,-6.8,,-6.7,-7.0,-9.4,2.8,-6.32,-1.06,,-5.0,-8.0,3,-6.22,-7.5,,-7.0,-5.0,2.84,-7.19,3.1,39,0.5825198622,0.3992342113
2022,19,Marshall,Connecticut,12.5,14,28,14,12.95,10.07,15.62,17.7,11.62,16.33,10.85,9.0,15.29,10.5,15.93,7.25,18.6,11.12,12.48,7.7,,12.4,14.79,,6.6,6.42,,,14.3,12.98,14.09,14.21,11.71,15.0,9.5,8.0,14.57,9.29,13.0,14.32,16.9,,10.4,12.5,18.62,4.55,8.23,0.94,,15.0,10.6,14,14.02,14.0,,10.0,8.0,11.88,14.41,3.51,42,0.4995092235,0.7786498709
2022,19,Memphis,Utah St.,7.5,28,38,10,10.68,10.09,8.86,16.52,14.03,13.69,9.96,12.0,23.23,9.5,13.48,3.01,5.66,12.1,11.03,10.02,,12.1,8.71,,5.97,-2.07,,,15.0,10.05,10.49,9.3,12.06,12.0,7.5,11.0,8.82,8.79,9.0,15.4,16.7,,9.7,8.0,21.49,6.95,20.24,0.09,,21.0,9.6,10,17.51,9.4,,7.5,-0.5,3.0,19.22,5.52,48,0.5831853392,0.7441938258
2022,19,Michigan,TCU,7.5,-6,45,51,5.42,4.02,8.75,12.23,4.82,6.6,6.0,10.0,3.32,10.5,4.79,4.39,12.16,8.64,7.33,6.54,,5.8,9.6,,5.37,4.71,,,9.2,6.6,7.69,5.0,5.86,9.0,8.5,10.0,1.07,10.75,8.0,4.42,6.8,,8.3,7.5,2.96,7.45,13.09,26.96,,3.0,7.6,5,4.64,16.5,,7.5,16.0,13.42,6.43,3.32,96,0.4958182096,0.6743567989
2022,19,Missouri,Wake Forest,-1.0,-10,17,27,-2.58,-2.35,-1.52,-4.45,-0.79,-3.42,-1.96,-4.0,-3.16,-2.0,-3.14,-1.93,-5.07,2.79,-2.0,2.79,,-0.7,-5.77,,6.13,0.35,,,0.5,-2.79,-3.28,-3.3,-3.24,-4.0,-2.5,4.0,-2.99,-10.07,-3.6,-1.48,-4.1,,-3.2,-1.0,1.6,-5.2,3.47,0.42,,1.0,-3.7,-4,-1.11,-3.3,,-1.0,-9.5,4.82,-0.16,3.23,44,0.4753894636,0.4508724958
2022,19,NC St.,Maryland,1.0,-4,12,16,-1.2,1.23,-2.5,1.54,-3.14,-4.18,-3.45,2.0,-2.64,2.0,0.16,3.31,-2.21,1.39,-1.6,-1.5,,-7.8,0.16,,-9.48,2.45,,,-5.7,-1.35,-1.55,2.37,-1.15,-1.0,-2.5,-4.0,1.45,0.88,1.7,-4.3,-0.6,,2.1,1.0,-7.1,-3.9,3.62,0.76,,-4.0,1.6,-1,-3.97,-3.9,,-1.5,3.5,-7.03,-5.55,3.25,28,0.4362584113,0.4606699308
2022,19,North Texas,Boise St.,-10.5,-3,32,35,-12.45,-6.11,-11.88,-16.84,-8.05,-4.92,-13.48,-5.0,-4.77,-8.0,-11.69,-6.82,-13.31,-2.42,-8.92,-2.16,,-9.6,-9.25,,-10.38,-9.49,,,-9.7,-9.57,-6.11,-11.15,-4.01,-11.0,-8.0,-10.0,-11.69,-11.79,-9.6,-9.69,-8.6,,-10.2,-10.5,-9.95,-5.35,-9.99,-1.0,,-7.0,-10.3,-5,-7.89,-12.4,,-10.5,-7.5,-9.53,-8.69,3.09,67,0.538913797,0.2906253655
2022,19,Notre Dame,South Carolina,2.5,7,45,38,7.25,0.84,7.27,7.55,6.14,1.5,7.4,3.0,3.9,2.5,7.56,-0.81,8.35,4.03,4.24,-1.68,,5.7,6.65,,1.93,0.55,,,2.6,4.02,4.27,6.61,6.04,8.0,4.0,1.0,2.05,6.32,3.7,2.8,5.3,,2.9,2.5,5.32,3.75,10.59,-0.78,,4.0,3.8,3,4.34,3.3,,2.5,10.0,0.71,4.63,2.66,83,0.5430409989,0.6038831212
2022,19,Ohio,Wyoming,2.0,3,30,27,5.41,4.5,-0.32,4.26,5.02,6.39,6.59,4.0,8.02,5.5,4.52,2.61,1.11,8.0,4.73,6.27,,4.9,1.69,,2.94,-2.85,,,7.4,5.22,3.89,4.07,1.44,3.0,2.5,2.0,5.25,5.19,6.8,6.84,5.4,,6.7,2.5,11.74,5.3,17.1,0.22,,11.0,6.0,6,6.42,1.9,,1.0,-1.5,3.83,5.69,3.09,57,0.5670222042,0.6150323035
2022,19,Oregon,North Carolina,14.0,1,28,27,14.14,8.42,9.02,13.57,12.16,12.61,16.65,10.0,11.47,10.5,12.15,6.78,10.56,11.22,11.6,11.99,,18.7,6.26,,19.38,6.01,,,15.2,11.21,9.27,10.57,7.14,12.0,10.0,13.0,9.65,9.34,11.2,12.14,9.5,,9.7,13.5,16.08,4.15,16.44,1.43,,17.0,9.8,14,13.3,11.0,,14.0,9.0,16.46,15.34,3.45,55,0.4412719607,0.7624177645
2022,19,Oregon St.,Florida,10.0,27,30,3,4.57,5.51,-1.18,15.02,5.42,4.3,6.16,7.0,1.58,7.5,2.68,7.63,3.95,8.13,4.48,1.66,,6.8,-0.07,,4.5,10.22,,,0.9,4.52,4.55,3.65,2.42,3.0,7.5,5.0,6.49,6.67,6.9,0.18,0.7,,5.0,8.5,2.1,4.15,6.86,0.43,,4.0,6.3,4,4.97,4.4,,10.0,1.5,7.29,5.08,3.31,33,0.3667823814,0.608824463
2022,19,Penn St.,Utah,-2.0,14,35,21,-0.93,2.24,0.5,0.77,-0.24,-0.09,-1.79,2.0,2.22,3.0,-0.49,2.25,1.83,5.26,0.83,-0.41,,0.7,0.63,,3.44,-0.42,,,-0.3,0.67,1.16,-0.12,-2.66,1.0,-2.5,-1.0,0.59,-0.24,2.3,2.1,1.2,,4.0,-1.0,-0.16,2.9,3.84,8.55,,-1.0,3.6,1,0.38,-1.1,,-2.5,-6.0,4.49,-0.04,2.01,56,0.5701904571,0.5206839919
2022,19,SMU,BYU,4.0,-1,23,24,0.35,3.12,0.37,4.47,0.7,4.99,0.04,4.0,7.07,4.0,0.49,0.99,-0.62,5.41,1.3,3.19,,-0.5,0.72,,-2.44,-1.4,,,3.7,0.92,1.39,0.84,0.86,0.01,-2.5,-1.0,2.0,-5.85,-2.3,4.83,2.2,,-2.0,3.5,6.24,2.45,15.16,-0.05,,2.0,-2.5,-3,3.79,3.4,,3.5,-2.5,-0.03,3.9,2.77,47,0.4334703488,0.5321478613
2022,19,San Diego St.,Middle Tenn.,7.0,-2,23,25,7.8,2.28,5.45,-1.81,4.69,-1.05,9.25,2.0,1.75,1.5,6.82,2.56,9.92,5.05,4.68,0.01,,7.3,6.81,,7.13,4.35,,,6.2,5.0,2.04,5.86,1.07,4.0,5.0,7.0,5.11,5.52,9.3,5.69,3.4,,8.1,7.0,4.7,-1.65,6.78,0.43,,5.0,9.1,4,3.09,3.4,,7.0,5.0,7.33,4.47,2.88,48,0.4428315854,0.6141175594
2022,19,San Jose St.,Eastern Mich.,4.0,-14,27,41,1.56,2.59,5.02,5.71,4.89,2.21,-0.85,4.0,4.36,-0.5,4.32,1.63,6.12,6.65,3.49,0.59,,2.5,8.32,,0.53,-0.04,,,9.8,3.76,4.08,3.62,5.85,3.0,3.5,-1.0,4.75,-0.92,3.9,8.82,5.1,,3.6,4.0,-0.96,7.4,6.11,0.45,,2.0,4.4,1,6.33,7.1,,4.0,0.01,-1.44,6.91,2.94,68,0.487400226,0.5855694208
2022,19,Southern Miss.,Rice,6.5,14,38,24,8.03,7.01,5.52,6.15,4.76,13.67,9.42,6.0,9.83,7.0,6.94,5.48,5.63,6.81,7.61,6.5,,10.8,5.35,,14.5,2.48,,,9.0,7.0,5.6,6.42,5.79,7.0,5.5,11.0,7.83,6.33,10.9,8.69,8.2,,10.1,6.5,5.21,8.95,11.9,0.75,,8.0,9.3,11,6.63,3.0,,6.5,2.0,12.54,7.6,2.8,62,0.5274508157,0.6815785032
2022,19,Syracuse,Minnesota,-10.5,-8,20,28,-9.43,-0.86,-11.9,-17.02,-7.58,-9.61,-12.0,-3.0,-6.62,-1.5,-8.26,2.25,-10.24,-1.14,-8.09,-6.52,,-15.0,-5.26,,-15.46,-2.57,,,-9.7,-8.29,-6.5,-5.32,-4.18,-11.0,-7.5,-11.0,-3.93,-5.25,-11.3,-7.01,-6.8,,-10.6,-10.5,-13.51,-5.55,-2.93,0.72,,-10.0,-10.4,-9,-8.32,-7.4,,-7.5,-7.0,-15.52,-10.16,4.27,48,0.5582815046,0.3113033092
2022,19,Tennessee,Clemson,-6.0,17,31,14,5.37,5.62,1.29,6.34,9.8,10.08,7.0,3.0,11.94,4.5,6.83,2.21,4.97,5.42,6.12,4.03,,8.5,5.68,,13.18,1.15,,,14.9,5.52,6.98,1.27,2.73,7.0,-3.5,4.0,1.65,2.2,1.5,14.15,8.5,,1.1,-4.5,11.92,9.35,20.81,1.22,,16.0,0.7,9,10.95,-2.9,,-7.0,-2.0,3.76,12.26,4.61,45,0.7682880579,0.6443982042
2022,19,Texas,Washington,3.0,-7,20,27,4.09,4.27,7.66,3.7,6.85,9.9,1.94,5.0,14.27,3.5,6.87,-1.11,8.13,6.17,6.83,6.74,,7.6,9.24,,8.12,-3.04,,,10.2,6.86,7.74,5.05,9.57,8.0,4.5,3.0,1.61,10.43,4.7,12.7,10.7,,5.6,3.5,8.89,3.25,8.3,-0.28,,13.0,6.8,13,11.16,3.8,,4.5,5.0,4.03,11.25,3.98,47,0.5925158528,0.6617807965
2022,19,Texas Tech,Mississippi,-3.5,17,42,25,-0.95,-0.86,-1.34,-1.36,-3.69,0.19,1.48,-2.0,2.59,-3.5,-3.09,-2.71,-4.62,0.16,-1.61,2.2,,2.1,-5.38,,0.8,-1.06,,,-5.2,-1.87,-3.7,-3.7,-4.05,1.0,-3.5,-1.0,-2.77,-2.16,-1.9,-0.86,-2.3,,-2.9,-3.5,0.59,-5.15,15.44,-0.51,,1.0,-3.4,7,-2.24,-3.9,,-3.5,-10.5,3.2,-1.74,2.86,67,0.546636118,0.4602480309
2022,19,Texas-San Antonio,Troy St.,2.5,-6,12,18,-0.1,-0.94,0.93,5.35,1.12,-0.65,-0.25,-3.0,0.82,-3.0,0.14,-1.88,3.02,2.92,1.39,-0.14,,2.3,2.89,,1.27,0.37,,,0.5,1.06,1.8,-0.07,2.17,3.0,2.5,-1.0,-0.46,5.02,2.6,0.43,2.5,,2.5,2.5,4.16,3.95,-1.68,-0.53,,-1.0,3.8,1,2.53,1.7,,-1.5,10.5,-1.06,2.85,2.41,30,0.4724412917,0.5344948522
2022,19,UAB,Miami (Ohio),11.0,4,24,20,5.05,5.83,8.54,5.65,10.41,10.95,4.24,6.0,11.34,5.0,7.39,2.87,6.83,10.29,8.0,8.59,,9.5,9.9,,6.79,5.64,,,7.9,7.8,9.64,4.37,10.16,7.0,10.0,10.0,7.7,5.96,8.2,7.06,9.9,,6.7,10.5,13.41,5.5,20.53,0.24,,10.0,8.6,11,12.1,7.7,,11.0,9.0,5.99,12.71,2.49,44,0.4259467438,0.6907138274
2022,19,UCLA,Pittsburgh,6.0,-2,35,37,2.68,4.69,1.01,1.61,3.52,-1.08,2.23,5.0,2.31,7.5,2.2,5.97,2.35,7.29,2.44,1.18,,3.1,2.26,,1.72,3.21,,,4.2,2.33,1.74,4.08,1.6,-1.0,6.0,0.01,5.32,-7.26,5.1,2.72,1.4,,3.0,5.0,2.05,3.8,9.6,1.05,,5.0,2.3,-1,3.88,2.9,,5.5,-3.5,1.16,4.48,2.62,72,0.412442871,0.5602700228
2022,19,USC,Tulane,2.0,-1,45,46,5.66,2.44,3.6,4.5,4.73,0.84,4.06,2.0,-0.18,3.5,7.36,3.86,7.7,4.74,3.35,-1.45,,2.7,7.38,,3.74,2.5,,,4.1,3.8,6.42,7.29,2.72,1.0,2.5,5.0,2.83,1.62,4.4,3.89,4.8,,4.4,2.0,0.01,5.15,7.19,1.04,,1.0,4.2,-1,4.49,2.7,,1.5,-1.5,0.98,4.66,2.29,91,0.5335405738,0.5827266375
2022,19,Washington St.,Fresno St.,-4.0,-23,6,29,3.6,1.53,5.13,3.26,6.59,1.37,0.54,1.0,4.97,-1.0,7.03,-0.32,6.16,5.66,2.83,1.36,,4.2,1.78,,-0.75,-0.76,,,5.3,2.38,6.21,5.31,2.47,0.01,2.5,3.0,3.54,1.73,1.6,8.23,3.9,,1.9,-2.5,6.72,-3.7,9.08,0.87,,10.0,1.6,-3,8.28,0.9,,-3.5,-5.5,-2.53,9.24,3.52,35,0.6627844272,0.5690897289
2022,19,Western Kentucky,South Alabama,-4.0,21,44,23,-0.61,-7.07,4.15,-3.43,-0.12,-2.73,-0.01,-7.0,-1.72,-9.5,1.03,-9.94,4.02,-1.2,-0.77,-4.65,,-0.4,0.69,,0.04,-4.37,,,-0.1,-0.11,0.95,-3.38,2.98,5.0,-6.5,-2.0,-8.13,0.79,2.9,1.71,1.4,,2.8,-3.5,4.51,4.3,-6.53,-1.35,,-1.0,3.6,-10,-0.14,-3.7,,-4.5,9.5,-4.22,0.94,4.36,67,0.5777790862,0.4813459861
2022,19,Wisconsin,Oklahoma St.,4.5,7,24,17,-0.59,-4.17,0.3,6.73,1.43,0.31,0.44,-2.0,-1.14,-5.0,-0.19,-5.81,3.44,0.48,0.77,-3.1,,3.6,4.21,,4.25,-1.89,,,2.7,1.32,0.25,-3.49,1.2,2.0,2.5,3.0,-4.48,-2.69,2.3,1.58,0.6,,3.6,3.5,4.6,2.45,14.16,-1.31,,-1.0,2.6,3,1.81,2.9,,3.0,-0.5,2.57,3.38,2.85,41,0.4085504911,0.519039526
2022,20,Georgia,TCU,12.5,58,65,7,7.2,6.37,10.84,17.96,7.97,-0.19,4.79,14.0,5.39,19.5,10.2,6.89,18.46,6.79,9.4,7.99,,1.2,10.28,,8.29,5.7,7.42,,13.5,8.86,10.45,9.55,8.43,6.0,13.0,10.0,1.49,8.5,9.0,9.78,10.7,,8.7,11.5,,11.3,17.48,11.08,,9.0,8.6,12,9.29,19.5,,12.5,17.5,10.16,8.71,4.33,72,0.4252776288,0.7161044774
