season,week,home,road,line,actual,hscore,vscore,linesag,linepayne,linemass,linepfz,linelaz,linemoore,linesagr,lineargh,linepaynep,linehow,linesagpred,linepaynewl,linekam,linerwp,lineavg,lineelo,lineloud,lineborn,linedokter,linesuper,linedunk,linebill,linebihl,lineround,linefei,linemedian,lineharville,linesaggm,lineespn,linefox,lineopen,linepig,linecons,linecong,linepibias,linel2,lineteamrank,lineash,linepimean,lineca,linekeep,linekerns,linel2hf,linelog,lineatom,linedwig,linepiratings,linecather,linetalis,linedonchess,linefeng,linemidweek,lineclean,linecurry,linepugh,linestd,total,phcover,phwin
2021,1,Fresno St.,Connecticut,28.0,45,45,0,28.33,23.39,8.93,28.45,16.24,22.34,28.33,19.0,25.13,14.5,28.33,7.71,25.31,28.0,19.71,14.8,-3.0,21.25,26.09,21.38,,5.08,,,0.79,21.31,9.97,28.33,24.94,26.0,25.5,30.0,16.03,15.41,26.5,,23.1,,21.1,27.0,,18.5,,,,3.0,20.2,29.0,,15.0,,27.5,4.5,14.97,28.94,9.25,45,0.3259014374,0.8583413123
2021,1,Illinois,Nebraska,-6.5,8,30,22,-7.14,-8.2,-2.47,-5.01,-5.56,-2.77,-7.14,-5.0,-9.13,-3.5,-7.14,0.27,-6.43,-7.0,-5.27,-1.64,-8.0,-3.15,-11.38,-14.38,,1.33,,,-0.54,-5.11,-3.11,-7.14,-5.11,-2.0,-9.5,-6.0,-8.23,-0.71,-3.4,,-9.1,,-4.0,-6.5,,-9.5,,,,3.0,-3.8,-5.0,,-3.6,,-7.0,-8.5,-5.54,-7.74,3.33,52,0.5302239357,0.3726247471
2021,1,New Mexico St.,UTEP,-9.5,-27,3,30,-6.34,-5.43,5.62,0.01,-5.44,-17.43,-6.34,-10.0,-5.91,2.5,-6.34,-1.01,3.79,-10.0,-3.77,-1.4,1.0,-4.35,-13.34,1.81,,0.29,,,0.17,-4.6,-0.24,-6.34,-6.66,2.0,-9.5,1.0,1.79,-17.73,-5.3,,-6.7,,-4.7,-8.5,,1.15,,,,3.0,-4.5,-17.0,,-6.6,,-10.0,11.0,-1.45,-7.03,6.33,33,0.6312947438,0.4127030086
2021,1,UCLA,Hawaii,17.5,34,44,10,15.64,15.33,11.22,4.34,15.62,4.71,15.64,9.0,16.75,-3.5,15.64,2.51,14.48,14.0,13.51,13.14,-1.0,16.45,15.29,15.81,,3.63,,,-0.2,15.33,15.2,15.64,19.37,12.0,11.0,21.0,16.16,20.18,19.9,,22.3,,20.4,17.0,,20.05,,,,6.0,19.7,14.0,,7.3,,17.5,12.5,10.59,20.25,6.72,54,0.4084752783,0.7834052758
2021,2,Appalachian St.,East Carolina,9.0,14,33,19,11.24,10.76,4.22,20.54,12.01,16.95,11.24,9.0,10.77,20.5,11.24,10.68,16.62,13.15,11.27,8.76,9.0,7.9,10.87,34.88,,11.67,,,0.99,11.24,8.49,11.24,15.44,9.0,13.5,11.0,19.66,9.97,6.2,,11.4,,5.7,9.5,12.46,13.45,,,,-1.0,5.2,2.0,,13.0,,9.5,12.0,8.58,11.6,4.73,52,0.5545037202,0.7518781771
2021,2,Arizona,BYU,-12.5,-8,16,24,3.68,-12.94,-1.36,-24.88,-12.36,-12.66,3.68,-20.0,-13.0,-25.5,3.68,-12.4,-26.49,-8.96,-14.66,-25.85,-7.0,-37.9,-17.06,-38.19,,-19.17,,,-0.7,-12.94,-12.54,3.68,-12.32,-27.0,-9.5,-10.0,-25.15,-4.39,-13.3,,-13.3,,-10.7,-12.5,-24.59,-24.35,,,,7.0,-11.0,-29.0,,-18.0,,-12.5,-8.0,-27.54,-12.81,10.72,40,0.4551030187,0.2220068921
2021,2,Arkansas,Rice,19.5,21,38,17,19.02,17.82,17.14,-0.86,16.45,8.17,18.82,7.0,19.25,8.5,18.82,4.91,14.06,12.23,15.6,12.29,8.0,18.75,18.59,27.94,,7.79,,,0.78,16.56,15.34,19.3,24.38,13.0,21.5,26.0,18.31,14.47,24.2,,19.8,,25.8,19.5,23.21,11.5,,,,10.0,26.1,12.0,,8.4,,19.5,14.5,16.56,18.24,6.61,55,0.4102889692,0.8178512803
2021,2,Auburn,Akron,37.0,50,60,10,32.08,37.25,26.82,37.14,36.72,41.79,31.88,20.0,40.13,28.5,31.88,11.32,52.72,19.49,35.37,38.84,6.0,53.65,33.12,59.44,,20.29,,,2.18,36.72,36.24,32.36,38.36,47.0,35.5,45.0,36.62,25.79,41.5,,42.5,,38.6,37.0,60.0,35.25,,,,10.0,37.6,51.0,,25.0,,37.0,27.5,46.51,47.27,12.91,70,0.4682536691,0.9580580583
2021,2,California,Nevada,3.5,-5,17,22,8.56,2.46,9.24,2.78,10.08,3.57,8.36,-2.0,3.02,-7.0,8.36,-2.54,8.18,5.95,4.18,3.48,4.0,5.45,-0.73,-2.06,,-5.96,,,0.66,3.57,9.7,8.84,7.09,7.0,3.0,1.0,2.35,10.44,3.5,,5.5,,3.8,3.5,7.68,2.75,,,,10.0,0.3,2.0,,1.4,,3.0,3.5,5.52,10.87,4.65,39,0.5163954087,0.5997492154
2021,2,Central Florida,Boise St.,6.0,5,36,31,1.67,2.24,1.3,3.46,3.44,4.61,1.47,-1.0,2.12,5.0,1.47,3.32,3.92,3.43,3.49,5.01,-6.0,7.55,-0.87,1.19,,-2.0,,,-0.01,3.32,3.11,1.95,9.86,8.0,4.0,5.0,2.79,3.86,3.9,,6.4,,1.4,5.5,5.56,6.25,,,,3.0,2.1,7.0,,3.2,,6.0,0.5,7.53,7.48,3.12,67,0.4383560016,0.5853933814
2021,2,Charlotte,Duke,-6.5,3,31,28,-8.86,-5.97,-7.28,5.56,-6.82,-0.69,-9.06,5.0,-6.72,-2.0,-9.06,0.79,-2.96,-0.83,-3.33,-0.43,-2.0,4.75,-4.67,-9.25,,3.42,,,-0.35,-4.67,-5.27,-8.58,-4.97,3.0,-7.5,-9.0,-0.21,-5.61,-7.3,,-6.1,,-10.5,-6.5,-16.0,-1.8,,,,-4.0,-9.9,8.0,,-3.5,,-6.0,10.5,3.29,-6.43,5.68,59,0.5745736596,0.4217098933
2021,2,Cincinnati,Miami (Ohio),23.0,35,49,14,16.74,21.32,11.6,24.47,15.01,23.02,16.54,12.0,22.21,19.5,16.54,13.33,27.67,15.96,20.2,16.8,-2.0,36.05,17.88,41.31,,20.29,,,0.96,19.0,13.99,17.02,18.97,29.0,20.5,31.0,25.38,7.35,21.9,,27.8,,18.1,23.0,21.72,17.45,,,,3.0,16.4,26.0,,24.0,,22.5,19.0,29.8,30.86,8.03,63,0.4374613024,0.8719364741
2021,2,Clemson,Georgia,3.0,-7,3,10,1.35,4.21,0.25,9.16,1.95,8.88,1.35,1.0,4.4,3.0,1.35,2.54,5.8,4.57,3.36,2.47,10.0,4.8,5.84,1.81,,0.42,,,0.77,2.54,2.34,1.35,6.83,5.0,4.0,3.0,1.39,10.04,-0.8,,3.6,,-1.4,3.0,1.51,1.9,,,,1.0,-2.3,7.0,,3.4,,3.0,7.5,4.29,9.56,3.21,13,0.5088672493,0.5821778606
2021,2,Florida,Florida Atlantic,23.5,21,35,14,24.38,24.99,18.53,17.93,29.23,11.69,24.18,4.0,26.53,17.0,24.18,11.08,30.28,15.0,23.0,28.42,11.0,37.15,17.4,29.44,,11.75,,,0.88,24.66,27.0,24.66,23.83,30.0,24.5,29.0,27.43,11.48,32.3,,25.7,,32.7,23.5,30.1,32.6,,,,10.0,32.4,23.0,,17.0,,23.5,23.0,30.4,30.21,8.68,49,0.4889771879,0.8981616466
2021,2,Florida St.,Notre Dame,-7.0,-3,38,41,-4.06,-12.43,-6.78,-24.1,-12.95,-9.83,-4.26,-7.0,-11.59,-17.5,-4.26,-20.07,-23.26,-10.23,-11.49,-17.68,11.0,-23.25,-9.42,-23.63,,-14.5,,,-1.03,-10.91,-15.33,-3.78,-7.75,-22.0,-9.5,-9.0,-15.87,-3.99,-4.7,,-8.7,,-4.1,-7.5,-12.65,-24.9,,,,3.0,-2.4,-16.0,,-11.9,,-7.5,5.0,-23.8,,8.36,79,0.4011971107,0.2609582083
2021,2,Georgia St.,Army,2.0,-33,10,43,12.09,1.26,1.33,-8.56,-2.02,4.22,11.89,3.0,1.04,-3.0,11.89,3.23,-9.16,1.93,1.87,6.66,-6.0,-2.25,2.61,1.25,,-1.58,,,-0.11,0.5,0.17,12.37,5.02,-2.0,4.0,-1.0,-2.33,8.12,-0.9,,-1.8,,-0.6,2.0,14.0,-0.35,,,,-1.0,-0.01,6.0,,0.5,,2.0,9.0,-1.08,-6.78,5.61,53,0.4969197509,0.5442177125
2021,2,Georgia Tech,Northern Ill.,18.5,-1,21,22,2.02,15.09,8.05,0.13,5.8,5.82,1.82,6.0,15.79,8.0,1.82,8.71,10.19,6.51,10.37,11.5,7.0,16.35,-5.04,10.94,,9.25,,,0.22,10.94,11.23,2.3,14.01,14.0,13.0,24.0,11.38,24.89,15.2,,17.8,,14.3,17.5,19.54,3.35,,,,10.0,11.7,16.0,,7.9,,18.0,17.0,16.94,13.93,6.55,43,0.3179401149,0.7270507838
2021,2,Houston,Texas Tech,1.5,-17,21,38,0.59,-0.24,-8.96,-0.13,-3.42,7.14,0.39,7.0,0.15,4.0,0.39,-3.66,-1.15,-0.39,0.45,7.71,6.0,3.85,4.15,2.75,,0.83,,,0.01,0.39,-5.03,0.87,-5.02,5.0,-6.5,0.01,2.4,-5.54,2.8,,4.4,,-1.3,1.5,-7.67,0.85,,,,-4.0,1.1,5.0,,1.4,,-1.0,6.5,-5.11,-0.01,4.31,59,0.4745509141,0.5109127976
2021,2,Illinois,Texas-San Antonio,5.0,-7,30,37,11.0,6.43,16.24,1.29,18.01,5.88,-33.89,-5.0,7.16,0.01,8.37,-0.01,11.96,12.02,5.0,8.11,-1.0,10.85,2.43,2.44,,3.29,,,0.39,7.1,14.55,-25.48,4.71,9.0,6.5,8.0,2.92,14.33,8.8,,8.8,,7.2,5.0,6.0,3.65,,,,11.0,7.1,4.0,,3.2,,5.5,-1.5,8.53,13.27,9.62,67,0.5,0.6061673616
2021,2,Iowa,Indiana,3.5,28,34,6,5.83,5.02,6.31,11.42,10.39,6.28,5.63,4.0,4.89,6.5,5.63,6.2,8.05,7.13,5.38,5.12,3.0,8.05,8.04,8.13,,0.5,,,0.8,5.63,4.95,6.11,2.85,11.0,5.5,6.0,5.41,-1.66,1.1,,3.1,,-0.4,3.5,2.39,6.3,,,,3.0,0.4,4.0,,3.1,,3.5,11.5,7.45,9.26,3.22,40,0.5461988242,0.6301077263
2021,2,Kansas St.,Stanford,3.5,17,24,7,-1.53,-1.99,0.9,1.49,1.64,4.85,-1.53,1.0,-1.98,4.5,-1.53,-2.13,1.68,7.94,-0.85,-12.81,-2.0,-8.6,-1.14,5.63,,-6.25,,,-0.16,-1.14,-1.17,-1.53,-2.33,-3.0,1.5,0.01,-2.5,-4.59,1.5,,1.4,,1.1,2.5,-0.55,-8.5,,,,-1.0,2.6,-2.0,,3.0,,3.0,-2.0,-7.52,3.77,3.95,31,0.3951551757,0.4792806966
2021,2,Kentucky,Louisiana-Monroe,31.0,35,45,10,33.31,31.04,17.69,27.12,28.55,23.1,33.11,18.0,32.56,18.5,33.11,17.28,37.51,17.06,29.19,32.37,5.0,45.65,27.88,41.56,,19.67,,,0.63,31.04,29.79,33.59,28.69,41.0,28.5,38.0,29.25,25.98,35.9,,34.0,,35.3,31.0,30.85,32.55,,,,10.0,33.3,39.0,,25.0,,31.0,18.5,45.96,36.19,10.08,55,0.4616553216,0.9397241048
2021,2,Maryland,West Va.,-2.5,6,30,24,-8.04,-4.83,-1.07,-9.04,-3.71,-3.84,-8.24,-2.0,-4.78,-10.0,-8.24,-5.27,-7.94,-5.01,-4.81,4.47,-4.0,-2.75,-14.8,-23.44,,-4.92,,,-0.71,-3.84,-1.37,-7.76,-0.44,-8.0,-4.5,-3.0,-8.76,-0.97,-3.8,,-1.2,,-3.5,-2.5,5.04,-0.8,,,,3.0,-3.5,-10.0,,-6.7,,-3.0,1.0,-9.37,-3.2,4.14,54,0.4440074799,0.3846788437
2021,2,Miami (Fla.),Alabama,-19.5,-31,13,44,-22.88,-18.02,-16.15,-26.02,-18.96,-15.82,-22.88,-10.0,-18.27,-24.5,-22.88,-15.77,-30.52,-11.3,-18.41,-27.08,-7.0,-37.2,-13.81,-11.44,,-6.28,,,-0.88,-18.27,-19.91,-22.88,-12.01,-36.0,-17.5,-15.0,-7.53,1.3,-13.7,,-19.6,,-12.7,-19.5,-22.82,-26.85,,,,-1.0,-13.3,-29.0,,-23.0,,-19.5,-11.0,-35.68,-26.51,9.41,57,0.5235529122,0.1592044087
2021,2,Michigan,Western Mich.,16.5,33,47,14,6.18,15.21,17.52,6.88,11.48,9.45,5.98,-0.25,16.13,5.5,5.98,6.87,16.49,13.85,11.76,9.22,-1.0,18.55,7.73,20.75,,8.42,,,-0.62,13.04,13.04,6.46,14.86,19.0,17.5,25.0,13.47,13.2,17.2,,20.2,,15.5,16.0,9.81,-1.7,,,,10.0,15.0,18.0,,7.5,,17.0,2.0,15.72,23.14,6.59,61,0.3913727329,0.753050895
2021,2,Minnesota,Ohio St.,-14.0,-14,31,45,-17.19,-13.95,-5.23,-24.87,-14.36,-15.06,-17.39,-6.0,-13.76,-22.0,-17.39,-15.71,-19.6,-8.25,-13.96,-20.56,-6.0,-20.35,-20.66,-19.75,,-8.04,,,-0.34,-15.06,-14.36,-16.91,-15.44,-20.0,-14.0,-12.0,-10.59,3.55,-12.6,,-17.2,,-12.2,-14.0,-4.9,-19.7,,,,3.0,-13.5,-5.0,,-23.5,,-14.0,-14.0,-21.53,-16.94,6.99,76,0.5009199459,0.2104728682
2021,2,Mississippi,Louisville,10.0,19,43,24,10.98,8.45,5.22,3.06,4.44,2.07,10.98,4.0,8.34,5.0,10.98,9.49,9.62,5.55,6.33,6.45,-5.0,4.8,2.41,11.75,,2.92,,,-0.76,6.58,4.97,10.98,7.25,2.0,7.5,9.0,9.72,7.7,10.0,,8.5,,11.9,9.5,-0.01,1.3,,,,1.0,11.6,6.0,,6.7,,10.0,-6.0,12.38,,4.44,67,0.4119060259,0.6495169244
2021,2,Mississippi St.,Louisiana Tech,23.0,1,35,34,15.98,22.93,20.79,11.33,18.22,10.73,15.78,7.0,25.04,5.0,15.78,4.0,22.6,9.69,17.62,16.87,-2.0,28.05,17.14,32.0,,2.17,,,0.88,18.32,18.32,16.26,22.04,22.0,27.5,23.0,20.12,13.28,27.0,,23.5,,25.5,23.0,23.25,22.85,,,,10.0,25.8,26.0,,10.7,,23.0,5.0,27.22,23.42,8.39,69,0.3822140682,0.8368146366
2021,2,Missouri,Central Mich.,14.0,10,34,24,9.05,12.01,15.24,11.95,12.99,7.57,8.85,-0.25,12.5,13.0,8.85,7.54,17.03,10.26,11.14,8.87,-2.0,19.95,0.01,22.25,,14.04,,,0.22,10.8,15.08,9.33,9.18,19.0,12.5,23.0,14.57,11.04,9.7,,13.4,,10.8,13.5,8.05,3.75,,,,10.0,8.8,12.0,,4.5,,14.0,4.0,17.08,19.24,5.63,58,0.4325880948,0.7458045879
2021,2,NC St.,South Florida,19.0,45,45,0,22.83,19.19,9.14,15.25,15.93,10.85,22.63,17.0,19.62,13.5,22.63,15.33,19.04,11.02,18.38,17.74,-5.0,21.55,16.38,27.63,,16.96,,,0.55,18.5,20.73,23.11,17.57,18.0,16.5,26.0,23.09,26.41,18.3,,16.8,,19.1,19.0,29.03,23.0,,,,10.0,18.5,22.0,,20.0,,19.0,6.5,26.61,17.3,6.77,45,0.4856721314,0.856544906
2021,2,Navy,Marshall,-2.5,-42,7,49,0.23,-5.97,9.49,-3.41,-2.88,1.56,0.01,-6.0,-5.52,-4.0,0.01,-10.1,-5.4,6.08,-2.41,-4.42,9.0,-3.75,-7.22,-0.5,,-3.67,,,0.2,-2.88,-4.49,0.51,-7.01,0.01,-3.5,-1.0,-4.18,0.13,-0.8,,-3.0,,-0.9,-2.5,-15.96,-6.05,,,,3.0,-0.01,-8.0,,-5.4,,-2.5,6.5,-0.79,-1.36,5.17,56,0.5021507135,0.4426078043
2021,2,Northwestern,Michigan St.,3.0,-17,21,38,16.91,9.19,5.43,14.5,11.5,5.95,16.71,8.0,8.73,8.0,16.71,13.34,15.87,4.57,10.29,14.92,6.0,20.95,2.29,14.75,,15.08,,,1.29,11.5,12.45,17.19,3.37,18.0,7.5,13.0,16.17,-1.66,5.3,,4.9,,4.8,4.0,-2.87,12.65,,,,3.0,4.3,14.0,,6.8,,3.0,12.0,23.04,10.35,6.18,59,0.6656445509,0.7270834291
2021,2,Ohio,Syracuse,0.0,-20,9,29,13.6,0.4,-3.69,15.87,3.82,1.48,13.4,8.0,0.01,0.5,13.4,3.96,5.39,7.29,4.62,4.19,2.0,7.15,4.35,-3.13,,2.79,,,0.26,3.82,-0.23,13.88,0.36,10.0,0.0,0.01,9.11,4.61,3.9,,3.8,,3.3,0.5,-5.53,11.65,,,,-4.0,0.6,2.0,,3.3,,-1.5,19.0,4.74,0.73,5.7,38,0.6079287901,0.6079287901
2021,2,Oklahoma,Tulane,32.0,5,40,35,30.23,24.92,13.03,22.68,27.87,17.01,30.03,20.0,25.38,18.0,30.03,20.67,28.42,15.21,24.12,18.3,12.0,27.55,32.39,30.75,,10.63,,,0.39,24.93,24.22,30.51,22.44,28.0,-21.5,29.0,24.93,22.43,30.6,,29.1,,32.2,31.0,31.63,29.45,,,,4.0,33.5,31.0,,24.0,,31.5,21.0,24.78,24.35,8.03,75,0.3289173113,0.9124016072
2021,2,Oregon,Fresno St.,20.0,7,31,24,21.77,20.15,8.57,15.64,13.47,17.9,64.86,12.0,21.15,8.0,20.39,11.07,19.45,16.22,20.44,19.47,7.0,19.25,16.76,35.31,,22.12,,,0.67,19.25,14.58,64.13,18.07,21.0,20.5,21.0,26.2,21.58,17.2,,18.3,,16.2,20.0,25.91,21.45,,,,10.0,16.8,21.0,,17.0,,20.5,10.0,31.57,20.8,11.87,55,0.5088538804,0.8487456175
2021,2,Pittsburgh,Massachusetts,38.0,44,51,7,38.73,36.75,19.42,38.84,34.52,34.91,38.53,22.0,39.71,28.5,38.53,10.09,43.28,19.2,33.8,40.8,11.0,49.75,38.94,43.69,,17.58,,,1.79,36.75,32.54,39.01,35.28,45.0,35.5,40.0,29.96,31.24,32.6,,41.2,,29.8,38.0,51.37,32.75,,,,10.0,28.0,52.0,,25.0,,38.0,37.5,44.29,45.25,11.99,58,0.4163972916,0.9553407423
2021,2,Purdue,Oregon St.,7.0,9,30,21,-0.35,5.55,5.62,6.96,6.11,-0.17,-0.55,2.0,5.6,8.5,-0.55,5.03,3.37,0.81,2.94,0.85,-2.0,-1.25,-4.81,1.5,,-1.58,,,-0.49,2.0,3.12,-0.01,9.71,2.0,5.5,7.0,5.58,3.29,1.8,,7.4,,0.7,6.5,4.37,0.55,,,,3.0,1.4,2.0,,4.0,,7.0,10.0,-1.26,8.07,3.57,51,0.4014775738,0.5716945862
2021,2,Rutgers,Temple,14.5,47,61,14,8.69,15.47,12.21,-4.89,14.0,7.75,8.49,19.0,16.12,-2.0,8.49,9.59,14.78,0.01,12.7,19.28,-8.0,22.25,10.1,10.81,,4.67,,,-0.98,13.9,17.98,8.97,12.33,14.0,13.0,19.0,11.63,23.1,14.6,,13.9,,15.9,14.5,37.0,13.9,,,,10.0,15.6,28.0,,10.8,,14.5,1.0,16.16,17.66,8.56,75,0.4602518918,0.7593267186
2021,2,Rutgers,Temple,15.0,47,61,14,8.69,15.47,12.21,-4.89,14.0,7.75,8.49,19.0,16.12,-2.0,8.49,9.59,14.78,0.01,12.7,19.28,-8.0,22.25,10.1,10.81,,4.67,,,-0.98,13.9,17.98,8.97,12.33,14.0,14.5,19.0,11.63,23.1,14.6,,13.9,,15.9,15.0,37.0,13.9,,,,10.0,15.6,28.0,,10.8,,14.5,1.0,16.16,17.66,8.56,75,0.4492639732,0.7593267186
2021,2,San Diego St.,New Mexico St.,31.5,18,28,10,36.51,29.28,17.91,28.57,34.57,38.48,77.52,25.0,31.51,19.5,30.9,9.1,39.0,18.48,32.33,26.62,9.0,37.75,43.31,38.94,,19.64,,,1.9,32.0,23.79,85.33,35.0,32.0,28.5,31.0,24.2,32.99,35.4,,36.2,,31.7,31.5,42.27,27.95,,,,3.0,33.1,45.0,,31.5,,31.0,40.0,32.73,33.24,15.51,38,0.5149184213,0.9274335303
2021,2,South Alabama,Southern Miss.,1.0,24,31,7,-1.74,1.4,2.68,-1.97,0.47,-0.01,-1.94,5.0,1.51,-0.5,-1.94,0.4,2.42,-2.27,0.56,6.05,-1.0,-1.55,2.4,-0.19,,3.83,,,-0.39,-0.19,4.68,-1.46,-1.75,-4.0,0.0,-6.0,2.53,3.24,8.6,,-2.3,,8.8,1.0,-4.34,6.05,,,,3.0,10.8,-6.0,,-3.1,,1.0,-6.5,-1.44,-2.58,4.05,38,0.4892871589,0.5136335093
2021,2,Tennessee,Bowling Green,36.5,32,38,6,28.46,32.88,23.08,26.86,30.14,30.72,28.26,13.0,35.54,24.0,28.26,9.01,45.03,18.74,30.77,45.94,9.0,57.55,24.82,34.75,,12.79,,,1.68,30.72,31.6,28.74,29.3,44.0,28.5,49.0,24.16,30.96,38.3,,33.9,,33.5,36.0,49.07,32.8,,,,10.0,35.0,46.0,,23.0,,35.5,21.5,46.46,41.39,12.65,44,0.3888748222,0.9352014785
2021,2,Texas,Louisiana-Lafayette,9.0,20,38,18,16.02,7.94,16.72,10.34,19.07,10.77,15.82,-6.0,8.83,2.0,15.82,-0.01,13.79,6.34,10.33,3.07,4.0,21.75,5.94,12.06,,2.17,,,-0.01,9.9,14.7,16.3,16.26,18.0,16.5,8.0,9.89,9.96,8.2,,8.5,,9.9,9.0,5.78,15.85,,,,10.0,9.9,8.0,,5.4,,8.0,5.5,21.27,19.24,6.47,56,0.5309188266,0.7265977982
2021,2,Texas A&M,Kent,29.0,31,41,10,21.85,27.28,19.61,21.88,23.67,21.27,21.65,17.0,28.69,27.0,21.65,14.6,32.57,16.65,25.41,29.61,8.0,41.55,23.83,48.06,,15.29,,,0.01,25.61,25.61,22.13,30.21,33.0,28.5,38.0,30.66,23.0,30.7,,31.4,,27.4,29.0,29.7,23.7,,,,10.0,28.7,31.0,,23.5,,28.5,12.0,33.34,33.31,8.35,51,0.4206900646,0.9216865888
2021,2,Texas St.,Baylor,-14.0,-9,20,29,-24.81,-14.15,-14.91,-15.82,-17.8,-13.44,-25.01,-7.0,-14.98,-9.0,-25.01,-6.71,-21.06,-11.3,-14.52,2.38,-7.0,-15.65,-20.29,-36.63,,-5.75,,,-1.39,-14.7,-15.17,-24.53,-11.09,-21.0,-10.5,-23.0,-16.4,-19.08,-14.6,,-14.7,,-16.1,-14.0,-4.91,-12.45,,,,-4.0,-13.4,-13.0,,-11.3,,-14.0,2.0,-14.05,-21.22,7.07,49,0.4880651707,0.2017247504
2021,2,UCLA,LSU,-2.5,11,38,27,-10.11,-1.57,-1.32,-12.48,1.25,-10.09,-54.02,7.0,-0.94,-14.5,-10.1,-7.21,-1.56,-8.76,-3.86,4.42,-7.0,3.15,3.74,-18.13,,3.22,,,-0.26,-1.32,1.8,-50.54,-1.09,-9.0,-4.5,-5.0,-5.72,-1.41,3.4,,-2.0,,3.5,-2.5,19.21,13.15,,,,3.0,4.9,2.0,,-2.5,,-3.0,12.0,-6.88,-0.9,13.17,65,0.4737138358,0.4257731476
2021,2,USC,San Jose St.,14.0,23,30,7,21.03,14.09,10.03,9.51,16.96,7.17,64.2,6.0,14.69,1.5,19.81,8.68,15.24,10.71,15.9,8.61,12.0,17.35,16.66,19.81,,3.58,,,0.41,15.12,15.12,63.17,21.28,19.0,16.5,16.0,16.89,28.91,22.0,,16.3,,17.3,14.0,4.39,6.8,,,,10.0,18.0,11.0,,9.1,,14.0,12.5,9.58,16.79,12.66,37,0.5372782403,0.7832185166
2021,2,Virginia Tech,North Carolina,-6.0,7,17,10,-2.06,-6.78,-0.01,-2.56,2.11,-4.68,-2.26,-9.0,-6.12,0.5,-2.26,-12.67,-2.27,-0.01,-4.68,-4.08,2.0,-8.15,-3.68,-5.63,,-3.46,,,-0.55,-4.68,-2.64,-1.78,-2.17,-9.0,-6.5,-7.0,-5.91,-4.71,-10.8,,-6.6,,-7.2,-6.0,-11.58,-5.55,,,,3.0,-5.5,-12.0,,-7.2,,-5.5,-1.5,-3.58,-7.05,3.89,27,0.5321827559,0.3873151919
2021,2,Wake Forest,Old Dominion,31.5,32,42,10,28.36,29.86,15.41,20.05,25.24,34.77,28.16,28.0,32.5,20.0,28.16,6.13,27.22,18.55,27.34,26.9,-1.0,35.45,34.23,43.13,,17.58,,,1.16,28.36,22.17,28.64,30.43,33.0,33.5,33.0,26.84,47.82,38.9,,31.4,,36.6,31.5,41.96,19.25,,,,10.0,38.6,41.0,,18.0,,31.0,9.0,30.24,28.64,10.94,52,0.4145763447,0.921931806
2021,2,Washington St.,Utah St.,17.5,-3,23,26,16.81,17.42,10.67,10.59,17.41,11.38,16.61,18.0,18.53,4.5,16.61,7.46,22.78,9.46,17.26,19.3,8.0,24.35,15.94,17.88,,14.04,,,-0.01,18.0,19.95,17.09,13.35,23.0,13.0,21.0,19.18,24.45,18.9,,24.1,,18.6,17.5,31.32,25.65,,,,10.0,18.7,20.0,,17.0,,16.5,20.0,19.86,21.09,6.14,49,0.4943744179,0.8447439329
2021,2,Wisconsin,Penn St.,5.5,-6,10,16,4.95,4.21,3.41,10.43,5.83,6.07,4.75,8.0,3.57,2.0,4.75,10.01,7.25,3.71,5.42,2.86,1.0,4.95,11.35,7.56,,9.25,,,0.69,4.95,5.54,5.23,2.51,5.0,3.5,4.0,6.74,11.73,5.7,,4.8,,5.4,5.5,1.42,3.25,,,,3.0,6.5,11.0,,3.7,,5.5,1.5,1.33,7.25,2.95,26,0.4980233657,0.6314444485
2021,3,Akron,Temple,-6.5,-21,24,45,-2.35,-3.29,-4.35,-12.96,1.59,-11.06,-2.67,3.0,-5.32,-10.0,-2.47,-1.94,-8.59,-12.22,-4.81,-6.63,-6.0,-8.35,-5.74,-1.94,-8.55,-1.04,,,-1.25,-3.29,-1.75,-2.13,-5.19,-10.0,-3.0,-8.0,1.87,3.31,1.4,,-3.2,,2.2,-6.5,-13.71,1.03,,,,3.0,6.1,-4.0,-21.85,-2.8,,-7.0,-14.5,-13.61,-9.31,5.85,69,0.5397830043,0.3880925674
2021,3,Arizona,San Diego St.,2.0,-24,14,38,3.45,-1.56,3.91,-11.14,7.95,-1.08,2.73,-8.0,2.49,-13.0,6.6,-4.25,-1.63,-6.28,-2.1,-2.79,-8.0,-2.45,-6.83,-13.0,-5.15,-6.29,,,-0.88,-1.08,0.8,0.48,0.01,-2.0,1.0,1.0,-4.54,1.4,-1.0,,3.3,,-1.0,1.5,3.72,0.35,,,,13.0,-1.0,-2.0,-6.83,-2.3,,2.0,-13.5,-22.28,3.5,6.22,52,0.4049802452,0.4509857864
2021,3,Arizona St.,UNLV,34.0,27,37,10,23.57,28.46,16.65,24.11,25.18,23.25,23.48,22.0,35.41,15.0,21.2,23.84,35.43,17.9,27.79,36.65,3.0,38.15,28.36,43.19,,23.83,,,0.82,28.18,28.85,26.13,25.61,31.0,30.0,34.0,34.68,32.65,31.3,,38.5,,31.5,33.5,41.75,32.4,,,,17.0,28.9,34.0,26.29,25.0,,34.0,28.0,21.4,36.17,8.62,47,0.3655033783,0.9380317876
2021,3,Arkansas,Texas,-6.5,19,40,21,-9.81,-7.42,-3.18,-18.44,-9.59,-14.42,-8.8,-8.0,-6.29,-12.0,-10.37,-8.18,-14.9,-7.93,-8.71,-1.68,2.0,-14.75,-3.45,-17.75,-12.22,-11.58,,,-0.6,-8.8,-7.54,-9.74,-6.02,-15.0,-3.5,-7.0,-11.93,-9.01,-6.0,,-6.7,,-3.3,-6.5,-7.97,-12.05,,,,3.0,-5.2,-10.0,-16.49,-6.9,,-7.0,2.5,-9.01,-11.56,4.94,61,0.4471278171,0.30018579
2021,3,Arkansas St.,Memphis,-5.5,-5,50,55,-1.95,-5.29,-1.85,-3.95,-2.24,-9.4,-2.03,-4.0,-4.29,-5.0,-2.09,-5.96,-5.19,-5.89,-5.54,-0.99,-1.0,-6.95,-9.33,-21.38,,-14.5,,,-0.01,-5.1,-2.11,-1.78,-5.31,-11.0,-4.0,-10.0,-10.07,-10.53,-3.3,,-9.4,,0.4,-5.5,2.31,-2.38,,,,1.0,-0.4,-7.0,-12.31,-8.6,,-5.5,3.5,-14.78,-7.47,4.65,105,0.4990352708,0.3688414186
2021,3,Army,Western Kentucky,6.0,3,38,35,2.28,9.61,6.96,15.97,12.28,10.27,1.48,15.0,6.36,9.5,2.44,11.77,15.82,9.19,11.62,15.11,-3.0,15.95,11.82,19.81,,11.17,,,0.81,11.99,12.15,2.48,9.91,14.0,4.0,9.0,19.03,18.32,22.8,,15.9,,21.5,6.5,14.36,21.75,,,,5.0,23.5,17.0,7.88,7.0,,7.0,14.0,-6.74,12.31,6.8,73,0.627569832,0.7494790735
2021,3,BYU,Utah,-7.0,9,26,17,-8.28,0.78,-1.55,-3.5,1.63,-3.89,-8.22,6.0,1.51,10.0,-9.02,0.29,2.15,-1.94,-0.19,10.53,-1.0,3.75,0.42,-1.0,,5.38,,,0.28,0.09,2.08,-7.52,-3.71,9.0,-6.0,-5.0,1.49,-15.75,-0.01,,-3.6,,-2.1,-6.0,-3.2,8.83,,,,1.0,-0.8,6.0,-5.93,-4.2,,-7.0,6.0,5.45,-0.97,5.58,43,0.6571537019,0.4954954804
2021,3,Boise St.,UTEP,26.0,41,54,13,20.89,11.49,13.49,19.57,21.31,19.81,21.36,14.0,20.82,14.0,21.65,5.27,23.25,18.39,20.91,24.04,11.0,27.05,31.41,39.5,21.52,20.55,,,1.3,21.31,12.61,20.04,20.68,27.0,28.0,35.0,24.19,16.28,30.8,,29.2,,26.8,25.5,23.6,17.6,,,,-1.0,28.6,28.0,33.66,23.5,,26.0,20.0,-1.2,31.19,8.56,67,0.3888804879,0.8768634911
2021,3,Bowling Green,South Alabama,-14.0,-3,19,22,-10.76,-14.98,-8.77,-14.7,-10.81,-17.53,-8.99,-8.0,-20.23,-15.0,-11.61,-11.48,-24.19,-8.33,-14.17,-33.01,-2.0,-24.35,-13.84,-12.63,-21.64,-1.7,,,-1.34,-14.98,-15.81,-10.71,-10.9,-15.0,-15.0,-17.0,-5.68,-15.48,-20.5,,-18.3,,-18.5,-14.0,-23.1,-3.45,,,,-8.0,-18.6,-24.0,-15.95,-11.4,,-14.0,2.5,-20.7,-16.54,7.45,41,0.4961328268,0.2095453302
2021,3,Coastal Carolina,Kansas,26.5,27,49,22,13.32,24.07,-0.58,20.86,12.58,17.15,12.54,23.0,32.17,16.5,15.77,18.65,20.74,14.0,21.42,32.68,1.0,28.95,25.29,35.0,,23.63,,,0.52,22.88,17.2,11.16,22.76,26.0,27.0,28.0,28.33,17.01,31.4,,29.4,,25.0,26.5,41.32,30.1,,,,5.0,25.3,35.0,13.16,23.5,,26.0,26.5,15.9,17.92,9.83,71,0.3927796066,0.8743592031
2021,3,Colorado,Texas A&M,-17.5,-3,7,10,-14.64,-11.93,-8.96,-10.01,-12.51,-16.25,-12.47,-4.0,-17.51,-14.5,-16.58,-8.21,-15.14,-8.25,-13.82,-13.45,3.0,-21.35,-19.28,-34.06,,-5.75,,,-0.62,-14.15,-12.89,-13.8,-16.99,-19.0,-17.0,-15.0,-15.23,-7.88,-12.2,,-17.1,,-11.5,-17.5,-19.09,-24.05,,,,-5.0,-9.7,-20.0,-16.51,-24.0,,-17.0,-1.0,-6.76,-19.57,6.23,17,0.5854276363,0.208850095
2021,3,Colorado St.,Vanderbilt,7.0,-3,21,24,6.83,5.18,-0.74,7.65,3.56,8.15,6.42,12.0,0.94,0.5,7.2,8.01,4.95,9.93,6.22,15.27,2.0,11.25,17.26,9.25,,1.34,,,0.01,6.27,1.02,6.66,9.82,7.0,1.0,5.0,6.13,-0.21,3.4,,3.7,,2.6,7.0,18.71,17.97,,,,-7.0,1.5,11.0,5.71,12.5,,6.5,16.0,-11.02,3.4,6.28,45,0.481776969,0.6422137772
2021,3,Connecticut,Purdue,-34.0,-49,0,49,-31.96,-14.47,-24.26,-16.29,-30.14,-27.16,-32.87,-16.0,-27.04,-15.0,-31.83,-6.08,-36.44,-12.26,-25.36,-23.39,-2.0,-38.65,-24.45,-26.38,-32.07,-10.26,,,-1.11,-27.16,-32.87,-31.87,-28.85,-27.0,-32.0,-31.0,-19.75,-25.62,-33.2,,-34.4,,-27.4,-33.0,-42.68,-27.5,,,,-20.0,-29.1,-34.0,-31.26,-25.5,,-34.0,-16.5,-7.07,-36.28,10.15,49,0.6767227315,0.0891608274
2021,3,East Carolina,South Carolina,-2.5,-3,17,20,-8.94,-1.67,-14.65,-7.89,-7.83,-1.31,-7.56,10.0,-6.08,-5.0,-8.9,1.28,-6.48,-4.16,-3.68,5.6,-4.0,-1.65,3.36,-14.38,,5.69,,,-0.37,-5.06,-10.83,-9.6,-7.61,-2.0,-3.0,-6.0,-5.11,4.84,-4.2,,-2.2,,-6.8,-2.5,1.5,8.35,,,,-13.0,-5.7,8.0,-10.78,1.9,,-2.0,7.0,-15.0,-9.06,6.73,37,0.472717242,0.4154905215
2021,3,Florida Atlantic,Georgia Southern,7.0,32,38,6,6.27,2.69,5.27,0.48,6.65,4.24,5.4,4.0,6.61,-1.5,9.4,0.01,2.22,1.32,3.3,-4.79,-5.0,4.15,6.42,3.88,,2.22,,,0.61,3.94,4.94,3.49,10.82,2.0,4.0,11.0,2.21,2.57,1.7,,9.2,,1.6,6.5,11.54,1.55,,,,4.0,-0.01,7.0,8.83,5.5,,7.5,3.0,-33.44,8.9,6.91,44,0.4153842012,0.5755850953
2021,3,Florida Intl.,Texas St.,2.5,-6,17,23,7.41,8.65,0.94,12.76,-2.1,-1.5,6.98,3.0,7.83,5.5,6.32,9.21,-0.36,0.52,2.78,-3.67,1.0,0.55,6.38,4.38,,1.19,,,0.01,3.13,1.45,8.71,1.93,8.0,-2.0,6.0,5.11,-0.55,-3.8,,3.0,,-4.5,2.5,9.86,-19.64,,,,6.0,-7.9,5.0,3.06,3.2,,2.0,5.0,5.85,1.47,5.6,40,0.5066358595,0.565589335
2021,3,Georgia,UAB,23.0,49,56,7,22.44,17.81,20.69,19.55,25.32,26.76,20.75,12.0,21.58,16.5,21.74,15.28,32.54,16.62,21.45,19.18,7.0,28.65,20.03,35.06,,12.85,,,1.82,21.72,24.06,24.13,23.93,32.0,29.0,30.0,22.36,10.25,33.6,,31.2,,31.4,23.0,21.69,17.57,,,,9.0,31.3,22.0,30.33,11.4,,24.5,11.0,3.15,30.49,8.23,63,0.4654578704,0.8848751276
2021,3,Iowa St.,Iowa,4.0,-10,17,27,-0.79,0.73,-4.59,-3.23,-9.34,-0.01,1.77,3.0,-8.49,0.5,-3.09,6.86,-4.0,1.5,-0.09,-4.1,-9.0,-10.95,5.64,0.69,,2.29,,,-0.49,0.61,-9.4,0.54,2.31,-5.0,5.0,2.0,0.9,5.27,6.0,,-7.8,,6.9,3.5,1.57,2.97,,,,-8.0,8.1,3.0,-4.69,7.9,,4.5,0.5,12.71,-3.07,5.54,44,0.4038950519,0.4978643509
2021,3,Kentucky,Missouri,5.5,7,35,28,2.11,3.97,5.53,6.36,3.2,5.69,2.43,-2.0,4.69,3.0,3.37,3.49,7.82,3.2,4.27,6.01,4.0,6.15,3.14,7.13,5.39,5.19,,,0.27,4.0,4.0,0.62,6.86,8.0,3.0,6.0,4.44,-1.66,3.9,,2.2,,5.2,5.5,6.1,6.6,,,,9.0,3.9,4.0,3.41,2.2,,5.0,7.5,3.63,3.21,2.33,63,0.4694461746,0.60493274
2021,3,Massachusetts,Boston College,-37.5,-17,28,45,-32.29,-23.71,-19.45,-28.75,-24.12,-31.49,-30.66,-18.0,-42.46,-23.0,-33.79,-11.22,-37.09,-13.25,-28.41,-29.92,-9.0,-39.55,-37.5,-38.75,,-9.9,,,-1.21,-30.88,-29.06,-31.57,-30.31,-37.0,-36.0,-35.0,-22.7,-26.46,-36.3,,-38.2,,-32.5,-37.0,-40.96,-8.75,,,,-13.0,-31.1,-46.0,-35.81,-18.0,,-37.0,-16.5,-42.12,-39.12,11.24,73,0.6798835594,0.0720442116
2021,3,Miami (Fla.),Appalachian St.,8.5,2,25,23,2.59,4.86,3.05,-7.2,8.83,-0.14,3.52,4.0,6.36,-5.0,3.62,3.86,7.01,1.99,4.52,-0.61,-1.0,7.45,6.07,-1.69,6.35,3.01,,,-0.53,4.01,8.33,1.11,8.91,6.0,6.0,15.0,4.01,17.15,15.2,,7.5,,16.1,8.0,8.02,-1.4,,,,-1.0,16.8,8.0,-0.86,5.0,,8.5,3.5,-21.33,11.93,6.84,48,0.408945499,0.6031463206
2021,3,Michigan,Washington,6.5,21,31,10,8.55,16.1,11.78,4.77,11.07,4.16,5.29,2.0,20.02,9.0,10.1,13.49,6.2,5.36,7.84,8.24,-2.0,3.95,7.76,18.75,,1.21,,,-0.35,7.8,13.12,8.49,13.26,8.0,1.0,7.0,11.1,-2.32,1.5,,16.7,,1.7,6.5,11.33,7.83,,,,13.0,2.3,3.0,5.07,3.3,,6.5,6.5,7.38,7.98,5.12,41,0.5320145154,0.6808291427
2021,3,Minnesota,Miami (Ohio),18.5,5,31,26,12.46,12.05,19.85,16.02,18.89,19.2,11.53,5.0,22.24,9.5,14.7,5.25,22.61,14.91,16.03,9.11,6.0,28.55,14.18,31.06,23.31,9.58,,,0.31,15.3,19.34,10.79,20.49,21.0,19.0,24.0,19.79,19.23,15.3,,22.2,,12.8,18.5,15.37,12.05,,,,13.0,8.6,20.0,23.96,14.0,,19.5,11.5,6.99,26.63,6.43,57,0.4426597753,0.8253709853
2021,3,Mississippi St.,NC St.,-1.5,14,24,10,-6.28,-5.03,2.15,2.23,-1.18,2.45,-4.78,2.0,-6.74,2.5,-9.11,-3.89,-0.36,3.44,-1.51,0.01,-2.0,-2.55,1.96,0.01,-0.74,1.36,,,0.3,-0.74,-3.01,-4.22,-4.63,2.0,0.0,-4.0,-2.03,-7.96,0.6,,-7.1,,1.8,-1.5,-6.8,-2.1,,,,-6.0,1.0,-1.0,9.28,0.4,,-2.5,1.0,-8.23,1.42,3.92,34,0.4997560088,0.4632096227
2021,3,Navy,Air Force,-6.5,-20,3,23,-4.58,-9.85,-1.68,-8.82,-5.77,-1.51,-4.0,-6.0,-9.64,-3.5,-3.92,-9.99,-19.49,-4.33,-6.57,-10.13,-2.0,-11.85,-6.92,-11.25,,4.18,,,-0.24,-6.36,-10.23,-5.55,-6.33,-9.0,-6.0,-3.0,-9.22,4.53,-6.8,,-6.4,,-6.5,-6.5,-9.33,-8.23,,,,-4.0,-5.8,-10.0,-5.78,-3.3,,-5.5,-0.5,-20.15,-8.07,5.08,26,0.4983243892,0.3467116426
2021,3,Nebraska,Buffalo,13.5,25,28,3,-3.28,-1.12,13.08,-6.28,3.32,-2.92,-1.28,1.0,-2.8,-4.5,-5.26,0.01,2.71,4.3,1.76,-0.15,13.0,6.45,4.11,-5.31,,-9.19,,,-0.48,1.5,-0.69,-2.23,3.89,-1.0,11.0,9.0,-2.5,20.88,7.1,,4.8,,7.8,12.0,8.59,-0.67,,,,5.0,6.2,6.0,6.66,5.4,,13.5,2.0,-16.53,8.36,6.92,31,0.2489027426,0.5404765073
2021,3,New Mexico,New Mexico St.,20.0,9,34,25,22.53,14.26,10.5,8.32,18.15,19.08,24.15,20.0,17.47,12.0,21.69,12.13,18.36,13.14,16.38,17.19,8.0,18.25,19.81,10.19,,3.3,,,0.41,18.05,16.06,22.8,14.07,16.0,21.0,17.0,8.91,21.53,20.2,,19.1,,18.1,19.5,22.92,6.4,,,,-1.0,18.4,18.0,11.33,25.0,,18.5,18.5,39.24,21.59,7.45,59,0.4182189471,0.8248910088
2021,3,North Carolina,Georgia St.,26.0,42,59,17,16.62,15.92,14.53,18.97,21.7,18.23,15.6,8.0,28.03,9.0,17.69,7.85,19.87,8.87,20.27,13.1,8.0,27.35,24.15,33.75,23.03,9.41,,,0.19,20.5,22.11,16.04,25.99,30.0,23.0,29.0,24.19,17.06,28.4,,26.7,,25.3,25.5,29.2,24.05,,,,16.0,24.4,30.0,20.47,20.5,,26.0,23.0,16.9,30.09,7.48,76,0.3720231966,0.8759546745
2021,3,Northern Ill.,Wyoming,-7.0,-7,43,50,4.65,-0.88,0.77,-2.06,2.78,-4.66,3.48,-4.0,1.8,-1.5,5.48,-2.67,-9.51,-7.96,-2.53,-0.94,-4.0,-8.95,1.44,-4.88,,5.03,,,-1.03,-2.37,2.25,4.29,4.23,-6.0,-6.0,-12.0,-2.78,-7.99,-7.4,,0.01,,-5.7,-6.5,-4.78,0.4,,,,11.0,-2.8,-14.0,-13.32,-13.0,,-6.5,-4.5,3.68,-9.42,5.88,93,0.6041377858,0.4405939234
2021,3,Notre Dame,Toledo,16.5,3,32,29,7.48,13.98,17.25,16.73,15.88,17.55,6.59,6.0,13.12,20.5,6.54,14.55,24.68,15.95,15.7,16.08,-6.0,23.15,7.7,35.5,,23.05,,,0.51,16.01,17.92,8.94,18.25,27.0,19.5,20.0,23.54,19.98,17.7,,14.3,,16.3,16.5,15.49,18.45,,,,10.0,13.9,15.0,28.35,14.5,,17.0,2.0,0.77,22.69,7.51,61,0.4818312584,0.8143595073
2021,3,Ohio St.,Oregon,14.5,-7,28,35,12.01,16.17,12.68,17.69,15.55,14.84,10.7,9.0,22.77,23.0,13.19,11.76,22.36,12.6,14.61,23.91,12.0,23.65,11.32,14.06,24.77,8.59,,,0.28,14.84,17.43,11.37,16.86,25.0,11.5,9.0,10.16,0.12,13.6,,17.5,,13.3,14.5,22.38,16.0,,,,7.0,14.4,21.0,19.03,15.0,,14.5,20.0,-5.86,15.01,6.69,63,0.5025471354,0.801784597
2021,3,Oklahoma St.,Tulsa,12.5,5,28,23,15.19,14.67,9.92,12.96,12.37,5.74,14.53,10.0,13.32,13.0,13.73,15.56,11.91,12.5,11.9,3.08,1.0,7.75,12.77,27.63,,11.03,,,0.66,12.44,17.0,17.14,9.92,11.0,14.0,21.0,19.54,12.18,15.4,,11.7,,15.6,12.5,6.99,5.95,,,,13.0,16.0,11.0,11.25,11.6,,12.5,4.5,-5.55,12.63,5.14,51,0.4856573212,0.7621380677
2021,3,Oregon St.,Hawaii,11.0,18,45,27,11.56,9.69,10.98,-0.36,14.23,4.51,10.86,3.0,16.37,-8.0,13.44,5.23,10.47,3.18,9.22,4.54,-1.0,14.95,7.51,5.13,9.25,0.92,,,-0.37,10.47,12.94,10.02,13.74,13.0,11.0,12.0,7.51,16.3,15.7,,14.9,,15.8,11.0,19.19,17.25,,,,14.0,15.2,9.0,7.62,6.6,,11.0,7.0,-12.99,16.18,6.91,72,0.4590572815,0.7028196535
2021,3,Penn St.,Ball St.,22.5,31,44,13,18.98,11.36,20.53,14.98,21.02,12.46,15.96,3.0,22.76,9.0,20.74,3.77,18.85,15.06,16.12,6.75,12.0,22.35,11.85,25.94,,0.82,,,0.65,18.83,21.33,18.58,23.1,21.0,20.5,20.0,18.8,15.29,25.0,,26.9,,20.4,22.0,23.65,17.57,,,,17.0,19.1,12.0,24.31,17.5,,22.5,19.5,-22.2,29.27,9.32,57,0.3644540373,0.8093982209
2021,3,Rice,Houston,-8.0,-37,7,44,-8.23,-2.4,0.49,-1.11,-3.39,-5.91,-8.6,-3.0,-3.02,-4.5,-7.7,-1.98,-4.94,-5.49,-4.47,6.8,-11.0,1.55,-11.62,-13.06,3.97,-2.81,,,-1.03,-4.5,0.97,-8.62,-7.79,-3.0,-8.0,-9.0,-2.83,-1.75,-10.3,,-6.9,,-8.8,-7.5,-2.04,-1.2,,,,3.0,-10.5,-1.0,-6.59,-4.8,,-8.0,-4.5,-12.69,-9.01,4.44,51,0.584784763,0.3931281629
2021,3,SMU,North Texas,22.5,23,35,12,17.06,13.41,10.38,10.66,13.88,14.9,16.66,15.0,20.08,12.5,17.87,8.97,21.48,15.76,16.45,18.0,3.0,21.45,20.17,32.13,,18.25,,,0.23,16.83,15.88,16.5,15.18,23.0,26.0,23.0,21.7,20.0,15.6,,19.8,,15.4,21.5,23.55,19.82,,,,6.0,13.9,24.0,21.1,17.0,,22.5,8.5,1.05,18.34,5.86,47,0.3603427483,0.8345149713
2021,3,South Florida,Florida,-28.5,-22,20,42,-24.31,-25.55,-20.65,-28.83,-29.07,-23.53,-22.36,-14.0,-36.84,-22.5,-25.11,-18.03,-39.3,-12.46,-25.47,-24.63,3.0,-34.25,-20.68,-49.31,-33.26,-16.08,,,-1.5,-25.7,-32.91,-24.4,-26.03,-32.0,-29.0,-31.0,-32.21,-11.66,-27.2,,-27.1,,-29.3,-28.5,-36.66,-27.6,,,,-14.0,-25.7,-30.0,-31.93,-24.5,,-28.5,-5.0,-20.63,-32.36,9.25,62,0.5654976222,0.082822903
2021,3,Syracuse,Rutgers,-2.5,-10,7,17,-0.75,-5.78,-4.65,12.8,-0.41,6.73,-0.24,-3.0,-5.85,7.5,-2.8,-5.74,-6.3,0.3,-1.04,-3.07,3.0,-6.75,1.79,5.06,-2.62,0.97,,,0.84,-1.22,-5.0,0.97,-5.59,1.0,-2.0,-3.0,-1.22,-3.29,-1.7,,-2.3,,-2.6,-2.5,1.31,-0.35,,,,1.0,0.01,-3.0,0.71,-1.0,,-2.5,3.5,-8.33,-1.77,4.03,24,0.5355172094,0.4746835712
2021,3,TCU,California,11.5,2,34,32,10.7,18.51,8.31,15.46,10.53,13.92,9.58,8.0,17.92,15.5,10.12,18.9,17.52,10.53,13.9,4.58,-1.0,16.75,16.38,34.44,,11.14,,,1.13,13.44,13.87,11.73,16.25,17.0,9.0,10.0,21.01,8.56,21.4,,14.4,,18.6,11.5,18.81,5.01,,,,8.0,24.6,11.0,9.06,13.0,,11.0,11.5,20.37,11.74,5.48,66,0.5568243377,0.7960967693
2021,3,Tennessee,Pittsburgh,-4.0,-7,34,41,1.63,-3.83,3.17,-2.93,2.93,-3.17,1.63,-5.0,-4.69,0.01,1.3,-3.25,0.01,0.86,-0.78,-1.66,1.0,-0.15,-6.32,-9.63,7.23,-2.44,,,0.65,-0.15,-1.11,1.96,-2.91,1.0,0.0,-2.0,-3.23,-7.22,5.3,,-5.1,,3.5,-3.5,-8.64,4.42,,,,2.0,5.3,-6.0,5.08,-2.1,,-3.0,2.0,-0.68,0.01,3.68,75,0.5783169591,0.4809125753
2021,3,Troy St.,Liberty,-4.0,-8,13,21,5.14,-4.6,3.39,4.55,6.02,-1.86,4.84,-6.0,-0.97,0.5,5.69,-7.01,-1.61,-0.66,-2.06,-4.04,10.0,1.15,7.23,0.01,,-15.08,,,-0.25,-1.74,1.36,4.76,10.49,-3.0,-5.0,-14.0,-4.26,-5.44,-9.4,,-1.3,,-8.7,-4.0,-8.46,-4.2,,,,5.0,-7.7,-6.0,-2.27,-2.8,,-5.0,-4.5,-17.29,-1.37,6.68,34,0.5448452579,0.4523936283
2021,3,USC,Stanford,17.0,-14,28,42,14.25,18.81,7.49,14.97,15.83,17.15,11.72,14.0,19.17,11.5,14.48,18.57,19.02,12.59,15.8,14.95,2.0,20.05,12.17,29.19,16.17,13.97,,,0.38,15.2,14.29,15.2,15.01,15.0,14.5,17.0,22.81,18.29,23.3,,17.8,,19.6,17.0,25.43,14.5,,,,11.0,20.9,23.0,14.05,22.0,,17.0,11.0,-4.2,15.36,5.9,70,0.4717555426,0.8245792914
2021,3,Virginia,Illinois,10.5,28,42,14,6.98,11.54,4.74,19.28,7.3,8.25,6.56,8.0,11.77,13.0,6.99,11.39,8.12,6.43,10.04,7.01,-3.0,11.85,19.71,25.56,,8.92,,,0.57,9.58,8.75,7.15,12.42,13.0,13.0,13.0,16.12,5.23,9.3,,10.5,,11.9,10.5,12.23,-5.9,,,,10.0,10.3,17.0,7.19,7.5,,10.0,7.5,14.53,9.86,4.95,56,0.4889653666,0.7270052204
2021,3,Virginia Tech,Middle Tenn.,20.0,21,35,14,15.02,9.5,10.81,11.7,17.24,18.42,14.98,12.0,14.1,10.5,13.15,6.44,27.39,15.98,17.33,18.69,5.0,20.55,13.21,32.88,,18.9,,,0.77,17.63,18.01,16.96,18.95,22.0,21.0,27.0,24.79,22.38,23.0,,22.3,,24.8,20.0,15.61,28.1,,,,8.0,25.6,24.0,18.3,7.3,,20.0,14.5,6.04,23.23,6.72,49,0.4384568525,0.8426209181
2021,3,Wisconsin,Eastern Mich.,26.0,27,34,7,16.89,15.32,24.25,20.51,25.2,22.48,16.05,12.0,23.24,9.0,19.57,10.05,26.83,17.18,21.34,17.11,8.0,31.75,26.36,44.25,,18.17,,,0.98,23.62,20.98,14.63,19.99,28.0,32.0,32.0,27.35,32.57,29.3,,27.5,,25.9,26.0,24.01,26.8,,,,10.0,24.1,25.0,33.62,24.0,,25.5,15.5,-20.24,35.49,9.96,41,0.4018153894,0.8725800145
2021,4,Air Force,Utah St.,9.0,-4,45,49,4.93,6.33,2.33,8.9,-1.59,15.16,0.45,10.0,8.28,9.0,3.68,5.28,20.1,12.0,8.31,11.54,-4.0,6.95,9.81,19.06,13.98,6.76,,,0.96,9.0,3.06,7.92,-0.01,20.0,11.0,5.0,10.24,4.28,11.1,,10.6,,9.0,9.0,-3.43,-1.4,,,,-1.0,10.3,10.0,15.98,10.7,,8.5,22.0,13.2,9.54,6.17,94,0.4838407845,0.6872096099
2021,4,Arkansas,Georgia Southern,23.5,35,45,10,20.59,16.49,23.01,33.67,29.86,11.73,29.19,11.0,30.6,7.0,22.02,8.9,21.7,12.01,22.62,23.91,30.0,36.15,18.1,31.19,32.14,7.24,,,0.66,23.01,27.2,15.9,29.0,16.0,18.0,31.0,27.45,17.71,29.1,,30.1,,29.2,23.5,35.14,43.3,,,,25.0,30.0,23.0,8.95,17.5,,23.5,15.0,21.26,28.48,9.49,55,0.4810262092,0.8893305466
2021,4,Army,Connecticut,34.5,31,52,21,31.54,24.2,21.51,40.19,34.41,38.27,40.5,26.0,30.65,29.5,32.88,20.72,40.13,19.53,32.55,37.37,41.0,46.35,32.55,36.63,42.99,25.79,,,1.08,33.55,37.06,26.92,35.82,40.0,31.0,32.0,29.31,26.94,38.9,,39.3,,34.5,34.5,33.55,40.25,,,,28.0,35.7,38.0,31.44,29.0,,34.0,27.5,42.06,35.33,8.27,73,0.4566283728,0.9654923597
2021,4,BYU,Arizona St.,-3.0,10,27,17,-5.45,5.71,0.01,3.86,6.18,0.99,1.82,6.0,3.87,12.5,-5.24,6.72,4.16,10.17,3.25,7.0,-3.0,5.95,5.09,8.44,4.78,12.26,,,-0.01,3.87,4.33,-8.46,1.12,12.0,-2.0,-1.0,5.93,-6.53,2.1,,0.8,,0.6,-2.0,-2.98,6.5,,,,1.0,2.1,5.0,4.04,-3.4,,-3.5,2.0,15.21,-1.83,5.37,44,0.6454011045,0.5768829007
2021,4,Boise St.,Oklahoma St.,3.5,-1,20,21,3.38,3.16,-0.12,2.74,8.36,3.49,2.82,1.0,12.94,-0.5,5.8,-2.12,-3.91,-3.01,2.52,10.08,9.0,3.25,5.85,1.31,-3.93,1.88,,,-0.13,1.9,1.52,0.97,5.8,2.0,4.0,2.0,-0.14,-4.56,-0.9,,8.8,,-2.8,3.5,2.6,17.35,,,,6.0,-2.7,1.0,0.79,1.9,,4.0,8.5,-0.22,2.9,4.61,41,0.4763640555,0.5605790389
2021,4,Buffalo,Coastal Carolina,-14.0,-3,25,28,-1.54,-3.64,-1.7,-5.25,-5.21,0.58,-7.07,-6.0,6.58,-3.5,-0.68,-9.14,-5.82,-5.32,-4.8,-11.14,-22.0,-4.35,-2.04,-9.69,-8.56,-6.37,,,0.29,-5.16,-1.99,0.23,-3.2,5.0,-11.0,-12.0,-10.24,-5.16,-9.9,,-3.5,,-7.0,-12.5,-20.35,-15.7,,,,-4.0,-8.7,-6.0,3.67,-4.0,,-14.0,3.5,-5.74,-2.0,5.76,53,0.7070361404,0.3881225475
2021,4,Clemson,Georgia Tech,27.5,6,14,8,22.99,22.26,15.84,12.29,24.0,35.73,20.94,18.0,30.68,18.0,22.62,17.73,37.91,17.33,25.94,25.19,7.0,32.65,29.34,46.44,36.99,22.93,,,1.84,25.61,27.67,24.66,25.61,39.0,29.0,29.0,32.5,18.87,29.6,,32.8,,27.1,27.5,42.08,5.0,,,,5.0,26.7,36.0,40.39,24.5,,28.5,16.0,33.59,35.62,9.87,22,0.4667482857,0.9173651294
2021,4,Colorado,Minnesota,2.5,-30,0,30,4.35,2.89,0.41,17.17,1.56,-0.96,4.8,2.0,4.06,1.5,5.33,2.26,1.96,3.67,2.03,2.48,12.0,2.45,-3.18,-6.0,-1.07,7.11,,,0.13,1.96,3.47,3.17,3.7,-2.0,-3.0,1.0,1.93,-1.71,1.4,,1.0,,3.3,2.5,13.19,-1.35,,,,11.0,4.9,-8.0,-10.81,-1.4,,3.0,15.5,-3.83,-3.99,5.46,30,0.4888314881,0.5481274341
2021,4,Duke,Northwestern,-2.5,7,30,23,-0.57,-4.37,-6.69,7.84,-3.43,-2.42,3.21,-4.0,2.3,-2.5,0.39,-7.97,-21.4,-11.94,-5.48,-11.48,6.0,-13.05,1.11,-8.81,-20.48,-6.29,,,-1.12,-5.5,-7.05,-3.69,0.75,-11.0,-2.0,-8.0,-9.39,0.81,-12.5,,-2.5,,-10.3,-2.5,-0.71,11.9,,,,8.0,-11.6,-9.0,-11.13,-3.3,,-2.5,-5.5,-22.06,-6.9,7.4,53,0.4324482272,0.377184672
2021,4,Florida,Alabama,-14.0,-2,29,31,-8.03,-10.77,-5.7,-4.53,-7.37,-7.81,-7.0,-9.0,-13.61,-9.0,-7.54,-9.23,-19.1,-8.02,-10.15,-14.08,-11.0,-17.05,-13.34,-2.25,-26.97,-1.25,,,-0.24,-9.96,-9.96,-9.27,-7.8,-17.0,-15.0,-12.0,-0.95,-11.51,-13.9,,-13.0,,-10.1,-13.5,-11.76,-1.75,,,,-1.0,-13.3,-17.0,-12.53,-12.2,,-14.5,-5.0,-19.62,-14.71,5.66,60,0.5903499289,0.2734989914
2021,4,Georgia,South Carolina,31.5,27,40,13,23.04,21.37,12.28,21.53,28.78,26.87,23.66,19.0,26.34,21.0,22.76,18.69,32.88,16.88,26.13,28.41,9.0,39.85,24.34,30.44,36.25,24.14,,,2.1,26.15,26.15,23.12,24.89,30.0,32.0,32.0,26.74,21.01,31.7,,34.2,,29.2,31.0,46.58,36.8,,,,8.0,29.0,36.0,23.81,25.0,,32.0,18.5,37.79,30.06,8.79,53,0.3836413509,0.9250631282
2021,4,Georgia St.,Charlotte,5.0,11,20,9,0.31,-8.67,-2.37,-32.61,-7.74,-0.49,-8.2,6.0,-18.34,-1.0,-1.57,-3.47,-0.33,11.31,0.71,8.6,-38.0,-2.25,3.9,-6.19,5.18,6.94,,,0.52,0.31,-6.81,5.9,-0.15,2.0,2.0,0.01,-0.24,15.05,12.0,,-0.6,,12.3,5.0,12.62,3.85,,,,-14.0,14.2,4.0,3.51,5.0,,4.0,5.0,7.5,-1.56,10.66,29,0.4112360259,0.5148104941
2021,4,Hawaii,San Jose St.,-7.0,-4,13,17,-4.6,-15.22,-3.21,-4.13,-5.48,-2.12,-5.0,-6.0,-18.58,-1.5,-5.21,-13.41,-3.92,-5.98,-5.33,-5.88,-9.0,-6.95,-6.41,-6.81,-5.47,-8.17,,,0.01,-5.21,-5.25,-3.82,-1.29,-2.0,-3.0,-10.0,-6.26,-5.58,-2.2,,-7.2,,-4.3,-7.0,-18.95,13.2,,,,-4.0,-3.5,-5.0,0.31,-2.6,,-7.0,-3.0,-7.43,-5.55,5.09,30,0.5398952914,0.3745963513
2021,4,Illinois,Maryland,-7.0,-3,17,20,-5.85,-16.12,-4.72,-21.04,-3.28,-3.11,-9.96,-7.0,-21.81,-4.0,-5.94,-13.05,-2.68,-4.02,-7.33,-6.0,-29.0,-7.75,-9.96,-13.0,-10.05,-5.05,,,-0.16,-6.88,-8.16,-4.18,-5.0,-4.0,-5.0,-10.0,-11.65,-2.74,-11.2,,-12.3,,-12.2,-7.0,-11.31,11.95,,,,-7.0,-14.3,-2.0,4.16,-4.3,,-7.5,-8.5,-6.88,-6.4,6.73,37,0.492364582,0.3353646939
2021,4,Indiana,Cincinnati,-4.0,-14,24,38,-1.34,-4.92,6.05,-9.46,-4.94,-8.49,-3.92,-3.0,-2.92,-8.0,-1.57,-5.99,-1.52,5.26,-2.55,-2.01,-12.0,2.45,-4.0,-11.5,-1.06,-0.01,,,-0.94,-2.73,0.96,0.12,-1.7,2.0,-3.0,-2.0,-2.73,13.23,-4.3,,-4.8,,-3.1,-4.0,-4.2,-19.1,,,,-4.0,-3.9,2.0,1.23,-1.5,,-3.5,-4.5,-4.69,-1.53,5.13,62,0.5346283897,0.4392616947
2021,4,Iowa,Kent,22.5,23,30,7,16.32,16.37,25.33,12.0,28.55,29.45,20.69,18.0,19.91,20.5,15.28,14.47,41.1,18.14,25.13,32.68,10.0,34.85,20.43,47.69,38.2,15.84,,,1.0,25.33,26.97,15.78,22.0,32.0,21.0,32.0,30.28,21.93,29.4,,27.5,,23.9,22.5,31.43,40.75,,,,17.0,26.4,29.0,30.15,23.5,,23.0,18.5,29.98,34.9,8.57,37,0.5579602362,0.9182105685
2021,4,Kansas,Baylor,-17.5,-38,7,45,-10.85,-14.88,-7.22,-18.58,-8.3,-14.26,-11.2,-11.0,-30.83,-13.0,-11.34,-6.29,-18.39,-6.92,-14.26,-8.86,-30.0,-14.15,-23.03,-33.63,-14.55,-4.09,,,-1.14,-14.15,-16.83,-10.21,-17.42,-21.0,-14.0,-14.0,-16.26,-20.09,-19.6,,-24.8,,-17.4,-17.0,-14.79,-2.4,,,,-8.0,-15.1,-14.0,-21.62,-8.3,,-18.0,-10.0,-13.33,-16.9,6.71,52,0.5745641556,0.2039882037
2021,4,Kansas St.,Nevada,-1.5,21,38,17,7.92,-1.24,5.95,3.85,11.79,9.87,8.36,-1.0,-5.73,3.0,7.23,1.18,11.97,1.93,5.32,-0.24,4.0,6.15,5.43,10.69,5.0,-1.52,,,0.77,6.15,7.51,8.52,6.14,3.0,-2.0,1.0,7.26,7.58,7.4,,1.3,,7.3,-0.5,6.95,17.4,,,,7.0,8.9,-2.0,11.7,-0.2,,-1.0,10.5,1.1,8.51,4.7,55,0.659800055,0.6260159784
2021,4,LSU,Central Mich.,19.5,28,49,21,13.14,5.79,17.98,-2.48,12.13,23.53,10.57,4.0,1.09,15.5,12.65,8.31,18.28,13.76,14.63,14.58,2.0,21.35,11.28,33.69,26.38,14.7,,,0.79,14.58,12.32,15.25,12.22,25.0,21.0,22.0,20.91,19.36,14.8,,13.9,,14.9,19.0,3.63,10.7,,,,5.0,12.5,17.0,27.96,23.0,,19.5,5.5,27.21,19.84,7.51,70,0.3907801211,0.7975770133
2021,4,Liberty,Old Dominion,27.5,28,45,17,18.31,15.63,10.81,13.01,19.56,34.88,22.03,22.0,17.98,19.0,18.19,14.36,25.07,19.22,24.69,34.38,19.0,30.85,28.94,39.38,33.84,27.65,,,1.0,23.1,18.69,17.06,21.59,27.0,23.0,31.0,28.12,38.37,37.6,,27.2,,36.3,27.5,39.45,23.1,,,,10.0,35.6,37.0,19.72,24.5,,27.5,16.5,36.26,21.11,9.09,62,0.4389531653,0.9114619174
2021,4,Louisiana Tech,SMU,-11.0,-2,37,39,-6.96,-11.65,-8.64,-12.12,-2.61,-4.28,-6.88,-5.0,-22.73,-5.5,-7.13,-5.68,-6.3,-4.47,-8.0,-5.32,-24.0,-9.45,-9.38,-21.25,-5.6,-3.03,,,-0.53,-7.13,-8.43,-6.85,-12.37,-12.0,-15.0,-14.0,-11.43,-13.04,-7.0,,-13.2,,-4.9,-10.5,-10.22,10.7,,,,-6.0,-4.5,-12.0,-11.1,-7.9,,-12.5,5.0,-13.67,-10.6,5.9,76,0.5703079077,0.3183129185
2021,4,Louisiana-Lafayette,Ohio,19.5,35,49,14,9.68,21.82,9.8,3.6,11.42,16.62,16.98,17.0,18.72,20.5,9.09,23.48,14.73,18.73,16.45,23.89,8.0,17.55,16.26,33.81,20.3,24.12,,,-0.48,16.98,15.5,6.84,19.44,13.0,22.0,22.0,20.94,13.01,22.3,,15.8,,19.2,19.5,18.02,14.2,,,,5.0,23.3,26.0,13.26,16.5,,19.5,8.5,21.14,12.85,6.22,63,0.4290106531,0.8326905191
2021,4,Louisville,Central Florida,-7.0,7,42,35,-6.6,-9.65,1.69,-13.4,-6.51,-5.21,-9.56,-5.0,-9.03,-10.0,-6.34,-9.98,-5.67,-0.8,-5.19,-3.71,-20.0,-3.15,-2.75,-17.38,1.5,-8.02,,,-0.11,-5.67,-4.34,-5.58,-3.63,-1.0,-8.0,-6.0,-10.69,-0.58,-0.8,,-8.9,,1.1,-7.0,-6.41,-14.25,,,,2.0,0.3,2.0,-7.68,-7.1,,-7.0,1.5,-6.7,-6.54,4.94,77,0.5433449153,0.3774603439
2021,4,Marshall,East Carolina,10.0,-4,38,42,12.02,16.7,7.46,29.46,16.36,12.22,16.04,11.0,17.0,19.5,12.24,16.53,16.28,10.91,12.28,10.97,33.0,10.25,9.33,28.19,11.97,12.73,,,0.74,11.16,16.22,10.18,10.28,11.0,10.0,8.0,19.55,5.39,4.4,,11.7,,6.0,10.0,9.74,11.75,,,,14.0,5.0,9.0,12.28,10.0,,10.0,11.0,8.85,11.16,5.82,80,0.5536383321,0.7661866521
2021,4,Massachusetts,Eastern Mich.,-22.0,-14,28,42,-21.07,-7.08,-5.53,-20.99,-10.72,-18.35,-18.67,-15.0,-11.68,-10.5,-19.86,-4.59,-24.33,-12.72,-13.92,-20.34,-9.0,-18.95,-19.56,-7.38,-33.22,-0.39,,,-0.8,-15.0,-11.57,-23.43,-11.83,-20.0,-21.0,-11.0,-5.49,-9.2,-16.5,,-17.6,,-14.8,-21.0,-15.69,15.15,,,,2.0,-15.9,-26.0,-26.57,-9.6,,-22.0,-8.5,-21.16,-21.34,9.05,70,0.6708093222,0.2231129359
2021,4,Memphis,Mississippi St.,-3.5,2,31,29,0.18,1.05,-3.75,-1.24,-2.32,1.45,-1.73,0.25,-1.56,6.0,0.85,2.46,-0.68,0.74,-1.68,0.13,1.0,-4.55,1.98,-4.06,-8.35,6.94,,,-0.01,-0.23,-4.56,0.18,-0.23,5.0,-3.0,-6.0,-0.98,3.88,-11.4,,-1.7,,-13.3,-3.0,1.54,-26.7,,,,-3.0,-13.7,2.0,4.41,0.6,,-3.5,10.0,-4.32,-4.13,6.31,60,0.5424212001,0.4608310255
2021,4,Miami (Fla.),Michigan St.,7.0,-21,17,38,8.62,7.1,-8.37,-15.68,-1.4,4.0,2.65,9.0,7.66,5.5,7.66,6.8,3.42,3.15,4.9,-4.6,-23.0,4.95,6.76,2.5,-2.31,8.38,,,0.48,6.76,1.18,11.79,5.53,9.0,8.0,12.0,6.25,16.72,11.3,,8.9,,9.4,7.0,0.98,-3.05,,,,-9.0,10.3,12.0,1.11,8.3,,6.0,16.0,7.99,8.07,8.0,55,0.4529808517,0.6085897643
2021,4,Michigan,Northern Ill.,27.5,53,63,10,16.04,17.79,24.86,27.07,26.61,21.58,20.0,15.0,26.25,15.5,16.34,13.24,32.33,17.45,23.91,18.37,16.0,31.75,23.0,43.81,27.47,13.93,,,0.76,24.5,25.33,14.14,24.87,30.0,24.0,35.0,31.99,32.43,24.3,,31.3,,23.5,27.5,33.01,22.6,,,,17.0,20.3,25.0,32.76,24.5,,27.5,22.5,27.54,33.18,7.28,73,0.4185726218,0.91449621
2021,4,Mississippi,Tulane,14.0,40,61,21,12.15,4.64,9.24,4.83,12.08,6.3,12.33,7.0,-2.23,9.0,10.87,8.34,8.56,12.12,10.86,7.54,11.0,13.35,10.98,19.31,13.62,2.46,,,-0.18,11.58,11.21,13.25,11.29,7.0,15.0,16.0,16.03,11.58,12.6,,6.5,,15.6,13.5,23.67,18.65,,,,14.0,14.3,13.0,6.93,11.7,,14.0,9.0,18.98,11.73,4.99,82,0.425164952,0.7430022461
2021,4,North Carolina,Virginia,8.0,20,59,39,5.93,5.03,0.43,-3.04,-0.24,8.6,1.87,7.0,5.31,1.5,6.35,4.87,9.7,8.17,7.05,6.39,-14.0,7.25,6.48,3.44,10.44,6.15,,,-0.15,7.0,1.05,7.38,7.73,14.0,10.0,7.0,6.45,11.15,17.8,,8.3,,12.8,8.0,9.13,16.25,,,,-1.0,14.8,10.0,6.19,8.9,,8.0,20.5,0.79,8.29,6.01,98,0.4776859502,0.6610383418
2021,4,North Texas,UAB,-12.5,-34,6,40,-7.21,-2.9,-0.1,11.55,-8.91,0.74,-7.39,-6.0,-1.27,-3.5,-6.6,-3.77,-10.1,-8.48,-7.06,-17.07,6.0,-8.15,-8.62,-8.5,-11.82,-13.02,,,-0.34,-8.15,-8.55,-7.74,-2.05,-8.0,-14.0,-9.0,-8.9,-5.25,-8.9,,-10.1,,-8.7,-11.5,-24.24,-2.5,,,,3.0,-8.8,-13.0,-7.1,-11.5,,-12.0,-1.0,-16.39,-9.14,6.29,46,0.6249906954,0.3396214624
2021,4,Notre Dame,Purdue,7.5,14,27,13,6.49,9.9,-2.51,-4.0,3.26,5.69,5.22,8.0,2.53,19.5,5.15,13.89,5.75,10.34,7.54,8.25,-10.0,5.95,12.23,19.06,9.23,17.78,,,0.28,6.49,3.29,8.32,7.96,16.0,8.0,14.0,13.05,4.85,0.8,,5.0,,2.3,7.5,6.68,4.05,,,,-2.0,0.5,6.0,15.08,10.0,,7.5,7.0,18.25,5.98,6.47,40,0.500930889,0.6699752878
2021,4,Ohio St.,Tulsa,24.5,21,41,20,22.51,24.49,17.25,11.75,26.65,18.13,21.59,18.0,32.35,22.0,22.19,20.26,21.34,16.16,22.12,25.13,20.0,24.75,20.76,38.44,17.55,15.25,,,0.55,22.51,27.41,24.05,25.47,30.0,31.0,27.0,27.03,11.49,25.6,,28.6,,23.4,24.5,18.26,16.05,,,,17.0,23.4,19.0,34.65,23.0,,24.5,10.0,28.1,30.37,6.47,61,0.4447934063,0.9015224033
2021,4,Oklahoma,Nebraska,22.5,7,23,16,20.02,12.62,10.31,8.39,14.69,18.53,18.78,14.0,13.86,22.5,18.72,11.95,16.9,14.29,16.71,13.55,17.0,17.25,19.42,27.88,22.62,12.43,,,0.34,18.53,15.58,22.02,20.41,26.0,23.0,21.0,18.82,13.53,24.0,,21.3,,22.5,22.0,14.67,-13.75,,,,2.0,25.6,23.0,16.35,22.0,,22.5,15.5,24.63,21.09,7.35,39,0.370321885,0.8302799599
2021,4,Penn St.,Auburn,5.0,8,28,20,5.51,7.1,3.62,8.02,11.34,4.31,8.62,10.0,5.73,3.5,4.65,7.83,9.18,5.22,6.07,8.04,-10.0,10.15,0.83,3.06,8.62,7.09,,,0.26,5.51,2.05,5.19,4.21,6.0,7.0,5.0,7.5,5.86,1.7,,4.6,,1.4,5.0,4.79,16.2,,,,3.0,-0.9,7.0,4.84,5.4,,5.5,11.0,13.03,8.3,4.21,48,0.5259721398,0.6441526678
2021,4,Pittsburgh,Western Mich.,14.5,-3,41,44,8.27,12.99,15.63,16.64,13.77,16.11,12.65,7.0,20.88,14.5,8.5,8.74,14.11,8.83,14.9,18.54,23.0,18.15,7.47,32.25,20.14,13.93,,,-0.22,15.63,19.1,6.22,18.6,18.0,14.0,21.0,20.13,12.54,17.5,,17.7,,16.5,14.5,14.99,29.7,,,,20.0,15.8,20.0,6.23,12.9,,15.0,4.0,16.61,14.4,5.67,85,0.509465381,0.811620468
2021,4,San Diego St.,Utah,-8.5,2,33,31,-3.41,3.83,-0.97,12.69,-6.77,-3.08,3.49,2.0,1.12,6.5,-4.61,5.27,-6.14,0.97,-3.42,-2.69,5.0,-6.95,-5.66,-3.31,-8.38,-2.58,,,-1.43,-4.61,-4.49,-5.63,-4.02,-5.0,-7.0,-6.0,-5.53,-14.66,-6.5,,-7.4,,-6.7,-7.5,-10.04,6.5,,,,-4.0,-6.1,-8.0,-13.01,-7.6,,-9.0,10.5,-10.93,-11.56,6.04,64,0.6175756387,0.4202023468
2021,4,Southern Miss.,Troy St.,-11.0,-12,9,21,-5.89,-6.55,-4.21,-2.18,-13.43,-6.44,-5.33,-5.0,-15.66,-1.5,-7.5,-1.64,-16.09,,-7.84,-9.28,-11.0,-18.45,-12.43,-15.44,-15.24,-0.88,,,-0.45,-7.24,-9.83,-4.6,-8.2,-6.0,-8.0,-7.0,-6.87,-7.47,-10.2,,-12.1,,-9.1,-10.5,-16.5,-10.45,,,,-2.0,-10.5,-9.0,-1.88,-3.7,,-10.0,0.5,-6.45,-8.79,4.84,30,0.5755050356,0.3183195544
2021,4,Temple,Boston College,-15.0,-25,3,28,-11.01,-15.23,-8.63,-15.03,-10.49,-14.81,-8.91,-13.0,-28.31,-9.5,-11.73,-8.19,-13.2,-12.59,-13.74,-13.22,-26.0,-14.65,-16.19,-26.81,-14.82,-6.35,,,-0.2,-14.82,-16.1,-11.26,-16.49,-16.0,-16.0,-19.0,-15.66,-20.25,-22.0,,-20.0,,-21.3,-15.0,-20.53,12.1,,,,-9.0,-22.4,-22.0,-8.34,-15.0,,-15.5,8.0,-18.24,-16.88,7.7,31,0.5284680161,0.2180453567
2021,4,Texas,Rice,26.0,58,58,0,29.03,22.25,23.66,30.55,27.38,33.19,25.73,18.0,32.51,22.5,30.15,16.73,30.83,17.43,27.36,23.22,28.0,34.05,26.3,50.31,36.47,17.09,,,1.31,29.0,28.1,30.3,30.84,34.0,23.0,32.0,34.32,28.44,32.0,,27.9,,31.3,26.0,24.18,15.75,,,,18.0,33.2,29.0,29.12,24.5,,25.5,19.0,38.96,32.02,7.17,58,0.5311181097,0.9418856719
2021,4,Texas A&M,New Mexico,30.5,34,34,0,36.43,25.53,25.0,20.32,36.87,32.04,37.36,19.0,41.33,24.0,37.57,17.02,35.61,18.92,32.95,33.08,10.0,37.05,35.65,53.81,37.54,28.92,,,1.41,35.9,34.91,34.91,38.0,38.0,25.0,39.0,38.22,38.97,36.9,,40.8,,35.9,31.0,44.63,44.75,,,,16.0,35.3,44.0,31.48,25.5,,30.0,17.5,44.06,37.7,9.9,34,0.5520926916,0.9608933241
2021,4,Texas Tech,Florida Intl.,20.0,33,54,21,23.1,10.11,15.66,14.6,21.87,17.06,29.52,12.0,-0.99,15.0,21.26,16.09,25.56,,19.14,17.6,11.0,20.35,17.03,32.69,24.04,14.83,,,1.01,20.17,18.56,22.33,20.72,18.0,21.0,23.0,23.5,21.73,23.4,,18.7,,26.2,20.0,20.57,29.25,,,,12.0,26.2,20.0,15.85,17.0,,20.0,14.5,24.03,21.83,6.31,75,0.4799229843,0.8687519091
2021,4,Texas-San Antonio,Middle Tenn.,11.5,14,27,13,8.04,12.52,7.11,14.01,5.27,8.79,12.23,16.0,15.04,9.0,7.42,11.16,10.32,9.03,10.79,13.49,17.0,15.25,4.13,13.63,18.69,9.2,,,-0.24,11.16,11.27,7.15,9.82,14.0,9.0,17.0,14.14,9.17,12.3,,13.8,,14.9,11.5,10.72,4.25,,,,12.0,14.1,19.0,3.35,7.1,,13.0,6.0,12.51,9.71,4.28,40,0.4827786996,0.744160875
2021,4,Toledo,Colorado St.,14.5,-16,6,22,19.02,29.31,4.62,16.82,22.57,9.85,24.39,20.0,47.25,21.0,19.35,19.64,15.52,15.92,16.73,18.76,30.0,17.75,17.77,23.75,10.08,13.86,,,0.41,16.5,21.67,16.38,21.48,16.0,13.0,18.0,19.39,12.65,15.3,,27.8,,16.3,14.5,16.54,-4.95,,,,14.0,16.5,16.0,4.9,10.2,,14.5,11.5,15.64,12.95,8.43,28,0.5493713231,0.8240284299
2021,4,UCLA,Fresno St.,11.0,-3,37,40,11.27,11.21,8.71,13.37,13.12,13.67,13.92,9.0,4.9,5.5,9.72,14.6,15.66,14.23,13.48,18.18,1.0,20.15,14.53,23.63,23.19,18.16,,,0.76,13.12,12.7,11.77,7.86,11.0,11.0,13.0,19.92,17.85,15.8,,11.4,,16.2,11.0,9.3,25.5,,,,5.0,18.1,15.0,8.68,8.0,,11.0,11.5,25.76,10.83,5.64,77,0.5585150933,0.7881831755
2021,4,UNLV,Iowa St.,-32.5,-45,3,48,-22.96,-25.93,-15.89,-16.29,-19.75,-23.32,-21.25,-18.0,-29.81,-19.5,-22.48,-23.83,-36.01,-13.57,-26.1,-30.02,-10.0,-33.35,-28.43,-44.56,-37.56,-22.95,,,-1.18,-26.07,-26.07,-24.75,-23.54,-31.0,-30.0,-31.0,-31.51,-30.55,-33.9,,-32.1,,-32.2,-32.0,-43.04,-17.2,,,,-8.0,-32.7,-35.0,-27.49,-25.5,,-31.5,-14.0,-32.72,-31.07,8.6,51,0.6385091353,0.0741447233
2021,4,Vanderbilt,Stanford,-13.0,-18,23,41,-18.22,-19.22,-8.59,-4.24,-21.24,-7.23,-25.48,-14.0,-31.28,-5.5,-18.25,-12.72,-14.71,-10.13,-15.92,-24.77,-18.0,-25.65,-21.38,-24.13,-17.2,-18.57,,,-0.41,-16.52,-18.93,-15.14,-16.52,-16.0,-9.0,-17.0,-18.42,-19.15,-14.9,,-19.9,,-16.1,-13.5,-28.22,-17.85,,,,-4.0,-14.2,-14.0,-13.97,-6.6,,-12.0,-7.5,-19.02,-12.57,6.63,64,0.4326086908,0.1773756631
2021,4,Wake Forest,Florida St.,4.5,21,35,14,10.78,18.93,7.06,11.78,8.28,8.46,16.77,14.0,21.31,14.5,9.79,17.65,13.04,11.37,10.78,10.37,28.0,9.95,4.31,18.75,8.97,10.19,,,0.2,10.19,14.95,8.81,4.81,17.0,5.0,4.0,17.07,6.34,8.4,,10.9,,7.1,5.5,14.24,3.5,,,,12.0,8.7,19.0,9.18,3.5,,5.0,3.0,13.89,9.2,5.5,49,0.6457123308,0.7394332277
2021,4,Washington,Arkansas St.,17.5,49,52,3,12.44,-3.53,12.07,-7.39,10.03,11.01,6.56,6.0,-2.38,-4.5,12.46,-4.16,18.98,9.91,11.47,0.5,-20.0,15.05,13.94,14.25,18.46,12.11,,,0.28,12.8,9.0,15.95,12.54,22.0,16.0,19.0,13.66,21.72,20.1,,12.8,,17.8,17.0,23.09,0.15,,,,6.0,17.5,14.0,22.65,19.5,,16.5,15.0,15.73,20.14,9.41,55,0.3719344552,0.7328644665
2021,4,Washington St.,USC,-7.5,-31,14,45,-5.24,-10.95,-2.57,-3.8,-9.89,-8.04,-1.6,-8.0,-12.65,-4.0,-6.94,-10.03,-6.52,-9.45,-8.58,-11.36,-1.0,-9.65,-11.41,-21.5,-8.13,-10.49,,,0.18,-8.13,-7.72,-6.24,-7.5,-4.0,-10.0,-12.0,-13.5,-14.82,-14.6,,-9.7,,-11.7,-7.5,-1.87,-22.1,,,,1.0,-12.8,-9.0,-4.68,-7.2,,-8.5,-3.5,-11.79,-6.07,4.64,59,0.4739649215,0.3019413562
2021,4,West Va.,Virginia Tech,2.0,6,27,21,2.58,0.66,3.97,-1.12,-6.45,-5.87,-3.72,3.0,6.46,-3.0,3.81,-2.46,2.78,5.82,0.53,-2.73,-1.0,-0.45,1.47,-10.19,4.49,-0.71,,,-0.88,1.47,0.93,4.16,-2.57,3.0,3.0,-2.0,-3.28,3.67,8.3,,4.5,,9.1,2.0,2.33,-25.45,,,,-1.0,9.7,4.0,0.24,3.0,,2.5,6.0,-3.62,3.25,5.61,48,0.4652161104,0.5125549895
2021,4,Wyoming,Ball St.,6.5,33,45,12,6.46,-2.0,5.04,16.65,4.29,1.1,11.3,0.25,-4.21,4.5,6.62,-0.81,1.41,-5.9,3.52,-7.55,16.0,2.65,7.03,7.63,-7.77,-11.06,,,0.13,3.4,4.14,4.16,6.82,2.0,6.0,1.0,2.92,-0.85,7.7,,2.2,,4.3,6.0,-0.29,24.7,,,,11.0,3.4,2.0,5.0,7.6,,7.0,15.0,-2.84,8.55,7.12,57,0.4319986489,0.5801693719
2021,5,Air Force,Florida Atlantic,4.0,24,31,7,2.61,-0.97,3.15,5.47,0.58,-0.34,0.77,-1.0,-6.2,1.0,1.49,1.85,6.59,18.27,2.14,3.45,-1.0,1.25,0.56,-7.06,1.78,-2.9,,-4.0,5.6,1.78,-1.18,4.61,-5.49,7.0,7.0,-1.0,2.58,-5.37,6.3,,-3.2,,5.0,4.0,-6.44,9.55,,,,2.0,7.1,,8.19,4.3,,4.5,17.0,3.72,1.24,5.23,38,0.4556936544,0.5509421295
2021,5,Alabama,Southern Miss.,45.0,49,63,14,41.9,33.4,33.94,34.92,38.23,41.45,44.14,27.0,38.31,32.0,40.89,30.75,61.65,19.46,41.62,43.9,25.0,51.95,42.3,57.19,65.15,28.95,,32.0,39.2,41.87,45.97,42.29,41.87,54.0,46.0,52.0,41.85,35.87,51.8,,44.8,,48.9,45.0,45.66,31.35,,,,23.0,51.5,,47.34,35.5,,45.0,27.0,57.11,49.97,10.37,77,0.4292553508,0.9859236113
2021,5,Appalachian St.,Marshall,7.0,1,31,30,6.61,4.65,6.82,6.64,6.45,3.85,7.56,7.0,2.59,8.0,5.41,5.76,4.17,14.55,8.38,9.29,-3.0,7.95,11.3,15.31,8.92,8.43,,8.0,7.1,7.95,4.52,7.36,12.5,8.0,5.5,14.0,12.54,13.22,11.3,,7.7,,9.3,7.0,10.29,5.4,,,,3.0,9.5,,10.3,5.1,,7.0,14.0,11.94,7.36,3.47,61,0.5338386455,0.6969648992
2021,5,Arizona St.,Colorado,14.0,22,35,13,9.23,4.89,6.04,11.42,8.58,11.75,10.49,6.0,2.93,6.0,8.33,5.95,14.92,-1.86,9.97,12.64,10.0,15.15,19.41,22.25,18.34,3.49,,1.0,9.3,9.67,7.35,9.67,10.76,15.0,13.0,8.0,14.25,4.03,12.4,,8.0,,11.7,13.5,24.48,2.2,,,,7.0,10.6,,10.41,15.5,,14.5,4.5,13.43,13.3,5.22,48,0.4047060053,0.7246386905
2021,5,Arkansas,Texas A&M,-5.0,10,20,10,-10.54,-5.62,-4.88,-17.02,-4.27,-6.38,-5.94,-7.0,-7.18,-10.5,-10.45,-4.78,-5.64,-11.26,-6.78,0.01,-1.0,-1.7,-3.5,-8.44,-4.74,-7.16,,-8.0,-5.7,-5.94,-5.73,-12.56,-2.56,-12.0,-5.0,-7.0,-6.35,-10.83,-6.4,,-4.6,,-5.8,-5.0,-0.82,-3.95,,,,1.0,-4.8,,-15.07,-8.2,,-4.5,-5.5,-10.87,-5.29,3.81,30,0.4565893535,0.3389633499
2021,5,Army,Miami (Ohio),8.0,13,23,10,10.02,14.54,9.42,15.05,10.99,13.4,14.82,9.0,7.3,17.0,10.9,18.43,6.88,13.69,11.78,7.32,26.0,16.25,11.88,22.06,12.72,12.83,,18.0,11.6,11.77,11.77,7.2,12.04,12.0,7.0,9.0,17.89,2.69,8.4,,11.6,,7.6,8.5,3.34,8.55,,,,16.0,5.1,,8.59,8.6,,8.5,18.0,15.32,15.08,4.53,33,0.5905611954,0.7622692866
2021,5,Auburn,Georgia St.,27.0,10,34,24,22.51,16.79,27.5,23.34,24.66,30.31,22.08,13.0,37.5,16.5,24.19,5.64,28.09,15.42,24.42,22.03,33.0,29.65,30.4,50.19,28.51,10.79,,16.0,25.6,26.0,28.84,21.06,30.08,30.0,23.0,28.0,28.88,16.92,29.5,,32.3,,28.5,27.0,29.0,11.7,,,,26.0,28.8,,29.31,17.5,,27.0,18.0,13.55,32.58,7.41,58,0.4414646128,0.9183115968
2021,5,BYU,South Florida,23.5,8,35,27,21.97,21.23,20.05,28.31,24.37,25.7,26.44,21.0,21.63,20.5,21.78,21.03,35.46,18.63,25.86,32.02,20.0,35.55,25.49,49.06,38.72,26.06,,23.0,22.7,25.49,28.27,20.42,22.25,34.0,23.0,30.0,34.22,16.66,26.6,,20.3,,25.8,23.5,26.5,27.0,,,,19.0,25.2,,26.27,21.5,,23.5,8.0,39.12,28.45,6.13,62,0.5551532367,0.9357112557
2021,5,Ball St.,Toledo,-5.0,-10,12,22,-3.47,2.9,-1.1,-1.19,-2.15,2.67,-0.39,4.0,-7.27,2.5,-6.68,8.38,1.65,6.64,0.42,2.35,-4.0,8.95,-6.18,-2.56,9.51,13.02,,8.0,0.7,0.4,-2.64,-1.81,-7.63,4.0,-3.0,0.01,4.39,2.06,-1.2,,-7.1,,0.6,-4.0,-6.93,2.95,,,,-9.0,0.4,,5.76,-3.9,,-4.5,-8.0,10.54,-5.64,5.86,34,0.6256294875,0.5099008444
2021,5,Baylor,Iowa St.,-7.0,2,31,29,-4.33,2.44,0.01,-2.11,-5.25,-0.3,-0.76,-1.0,5.06,2.5,-4.62,1.02,-8.3,-5.94,-3.82,-8.37,15.0,-14.15,-1.93,-1.5,-15.93,-5.71,,9.0,-3.6,-3.6,-0.54,-5.86,-1.61,-4.0,-7.0,-10.0,-3.39,-6.79,-12.7,,-0.8,,-9.6,-7.0,-5.89,-2.6,,,,11.0,-10.8,,-2.67,-7.3,,-7.0,-1.5,-10.66,-7.11,6.18,60,0.5740382741,0.4112881725
2021,5,Boston College,Missouri,-1.5,7,41,34,4.06,8.56,0.97,3.43,0.25,5.19,5.94,9.0,11.5,6.5,3.99,6.98,-0.88,3.9,4.04,4.09,9.0,0.15,7.62,9.63,-0.8,4.01,,4.0,0.9,4.01,3.69,3.22,8.19,5.0,1.0,2.0,6.05,7.32,1.6,,4.6,,0.7,-0.5,7.77,-3.0,,,,8.0,0.9,,-3.87,-1.0,,-1.5,10.0,5.52,-0.01,3.62,75,0.6331686055,0.5979830313
2021,5,Central Mich.,Florida Intl.,11.5,4,31,27,15.2,9.42,8.03,11.37,12.57,10.96,14.62,12.0,13.5,8.5,14.34,7.22,12.69,13.56,12.95,14.87,3.0,16.95,18.52,15.75,11.18,8.03,,4.0,9.7,12.69,11.69,16.44,13.89,17.0,13.0,17.0,11.29,19.46,21.1,,16.7,,21.6,11.5,-7.21,21.6,,,,7.0,23.5,,11.67,7.3,,10.0,11.5,13.96,12.35,5.62,58,0.5343115521,0.7790755258
2021,5,Charlotte,Middle Tenn.,3.0,3,42,39,-5.31,3.5,1.87,7.09,-2.1,2.29,-6.17,4.0,-7.08,4.0,-7.09,9.21,5.79,4.41,-0.07,0.25,-1.0,-3.65,-5.56,1.81,2.85,7.11,,1.0,4.6,0.25,-0.29,-3.26,-3.27,5.0,3.0,-2.0,4.27,-2.45,-3.4,,-0.8,,-2.3,3.0,-20.97,-0.15,,,,4.0,-3.6,,3.24,1.4,,3.0,-3.0,3.67,-1.64,5.32,81,0.4272599066,0.4983321376
2021,5,Coastal Carolina,Massachusetts,36.0,50,53,3,29.2,30.26,18.85,35.93,26.98,38.86,30.97,34.0,34.68,35.5,28.49,27.89,37.42,19.38,33.53,44.01,39.0,40.95,38.06,48.19,52.38,26.52,,25.0,30.1,34.68,32.75,29.17,31.64,42.0,36.0,40.0,35.25,24.36,42.0,,35.3,,36.3,36.0,47.47,10.2,,,,22.0,38.3,,37.1,25.0,,36.0,28.5,45.81,38.1,8.5,56,0.4454529123,0.9686919283
2021,5,Connecticut,Wyoming,-31.0,-2,22,24,-30.33,-14.2,-18.77,-26.65,-22.78,-34.35,-36.23,-24.0,-14.88,-21.5,-30.81,-13.84,-34.91,-13.37,-26.39,-26.08,-37.0,-27.95,-32.13,-30.63,-36.56,-16.14,,-30.0,-28.0,-28.0,-27.67,-27.58,-26.32,-29.0,-29.0,-29.0,-19.97,-17.21,-33.0,,-27.4,,-28.3,-30.5,-35.16,-33.15,,,,-17.0,-28.5,,-31.17,-29.0,,-30.0,-18.0,-28.09,-32.15,6.99,46,0.604800517,0.0640631014
2021,5,Duke,Kansas,16.0,19,52,33,11.6,12.61,6.73,20.28,13.72,16.09,13.03,10.0,22.32,14.0,12.85,7.38,11.77,2.76,13.65,13.57,14.0,22.85,15.22,18.44,16.95,10.71,,9.0,12.4,13.2,13.33,9.74,19.24,17.0,13.0,18.0,12.61,14.18,13.2,,19.0,,12.3,15.5,12.17,15.65,,,,12.0,8.5,,9.98,12.6,,16.0,14.0,15.63,16.18,4.1,85,0.4430114131,0.7974601336
2021,5,Eastern Mich.,Texas St.,7.0,38,59,21,13.75,11.87,2.89,8.89,7.5,0.13,12.88,13.0,10.33,7.5,11.41,12.69,-0.37,14.69,7.56,11.32,1.0,9.45,5.13,6.31,3.83,7.83,,8.0,7.1,8.4,7.34,16.55,9.23,14.0,4.0,10.0,9.05,10.43,6.9,,8.3,,9.1,7.0,-4.22,-20.55,,,,1.0,8.4,,8.37,5.2,,6.5,9.0,10.62,5.22,6.17,80,0.5131157229,0.6714459008
2021,5,Florida,Tennessee,19.0,24,38,14,12.97,11.33,6.56,16.97,14.97,21.19,13.61,13.0,8.49,16.5,11.98,12.87,20.69,12.82,16.63,22.8,-4.0,18.45,16.91,32.25,21.08,17.11,,13.0,17.2,16.91,13.52,13.68,17.47,19.0,17.0,15.0,20.84,10.48,18.8,,16.2,,20.3,18.5,24.33,33.15,,,,2.0,18.0,,16.87,20.5,,19.0,13.0,18.69,17.35,6.09,52,0.4445710346,0.835983048
2021,5,Florida St.,Louisville,-1.0,-8,23,31,-5.49,-9.95,-4.65,-4.4,-6.09,-3.8,-12.03,-8.0,-7.99,-8.0,-5.55,-11.01,-3.72,-8.58,-6.21,-10.9,-18.0,-11.65,3.06,-15.5,-11.71,-4.0,,-19.0,-0.9,-5.55,-8.41,-2.41,-1.16,-10.0,-1.0,-5.0,-10.15,3.81,-1.2,,-5.8,,0.6,-1.5,-12.63,-3.5,,,,1.0,0.01,,-5.29,-1.1,,-2.0,1.0,-16.54,-8.19,5.33,54,0.377847513,0.3553714765
2021,5,Fresno St.,UNLV,30.0,8,38,30,25.65,24.22,20.1,27.31,22.53,25.5,30.87,27.0,35.11,25.5,27.77,18.36,26.26,18.34,26.26,31.53,35.0,30.35,26.0,38.94,25.88,17.74,,39.0,20.7,25.88,28.26,21.57,30.02,29.0,30.0,31.0,29.56,22.5,23.2,,37.1,,22.6,29.5,43.86,14.4,,,,27.0,19.2,,17.15,24.0,,30.5,18.0,24.29,29.15,6.32,68,0.4133776286,0.9378210376
2021,5,Georgia Southern,Louisiana-Lafayette,-14.5,-8,20,28,-12.22,-7.75,-9.17,-7.18,-13.53,-13.6,-14.07,-10.0,-12.61,-6.5,-13.95,-5.13,-13.11,-9.13,-13.26,-7.3,-12.0,-18.25,-15.89,-26.56,-18.24,-4.22,,-4.0,-11.7,-13.11,-13.44,-9.81,-12.67,-10.0,-10.0,-21.0,-13.56,-13.97,-21.5,,-17.8,,-18.0,-14.5,-23.33,-22.8,,,,-5.0,-20.3,,-12.38,-13.2,,-14.0,-10.0,-10.47,-20.19,5.22,48,0.5295786237,0.2137213194
2021,5,Georgia Tech,North Carolina,-13.5,23,45,22,-8.55,-12.97,-6.99,-10.7,-9.92,-18.98,-9.96,-11.0,-15.45,-8.5,-8.18,-11.64,-16.31,-8.73,-13.88,-10.43,-16.0,-18.95,-9.57,-30.25,-18.38,-10.11,,-23.0,-12.5,-12.97,-14.79,-8.35,-10.74,-15.0,-13.0,-15.0,-19.1,-12.14,-18.2,,-15.1,,-15.5,-13.5,-20.75,-16.45,,,,-7.0,-15.2,,-18.5,-12.6,,-12.5,-10.0,-17.78,-15.62,4.19,67,0.4907670206,0.1989360568
2021,5,Houston,Navy,19.0,8,28,20,15.99,19.4,8.34,14.12,17.98,13.63,18.72,16.0,31.89,12.5,17.87,12.67,21.3,17.5,18.04,16.66,31.0,22.65,21.18,26.38,31.06,5.61,,29.0,10.5,17.98,21.96,13.03,29.74,17.0,20.0,17.0,18.45,18.4,20.9,,26.2,,19.4,19.0,26.9,11.4,,,,19.0,20.0,,1.61,15.0,,20.0,10.0,9.56,23.25,7.19,48,0.4780351763,0.8497001576
2021,5,Iowa,Colorado St.,23.5,10,24,14,19.85,36.1,26.06,29.28,33.62,31.69,22.36,23.0,50.12,23.5,18.43,28.56,34.57,18.94,29.98,36.02,20.0,40.35,25.58,51.38,32.58,27.12,,38.0,22.6,30.5,36.32,20.35,27.46,37.0,22.0,29.0,38.35,33.3,32.7,,35.1,,30.5,24.0,26.35,13.55,,,,22.0,30.9,,31.71,23.5,,23.5,16.5,39.19,35.84,7.54,38,0.643823634,0.9559771426
2021,5,Louisiana Tech,North Texas,11.0,7,24,17,15.33,6.65,7.54,6.14,15.13,16.5,16.52,9.0,11.02,10.0,16.73,4.3,19.3,9.69,12.69,12.84,8.0,19.75,11.77,16.69,18.45,11.21,,12.0,14.5,12.0,13.76,13.44,10.77,11.0,12.0,12.0,10.15,7.77,11.8,,11.1,,13.1,11.0,24.38,22.5,,,,9.0,12.0,,10.0,9.3,,11.0,9.0,13.34,14.98,4.29,41,0.5409264578,0.7798457354
2021,5,Louisiana-Monroe,Troy St.,-24.0,13,29,16,-17.62,-15.29,-9.26,-14.3,-15.47,-17.32,-17.43,-13.0,-36.18,-10.5,-19.61,-4.04,-19.33,-11.54,-18.07,-26.68,-18.0,-27.85,-28.33,-25.0,-24.01,-4.17,,-11.0,-9.5,-17.57,-17.57,-15.76,-21.46,-22.0,-21.0,-17.0,-10.69,-18.67,-20.3,,-26.3,,-17.4,-23.0,-33.62,-26.25,,,,-7.0,-17.2,,-12.98,-18.5,,-24.0,-18.0,-19.75,-22.84,7.37,45,0.6326124608,0.1509569174
2021,5,Maryland,Kent,14.0,21,37,16,9.09,14.1,15.7,5.37,6.9,10.25,13.87,13.0,15.88,11.0,9.58,13.14,11.03,15.99,12.2,14.45,16.0,4.95,7.76,18.25,12.91,5.72,,12.0,6.1,13.0,12.85,6.67,12.54,8.0,13.0,18.0,16.84,9.08,17.6,,16.8,,16.6,14.0,15.61,15.75,,,,14.0,20.1,,5.28,14.0,,14.5,14.0,6.39,13.15,4.18,53,0.4563418922,0.7713228561
2021,5,Memphis,Texas-San Antonio,3.0,-3,28,31,4.78,-1.49,5.6,6.75,5.9,6.53,2.04,-1.0,-14.48,11.5,2.88,5.5,7.75,-2.34,4.33,-0.5,-5.0,0.85,7.49,12.5,3.72,14.47,,3.0,11.4,4.0,-0.01,7.4,3.46,9.0,5.0,4.0,9.14,9.33,2.6,,2.6,,0.9,3.0,-4.59,-4.0,,,,-3.0,0.6,,19.82,5.0,,3.0,9.0,10.15,3.46,6.11,59,0.5311607704,0.600465473
2021,5,Michigan,Rutgers,20.5,7,20,13,15.21,6.63,12.18,18.72,17.14,16.15,15.52,7.0,9.88,10.0,15.99,4.88,19.73,4.67,14.38,2.28,2.0,7.35,13.54,23.13,12.66,9.55,,13.0,24.3,14.5,10.73,14.79,16.6,17.0,19.0,13.0,14.92,10.21,15.1,,20.1,,13.4,19.5,28.71,29.8,,,,4.0,14.5,,24.34,12.4,,21.0,19.0,11.69,19.96,6.33,33,0.3601458687,0.7999226409
2021,5,Michigan St.,Nebraska,4.0,3,23,20,0.82,4.16,7.4,6.45,6.62,6.09,8.22,4.0,-2.84,8.0,0.11,7.93,4.15,7.3,5.82,16.15,9.0,2.15,7.59,15.19,11.36,7.58,,16.0,7.2,6.45,6.72,-1.09,8.66,2.0,3.0,6.0,13.22,-1.11,5.5,,1.2,,5.7,4.0,3.94,10.7,,,,8.0,6.5,,1.99,3.4,,5.0,-3.5,6.61,2.76,4.33,43,0.5440396768,0.6382289862
2021,5,Minnesota,Bowling Green,31.0,-4,10,14,27.95,22.22,28.68,31.41,29.99,38.25,28.35,22.0,31.37,20.5,27.48,17.29,48.91,19.37,32.91,43.01,10.0,45.85,30.71,44.31,50.48,22.32,,14.0,29.9,31.41,32.72,28.31,32.29,45.0,31.0,43.0,33.43,48.59,42.3,,37.5,,38.7,31.0,28.98,35.35,,,,11.0,38.0,,47.88,27.5,,31.0,18.5,45.14,40.64,10.6,24,0.5398492684,0.9576430912
2021,5,Mississippi St.,LSU,-2.0,-3,25,28,-1.67,1.3,-3.53,-0.29,0.26,-7.73,2.3,1.0,-2.64,1.5,-1.38,3.44,-4.21,0.51,-1.56,-1.9,1.0,-5.95,-4.57,-10.0,-4.04,4.38,,16.0,-5.9,-1.9,-0.62,-3.96,2.01,-9.0,-4.0,-6.0,-1.81,-8.36,-4.1,,-3.9,,-3.0,-2.0,5.53,15.2,,,,2.0,-2.0,,-15.32,-3.3,,-2.5,3.0,-5.72,-1.67,5.54,53,0.5104383707,0.4630400386
2021,5,NC St.,Clemson,-10.0,6,27,21,-7.42,-4.87,-3.12,-14.11,-4.91,-13.56,-7.43,-4.0,-7.35,-6.5,-6.18,-3.53,-16.86,-5.71,-8.05,-6.57,6.0,-7.55,-9.89,-17.75,-11.99,-5.43,,-2.0,-14.3,-7.43,-7.53,-8.75,-6.56,-17.0,-12.0,-11.0,-8.77,-0.74,-9.4,,-10.7,,-7.3,-10.0,-2.25,7.75,,,,8.0,-6.1,,-27.43,-9.0,,-10.0,-9.0,-11.33,-11.71,6.27,48,0.5454836204,0.3185764827
2021,5,New Mexico St.,Hawaii,-17.0,-20,21,41,-13.33,6.33,-7.91,-6.28,-12.14,-20.2,-12.2,-9.0,0.73,-4.5,-12.93,9.34,-15.1,-11.18,-11.34,-16.0,2.0,-16.05,-18.4,-9.06,-16.74,-9.75,,2.0,-6.9,-12.2,-9.94,-14.25,-9.54,-12.0,-18.0,-12.0,-3.64,-20.08,-21.0,,-15.6,,-17.9,-16.5,-22.75,-15.1,,,,6.0,-19.4,,-19.55,-22.5,,-17.0,-4.5,-15.24,-16.7,7.99,62,0.6249344787,0.2617178063
2021,5,Northwestern,Ohio,14.5,29,35,6,14.85,20.9,24.58,12.62,18.83,9.17,16.7,9.0,28.9,16.0,16.88,16.59,21.34,16.44,17.24,27.24,15.0,24.45,8.4,20.31,19.47,13.47,,28.0,9.3,16.59,24.65,12.41,23.66,18.0,14.0,19.0,19.28,3.18,15.2,,16.2,,15.4,14.5,11.94,14.45,,,,15.0,17.0,,15.53,15.0,,14.5,9.0,28.13,20.36,5.91,41,0.5642552975,0.8456212724
2021,5,Ohio St.,Akron,48.5,52,59,7,43.77,31.69,36.7,44.31,45.52,51.82,43.11,31.0,46.99,35.5,45.23,23.45,63.1,18.94,45.61,44.59,27.0,60.55,42.82,62.31,62.99,27.09,,32.0,47.4,44.59,48.02,43.19,51.08,60.0,53.0,53.0,43.63,34.23,47.1,,52.7,,44.1,48.5,56.62,66.3,,,,23.0,42.1,,70.29,35.0,,49.0,40.0,59.45,59.31,12.52,66,0.443174785,0.987953414
2021,5,Oklahoma,West Va.,17.0,3,16,13,12.43,14.17,10.89,16.21,12.0,15.65,11.36,12.0,11.19,17.0,11.03,15.78,15.86,12.83,13.69,8.22,7.0,19.75,15.64,20.31,16.87,10.77,,2.0,13.0,14.2,10.46,14.48,18.7,25.0,19.5,15.0,14.12,11.42,16.9,,14.2,,14.7,17.0,11.31,1.35,,,,4.0,15.1,,20.36,17.5,,17.0,7.5,18.26,16.01,4.64,29,0.4206867408,0.7960958555
2021,5,Oklahoma St.,Kansas St.,5.5,11,31,20,-1.06,0.48,-1.02,6.02,-2.22,-0.87,-5.22,3.0,-2.16,5.0,-2.74,1.9,3.99,7.35,1.38,-6.02,-11.0,-1.35,3.15,-1.44,6.03,8.12,,-13.0,1.3,2.15,-1.16,2.24,2.15,12.0,9.0,3.0,3.63,5.33,5.4,,1.7,,5.3,5.0,-3.63,-11.3,,,,-6.0,5.9,,6.22,8.4,,6.0,8.5,2.59,-2.79,5.57,51,0.4032761722,0.532685238
2021,5,Old Dominion,Buffalo,-13.0,-1,34,35,-12.54,-4.33,-5.83,-14.45,-10.29,-26.49,-8.93,-10.0,-13.91,-6.5,-12.84,0.83,-17.06,-9.28,-13.34,-16.83,-8.0,-18.75,-21.16,-20.13,-21.44,-11.08,,3.0,-13.4,-13.91,-10.37,-13.91,-16.52,-19.0,-11.0,-17.0,-10.0,-18.48,-23.0,,-14.1,,-22.3,-13.0,-10.61,1.1,,,,-4.0,-24.1,,-19.95,-13.9,,-13.5,0.5,-24.59,-15.39,7.26,69,0.4922294275,0.2223529107
2021,5,Oregon,Arizona,28.5,22,41,19,28.6,34.69,19.47,31.16,25.18,26.97,37.0,27.0,37.71,29.0,28.16,33.06,30.1,18.8,30.22,31.18,30.0,42.85,26.96,52.0,36.57,25.52,,,21.5,29.04,32.72,25.48,33.28,32.0,27.0,38.0,39.49,27.12,27.7,,34.3,,25.9,28.5,36.49,25.65,,,,20.0,23.8,,29.08,25.0,,28.5,15.0,40.66,33.57,6.38,60,0.5400369943,0.9613217525
2021,5,Purdue,Illinois,11.0,4,13,9,7.22,14.66,10.77,16.23,11.43,14.57,8.9,10.0,10.39,10.5,6.24,16.97,13.19,8.44,11.82,8.17,16.0,11.55,16.77,22.88,10.83,8.29,,7.0,11.7,11.4,10.13,7.42,12.67,14.0,10.0,11.0,17.0,10.05,16.1,,11.4,,14.7,11.0,11.24,15.3,,,,12.0,15.5,,7.06,8.1,,11.0,11.5,10.87,12.01,3.07,22,0.5202242914,0.7676287464
2021,5,South Carolina,Kentucky,-5.0,-6,10,16,2.2,2.27,1.8,-2.26,0.92,-4.34,2.55,1.0,15.71,-1.5,4.18,-4.97,-2.4,-8.29,-0.96,1.12,-8.0,5.85,2.77,-9.0,-4.87,-5.78,,-2.0,-5.3,-1.8,0.41,0.01,2.05,2.0,-6.0,-5.0,-4.71,-1.86,-2.3,,3.4,,-3.9,-4.5,7.19,-5.65,,,,-1.0,-1.8,,-3.86,-3.7,,-5.0,-4.0,-7.83,1.39,4.6,26,0.5965537343,0.4768408612
2021,5,Stanford,UCLA,-4.0,-11,24,35,6.46,4.2,0.39,0.14,-0.72,-4.92,8.53,-0.25,0.01,5.5,6.42,6.45,-3.03,4.29,0.89,2.16,2.0,-2.95,-2.81,-7.81,5.19,8.91,,8.0,-1.1,0.01,2.1,5.72,-1.61,3.0,-4.0,0.01,1.47,3.37,-3.0,,-4.8,,-1.5,-3.0,-3.7,1.75,,,,-1.0,-2.2,,-1.0,-3.6,,-4.5,5.0,-1.79,-4.78,4.04,59,0.6173448346,0.5216642355
2021,5,Syracuse,Liberty,-6.5,3,24,21,-5.47,-11.35,4.82,-3.75,0.71,-2.53,-6.92,-9.0,-12.36,-7.5,-4.86,-10.8,-4.91,-6.82,-5.14,-12.35,-11.0,-1.25,1.6,-11.94,-1.26,-15.78,,-11.0,-0.4,-4.91,-4.64,-5.46,-1.08,-2.0,-7.0,-3.0,-10.94,-0.69,-9.5,,-7.9,,-7.9,-6.5,-0.46,1.95,,,,4.0,-6.5,,-1.66,-3.3,,-6.0,-9.5,-7.69,-1.31,5.27,45,0.5323993677,0.3793165742
2021,5,TCU,SMU,9.5,-8,34,42,9.18,3.03,8.44,10.43,10.3,3.76,7.04,5.0,2.65,-0.5,8.32,3.23,14.17,17.87,8.92,2.7,-2.0,10.75,10.02,8.63,17.87,2.86,,3.0,8.0,9.01,9.37,11.1,6.1,13.0,10.0,10.0,11.8,9.01,18.9,,10.8,,17.8,9.5,12.7,0.01,,,,1.0,20.0,,7.54,7.1,,9.5,6.0,15.26,11.54,5.48,76,0.486223578,0.7023563055
2021,5,Texas,Texas Tech,8.5,35,70,35,8.7,5.35,9.88,13.09,13.02,16.65,2.62,10.0,11.55,9.0,9.7,2.01,14.11,9.85,11.65,9.65,-3.0,22.75,9.38,17.06,17.41,7.94,,3.0,10.1,11.55,11.57,10.83,10.74,24.0,13.0,14.0,12.82,18.21,16.3,,15.0,,14.2,8.5,-3.07,14.2,,,,3.0,16.9,,16.16,9.3,,8.0,6.5,19.34,14.96,5.86,105,0.5738378477,0.7544224729
2021,5,Tulane,UAB,3.0,-7,21,28,0.48,-0.32,6.01,3.67,-1.31,12.47,-1.77,-1.0,4.31,-0.5,0.16,-2.81,6.86,1.58,2.39,-0.01,-6.0,3.35,-2.18,4.25,4.96,-3.36,,-7.0,4.1,1.85,-0.44,1.74,2.12,10.0,5.0,2.0,0.22,1.13,8.0,,3.8,,5.2,3.0,-1.59,8.2,,,,1.0,6.2,,9.49,2.6,,3.5,1.0,1.85,3.4,4.2,49,0.4851826723,0.5578637383
2021,5,Tulsa,Arkansas St.,14.5,7,41,34,8.14,4.74,11.18,6.92,11.07,12.16,6.26,7.0,15.42,4.0,8.95,-1.01,20.98,5.16,12.83,11.86,1.0,23.95,14.22,12.94,29.14,11.12,,2.0,10.8,12.93,10.98,8.25,13.67,22.0,14.0,13.0,11.62,15.36,16.7,,15.5,,15.1,14.5,20.87,29.1,,,,3.0,15.7,,12.93,14.5,,13.5,18.5,16.93,15.29,6.75,75,0.4614412095,0.7714728743
2021,5,USC,Oregon St.,11.0,-18,27,45,13.49,9.88,6.32,11.9,11.0,11.19,11.7,10.0,5.27,13.0,14.09,12.37,10.49,9.7,12.0,6.27,2.0,8.05,13.44,23.56,9.89,11.36,,11.0,10.4,11.7,9.99,13.87,11.31,14.0,13.0,15.0,17.96,18.51,13.9,,12.0,,12.6,11.0,0.85,25.75,,,,5.0,12.5,,10.62,15.0,,11.0,15.0,14.36,9.52,4.29,72,0.524244757,0.7672195085
2021,5,UTEP,New Mexico,-2.0,7,20,13,0.01,0.27,-6.53,1.34,2.26,4.07,3.26,1.0,0.27,1.5,0.86,0.26,-0.87,-9.46,-0.2,6.85,-4.0,-5.25,3.44,-0.75,-4.63,3.92,,-1.0,-2.0,0.1,0.01,-2.25,4.05,-1.0,3.0,-7.0,-0.31,5.0,-6.9,,0.01,,-5.6,-2.0,7.12,8.65,,,,3.0,-6.0,,-8.57,0.01,,1.0,6.5,-3.29,-0.47,4.48,33,0.5434518523,0.4951625494
2021,5,Utah,Washington St.,15.0,11,24,13,12.91,10.57,8.56,17.2,13.78,16.78,13.3,9.0,17.07,11.0,13.88,7.06,17.77,16.64,15.17,20.39,11.0,19.45,19.69,26.5,21.02,16.5,,11.0,11.7,15.1,12.56,11.85,17.29,16.0,12.0,14.0,19.25,14.12,15.9,,15.3,,15.1,15.0,21.68,20.5,,,,8.0,15.8,,14.01,15.0,,15.0,9.5,19.4,14.84,3.84,37,0.5041525892,0.8235209194
2021,5,Utah St.,Boise St.,-9.0,-24,3,27,-7.16,2.67,-1.44,-6.52,-6.15,-9.22,-0.01,-1.0,-8.56,0.5,-8.3,8.72,-13.57,4.75,-6.3,-0.28,8.0,-7.05,-9.49,-14.81,-9.05,-5.88,,11.0,-8.4,-8.02,-3.22,-9.07,-5.88,-11.0,-12.0,-11.0,-3.73,-11.14,-11.0,,-16.2,,-8.7,-9.0,-8.02,-4.6,,,,5.0,-10.3,,-12.57,-12.5,,-9.0,-20.5,-5.39,-9.25,6.66,30,0.5623188289,0.3571879563
2021,5,Vanderbilt,Georgia,-36.0,-62,0,62,-25.83,-37.56,-21.39,-35.16,-32.34,-37.34,-29.33,-24.0,-57.71,-30.0,-24.28,-26.71,-37.93,-13.23,-34.18,-41.84,-30.0,-46.85,-37.97,-53.44,-34.71,-26.04,,-43.0,-28.9,-35.0,-37.36,-25.82,-38.49,-39.0,-31.0,-35.0,-34.45,-19.97,-42.3,,-45.7,,-40.3,-36.0,-47.84,-31.2,,,,-17.0,-39.4,,-34.82,-25.5,,-35.0,-19.0,-41.05,-41.67,9.33,62,0.5393633026,0.0317235249
2021,5,Virginia,Wake Forest,3.5,-20,17,37,4.9,-1.65,5.74,3.3,6.57,2.03,4.38,0.25,2.38,0.5,6.56,-3.82,-1.04,6.36,3.57,2.93,-6.0,7.35,4.93,4.0,4.15,2.27,,9.0,-0.3,3.6,3.94,3.61,7.34,5.0,4.0,4.0,2.59,3.56,-1.1,,3.6,,1.9,3.5,19.29,1.35,,,,3.0,-1.0,,3.43,3.6,,4.0,-3.5,7.9,7.18,4.13,54,0.5017024755,0.5861458938
2021,5,Washington,California,7.5,7,31,24,13.26,3.69,8.02,13.61,12.86,8.63,12.27,5.0,6.37,6.0,15.27,2.25,13.98,3.72,10.58,-3.4,3.0,14.05,11.92,17.63,7.11,6.5,,13.0,14.8,12.05,8.78,12.05,13.39,13.0,7.0,8.0,12.71,10.54,13.3,,10.8,,11.6,7.5,17.86,19.3,,,,4.0,14.5,,12.47,7.5,,7.5,16.5,6.49,14.34,4.73,55,0.5737566241,0.7385033537
2021,5,Western Kentucky,Indiana,-9.5,-2,31,33,-4.01,-0.89,-10.59,-3.23,-4.55,-8.88,0.29,-9.0,-1.65,0.01,-2.22,-0.48,-16.33,-4.68,-8.75,-4.7,15.0,-13.75,-5.22,-17.88,-18.42,-8.96,,8.0,-3.4,-8.96,-8.23,-7.79,-2.85,-13.0,-9.0,-18.0,-12.19,-27.37,-22.9,,-9.3,,-21.0,-9.5,-14.25,-9.55,,,,7.0,-23.0,,-17.3,-12.4,,-9.0,10.0,-16.31,-9.71,8.94,64,0.51641736,0.3155266637
2021,5,Western Mich.,San Jose St.,2.5,20,23,3,11.08,6.56,-1.52,6.35,7.68,3.14,12.5,1.0,13.13,3.0,11.8,3.03,0.69,-3.33,3.64,0.36,6.0,0.35,5.11,2.88,-4.45,-7.11,,17.0,8.0,3.0,3.97,9.79,11.35,3.0,0.0,0.01,3.82,1.68,-5.0,,4.2,,-5.3,2.5,0.8,7.0,,,,3.0,-5.7,,-0.18,1.6,,3.0,13.0,-0.85,5.76,5.91,26,0.5268270445,0.5850678261
2021,5,Wisconsin,Notre Dame,6.5,-28,13,41,-0.01,-0.87,4.49,5.14,4.49,4.82,-2.7,0.25,9.74,-10.5,1.63,-6.57,5.31,-10.87,2.09,2.12,-1.0,3.4,4.35,-0.88,0.94,-8.72,,14.0,5.1,3.4,1.55,-0.67,1.57,0.01,3.0,-4.0,-1.75,6.58,5.5,,5.7,,4.1,6.0,5.17,12.4,,,,-1.0,5.3,,5.03,4.0,,6.5,6.0,-2.47,7.95,5.51,54,0.3964943215,0.5494897828
2021,6,Akron,Ohio,-9.0,-17,17,34,-5.61,9.02,-2.89,1.63,-1.77,-12.09,-1.17,5.0,4.41,3.5,-7.33,11.51,-16.57,-1.34,-4.41,6.0,5.0,-5.15,-9.84,-0.01,-13.86,3.35,,10.0,-12.8,-5.15,-3.52,-5.87,-4.37,-13.0,-9.0,-7.0,3.08,-8.8,-8.6,,-6.7,,-7.7,-8.5,-14.26,-8.5,,,,3.0,-4.5,,-22.98,-7.4,,-9.0,-17.0,-6.16,-4.62,7.77,51,0.6024594666,0.4014741507
2021,6,Alabama,Mississippi,14.5,21,42,21,12.69,10.32,8.76,3.42,9.46,20.56,11.05,18.0,8.19,25.5,12.14,11.47,19.89,6.91,13.56,10.42,1.0,9.45,16.85,10.75,18.35,16.26,,6.0,16.8,13.3,13.95,14.13,12.4,25.0,17.5,17.0,6.86,10.5,16.8,,13.3,,15.4,14.5,18.44,3.75,,,,1.0,16.5,,25.42,16.0,,14.5,21.0,17.89,7.27,6.12,63,0.477967205,0.7873032606
2021,6,Ball St.,Army,-9.5,12,28,16,-8.07,-20.47,-7.54,-24.83,-9.97,-6.79,-15.22,-11.0,-30.47,-13.0,-6.92,-15.1,-12.14,-10.84,-12.03,-20.89,-23.0,-5.95,-10.74,-20.13,-11.0,-8.69,,-16.0,-11.9,-11.0,-14.74,-6.12,-10.63,-5.0,-9.0,-3.0,-18.31,-5.06,-11.2,,-14.0,,-8.8,-9.5,-7.82,-13.8,,,,-21.0,-8.5,,-1.63,-6.8,,-7.5,-6.5,-11.47,-21.06,6.23,44,0.4410244184,0.2402488728
2021,6,Boise St.,Nevada,6.0,-10,31,41,9.94,9.77,7.44,6.38,13.16,15.27,10.24,5.0,15.39,9.0,10.81,6.75,15.57,13.62,11.31,8.12,6.0,13.35,8.22,21.75,11.8,4.88,,18.0,15.2,10.32,9.65,9.03,10.93,14.0,5.0,9.0,14.22,6.25,10.6,,12.0,,8.3,7.0,4.4,22.2,,,,9.0,10.0,,16.39,7.3,,6.5,15.5,10.32,15.12,4.02,72,0.6271371771,0.7551227178
2021,6,Buffalo,Western Mich.,-7.0,-7,17,24,-6.67,-1.42,-1.06,-3.94,-4.55,3.78,-10.03,-2.0,5.97,-0.5,-4.19,-5.4,2.26,-7.77,-2.92,-5.52,-4.0,-2.95,-3.74,-6.56,-2.71,-1.53,,-14.0,-2.0,-2.71,-2.13,-7.66,-0.54,8.0,-5.0,-2.0,-10.28,-7.95,4.6,,-0.5,,3.0,-6.5,-7.63,-16.1,,,,-1.0,4.6,,2.99,-3.2,,-7.0,-4.0,2.61,-7.9,5.06,41,0.5967255387,0.4304385943
2021,6,California,Washington St.,7.5,-15,6,21,9.38,6.15,6.68,10.25,7.71,11.65,11.25,6.0,13.33,4.5,9.9,2.28,9.29,8.08,8.53,8.66,5.0,13.15,5.04,11.88,13.54,6.27,,7.0,6.3,8.44,8.44,8.1,8.98,7.0,7.0,14.0,8.93,6.94,6.6,,9.7,,6.8,7.5,14.33,20.45,,,,9.0,3.3,,1.22,4.7,,7.5,2.0,8.48,12.49,3.72,27,0.5251863709,0.6995775995
2021,6,Clemson,Boston College,15.0,6,19,13,11.87,0.16,8.56,7.28,13.8,10.38,7.33,2.0,9.91,4.0,15.44,-5.1,18.32,3.11,11.63,5.6,-14.0,14.65,17.31,12.44,15.1,5.24,,4.0,17.5,12.44,12.85,10.65,17.18,20.0,15.0,12.0,7.08,11.15,17.8,,17.5,,15.6,15.0,17.1,14.35,,,,-2.0,15.8,,26.99,17.5,,15.5,17.5,11.61,17.18,7.62,32,0.4241149924,0.7455176216
2021,6,Coastal Carolina,Louisiana-Monroe,34.5,53,59,6,22.8,19.82,16.22,21.27,22.4,30.65,20.17,23.0,30.06,20.0,25.84,14.29,27.88,15.98,26.68,29.86,19.0,33.55,31.53,42.88,33.96,21.66,,10.0,19.1,25.84,25.29,21.01,30.06,35.0,30.0,36.0,26.21,26.01,36.7,,30.0,,31.9,33.5,44.37,25.5,,,,23.0,34.8,,22.43,24.5,,34.5,23.5,36.43,28.21,7.13,65,0.3265773544,0.9373857588
2021,6,Colorado,USC,-7.5,-23,14,37,-9.08,-6.51,-5.57,-7.84,-7.51,-8.77,-7.75,-6.0,-7.87,-4.5,-10.07,-5.77,-10.0,-1.31,-7.86,-1.53,-8.0,-7.85,-13.28,-20.56,-1.64,3.12,,-6.0,-4.9,-7.87,-7.64,-9.13,-8.25,-8.0,-6.0,-4.0,-10.73,-10.04,-11.1,,-8.7,,-9.2,-7.5,-14.32,-12.4,,,,-6.0,-8.8,,-10.95,-7.1,,-7.5,-2.0,-10.31,-12.37,3.82,51,0.4912044553,0.3151154005
2021,6,East Carolina,Tulane,-3.5,23,52,29,0.17,1.05,-3.95,3.43,-0.34,-2.99,2.84,2.0,-7.04,1.0,-1.91,5.41,0.23,11.35,-0.48,-4.5,1.0,1.05,2.05,-2.0,4.81,-0.43,,2.0,-0.3,-0.43,-1.97,1.02,-4.92,-4.0,-4.0,-1.0,1.02,-2.4,-2.1,,-4.4,,-1.2,-3.0,-1.46,-0.45,,,,3.0,-1.6,,-10.43,-2.0,,-4.0,2.5,0.27,-3.61,3.6,81,0.5735900192,0.4882381443
2021,6,Florida Atlantic,Florida Intl.,10.5,37,58,21,17.37,14.82,10.9,21.03,15.79,16.62,17.69,13.0,15.41,14.5,17.58,14.5,17.72,14.99,15.13,15.18,8.0,16.15,14.75,25.63,14.03,16.77,,20.0,14.0,15.18,14.49,17.14,13.63,19.0,10.0,15.0,16.42,16.13,9.0,,15.3,,10.6,11.5,8.44,12.0,,,,8.0,9.6,,17.31,14.5,,10.5,6.0,18.71,20.48,3.54,79,0.6120561132,0.8238893066
2021,6,Florida St.,Syracuse,5.5,3,33,30,-2.51,-14.21,-3.09,-15.59,-0.73,-3.85,-8.01,-9.0,-10.21,-5.0,0.23,-16.36,3.36,-10.29,-3.33,-5.16,-20.0,-8.05,3.19,-11.5,-3.84,-2.42,,-12.0,3.5,-3.09,-4.59,-2.65,2.93,-2.0,6.0,0.01,-9.37,3.59,5.5,,0.7,,4.6,4.5,-7.61,7.45,,,,-10.0,4.6,,2.98,3.2,,5.0,11.5,-9.76,-6.06,6.92,63,0.3050782813,0.4237628587
2021,6,Georgia,Arkansas,16.5,37,37,0,17.14,11.83,13.25,22.47,16.39,21.31,12.53,9.0,24.73,17.5,20.05,4.89,20.54,8.54,16.16,10.4,6.0,21.95,20.28,9.63,15.77,8.58,,7.0,18.8,17.14,17.18,15.54,17.88,25.0,18.0,16.0,7.04,9.97,21.1,,21.7,,18.7,16.5,23.75,17.75,,,,11.0,18.8,,24.04,15.0,,18.5,12.0,15.27,22.37,5.63,37,0.4919469816,0.8313440823
2021,6,Georgia Southern,Arkansas St.,2.0,26,59,33,-2.99,5.64,-2.27,-6.34,-2.58,5.24,-3.48,5.0,1.67,5.0,-4.76,7.78,9.93,1.76,1.34,-6.53,-2.0,2.85,0.44,2.75,6.72,12.64,,5.0,1.1,1.67,0.14,-1.06,-0.78,8.0,4.0,-1.0,3.4,3.18,2.2,,-0.1,,1.2,2.0,0.48,-8.6,,,,-2.0,2.1,,1.72,2.6,,2.0,-1.5,6.48,-5.97,4.89,92,0.4841513623,0.5321511232
2021,6,Georgia St.,Appalachian St.,-10.0,-29,16,45,-8.56,-7.66,-7.03,-18.0,-9.03,-14.86,-9.31,-9.0,-14.01,-11.0,-9.14,-4.23,-16.55,-6.87,-10.08,-6.53,-19.0,-8.85,-15.56,-31.31,-9.8,-5.4,,-6.0,-12.1,-9.0,-9.89,-7.64,-14.03,-9.0,-9.0,-9.0,-13.91,-4.45,-8.2,,-14.8,,-6.4,-10.0,-6.01,-1.55,,,,-12.0,-6.2,,-14.58,-6.9,,-10.0,-12.0,-3.48,-12.33,4.08,61,0.4980527162,0.2692697152
2021,6,Georgia Tech,Pittsburgh,-3.0,-31,21,52,-0.24,-4.74,-4.39,-3.86,-2.32,-3.14,3.29,-2.0,-8.3,-3.5,-1.42,-2.83,-3.48,8.74,-1.88,6.67,-14.0,-0.65,-5.14,-14.81,12.66,-0.87,,-10.0,1.3,-2.0,-6.98,-0.53,-1.79,-3.0,-3.0,1.0,-5.56,-0.9,3.4,,-2.5,,2.5,-3.0,-6.1,2.0,,,,-7.0,3.2,,-8.61,-2.0,,-3.5,0.01,-0.53,-4.5,4.83,73,0.526907659,0.4548957954
2021,6,Hawaii,Fresno St.,-11.0,3,27,24,-12.46,-10.93,-6.46,-10.22,-9.09,-10.2,-15.98,-11.0,-13.79,-7.5,-12.66,-9.39,-9.04,-9.5,-9.41,-16.26,-21.0,-7.45,-12.34,-20.94,-3.97,1.27,,-14.0,-7.8,-10.2,-11.19,-10.82,-10.89,-4.0,-11.0,-15.0,-16.43,-3.75,-4.9,,-13.1,,-4.4,-11.0,-10.95,-8.45,,,,-15.0,-2.0,,0.2,-7.3,,-10.5,2.0,-1.9,-18.09,5.43,51,0.53775371,0.28743003
2021,6,Illinois,Charlotte,10.0,10,24,14,8.67,-3.89,12.64,-2.71,11.89,2.16,6.22,1.0,13.04,-2.5,11.11,-13.0,14.48,1.33,8.51,11.24,-8.0,13.65,6.97,0.75,15.64,0.43,,3.0,7.5,9.0,9.81,7.51,11.4,9.0,10.0,13.0,2.97,18.73,16.7,,13.4,,17.0,10.0,21.49,16.55,,,,6.0,17.6,,12.55,8.3,,11.0,6.0,6.94,14.34,7.49,38,0.4661731132,0.6861122894
2021,6,Iowa St.,Kansas,34.5,52,59,7,27.19,18.86,19.98,43.42,27.67,31.72,25.76,20.0,30.28,20.5,29.81,12.72,40.76,16.85,31.12,29.3,17.0,42.95,33.96,47.81,43.27,19.04,,14.0,27.2,30.28,28.48,25.53,33.57,41.0,33.0,35.0,30.0,38.04,45.4,,36.0,,40.6,34.5,49.27,38.25,,,,22.0,40.0,,30.87,25.0,,34.5,22.5,35.91,35.48,9.42,66,0.4273661748,0.95407031
2021,6,Kansas St.,Oklahoma,-11.5,-6,31,37,-6.68,-11.88,-6.29,-9.11,-1.45,-7.9,-5.31,-8.0,-23.52,-8.0,-6.24,-5.6,-5.6,-0.01,-8.13,2.73,-7.0,-10.95,-13.18,-13.19,-10.44,-4.31,,2.0,-0.9,-7.9,-7.55,-7.93,-13.97,-18.0,-12.0,-12.0,-4.49,-7.36,-15.8,,-14.9,,-13.8,-11.5,-5.42,11.15,,,,1.0,-16.2,,-12.6,-13.0,,-10.5,-6.5,-15.98,-5.94,6.31,68,0.578194438,0.3170648405
2021,6,Kent,Bowling Green,16.5,7,27,20,14.36,4.35,10.31,10.99,12.14,20.46,8.73,8.0,10.84,4.5,16.95,0.86,17.47,2.47,13.36,11.6,-1.0,16.15,18.07,14.31,14.93,12.7,,5.0,9.0,13.71,12.06,14.3,13.71,27.0,19.0,16.0,8.6,26.9,20.7,,16.0,,20.5,16.5,16.5,5.6,,,,4.0,19.3,,24.39,16.5,,16.5,9.0,20.32,12.03,6.6,47,0.4275344486,0.781466448
2021,6,Kentucky,Florida,-7.5,7,20,13,-4.26,-0.3,-5.52,-3.29,-8.75,-9.94,-2.73,-1.0,-13.72,-2.5,-6.5,6.94,-2.34,-6.25,-6.74,-12.17,3.0,-16.05,-8.28,-10.06,-10.8,-1.34,,2.0,-8.0,-8.0,-8.0,-2.47,-10.48,-11.0,-8.0,-8.0,-2.37,-4.93,-9.3,,-12.6,,-8.4,-7.5,-10.33,-5.4,,,,-2.0,-8.6,,-10.96,-6.8,,-8.0,-6.5,-10.31,-13.22,4.85,33,0.5182585154,0.3423619009
2021,6,LSU,Auburn,3.0,-5,19,24,4.7,1.58,1.64,1.77,2.52,3.72,4.94,3.0,-3.21,4.0,3.51,4.17,3.26,0.26,2.87,1.48,-7.0,5.05,4.77,3.5,3.15,1.78,,5.0,2.8,3.0,-1.23,5.81,0.75,6.0,4.0,3.0,4.5,7.37,0.9,,1.3,,1.5,3.0,0.95,9.3,,,,-1.0,-0.8,,6.3,3.2,,3.5,-2.0,7.93,0.63,3.02,43,0.4967905945,0.570483813
2021,6,Maryland,Iowa,-3.5,-37,14,51,-6.76,2.53,-4.79,5.64,-9.25,-9.65,-6.46,-2.0,7.92,-6.5,-6.37,-0.37,-17.96,-7.14,-6.24,-11.13,2.0,-10.65,-9.14,-16.63,-11.64,-5.41,,-1.0,-10.0,-6.37,-6.17,-7.38,-2.33,-14.0,-3.0,-8.0,-5.51,-7.09,-4.2,,-2.6,,-1.2,-3.5,-3.9,-3.85,,,,-2.0,-0.3,,-21.01,-4.9,,-3.0,-2.5,-14.82,-7.49,5.59,65,0.4353397744,0.3554134836
2021,6,Massachusetts,Toledo,-27.0,-38,7,45,-23.15,-8.92,-14.4,-32.8,-19.15,-28.02,-20.26,-17.0,-13.84,-16.0,-25.78,-6.28,-26.24,-10.86,-20.26,-17.15,-21.0,-26.05,-30.05,-23.75,-33.51,-4.05,,-4.0,-23.6,-21.67,-20.93,-22.11,-21.67,-26.0,-26.0,-25.0,-11.58,-16.75,-22.7,,-26.3,,-21.2,-26.5,-28.76,-9.15,,,,-13.0,-20.6,,-27.87,-24.0,,-27.0,-17.5,-26.6,-24.03,7.75,52,0.6486078307,0.1256994261
2021,6,Miami (Fla.),Virginia,5.5,-2,28,30,3.49,8.81,-1.57,4.7,1.48,-2.68,2.95,9.0,5.84,8.0,2.28,10.4,6.46,2.55,5.84,6.41,3.0,9.55,4.84,4.94,10.25,7.25,,9.0,3.9,6.46,4.05,4.86,7.72,8.0,5.0,10.0,8.63,11.94,11.8,,7.8,,9.0,5.5,8.56,-4.1,,,,-9.0,11.8,,2.31,6.7,,5.5,15.5,5.76,0.47,4.79,58,0.508179204,0.6376485585
2021,6,Miami (Ohio),Central Mich.,0.0,11,28,17,0.61,1.8,0.67,-6.8,3.71,-1.56,0.76,1.0,6.38,1.5,1.37,-0.66,5.18,8.02,2.79,13.64,-6.0,3.95,-5.95,-3.44,9.31,6.01,,3.0,4.5,2.3,1.05,-0.23,0.4,4.0,1.0,3.0,2.24,6.33,2.9,,0.5,,4.0,0.0,7.64,10.7,,,,-1.0,5.0,,-0.73,2.3,,0.0,0.5,8.18,4.65,4.17,45,0.5674939784,0.5674939784
2021,6,Michigan St.,Western Kentucky,11.0,17,48,31,12.97,18.84,18.01,13.04,14.0,14.01,19.17,20.0,13.54,15.5,8.92,21.7,16.15,16.04,17.05,14.32,11.0,17.35,16.78,36.0,22.8,15.35,,19.0,11.3,16.1,15.82,14.72,17.96,15.0,8.0,20.0,27.23,20.57,23.7,,16.1,,23.6,12.0,20.6,12.0,,,,11.0,25.6,,13.81,15.5,,11.0,-1.0,19.25,12.66,4.91,79,0.642101259,0.8475651938
2021,6,Middle Tenn.,Marshall,-11.0,6,34,28,-4.6,-3.67,-2.13,-7.49,-5.46,-9.02,-4.24,-6.0,-6.74,-6.5,-5.07,-2.0,-13.93,-5.43,-6.87,-5.84,-5.0,-9.35,-8.33,-17.13,-14.15,-8.43,,2.0,-12.7,-6.5,-6.64,-4.42,-3.68,-10.0,-12.0,-6.0,-5.34,-3.22,-7.7,,-11.7,,-8.2,-10.0,-9.61,-4.05,,,,-3.0,-8.1,,-11.5,-7.6,,-10.0,1.5,-10.12,-6.23,3.57,62,0.6001852626,0.3364304051
2021,6,Missouri,Tennessee,2.5,-38,24,62,2.64,0.86,0.41,-0.61,1.81,6.52,1.98,5.0,-7.86,5.0,1.25,5.55,-2.37,6.06,2.9,6.31,-2.0,0.01,8.28,8.25,2.93,6.68,,4.0,1.8,2.94,1.07,4.22,0.95,3.0,3.0,4.0,4.37,8.86,6.7,,1.3,,7.9,2.5,-0.01,3.3,,,,-1.0,6.7,,2.94,4.2,,3.0,-2.5,1.28,-3.03,3.5,86,0.5098154626,0.5707935892
2021,6,NC St.,Louisiana Tech,18.0,7,34,27,16.14,13.81,17.42,30.42,15.33,10.82,15.76,14.0,21.95,9.5,16.87,9.43,21.66,15.79,18.09,13.4,9.0,21.25,17.73,29.69,21.51,11.67,,14.0,10.6,16.87,16.43,15.7,21.07,22.0,19.0,24.0,22.07,23.33,24.9,,23.2,,22.6,18.0,22.71,16.7,,,,13.0,23.8,,9.23,15.5,,20.5,9.0,26.9,20.63,5.44,61,0.502139735,0.8594993501
2021,6,Navy,Central Florida,-16.5,4,34,30,-19.31,-17.95,-6.68,-31.1,-15.21,-14.75,-21.08,-16.0,-27.25,-13.5,-19.55,-12.93,-23.77,-11.79,-17.97,-20.34,-29.0,-17.95,-16.32,-31.0,-20.88,-6.28,,-26.0,-11.8,-17.95,-20.95,-18.37,-24.47,-14.0,-14.0,-17.0,-22.22,-14.79,-15.8,,-23.5,,-13.1,-16.5,-24.17,-17.6,,,,-17.0,-13.4,,-10.31,-20.0,,-16.0,-5.0,-18.49,-25.07,6.29,64,0.4657001208,0.1463255154
2021,6,Nebraska,Northwestern,11.5,49,56,7,8.04,13.7,5.38,13.89,8.16,9.47,11.45,7.0,26.3,3.0,9.99,6.91,1.83,4.7,9.54,12.61,4.0,16.15,8.93,16.5,10.0,6.0,,6.0,3.1,8.8,7.34,4.9,11.27,7.0,8.0,11.0,8.96,15.91,8.8,,13.8,,8.1,11.5,21.17,15.55,,,,13.0,7.8,,2.15,5.0,,11.5,4.0,0.48,15.81,5.27,63,0.4533579266,0.7157850236
2021,6,New Mexico,Air Force,-11.5,-28,10,38,-16.11,-9.17,-9.36,-9.8,-15.27,-22.13,-19.08,-7.0,-18.8,-8.5,-16.35,-3.98,-19.82,-11.3,-14.2,-16.01,-12.0,-20.35,-15.78,-25.19,-15.28,-8.05,,-7.0,-19.0,-15.0,-12.07,-14.66,-11.13,-16.0,-7.0,-15.0,-13.47,-5.2,-12.7,,-15.1,,-10.5,-11.5,-24.05,-20.8,,,,-7.0,-10.6,,-20.62,-8.5,,-10.5,-8.5,-18.98,-24.13,5.29,48,0.4359001187,0.1980245702
2021,6,North Carolina,Duke,19.5,31,38,7,11.46,7.67,6.86,8.18,13.18,17.62,7.4,12.0,18.6,6.5,14.51,1.78,15.97,6.65,14.83,9.57,-5.0,17.55,18.11,24.31,15.52,5.33,,2.0,10.5,14.51,11.53,10.64,13.55,23.0,19.0,14.0,12.82,24.8,25.5,,20.1,,21.1,19.0,29.74,29.05,,,,11.0,22.0,,16.56,17.0,,20.0,22.0,16.84,15.54,7.43,45,0.3949489201,0.8012555077
2021,6,Northern Ill.,Eastern Mich.,1.5,7,27,20,2.82,0.64,0.97,-3.22,2.15,-1.36,2.0,-2.0,-0.54,0.01,3.01,1.28,-4.16,8.12,-0.09,5.55,-6.0,-3.85,4.3,1.5,-7.27,1.68,,10.0,-3.6,-0.11,-2.17,3.01,-3.12,-5.0,2.0,-2.0,3.06,-7.22,-4.5,,-3.6,,-5.4,1.5,0.01,15.55,,,,-3.0,-5.1,,-3.68,1.8,,2.5,-2.0,-0.11,1.85,4.57,47,0.4616595258,0.4978264436
2021,6,Notre Dame,Cincinnati,-1.5,-11,13,24,6.81,3.96,5.54,1.63,5.63,-4.21,7.4,5.0,-4.12,8.5,5.6,8.31,1.12,0.01,2.57,-9.45,-3.0,4.15,3.54,2.75,3.18,3.32,,9.0,2.5,3.18,3.84,8.12,2.72,6.0,1.0,3.0,4.69,6.96,-4.0,,0.8,,-2.1,-0.5,-4.03,8.75,,,,-1.0,-4.1,,6.69,-2.9,,-2.0,-2.5,1.91,2.42,4.43,37,0.5975289051,0.5619599786
2021,6,Oklahoma St.,Baylor,4.0,10,24,14,7.27,1.51,0.01,5.47,6.97,2.68,7.73,5.0,-9.14,7.5,5.69,7.25,6.15,6.01,4.78,4.73,-7.0,6.15,2.5,2.88,6.89,8.28,,9.0,5.4,5.4,2.38,9.15,1.02,4.0,5.0,7.0,7.49,6.1,3.7,,1.2,,3.7,4.0,4.73,13.5,,,,-8.0,3.6,,1.96,4.0,,3.5,12.0,8.51,4.06,4.54,38,0.5188384166,0.6138956503
2021,6,Oregon St.,Washington,2.0,3,27,24,0.01,11.39,1.37,6.74,2.05,5.11,4.75,7.0,11.41,6.0,-2.82,11.38,-2.24,4.98,3.22,13.73,6.0,6.05,-0.32,6.5,6.47,5.54,,9.0,-5.5,4.85,5.02,0.59,2.07,0.01,-4.0,0.01,5.94,-0.01,6.5,,1.1,,6.0,2.0,4.85,-8.15,,,,10.0,7.5,,-6.78,-2.8,,2.5,-9.5,0.89,0.23,5.3,51,0.5290561852,0.5762862497
2021,6,Penn St.,Indiana,12.5,24,24,0,12.42,11.88,9.83,15.48,12.26,16.86,16.04,13.0,6.72,12.5,9.93,14.66,11.88,13.27,11.99,12.57,15.0,12.15,12.18,24.81,12.71,6.57,,16.0,13.6,12.15,10.3,13.53,13.17,8.0,9.0,10.0,17.71,2.03,10.6,,10.9,,10.0,12.5,6.52,11.4,,,,17.0,8.8,,9.45,10.4,,12.5,13.0,10.59,11.02,3.19,24,0.4874370437,0.7704900475
2021,6,Purdue,Minnesota,2.5,-7,13,20,8.07,11.04,6.33,8.87,5.22,2.81,10.23,8.0,13.2,5.5,7.44,9.88,5.12,12.27,6.6,4.24,9.0,3.65,4.58,9.13,10.89,1.88,,17.0,4.5,6.33,8.41,7.73,7.41,0.01,3.0,4.0,13.05,-2.09,5.2,,6.4,,3.7,3.5,4.05,13.5,,,,12.0,5.2,,-6.09,3.1,,2.5,2.5,0.28,12.55,4.58,33,0.5979889714,0.6552203731
2021,6,Rice,Southern Miss.,1.0,5,24,19,-3.78,0.01,0.01,-7.76,0.52,-1.05,-3.51,6.0,-8.02,1.0,-6.42,4.45,-0.28,2.83,-0.68,-1.76,-7.0,-7.25,0.71,0.38,0.23,3.76,,-1.0,-0.3,-0.28,-0.52,-1.43,-5.21,0.01,3.0,-3.0,2.74,2.76,0.9,,-1.7,,0.2,1.0,1.66,7.55,,,,-5.0,1.8,,-1.04,3.4,,2.5,-4.0,-1.34,-4.67,3.68,43,0.45894074,0.4833561575
2021,6,Rutgers,Ohio St.,-15.0,-39,13,52,-5.8,3.73,-5.85,10.48,-5.41,-10.42,-0.62,1.0,9.58,-8.0,-5.33,0.59,-14.92,10.06,-6.99,0.14,2.0,-10.25,-13.36,-16.63,-11.87,-11.85,,12.0,-13.2,-8.58,-5.12,-8.58,-9.87,-19.0,-17.0,-10.0,-2.51,-3.29,-15.6,,-10.8,,-13.1,-14.0,-9.1,-2.95,,,,9.0,-15.3,,-35.17,-14.0,,-15.0,-18.0,-18.89,1.6,9.43,65,0.6677989011,0.352493433
2021,6,SMU,South Florida,21.0,24,41,17,22.75,23.2,14.3,33.9,14.91,23.32,25.76,24.0,23.87,23.0,21.15,22.84,18.14,14.89,20.99,17.97,26.0,16.75,21.23,41.5,20.91,21.08,,22.0,14.1,22.0,22.8,23.19,23.26,21.0,20.0,23.0,28.96,22.53,14.6,,17.9,,15.3,21.0,25.09,12.5,,,,24.0,13.7,,18.46,23.0,,21.0,5.5,23.55,20.77,5.03,58,0.4997604329,0.8962485309
2021,6,San Jose St.,New Mexico St.,25.5,6,37,31,27.41,17.11,18.62,11.98,22.49,27.73,28.06,18.0,22.57,14.5,27.03,14.17,24.77,16.4,23.55,25.09,8.0,24.25,32.93,24.06,22.91,22.93,,16.0,15.2,24.06,23.06,27.55,23.69,25.0,28.0,25.0,16.78,32.87,31.6,,28.1,,30.7,25.5,41.15,20.15,,,,12.0,31.3,,24.0,25.5,,27.5,21.5,24.82,26.63,6.58,68,0.4548252361,0.914731804
2021,6,South Alabama,Louisiana-Lafayette,-12.5,-2,18,20,-6.76,4.58,-6.0,11.81,-6.64,-11.08,-4.36,-4.0,4.61,-5.5,-8.09,4.57,-16.06,-1.6,-8.65,0.26,6.0,-19.55,-13.11,-25.56,-19.64,-13.4,,6.0,-10.1,-8.59,-6.12,-6.49,-7.47,-18.0,-10.0,-22.0,-3.8,-17.06,-14.5,,-11.5,,-11.5,-12.5,-17.89,-1.45,,,,6.0,-13.5,,-20.74,-13.4,,-12.5,-11.5,-15.72,-8.59,8.38,38,0.5849196798,0.3149318993
2021,6,South Carolina,Troy St.,6.5,9,23,14,11.77,7.83,14.92,2.76,10.15,8.84,14.41,3.0,8.78,4.0,10.45,7.32,12.58,14.52,10.17,11.82,1.0,16.05,9.41,12.81,18.28,7.95,,14.0,7.4,10.94,11.27,11.88,7.82,12.0,9.0,18.0,12.5,2.02,12.6,,7.9,,12.9,7.0,7.72,7.9,,,,7.0,13.5,,10.94,6.5,,7.0,-3.0,14.77,13.61,4.6,37,0.587868368,0.7308442075
2021,6,Stanford,Oregon,-8.0,7,31,24,-6.46,-10.55,-2.34,-10.83,-3.57,-9.47,-9.19,-8.0,-11.43,-9.5,-3.95,-10.06,-7.45,-7.77,-7.24,-10.9,-15.0,-2.05,-9.37,-21.38,-8.46,-4.68,,-13.0,-5.7,-8.0,-6.75,-8.22,-8.84,-7.0,-8.0,-11.0,-12.89,0.79,-7.2,,-9.6,,-4.8,-8.0,0.24,11.8,,,,-4.0,-4.7,,-15.23,-8.7,,-8.0,5.5,-12.99,-7.26,5.14,55,0.5181637796,0.3321872007
2021,6,TCU,Texas,-4.0,-5,27,32,-3.05,-6.55,-5.86,-4.9,-9.89,-13.93,-3.57,-6.0,-11.95,-7.0,-3.26,-3.65,-12.74,-5.11,-7.79,-10.47,-8.0,-17.65,-5.34,-15.56,-13.53,2.78,,-16.0,-10.2,-7.0,-9.18,-2.61,-7.15,-8.0,1.0,-5.0,-8.6,-3.2,-3.9,,-8.6,,-3.8,-4.0,-7.84,-22.95,,,,-8.0,-4.2,,-5.53,-3.6,,-5.0,-2.5,-9.08,-12.26,4.94,59,0.4098425319,0.3197025966
2021,6,Temple,Memphis,-11.0,3,34,31,-14.01,-5.27,-7.54,-0.72,-12.89,-16.63,-15.08,-8.0,-5.8,-10.0,-15.42,-4.99,-16.85,-7.33,-12.19,-8.96,-16.0,-20.05,-11.77,-21.13,-18.63,-10.57,,-10.0,-10.9,-12.6,-13.14,-12.11,-13.23,-12.0,-12.0,-17.0,-13.28,-15.72,-12.9,,-15.7,,-11.5,-11.0,-15.5,-9.85,,,,-7.0,-12.4,,-15.3,-12.6,,-11.0,0.5,-18.14,-20.25,4.7,65,0.4713508689,0.2307858697
2021,6,Texas A&M,Mississippi St.,7.0,-4,22,26,8.3,8.94,10.01,0.12,7.03,7.69,6.2,10.0,7.94,9.0,8.2,9.47,13.65,8.9,9.88,10.62,8.0,11.85,5.57,16.38,15.54,10.85,,5.0,6.8,10.0,10.6,9.48,6.64,18.0,8.0,14.0,12.48,15.97,13.0,,9.8,,12.9,7.5,9.59,-1.1,,,,10.0,12.3,,11.77,12.2,,7.0,11.5,13.14,4.96,3.68,48,0.5701378941,0.7278308558
2021,6,Texas-San Antonio,UNLV,21.5,7,24,17,21.31,36.18,12.42,40.45,15.59,26.39,27.81,30.0,41.48,27.0,18.93,33.32,12.81,18.75,23.59,26.41,36.0,22.75,20.13,36.13,20.16,26.22,,35.0,12.7,22.71,23.61,21.18,22.71,22.0,18.0,24.0,30.43,19.79,15.6,,28.7,,16.6,21.5,18.99,16.4,,,,28.0,14.8,,6.72,24.0,,21.0,21.5,30.31,19.92,7.85,41,0.5469696567,0.9085657824
2021,6,Tulsa,Houston,3.5,-35,10,45,4.74,-8.98,4.43,-8.54,5.29,-1.94,4.4,-5.0,-10.31,-2.0,6.29,-8.25,4.28,-2.49,1.91,7.03,-11.0,5.15,0.51,-7.44,4.87,3.15,,1.0,3.7,3.0,1.69,3.38,2.63,3.0,3.0,1.0,0.12,5.44,0.6,,-1.6,,2.5,3.5,10.52,24.7,,,,-6.0,0.9,,5.53,4.0,,4.5,7.5,7.31,5.25,6.25,55,0.4628767127,0.5445660957
2021,6,UAB,Liberty,3.0,-24,12,36,1.82,2.21,0.76,-1.89,3.5,-1.87,4.33,1.0,-1.29,4.0,-0.01,4.11,7.78,5.29,1.4,8.77,-6.0,1.05,2.15,-2.5,3.04,4.96,,5.0,1.7,1.57,2.61,2.55,4.96,1.0,2.0,1.0,4.25,1.57,-5.2,,1.0,,-4.9,3.0,-3.12,-0.35,,,,-4.0,-3.7,,-0.54,3.1,,2.0,0.5,4.21,-1.36,3.36,48,0.4607276076,0.534376381
2021,6,UCLA,Arizona St.,3.0,-19,23,42,7.85,4.48,7.31,9.19,7.48,6.02,11.61,7.0,4.4,6.0,7.49,4.53,3.71,10.33,6.34,7.09,1.0,4.75,6.38,12.5,1.19,1.41,,19.0,3.7,6.32,6.5,6.57,6.38,4.0,3.5,5.0,10.71,5.72,2.0,,8.2,,1.9,3.5,6.32,17.3,,,,9.0,2.0,,-1.29,2.7,,3.0,1.0,3.23,9.33,4.02,65,0.5808088618,0.6506824635
2021,6,UTEP,Old Dominion,5.5,7,28,21,-0.7,4.44,-0.65,4.86,1.02,6.69,1.85,9.0,-13.68,8.5,-5.01,14.2,3.0,6.79,3.24,3.8,6.0,-1.45,7.88,6.06,8.96,8.36,,12.0,0.9,3.8,0.41,2.37,3.83,2.0,4.0,2.0,8.35,17.35,4.0,,-2.8,,6.4,5.5,-6.14,-6.15,,,,3.0,6.4,,-1.47,5.0,,5.5,-1.0,9.52,-6.86,5.96,49,0.4469823641,0.5757713087
2021,6,Utah St.,BYU,-9.5,-14,20,34,-6.37,-4.35,-5.05,-6.71,-8.8,-8.17,-8.47,-10.0,-2.09,-9.0,-4.37,-5.56,-16.61,-1.17,-10.15,-9.31,-7.0,-14.75,-10.4,-24.44,-16.87,-13.51,,-2.0,-9.8,-9.65,-9.98,-7.9,-9.02,-17.0,-10.0,-14.0,-13.61,-10.0,-20.0,,-12.6,,-17.5,-9.5,-9.65,1.45,,,,1.0,-18.9,,-14.45,-7.6,,-8.5,-10.0,-21.85,-6.79,5.49,54,0.4845666908,0.2728417795
2021,6,Vanderbilt,Connecticut,14.5,2,30,28,15.35,-0.93,14.47,14.72,12.42,17.75,14.67,8.0,-4.0,10.5,14.07,0.73,17.44,13.78,12.24,11.64,3.0,12.45,13.48,8.06,16.46,8.14,,6.0,15.3,13.48,12.4,16.98,13.52,16.0,14.0,19.0,8.45,13.25,14.7,,12.7,,11.7,14.5,10.54,10.5,,,,15.0,13.6,,16.7,16.0,,14.5,10.0,16.96,13.29,5.01,58,0.4460053888,0.7689119041
2021,6,Wake Forest,Louisville,7.0,3,37,34,8.9,9.85,5.24,12.1,7.65,8.82,9.36,11.0,14.08,9.0,8.8,7.57,8.63,11.43,8.46,7.67,9.0,9.95,5.87,13.63,7.43,6.27,,3.0,8.7,8.8,8.83,8.86,8.1,6.0,7.0,5.0,11.15,10.58,10.4,,8.4,,10.9,7.0,6.96,6.0,,,,15.0,11.4,,3.39,4.6,,7.0,0.5,6.08,9.94,2.87,71,0.5360577038,0.7000146921
2021,6,West Va.,Texas Tech,7.0,-3,20,23,10.84,9.14,5.54,15.18,8.71,6.19,11.03,10.0,25.69,6.5,13.1,0.22,7.17,5.26,10.3,10.39,5.0,18.05,7.56,12.81,13.93,6.66,,6.0,3.4,10.0,10.59,8.53,8.29,14.0,7.0,16.0,9.5,14.03,14.3,,14.9,,13.8,7.5,2.68,12.85,,,,6.0,16.4,,4.89,4.8,,7.5,9.0,13.37,15.18,4.91,43,0.5787053078,0.7323111734
2021,6,Wisconsin,Michigan,2.0,-21,17,38,-6.35,-11.63,-7.93,-10.58,-7.69,-3.69,-12.2,-7.0,-18.88,-5.5,-5.55,-7.74,-3.31,-11.02,-6.27,-10.36,-20.0,-5.05,-7.12,-12.19,-8.55,2.65,,-19.0,-6.2,-6.9,-9.07,-4.48,-6.8,1.0,4.0,-2.0,-9.39,3.98,3.2,,-8.1,,1.4,1.0,-6.9,-11.2,,,,-14.0,2.6,,4.99,2.6,,1.5,-0.5,1.38,-20.76,6.63,55,0.3153435966,0.357744629
2021,7,Air Force,Wyoming,5.0,10,24,14,2.46,1.96,7.5,8.04,8.05,10.79,2.31,4.0,13.84,9.0,4.71,-3.99,12.11,0.77,6.32,7.9,1.0,18.85,3.45,10.69,7.38,2.13,,3.0,11.2,6.0,4.74,-0.16,1.54,12.0,2.0,6.0,2.89,2.46,4.9,,7.4,,4.8,5.0,11.75,9.0,,,,9.0,5.1,,8.35,3.2,,6.0,5.0,6.54,8.31,4.31,38,0.5319783457,0.6495841008
2021,7,Arizona,UCLA,-16.0,-18,16,34,-15.66,-16.17,-12.37,-23.98,-14.38,-19.1,-17.76,-19.0,-14.79,-16.5,-14.38,-16.85,-17.47,-13.01,-17.03,-16.31,-17.0,-25.75,-13.96,-35.38,-17.65,-12.09,,-15.0,-12.6,-16.17,-18.5,-16.07,-13.68,-13.0,-16.0,-17.0,-23.14,-18.02,-15.2,,-20.0,,-15.2,-16.0,-15.29,-12.95,,,,-22.0,-14.3,,-11.22,-22.0,,-16.0,-10.0,-19.04,-21.47,3.61,50,0.4747763169,0.1477617025
2021,7,Arizona St.,Stanford,13.0,18,28,10,7.61,5.9,3.39,13.35,6.52,9.82,7.8,7.0,7.71,5.5,7.55,4.99,11.35,8.89,8.04,8.48,6.0,10.45,6.12,14.63,10.23,2.05,,2.0,7.5,7.71,6.31,7.64,8.47,10.0,12.0,6.0,8.94,3.85,13.3,,8.0,,12.4,12.0,16.36,-1.2,,,,7.0,12.6,,8.45,11.1,,13.0,5.0,9.29,7.2,3.46,38,0.3800760459,0.6896472673
2021,7,Arkansas St.,Coastal Carolina,-20.0,-32,20,52,-18.09,-30.63,-11.03,-18.28,-16.31,-26.54,-22.97,-32.0,-39.77,-22.5,-17.5,-26.06,-24.62,-12.36,-23.19,-21.55,-37.0,-30.35,-15.02,-40.19,-26.83,-17.41,,-29.0,-17.5,-23.6,-25.89,-16.6,-20.98,-19.0,-18.0,-25.0,-29.98,-11.89,-27.4,,-24.5,,-23.6,-20.0,-40.04,-25.3,,,,-29.0,-26.7,,-5.84,-15.5,,-20.0,-8.0,-23.28,-35.92,8.13,72,0.4290275711,0.0967713932
2021,7,Auburn,Georgia,-15.0,-24,10,34,-11.45,-14.48,-9.68,-23.76,-14.57,-13.56,-12.38,-12.0,-24.86,-17.5,-11.72,-9.3,-17.91,-9.78,-14.2,-12.91,-11.0,-25.15,-7.7,-2.63,-21.72,-8.77,,-21.0,-13.9,-14.0,-15.71,-10.8,-14.47,-14.0,-15.0,-13.0,-5.49,-4.71,-16.1,,-18.2,,-15.5,-15.0,-22.29,-19.65,,,,-17.0,-14.6,,-5.48,-11.4,,-15.5,-4.5,-16.05,-26.42,5.58,44,0.5189590721,0.1993746134
2021,7,BYU,Boise St.,6.5,-9,17,26,6.32,11.85,5.11,10.88,5.45,5.04,11.32,12.0,-2.27,12.5,1.57,18.9,4.54,15.25,7.93,9.7,5.0,8.25,4.16,13.69,11.33,13.31,,10.0,5.3,8.27,8.27,9.23,5.27,11.0,2.5,6.0,17.22,1.4,9.8,,0.5,,9.6,6.5,11.8,2.5,,,,1.0,9.8,,2.86,2.5,,5.5,3.0,16.05,3.33,4.92,43,0.5342839443,0.6833717768
2021,7,Baylor,West Va.,2.0,25,45,20,3.66,4.96,4.83,4.66,2.8,5.28,5.92,5.0,-5.34,6.0,1.43,10.11,5.12,4.48,3.88,3.48,7.0,1.75,3.53,12.94,4.51,8.41,,5.0,5.5,4.48,2.86,4.67,4.11,7.0,2.0,2.0,10.77,0.94,0.3,,-0.7,,0.2,2.0,10.69,-3.05,,,,5.0,-1.0,,9.19,3.2,,3.0,-3.5,-0.01,2.33,3.61,65,0.5459689513,0.5941904347
2021,7,Bowling Green,Akron,13.5,-15,20,35,16.29,17.01,12.14,19.25,13.14,12.2,22.08,11.0,29.16,10.5,17.21,10.94,13.61,17.25,14.37,22.58,12.0,22.45,2.05,8.19,21.05,6.12,,18.0,14.5,13.53,17.55,13.02,15.89,7.0,7.0,12.0,10.72,1.59,5.0,,14.5,,5.7,13.5,28.49,22.1,,,,25.0,3.3,,5.11,8.8,,14.5,13.0,13.53,30.21,7.15,55,0.5199280827,0.7954327118
2021,7,Central Florida,East Carolina,10.0,4,20,16,6.54,0.99,7.69,10.3,7.91,7.09,1.38,3.0,5.2,6.0,8.24,-1.12,10.57,-2.32,6.46,4.1,-1.0,1.45,14.58,8.69,-1.96,6.23,,1.0,9.0,6.1,5.46,7.21,12.31,13.0,11.0,6.0,3.06,9.37,6.1,,10.1,,5.0,9.5,10.67,0.65,,,,5.0,5.6,,23.41,9.2,,10.0,12.5,3.32,2.19,4.95,36,0.4157103273,0.6511679895
2021,7,Cincinnati,Temple,30.0,49,52,3,31.79,22.65,20.98,29.0,30.44,38.42,33.48,24.0,34.57,21.0,32.63,16.7,43.95,16.86,32.21,34.15,19.0,42.85,30.81,51.69,45.41,23.71,,28.0,26.3,31.96,33.75,30.61,31.96,35.0,28.0,36.0,34.74,28.97,43.9,,36.4,,41.0,30.0,37.86,28.95,,,,31.0,43.0,,27.3,27.5,,29.0,10.5,40.15,42.5,8.36,55,0.5490212075,0.9637077998
2021,7,Colorado St.,San Jose St.,2.5,18,32,14,5.46,-3.44,3.42,9.39,5.06,7.1,7.01,-4.0,4.68,-5.0,7.83,-7.5,8.44,6.0,3.58,9.71,-2.0,12.45,2.2,0.88,12.7,-12.49,,3.0,7.8,3.42,1.29,2.46,7.57,4.0,0.0,6.0,2.88,-2.42,-0.5,,1.5,,-2.9,2.5,8.43,18.3,,,,9.0,-3.0,,-3.52,0.7,,2.5,3.0,-2.45,15.93,6.66,46,0.5250115538,0.5823689422
2021,7,Duke,Georgia Tech,-4.0,-4,27,31,-3.44,-1.64,-0.01,1.15,-1.83,1.08,-4.71,-0.25,-11.91,3.5,-3.56,3.48,-5.3,-5.37,-3.5,-3.17,1.0,-7.25,-2.57,-0.94,0.14,7.89,,-4.0,-1.9,-3.05,-3.05,-2.78,-6.14,-1.0,-4.0,-4.0,-2.15,-7.52,-7.7,,-8.1,,-5.9,-4.0,-14.19,-12.4,,,,-2.0,-6.7,,4.49,-0.7,,-3.5,-8.0,-0.5,-14.54,5.05,58,0.5119728851,0.4167899145
2021,7,Eastern Mich.,Miami (Ohio),-2.0,1,13,12,2.67,1.83,1.96,4.37,1.2,0.82,1.56,2.0,-2.88,2.0,2.38,4.19,-1.07,7.19,0.89,-3.29,5.0,2.75,3.55,0.25,-2.19,-0.81,,1.0,2.7,1.56,0.43,3.47,5.83,3.0,0.0,-5.0,3.29,-4.59,-3.3,,1.3,,-2.5,-1.5,0.24,-3.1,,,,4.0,-2.8,,1.94,0.01,,-2.0,5.5,-7.16,3.71,3.19,25,0.5708322885,0.5219182553
2021,7,Florida,Vanderbilt,39.0,42,42,0,34.18,27.65,25.42,34.89,30.67,41.63,34.84,22.0,47.57,24.5,37.35,17.69,29.55,17.63,34.1,32.88,18.0,38.05,35.38,56.06,33.27,26.02,,34.0,28.8,34.18,35.19,30.91,40.11,42.0,35.0,32.0,33.46,23.54,40.5,,39.9,,40.8,38.5,49.92,44.4,,,,38.0,38.6,,35.58,25.5,,38.5,25.0,33.89,38.76,7.78,42,0.3908122222,0.9731410674
2021,7,Florida Intl.,Charlotte,-3.5,-12,33,45,-7.03,-8.98,-3.38,-10.32,-4.31,-3.21,-8.52,-7.0,-7.2,-7.0,-6.59,-9.87,-1.19,,-5.25,-8.27,-10.0,-10.45,3.54,-5.75,-6.21,-4.99,,-11.0,-1.6,-5.98,-7.54,-6.87,-1.59,-5.0,-3.0,-7.0,-5.1,-3.36,-0.5,,-5.5,,-0.7,-3.5,2.34,-8.95,,,,-8.0,-0.3,,-0.67,-2.0,,-3.5,0.5,-7.58,-13.01,3.84,78,0.4573327865,0.3739283832
2021,7,Illinois,Wisconsin,-11.0,-24,0,24,-8.07,-2.68,-4.47,-3.97,-7.33,-6.02,-4.79,-2.0,0.54,-0.5,-9.02,-4.29,-11.23,5.21,-6.9,2.84,-2.0,-3.05,-17.7,-15.56,-2.74,-5.39,,-6.0,-10.0,-7.14,-4.69,-8.88,-7.14,-10.0,-8.0,-9.0,-6.34,-9.26,-11.3,,-8.6,,-10.0,-10.5,-14.37,-5.65,,,,3.0,-10.3,,-20.16,-9.5,,-10.0,-12.5,-7.43,-4.54,5.04,24,0.5972316326,0.3393212301
2021,7,Iowa,Penn St.,2.0,3,23,20,5.96,6.94,6.17,5.02,6.85,1.99,7.61,5.0,14.69,5.0,5.94,3.06,5.86,6.62,5.82,7.19,1.0,8.05,0.26,3.94,6.73,4.76,,8.0,2.9,5.94,7.86,5.38,3.18,11.0,1.5,4.0,4.55,8.58,4.6,,6.4,,4.4,3.0,8.24,4.55,,,,9.0,6.0,,2.92,1.0,,2.0,2.0,6.11,10.51,2.79,43,0.5936734557,0.6409843042
2021,7,Kent,Buffalo,6.5,10,48,38,3.75,0.19,1.19,3.29,0.95,-1.87,4.85,1.0,-6.04,-1.0,2.99,3.3,-3.33,8.24,0.79,-0.5,-3.0,5.95,-1.91,-4.75,2.12,2.37,,4.0,-4.8,0.19,-0.49,3.97,-2.25,-2.0,5.0,-3.0,3.31,11.09,-0.2,,-2.4,,2.2,5.0,2.66,9.4,,,,-1.0,-0.3,,-4.76,3.2,,6.0,-2.5,-3.29,-1.38,3.75,86,0.363144296,0.519314442
2021,7,Kentucky,LSU,2.5,21,42,21,5.08,13.72,-1.7,8.24,2.51,3.62,10.22,7.0,5.76,9.5,1.78,17.71,3.29,11.97,4.12,6.25,6.0,1.55,-4.5,2.94,4.11,9.28,,15.0,0.5,4.0,3.98,6.53,0.61,-3.0,1.0,3.0,12.36,-10.16,-0.8,,-2.8,,0.8,2.5,7.54,7.35,,,,4.0,-0.2,,-12.2,1.7,,3.5,4.5,4.15,7.64,6.04,63,0.5379899668,0.5958225008
2021,7,Liberty,Middle Tenn.,19.5,28,41,13,17.71,14.78,9.74,20.8,14.53,15.75,18.75,17.0,19.17,15.5,17.6,12.58,20.32,12.9,18.32,19.26,13.0,20.35,15.28,29.13,23.24,19.29,,12.0,14.3,17.71,15.45,17.49,13.55,21.0,16.0,17.0,22.78,17.25,23.1,,19.8,,23.9,19.5,30.8,21.75,,,,18.0,22.8,,13.66,16.5,,19.5,16.0,20.79,19.33,4.14,54,0.4713290248,0.8679462307
2021,7,Louisiana-Monroe,Georgia St.,-16.0,-34,21,55,-3.53,6.37,-1.96,1.96,-4.15,0.01,1.1,0.25,-0.88,1.5,-6.85,9.99,-12.3,7.37,-4.89,-1.92,7.0,-10.15,-11.39,-1.13,-13.32,-1.75,,8.0,-2.2,-3.53,-3.11,-2.39,-7.03,-12.0,-18.0,-11.0,5.8,-16.2,-13.5,,-9.0,,-11.1,-14.5,-14.82,-11.9,,,,2.0,-11.9,,-9.79,-16.5,,-16.0,-5.0,-16.51,-1.71,7.35,76,0.7373186521,0.3899168334
2021,7,Louisville,Virginia,2.5,-1,33,34,1.55,1.63,0.01,0.19,1.31,4.66,3.95,1.0,0.14,3.0,-0.47,2.37,6.2,2.85,2.36,10.14,-1.0,3.25,-0.01,0.38,8.72,0.44,,1.0,3.5,1.63,-0.48,2.35,-0.42,6.0,3.0,3.0,2.09,-1.74,3.0,,1.9,,0.01,2.5,4.93,1.95,,,,3.0,1.6,,-0.01,1.0,,2.5,12.5,1.24,-0.84,2.95,67,0.4965410904,0.5581011336
2021,7,Marshall,Old Dominion,21.0,7,20,13,17.02,9.86,12.22,16.45,14.78,29.85,15.35,14.0,16.54,15.5,17.31,6.52,21.48,13.42,17.75,13.62,8.0,20.05,27.36,29.88,20.51,15.03,,11.0,17.3,17.3,14.03,17.66,19.72,21.0,18.0,17.0,14.19,26.58,22.5,,21.0,,21.6,21.0,20.7,17.6,,,,14.0,22.6,,20.96,22.0,,21.0,3.5,19.79,16.31,5.29,33,0.4229950989,0.8556172462
2021,7,Massachusetts,Connecticut,-3.0,14,27,13,4.81,2.06,-1.09,-6.0,1.86,0.64,6.59,7.0,1.63,5.5,4.5,2.27,-3.13,2.63,0.73,-4.66,-5.0,-6.75,2.06,2.75,-14.92,9.39,,10.0,-1.8,1.63,1.14,4.38,4.21,-3.0,1.0,-2.0,3.67,-0.36,-0.9,,1.9,,-1.4,-2.5,-2.16,10.75,,,,2.0,0.4,,-5.31,-0.6,,-3.5,-4.5,-5.43,1.99,5.1,40,0.5885096971,0.5174613027
2021,7,Mississippi,Arkansas,5.5,1,52,51,6.38,-0.82,4.55,0.2,4.73,5.31,2.71,-2.0,7.2,-1.0,8.9,-4.82,5.7,-2.8,3.87,6.66,1.0,8.25,6.7,4.69,6.3,-4.52,,-6.0,5.2,5.2,3.1,5.03,5.94,11.0,6.0,3.0,1.45,7.36,7.0,,7.2,,5.9,5.5,0.89,-3.9,,,,9.0,6.0,,9.94,3.9,,6.0,0.5,7.21,6.51,4.41,103,0.4605976034,0.592848607
2021,7,Missouri,North Texas,19.0,13,48,35,16.55,9.69,16.3,5.2,16.06,17.54,13.54,12.0,12.86,12.5,15.98,8.11,25.92,13.58,16.13,10.06,7.0,13.35,17.35,22.25,16.79,13.14,,13.0,11.5,16.06,17.77,18.61,12.36,23.0,20.0,21.0,14.79,14.26,25.3,,17.4,,25.7,18.5,19.09,11.65,,,,17.0,25.0,,23.52,23.0,,19.0,7.5,18.92,12.16,5.19,83,0.4317870821,0.8329026368
2021,7,Navy,SMU,-13.5,-7,24,31,-16.78,-17.56,-7.19,-21.09,-10.25,-18.55,-20.37,-18.0,-18.57,-17.5,-15.67,-17.05,-12.2,-12.05,-14.94,-14.35,-30.0,-13.95,-12.18,-35.25,-15.58,-10.41,,-16.0,-6.1,-15.18,-17.85,-16.45,-21.47,-8.0,-15.0,-14.0,-24.14,-18.58,-13.2,,-14.9,,-13.6,-13.5,-12.75,-4.95,,,,-22.0,-12.2,,-3.55,-14.5,,-13.5,1.5,-15.18,-20.21,5.83,55,0.4660703669,0.1884966991
2021,7,Nebraska,Michigan,-2.5,-3,29,32,-8.19,-8.89,-6.53,-7.88,-8.33,-8.09,-10.85,-9.0,-4.95,-8.0,-4.38,-10.86,-6.21,-10.89,-6.32,-6.9,-12.0,5.85,-6.34,-11.13,2.1,-3.29,,-20.0,-11.6,-7.1,-7.39,-10.38,-4.59,-1.0,-4.5,-3.0,-10.69,-1.7,-0.5,,-7.1,,-0.6,-3.0,5.54,-10.9,,,,-10.0,0.01,,-9.35,-3.4,,-3.5,-3.0,-5.04,-11.51,4.93,61,0.4091261676,0.3519052696
2021,7,Nevada,New Mexico St.,29.0,27,55,28,34.46,25.4,20.03,21.2,26.44,34.13,39.04,26.0,32.39,21.0,31.81,21.9,30.3,18.46,29.56,33.9,20.0,33.15,35.58,37.31,33.23,25.77,,26.0,20.2,30.3,28.65,35.32,29.55,29.0,31.0,38.0,28.01,34.02,34.5,,34.3,,33.1,29.0,36.51,28.4,,,,25.0,32.4,,20.63,29.5,,30.5,20.5,33.34,33.51,5.84,83,0.5132056187,0.9597341744
2021,7,North Carolina,Florida St.,17.5,-10,25,35,15.73,16.93,12.19,23.59,16.63,17.0,15.52,18.0,20.24,15.5,16.75,15.28,18.77,15.04,17.41,10.31,14.0,19.25,15.18,31.0,15.16,13.08,,16.0,9.6,17.0,18.11,15.23,17.48,25.0,18.0,14.0,22.08,17.6,20.2,,17.6,,18.2,17.5,19.24,18.15,,,,20.0,17.8,,15.67,17.0,,17.5,12.5,21.54,19.56,3.27,60,0.4977846692,0.858634503
2021,7,Ohio,Central Mich.,-5.5,-3,27,30,-1.33,-7.89,-4.01,-12.8,-3.22,-9.42,-2.28,-7.0,-16.47,-5.0,-2.39,-3.6,-4.22,-2.15,-4.45,-8.15,-10.0,-3.45,-6.35,-9.5,-0.46,-0.97,,-6.0,-1.2,-4.0,-5.75,0.01,-8.37,1.0,-7.0,-4.0,-0.67,-0.32,-7.3,,-7.8,,-6.8,-5.5,2.11,-2.55,,,,-11.0,-9.3,,-0.52,-3.2,,-5.5,7.0,-0.57,-6.74,4.34,57,0.525436621,0.3934243644
2021,7,Ohio St.,Maryland,21.5,49,66,17,16.56,4.75,15.12,11.14,19.4,19.92,14.74,8.0,9.6,14.5,16.67,2.32,25.63,6.85,18.02,15.9,8.0,30.45,22.34,26.0,26.52,9.2,,8.0,21.9,17.5,16.55,17.28,22.58,33.0,21.0,19.0,14.11,14.45,21.6,,20.1,,19.0,21.0,24.9,21.7,,,,14.0,17.7,,37.5,17.5,,20.5,16.0,28.01,18.52,7.45,83,0.4213437434,0.8479409951
2021,7,Rutgers,Michigan St.,-4.5,-18,13,31,-0.92,-6.24,-3.05,1.63,-1.65,-3.94,-6.83,-2.0,-3.67,-6.5,2.6,-7.52,-5.96,-2.86,-4.1,-3.14,-5.0,-9.25,-1.61,-14.75,-10.06,-8.4,,4.0,-6.2,-3.94,-1.82,-2.14,-5.39,-1.0,-6.0,-4.0,-6.45,2.45,-6.6,,-2.9,,-5.5,-4.5,-11.18,1.6,,,,3.0,-8.0,,-8.74,-2.4,,-5.5,-1.0,-7.77,-4.03,3.73,44,0.5097844859,0.4007457023
2021,7,San Diego St.,New Mexico,19.5,24,31,7,24.74,19.47,17.51,19.41,22.36,27.5,27.87,16.0,21.53,14.5,24.22,18.44,26.16,17.66,23.23,28.84,19.0,30.05,25.36,37.31,25.17,21.46,,20.0,21.1,23.0,22.86,24.06,27.3,23.0,17.0,28.0,28.28,19.47,25.0,,22.4,,23.3,20.0,28.48,19.75,,,,20.0,24.0,,19.53,15.0,,19.5,18.5,29.88,26.77,4.19,38,0.589864358,0.9214584684
2021,7,Southern Miss.,UTEP,-2.0,-13,13,26,2.32,-8.17,4.18,-5.38,3.43,5.03,-4.49,-6.0,0.75,-5.0,7.43,-12.62,-2.23,,0.29,-5.72,-12.0,-0.55,7.92,0.5,-3.21,-1.52,,-8.0,2.9,-0.3,-1.87,0.24,7.07,10.0,-1.0,-1.0,-4.6,2.99,7.8,,6.6,,6.2,-2.0,-2.17,-5.05,,,,-5.0,5.8,,13.35,-0.5,,-2.5,2.0,-1.79,-0.11,5.85,39,0.5538351741,0.5068380442
2021,7,Syracuse,Wake Forest,-6.0,-3,37,40,-9.44,-11.41,-2.65,-2.68,-5.51,-3.56,-11.42,-9.0,-8.77,-9.5,-6.38,-12.74,-12.85,-9.11,-7.97,-8.45,-9.0,-6.35,-4.37,-18.5,-9.24,-8.27,,-9.0,-8.0,-8.45,-9.84,-11.81,-6.03,-6.0,-11.0,-6.0,-15.76,-5.64,-11.9,,-9.0,,-10.2,-6.0,6.96,-3.85,,,,-6.0,-11.1,,-8.02,-3.8,,-6.0,-3.0,-10.51,-7.92,3.86,77,0.4520074906,0.3128197873
2021,7,Tennessee,South Carolina,10.5,25,45,20,7.06,4.5,7.46,12.42,7.89,2.96,8.74,3.0,15.54,2.5,7.94,-1.02,11.95,8.93,8.57,8.1,5.0,14.35,5.97,5.94,12.84,5.4,,1.0,8.8,8.74,8.8,5.64,11.19,12.0,12.0,11.0,7.38,10.07,9.5,,10.1,,8.7,10.5,16.85,13.85,,,,13.0,9.0,,5.28,5.4,,10.5,10.0,7.51,13.92,3.92,65,0.4530212442,0.699898971
2021,7,Texas,Oklahoma,-3.0,-7,48,55,-4.33,-2.69,-0.82,-0.52,3.62,1.44,-4.77,-5.0,-1.96,-5.5,-2.09,-3.07,2.08,2.46,-1.13,-0.24,-1.0,0.8,-2.39,-1.94,0.14,-7.92,,10.0,4.5,-1.96,0.63,-6.81,-2.36,-2.0,-5.0,-8.0,-0.33,0.22,-3.7,,-1.8,,-4.1,-3.0,-2.4,18.5,,,,3.0,-4.9,,-4.69,-3.8,,-3.0,-6.5,-1.44,2.15,4.77,103,0.5449150524,0.4728222809
2021,7,Texas A&M,Alabama,-18.0,3,41,38,-15.54,-13.52,-9.15,-13.28,-10.32,-18.71,-18.79,-8.0,-18.8,-15.5,-13.91,-10.89,-18.79,-9.61,-14.64,-20.29,-12.0,-19.55,-12.96,-12.06,-21.64,-7.16,,-14.0,-18.4,-15.0,-16.0,-15.71,-15.3,-20.0,-14.5,-14.0,-10.2,-2.67,-15.3,,-16.6,,-12.8,-17.5,-18.19,-12.6,,,,-13.0,-14.3,,-16.66,-15.0,,-18.0,-8.5,-22.59,-20.03,4.45,79,0.5807517905,0.1872541636
2021,7,Texas St.,South Alabama,-3.5,2,33,31,-7.95,-14.5,-1.28,-13.45,-4.51,-1.11,-10.21,-8.0,-14.66,-6.5,-6.39,-14.41,-5.4,-10.32,-5.98,-5.05,-14.0,-6.85,0.37,-5.31,-3.61,-5.43,,-16.0,-4.2,-6.0,-8.18,-8.56,-0.48,-3.0,-1.0,-3.0,-8.61,-3.84,-7.3,,-6.6,,-8.2,-4.0,-3.25,2.95,,,,-6.0,-6.0,,1.82,-1.5,,-3.5,5.5,-5.43,-10.58,4.89,64,0.4406607206,0.3594266276
2021,7,Texas Tech,TCU,-2.0,-21,31,52,1.46,9.64,0.21,1.2,-0.36,1.42,4.96,7.0,3.32,10.5,-1.64,12.8,2.28,9.45,2.11,9.89,1.0,-2.65,-1.75,5.13,0.98,2.88,,7.0,0.8,1.42,0.82,2.85,1.67,-4.0,-3.0,0.01,9.0,-7.24,-5.7,,-2.7,,-4.0,-1.5,3.41,14.5,,,,7.0,-5.8,,-6.38,0.4,,-1.5,3.0,-2.82,-2.02,5.22,83,0.5971412238,0.5502403236
2021,7,Toledo,Northern Ill.,13.0,-2,20,22,9.9,1.05,8.71,19.1,10.51,13.66,7.65,8.0,11.03,6.5,14.85,-3.94,13.75,1.6,10.37,2.36,5.0,9.35,12.54,14.94,10.65,6.52,,-4.0,8.7,10.65,10.51,6.2,13.48,15.0,11.0,15.0,5.48,16.12,12.5,,15.3,,12.7,13.0,22.42,17.6,,,,11.0,11.3,,9.01,10.4,,12.5,17.0,7.77,13.05,5.51,42,0.4378088767,0.731442007
2021,7,Troy St.,Georgia Southern,5.5,3,27,24,7.38,7.61,8.61,20.31,8.95,9.01,4.01,6.0,18.96,4.0,12.83,1.94,2.89,6.05,6.77,6.99,8.0,-0.15,10.35,11.94,-4.69,-6.26,,7.0,-0.01,6.1,7.27,3.62,10.99,4.0,2.0,3.0,5.3,4.45,6.1,,11.2,,5.3,5.5,12.52,13.6,,,,15.0,5.3,,1.87,3.6,,5.5,14.0,-4.99,11.95,5.97,51,0.5298471667,0.6551247822
2021,7,Tulane,Houston,-6.5,-18,22,40,-9.01,-11.8,-3.59,-18.99,-6.66,-3.03,-12.32,-10.0,-8.24,-8.0,-7.51,-13.56,-4.16,-10.42,-7.79,0.91,-17.0,-10.25,-9.28,-22.38,-16.33,-1.63,,-13.0,-8.7,-8.0,-8.23,-9.07,-6.79,-2.0,-3.0,-6.0,-14.56,3.01,-4.0,,-6.1,,-4.9,-6.5,-14.86,-3.05,,,,-10.0,-4.6,,4.63,-3.1,,-6.5,-7.0,-1.97,-12.75,5.28,62,0.4692692831,0.320740338
2021,7,Tulsa,Memphis,3.5,6,35,29,-2.7,-10.43,0.58,-5.16,0.66,-1.47,-4.77,-7.0,-8.08,-8.0,-1.2,-11.6,3.12,-9.16,-1.73,-3.92,-15.0,-2.25,3.42,-6.69,0.81,-1.32,,-5.0,1.1,-1.47,-2.67,-3.24,-1.03,1.0,6.0,-3.0,-5.17,-0.34,3.4,,-2.6,,4.2,2.5,0.92,14.15,,,,-8.0,5.0,,-1.39,1.9,,3.0,8.0,-0.16,-2.67,5.29,64,0.3773015904,0.4588247557
2021,7,UAB,Florida Atlantic,4.0,17,31,14,1.83,3.44,-1.24,-6.23,1.45,-4.94,2.77,3.0,2.47,3.5,-0.86,3.93,4.16,4.59,2.75,13.75,-3.0,1.65,2.43,-3.88,1.51,7.55,,4.0,-3.1,3.44,2.24,3.94,2.07,3.0,5.0,5.0,4.89,5.89,4.5,,4.6,,3.8,4.0,1.4,7.55,,,,4.0,5.7,,-3.45,3.6,,4.5,7.0,5.98,-0.66,3.71,45,0.4694397248,0.5669806662
2021,7,USC,Utah,3.0,-16,26,42,3.68,6.19,5.05,9.58,5.47,8.38,2.38,7.0,9.03,6.0,4.84,4.77,3.85,7.12,5.41,-0.44,1.0,7.55,1.58,11.94,0.84,1.52,,2.0,1.9,5.2,5.2,3.31,4.14,4.0,3.0,8.0,7.61,10.7,9.2,,6.3,,7.5,3.5,0.72,10.1,,,,11.0,7.4,,-2.78,2.7,,3.0,5.0,4.86,6.67,3.19,68,0.5591617491,0.6308583772
2021,7,Virginia Tech,Notre Dame,0.0,-3,29,32,-5.77,-3.67,-5.57,-1.29,-4.85,-2.26,-4.4,-5.0,-2.97,-5.5,-5.46,-4.02,-6.73,-1.97,-4.99,-3.14,-3.0,-12.45,0.01,-11.06,-9.46,-6.47,,-7.0,-2.0,-5.26,-5.26,-6.83,-1.06,-10.0,-3.5,-8.0,-7.31,-2.35,-5.1,,-5.8,,-4.2,-1.0,-7.62,-8.05,,,,1.0,-2.1,,-13.45,-2.1,,-1.0,12.0,-9.76,-7.65,4.06,61,0.3803593236,0.3803593236
2021,7,Washington St.,Oregon St.,-3.5,7,31,24,-6.02,-12.2,-5.9,-11.48,-7.5,-11.29,-9.98,-10.0,-15.85,-8.0,-4.43,-10.38,-7.13,-10.3,-8.62,-8.27,-15.0,-10.05,-4.58,-20.5,-7.47,-6.98,,-18.0,-4.1,-8.27,-9.25,-5.99,-7.24,-1.0,-4.0,-7.0,-17.16,-3.23,-9.6,,-7.9,,-8.2,-4.5,-11.66,-9.2,,,,-15.0,-9.3,,0.88,-1.2,,-3.5,5.0,-9.95,-16.16,4.68,55,0.3785165059,0.3012289943
2021,7,Western Kentucky,Texas-San Antonio,3.0,-6,46,52,-2.63,-12.16,0.6,-8.59,3.15,-3.52,-7.34,-16.0,-0.34,-11.5,1.81,-18.07,1.07,-9.88,-3.54,1.75,-16.0,2.15,-1.43,-14.06,0.83,-8.02,,-9.0,3.0,-2.77,-2.91,-5.17,0.62,2.0,3.0,-5.0,-13.71,-6.62,-5.9,,-1.6,,-6.2,2.5,3.78,3.65,,,,,-7.3,,7.14,0.1,,3.5,8.5,-8.73,3.75,6.5,98,0.3514935489,0.418244296
2021,7,Western Mich.,Ball St.,12.0,-25,20,45,12.12,19.24,7.43,26.5,11.34,12.7,14.99,13.0,27.24,14.0,10.71,15.23,10.0,14.89,13.81,19.16,11.0,9.35,13.1,23.88,7.34,13.99,,18.0,9.2,13.1,14.66,12.41,14.27,10.0,11.0,7.0,21.99,9.9,6.4,,13.7,,5.3,12.0,19.62,18.95,,,,24.0,4.5,,4.45,12.6,,11.0,16.0,7.31,19.92,5.6,65,0.5428109346,0.7939899012
2021,8,Arkansas,Auburn,4.0,-15,23,38,0.99,4.95,0.55,7.47,6.24,1.81,4.37,4.0,3.52,2.5,-1.0,5.66,1.27,4.97,3.78,8.77,-3.0,6.75,-2.06,0.44,7.21,4.0,5.89,9.0,0.7,3.52,1.41,1.63,3.61,1.0,3.0,5.0,6.14,1.37,1.0,,2.4,,2.4,4.0,7.69,14.7,,,,7.0,1.5,,-0.11,3.3,,4.0,1.5,4.64,3.19,3.27,61,0.4945853121,0.5922005475
2021,8,Baylor,BYU,6.0,14,38,24,5.19,4.2,8.5,7.18,2.5,10.16,5.48,3.0,12.02,3.0,6.43,0.3,3.52,4.42,5.27,3.43,6.0,6.45,2.74,12.63,9.62,0.55,7.32,2.0,3.2,5.4,5.76,3.74,8.58,5.0,-1.5,7.0,4.34,11.77,5.4,,8.0,,6.9,6.0,14.14,0.8,,,,10.0,7.0,,-9.23,3.5,,6.5,1.0,-2.85,5.97,4.07,62,0.4822343528,0.6261182844
2021,8,Boise St.,Air Force,3.5,-7,17,24,6.11,0.61,3.52,0.91,6.6,4.89,4.33,2.0,5.48,1.0,7.81,-1.84,4.7,-0.61,5.38,7.17,-4.0,7.55,6.86,8.19,6.77,5.84,4.3,8.0,0.7,6.0,5.62,5.19,11.1,6.0,5.0,13.0,3.43,12.85,7.6,,9.9,,7.4,4.0,1.47,6.25,,,,6.0,8.0,,6.53,5.3,,4.0,5.0,6.09,6.62,3.63,41,0.5459531425,0.6294377187
2021,8,Boston College,NC St.,-3.0,-26,7,33,-1.41,1.37,0.01,-6.03,-4.41,4.31,-1.79,2.0,1.06,3.0,-2.29,1.52,-0.36,0.52,-0.51,2.89,-1.0,-1.75,1.5,1.0,-1.09,0.73,-0.85,-2.0,-0.7,-0.35,-1.03,-0.35,-1.7,7.0,-2.0,1.0,-1.35,-0.74,0.8,,-0.2,,0.9,-2.5,-3.39,-7.4,,,,-2.0,-0.2,,-1.02,0.7,,-3.0,0.5,-0.2,-8.23,2.68,40,0.5614569703,0.4873643367
2021,8,Buffalo,Ohio,8.0,1,27,26,11.15,17.06,10.78,18.06,16.81,16.13,12.54,16.0,28.41,15.0,13.73,11.38,15.64,5.27,13.56,16.47,14.0,15.05,6.9,17.5,12.17,15.52,17.52,20.0,10.5,14.0,16.36,8.11,17.03,14.0,9.0,11.0,10.89,1.23,9.6,,15.3,,9.4,9.0,12.73,6.45,,,,21.0,11.4,,20.15,5.4,,9.5,2.5,16.26,24.52,5.32,53,0.6300945263,0.7910157673
2021,8,Central Mich.,Toledo,-5.0,3,26,23,-8.0,-6.02,-5.06,-5.89,-11.46,-1.44,-6.41,-5.0,-11.66,-3.0,-11.04,-3.19,-5.92,-7.57,-6.58,-7.76,-7.0,-6.75,-4.14,-9.56,-2.56,-0.21,-16.2,-10.0,-7.5,-6.75,-7.0,-5.97,-7.51,1.0,-1.0,-5.0,-7.78,2.95,2.9,,-7.2,,2.2,-5.0,-17.89,-11.5,,,,-11.0,2.9,,-8.65,-3.3,,-5.5,-6.5,-7.3,-20.39,5.12,49,0.4622677365,0.3466148007
2021,8,Cincinnati,Central Florida,21.5,35,56,21,17.17,19.75,12.85,18.95,19.14,20.47,22.29,23.0,21.32,18.5,15.15,18.96,20.59,16.58,20.77,27.56,17.0,30.15,13.07,28.63,29.85,17.71,25.53,22.0,13.9,20.59,21.16,17.14,18.45,19.0,16.0,24.0,25.21,15.33,25.0,,17.3,,25.2,21.5,24.97,21.05,,,,27.0,24.3,,16.91,16.5,,21.0,7.5,25.7,25.12,4.86,77,0.4824626315,0.8945593684
2021,8,Colorado,Arizona,6.5,34,34,0,6.68,9.2,5.51,9.5,6.17,6.27,6.68,8.0,8.81,7.5,5.73,9.41,6.77,14.56,8.02,2.63,3.0,14.15,6.61,7.56,7.22,16.24,-1.08,2.0,5.4,7.67,9.18,7.67,9.32,9.0,6.0,11.0,6.62,18.25,11.3,,10.1,,11.8,6.5,1.1,-2.05,,,,6.0,11.8,,11.81,15.5,,6.0,14.5,8.32,4.99,4.74,34,0.5365513274,0.6858416602
2021,8,Eastern Mich.,Ball St.,-1.0,-7,31,38,-3.16,1.92,-0.81,5.95,-0.68,2.17,-7.92,3.0,2.17,2.5,-1.82,1.79,-5.19,1.02,-1.42,-3.19,2.0,-8.65,1.57,-1.88,-12.95,-1.8,0.56,-1.0,-0.2,-0.68,-0.63,-2.6,3.74,-1.0,-3.0,-11.0,-0.44,-1.41,-0.5,,0.4,,-1.2,-1.0,-6.84,-6.1,,,,3.0,0.5,,-5.51,-0.5,,-1.0,6.0,-9.03,-3.46,4.17,69,0.489792621,0.465528579
2021,8,Georgia,Kentucky,22.5,17,30,13,18.14,14.86,19.69,35.67,22.51,20.32,16.49,16.0,34.29,23.0,20.55,5.15,29.62,13.05,21.74,19.41,13.0,30.45,23.3,10.75,26.45,13.07,22.46,18.0,21.3,21.6,23.91,15.95,25.79,27.0,24.5,19.0,8.55,20.58,27.4,,30.5,,24.9,22.5,29.43,21.6,,,,28.0,26.6,,22.81,22.0,,23.0,13.5,20.86,30.66,6.57,43,0.4823587213,0.8971254284
2021,8,Indiana,Michigan St.,-4.5,-5,15,20,-2.57,-14.14,-5.28,-10.84,-8.23,-7.94,-10.7,-9.0,-12.49,-14.0,-0.32,-14.97,-2.69,-10.35,-5.77,-8.44,-16.0,-7.35,-1.17,-21.69,-4.66,-0.45,-8.37,-6.0,-5.1,-5.88,-4.78,-1.77,-5.88,4.0,-3.0,-3.0,-12.74,8.34,2.0,,-3.9,,0.8,-4.5,-12.05,-7.15,,,,-13.0,1.1,,7.58,-1.7,,-4.5,3.5,-3.01,-11.46,5.93,35,0.4701318387,0.3667518973
2021,8,Iowa,Purdue,11.5,-17,7,24,20.66,19.75,12.46,16.86,17.06,25.79,25.23,17.0,18.18,22.5,18.38,20.54,18.73,16.78,20.14,25.0,12.0,29.15,14.12,36.25,31.42,20.87,20.51,26.0,14.9,19.75,19.0,21.35,12.88,25.0,11.0,20.0,22.6,15.76,17.0,,16.7,,17.2,13.0,21.49,11.05,,,,21.0,17.2,,20.65,17.0,,12.0,14.0,28.73,22.54,4.71,31,0.6990926975,0.8880663208
2021,8,Kansas,Texas Tech,-17.5,-27,14,41,-12.75,-16.4,-8.62,-28.43,-11.74,-24.14,-12.6,-17.0,-23.25,-20.0,-12.94,-12.96,-21.6,-9.34,-17.21,-14.09,-19.0,-24.15,-16.24,-29.56,-22.8,-10.94,-15.5,-14.0,-13.8,-16.4,-16.06,-12.75,-17.18,-15.0,-17.0,-19.0,-16.54,-17.28,-20.6,,-22.0,,-18.9,-17.5,-14.64,-21.9,,,,-22.0,-16.2,,-16.43,-11.6,,-16.5,-12.0,-22.85,-15.61,4.66,55,0.5069931131,0.149096376
2021,8,Kansas St.,Iowa St.,-6.5,-13,20,33,-2.64,4.57,-5.22,-9.28,-0.66,-0.7,-0.68,1.0,-4.08,2.5,-5.14,8.9,-6.1,2.77,-3.6,-0.45,-3.0,-4.95,-8.25,-5.25,-7.98,2.4,-1.13,9.0,-2.9,-4.08,-3.75,-1.23,-10.49,-12.0,-4.0,-2.0,3.83,-6.55,-11.4,,-5.6,,-9.4,-6.5,-17.1,-4.35,,,,-5.0,-10.8,,-11.65,-4.3,,-6.5,0.01,-2.33,-4.43,5.42,53,0.5686301356,0.415032124
2021,8,LSU,Florida,-12.0,7,49,42,-5.39,-8.22,-4.24,-14.72,-10.25,-6.8,-6.84,-5.0,-15.14,-6.0,-5.45,-4.77,-4.16,-7.41,-7.57,-7.75,-7.0,-7.85,-4.27,-10.75,-6.78,-2.51,-10.36,-9.0,-7.5,-7.3,-8.91,-4.58,-8.46,-3.0,-3.5,-1.0,-9.33,6.09,-5.9,,-7.3,,-6.6,-11.0,-14.08,-13.0,,,,-14.0,-5.9,,-11.84,-5.4,,-12.0,-8.5,-6.57,-16.52,4.1,91,0.6064910275,0.322150719
2021,8,Louisiana-Lafayette,Appalachian St.,-4.0,28,41,13,-3.59,-3.35,-2.71,-12.34,-5.17,-2.3,-4.05,-1.0,-14.61,-1.0,-5.0,2.29,-2.31,-5.49,-2.71,-8.39,-5.0,-10.45,-4.03,-7.5,13.85,5.11,-3.73,-1.0,-2.7,-2.71,-2.79,-1.88,-6.14,7.0,1.0,-1.0,-2.55,1.69,3.3,,2.1,,3.8,-4.0,-8.46,-5.6,,,,-8.0,5.2,,-0.01,-0.2,,-4.0,-1.5,-3.64,-13.67,5.41,54,0.5306572643,0.4358119414
2021,8,Louisiana-Monroe,Liberty,-32.5,3,31,28,-26.63,-18.73,-18.29,-33.6,-26.14,-31.12,-28.09,-19.0,-39.83,-19.5,-29.65,-8.18,-28.98,-11.5,-28.11,-26.41,-25.0,-37.15,-29.01,-42.31,-39.11,-12.18,-28.88,-16.0,-19.9,-28.98,-26.62,-23.22,-25.93,-34.0,-32.0,-32.0,-23.3,-28.69,-32.9,,-34.0,,-30.4,-32.5,-44.83,-31.5,,,,-39.0,-29.5,,-33.52,-25.0,,-32.5,-17.0,-33.38,-39.03,8.43,59,0.5964902346,0.0588941006
2021,8,Memphis,Navy,11.0,18,35,17,7.28,4.03,5.02,10.05,7.74,7.57,5.96,10.0,2.21,10.0,6.56,4.94,8.86,10.66,7.83,7.03,12.0,4.35,11.69,13.63,3.86,7.29,4.76,3.0,4.7,7.74,9.07,8.63,17.68,11.0,9.0,5.0,10.2,16.01,8.7,,10.2,,9.2,10.5,14.55,0.45,,,,7.0,8.1,,11.57,12.1,,11.0,9.0,5.55,5.59,3.95,52,0.4231762897,0.6838986136
2021,8,Miami (Ohio),Akron,19.5,13,34,21,16.1,11.4,16.24,18.59,16.6,26.73,13.94,13.0,22.89,10.5,18.24,5.66,26.93,8.54,18.83,22.23,9.0,22.65,22.48,18.81,18.68,8.29,23.89,15.0,21.2,18.68,18.0,14.97,21.38,23.0,22.0,18.0,11.64,21.75,24.1,,21.5,,23.7,19.5,18.06,27.1,,,,23.0,24.2,,23.95,22.0,,19.5,17.5,22.44,17.02,5.55,55,0.4841093873,0.8685897965
2021,8,Minnesota,Nebraska,-4.0,7,30,23,-0.19,-4.68,-2.32,0.62,-3.22,-3.73,0.99,1.0,-12.73,-2.5,-3.59,-0.66,-3.13,-2.61,-3.77,-4.48,-5.0,-11.75,-4.79,-14.19,-12.93,4.65,-5.3,1.0,-2.7,-3.13,-3.77,2.0,-3.37,-1.0,-3.0,-4.0,0.56,4.63,-0.4,,-4.8,,-1.3,-4.0,-15.67,-9.25,,,,-10.0,-1.8,,-3.61,-2.7,,-4.0,-2.0,-2.36,-12.15,4.59,53,0.5055525203,0.409767438
2021,8,Mississippi St.,Alabama,-17.0,-40,9,49,-14.62,-9.01,-12.05,-1.79,-9.15,-14.85,-11.25,-9.0,-16.11,-12.0,-15.6,-5.46,-21.81,-6.63,-14.08,-13.61,,-17.45,-16.48,-16.06,-16.24,-4.28,-12.45,-8.0,-17.4,-14.25,-16.83,-15.29,-12.9,-25.0,-21.0,-14.0,-9.12,-11.84,-18.5,,-18.2,,-16.4,-17.0,-13.31,-8.6,,,,-14.0,-17.5,,-29.78,-21.5,,-17.0,-16.0,-17.16,-14.25,5.42,58,0.569097786,0.2006257571
2021,8,Missouri,Texas A&M,-9.0,-21,14,35,-10.45,-7.39,-6.98,-8.6,-9.81,-10.4,-11.95,-10.0,-10.29,-5.5,-9.97,-5.96,-11.46,-4.55,-11.55,-8.56,-8.0,-21.95,-8.96,-23.25,-25.11,-7.05,-8.38,-8.0,-11.6,-10.4,-10.44,-10.21,-10.38,-13.0,-10.0,-15.0,-14.59,-13.46,-13.0,,-12.7,,-12.3,-9.0,-15.4,-17.55,,,,-9.0,-12.1,,-15.21,-4.9,,-9.0,-8.5,-23.01,-13.23,4.49,49,0.4385757579,0.2419131418
2021,8,Nevada,Hawaii,14.5,17,34,17,15.02,21.63,7.41,12.36,12.89,17.01,17.48,16.0,24.51,11.0,14.03,20.19,12.48,14.53,14.39,15.45,14.0,13.25,12.31,24.19,13.02,11.28,16.73,16.0,10.9,13.53,13.76,15.1,13.93,12.0,16.0,17.0,20.2,12.09,11.1,,15.7,,12.5,14.5,13.53,12.2,,,,13.0,10.8,,10.73,15.0,,14.5,6.0,12.59,18.46,3.57,51,0.4973029461,0.8117610684
2021,8,New Mexico,Colorado St.,-10.5,-29,7,36,-13.23,-1.55,-10.21,-11.68,-14.76,-15.43,-16.47,-3.0,-10.68,-2.0,-14.4,3.01,-13.91,-11.58,-11.4,-16.74,-6.0,-18.65,-12.31,-14.44,-17.34,-1.98,-17.09,-6.0,-12.7,-11.58,-10.49,-10.72,-11.9,-8.0,-7.0,-16.0,-8.45,-9.1,-11.0,,-11.3,,-9.0,-10.5,-20.15,-17.55,,,,-20.0,-8.9,,-10.96,-5.6,,-10.5,-1.0,-11.69,-24.29,5.79,43,0.4787614574,0.2499472208
2021,8,North Carolina,Miami (Fla.),7.5,3,45,42,4.28,1.21,5.48,9.03,11.31,11.43,2.85,3.0,0.75,3.0,6.05,1.43,7.39,7.08,5.0,3.2,1.0,4.05,4.95,9.19,2.11,0.83,8.7,1.0,5.4,4.05,2.64,3.58,2.11,7.0,7.0,2.0,5.89,2.1,4.0,,3.9,,3.3,7.0,4.72,16.6,,,,11.0,2.0,,4.34,5.0,,7.5,7.0,3.19,7.72,3.37,87,0.43878111,0.6210046882
2021,8,North Texas,Marshall,-11.0,-28,21,49,-10.06,-8.24,-6.01,-8.8,-8.32,-14.68,-9.99,-8.0,-16.75,-8.5,-9.61,-3.99,-16.56,-11.33,-10.05,-6.62,-12.0,-13.25,-9.82,-18.25,-11.85,-6.25,-13.61,-6.0,-11.3,-9.61,-10.26,-10.61,-5.84,-12.0,-12.0,-4.0,-7.23,-2.92,-8.7,,-13.9,,-7.7,-11.0,-17.34,-7.85,,,,-11.0,-7.9,,-19.94,-8.5,,-11.0,-3.0,-9.34,-13.3,3.85,70,0.5231883077,0.2691973492
2021,8,Northern Ill.,Bowling Green,9.5,8,34,26,18.11,15.59,10.92,10.49,9.5,18.72,20.7,14.0,10.73,14.5,14.35,18.02,17.78,14.13,15.27,17.99,9.0,16.55,17.89,22.0,20.61,9.84,19.45,21.0,13.2,15.3,12.26,20.87,15.0,20.0,8.0,21.0,20.79,12.47,17.0,,13.3,,15.3,10.5,5.24,9.0,,,,9.0,17.3,,18.13,13.1,,9.5,6.0,23.53,13.3,4.57,60,0.6365687109,0.8223633846
2021,8,Northwestern,Rutgers,-2.0,14,21,7,-3.57,-10.89,0.21,-11.57,-9.24,-6.51,-6.84,-7.0,-16.89,-4.5,-4.72,-7.9,0.54,-6.65,-5.08,-9.33,-12.0,-2.55,-1.67,-15.63,-2.61,4.46,-14.46,-16.0,-0.8,-5.2,-5.2,-0.98,-1.37,6.0,0.0,-2.0,-10.61,-6.69,2.1,,-6.3,,1.1,-2.0,-6.55,-13.7,,,,-17.0,3.0,,5.51,-0.9,,-2.0,10.5,6.65,-17.51,6.9,28,0.4293892887,0.384582364
2021,8,Oklahoma,TCU,13.5,21,52,31,12.87,16.69,9.08,10.84,8.7,13.07,13.94,21.0,14.85,22.5,10.26,17.6,9.92,12.2,13.06,11.36,9.0,14.15,10.42,17.25,14.13,14.33,11.2,13.0,8.1,13.0,11.82,15.61,12.84,16.0,12.0,16.0,15.46,8.74,13.9,,12.8,,14.0,13.5,10.64,8.95,,,,12.0,14.9,,13.72,11.7,,13.5,14.0,13.66,11.23,3.22,83,0.4891645399,0.7899567813
2021,8,Old Dominion,Western Kentucky,-12.5,-23,20,43,-8.3,-3.36,-7.13,-1.88,-9.68,-14.34,-8.01,-3.0,-5.52,-3.0,-8.36,-2.28,-9.35,-8.7,-7.9,-8.38,-10.0,-13.75,-13.6,-10.38,-13.3,-6.36,-4.24,-5.0,-6.8,-8.29,-5.95,-8.51,-10.82,-5.0,-11.0,-12.0,-5.0,-11.31,-9.6,,-7.1,,-9.8,-11.5,-8.29,-7.8,,,,-7.0,-9.1,,-1.48,-9.8,,-12.5,-1.5,-15.3,-13.41,3.57,63,0.6113055934,0.3136442432
2021,8,Oregon,California,13.5,7,24,17,17.87,21.16,10.7,19.55,16.01,22.81,22.65,18.0,18.78,20.0,13.93,22.34,17.02,16.07,18.53,23.17,19.0,15.65,18.32,39.69,21.7,16.76,19.75,27.0,13.7,18.32,17.78,19.48,20.25,19.0,14.0,20.0,30.79,11.47,17.9,,18.0,,15.6,14.5,12.1,3.45,,,,22.0,18.6,,13.49,17.0,,13.5,7.0,23.11,18.97,4.82,41,0.6191356763,0.8680028384
2021,8,San Jose St.,San Diego St.,-10.0,-6,13,19,-9.07,-15.31,-6.46,-9.79,-9.47,-11.89,-12.2,-9.0,-13.84,-6.5,-8.06,-16.04,-11.87,-11.22,-10.13,-13.17,-18.0,-12.85,-10.04,-21.31,-11.91,-3.89,-11.37,-13.0,-10.9,-10.0,-9.33,-8.78,-9.91,-7.0,-8.0,-10.0,-18.36,-0.11,-7.0,,-7.1,,-5.1,-10.0,-10.94,-7.15,,,,-10.0,-5.6,,-4.3,-3.7,,-9.0,-9.5,-12.54,-14.11,3.95,32,0.4968297308,0.2678801933
2021,8,South Alabama,Georgia Southern,3.0,27,41,14,1.82,7.5,2.83,16.41,6.65,3.47,3.43,6.0,5.36,5.0,2.42,8.56,1.98,7.09,3.31,4.35,8.0,-7.15,1.79,2.81,-2.56,-1.83,8.84,10.0,1.2,3.43,4.53,0.51,2.3,-4.0,3.0,-4.0,7.9,-2.33,5.2,,2.7,,5.3,3.0,2.08,12.3,,,,7.0,5.9,,-5.71,2.6,,3.0,0.5,-7.06,3.93,4.89,55,0.5074447571,0.5789724427
2021,8,South Carolina,Vanderbilt,18.5,1,21,20,19.6,19.36,16.66,19.53,17.13,27.86,20.03,15.0,31.83,16.5,22.08,13.13,17.33,13.16,19.18,14.99,14.0,23.25,21.52,31.75,15.6,13.92,11.86,23.0,13.7,18.0,19.94,17.01,21.48,24.0,16.0,18.0,17.31,11.94,21.6,,23.2,,21.5,18.5,28.52,15.75,,,,30.0,21.0,,16.56,16.0,,18.5,10.0,15.08,22.36,4.92,41,0.5163180988,0.8757578297
2021,8,South Florida,Tulsa,-8.0,-1,31,32,-2.74,2.29,-5.91,-8.01,-0.14,-2.2,-0.67,-0.25,2.33,-1.0,-2.91,2.26,-13.99,-5.94,-3.73,0.93,-3.0,0.65,-9.19,-5.94,-3.05,-6.19,-0.85,-1.0,-6.4,-3.3,-3.36,-3.49,-1.75,-5.0,-10.0,-7.0,-1.67,-6.89,-3.3,,-3.7,,-4.0,-7.0,-5.59,-5.45,,,,2.0,-3.3,,-14.53,-4.7,,-8.5,-7.5,-12.32,1.83,4.01,63,0.6028764593,0.4098939109
2021,8,Southern Miss.,UAB,-16.0,-34,0,34,-19.22,-18.91,-10.78,-12.22,-15.11,-19.7,-23.42,-14.0,-24.64,-15.0,-17.73,-16.04,-19.65,-13.02,-17.8,-24.37,-14.0,-19.95,-16.7,-25.31,-19.07,-14.37,-22.95,-20.0,-12.7,-18.24,-19.13,-18.96,-14.87,-12.0,-14.0,-21.0,-19.59,-14.1,-14.7,,-17.8,,-13.8,-16.0,-27.58,-13.05,,,,-23.0,-14.7,,-18.24,-13.1,,-16.0,-3.5,-22.89,-27.75,4.82,34,0.4567994859,0.1416477178
2021,8,Syracuse,Clemson,-13.5,-3,14,17,-12.69,-6.33,-7.23,-5.94,-3.93,-5.44,-10.06,-6.0,-8.09,-5.5,-10.92,-5.45,-22.53,-1.16,-10.36,-0.19,-1.0,-6.35,-19.75,-21.56,-8.65,-8.98,-2.54,-9.0,-10.2,-10.06,-12.71,-15.74,-16.4,-17.0,-17.0,-12.0,-12.52,-11.88,-18.6,,-16.5,,-16.5,-13.5,-0.58,-0.7,,,,-2.0,-16.5,,-24.06,-16.0,,-13.5,-17.0,-16.01,-3.44,6.36,31,0.5728445146,0.2723133005
2021,8,Tennessee,Mississippi,-2.5,-5,26,31,-0.22,-0.01,2.31,8.86,1.95,-6.35,0.69,-1.0,6.18,3.0,2.02,-3.15,0.3,2.38,-0.64,-4.56,-3.0,-3.75,-1.88,-5.25,-7.22,-2.77,0.34,1.0,-0.8,-1.0,0.65,-2.6,1.31,-1.0,-4.0,-3.0,-2.64,-5.57,-4.8,,-2.6,,-5.0,-2.5,6.32,5.45,,,,7.0,-4.9,,-5.15,-3.7,,-2.5,6.0,-9.5,5.8,4.16,57,0.5451216828,0.4844449523
2021,8,Texas,Oklahoma St.,4.0,-8,24,32,2.89,1.6,7.88,2.57,7.16,10.73,-0.85,1.0,16.83,2.5,6.92,-6.03,6.54,-2.46,5.78,1.24,1.0,9.95,6.82,7.5,6.26,-4.28,2.54,3.0,6.9,6.82,7.25,-0.01,11.4,15.0,5.0,4.0,2.03,9.26,11.3,,13.3,,9.8,4.0,5.43,10.95,,,,11.0,11.3,,8.71,7.8,,5.0,-0.5,5.18,7.56,5.25,56,0.5423938209,0.6352221277
2021,8,Texas St.,Troy St.,-7.5,-3,28,31,-6.86,-4.98,-4.27,-10.94,-5.47,-5.91,-3.75,-4.0,-12.59,-4.5,-9.0,-1.17,-4.12,-0.41,-5.28,-0.87,-8.0,-12.05,-9.29,-10.63,-2.52,-7.2,3.32,-1.0,-0.8,-5.91,-5.83,-6.14,-6.62,-11.0,-4.0,-6.0,-0.01,-9.41,-6.8,,-9.9,,-7.0,-7.5,-8.58,9.0,,,,-5.0,-4.6,,-7.34,-3.9,,-7.5,-9.0,-7.43,-7.27,4.33,59,0.5536645632,0.3741417214
2021,8,Texas-San Antonio,Rice,17.5,45,45,0,23.42,21.11,15.14,28.66,21.45,28.6,28.74,23.0,26.03,23.0,23.55,18.65,13.32,18.87,22.26,29.38,28.0,30.55,17.93,36.75,23.9,20.6,26.7,21.0,14.4,22.0,22.0,21.38,22.6,19.0,15.0,25.0,27.28,15.72,17.0,,20.3,,17.5,18.0,24.73,21.8,,,,33.0,16.8,,11.87,13.4,,18.5,13.5,22.68,34.13,5.44,45,0.6116645187,0.9076674968
2021,8,UNLV,Utah St.,-7.0,-4,24,28,-7.51,-18.85,-4.65,-16.23,-5.91,-9.99,-8.69,-14.0,-11.42,-12.5,-5.54,-22.56,-12.18,-12.06,-8.16,-3.86,-15.0,-2.25,-9.36,-13.31,-4.77,-12.51,-6.27,-18.0,-7.6,-7.51,-8.53,-8.94,-4.32,-4.0,-9.0,-6.0,-13.09,-1.74,-2.2,,-7.3,,-3.8,-7.0,-0.67,-8.8,,,,-2.0,-1.9,,-5.83,-11.6,,-7.0,0.5,-12.45,-6.94,5.27,52,0.4723559811,0.3128340258
2021,8,UTEP,Louisiana Tech,-6.5,16,19,3,-8.06,4.99,-5.18,4.25,-8.06,-12.75,-3.81,5.0,-7.22,6.5,-12.06,11.1,-6.32,3.3,-4.07,-5.36,3.0,-7.65,-10.49,-6.94,-4.11,-0.85,-1.78,2.0,-7.0,-5.18,-4.79,-5.98,-9.76,-2.0,-7.0,-8.0,3.77,-4.97,-7.1,,-7.3,,-6.7,-6.5,-2.83,-8.35,,,,-8.0,-7.1,,-3.67,-3.3,,-6.5,0.01,0.19,-14.41,5.49,22,0.5575184248,0.4042642021
2021,8,Utah,Arizona St.,0.0,14,35,21,-0.21,-3.14,0.37,-3.49,0.33,-6.61,-3.46,-4.0,-2.5,-4.0,1.21,-3.46,0.42,-3.06,-1.51,-4.35,-6.0,-7.35,4.63,-7.63,-6.55,1.06,-0.38,1.0,-1.3,-1.19,-0.64,-0.36,0.96,3.0,-2.0,-4.0,-3.78,4.39,0.2,,0.01,,0.5,0.0,-1.26,1.0,,,,-7.0,1.4,,-4.71,0.8,,0.0,3.5,-2.8,-1.19,3.0,56,0.4627675627,0.4627675627
2021,8,Virginia,Duke,10.5,48,48,0,11.22,12.96,9.09,9.94,12.1,14.73,12.23,16.0,16.5,14.5,11.26,11.2,12.28,9.72,14.09,12.49,6.0,14.65,14.39,27.81,16.58,11.19,16.39,19.0,9.1,14.39,13.85,10.76,12.77,17.0,11.0,14.0,19.67,17.46,18.0,,15.5,,17.2,11.0,11.91,14.75,,,,15.0,16.7,,14.8,11.0,,11.0,5.5,15.05,16.1,3.2,48,0.5877173106,0.8078595519
2021,8,Virginia Tech,Pittsburgh,-5.0,-21,7,28,-6.21,-9.41,-6.49,-12.06,-7.85,2.17,-9.53,-4.0,-18.77,-2.5,-7.17,-4.73,0.3,-4.36,-5.29,-6.3,-14.0,-11.45,-5.94,-9.25,0.48,4.83,-7.05,-11.0,1.1,-5.9,-8.13,-4.1,-9.2,-4.0,1.5,1.0,-7.57,-1.47,3.7,,-6.9,,3.1,-5.0,-21.33,-5.9,,,,-18.0,4.9,,-2.02,-2.3,,-5.0,3.0,2.91,-18.23,6.58,35,0.4932670576,0.3790890758
2021,8,Washington,UCLA,1.5,-7,17,24,1.27,-5.38,0.37,0.81,1.36,-5.06,-0.01,-5.0,3.74,-7.0,3.02,-9.93,1.97,-4.69,-0.07,-2.95,-6.0,6.65,-0.52,-12.44,2.1,0.63,2.06,-7.0,3.3,0.75,-2.1,0.34,3.57,8.0,-1.0,2.0,-7.32,-1.22,2.4,,0.2,,2.5,1.5,7.0,0.75,,,,-1.0,1.4,,-1.06,-1.1,,2.0,10.0,1.24,2.04,4.14,41,0.4618815264,0.4982978611
2021,8,Washington St.,Stanford,-1.5,3,34,31,-1.42,-2.82,-2.74,3.87,-2.81,-4.37,-1.12,-2.0,-2.68,-2.0,-0.31,-2.89,-0.01,0.13,-2.5,-4.13,-5.0,-1.95,-5.66,-11.94,-0.82,-7.19,-4.23,-6.0,-1.8,-2.68,-2.83,-2.69,-2.71,1.0,0.0,-3.0,-6.01,-2.55,-0.2,,-2.8,,-0.2,-1.5,-2.14,-5.7,,,,-4.0,-0.4,,-4.77,-0.5,,-1.5,-2.0,0.01,-3.33,2.34,65,0.4751535027,0.4380941025
2021,8,Western Mich.,Kent,7.0,33,64,31,5.78,7.05,4.59,7.7,9.19,5.94,3.03,7.0,4.57,9.5,6.11,8.28,11.16,9.37,6.84,8.75,2.0,5.75,11.38,13.94,-2.39,5.84,14.11,9.0,9.6,6.67,4.93,6.75,6.67,5.0,7.0,4.0,12.02,2.89,1.3,,6.2,,0.6,7.0,2.13,13.65,,,,9.0,1.7,,4.29,6.9,,7.0,12.5,4.75,7.23,3.5,95,0.4960734953,0.6630365062
2021,8,Wisconsin,Army,14.0,6,20,14,13.19,1.09,14.45,6.77,8.73,8.36,10.64,3.0,5.32,1.5,15.07,-1.03,13.28,5.85,10.33,7.05,-6.0,13.15,10.35,14.75,11.98,3.32,7.12,10.0,7.2,10.65,9.67,12.66,11.71,15.0,10.0,21.0,8.73,18.18,13.6,,12.2,,11.6,13.5,22.05,10.95,,,,7.0,11.6,,13.04,13.6,,14.0,12.0,10.65,9.99,5.39,34,0.4133597744,0.7311092379
2021,8,Wyoming,Fresno St.,-3.5,-17,0,17,4.31,14.0,-2.45,1.99,-1.2,-2.11,4.86,4.0,5.21,3.0,0.92,18.4,2.9,4.68,2.14,-2.05,-1.0,-6.05,-4.68,-1.81,3.71,7.01,7.1,9.0,3.5,1.99,0.25,7.62,-3.55,2.0,-3.0,-4.0,8.88,-2.15,-0.4,,-3.3,,-0.01,-2.5,-6.28,0.9,,,,-2.0,0.8,,3.17,-0.1,,-3.5,9.5,5.8,-1.68,5.14,17,0.6323198503,0.5510243076
2021,9,Air Force,San Diego St.,3.0,-6,14,20,6.3,2.8,3.86,8.16,6.93,13.93,8.76,3.0,9.52,5.0,6.73,-0.57,7.2,3.45,5.79,5.95,1.0,6.45,3.09,7.5,8.7,1.27,7.1,5.0,9.9,5.97,3.47,4.93,1.68,8.0,4.0,6.0,4.88,-0.01,4.1,9.9,5.4,,3.2,3.5,6.34,11.25,-6.91,-9.99,,11.0,2.2,,1.3,3.1,,3.5,0.01,8.7,8.18,3.43,34,0.5681976915,0.6392688626
2021,9,Akron,Buffalo,-12.0,-35,10,45,-10.06,-7.38,-10.53,-14.04,-9.73,-13.21,-7.06,-9.0,-15.59,-5.0,-12.15,-3.27,-17.63,-2.51,-11.35,-5.62,-13.0,-13.35,-13.65,-11.19,-9.98,-8.85,-8.94,-7.0,-13.4,-12.0,-14.4,-9.33,-16.62,-18.0,-12.0,-12.0,-3.11,-6.04,-14.3,-12.15,-15.8,,-13.4,-12.0,-5.26,-9.2,-30.93,-0.94,,-14.0,-12.8,,-26.34,-12.0,,-11.0,-13.0,-17.35,-14.88,4.55,55,0.5157000895,0.2459267222
2021,9,Alabama,Tennessee,25.0,28,52,24,18.56,12.0,13.89,15.48,11.53,23.78,17.4,19.0,9.99,18.0,15.64,13.0,20.74,11.38,19.21,14.77,9.0,23.15,24.85,21.06,27.29,16.27,15.1,14.0,19.6,18.64,18.53,21.95,19.96,30.0,27.0,21.0,16.55,23.18,26.0,15.47,21.8,,25.0,24.0,16.2,21.0,29.1,2.8,,11.0,25.4,,31.74,24.5,,25.0,18.5,30.73,11.65,5.66,76,0.3655918226,0.8728217059
2021,9,Appalachian St.,Coastal Carolina,-5.0,3,30,27,-2.13,-7.51,-2.16,-1.18,-1.98,-7.91,-5.1,-7.0,-6.62,-2.0,-1.67,-7.97,-7.2,-5.62,-5.24,-5.05,-18.0,-7.65,0.53,-10.31,-8.71,-2.07,-4.21,,-2.9,-5.62,-6.17,-1.24,-3.43,-2.0,-3.0,-10.0,-7.85,2.36,-6.7,-5.75,-1.9,,-6.7,-5.0,-16.95,-9.05,28.54,-8.36,,-6.0,-8.0,,-5.01,-0.5,,-5.0,2.0,-5.05,-9.59,4.2,57,0.4941692711,0.3748193553
2021,9,Arizona,Washington,-17.5,-5,16,21,-15.41,-11.55,-13.83,-21.71,-15.08,-15.75,-16.55,-12.0,-19.33,-8.5,-16.85,-7.67,-19.0,-13.06,-16.29,-12.84,-13.0,-27.75,-16.16,-20.75,-19.61,-8.19,-17.83,-11.0,-16.3,-16.7,-14.41,-14.09,-14.85,-18.0,-15.0,-17.0,-11.06,-20.63,-17.5,-22.78,-18.9,,-17.4,-17.5,-17.15,-10.8,-6.84,-10.13,,-21.0,-15.5,,-17.27,-13.7,,-18.0,-17.0,-16.88,-21.46,4.24,37,0.5293521489,0.1607401205
2021,9,Arkansas St.,Louisiana-Lafayette,-18.0,-1,27,28,-16.51,-23.42,-9.89,-17.05,-12.63,-21.52,-23.08,-25.0,-24.66,-21.0,-13.32,-22.79,-21.65,-10.89,-20.26,-14.23,-20.0,-19.15,-17.55,-35.56,-26.83,-17.29,-26.42,-24.0,-15.2,-20.95,-20.01,-17.1,-15.54,-18.0,-15.0,-18.0,-24.06,-17.68,-24.5,-29.74,-20.9,,-21.5,-18.0,-30.56,-23.05,-39.94,-38.22,,-21.0,-23.5,,-16.57,-14.0,,-18.0,-6.5,-18.79,-21.23,5.37,55,0.4463658325,0.1133577362
2021,9,Army,Wake Forest,-3.0,-14,56,70,-7.57,-8.55,-4.77,4.13,-3.55,-6.0,-11.34,-6.0,-5.54,-6.0,-4.59,-10.04,-7.24,-7.34,-6.09,-8.19,-7.0,-8.05,-4.57,-16.56,-8.74,-2.86,-8.36,-7.0,-1.3,-6.0,-6.86,-9.11,-5.44,-4.0,-3.0,-10.0,-10.93,-5.49,-6.1,-10.39,-5.5,,-5.0,-4.0,-2.64,4.55,-29.6,-11.21,,-9.0,-5.8,,-5.14,-3.2,,-3.0,7.0,-2.98,-4.68,4.11,126,0.4252678924,0.3551767755
2021,9,Ball St.,Miami (Ohio),4.5,-7,17,24,10.09,6.45,5.59,4.51,8.38,3.66,14.86,6.0,0.63,7.0,8.18,9.36,6.84,7.9,7.57,9.68,4.0,15.55,5.98,8.63,15.9,8.79,7.67,10.0,6.2,7.41,6.94,10.23,6.12,9.0,6.0,14.0,12.73,1.95,2.4,7.71,5.0,,3.3,5.0,7.14,5.15,16.74,2.51,,8.0,1.3,,9.81,2.8,,5.5,1.5,13.81,10.82,3.77,41,0.5746255367,0.6786660247
2021,9,Bowling Green,Eastern Mich.,-3.5,-31,24,55,-7.79,-5.75,-4.84,-5.26,-1.3,-10.95,-8.05,-7.0,-3.55,-4.0,-5.68,-6.86,-13.29,-4.63,-7.67,-7.19,-9.0,-8.35,-6.96,-8.94,-14.14,-2.85,-6.62,-6.0,-9.2,-6.91,-6.08,-9.84,-9.69,-16.0,-4.0,-11.0,-6.63,-12.44,-15.1,-6.17,-8.9,,-14.5,-4.0,0.61,2.9,-25.34,-2.9,,-1.0,-16.5,,-18.29,-3.8,,-3.0,-4.5,-14.68,-2.87,4.71,79,0.400584514,0.3216082538
2021,9,California,Colorado,8.5,23,26,3,4.27,-1.2,5.27,3.22,5.49,4.87,1.19,0.25,2.9,1.0,6.43,-3.25,3.99,1.53,3.52,7.33,-2.0,1.15,8.96,7.38,1.34,-5.03,5.3,1.0,3.7,3.58,3.47,3.86,5.19,6.0,10.0,2.0,2.37,1.08,1.5,7.34,4.0,,2.3,7.5,14.09,11.9,1.68,-8.12,,7.0,-2.0,,1.54,6.5,,9.0,-2.5,3.01,5.32,3.85,29,0.3802323618,0.5853076781
2021,9,Central Florida,Memphis,-2.0,17,24,7,5.53,4.5,1.31,8.24,3.84,8.62,5.42,7.0,9.54,3.5,4.87,1.98,9.56,1.61,5.75,5.11,-4.0,5.95,4.12,6.25,8.18,4.88,8.37,8.0,5.9,5.47,4.47,6.27,4.88,7.0,0.0,4.0,5.19,1.43,8.9,10.8,7.8,,6.9,-0.5,-0.35,4.95,46.8,0.49,,5.0,8.6,,8.3,5.0,,-1.0,3.0,6.94,5.42,2.87,31,0.6845433132,0.6392507204
2021,9,Central Mich.,Northern Ill.,5.0,-1,38,39,-1.25,-6.13,0.9,8.02,-5.19,8.42,-3.71,-2.0,-0.77,-2.5,0.38,-8.82,5.12,-5.93,0.8,-4.94,-4.0,-1.55,8.16,3.81,2.72,-0.28,-7.76,-11.0,0.3,0.24,0.17,-1.9,2.93,9.0,5.0,4.0,-7.64,13.42,10.3,-6.93,4.9,,9.9,4.5,3.04,3.95,7.7,-2.2,,-3.0,9.6,,7.0,2.8,,5.0,7.5,-0.74,-5.92,5.88,77,0.4020262722,0.5188462981
2021,9,Charlotte,Florida Atlantic,-6.5,-29,9,38,-5.37,0.35,-3.68,-5.58,-6.02,-5.39,-3.08,-1.0,-6.33,1.0,-7.35,3.7,-7.1,1.35,-4.58,0.13,-2.0,-5.15,-10.02,-8.56,-2.66,-1.88,-6.43,-3.0,-6.2,-5.38,-4.2,-4.48,-6.93,-3.0,-2.0,-2.0,-0.11,-5.6,-6.3,-9.77,-6.6,,-7.5,-6.5,-15.82,0.7,6.79,17.88,,-6.0,-7.3,,-5.63,-3.3,,-6.5,-0.5,-3.93,-7.87,3.53,47,0.5469946674,0.389105662
2021,9,Connecticut,Middle Tenn.,-14.5,-31,13,44,-14.19,-8.89,-7.98,-10.13,-12.38,-24.66,-15.97,-14.0,-15.39,-10.5,-13.73,-5.64,-11.35,-11.96,-12.79,-11.03,-12.0,-14.85,-17.56,-11.81,-18.07,-7.55,-7.19,-17.0,-11.3,-12.49,-15.0,-13.88,-17.6,-14.0,-12.0,-14.0,-5.18,-10.72,-15.9,-11.53,-16.3,,-11.9,-14.5,-10.27,-10.15,-8.69,-17.27,,-21.0,-12.7,,-12.16,-12.6,,-15.0,-2.5,-9.58,-16.45,4.2,57,0.5414716609,0.2180095107
2021,9,Florida Intl.,Western Kentucky,-15.0,-15,19,34,-16.63,-12.42,-10.55,-13.86,-21.75,-14.17,-18.89,-13.0,-23.61,-12.0,-17.7,-6.84,-13.07,-13.07,-15.5,-19.19,-17.0,-23.05,-8.12,-15.19,-19.23,-7.4,-22.89,-16.0,-12.3,-14.17,-16.96,-14.8,-12.19,-13.0,-16.0,-15.0,-10.35,-6.68,-8.8,-27.91,-16.0,,-9.5,-15.0,-25.52,-25.25,-44.83,-13.8,,,-8.5,,-12.65,-11.6,,-15.0,-11.5,-16.06,-30.92,5.94,53,0.4882326768,0.1802223382
2021,9,Florida St.,Massachusetts,35.5,56,59,3,25.66,13.16,22.47,26.19,22.13,35.82,24.98,19.0,24.92,16.5,26.58,7.27,34.65,18.63,27.19,23.77,13.0,36.15,33.41,28.63,41.93,10.52,26.75,18.0,29.5,26.67,25.3,25.07,29.55,33.0,37.0,37.0,18.57,30.89,35.6,35.35,31.2,,33.0,34.5,36.17,25.2,56.45,12.01,,30.0,32.2,,25.1,25.0,,35.5,25.5,32.63,27.6,8.0,62,0.3200928109,0.9369227122
2021,9,Fresno St.,Nevada,3.5,2,34,32,3.48,-5.8,3.74,7.43,4.86,2.47,3.24,2.0,-3.58,3.5,5.19,-6.92,5.77,3.44,2.36,2.05,1.0,-2.75,5.96,2.81,-0.3,-2.85,3.96,2.0,3.3,3.27,1.82,1.83,6.97,4.0,1.5,-1.0,1.6,0.4,4.9,4.55,3.2,,3.3,3.5,8.02,11.3,-0.1,-0.61,,5.0,3.3,,-0.83,2.7,,3.0,0.5,-9.3,5.22,3.9,66,0.4722011851,0.5573956267
2021,9,Georgia St.,Texas St.,10.5,12,28,16,12.57,9.52,5.88,6.82,6.13,5.73,13.85,11.0,10.89,8.0,10.58,8.84,4.2,7.52,9.78,12.0,-1.0,18.35,9.27,7.38,13.35,14.42,6.01,8.0,6.8,9.51,9.11,14.04,10.35,17.0,9.0,15.0,8.96,17.63,13.4,6.6,10.3,,13.3,10.5,12.41,-0.45,15.17,2.85,,6.0,12.2,,9.5,10.0,,10.5,5.0,17.29,9.24,4.72,44,0.4826609379,0.7225899333
2021,9,Houston,East Carolina,13.5,7,31,24,11.84,12.67,10.95,19.14,8.83,11.09,12.05,13.0,12.96,12.5,11.54,12.54,12.41,10.91,11.83,7.83,12.0,12.45,12.36,26.88,15.47,10.86,8.52,13.0,9.9,11.62,11.44,12.05,16.62,13.0,14.0,7.0,18.58,10.98,9.1,6.17,11.7,,9.4,13.5,14.4,7.95,-33.25,3.12,,12.0,9.8,,9.71,8.2,,13.5,13.5,9.42,10.84,2.63,55,0.4586706375,0.7688862469
2021,9,Indiana,Ohio St.,-21.0,-47,7,54,-14.65,-13.93,-13.46,-18.98,-13.06,-16.48,-15.77,-14.0,-19.27,-12.0,-14.41,-11.27,-17.12,-9.21,-15.77,-9.06,-24.0,-25.75,-19.31,-25.75,-18.94,-4.73,-12.95,-12.0,-16.5,-15.84,-16.72,-14.4,-19.05,-19.0,-19.0,-13.0,-15.63,-5.64,-17.0,-17.42,-19.3,,-16.0,-19.5,-23.3,-15.3,-6.95,-6.57,,-19.0,-15.9,,-13.05,-13.1,,-21.0,-15.5,-17.83,-18.17,4.46,61,0.6244402269,0.1694497536
2021,9,Iowa St.,Oklahoma St.,7.0,3,24,21,3.02,-6.75,8.05,5.66,6.41,3.08,-1.21,-2.0,7.12,-5.5,7.16,-13.68,8.16,-4.61,4.17,4.21,-1.0,6.75,7.87,1.69,5.17,-6.43,4.99,-7.0,5.7,5.68,3.53,-0.01,10.9,10.0,4.5,3.0,-1.87,8.16,11.6,9.93,7.3,,9.9,7.0,17.28,9.95,8.83,-18.51,,8.0,11.1,,6.87,4.4,,7.0,-0.5,-3.03,9.2,6.39,45,0.4343177518,0.596270241
2021,9,Kansas,Oklahoma,-39.0,-12,23,35,-32.08,-34.0,-22.74,-46.46,-25.52,-48.26,-34.77,-37.0,-44.75,-32.5,-30.99,-28.63,-37.44,-12.9,-35.75,-28.59,-35.0,-47.55,-34.63,-55.81,-45.43,-24.94,-29.9,-29.0,-29.3,-35.48,-34.84,-32.66,-36.08,-40.0,-38.0,-42.0,-35.25,-37.38,-45.2,-36.15,-43.0,,-41.8,-38.5,-35.7,-25.9,-73.76,-24.85,,-42.0,-41.4,,-41.44,-25.0,,-39.0,-24.5,-48.85,-37.04,8.01,58,0.5725071986,0.0221960074
2021,9,Louisiana Tech,Texas-San Antonio,-6.0,-29,16,45,-8.53,-17.13,-6.05,-14.65,-4.7,-12.48,-15.1,-18.0,-14.99,-14.0,-4.98,-18.19,-7.0,-10.56,-10.3,-7.56,-19.0,-12.05,-5.95,-27.19,-14.13,-8.29,-8.82,-12.0,-3.6,-9.14,-9.27,-9.39,-6.46,-9.0,-5.0,-14.0,-19.85,-4.72,-9.8,-8.08,-10.1,,-8.5,-6.5,-10.16,-6.1,-9.0,-25.64,,-9.0,-8.4,,-8.89,-3.4,,-6.5,2.0,-17.25,-12.09,4.71,61,0.3975607272,0.2669740415
2021,9,Louisiana-Monroe,South Alabama,-13.5,10,41,31,-3.99,-0.47,-4.8,-18.21,-6.69,-8.45,-2.79,-3.0,-10.24,-0.5,-6.54,4.43,-11.84,0.81,-7.01,-0.17,-11.0,-4.95,-15.33,-6.19,-8.79,3.15,-8.94,1.0,-6.6,-6.65,-5.79,-2.02,-8.36,-11.0,-15.0,-3.0,0.35,-9.68,-13.9,-14.03,-10.9,,-12.9,-12.5,-8.71,-14.6,20.46,2.23,,-10.0,-13.2,,-12.26,-11.0,,-13.5,-2.5,-2.6,-5.85,5.71,72,0.6497571707,0.3388932368
2021,9,Louisville,Boston College,5.0,14,28,14,3.01,0.95,4.12,-2.72,7.06,4.34,4.97,-1.0,4.43,1.5,3.04,-0.79,8.17,4.76,5.24,9.04,-4.0,9.05,2.03,1.81,10.0,-1.38,10.28,5.0,6.8,4.48,3.97,2.05,5.1,6.0,9.0,5.0,4.45,-0.31,3.7,14.93,3.9,,2.0,5.0,18.03,13.35,-3.43,1.24,,8.0,2.6,,5.22,4.5,,6.0,9.0,3.39,9.82,4.55,42,0.5057981089,0.6245035317
2021,9,Miami (Fla.),NC St.,-3.5,1,31,30,-6.78,-7.96,-3.32,-16.6,-7.49,-5.83,-12.41,-8.0,-2.13,-7.0,-4.77,-10.88,0.11,-7.35,-4.74,-6.47,-13.0,-0.45,-2.35,-16.63,-6.23,-5.07,-8.19,-6.0,-1.8,-5.92,-2.58,-6.09,-0.32,2.0,2.0,-3.0,-13.52,2.97,2.1,-8.27,0.01,,1.4,-3.5,1.38,-7.2,9.06,-1.59,,-10.0,1.9,,2.68,-2.2,,-3.0,7.0,-8.14,-6.13,4.98,61,0.4702918827,0.3878525237
2021,9,Michigan,Northwestern,23.5,26,33,7,21.03,28.44,19.04,32.44,29.5,28.02,24.77,23.0,34.3,21.0,20.5,25.5,20.82,16.95,24.91,21.57,22.0,23.35,23.48,43.63,20.42,14.64,31.16,35.0,25.2,23.42,22.66,20.03,25.22,19.0,19.0,18.0,30.46,24.51,19.8,36.86,27.9,,19.2,23.5,29.75,37.35,50.98,14.62,,36.0,18.5,,6.82,22.0,,23.5,12.0,12.01,36.54,7.34,40,0.5321306265,0.9228356433
2021,9,Minnesota,Maryland,4.5,18,34,16,9.7,5.04,8.51,13.63,11.51,7.37,9.51,5.0,11.06,6.0,11.18,2.03,12.05,6.4,9.84,6.45,1.0,16.55,5.04,11.81,10.04,1.21,12.6,7.0,12.9,9.33,6.75,8.28,8.95,15.0,4.0,10.0,9.15,13.83,8.6,18.52,9.0,,6.8,5.5,16.39,15.4,21.6,-0.73,,16.0,4.5,,7.58,2.7,,5.0,3.0,11.57,14.12,4.97,50,0.6259117266,0.7229367153
2021,9,Mississippi,LSU,8.0,14,31,17,5.75,11.5,4.08,11.64,10.74,11.49,8.86,12.0,14.86,9.0,4.37,9.82,8.84,8.32,9.29,10.13,8.0,13.15,5.2,11.13,11.24,6.59,12.1,12.0,5.2,9.05,8.06,5.8,7.81,7.0,12.0,4.0,11.98,3.23,9.1,13.29,9.1,,8.8,8.0,8.84,7.2,44.12,1.5,,15.0,10.0,,7.78,7.6,,9.5,3.5,9.21,12.21,3.57,48,0.5315978012,0.715996403
2021,9,Navy,Cincinnati,-28.0,-7,20,27,-26.44,-28.62,-18.07,-32.84,-24.03,-38.24,-32.03,-28.0,-36.11,-23.5,-23.68,-24.87,-32.31,-13.13,-29.79,-30.67,-32.0,-35.85,-27.49,-48.44,-38.32,-19.39,-33.37,-27.0,-22.3,-30.94,-31.49,-26.97,-30.55,-27.0,-24.0,-29.0,-33.5,-24.38,-35.5,-39.7,-31.2,,-33.5,-28.0,-40.65,-17.55,-50.18,-24.25,,-32.0,-33.3,,-31.87,-25.5,,-28.0,-10.0,-37.66,-35.64,7.16,47,0.4590643982,0.043568623
2021,9,North Texas,Liberty,-21.5,-9,26,35,-21.03,-18.21,-13.46,-18.25,-21.89,-23.52,-23.16,-19.0,-24.11,-17.0,-20.37,-15.26,-19.67,-13.37,-20.08,-19.26,-22.0,-23.65,-17.0,-34.63,-21.25,-11.6,-21.43,-18.0,-16.0,-20.59,-20.29,-20.81,-14.06,-20.0,-22.0,-16.0,-20.86,-14.46,-22.4,-25.45,-21.4,,-21.7,-21.5,-27.5,-16.85,-19.28,-22.32,,-28.0,-20.8,,-23.89,-16.5,,-21.5,-7.0,-23.62,-26.88,4.52,61,0.5342804871,0.1118782344
2021,9,Notre Dame,USC,7.0,15,31,16,11.99,17.11,6.88,11.93,11.36,12.01,16.38,16.0,16.77,16.5,8.52,17.27,8.08,13.19,11.78,14.7,8.0,12.95,5.45,24.56,17.67,12.86,12.74,22.0,10.1,12.59,10.66,13.37,10.43,13.0,5.0,15.0,19.93,-2.13,4.1,13.85,10.1,,4.3,7.5,8.05,4.9,-3.32,12.22,,16.0,3.6,,9.69,3.5,,7.0,-1.0,13.43,12.44,5.26,47,0.6124990659,0.7594175751
2021,9,Ohio,Kent,-5.0,-7,27,34,-5.0,-11.8,-3.02,-9.48,-7.97,-7.62,-8.34,-12.0,-8.74,-9.0,-4.08,-13.33,2.42,-6.48,-4.9,-3.76,-12.0,-6.75,-2.54,-7.88,0.5,-10.38,-3.93,-14.0,1.3,-5.0,-8.04,-4.47,-5.06,3.0,-6.0,-5.0,-6.8,-0.61,-0.8,-1.91,-2.9,,-2.6,-5.0,1.98,-3.9,0.07,-2.26,,-7.0,-2.2,,-6.0,-3.2,,-5.5,8.5,-7.82,-10.39,4.8,61,0.5024055914,0.3838181826
2021,9,Oregon St.,Utah,-3.0,8,42,34,-3.27,-1.65,-0.49,3.4,0.34,-0.95,-4.61,0.25,1.49,-1.5,-2.29,-3.22,-4.89,-1.34,-2.63,-5.25,-4.0,0.25,-2.96,-7.63,-6.25,-3.75,-1.0,-3.0,-3.1,-2.63,-1.76,-3.69,-1.47,-4.0,-4.0,-7.0,-4.17,-3.42,-1.3,-0.19,-2.3,,-1.6,-3.0,-7.5,-4.1,-1.52,-1.46,,3.0,-1.5,,-4.36,-4.0,,-3.0,-6.0,-8.69,0.4,2.55,76,0.5091802403,0.4350299851
2021,9,Penn St.,Illinois,24.0,-2,18,20,26.18,23.96,18.87,33.21,22.57,33.61,29.2,16.0,21.69,16.0,24.52,25.1,25.98,16.72,25.57,26.38,17.0,32.25,23.16,47.38,33.42,22.23,26.2,24.0,21.6,24.88,21.58,26.54,23.08,29.0,17.0,26.0,32.02,18.7,27.6,28.59,22.7,,26.1,24.0,35.51,21.6,18.42,4.9,,26.0,25.4,,21.73,22.5,,23.0,22.0,29.19,24.55,4.76,38,0.537735951,0.9385671797
2021,9,Pittsburgh,Clemson,3.5,10,27,17,3.11,7.67,4.39,13.99,12.77,1.51,8.45,2.0,14.47,2.5,4.05,4.26,-6.07,9.19,5.12,10.99,11.0,15.15,1.01,3.5,6.8,0.97,10.34,8.0,0.8,4.14,4.23,-0.22,4.56,1.0,-3.0,0.01,5.79,1.97,-5.5,12.47,1.6,,-3.5,3.5,17.38,11.5,-15.41,0.65,,20.0,-4.2,,-8.03,-0.5,,3.5,-3.5,-1.33,18.39,6.83,44,0.5373452061,0.6164953027
2021,9,Purdue,Wisconsin,-3.5,-17,13,30,0.63,5.73,3.86,11.26,3.2,4.01,7.14,4.0,7.13,5.5,-1.86,5.03,-0.8,5.39,3.31,4.58,4.0,6.05,-3.25,7.13,11.13,4.8,5.8,4.0,-0.01,3.68,3.49,0.47,1.77,0.01,-5.0,3.0,6.34,-0.39,2.4,7.0,1.7,,1.6,-2.0,2.12,8.85,2.71,0.91,,6.0,1.8,,-1.98,-1.2,,-3.0,-6.0,-1.64,6.47,3.57,43,0.6622186892,0.5805983759
2021,9,SMU,Tulane,13.5,29,55,26,18.68,22.12,10.56,24.88,18.78,15.57,24.11,24.0,13.54,21.0,15.03,26.41,9.97,19.33,17.13,18.85,23.0,15.35,15.41,35.69,13.41,16.03,16.22,19.0,10.8,16.18,16.78,20.14,15.16,11.0,13.0,19.0,29.37,15.41,9.9,16.14,10.7,,11.8,14.0,18.72,16.1,9.12,33.21,,23.0,9.8,,7.01,17.5,,13.5,8.0,19.13,19.38,5.09,81,0.5861850972,0.8479141185
2021,9,South Florida,Temple,2.0,20,34,14,4.04,-4.55,4.46,-5.59,9.16,9.3,1.58,-2.0,2.08,-2.0,7.74,-7.86,8.27,-9.84,3.79,1.34,-3.0,9.85,4.62,3.75,8.06,-2.63,4.39,1.0,4.0,4.43,4.8,1.44,7.04,6.0,3.0,6.0,-0.32,8.06,9.9,8.58,7.6,,8.8,2.0,2.73,5.5,13.45,-9.02,,8.0,10.8,,7.54,3.4,,2.5,1.5,0.6,11.03,5.13,48,0.5427204164,0.5898528343
2021,9,TCU,West Va.,4.5,-12,17,29,8.68,4.99,5.38,5.41,8.78,5.81,10.31,4.0,0.31,5.5,7.76,7.33,7.47,6.98,6.75,5.7,4.0,8.55,4.43,10.38,9.45,7.18,5.19,8.0,7.7,7.1,5.53,8.78,7.4,10.0,2.0,6.0,11.23,7.18,7.4,6.54,5.1,,5.8,4.5,7.02,7.8,-12.06,2.61,,8.0,5.3,,5.71,3.2,,4.5,-2.5,12.58,8.5,2.56,46,0.5556393048,0.6626721141
2021,9,Texas A&M,South Carolina,19.5,30,44,14,15.43,8.75,13.15,16.75,11.87,19.91,14.86,9.0,11.99,6.0,15.42,7.13,17.71,11.68,16.81,15.98,8.0,24.25,16.16,27.81,29.21,15.34,10.52,9.0,15.4,15.59,15.16,15.75,18.19,24.0,19.0,25.0,19.22,27.25,23.0,13.4,18.1,,22.6,19.0,13.99,17.3,3.08,1.64,,12.0,21.5,,21.8,17.0,,20.5,14.5,27.54,14.2,5.52,58,0.4364190216,0.8413913608
2021,9,Texas Tech,Kansas St.,0.0,-1,24,25,-3.1,1.09,-0.29,2.12,-8.4,1.01,-1.7,1.0,-2.97,5.0,-4.38,3.12,-3.4,-0.55,-2.28,-2.32,-1.0,-6.35,0.54,-1.06,-3.76,3.44,-8.27,-5.0,-3.9,-2.31,-2.75,-2.49,3.03,1.0,-1.0,-3.0,-1.82,-3.19,-1.2,-11.45,-2.3,,-0.7,0.0,-6.66,-4.0,8.34,-0.87,,-6.0,-1.2,,-4.26,0.4,,0.0,1.0,0.73,-11.02,3.7,49,0.4443780204,0.4443780204
2021,9,Toledo,Western Mich.,-1.5,19,34,15,-1.52,-7.09,2.52,1.58,-1.57,-2.22,-5.12,-3.0,-1.05,-3.5,1.0,-10.09,-0.59,-2.79,-1.98,-1.46,-4.0,-7.95,2.5,-6.13,-8.22,-8.55,-1.74,-7.0,-0.7,-1.65,-2.04,-2.01,3.37,-1.0,-4.0,-4.0,-9.23,-1.72,2.4,0.81,2.6,,2.0,-1.5,3.49,-2.35,-8.5,-2.09,,-2.0,3.1,,1.06,0.01,,-2.0,1.0,-10.29,-3.3,3.98,49,0.4883008693,0.4518516554
2021,9,UAB,Rice,24.0,-6,24,30,27.03,18.14,19.86,26.62,24.79,31.57,27.24,17.0,29.92,17.0,30.94,12.24,27.99,17.72,25.38,28.6,19.0,33.05,22.85,37.0,29.0,19.73,25.51,22.0,21.8,25.37,25.22,23.29,27.76,27.0,19.0,28.0,24.0,22.73,22.7,33.01,27.1,,22.4,24.0,36.2,17.55,18.32,-0.92,,36.0,22.0,,22.14,16.5,,23.0,17.5,25.69,35.21,5.92,54,0.5324555343,0.9329151472
2021,9,UCLA,Oregon,1.0,-3,31,34,-0.21,-2.1,2.19,4.04,2.07,2.88,0.01,1.0,-4.08,1.5,1.6,-1.11,0.74,2.33,1.08,0.78,-3.0,7.05,-2.76,0.13,2.44,0.96,2.03,1.0,1.7,0.93,-1.88,-2.31,-1.07,0.01,-3.0,-2.0,0.27,2.12,0.9,2.61,-0.01,,1.3,1.0,-1.21,15.45,-17.87,-0.23,,3.0,1.7,,0.21,-2.4,,1.5,4.5,-2.67,0.71,3.12,65,0.5019727999,0.5266131382
2021,9,UNLV,San Jose St.,-4.0,-7,20,27,-1.47,-7.68,-2.29,-11.47,4.98,-0.2,-1.21,-7.0,-0.48,-5.5,1.21,-11.28,-7.92,-10.56,-3.17,4.58,-6.0,2.95,-6.26,-5.5,-1.68,-15.24,2.93,-4.0,0.3,-4.0,-4.14,-4.27,-0.39,-4.0,-4.0,-2.0,-1.81,-8.83,-5.1,5.28,-7.1,,-7.2,-4.0,3.62,4.3,19.45,-8.32,,8.0,-6.3,,-13.31,-7.6,,-4.0,-8.5,-7.23,7.58,5.81,47,0.5195805257,0.4256226918
2021,9,Utah St.,Colorado St.,-3.0,2,26,24,0.43,8.8,-2.0,-3.94,1.64,0.53,-1.51,5.0,0.3,6.0,-0.59,13.05,-6.4,4.29,-0.31,-1.07,1.0,-3.65,-0.01,2.94,-7.88,10.22,-2.72,7.0,-1.4,-1.03,1.62,2.17,-0.16,-3.0,-1.0,-3.0,7.43,-3.84,-2.2,-4.17,-2.9,,-1.0,-3.0,-4.47,-3.2,-13.94,2.34,,-2.0,-1.6,,-6.72,0.7,,-3.0,-9.5,0.93,1.1,5.0,50,0.564203494,0.4925692828
2021,9,Vanderbilt,Mississippi St.,-20.5,-39,6,45,-17.28,-14.35,-12.15,-21.25,-12.92,-23.28,-19.6,-13.0,-18.92,-9.5,-16.22,-12.06,-18.21,-9.1,-17.01,-10.49,-13.0,-22.35,-22.22,-29.0,-19.78,-17.03,-7.18,-18.0,-12.5,-17.24,-17.2,-17.4,-20.42,-16.0,-23.0,-19.0,-17.03,-15.27,-22.9,-12.14,-20.5,,-22.8,-20.0,-14.96,-20.8,-34.36,-0.8,,-20.0,-22.2,,-18.22,-16.0,,-20.5,-6.5,-23.77,-15.33,4.43,51,0.5838511844,0.1510169686
2021,9,Virginia,Georgia Tech,6.5,8,48,40,6.58,8.59,8.52,12.77,6.77,15.32,5.22,11.0,10.63,11.0,8.13,7.57,13.16,5.78,9.9,5.99,8.0,12.45,6.1,22.56,19.0,11.97,9.46,11.0,9.3,9.72,9.83,5.69,6.87,16.0,8.0,12.0,13.22,10.07,10.1,11.19,9.6,,10.9,7.0,5.84,6.05,22.48,1.67,,9.0,9.6,,11.46,4.3,,7.0,-4.5,15.18,9.35,3.84,88,0.5824513937,0.7277885738
2021,9,Virginia Tech,Syracuse,3.5,-5,36,41,7.52,4.57,2.68,1.46,3.85,-1.04,6.7,3.0,1.27,3.0,5.86,6.21,6.83,3.57,5.25,1.65,-1.0,5.65,6.47,4.19,5.66,9.77,2.56,6.0,5.0,5.43,5.18,9.43,7.36,6.0,4.0,5.0,8.03,7.65,8.7,2.97,5.2,,8.6,3.5,-6.63,2.85,5.97,1.98,,2.0,9.8,,9.66,5.0,,3.5,14.0,7.02,3.23,3.53,77,0.542846034,0.6265838971
2021,9,Washington St.,BYU,-4.0,-2,19,21,0.28,-5.46,-0.54,-2.58,-2.75,-2.87,2.19,-5.0,-4.22,-5.0,1.47,-6.09,-2.97,-1.76,-2.52,-0.81,,2.95,-5.46,-14.19,5.42,-4.65,-2.46,-6.0,-3.0,-2.78,-3.51,-1.8,-2.98,-4.0,-2.0,5.0,-8.15,7.66,-2.8,-2.07,-2.1,,-1.5,-4.0,-4.34,-4.25,-4.85,-1.72,,-2.0,-3.3,,-14.41,-3.5,,-4.0,1.0,1.31,-1.88,3.68,40,0.536182061,0.4385529996
2021,9,Wyoming,New Mexico,20.0,-11,3,14,21.58,16.67,14.91,19.01,19.03,21.73,20.4,14.0,18.86,13.0,21.26,15.57,20.17,18.73,19.21,19.09,13.0,14.75,23.01,24.31,15.99,15.57,20.24,19.0,17.3,19.02,18.17,22.63,21.33,19.0,17.0,20.0,22.19,15.71,20.9,23.33,19.2,,19.2,20.0,27.69,18.5,19.65,17.32,,24.0,18.7,,16.93,15.0,,20.0,13.0,18.09,26.09,3.39,17,0.4805918575,0.8816822445
2021,10,Appalachian St.,Louisiana-Monroe,27.0,31,59,28,21.89,12.49,17.66,25.41,19.73,25.31,16.04,16.0,24.84,13.0,25.7,6.31,26.41,,22.88,12.19,10.0,25.65,31.27,38.13,20.52,16.44,19.19,13.0,21.2,24.71,20.51,20.73,28.47,30.0,28.0,25.0,18.92,28.81,29.0,24.69,29.0,,25.5,26.5,27.53,24.05,50.38,2.09,,,26.2,,31.67,25.5,,27.0,22.5,26.82,23.13,6.04,87,0.4041785635,0.9110025435
2021,10,Arizona St.,Washington St.,16.0,-13,21,34,10.7,8.91,8.84,14.94,9.87,16.6,10.32,11.0,11.95,8.5,10.35,7.4,14.86,,12.4,11.69,9.0,14.05,17.09,25.69,11.52,9.79,11.22,10.0,12.3,11.52,10.49,11.23,15.95,14.0,16.0,9.0,16.19,11.3,15.7,13.83,13.2,,15.1,15.5,14.02,10.45,-1.73,1.37,,14.0,15.5,,15.55,14.0,,15.5,6.5,10.11,10.9,2.74,55,0.41158375,0.7792728919
2021,10,Auburn,Mississippi,3.0,11,31,20,0.96,-1.71,1.2,3.82,-0.31,-2.03,0.5,1.0,0.85,0.01,1.56,-2.99,0.54,,0.81,4.39,1.0,-1.15,4.71,0.13,2.72,-0.11,-4.01,1.0,3.6,0.85,1.15,0.47,2.99,3.0,1.0,2.0,0.35,1.84,3.3,-3.35,0.7,,2.7,2.5,0.94,5.3,-10.61,0.4,,-1.0,3.3,,0.76,-1.8,,2.5,7.0,-0.89,-1.37,2.58,51,0.4458457452,0.5200830789
2021,10,BYU,Virginia,2.5,17,66,49,1.45,-0.6,-1.29,1.17,-0.01,-2.99,1.72,2.0,-7.7,2.5,-0.79,2.94,5.2,,1.32,3.4,-2.0,-0.95,1.45,-4.31,1.29,7.35,0.55,-1.0,3.2,1.45,-1.14,3.61,-0.86,5.0,1.0,-1.0,2.42,-5.35,4.1,-0.77,-2.9,,2.5,2.5,5.14,5.25,3.43,0.92,,-2.0,4.2,,9.37,3.4,,2.5,15.5,3.43,-5.15,4.1,115,0.4713119089,0.5320848048
2021,10,Baylor,Texas,2.5,7,31,24,2.43,6.26,1.06,7.68,2.08,4.14,6.99,9.0,2.49,7.5,0.01,8.14,-2.64,,2.46,9.15,4.0,-1.25,4.08,5.56,2.72,7.46,4.4,3.0,-0.5,2.6,0.65,2.6,-1.25,-1.0,0.0,3.0,6.85,-3.38,-2.4,3.18,-2.0,,-1.2,2.5,12.86,-6.35,35.23,2.36,,4.0,-2.4,,-7.7,0.5,,3.0,-0.5,0.94,2.74,4.31,55,0.499029909,0.5594390221
2021,10,Buffalo,Bowling Green,13.5,-12,44,56,17.85,10.4,12.99,18.09,11.79,19.44,18.51,14.0,15.57,9.0,17.62,7.81,24.25,,17.02,12.31,11.0,18.55,21.46,19.81,25.75,16.33,11.07,10.0,11.2,16.77,16.77,17.88,19.25,33.0,13.0,22.0,10.86,20.54,25.7,13.41,19.9,,23.9,13.5,8.26,5.25,-2.22,2.13,,15.0,24.9,,31.12,12.9,,13.5,11.5,26.31,15.61,6.22,100,0.5817801912,0.840916426
2021,10,California,Oregon St.,-1.5,14,39,25,-4.27,-11.62,-0.72,-6.98,-5.11,-6.21,-10.58,-10.0,-7.38,-9.0,-1.0,-13.74,-3.66,,-5.65,-6.14,-11.0,-9.85,-2.99,-15.5,-5.4,-4.75,-7.83,-14.0,-2.6,-5.11,-4.51,-4.52,-2.49,-1.0,-2.0,-3.0,-15.35,-0.84,-6.2,-5.89,-2.7,,-4.9,-2.0,-4.88,5.35,8.55,-19.26,,-7.0,-8.5,,-1.92,-2.4,,-1.5,3.5,-7.8,-5.57,4.25,64,0.4003111934,0.3654901403
2021,10,Clemson,Florida St.,9.0,10,30,20,12.58,10.01,10.81,11.8,6.17,6.88,9.46,9.0,10.42,9.0,11.15,9.81,14.28,,10.64,7.18,2.0,9.05,10.59,22.13,5.4,14.46,2.44,10.0,11.6,10.81,14.68,15.53,14.89,21.0,10.0,5.0,13.98,11.8,13.3,1.23,15.4,,12.1,9.0,7.57,-4.15,-4.63,-0.3,,9.0,12.3,,22.96,13.3,,9.5,11.5,13.51,6.72,5.0,50,0.5392493929,0.7386949057
2021,10,Coastal Carolina,Troy St.,17.0,7,35,28,18.0,16.36,14.63,12.52,19.5,23.29,18.99,16.0,22.9,12.0,18.16,13.09,20.07,,20.02,18.3,15.0,25.75,14.53,33.19,23.88,14.31,23.05,17.0,22.0,19.5,19.88,17.41,18.99,21.0,16.0,26.0,24.8,14.73,22.8,29.07,19.7,,20.8,17.0,24.16,17.4,30.05,2.83,,26.0,22.9,,18.8,18.5,,17.0,5.5,19.19,26.51,4.9,63,0.5721208716,0.8859023265
2021,10,Colorado St.,Boise St.,-2.5,-9,19,28,-6.53,-8.26,-1.7,4.52,-4.15,-7.75,-4.23,-6.0,-9.74,-4.0,-7.02,-7.53,-5.92,,-5.29,0.54,-5.0,-2.95,-4.13,-15.5,-1.74,-9.77,-2.46,-9.0,-4.3,-5.9,-6.07,-7.1,-5.85,-4.0,-3.0,-6.0,-8.55,-4.93,-6.6,-4.58,-9.8,,-5.9,-3.0,-0.24,1.35,-18.23,-0.72,,-1.0,-6.4,,-7.9,-3.6,,-2.5,-4.5,-9.94,-6.07,3.23,47,0.4316274207,0.3719994156
2021,10,East Carolina,South Florida,10.0,15,29,14,7.45,7.35,4.29,12.44,6.34,13.57,6.67,10.0,10.79,8.0,8.07,5.62,13.52,,9.52,7.41,3.0,11.95,12.1,15.0,14.78,7.17,10.89,9.0,10.0,9.0,8.03,7.19,7.1,13.0,6.0,9.0,8.37,8.78,13.3,13.76,10.4,,12.0,10.0,14.08,5.2,20.41,-0.11,,11.0,12.1,,9.9,4.9,,10.0,0.5,8.41,7.96,3.25,43,0.4881834269,0.7215809382
2021,10,Florida,Georgia,-14.0,-27,7,34,-13.96,-18.83,-8.9,-24.07,-11.94,-18.58,-19.41,-20.0,-18.35,-21.0,-11.08,-19.06,-18.26,,-15.68,-18.27,-17.0,-23.3,-12.47,-9.56,-24.32,-17.39,-12.96,-23.0,-14.3,-16.1,-15.19,-14.14,-11.84,-15.0,-14.0,-21.0,-9.84,-12.47,-18.5,-16.39,-16.1,,-16.7,-14.0,-15.19,-8.2,-4.55,-20.68,,-18.0,-17.7,,-9.6,-11.0,,-14.0,-1.5,-22.5,-15.84,4.88,41,0.4597100841,0.1725340911
2021,10,Florida Atlantic,UTEP,11.0,3,28,25,11.58,1.75,15.01,12.51,12.55,23.02,5.33,4.0,15.17,1.0,16.09,-4.97,15.6,,10.61,5.93,1.0,13.95,18.09,22.63,7.42,3.46,6.82,5.0,10.3,10.98,10.98,9.78,18.15,18.0,14.0,10.0,3.43,12.88,15.5,10.59,16.8,,14.2,11.0,9.68,-1.95,29.72,-2.24,,16.0,13.8,,12.74,9.9,,11.0,2.5,8.02,16.14,6.13,53,0.4908576484,0.7335220882
2021,10,Georgia Southern,Georgia St.,-6.0,-7,14,21,-5.91,-7.45,-2.52,-7.42,-5.31,-1.65,-9.92,-5.0,-6.72,-3.0,-5.49,-7.81,1.47,,-4.7,-5.96,-4.0,-3.05,1.41,-2.63,-8.32,-0.57,-5.16,-7.0,-0.5,-5.0,-4.23,-4.62,-0.67,1.0,-3.0,-8.0,-4.69,-2.94,-6.4,-4.26,-3.0,,-5.5,-6.0,-11.42,-13.3,-9.2,-12.52,,-5.0,-6.4,,0.27,-2.3,,-6.0,0.01,-8.25,-8.91,3.39,35,0.5319166099,0.3860798275
2021,10,Georgia Tech,Virginia Tech,4.0,-9,17,26,1.95,2.92,1.52,-0.16,2.03,1.84,5.59,3.0,1.88,3.5,0.69,3.43,-4.58,,1.42,4.51,-1.0,1.95,2.65,1.13,-3.85,1.16,0.43,3.0,-3.6,1.52,1.19,1.43,3.66,1.0,0.0,2.0,4.74,1.11,1.4,-1.14,1.0,,1.3,3.5,6.69,6.2,5.98,0.8,,3.0,0.01,,-5.39,3.5,,4.0,0.01,-0.48,2.35,2.62,43,0.4363017577,0.5351633754
2021,10,Houston,SMU,0.0,7,44,37,-0.25,-1.49,-0.82,7.6,0.14,1.35,-1.29,1.0,1.74,1.0,0.82,-3.1,4.67,,1.26,-0.56,-5.0,3.05,2.44,0.94,7.29,-0.38,3.67,2.0,4.9,0.94,-0.89,-1.0,-0.01,5.0,4.0,-3.0,0.01,-2.36,2.2,3.51,2.9,,1.3,0.0,0.87,-1.1,2.32,-10.04,,2.0,2.8,,0.01,-3.0,,0.0,9.0,-2.09,-0.27,2.93,81,0.5311061498,0.5311061498
2021,10,Illinois,Rutgers,-1.5,-6,14,20,0.84,-1.22,0.54,-4.39,-1.45,-1.64,3.84,1.0,-2.65,2.0,-0.83,-0.5,-0.14,,0.96,2.34,-4.0,4.05,0.69,-3.06,5.71,2.84,-0.52,1.0,0.2,0.99,-0.23,1.02,-1.1,2.0,2.0,7.0,2.48,3.21,4.2,-1.8,0.01,,2.3,-1.5,-0.17,2.55,-17.8,2.46,,-2.0,3.8,,-4.94,1.2,,-1.5,1.5,7.46,0.99,2.69,34,0.5607162712,0.5237722881
2021,10,Kansas St.,TCU,3.5,19,31,12,5.44,6.96,2.78,4.06,9.07,1.95,7.46,8.0,1.29,8.5,4.26,9.8,4.63,,5.58,8.36,2.0,5.05,3.86,5.81,7.22,5.56,12.43,11.0,5.8,5.56,4.21,5.56,1.0,-1.0,1.0,6.0,13.07,-0.01,-0.7,12.49,0.2,,0.3,3.5,13.19,10.4,20.27,2.53,,7.0,-0.8,,-1.25,6.7,,3.5,5.5,-0.64,8.72,4.13,43,0.5504523246,0.6331382765
2021,10,Liberty,Massachusetts,35.5,45,62,17,33.29,25.74,26.31,43.91,29.63,43.85,32.72,28.0,37.82,26.0,34.59,19.7,39.31,,33.59,24.69,30.0,41.25,39.05,43.06,37.88,20.66,27.96,27.0,29.5,33.8,34.22,32.28,33.56,43.0,38.0,33.0,28.73,33.15,37.3,34.71,38.3,,34.9,35.5,43.3,26.85,62.66,10.52,,41.0,33.8,,35.79,29.0,,36.0,28.5,35.45,37.06,6.34,79,0.4555150014,0.9752982724
2021,10,Louisiana-Lafayette,Texas St.,21.0,45,45,0,24.04,21.39,14.72,19.75,13.94,25.37,28.08,22.0,18.21,19.5,20.02,22.98,23.34,,22.29,14.84,14.0,24.65,25.9,36.5,26.84,27.37,18.02,20.0,19.1,22.0,21.51,26.74,20.45,29.0,18.0,28.0,27.16,26.71,27.7,20.99,22.3,,26.7,21.0,17.93,10.1,60.25,5.3,,20.0,26.4,,20.97,24.0,,21.0,15.5,24.89,17.89,4.75,45,0.5310266188,0.9107178708
2021,10,Marshall,Florida Intl.,22.0,38,38,0,22.5,19.58,14.48,25.42,21.33,24.57,24.82,23.0,26.94,21.5,21.6,15.89,22.93,,22.79,21.27,18.0,28.65,22.93,30.06,22.32,17.81,25.86,22.0,18.9,22.32,21.89,22.5,22.25,25.0,22.0,19.0,18.28,20.5,19.5,31.48,25.5,,19.4,22.0,28.54,27.75,25.66,24.9,,28.0,20.1,,23.82,22.0,,22.0,13.5,19.15,26.72,4.19,38,0.5191880415,0.9174392139
2021,10,Maryland,Indiana,4.0,3,38,35,1.42,7.73,0.76,10.84,0.6,2.22,4.27,9.0,4.41,7.0,-0.01,9.39,-3.3,,1.63,0.01,6.0,-6.55,0.27,6.13,-3.89,3.68,1.3,4.0,-4.6,1.43,2.42,1.56,1.43,-2.0,3.0,-1.0,8.74,-2.47,1.2,-0.12,2.2,,2.5,4.0,3.84,-1.85,14.27,9.29,,-2.0,3.5,,-9.11,3.4,,5.5,5.5,-5.87,0.24,4.28,73,0.4426879099,0.5394890405
2021,10,Michigan St.,Michigan,-4.0,4,37,33,-5.52,-2.99,-5.1,-8.88,-5.09,-3.74,-1.67,-4.0,-6.73,-2.5,-6.56,-1.12,-8.08,,-4.26,0.57,-5.0,-0.75,-4.43,-0.5,-0.55,3.28,-4.07,-9.0,-8.2,-4.07,-5.06,-5.64,-2.04,-5.0,-2.0,-2.0,0.59,-5.6,-3.6,-7.22,-7.5,,-3.3,-4.0,0.01,-12.05,-22.9,-1.6,,-3.0,-2.3,,-5.62,-3.8,,-4.0,-8.5,-2.82,-7.73,3.21,70,0.4935957316,0.3962616095
2021,10,Middle Tenn.,Southern Miss.,13.0,25,35,10,16.46,14.79,13.2,17.0,17.06,20.29,21.14,14.0,21.75,13.5,16.37,11.3,14.73,,16.04,21.32,13.0,21.65,14.28,18.13,19.27,5.91,20.13,15.0,10.6,15.0,15.59,14.61,13.84,14.0,14.0,20.0,11.74,13.07,13.8,22.66,13.2,,12.1,13.0,23.55,16.95,44.54,12.13,,26.0,12.8,,8.74,10.1,,13.5,8.5,15.91,23.5,4.73,45,0.5728135964,0.8335839915
2021,10,Mississippi St.,Kentucky,1.0,14,31,17,-3.79,-7.02,0.64,8.93,-2.38,-3.38,-5.76,-4.0,-2.32,-5.0,-2.81,-9.37,-1.35,,-2.53,-4.4,-7.0,-2.85,1.4,-9.81,-2.09,-2.96,-4.92,-7.0,-4.5,-2.96,-3.15,-4.13,1.18,-1.0,2.0,-4.0,-6.89,5.13,-1.9,-5.57,0.5,,-2.2,0.0,-3.22,4.95,-14.8,-10.52,,-5.0,-0.6,,-1.07,0.5,,-1.5,2.0,0.59,-3.85,3.54,48,0.4140873157,0.438190749
2021,10,NC St.,Louisville,6.0,15,28,13,6.72,3.45,4.67,16.78,6.82,5.8,6.33,6.0,6.14,4.5,7.06,2.1,6.44,,5.99,2.77,6.0,6.65,7.37,11.0,5.13,6.62,2.3,1.0,5.7,5.8,4.94,6.56,10.46,6.0,7.0,4.0,5.79,13.23,8.7,2.75,7.3,,9.8,6.0,1.79,4.85,-1.58,-0.81,,7.0,10.2,,2.58,3.4,,6.5,1.5,4.38,5.34,2.98,41,0.4997529939,0.6446336756
2021,10,Nebraska,Purdue,7.5,-5,23,28,3.49,2.52,4.94,1.58,6.25,9.4,0.39,-0.25,10.03,1.5,7.68,-1.24,4.05,,5.72,6.26,1.0,14.05,10.4,11.13,8.47,0.7,3.16,1.0,3.2,5.74,4.16,1.26,9.31,12.0,7.0,5.0,-1.77,5.74,5.8,5.55,7.3,,7.6,7.5,13.3,6.25,8.76,-2.41,,12.0,6.9,,4.58,3.4,,7.5,10.0,5.46,7.45,3.9,51,0.4566423995,0.6368067072
2021,10,Nevada,UNLV,20.5,31,51,20,20.33,24.86,14.52,29.58,13.9,26.36,25.45,28.0,22.33,22.0,16.46,26.13,18.74,,21.11,19.97,18.0,20.15,19.35,36.13,23.12,26.98,17.47,23.0,14.5,20.98,20.22,22.01,18.29,22.0,20.0,23.0,26.79,22.19,18.1,19.33,24.1,,19.2,20.5,16.66,6.1,3.24,13.3,,18.0,17.0,,20.98,24.5,,20.5,17.0,24.78,16.69,4.57,71,0.5147276624,0.8993493364
2021,10,Northwestern,Minnesota,-7.5,-27,14,41,-6.08,-10.1,-4.93,-17.65,-8.13,-12.03,-9.59,-8.0,-12.88,-6.5,-5.7,-8.7,-4.81,,-8.55,-5.32,-10.0,-8.15,-6.34,-23.25,-5.74,-3.98,-9.28,-11.0,-6.1,-8.0,-6.58,-4.94,-6.07,-3.0,-4.0,-8.0,-14.12,-15.89,-9.0,-10.66,-9.8,,-7.4,-7.5,-13.08,-17.85,-6.9,-2.98,,-12.0,-6.9,,2.74,-3.0,,-7.5,3.0,-5.64,-11.54,4.39,55,0.4745855339,0.3018493472
2021,10,Notre Dame,North Carolina,3.5,10,44,34,12.96,13.6,8.55,9.71,7.73,9.93,16.51,16.0,8.68,17.0,8.77,16.06,12.66,,10.91,15.06,7.0,13.35,3.5,20.56,17.87,15.93,12.14,17.0,9.2,10.14,10.05,15.44,5.78,11.0,4.0,12.0,17.44,4.26,7.3,11.9,7.8,,8.0,4.5,4.64,8.45,31.94,13.58,,12.0,7.4,,9.44,3.9,,3.5,-3.5,13.54,9.36,4.51,78,0.6732885881,0.7457247212
2021,10,Ohio St.,Penn St.,19.5,9,33,24,11.15,11.41,12.54,16.1,9.99,13.21,11.33,9.0,20.24,8.0,11.97,7.0,14.05,,14.47,8.6,11.0,24.55,16.66,9.19,26.59,8.55,11.76,10.0,8.2,13.7,14.49,10.31,16.21,25.0,12.5,15.0,7.28,12.54,19.3,14.63,17.7,,19.3,19.0,21.3,13.05,12.12,0.12,,20.0,19.9,,15.93,13.7,,18.5,12.5,19.98,14.06,4.97,57,0.3811805479,0.807815211
2021,10,Oklahoma,Texas Tech,19.5,31,52,21,19.1,19.0,11.85,16.94,14.09,22.39,22.67,25.0,17.98,19.5,16.2,19.51,13.36,,17.89,13.6,14.0,18.95,14.96,29.0,18.12,18.78,10.05,16.0,13.4,18.12,17.5,21.01,17.48,23.0,22.0,21.0,21.45,19.18,21.8,10.19,19.4,,20.0,19.5,13.22,10.25,-0.32,13.0,,18.0,21.9,,21.71,17.0,,20.0,15.0,27.1,15.88,4.28,73,0.4609950313,0.861735139
2021,10,Oklahoma St.,Kansas,29.5,52,55,3,31.95,30.95,22.48,49.72,29.45,39.02,35.85,27.0,32.74,27.5,30.06,30.06,35.14,,34.27,33.84,23.0,39.95,33.46,54.5,39.45,25.85,35.74,33.0,32.8,34.4,32.28,32.52,30.63,35.0,28.0,36.0,39.8,34.86,37.4,40.85,34.4,,35.0,30.0,34.48,31.75,25.04,17.19,,41.0,32.9,,34.49,24.5,,30.5,26.5,39.62,34.61,5.52,58,0.6117230587,0.9792774232
2021,10,Old Dominion,Louisiana Tech,-4.0,3,23,20,-4.57,-2.84,-2.54,4.67,-1.72,-6.48,-4.34,-3.0,2.39,-2.5,-3.67,-5.47,-5.47,,-3.76,-2.8,-6.0,-2.85,-4.06,-5.38,-2.86,-8.7,-3.5,-5.0,-6.0,-3.67,-2.14,-5.65,-4.1,1.0,-6.0,-4.0,-1.81,-14.5,-6.8,-3.67,-1.9,,-8.3,-4.0,-3.89,-1.95,-17.81,-16.74,,-1.0,-8.7,,1.38,-7.4,,-4.0,3.5,-5.43,-2.14,3.45,43,0.5058936109,0.4084812437
2021,10,Oregon,Colorado,24.5,23,52,29,21.55,22.8,15.58,24.09,18.75,24.77,27.3,18.0,18.95,19.5,17.89,24.72,19.33,,20.93,23.13,18.0,17.05,23.74,43.75,22.01,14.89,21.68,26.0,14.1,21.44,20.65,22.71,21.57,21.0,26.0,19.0,33.47,11.06,18.3,22.38,19.3,,16.8,24.0,33.67,12.4,10.13,30.81,,22.0,15.4,,14.88,24.0,,24.0,4.0,23.4,21.44,5.28,81,0.4155069646,0.8945542318
2021,10,Pittsburgh,Miami (Fla.),9.5,-4,34,38,12.45,12.62,10.97,26.78,17.99,11.52,19.46,16.0,15.71,15.0,10.71,11.08,9.63,,12.77,17.0,15.0,17.25,10.14,22.69,14.26,9.57,14.83,12.0,10.1,12.41,12.41,11.2,11.92,13.0,10.0,10.0,17.32,3.54,3.5,17.39,9.9,,4.6,9.5,13.85,14.4,-16.41,0.92,,25.0,2.8,,4.26,9.0,,9.5,3.5,9.96,18.85,5.16,72,0.5776546396,0.7778693032
2021,10,Rice,North Texas,1.5,-6,24,30,3.33,10.82,0.99,0.48,-1.06,-1.74,8.37,10.0,-0.7,10.5,-2.41,16.59,2.04,,3.36,4.42,1.0,0.45,2.31,3.81,10.39,7.34,4.14,8.0,-0.6,3.33,3.46,6.73,-2.24,7.0,3.0,3.0,9.8,1.3,3.5,-0.2,1.3,,3.4,1.5,-4.17,-0.45,6.68,19.88,,-4.0,3.4,,6.99,5.2,,2.5,-3.0,13.77,-3.57,5.04,54,0.544463611,0.5799456531
2021,10,San Diego St.,Fresno St.,-1.0,-10,20,30,4.06,15.21,3.11,4.39,1.78,-0.89,4.7,9.0,6.36,7.0,1.74,19.64,6.03,,4.99,5.51,2.0,5.35,3.48,5.94,4.52,9.24,4.98,7.0,2.6,4.52,1.89,6.39,1.09,7.0,0.0,2.0,10.29,2.4,2.7,3.8,0.7,,3.2,0.5,0.67,-5.6,5.88,11.63,,1.0,5.1,,4.33,5.3,,1.0,15.5,10.19,-2.65,4.58,50,0.6415247099,0.6186791202
2021,10,San Jose St.,Wyoming,3.0,6,27,21,1.56,-2.33,2.16,-0.23,-0.78,1.09,6.76,-0.25,0.74,0.5,0.99,-3.86,0.47,,1.8,4.92,-5.0,9.25,1.18,0.56,9.56,6.07,0.01,-2.0,-5.4,1.0,2.03,-0.37,1.36,4.0,-1.0,6.0,-2.08,7.65,5.1,-0.56,1.7,,7.0,3.0,2.09,-2.75,7.37,-0.44,,1.0,7.5,,3.24,-0.2,,3.0,-2.5,7.47,-0.5,3.74,48,0.4706734751,0.5439402604
2021,10,South Alabama,Arkansas St.,9.0,18,31,13,4.49,14.91,4.37,17.64,9.38,7.28,9.3,16.0,13.31,15.5,2.86,15.7,7.52,,8.65,8.25,13.0,3.85,8.37,8.63,4.24,7.87,12.77,14.0,9.4,8.5,8.8,4.06,6.23,4.0,12.0,-3.0,10.88,2.86,8.5,14.51,7.7,,8.4,9.0,11.94,15.65,33.86,20.54,,12.0,8.9,,0.22,6.8,,9.0,0.5,-1.34,9.61,5.17,44,0.4916368797,0.6978159705
2021,10,Stanford,Washington,2.5,-7,13,20,2.77,7.82,1.53,-4.38,1.67,5.67,5.93,5.0,2.89,6.5,0.27,10.29,-1.1,,3.01,7.51,1.0,5.95,3.35,6.06,6.45,4.94,1.56,5.0,-1.7,2.77,3.66,3.57,2.5,2.0,2.0,4.0,8.33,1.91,0.5,0.01,0.3,,1.3,2.5,5.63,2.65,12.08,10.23,,3.0,1.7,,1.3,2.9,,2.5,-1.0,2.45,0.93,2.98,33,0.5125947476,0.5739179605
2021,10,Syracuse,Boston College,6.5,15,21,6,2.33,2.93,3.39,4.47,9.17,7.37,5.84,2.0,6.97,3.5,3.31,0.92,2.92,,5.2,7.54,-1.0,9.45,3.45,5.56,10.56,0.51,8.46,8.0,5.3,3.5,3.15,-0.18,2.44,3.0,3.0,5.0,5.28,0.51,1.0,12.28,2.5,,1.1,6.5,17.69,13.75,4.06,0.2,,12.0,1.1,,-1.67,3.0,,6.5,0.01,5.3,11.79,4.36,27,0.4685311849,0.6239419717
2021,10,Temple,Central Florida,-11.5,-42,7,49,-16.08,-9.23,-9.76,-14.5,-12.72,-24.11,-15.11,-11.0,-17.31,-7.5,-17.81,-5.19,-24.25,,-15.05,-9.73,-10.0,-17.45,-14.16,-24.88,-17.86,-7.85,-17.18,-14.0,-11.2,-15.16,-15.16,-14.83,-15.59,-17.0,-10.0,-14.0,-13.2,-14.63,-17.2,-21.94,-20.2,,-14.2,-12.0,-17.84,-8.75,-12.97,-1.52,,-17.0,-16.2,,-23.42,-11.0,,-10.5,-0.5,-18.77,-21.17,5.03,56,0.4155916662,0.1830558535
2021,10,Tulane,Cincinnati,-27.5,-19,12,31,-25.1,-28.31,-15.76,-34.39,-24.21,-29.16,-31.3,-32.0,-27.16,-25.0,-21.9,-28.9,-22.37,,-26.34,-29.54,-27.0,-28.85,-19.1,-45.88,-28.52,-18.7,-28.61,-24.0,-20.8,-25.91,-26.1,-25.91,-19.65,-21.0,-23.0,-30.0,-32.71,-16.66,-25.3,-33.02,-22.9,,-24.7,-27.5,-28.87,-23.75,-18.06,-36.58,,-32.0,-23.8,,-21.65,-25.5,,-26.0,-12.0,-35.36,-30.13,5.43,43,0.527560697,0.0582142182
2021,10,Tulsa,Navy,11.0,-3,17,20,7.74,3.7,6.22,7.8,6.06,4.39,9.26,8.0,-0.12,7.5,6.04,5.61,7.04,,7.59,3.94,6.0,-0.15,10.81,9.88,2.06,9.08,6.35,6.0,6.9,7.04,7.38,8.72,14.85,7.0,12.0,5.0,10.69,11.96,9.4,5.36,6.6,,10.3,10.5,17.0,5.65,-9.06,2.56,,2.0,9.9,,13.79,13.2,,11.0,14.5,11.33,3.86,3.76,37,0.4172113634,0.6791296134
2021,10,USC,Arizona,21.5,7,41,34,21.35,23.62,16.49,27.57,18.66,19.23,21.66,23.0,24.26,19.5,20.47,23.3,23.81,,22.16,17.04,15.0,26.55,22.51,28.88,18.41,17.89,18.28,19.0,17.7,22.65,22.86,22.65,22.48,25.0,20.0,18.0,23.23,29.81,25.9,21.35,23.3,,25.0,21.5,23.7,19.05,17.63,38.6,,24.0,24.7,,24.74,25.0,,21.0,21.0,21.66,23.74,3.37,75,0.5162210377,0.9139630847
2021,10,Utah,UCLA,6.5,20,44,24,5.33,5.01,1.85,2.6,4.69,-0.41,5.93,4.0,7.02,3.5,4.89,4.0,4.0,,4.82,5.88,1.0,6.65,5.13,1.0,5.21,3.74,4.32,5.0,3.4,4.89,3.3,5.49,5.11,8.0,3.5,2.0,5.19,6.76,6.2,4.02,2.7,,6.6,6.5,11.27,3.6,10.06,0.89,,8.0,7.1,,3.3,4.5,,6.5,6.5,7.13,4.37,2.08,68,0.4582139232,0.6183163335
2021,10,Utah St.,Hawaii,5.0,20,51,31,8.59,16.71,4.07,7.09,11.98,12.84,10.06,11.0,13.17,9.0,8.39,18.48,3.0,,7.78,8.36,7.0,5.75,8.78,13.56,4.86,5.83,9.7,13.0,7.1,8.18,7.19,8.18,9.17,3.0,6.0,6.0,15.57,-0.27,2.0,10.14,3.5,,2.5,5.5,7.38,8.7,16.76,2.37,,10.0,1.4,,-0.25,6.8,,5.5,-5.5,7.93,13.1,4.63,82,0.5667553543,0.6809984478
2021,10,Vanderbilt,Missouri,-16.0,-9,28,37,-12.62,-8.98,-8.57,-10.57,-6.2,-17.53,-10.33,-13.0,-15.67,-7.0,-14.59,-5.64,-13.59,,-10.87,-1.23,-12.0,-9.75,-15.28,-14.0,-8.67,-10.34,-2.06,-9.0,-3.9,-10.99,-12.61,-11.84,-14.12,-14.0,-17.0,-14.0,-5.2,-12.63,-19.2,-6.51,-14.7,,-19.6,-15.0,-8.47,-4.1,-12.6,1.21,,-12.0,-18.6,,-15.37,-13.0,,-16.5,-3.5,-9.87,-10.99,4.45,65,0.6221656809,0.2548360388
2021,10,Wake Forest,Duke,16.5,38,45,7,22.81,27.89,12.44,19.61,21.69,22.97,27.16,31.0,30.0,28.0,20.88,26.85,24.48,,25.15,23.82,21.0,24.85,20.93,42.88,28.57,16.51,31.14,31.0,20.9,24.48,23.53,23.08,17.18,25.0,15.0,19.0,34.8,22.13,25.8,36.5,25.2,,23.1,18.0,28.44,18.25,49.73,15.59,,34.0,24.5,,22.87,21.5,,16.5,13.0,23.75,28.81,5.78,52,0.6956652535,0.9316997625
2021,10,West Va.,Iowa St.,-7.5,7,38,31,-7.84,-6.07,-7.45,-9.81,-12.05,-0.73,-7.93,-5.0,-1.21,-4.0,-7.32,-8.5,-9.76,,-8.06,-6.16,-9.0,-9.15,-6.08,-10.75,-8.25,-3.93,-14.26,-9.0,-12.7,-7.84,-7.28,-8.31,-7.38,-6.0,-7.0,-4.0,-12.54,-5.26,-7.7,-17.05,-4.2,,-5.9,-7.5,-17.33,-12.6,-27.0,-2.78,,-12.0,-5.6,,-11.63,-3.9,,-7.0,4.5,-8.23,-13.17,4.2,69,0.4863977653,0.3117732307
2021,10,Western Kentucky,Charlotte,17.5,32,45,13,12.85,5.75,10.35,9.42,16.17,13.87,14.64,7.0,17.09,8.0,14.31,0.01,12.81,,13.23,15.12,7.0,21.85,15.0,15.63,14.84,4.26,13.71,8.0,10.9,13.3,11.3,10.74,14.69,13.0,15.0,13.0,9.72,7.52,10.9,17.55,13.3,,11.4,16.5,29.28,25.6,20.0,-14.41,,19.0,10.9,,9.36,13.7,,18.0,19.5,14.02,17.94,5.39,58,0.399468268,0.7850099731
2021,10,Wisconsin,Iowa,3.0,20,27,7,0.42,-3.42,-1.94,0.3,-3.12,-9.38,3.63,-4.0,-1.44,-3.5,-0.48,-4.4,-5.74,,-1.99,0.64,-7.0,-7.75,-2.78,-9.69,5.11,-5.38,-3.35,-2.0,-1.3,-2.0,-4.0,-0.2,-1.27,-3.0,3.0,1.0,-2.44,0.47,-1.8,-2.22,-0.8,,-1.6,2.0,1.92,1.0,-38.42,-0.45,,-4.0,-2.0,,-6.44,3.0,,3.5,4.0,-2.43,-2.61,3.04,34,0.3787622098,0.4510052084
2021,11,Air Force,Army,2.5,-7,14,21,5.55,3.15,4.48,4.76,1.87,7.72,9.67,6.0,-0.68,8.0,3.64,5.21,4.59,8.42,4.35,5.44,7.0,7.1,3.07,12.63,7.72,5.58,5.63,1.0,3.6,4.88,1.93,5.65,-1.97,5.0,1.0,7.0,7.71,-4.17,1.8,5.95,-0.7,,1.0,2.5,6.54,-2.0,1.32,1.12,,4.0,0.6,,2.61,2.1,,2.5,6.5,6.22,2.15,3.13,35,0.5455130039,0.6059722689
2021,11,Akron,Ball St.,-20.0,-6,25,31,-18.97,-11.94,-14.33,-13.99,-14.84,-18.82,-21.39,-14.0,-13.51,-11.0,-18.14,-11.1,-25.15,-9.98,-17.34,-18.54,-15.0,-26.15,-16.98,-18.83,-22.28,-6.15,-20.17,,-20.3,-18.7,-17.44,-18.83,-17.76,-18.0,-21.0,-20.0,-11.32,-14.91,-18.9,-23.42,-17.9,,-19.8,-20.0,-20.44,-19.15,-35.98,-3.15,,-19.0,-18.7,,-25.0,-15.5,,-20.0,0.01,-23.36,-20.55,5.23,56,0.5632232337,0.1497647073
2021,11,Alabama,LSU,28.5,6,20,14,19.16,19.3,15.76,34.42,20.25,25.08,20.09,24.0,25.76,22.0,18.06,15.82,29.38,14.97,23.16,17.38,16.0,28.75,24.0,23.21,28.63,14.27,22.39,21.0,22.1,23.45,23.17,19.91,24.25,29.0,25.0,19.0,19.04,16.23,24.9,25.31,24.2,,23.4,27.5,24.54,28.85,35.82,2.0,,27.0,24.9,,29.01,23.5,,28.5,22.0,31.02,25.55,4.95,34,0.3740580139,0.9181511352
2021,11,Arizona,California,-9.0,7,10,3,-13.19,-14.87,-10.36,-20.83,-10.33,-13.65,-18.79,-13.0,-15.16,-10.0,-11.03,-14.71,-10.95,-13.46,-12.91,-11.4,-13.0,-15.05,-9.36,-17.13,-16.64,-8.44,-11.28,-10.0,-10.2,-12.95,-13.64,-12.91,-9.28,-10.0,-12.0,-15.0,-10.26,-12.82,-10.6,-14.27,-12.5,,-11.4,-9.5,-14.29,-9.7,-2.6,-20.15,,-15.0,-7.6,,-18.47,-15.5,,-12.0,-6.0,-15.25,-15.85,3.16,13,0.4045528714,0.2125379811
2021,11,Arizona St.,USC,9.0,15,31,16,4.74,5.5,3.31,7.93,7.22,12.19,6.84,7.0,5.88,6.5,4.37,5.3,5.68,8.38,6.46,9.55,5.0,11.85,6.47,14.38,8.92,4.57,6.87,7.0,7.6,6.67,4.22,3.93,4.64,7.0,10.0,7.0,9.68,-1.13,3.5,7.35,4.6,,4.2,8.5,12.58,-2.3,-4.95,1.08,,10.0,3.3,,6.38,7.1,,8.5,-1.0,10.58,6.45,3.11,47,0.4376146563,0.6551820943
2021,11,Arkansas,Mississippi St.,5.0,3,31,28,0.87,5.13,0.8,4.41,1.71,1.93,-1.27,5.0,7.85,4.0,1.32,3.66,3.62,4.75,3.55,3.91,3.0,1.15,6.78,5.42,-0.31,0.21,4.36,5.0,3.6,3.94,3.66,1.23,3.27,4.0,5.0,0.01,5.02,3.93,5.8,5.03,5.7,,6.0,5.0,9.81,3.95,-12.33,1.36,,4.0,6.5,,3.65,4.0,,5.0,6.0,-5.04,2.51,2.6,59,0.4640887956,0.5873301982
2021,11,Arkansas St.,Appalachian St.,-21.0,-34,14,48,-19.71,-26.35,-10.82,-22.91,-19.02,-23.11,-23.76,-29.0,-26.64,-26.0,-18.81,-26.19,-18.7,-11.98,-21.45,-15.4,-22.0,-21.85,-17.87,-37.79,-19.9,-17.24,-23.36,-26.0,-17.2,-21.11,-21.21,-18.94,-19.93,-15.0,-21.0,-21.0,-26.03,-14.71,-19.8,-25.92,-21.8,,-17.0,-21.0,-27.29,-25.4,-18.72,-23.44,,-25.0,-17.6,,-19.52,-17.0,,-21.0,-10.5,-25.86,-24.8,4.93,62,0.4892019904,0.0984677085
2021,11,Boston College,Virginia Tech,-2.5,14,17,3,-2.75,-1.09,-0.72,2.19,-4.48,-0.76,-5.17,1.0,-1.98,0.01,-2.33,-0.6,-5.66,-3.69,-2.45,-1.83,1.0,-5.55,1.32,-5.42,-3.78,3.73,-4.93,-4.0,-6.3,-2.06,-2.54,-2.0,-1.32,3.0,-3.0,0.01,-3.51,0.9,0.3,-8.24,-1.1,,0.3,-2.5,-6.26,-5.1,-25.35,-0.19,,-5.0,-0.6,,-2.11,-0.3,,-3.0,-5.0,-1.37,-7.48,3.0,20,0.5012347477,0.4397283986
2021,11,Central Florida,Tulane,13.0,4,14,10,16.68,16.81,9.58,27.14,15.07,16.84,19.04,20.0,15.34,16.0,15.28,17.61,14.75,19.41,16.28,17.2,14.0,14.75,15.25,30.0,14.79,11.42,15.97,16.0,14.9,16.0,13.98,17.02,14.67,16.0,10.0,16.0,21.62,12.27,12.4,17.46,14.5,,11.4,14.0,17.48,15.2,16.71,13.75,,18.0,11.4,,11.53,17.5,,13.0,13.5,20.35,16.75,3.22,24,0.5802345623,0.8425659258
2021,11,Charlotte,Rice,6.0,7,31,24,6.48,4.24,6.02,10.33,9.91,11.18,3.63,6.0,7.08,4.5,9.23,2.71,3.43,8.08,5.56,6.55,5.0,7.15,7.02,7.67,5.45,6.97,5.75,6.0,5.9,5.95,6.34,5.06,8.53,6.0,5.0,4.0,4.91,1.96,0.5,7.76,5.7,,-0.01,6.0,5.58,0.25,4.04,1.62,,12.0,-1.3,,1.02,3.2,,6.0,4.0,-0.1,10.74,3.06,55,0.4891435212,0.6345459468
2021,11,Cincinnati,Tulsa,22.5,8,28,20,24.09,31.11,16.02,33.44,21.66,36.97,30.1,30.0,32.61,29.5,21.06,30.3,24.37,18.03,26.9,29.64,22.0,32.85,23.46,50.54,32.14,24.66,25.31,25.0,20.8,27.5,26.71,24.77,24.13,29.0,22.0,29.0,34.65,19.97,29.9,28.69,27.6,,27.6,23.0,21.25,18.0,29.03,24.93,,30.0,28.0,,22.14,25.5,,22.5,4.0,34.51,27.22,6.0,48,0.6022968026,0.943544681
2021,11,Colorado,Oregon St.,-11.5,3,37,34,-8.84,-11.38,-5.54,-12.99,-9.76,-9.62,-12.14,-11.0,-10.89,-11.5,-7.95,-11.65,-7.34,-8.88,-9.53,-10.44,-11.0,-13.15,-10.14,-22.25,-11.13,-3.16,-11.86,-11.0,-7.4,-9.95,-8.19,-8.19,-5.91,-5.0,-12.0,-4.0,-15.28,-2.33,-8.2,-13.1,-6.5,,-7.7,-11.5,-18.17,-10.8,2.4,-11.34,,-13.0,-7.2,,-9.42,-7.1,,-10.5,7.0,-12.5,-11.34,4.08,71,0.5478334315,0.2804774603
2021,11,Duke,Pittsburgh,-21.0,-25,29,54,-19.29,-18.86,-14.68,-27.53,-20.65,-23.7,-21.45,-21.0,-31.32,-17.0,-20.59,-12.15,-25.29,-10.61,-21.87,-15.77,-22.0,-30.25,-22.41,-37.58,-24.98,-7.44,-22.15,-19.0,-19.6,-21.85,-22.25,-17.11,-23.78,-22.0,-21.0,-19.0,-24.9,-21.69,-22.0,-28.53,-25.3,,-20.5,-21.0,-27.09,-22.65,-35.44,-2.48,,-33.0,-20.6,,-27.81,-13.4,,-21.0,-12.5,-19.71,-30.98,5.89,83,0.4795125953,0.0982636178
2021,11,East Carolina,Temple,16.0,42,45,3,17.3,13.32,13.04,17.98,19.66,29.67,18.14,15.0,22.56,13.0,20.46,8.34,24.9,13.66,19.55,16.56,10.0,27.55,21.55,21.79,29.59,8.51,22.87,18.0,19.9,19.85,18.77,13.88,18.45,22.0,15.0,21.0,16.0,18.63,25.3,29.68,21.8,,22.7,16.5,17.17,20.6,30.55,1.12,,28.0,24.3,,24.55,9.6,,16.0,0.01,19.81,27.23,6.56,48,0.581869226,0.8724779644
2021,11,Florida Atlantic,Marshall,-1.5,-15,13,28,-0.57,1.68,0.28,2.2,1.94,-2.95,1.55,2.0,-4.4,2.0,-1.33,4.94,-2.71,0.37,-0.18,1.22,-2.0,0.55,0.85,3.29,-0.57,4.68,-1.64,3.0,-2.1,0.44,-0.24,-0.79,1.13,1.0,-1.0,2.0,3.4,2.26,0.3,-4.46,-3.8,,1.7,-1.5,-6.15,-13.4,-16.03,0.77,,-1.0,0.5,,-1.68,1.3,,-1.5,-1.5,3.77,-1.8,3.26,41,0.5324603066,0.4955687902
2021,11,Florida Intl.,Old Dominion,-3.0,-23,24,47,-6.15,-6.64,-1.38,-8.97,-7.57,-0.77,-8.65,-6.0,-10.0,-6.5,-6.68,-4.83,-4.02,-6.6,-5.17,-5.8,-8.0,-9.25,-1.48,-2.12,-4.37,-0.01,-9.87,-8.0,-5.2,-5.9,-7.5,-4.59,-0.19,-1.0,-1.0,-1.0,-0.89,5.97,1.6,-12.62,-5.0,,1.3,-3.0,-9.28,-12.7,-20.01,-9.89,,-11.0,1.7,,-10.81,0.6,,-3.0,-7.5,-2.54,-11.75,4.42,71,0.4476197256,0.3768668845
2021,11,Florida St.,NC St.,-2.5,-14,14,28,-7.36,-8.92,-4.34,-10.24,-3.1,-7.97,-9.09,-8.0,-7.15,-7.5,-5.57,-9.87,-1.81,-6.44,-5.6,-4.24,-10.0,-4.55,-3.44,-18.71,-1.54,-9.75,-2.78,-6.0,0.6,-5.54,-7.22,-8.29,-5.98,-5.0,-2.0,-2.0,-12.55,-5.93,-3.4,-2.26,-5.5,,-3.1,-3.0,-0.99,0.9,13.18,-0.28,,-5.0,-3.7,,-6.94,-3.4,,-2.5,3.5,-11.04,-7.15,3.4,42,0.4242779728,0.3650613664
2021,11,Fresno St.,Boise St.,5.0,-26,14,40,-1.18,-2.57,0.94,4.33,-1.89,4.33,4.4,4.0,-6.78,4.5,-3.22,-0.31,-4.25,3.35,0.7,3.31,3.0,0.45,1.38,5.92,5.95,7.5,-1.71,-1.0,-3.5,0.97,-0.46,-1.27,1.49,1.0,3.0,5.0,4.26,1.3,3.3,-4.32,-2.0,,3.2,4.5,2.14,-0.8,-2.78,1.37,,-1.0,1.9,,-2.89,3.1,,5.0,-8.5,5.1,-2.3,3.58,54,0.3957975072,0.5171555341
2021,11,Georgia,Missouri,39.5,37,43,6,32.64,34.8,26.2,46.85,34.47,42.96,37.58,39.0,45.1,39.0,31.57,29.25,41.08,18.79,37.58,37.98,25.0,51.45,34.13,48.58,47.54,27.22,37.94,38.0,38.0,37.99,36.77,31.54,36.66,39.0,39.0,38.0,33.96,25.97,40.2,47.11,40.1,,38.1,39.5,48.47,36.5,49.28,15.14,,48.0,37.7,,37.04,25.5,,38.0,20.5,44.5,44.44,7.7,49,0.4566672979,0.9834219506
2021,11,Georgia Southern,Coastal Carolina,-19.5,-20,8,28,-18.47,-21.26,-13.95,-20.76,-20.29,-26.85,-21.2,-23.0,-24.24,-19.0,-18.82,-19.65,-15.35,-11.33,-20.02,-13.64,-27.0,-19.75,-18.57,-37.42,-19.75,-12.47,-19.4,-20.0,-15.7,-20.15,-20.76,-16.93,-20.51,-15.0,-19.0,-24.0,-24.22,-11.54,-21.7,-22.9,-20.9,,-19.6,-19.5,-28.78,-25.1,-9.77,-12.66,,-24.0,-21.6,,-17.28,-20.5,,-19.5,-12.0,-15.64,-25.3,4.37,36,0.4874035185,0.1120252479
2021,11,Hawaii,San Diego St.,-7.5,-7,10,17,-10.18,-17.51,-6.15,-12.53,-8.94,-12.87,-12.36,-14.0,-14.57,-11.5,-8.99,-19.09,-12.03,-8.82,-10.6,-8.83,-14.0,-8.05,-8.91,-27.46,-8.47,-7.93,-11.0,-13.0,-9.1,-9.31,-10.06,-10.52,-7.0,-8.0,-6.0,-9.0,-19.01,-5.07,-6.7,-12.5,-9.8,,-6.6,-7.5,-9.63,-6.8,-14.9,-2.22,,-9.0,-6.6,,-8.35,-7.7,,-7.5,-9.5,-11.72,-11.22,3.21,27,0.4241031753,0.2563980405
2021,11,Iowa St.,Texas,6.5,23,30,7,4.92,1.27,3.94,9.22,6.25,-0.5,5.99,4.0,-0.48,4.0,4.18,2.21,5.89,6.58,4.68,7.45,1.0,3.65,5.02,3.63,6.81,3.71,5.81,1.0,2.7,4.69,2.59,5.02,4.45,4.0,6.0,3.0,5.66,4.19,7.0,5.82,1.1,,6.7,6.5,10.29,8.5,19.21,0.73,,6.0,6.5,,1.2,4.3,,6.5,2.5,6.39,5.05,2.44,37,0.4548902457,0.6146206062
2021,11,Kansas,Kansas St.,-24.0,-25,10,35,-23.68,-21.5,-17.66,-36.95,-21.86,-32.68,-25.03,-20.0,-28.69,-18.5,-24.29,-17.62,-27.54,-12.18,-25.47,-21.55,-22.0,-33.55,-24.26,-39.83,-28.06,-14.0,-27.44,-22.0,-28.1,-25.69,-24.48,-22.52,-23.04,-20.0,-24.0,-27.0,-25.58,-25.81,-30.7,-34.65,-27.9,,-28.5,-24.0,-31.59,-23.95,-16.42,-14.2,,-31.0,-26.6,,-26.07,-18.0,,-24.0,-15.0,-26.8,-30.78,5.84,45,0.4653743402,0.0660687552
2021,11,Kent,Northern Ill.,3.5,5,52,47,-0.13,-4.57,1.69,6.39,-1.4,3.79,-3.17,-3.0,-0.13,-5.5,1.39,-6.97,2.71,-3.92,0.58,-2.76,-4.0,2.65,1.26,-8.04,2.17,4.37,-4.81,,-2.0,1.26,2.11,-0.41,2.25,8.0,6.0,4.0,-5.59,12.61,4.2,-5.25,2.7,,5.4,3.5,0.94,2.55,12.81,-1.14,,-1.0,2.5,,-1.07,3.0,,3.5,5.0,3.72,-0.26,4.01,99,0.4292243045,0.5141297981
2021,11,Kentucky,Tennessee,-1.0,-3,42,45,4.92,6.65,0.99,-1.01,3.97,3.29,5.08,8.0,-4.6,10.5,2.36,12.71,-1.35,6.98,4.18,5.9,2.0,2.35,1.34,13.88,3.92,10.41,4.14,10.0,2.8,3.95,3.07,7.34,-0.44,3.0,5.0,5.0,12.8,3.16,4.8,2.26,0.3,,6.0,0.0,-0.47,1.4,-1.8,2.07,,-1.0,4.3,,2.31,5.2,,0.0,0.01,6.78,0.22,3.85,87,0.6244277792,0.6009892722
2021,11,Louisiana-Lafayette,Georgia St.,13.5,4,21,17,13.18,12.58,11.88,11.69,10.59,22.36,14.33,14.0,13.37,12.5,12.6,12.15,15.68,9.34,15.27,7.12,12.0,14.35,17.82,28.71,20.19,14.62,14.56,14.0,14.0,14.46,13.98,13.53,15.53,17.0,10.0,19.0,19.14,14.2,18.2,18.01,16.1,,17.2,13.5,16.07,16.15,17.37,2.62,,15.0,18.0,,17.86,13.0,,13.5,14.0,13.36,14.9,2.96,38,0.5436384131,0.827815919
2021,11,Louisville,Clemson,-4.0,-6,24,30,-6.42,-1.53,-2.48,-6.04,1.14,-2.47,-4.17,-3.0,-2.76,-0.5,-5.83,-0.87,-8.38,0.71,-3.39,1.33,-2.0,-3.35,-5.88,-7.42,-3.82,-1.27,0.48,-1.0,-2.1,-3.27,-5.14,-8.18,-7.31,-6.0,-5.0,-3.0,-3.2,-7.1,-6.1,0.01,-7.3,,-6.4,-4.0,0.35,3.8,-0.5,0.37,,-1.0,-6.3,,-7.85,-4.5,,-4.0,-5.5,-4.5,-0.36,3.04,54,0.5150522783,0.4169383451
2021,11,Maryland,Penn St.,-10.0,-17,14,31,-11.25,-2.79,-9.89,-10.07,-12.36,-12.8,-8.46,-4.0,-10.35,-4.0,-13.04,1.27,-17.6,-5.59,-10.69,-10.25,-6.0,-20.25,-11.87,-16.58,-12.71,-0.69,-13.68,-6.0,-14.0,-10.58,-8.91,-10.75,-11.66,-14.0,-11.0,-8.0,-9.6,-8.3,-12.6,-19.45,-11.1,,-10.4,-10.0,-14.74,-5.35,-17.64,-0.34,,-16.0,-8.4,,-20.49,-7.1,,-10.5,-5.5,-10.32,-14.86,4.97,45,0.4834553596,0.2602131716
2021,11,Memphis,SMU,-4.5,3,28,25,-6.96,-10.84,-2.56,-8.22,-5.43,-12.94,-10.68,-12.0,-11.52,-10.5,-5.48,-10.47,-2.84,-5.5,-7.21,-5.52,-12.0,-10.65,-1.78,-23.46,-12.62,-6.31,-8.75,-8.0,-3.5,-7.29,-7.57,-6.73,-4.94,-3.0,-7.0,-7.0,-13.82,-5.12,-8.0,-9.96,-5.8,,-8.1,-4.5,4.32,-0.5,17.16,-1.92,,-10.0,-8.2,,-6.09,-3.4,,-4.5,6.5,-8.03,-9.43,4.17,53,0.4344276494,0.3302275183
2021,11,Miami (Fla.),Georgia Tech,10.5,3,33,30,9.82,12.68,6.84,11.5,6.31,12.04,10.54,14.0,13.96,12.0,9.52,11.99,13.02,7.4,11.82,9.74,6.0,12.75,9.54,21.13,17.61,10.93,10.16,15.0,9.2,12.0,11.82,9.78,12.33,15.0,7.0,15.0,17.01,15.26,14.0,9.14,12.8,,12.9,10.5,9.22,4.45,-9.01,2.18,,12.0,13.8,,6.85,7.1,,10.0,7.0,20.89,11.12,3.39,63,0.5324051948,0.7667420301
2021,11,Michigan,Indiana,20.5,22,29,7,17.8,25.73,18.58,35.29,24.73,25.02,22.46,26.0,26.66,25.5,16.37,25.22,20.71,17.83,22.22,18.35,22.0,19.85,22.2,38.88,18.92,11.25,25.11,25.0,24.1,21.8,19.88,17.08,21.04,18.0,17.0,16.0,29.96,11.59,15.3,29.94,21.4,,15.6,20.5,28.75,26.1,31.72,13.42,,27.0,14.4,,20.86,22.5,,20.0,15.0,16.07,27.61,5.57,36,0.5407178706,0.9067208706
2021,11,Minnesota,Illinois,15.0,-8,6,14,15.8,16.65,13.59,23.26,13.49,17.48,19.31,12.0,15.69,12.0,14.61,17.17,13.66,12.56,15.87,13.83,11.0,16.75,13.97,28.29,17.85,14.66,12.32,14.0,12.0,15.59,12.67,15.49,14.16,20.0,14.0,19.0,22.35,17.01,18.7,13.05,14.6,,17.9,15.0,16.71,8.95,0.82,1.59,,18.0,17.4,,17.15,9.1,,15.0,13.0,22.37,12.9,3.21,20,0.5214191219,0.836419072
2021,11,Mississippi,Liberty,9.5,13,27,14,10.38,9.04,12.74,6.51,7.74,18.43,11.2,8.0,10.29,6.5,9.17,8.37,15.14,7.69,11.78,11.57,-1.0,18.35,7.38,21.38,21.12,7.76,12.53,11.0,11.7,11.2,11.68,11.2,12.68,16.0,15.5,17.0,15.19,10.1,16.2,13.57,12.1,,15.9,9.5,9.84,11.1,26.56,4.05,,10.0,16.7,,7.26,10.6,,9.5,-1.5,18.76,12.16,4.52,41,0.5549338021,0.7622955609
2021,11,Nebraska,Ohio St.,-15.0,-9,17,26,-16.54,-11.91,-10.24,-12.19,-8.66,-17.15,-19.09,-16.0,-11.19,-13.5,-13.0,-12.3,-16.28,-8.06,-14.19,-11.83,-18.0,-20.35,-11.65,-18.38,-23.32,-12.56,-12.64,-14.0,-12.4,-13.36,-15.36,-18.27,-13.19,-19.0,-15.5,-15.0,-15.35,-9.44,-18.9,-13.35,-14.9,,-17.7,-15.0,-12.98,-5.35,-16.51,-3.27,,-14.0,-18.1,,-12.6,-9.3,,-15.0,-9.5,-24.24,-11.1,3.9,43,0.5197605728,0.1926726468
2021,11,Nevada,San Jose St.,10.5,3,27,24,13.57,14.02,10.75,16.27,16.3,21.4,15.81,14.0,20.49,12.5,13.49,10.54,15.46,14.15,15.33,17.88,11.0,20.05,13.45,26.96,19.43,7.85,17.42,15.0,14.7,15.03,13.43,12.71,15.06,15.0,10.0,19.0,20.36,11.54,12.6,20.95,15.8,,11.6,11.5,15.08,15.85,30.34,2.58,,20.0,10.4,,10.72,11.8,,10.0,5.0,16.5,20.82,3.84,51,0.6162769984,0.8260270228
2021,11,New Mexico,UNLV,1.5,-14,17,31,1.54,12.03,0.19,11.74,-3.11,1.19,6.52,9.0,1.71,7.5,-3.0,17.59,0.01,18.5,3.56,3.8,5.0,-1.75,1.77,6.08,6.86,11.5,1.31,9.0,1.1,2.08,1.92,3.88,0.7,6.0,1.0,1.0,6.42,2.35,0.4,-0.73,3.0,,2.2,1.5,-6.22,1.95,-5.65,10.33,,-5.0,1.4,,3.02,3.9,,1.5,11.5,4.11,-6.12,5.52,48,0.5487789458,0.5838809526
2021,11,New Mexico St.,Utah St.,-18.5,-22,13,35,-23.6,-21.48,-12.15,-10.1,-19.81,-22.62,-27.6,-24.0,-16.98,-19.5,-21.18,-23.89,-16.45,-12.69,-19.23,-18.15,-20.0,-18.65,-14.72,-31.04,-18.13,-17.82,-19.39,-22.0,-15.7,-19.45,-19.32,-24.39,-15.68,-12.0,-16.0,-19.0,-22.11,-14.3,-19.0,-21.06,-16.7,,-17.5,-18.5,-23.57,-22.15,-36.97,-13.88,,-21.0,-17.3,,-22.77,-23.5,,-18.0,2.0,-22.74,-25.34,5.03,48,0.4825164045,0.1240810371
2021,11,North Carolina,Wake Forest,2.5,3,58,55,-6.22,-12.64,-1.01,-2.04,-2.08,-5.7,-13.35,-15.0,-7.18,-16.5,-1.95,-15.57,-1.52,-8.51,-4.85,-10.25,-13.0,-0.45,2.64,-18.46,-5.43,-6.61,-9.99,-11.0,-7.0,-4.77,-4.76,-7.1,1.67,3.0,4.5,0.01,-12.0,4.93,0.7,-10.18,-1.1,,0.01,1.5,-0.73,0.6,-5.04,-12.1,,-9.0,-0.2,,0.8,-1.6,,2.5,10.5,-1.42,-4.77,5.92,113,0.3321967029,0.3873297027
2021,11,Northwestern,Iowa,-12.0,-5,12,17,-13.18,-15.02,-11.08,-19.35,-13.46,-23.45,-12.11,-13.0,-17.14,-12.0,-14.32,-13.87,-16.35,-8.66,-15.04,-8.72,-13.0,-16.35,-15.3,-37.33,-10.41,-9.03,-16.74,-17.0,-14.0,-14.81,-15.26,-12.68,-12.53,-13.0,-10.0,-9.0,-22.37,-18.77,-16.7,-19.31,-16.7,,-14.6,-12.0,-16.39,-16.25,-6.81,-3.68,,-17.0,-15.3,,-13.4,-11.4,,-12.0,-4.0,-12.57,-19.25,3.77,29,0.4260956716,0.178314018
2021,11,Notre Dame,Navy,20.5,28,34,6,25.21,25.02,19.92,25.01,23.4,25.44,26.82,25.0,23.83,23.0,21.69,25.66,26.79,17.96,25.03,19.14,18.0,27.05,21.39,46.29,25.96,20.78,23.17,27.0,17.7,25.33,27.68,28.36,28.42,25.0,19.0,25.0,35.02,27.3,28.4,26.04,25.6,,28.3,21.5,26.98,16.4,28.75,14.58,,22.0,27.3,,27.16,25.0,,21.0,9.0,28.96,27.19,4.3,40,0.6085045318,0.9359730203
2021,11,Ohio,Miami (Ohio),-7.0,2,35,33,-7.89,-15.8,-6.05,-10.88,-8.55,-13.47,-15.83,-13.0,-14.86,-14.0,-5.39,-16.3,-6.41,-10.3,-9.48,-13.84,-12.0,-8.25,-5.1,-18.46,-12.07,-7.7,-12.54,,-8.7,-8.95,-10.24,-7.01,-8.4,-2.0,-7.0,-7.0,-10.52,-4.72,-8.3,-13.72,-7.7,,-8.8,-7.0,-7.43,-8.95,-20.27,-2.7,,-10.0,-11.4,,-9.13,-5.3,,-7.0,6.5,-9.25,-11.09,4.07,68,0.4398606363,0.2814826379
2021,11,Purdue,Michigan St.,-3.0,11,40,29,-1.9,-8.64,-0.8,5.79,-2.84,-8.47,-7.63,-5.0,-3.58,-9.5,-0.01,-11.36,-2.36,-6.34,-3.74,-6.35,-8.0,-6.15,-4.58,-11.58,-6.22,-6.34,-4.86,-5.0,-0.4,-4.45,-2.54,-2.15,-3.69,-1.0,-2.5,-5.0,-5.61,3.72,1.0,-4.32,-1.1,,-0.8,-3.0,-9.42,10.0,-7.62,-20.53,,-5.0,-0.5,,-3.47,-4.7,,-3.0,2.0,-8.84,-3.3,4.11,69,0.4820040801,0.4097993664
2021,11,Rutgers,Wisconsin,-13.0,-49,3,52,-11.37,-7.09,-8.41,-9.39,-6.07,-6.29,-15.11,-6.0,-7.62,-4.5,-9.31,-6.8,-13.75,-5.82,-9.56,-6.38,-4.0,-11.45,-1.69,-16.54,-14.07,-6.96,-6.79,-9.0,-11.2,-9.35,-7.25,-11.8,-6.57,-11.0,-11.0,-12.0,-12.2,-11.43,-14.7,-8.06,-9.9,,-12.0,-12.5,-13.89,-6.4,-18.26,-2.04,,-8.0,-13.9,,-4.02,-7.6,,-13.0,-13.0,-16.1,-9.44,3.35,55,0.5839615778,0.2778399712
2021,11,South Carolina,Florida,-20.5,23,40,17,-12.07,-5.41,-11.1,-13.26,-13.27,-14.74,-9.64,-5.0,-15.23,-2.5,-14.04,-0.12,-13.96,-7.37,-13.07,-12.59,-7.0,-18.25,-12.69,-19.92,-16.81,-4.17,-13.29,-6.0,-16.0,-13.63,-13.05,-11.57,-14.77,-15.0,-20.0,-13.0,-11.36,-11.53,-16.5,-18.34,-16.2,,-16.4,-19.0,-17.37,-19.75,-10.97,-0.4,,-17.0,-15.1,,-15.86,-9.4,,-18.0,-11.5,-15.5,-17.6,4.76,57,0.6730507157,0.2151464115
2021,11,South Florida,Houston,-13.0,-12,42,54,-15.01,-18.71,-8.83,-23.61,-9.72,-21.88,-17.74,-18.0,-18.12,-17.5,-13.79,-19.03,-15.68,-9.76,-15.47,-9.12,-19.0,-16.05,-16.5,-37.17,-20.05,-14.2,-15.54,-17.0,-12.2,-15.16,-14.67,-15.11,-13.1,-14.0,-14.0,-14.0,-23.22,-11.39,-13.3,-16.57,-15.2,,-12.6,-13.0,-14.62,-7.2,-23.76,-3.11,,-17.0,-13.0,,-12.01,-11.3,,-13.0,-4.0,-19.9,-15.67,4.09,96,0.440115074,0.1726571995
2021,11,Southern Miss.,North Texas,-5.0,-24,14,38,-2.88,-4.1,-2.2,-1.5,-1.33,-6.08,-6.1,-5.0,-6.38,-4.5,-2.62,-2.85,-4.22,-4.54,-3.3,-6.65,-5.0,-4.15,0.75,-2.38,-7.04,-0.46,-5.69,-3.0,-2.5,-2.94,-1.96,-1.8,-0.98,2.0,-5.0,-7.0,0.84,-3.38,-2.4,-6.28,-1.7,,-1.8,-5.0,-7.65,-6.7,-9.77,-10.16,,-5.0,-2.3,,1.07,-0.2,,-5.0,1.5,-5.32,-4.57,2.55,52,0.5421025791,0.4186904213
2021,11,Stanford,Utah,-10.0,-45,7,52,-7.01,-7.05,-3.41,-11.68,-6.27,-6.93,-10.08,-7.0,-7.39,-7.5,-6.41,-6.86,-7.09,-6.81,-7.16,-6.24,-8.0,-5.05,-1.98,-18.21,-8.0,-2.59,-6.99,-9.0,-4.9,-6.96,-6.12,-6.16,-6.27,-5.0,-6.0,-5.0,-12.86,-3.75,-8.4,-8.06,-6.2,,-7.6,-9.0,-9.83,-4.8,6.56,-0.7,,-12.0,-8.0,,-5.52,-5.0,,-9.0,0.5,-13.33,-8.37,2.75,59,0.5699604239,0.3283739577
2021,11,TCU,Baylor,-7.0,2,30,28,-7.1,-14.22,-4.78,-14.26,-6.72,-12.25,-14.07,-15.0,-10.35,-14.5,-4.58,-16.31,-5.01,-8.73,-8.6,-9.37,-14.0,-8.25,-6.53,-24.38,-11.55,-6.58,-10.98,-12.0,-7.2,-8.13,-7.68,-6.42,-4.15,-4.0,-6.0,-8.0,-17.22,0.99,-2.2,-11.09,-3.5,,-2.7,-7.0,-14.68,-5.2,-14.19,-2.61,,-12.0,-1.8,,0.16,-4.5,,-6.5,1.5,-10.17,-10.23,4.73,58,0.4615231088,0.3018070232
2021,11,Texas A&M,Auburn,4.5,17,20,3,1.06,-0.51,4.02,0.69,3.01,0.39,-3.5,2.0,-2.32,1.0,2.31,0.48,4.87,0.86,1.96,-3.95,-2.0,1.25,2.94,-0.54,-0.22,2.78,0.46,1.0,1.9,1.73,1.45,1.67,4.43,5.0,6.5,2.0,2.07,7.99,3.1,0.46,1.8,,4.3,4.0,1.47,2.2,8.91,-1.19,,-1.0,3.1,,8.42,3.3,,4.5,6.5,1.58,1.3,2.54,23,0.4372299149,0.5485181355
2021,11,Texas St.,Louisiana-Monroe,3.5,8,27,19,-2.75,-7.47,2.32,3.96,-0.44,-1.72,-7.17,-6.0,-0.74,-6.5,0.5,-11.1,5.42,-5.66,0.12,-2.4,-5.0,-3.85,7.0,-4.63,-2.24,-6.61,-0.37,-7.0,1.1,-0.4,-0.98,-4.02,4.26,4.0,6.0,-2.0,-4.57,5.39,4.4,0.79,4.0,,3.0,3.0,3.57,20.35,18.98,-1.48,,-2.0,4.9,,4.07,7.5,,3.5,7.0,1.05,-0.48,5.53,46,0.4203203298,0.5028479147
2021,11,Toledo,Eastern Mich.,8.5,-3,49,52,7.78,2.07,6.66,12.03,8.53,6.86,6.78,4.0,7.26,3.5,9.66,-0.72,7.37,5.09,7.06,5.25,1.0,5.65,10.96,7.33,5.4,3.42,5.38,,4.5,6.78,6.69,6.44,8.56,6.0,7.0,10.0,4.76,6.93,6.1,6.74,9.4,,5.5,8.5,13.61,14.0,8.71,0.38,,10.0,4.5,,7.76,9.4,,8.5,10.5,2.62,9.21,3.11,101,0.4645316944,0.6687490304
2021,11,Troy St.,South Alabama,4.0,7,31,24,4.64,2.7,4.11,3.83,3.15,8.04,1.89,3.0,5.49,2.0,5.85,1.19,1.42,-0.95,4.17,2.13,-1.0,6.95,12.33,4.5,3.08,4.84,-0.29,4.0,-0.5,3.89,3.75,4.67,7.97,10.0,-2.0,5.0,2.74,7.59,3.4,-1.73,6.8,,2.5,4.0,4.77,1.45,3.81,0.74,,4.0,2.4,,7.75,3.4,,4.0,14.5,9.49,3.94,3.55,55,0.5041690116,0.6011562289
2021,11,UAB,Louisiana Tech,13.5,14,52,38,9.64,12.92,8.81,12.19,9.1,16.78,10.63,13.0,11.15,10.5,8.54,13.88,13.97,8.54,11.66,7.94,8.0,12.85,15.59,19.58,11.12,11.63,6.75,12.0,6.5,11.39,9.7,10.31,11.83,17.0,15.0,19.0,15.64,13.94,17.0,5.59,14.1,,15.3,13.5,4.65,3.15,-16.79,1.78,,11.0,15.3,,15.59,7.6,,13.5,5.5,22.25,7.72,4.02,90,0.4552674074,0.761781746
2021,11,UTEP,Texas-San Antonio,-11.5,-21,23,44,-13.8,-13.67,-12.62,-9.52,-11.72,-21.36,-13.49,-13.0,-18.94,-9.5,-14.58,-10.84,-11.51,-7.88,-12.97,-8.5,-14.0,-14.95,-15.11,-31.46,-11.77,-6.67,-10.13,-12.0,-8.8,-13.19,-13.46,-13.37,-15.48,-11.0,-9.0,-15.0,-16.28,-10.4,-15.2,-12.09,-16.3,,-13.8,-11.5,-8.92,-6.2,-6.6,-12.38,,-16.0,-14.4,,-17.9,-8.9,,-11.5,-1.0,-13.95,-17.67,3.73,67,0.4640835152,0.2131857624
2021,11,Washington,Oregon,-7.0,-10,16,26,-5.84,-12.24,-2.37,-2.06,-3.61,-8.31,-8.0,-9.0,-7.33,-11.5,-3.22,-14.88,-1.56,-6.56,-5.59,-4.55,-10.0,1.75,-2.77,-24.83,-1.51,-5.69,-3.91,-11.0,-2.8,-4.9,-8.85,-7.62,-4.47,0.01,-7.0,-5.0,-14.74,0.96,-6.2,-3.51,-5.4,,-4.8,-7.0,-9.99,-1.55,-2.78,-2.05,,-4.0,-4.8,,-3.09,-5.4,,-7.0,8.5,-7.14,-6.19,4.3,42,0.5341585624,0.3669768972
2021,11,West Va.,Oklahoma St.,-3.5,-21,3,24,-5.94,-6.41,-3.97,-7.22,-7.22,0.2,-5.78,-6.0,0.94,-7.0,-4.56,-10.36,-7.48,-5.39,-5.01,-3.14,-7.0,-7.65,-1.15,-11.13,-3.84,-3.93,-8.79,-7.0,-7.3,-5.86,-4.67,-7.57,-1.62,-3.0,-3.0,1.0,-9.84,-1.37,0.01,-10.47,-0.7,,0.2,-3.5,-7.12,-11.7,-5.8,-1.75,,-7.0,1.4,,-8.95,-2.0,,-3.5,-1.0,-1.43,-6.78,3.43,27,0.4629594085,0.3788512543
2021,11,Western Kentucky,Middle Tenn.,17.0,27,48,21,7.28,6.23,6.47,7.93,10.22,11.43,6.35,8.0,10.61,8.0,8.35,3.87,11.1,8.95,8.73,8.99,4.0,13.15,6.25,12.13,10.26,7.77,9.58,7.0,10.6,8.48,8.26,6.71,8.61,10.0,17.0,8.0,9.64,1.97,3.9,10.97,9.1,,4.5,15.5,17.44,13.4,12.96,1.31,,11.0,3.1,,5.99,13.8,,16.0,10.0,7.78,11.39,2.99,69,0.304339155,0.7055523797
2021,11,Western Mich.,Central Mich.,9.0,-12,30,42,9.98,10.84,5.91,10.53,15.32,8.12,7.46,12.0,10.57,12.0,11.73,10.97,10.37,11.13,10.71,7.66,5.0,14.55,9.51,18.67,8.09,12.09,13.25,,10.9,10.9,11.04,9.54,9.36,11.0,10.0,6.0,16.37,7.24,2.2,14.39,8.8,,3.0,9.0,13.96,18.1,16.4,1.62,,15.0,1.3,,10.58,10.3,,9.0,13.0,11.2,15.34,3.62,72,0.541820588,0.7446556321
2021,11,Wyoming,Colorado St.,-3.5,14,31,17,-1.72,3.16,-2.27,-3.75,-5.57,-5.87,-6.99,2.0,-4.99,2.0,-2.99,7.56,-3.21,-2.2,-2.66,-7.18,-1.0,-11.35,-1.02,0.29,-11.63,8.57,-6.78,1.0,-4.1,-2.42,-1.34,1.95,-1.24,-3.0,-3.0,-6.0,1.67,-0.97,-0.9,-9.24,-1.3,,-1.0,-3.5,-2.87,-5.9,-5.71,0.1,,-9.0,-1.4,,-2.56,-0.7,,-3.5,5.0,-6.6,-7.15,4.66,48,0.5202478822,0.4361294827
2021,12,Alabama,New Mexico St.,50.5,56,59,3,53.43,44.54,39.86,47.19,43.31,56.63,54.1,46.0,53.48,40.5,50.71,39.72,57.92,19.5,50.84,41.41,34.0,57.85,50.75,64.42,57.07,34.81,45.05,45.0,45.5,53.28,53.56,56.14,57.68,61.0,50.0,54.0,46.22,53.13,63.4,51.28,59.2,,60.0,50.5,59.27,56.45,44.64,16.73,,50.0,61.3,,58.53,41.5,,51.0,40.5,60.11,53.9,9.18,62,0.5073970376,0.9972201359
2021,12,Appalachian St.,South Alabama,21.5,24,31,7,20.34,19.15,15.6,14.3,18.72,20.55,19.82,18.0,20.71,18.0,20.16,18.3,17.63,13.91,20.05,15.29,9.0,24.05,18.28,36.63,22.4,17.73,18.41,22.0,17.5,19.51,19.09,20.77,21.93,21.0,22.0,26.0,26.78,19.89,19.1,19.51,21.3,,16.7,21.5,19.96,15.15,31.96,3.85,,23.0,16.8,,19.77,17.5,,22.5,19.5,29.67,22.33,3.49,38,0.464457186,0.8913184504
2021,12,Arizona,Utah,-24.0,-9,29,38,-20.67,-22.9,-17.87,-27.72,-18.7,-22.22,-24.99,-22.0,-24.16,-21.5,-18.78,-22.23,-22.0,-12.26,-22.11,-17.55,-22.0,-27.75,-22.44,-41.25,-22.92,-14.68,-20.63,-22.0,-17.9,-22.23,-22.35,-20.68,-21.36,-22.0,-24.0,-16.0,-27.69,-22.83,-22.2,-24.51,-22.4,,-22.3,-23.5,-22.91,-15.95,-18.07,-2.41,,-27.0,-22.2,,-28.0,-22.5,,-24.0,-13.0,-23.82,-23.48,3.76,67,0.5461167649,0.0876555491
2021,12,Auburn,Mississippi St.,5.0,-9,34,43,7.76,8.43,6.4,4.17,5.25,10.32,6.5,9.0,10.25,7.5,8.25,7.45,9.59,5.4,7.8,7.07,7.0,7.85,8.47,14.38,8.64,5.07,6.3,9.0,7.1,7.8,8.67,7.76,5.95,11.0,4.0,8.0,10.37,7.78,9.9,6.48,9.2,,9.1,5.5,12.55,0.85,5.43,1.81,,7.0,10.0,,6.35,6.3,,5.5,7.0,8.43,7.81,2.15,77,0.5693741686,0.6868319016
2021,12,Baylor,Oklahoma,-4.5,13,27,14,-5.65,-4.32,-2.49,3.56,1.02,-3.9,-6.23,-4.0,0.15,-4.0,-3.84,-6.74,-1.57,-1.43,-3.1,0.12,-5.0,-3.75,-4.82,-2.08,-5.45,-8.86,2.87,1.0,0.9,-3.8,-3.18,-7.78,-6.42,-2.0,-7.0,-10.0,-0.59,-4.91,-7.4,3.61,-4.2,,-6.4,-4.5,5.35,4.65,4.46,-10.48,,2.0,-7.3,,-6.14,-3.7,,-5.5,-8.5,-14.35,0.11,4.21,41,0.5339671503,0.4251407209
2021,12,Boise St.,Wyoming,14.0,10,23,13,16.34,15.55,13.91,15.16,19.57,23.19,22.45,14.0,24.13,15.0,16.22,10.93,18.38,13.7,18.31,20.0,8.0,24.15,15.14,31.08,25.17,11.86,19.07,20.0,17.0,17.87,17.05,13.9,17.83,20.0,13.0,20.0,22.61,16.61,18.3,22.67,20.4,,17.7,14.5,13.29,14.6,24.92,2.33,,28.0,17.9,,16.21,13.8,,13.5,9.0,22.57,22.61,4.38,36,0.6032338127,0.8669055168
2021,12,Bowling Green,Toledo,-10.5,-32,17,49,-14.47,-5.05,-11.8,-13.08,-11.23,-14.17,-9.8,-7.0,-11.07,-5.0,-16.46,-1.82,-16.94,-6.31,-12.0,-6.73,-10.0,-11.65,-15.19,-13.21,-13.85,-2.14,-10.35,-7.0,-10.2,-12.33,-11.28,-14.75,-15.2,-17.0,-7.0,-13.0,-6.68,-15.92,-19.8,-13.46,-16.0,,-18.7,-10.5,-8.0,-12.2,-40.9,-0.87,,-12.0,-19.4,,-16.35,-10.9,,-10.5,-11.0,-13.39,-12.46,4.5,66,0.4637816628,0.233524823
2021,12,Central Mich.,Kent,2.5,24,54,30,1.83,0.42,1.73,4.32,2.47,6.73,2.03,1.0,4.41,2.0,1.63,-1.73,5.7,2.48,3.39,5.48,-1.0,3.25,5.51,3.58,6.42,0.52,3.39,1.0,4.9,3.49,0.65,1.94,4.71,6.0,3.0,6.0,0.32,3.65,6.7,4.91,5.5,,5.7,2.5,1.38,5.5,7.46,-0.3,,5.0,8.0,,-0.25,2.5,,2.5,5.5,0.99,1.78,2.37,84,0.5221103026,0.583638742
2021,12,Clemson,Connecticut,41.0,37,44,7,44.24,31.79,33.87,37.06,32.42,50.83,43.5,25.0,40.94,27.5,43.31,26.87,46.47,19.06,39.95,32.13,18.0,43.15,41.67,54.04,48.33,30.48,36.43,40.0,37.3,42.51,45.6,45.63,45.05,50.0,38.0,46.0,38.28,41.84,50.0,43.29,48.9,,46.3,41.0,44.17,32.85,50.69,23.64,,43.0,46.8,,44.45,31.5,,40.5,29.0,43.55,42.02,8.2,51,0.4765699296,0.9873189046
2021,12,Coastal Carolina,Georgia St.,13.0,-2,40,42,13.6,14.94,13.34,16.28,16.32,23.5,11.82,19.0,19.08,15.5,14.78,12.7,13.25,12.51,16.45,9.59,20.0,17.75,18.89,31.71,12.93,14.46,15.3,13.0,15.5,16.3,16.86,13.16,18.48,17.0,8.0,17.0,21.11,10.79,17.1,18.96,18.6,,16.2,13.5,22.18,18.4,2.02,1.13,,18.0,17.2,,16.51,16.0,,10.5,16.0,11.92,19.37,3.0,82,0.5845551666,0.8457280367
2021,12,Colorado St.,Air Force,-2.5,-14,21,35,-5.29,-11.69,-2.55,-4.22,-2.49,-7.82,-8.15,-8.0,-8.62,-9.0,-3.01,-13.35,-3.82,-6.3,-5.3,-2.45,-10.0,-3.85,-1.44,-17.25,-2.71,-9.82,-4.22,-10.0,-6.6,-5.0,-6.04,-6.2,-0.3,-3.0,-1.0,-4.0,-12.73,0.75,-7.2,-4.96,-5.2,,-6.6,-2.5,1.6,2.8,-12.1,-1.13,,3.0,-6.5,,-4.82,-0.3,,-2.5,-2.5,-9.31,-3.9,3.86,56,0.4319548548,0.3728045067
2021,12,Eastern Mich.,Ohio,6.0,-8,26,34,11.24,18.4,9.5,15.18,15.92,16.93,15.38,21.0,16.65,21.5,9.82,19.34,7.66,15.06,12.91,14.1,16.0,15.35,10.82,23.58,2.95,11.87,16.46,,13.7,13.7,13.73,10.84,16.09,7.0,7.0,9.0,19.19,5.39,9.1,17.52,9.4,,9.9,7.0,8.57,7.3,10.75,2.0,,10.0,11.7,,17.63,7.9,,6.0,1.0,9.13,17.27,4.69,60,0.661824908,0.7822817202
2021,12,Florida St.,Miami (Fla.),-2.5,3,31,28,-4.12,-8.37,-0.65,2.56,1.98,-1.72,-5.06,-6.0,-4.37,-7.0,-2.61,-10.52,0.01,-3.33,-3.0,-0.23,-6.0,-3.45,-1.84,-14.54,0.01,-6.98,2.1,-8.0,4.1,-3.3,-6.27,-5.13,-4.14,-4.0,-3.0,-2.0,-8.86,-5.7,-3.3,4.53,-3.8,,-2.8,-2.5,2.46,3.1,-4.74,-0.52,,1.0,-3.7,,-1.34,-3.3,,-2.5,-1.0,-8.41,-2.73,3.68,59,0.4877617195,0.426971505
2021,12,Fresno St.,New Mexico,24.5,27,34,7,22.08,16.21,19.88,24.69,22.73,31.54,24.35,19.0,20.93,19.0,22.68,13.69,21.35,16.96,22.62,20.96,17.0,23.75,25.56,38.67,22.93,21.32,21.13,22.0,19.2,22.48,21.75,20.51,26.06,22.0,25.0,26.0,27.39,21.36,24.7,23.5,24.4,,22.6,24.5,28.85,22.35,6.68,4.14,,27.0,21.4,,18.61,23.5,,24.5,5.0,27.79,27.43,4.3,41,0.4544956597,0.9154930685
2021,12,Georgia Tech,Boston College,1.0,-11,30,41,0.61,-0.7,1.97,-7.68,5.31,1.77,-0.85,-2.0,2.24,-1.5,2.17,-2.29,-0.4,1.8,1.79,1.59,-5.0,5.45,3.96,-0.58,0.19,-2.54,1.91,2.0,3.1,1.8,1.42,-0.27,4.28,0.01,-2.0,0.01,-0.2,1.45,1.8,3.43,1.7,,1.9,1.0,12.96,4.0,1.21,-0.34,,5.0,1.8,,4.78,3.3,,2.0,7.5,-1.51,6.4,3.37,71,0.5194134889,0.5439158288
2021,12,Indiana,Rutgers,7.0,-35,3,38,4.39,-0.9,4.61,-3.2,-0.01,4.78,1.92,-0.25,2.17,-1.5,5.02,-2.55,5.53,-2.87,3.68,3.46,-5.0,10.55,3.72,-0.13,8.82,8.58,0.38,1.0,2.9,3.59,2.76,4.98,5.76,12.0,8.0,6.0,-0.19,10.5,11.1,-0.32,5.5,,9.4,6.5,2.65,-0.7,-10.03,-0.27,,3.0,11.6,,3.75,4.7,,7.0,9.0,3.79,1.92,4.29,41,0.419998723,0.5885393191
2021,12,Iowa,Minnesota,4.5,5,27,22,6.9,7.76,5.84,5.54,5.0,10.47,5.9,7.0,4.43,7.0,6.04,9.55,7.87,6.35,7.3,4.73,3.0,7.45,8.47,16.67,4.9,9.75,7.4,10.0,4.2,7.0,9.06,8.29,6.68,11.0,7.0,3.0,11.41,4.96,8.5,6.44,6.9,,8.1,5.0,4.03,6.5,-20.32,2.05,,4.0,9.2,,7.95,8.4,,5.5,8.5,7.77,6.4,2.09,49,0.5694101986,0.6757756378
2021,12,Kansas St.,West Va.,6.0,17,34,17,4.24,6.1,5.74,5.65,9.32,0.77,3.63,5.0,0.97,7.5,3.63,8.86,8.02,9.42,5.33,4.69,-21.0,3.95,5.97,9.25,0.88,4.9,8.4,8.0,9.9,5.07,4.05,5.14,4.38,2.0,6.0,0.01,10.95,3.02,1.6,8.88,1.9,,1.6,6.0,11.39,7.4,15.42,1.22,,6.0,0.6,,6.7,4.2,,6.5,1.5,0.82,7.7,4.94,51,0.483927649,0.6257364512
2021,12,LSU,Arkansas,-3.0,-3,13,16,3.23,-5.17,4.48,-13.44,2.2,3.12,-1.53,-4.0,-2.24,-4.5,5.82,-6.75,2.51,-3.59,0.15,0.74,-7.0,5.05,2.6,-4.83,3.46,-0.63,0.01,-5.0,0.6,0.6,0.44,2.82,3.13,10.0,-3.0,4.0,-4.71,6.98,2.2,0.13,1.8,,1.5,-2.5,-3.34,-6.1,0.78,-1.16,,3.0,0.6,,2.44,-1.4,,-2.5,0.5,-0.46,1.4,4.26,29,0.5759911294,0.5036407395
2021,12,Louisiana Tech,Charlotte,7.0,10,42,32,5.6,-1.34,5.05,2.56,7.97,4.25,2.27,1.0,7.31,0.01,8.25,-5.98,8.46,1.16,5.87,6.88,-2.0,6.85,7.83,1.42,0.97,2.28,8.4,4.0,9.3,6.2,5.29,4.45,10.12,5.0,6.0,2.0,1.58,8.23,5.4,11.85,7.0,,7.3,7.0,20.9,14.8,12.99,-1.89,,10.0,8.0,,4.65,6.8,,7.0,12.0,-1.01,9.3,4.72,74,0.4728016372,0.6384912845
2021,12,Louisiana-Monroe,Arkansas St.,3.0,-3,24,27,2.97,14.29,0.79,8.41,5.85,4.11,9.47,16.0,6.13,17.5,0.27,18.69,0.01,12.61,4.92,9.29,6.0,2.15,0.5,10.38,2.98,7.66,7.85,13.0,3.4,3.75,4.68,2.87,1.21,-1.0,2.0,1.0,10.72,-4.07,-0.5,5.79,0.3,,-0.3,3.0,6.12,2.4,22.69,21.4,,6.0,0.01,,-2.52,1.3,,3.0,-4.0,0.53,5.06,5.46,51,0.5455255061,0.6152613195
2021,12,Louisville,Syracuse,3.0,38,41,3,3.86,2.5,4.47,-1.69,3.29,1.08,1.29,3.0,2.53,2.5,3.51,2.47,7.14,2.45,3.9,2.68,-4.0,2.35,3.3,5.04,1.53,3.31,4.05,4.0,2.9,3.52,4.36,5.26,4.6,7.0,3.0,3.0,4.88,3.31,6.1,4.29,5.3,,4.8,3.0,5.69,6.5,-3.7,0.92,,3.0,5.2,,6.33,5.0,,3.0,11.5,2.02,3.52,2.34,44,0.5223650528,0.5960197051
2021,12,Marshall,UAB,5.0,-7,14,21,6.32,5.44,6.19,11.11,5.97,12.13,8.43,6.0,11.71,5.5,6.25,2.06,8.62,5.3,6.97,8.15,3.0,9.05,4.62,11.38,12.89,2.02,9.42,5.0,8.1,6.22,5.8,5.45,6.56,8.0,4.0,3.0,6.14,2.29,5.1,12.28,7.3,,4.4,5.0,11.81,11.45,-4.29,1.95,,11.0,4.3,,0.37,3.4,,4.5,1.0,4.71,9.84,3.32,35,0.5483429455,0.6663259188
2021,12,Memphis,East Carolina,4.5,-1,29,30,3.2,-0.37,5.44,-0.83,1.13,-4.04,0.43,-0.25,-4.0,1.0,3.65,1.58,2.13,1.72,0.53,-0.46,-1.0,-4.45,5.54,0.17,-6.11,6.33,-3.99,-1.0,-1.9,0.19,0.49,3.95,4.32,3.0,8.0,0.01,1.51,4.99,-4.1,-6.83,0.01,,-3.0,4.0,9.72,-1.65,12.96,0.83,,-2.0,-3.8,,0.21,4.0,,5.5,9.0,1.27,-1.2,3.81,59,0.4039367607,0.5129488014
2021,12,Miami (Ohio),Buffalo,7.5,27,45,18,5.42,5.46,2.53,3.82,4.83,6.3,11.35,6.0,5.6,7.0,2.18,5.39,6.26,8.65,6.51,14.76,-2.0,6.25,4.95,9.58,15.47,0.19,7.9,,5.4,6.0,2.94,5.92,1.42,9.0,7.0,7.0,8.03,11.73,6.0,7.21,6.6,,7.0,7.5,11.27,15.55,-1.39,1.73,,6.0,7.7,,1.97,4.9,,7.5,0.01,4.32,2.53,3.87,63,0.4758418113,0.6548480249
2021,12,Michigan St.,Maryland,11.5,19,40,21,10.93,16.02,13.59,14.41,18.01,16.8,15.34,18.0,17.84,19.5,9.85,15.05,14.72,14.23,15.78,16.09,11.0,19.55,15.53,28.33,17.31,10.71,19.15,16.0,17.2,16.0,12.74,10.32,17.07,16.0,14.0,13.0,20.32,9.26,12.3,22.47,13.2,,11.7,12.0,22.35,17.6,27.55,2.34,,22.0,10.4,,16.58,12.6,,13.0,1.5,13.96,19.87,4.26,61,0.6027207939,0.831486924
2021,12,Middle Tenn.,Florida Intl.,10.5,40,50,10,18.02,17.34,13.58,19.42,18.69,18.23,21.79,20.0,19.3,20.5,17.13,16.28,17.44,16.12,18.15,19.81,15.0,26.05,14.9,17.46,21.45,10.21,18.56,20.0,13.4,18.06,17.52,17.37,17.88,19.0,8.0,21.0,13.34,18.93,18.0,20.5,16.8,,17.5,12.0,15.17,18.1,44.58,12.84,,24.0,17.6,,23.56,11.8,,10.0,13.0,20.16,22.03,3.41,60,0.6812403721,0.8681896378
2021,12,Mississippi,Texas A&M,-2.5,10,29,19,-0.36,2.24,-0.87,-1.36,3.54,6.88,-0.56,-0.25,2.71,0.5,-0.28,1.99,-0.74,1.72,0.74,1.5,-2.0,0.95,1.4,1.96,-4.21,1.43,3.6,2.0,1.5,1.41,0.41,-0.4,1.82,1.0,-1.0,-3.0,2.7,-2.87,-2.1,2.97,1.6,,-2.3,-1.5,6.15,2.0,16.05,0.51,,4.0,-1.4,,-1.52,2.3,,-2.5,-4.5,-4.12,2.23,2.5,48,0.5798917317,0.5183640899
2021,12,Missouri,South Carolina,-1.0,3,31,28,-1.1,-4.12,-0.88,-2.17,0.77,0.16,-7.11,-2.0,-4.94,-4.0,1.07,-3.68,0.2,-1.13,-1.47,-1.34,-4.0,-4.45,2.01,-9.63,-0.78,1.04,-3.98,-3.0,-3.3,-1.1,-1.11,-0.63,0.51,1.0,3.0,0.01,-4.18,5.67,1.5,-5.54,-0.8,,1.9,-1.0,-1.66,-4.9,-15.65,-0.55,,-3.0,1.5,,-2.17,2.1,,-1.0,2.0,0.2,-3.79,2.57,59,0.488341718,0.4635823974
2021,12,North Texas,UTEP,-1.0,3,20,17,-0.68,-5.75,2.71,-1.96,-2.35,3.64,-4.53,-5.0,0.48,-7.5,1.57,-9.11,-1.74,-6.64,-1.9,-2.95,-8.0,-1.75,2.79,-4.33,-1.91,-5.72,-6.69,-5.0,-3.0,-1.94,-2.57,-1.3,3.84,2.0,1.0,0.01,-6.37,4.08,1.3,-7.22,2.6,,-0.3,-1.0,-5.75,2.05,-4.12,-1.77,,-3.0,0.6,,-1.46,0.3,,-1.0,1.5,-2.58,-2.63,3.59,37,0.4779506636,0.4535332431
2021,12,Northern Ill.,Ball St.,-2.5,1,30,29,0.55,5.09,0.67,1.1,3.12,3.03,-1.83,6.0,2.32,7.0,1.35,6.59,-2.42,4.7,0.9,0.77,1.0,-1.65,1.48,5.63,-5.23,4.18,1.53,6.0,-1.2,1.05,1.1,0.69,1.24,-3.0,-3.0,0.01,6.44,-5.73,-2.6,-0.19,-0.8,,-3.9,-2.0,-0.24,2.0,5.34,0.86,,3.0,-3.2,,-4.41,-0.9,,-2.5,1.0,-4.8,2.85,3.26,59,0.5830900594,0.5221445194
2021,12,Ohio St.,Purdue,20.5,28,59,31,17.14,10.76,15.05,13.14,13.68,20.54,11.72,13.0,16.77,12.0,18.8,7.51,18.77,9.98,16.92,12.35,12.0,26.65,22.85,13.21,21.18,12.04,13.28,12.0,14.1,15.75,17.08,17.57,19.75,29.0,19.0,13.0,9.98,15.75,23.0,15.56,20.5,,23.5,20.0,27.57,15.3,4.31,0.63,,19.0,23.6,,18.09,15.5,,20.5,22.5,21.29,15.75,4.98,90,0.4148149023,0.8454182604
2021,12,Oklahoma St.,TCU,12.0,46,63,17,14.77,16.63,10.6,26.71,15.6,14.57,19.93,18.0,13.6,21.0,12.5,18.27,15.41,14.87,15.97,17.75,10.0,20.15,10.31,26.75,21.74,13.89,18.15,18.0,14.3,15.18,14.16,14.96,12.04,16.0,11.0,14.0,23.1,10.55,11.1,19.18,10.5,,11.5,12.5,17.92,16.0,13.97,2.79,,21.0,10.6,,12.73,9.9,,13.0,14.0,14.88,17.35,3.88,80,0.5959674546,0.8357646406
2021,12,Old Dominion,Florida Atlantic,-6.5,14,30,16,-7.16,-5.43,-5.18,-6.29,-4.01,-11.24,-5.73,-5.0,-3.96,-4.5,-6.85,-6.23,-9.07,-2.89,-6.05,-0.99,-7.0,-7.25,-9.05,-13.0,-6.52,-10.85,-4.73,-6.0,-5.1,-6.08,-5.0,-8.13,-8.12,-6.0,-6.0,-7.0,-6.07,-15.8,-10.5,-6.17,-7.0,,-11.3,-6.5,-5.28,6.75,-2.22,-1.44,,-3.0,-11.1,,-1.15,-6.8,,-6.5,9.0,-6.08,-4.8,4.09,46,0.5109494131,0.3560474574
2021,12,Oregon,Washington St.,14.0,14,38,24,11.35,12.08,9.36,15.52,8.58,13.78,8.87,14.0,10.96,14.5,10.55,12.68,11.08,9.51,11.33,8.0,11.0,3.75,13.35,25.5,5.27,9.33,10.04,14.0,9.4,11.2,12.53,13.28,13.37,12.0,16.0,8.0,17.84,11.19,12.8,10.08,14.1,,11.4,13.5,12.61,11.2,-17.98,2.59,,9.0,11.3,,10.46,16.0,,14.0,5.5,4.74,10.76,2.91,62,0.4342969267,0.7586779558
2021,12,Oregon St.,Stanford,12.5,21,35,14,5.18,7.72,5.25,18.8,8.43,8.91,4.7,11.0,12.26,10.0,6.36,5.28,7.58,8.85,7.72,5.44,5.0,7.75,7.21,11.96,5.83,4.97,7.8,9.0,5.7,7.67,7.61,4.24,7.88,7.0,12.0,3.0,10.52,5.89,11.4,8.86,7.8,,10.6,11.5,9.33,5.55,10.39,0.5,,12.0,11.0,,6.54,4.7,,12.5,-2.0,6.39,9.94,3.18,49,0.3839047508,0.6832595991
2021,12,Penn St.,Michigan,-1.5,-4,17,21,0.49,-5.69,-2.73,-2.64,-3.37,-1.23,-1.97,-4.0,-5.48,-6.0,1.21,-5.8,0.51,-1.8,-1.37,0.01,-6.0,2.55,-2.69,-2.25,0.01,-0.37,-2.38,-4.0,-5.3,-1.62,-1.43,0.82,-1.34,2.0,-2.0,1.0,-0.66,1.02,4.9,-4.33,-2.0,,3.5,-1.5,0.59,-6.05,-5.67,-0.7,,-2.0,3.7,,-2.15,0.01,,-1.0,1.5,1.13,-4.64,2.82,38,0.5032166326,0.466142022
2021,12,Pittsburgh,North Carolina,6.5,7,30,23,8.07,8.36,6.73,16.79,8.01,9.82,11.56,13.0,11.65,12.0,6.92,6.6,5.63,9.68,7.94,10.77,10.0,10.95,7.73,14.25,6.42,7.35,7.36,8.0,5.5,7.87,8.44,7.59,9.89,8.0,5.0,5.0,10.87,4.42,2.0,7.17,7.4,,3.7,6.5,8.74,3.45,11.45,0.68,,13.0,3.0,,7.73,4.4,,6.5,0.5,0.59,10.51,3.29,53,0.5353895993,0.6878525477
2021,12,Rice,Western Kentucky,-19.0,-21,21,42,-17.54,-11.83,-14.87,-15.21,-21.04,-25.95,-19.13,-14.0,-23.84,-12.0,-20.64,-5.36,-18.37,-10.68,-17.07,-16.38,-20.0,-27.05,-18.17,-24.08,-20.27,-4.29,-18.6,-14.0,-18.1,-17.15,-15.92,-13.93,-18.44,-13.0,-17.0,-17.0,-12.78,-7.07,-11.5,-25.3,-17.0,,-11.1,-19.0,-27.98,-17.9,-19.83,-2.35,,-27.0,-9.5,,-17.3,-13.0,,-18.5,-16.0,-18.61,-28.1,5.93,63,0.5453423641,0.1568676092
2021,12,SMU,Central Florida,7.0,27,55,28,2.68,4.11,4.86,3.77,6.03,3.99,2.14,5.0,5.21,4.5,3.3,3.52,0.19,4.3,4.08,4.24,4.0,4.45,8.25,6.67,2.95,4.71,4.08,3.0,1.6,4.17,4.26,2.26,6.95,4.0,9.0,2.0,5.27,7.83,2.5,4.34,2.4,,4.9,6.0,2.19,5.5,19.12,0.47,,8.0,3.6,,8.27,3.9,,7.0,-1.0,-2.69,6.28,2.16,83,0.4276892676,0.6005090475
2021,12,San Diego St.,Nevada,3.0,2,23,21,-1.16,0.63,2.55,2.54,-1.67,-5.42,-0.98,6.0,-7.36,6.5,-1.69,4.93,3.57,4.42,0.9,-1.65,1.0,-6.0,1.57,2.63,-3.0,5.69,2.21,6.0,2.6,1.39,1.77,-0.64,2.19,1.0,-3.5,-4.0,3.09,-0.82,1.7,-1.18,-2.6,,1.2,3.0,2.47,-3.3,0.56,0.21,,-1.0,2.6,,0.01,1.6,,3.0,10.5,1.12,-3.15,3.58,44,0.4486593515,0.5220529809
2021,12,San Jose St.,Utah St.,4.5,-31,17,48,-3.22,-9.59,-0.24,-2.82,-6.82,-3.43,-6.86,-6.0,-7.46,-7.0,-2.12,-10.75,-0.89,,-3.26,-3.22,-8.0,-4.45,-0.35,-13.96,-2.37,-1.94,-7.46,-9.0,-5.9,-3.22,-3.16,-2.84,-0.65,2.0,3.0,-1.0,-11.66,7.32,4.0,-8.4,0.9,,4.6,3.5,-2.6,-4.8,1.3,-1.52,,-7.0,5.3,,-1.45,1.5,,4.5,10.5,-3.22,-8.09,4.75,65,0.3197823794,0.4220165213
2021,12,South Florida,Cincinnati,-23.5,-17,28,45,-25.25,-28.06,-17.83,-31.41,-17.45,-25.56,-29.02,-29.0,-25.48,-29.0,-22.3,-29.44,-27.79,-12.43,-24.93,-21.74,-24.0,-22.45,-26.62,-48.08,-22.87,-23.21,-22.9,-24.0,-19.5,-25.35,-26.07,-27.07,-22.71,-24.0,-24.0,-26.0,-32.18,-20.21,-26.5,-25.87,-25.4,,-25.3,-23.5,-29.85,-21.15,-19.64,-25.03,,-22.0,-25.4,,-24.11,-26.5,,-23.5,-7.5,-32.87,-23.23,4.75,73,0.465611926,0.0662126495
2021,12,Temple,Houston,-24.5,-29,8,37,-23.85,-22.26,-18.26,-27.46,-22.51,-34.83,-26.27,-23.0,-30.94,-23.5,-26.41,-17.59,-27.87,-11.77,-24.54,-17.01,-24.0,-31.45,-23.11,-42.71,-34.35,-15.31,-26.49,-22.0,-23.0,-25.0,-24.49,-20.58,-24.33,-25.0,-22.0,-25.0,-26.83,-22.21,-27.2,-32.91,-26.9,,-25.0,-24.5,-20.47,-16.15,-44.28,-2.39,,-34.0,-26.8,,-26.93,-13.9,,-25.0,-5.5,-25.43,-31.94,6.09,45,0.4990614432,0.0744638411
2021,12,Tennessee,Georgia,-20.0,-24,17,41,-18.0,-18.08,-14.4,-25.79,-15.26,-17.36,-18.76,-26.0,-18.87,-30.0,-16.47,-17.64,-18.34,-10.77,-18.74,-19.07,-16.0,-21.35,-20.45,-17.0,-21.29,-17.01,-16.15,-18.0,-20.2,-18.82,-19.26,-19.23,-17.39,-19.0,-22.0,-20.0,-10.53,-16.49,-23.0,-21.59,-21.3,,-22.5,-20.0,-18.96,-14.5,-19.59,-12.47,,-18.0,-22.0,,-20.81,-18.0,,-20.0,-6.0,-23.02,-19.61,4.03,58,0.5306609411,0.12626995
2021,12,Texas,Kansas,31.0,-1,56,57,29.49,26.67,24.61,46.15,26.42,39.16,26.63,32.0,38.03,27.5,32.54,20.56,37.77,17.34,32.25,26.6,23.0,38.85,34.79,46.08,32.32,17.99,30.12,28.0,34.2,32.73,32.91,28.19,35.9,38.0,30.0,31.0,30.95,36.74,38.8,37.29,38.7,,36.1,31.0,35.81,33.0,47.78,14.2,,38.0,35.9,,37.26,24.5,,30.5,22.5,29.82,34.85,6.56,113,0.5290037414,0.9697653852
2021,12,Texas St.,Georgia Southern,2.5,-8,30,38,-0.2,3.83,1.15,4.53,4.29,-0.99,5.08,5.0,-0.82,6.0,-1.01,6.34,-0.55,7.17,1.56,5.66,2.0,-6.65,-4.18,4.33,1.79,-3.14,2.89,4.0,-0.3,1.21,0.68,-1.69,1.26,-7.0,1.0,3.0,5.29,-5.02,-2.0,0.31,-1.3,,-2.9,2.5,7.6,16.4,11.52,11.13,,1.0,-1.0,,-5.12,1.9,,2.5,4.0,-0.01,1.84,4.35,68,0.4772300447,0.5377524534
2021,12,Texas Tech,Iowa St.,-10.5,3,41,38,-12.64,-7.37,-10.3,-16.29,-13.08,-11.99,-13.88,-9.0,-14.26,-7.5,-13.45,-3.65,-14.19,-5.56,-12.3,-8.89,-10.0,-17.85,-8.82,-18.5,-15.39,-0.9,-13.83,-10.0,-12.4,-13.27,-11.89,-11.26,-9.6,-16.0,-12.0,-10.0,-11.8,-14.73,-16.6,-18.34,-13.5,,-14.7,-10.5,-13.89,-16.65,-24.14,-0.8,,-18.0,-16.0,,-19.21,-7.7,,-10.5,-2.0,-13.5,-16.49,4.49,79,0.4565568333,0.2279549689
2021,12,Texas-San Antonio,Southern Miss.,33.0,10,27,17,31.85,39.65,25.91,34.0,31.07,41.82,41.11,34.0,40.21,35.5,29.35,39.35,28.44,19.4,34.2,37.91,33.0,40.05,29.27,55.38,40.48,25.69,39.08,39.0,31.3,34.0,34.18,30.78,28.83,31.0,29.0,39.0,40.35,26.9,32.0,41.89,30.7,,31.4,33.0,35.8,29.35,29.4,27.39,,44.0,31.2,,31.99,24.5,,33.0,12.0,41.01,40.56,6.63,44,0.5278057169,0.9765953177
2021,12,Troy St.,Louisiana-Lafayette,-6.5,-14,21,35,-9.29,-9.18,-5.22,0.38,-3.41,-5.44,-14.5,-7.0,-4.94,-8.0,-5.68,-11.47,-14.02,-5.87,-8.53,-3.77,-6.0,-6.85,-7.43,-18.71,-13.0,-9.68,-10.45,-8.0,-10.6,-8.0,-8.34,-11.05,-5.51,-7.0,-7.0,-12.0,-15.06,-9.91,-12.8,-12.28,-7.3,,-11.9,-6.5,-8.67,-5.7,-9.39,-2.98,,-7.0,-13.5,,-6.69,-7.3,,-6.5,3.5,-9.44,-7.6,3.68,56,0.4504301002,0.3003272579
2021,12,Tulane,Tulsa,-3.0,-7,13,20,-2.26,-0.87,-2.98,-3.2,-2.74,8.21,-2.66,1.0,3.11,-0.5,-1.68,-3.0,-3.21,-4.74,-1.41,0.1,-4.0,2.75,-4.2,-3.54,2.89,1.75,-3.38,-2.0,-1.8,-2.0,-1.03,-2.71,0.54,2.0,-3.0,-1.0,-2.37,-0.39,2.2,-3.66,1.9,,0.2,-3.0,-5.64,-4.6,-10.73,-12.29,,-2.0,1.0,,-4.26,-3.4,,-3.0,-10.5,-0.6,-2.01,3.02,33,0.5391930511,0.4652319292
2021,12,UCLA,Colorado,17.5,24,44,20,12.69,10.75,11.76,15.9,14.41,14.28,13.48,13.0,9.73,13.5,12.89,11.31,14.0,13.11,13.92,14.0,9.0,14.15,21.15,26.46,14.84,8.17,14.23,14.0,13.6,13.79,12.25,12.15,16.04,15.0,17.0,10.0,19.74,8.78,13.8,15.5,13.5,,13.3,16.5,20.26,17.5,20.0,2.0,,16.0,12.7,,13.78,14.5,,17.0,2.5,12.31,14.35,3.25,64,0.4125724465,0.8048422368
2021,12,UNLV,Hawaii,-3.5,14,27,13,-1.01,-0.77,-2.45,-5.44,2.25,-0.84,-0.14,-6.0,2.67,-4.5,0.21,-2.62,-5.89,-2.57,-1.51,2.67,-5.0,-0.65,-3.05,-4.13,-0.41,-11.86,0.88,-1.0,0.8,-1.3,-2.17,-2.64,2.07,-2.0,-3.0,-2.0,-1.2,-3.38,-1.4,0.46,-3.1,,-2.0,-3.0,-0.76,2.3,-3.51,-0.51,,2.0,-1.7,,-1.66,0.8,,-3.5,-6.0,-3.69,2.05,3.22,40,0.5488879955,0.4628645392
2021,12,Vanderbilt,Kentucky,-21.5,-17,17,34,-24.34,-22.52,-17.27,-20.53,-19.67,-29.63,-25.17,-20.0,-28.18,-21.5,-24.63,-19.47,-24.92,-11.81,-23.21,-16.43,-20.0,-28.35,-21.82,-38.58,-24.83,-16.26,-21.11,-25.0,-20.4,-24.31,-24.27,-23.79,-22.83,-25.0,-19.0,-22.0,-25.7,-15.55,-28.6,-27.74,-24.6,,-28.8,-21.5,-26.34,-25.75,-30.22,-2.1,,-30.0,-27.1,,-27.17,-18.5,,-21.0,-7.5,-22.12,-26.46,4.83,51,0.4589580214,0.0809317142
2021,12,Virginia,Notre Dame,-6.5,-25,3,28,-9.08,-7.79,-2.67,-5.31,-3.32,-5.17,-10.06,-10.0,-4.58,-11.5,-6.39,-9.52,-8.41,-5.03,-6.38,-5.41,-5.0,-8.25,-2.15,-11.96,-10.42,-6.54,-5.33,-7.0,-5.4,-5.69,-4.82,-11.68,-1.8,-6.0,-6.0,-10.0,-7.31,-4.14,-7.4,-6.54,-5.7,,-5.4,-6.5,-0.01,-5.2,0.92,-11.38,,-3.0,-5.6,,-5.68,-4.0,,-5.5,1.5,-15.46,-3.89,3.15,31,0.5029580278,0.3467103329
2021,12,Virginia Tech,Duke,11.5,31,48,17,12.83,11.49,12.16,16.15,14.23,15.31,10.43,11.0,17.16,11.5,14.39,8.43,18.57,11.04,15.15,12.15,8.0,17.95,15.33,21.04,18.35,6.5,15.67,14.0,16.2,15.5,14.22,12.48,17.43,18.0,10.0,14.0,15.01,18.9,18.8,19.85,17.6,,17.5,12.0,18.42,14.2,25.66,2.19,,19.0,18.9,,18.72,7.5,,11.5,18.0,11.38,18.27,3.7,65,0.5885887277,0.8236604882
2021,12,Wake Forest,NC St.,2.0,3,45,42,2.04,6.1,1.3,-4.54,4.43,-1.87,1.09,5.0,3.83,6.5,1.67,7.32,4.99,5.29,2.82,2.81,2.0,1.65,2.55,4.58,-0.01,3.35,5.27,6.0,6.7,3.09,3.81,2.81,-0.93,4.0,3.5,-2.0,6.29,-1.02,0.9,5.43,2.8,,0.8,2.0,5.47,2.85,11.09,0.98,,4.0,0.9,,-0.18,3.6,,2.0,3.0,-1.14,3.28,2.62,87,0.520322788,0.5695644916
2021,12,Washington,Arizona St.,-6.0,-5,30,35,-2.31,-6.84,-0.01,-1.22,-1.57,-5.27,-2.89,-5.0,-3.26,-6.0,-1.44,-8.75,-1.64,-5.07,-3.03,-1.22,-7.0,-4.45,-3.64,-14.08,0.96,-1.6,-2.73,-5.0,-1.0,-2.89,-3.8,-2.9,-0.15,1.0,-4.0,1.0,-8.35,1.73,-1.3,-3.46,-1.8,,-0.9,-5.5,-7.86,-1.2,-11.51,-0.29,,-4.0,-1.5,,-7.02,-4.0,,-6.0,7.5,-5.76,-3.3,3.02,65,0.5729106573,0.4256334103
2021,12,Western Mich.,Akron,25.0,5,45,40,22.04,18.63,17.43,29.34,23.21,24.5,16.7,23.0,19.73,22.5,23.79,18.04,25.01,16.25,21.76,15.42,16.0,24.85,27.84,27.29,12.69,13.45,22.18,,22.9,22.5,23.79,23.01,25.71,20.0,28.0,18.0,20.72,20.71,20.4,24.93,20.8,,20.6,25.0,32.98,34.85,14.26,3.12,,25.0,19.2,,24.07,24.5,,25.0,0.01,23.79,27.53,5.72,85,0.4238597906,0.9014183182
2021,12,Wisconsin,Northwestern,25.0,28,35,7,20.87,23.77,17.9,37.21,21.44,25.23,25.42,18.0,28.26,20.0,20.29,21.36,21.04,15.96,23.66,20.81,14.0,25.55,22.32,43.83,26.95,13.46,24.22,28.0,22.8,22.95,21.23,19.46,21.73,23.0,22.0,20.0,31.25,27.48,24.3,27.5,24.6,,22.3,25.0,26.54,26.9,23.65,4.41,,29.0,22.8,,16.32,23.0,,25.0,13.0,22.9,27.81,4.91,42,0.4678620156,0.9227668308
2021,13,Akron,Kent,-13.5,-38,0,38,-12.74,-10.13,-8.47,-13.42,-4.49,-10.23,-13.31,-15.0,-6.09,-15.5,-11.19,-12.3,-11.49,-6.87,-10.4,-5.73,-13.0,-8.05,-11.58,-11.79,-6.04,-9.37,-7.6,-12.0,-6.9,-10.2,-12.63,-14.1,-11.53,-9.0,-15.0,-10.0,-8.16,-10.02,-11.4,-7.31,-10.1,,-12.2,-13.0,-13.73,-14.9,-15.55,-2.39,,-7.0,-9.9,,-13.68,-12.7,,-13.5,-8.5,-15.31,-10.16,2.93,38,0.5761404703,0.259713745
2021,13,Alabama,Arkansas,20.5,7,42,35,18.88,11.57,19.26,17.13,16.66,20.77,15.33,15.0,16.95,16.0,19.4,8.68,23.29,10.41,18.36,12.09,10.0,23.55,18.2,13.0,21.6,12.16,16.1,12.0,17.7,19.23,19.2,19.96,21.57,28.0,22.5,17.0,10.35,17.92,22.1,19.61,20.0,,20.5,20.5,18.86,19.3,19.94,1.23,,21.0,21.1,,23.29,22.0,,20.5,20.0,24.71,21.1,4.41,77,0.4483264429,0.8674439476
2021,13,Army,Massachusetts,37.0,16,33,17,36.03,36.38,30.33,43.07,31.2,41.65,37.91,39.0,46.65,36.5,36.32,30.85,39.07,18.91,37.23,33.27,30.0,42.85,37.65,42.0,43.83,27.19,32.81,37.0,36.3,38.19,38.46,34.97,37.42,45.0,36.0,39.0,31.87,34.67,41.5,40.51,41.4,,39.5,37.0,38.95,40.0,45.24,13.13,,45.0,39.0,,39.3,28.5,,37.0,22.5,43.85,42.34,5.98,50,0.5054093888,0.9859149594
2021,13,Ball St.,Central Mich.,-2.5,-20,17,37,2.0,0.5,2.89,-0.97,3.59,-6.09,1.21,1.0,0.26,0.5,1.96,0.63,3.44,2.92,1.27,3.16,-2.0,1.95,1.46,-2.04,0.48,0.01,4.04,2.0,5.3,1.52,1.65,2.37,1.59,3.0,3.0,-2.0,1.95,0.49,-0.7,4.27,1.3,,0.9,-1.5,-1.14,0.8,9.73,0.04,,2.0,0.3,,4.09,2.9,,-2.5,0.01,-4.13,2.09,2.16,54,0.593022609,0.5315929279
2021,13,Boise St.,New Mexico,27.5,37,37,0,29.71,25.37,25.44,29.44,30.44,34.03,33.7,21.0,33.49,23.5,30.28,21.01,30.39,17.93,29.3,27.23,18.0,33.65,30.23,47.63,30.88,21.93,27.94,30.0,28.4,29.86,28.93,27.58,31.8,30.0,26.0,31.0,34.11,27.53,30.4,32.95,32.2,,28.4,27.5,27.76,23.1,16.65,3.97,,36.0,28.1,,28.89,24.5,,27.5,17.0,33.94,35.93,4.87,37,0.5431629292,0.961184368
2021,13,Boston College,Florida St.,3.0,-3,23,26,2.25,4.34,1.4,6.82,-1.09,2.45,2.67,5.0,0.62,5.0,0.54,6.35,0.74,5.03,1.46,4.51,3.0,1.05,1.51,4.25,-1.12,9.9,-2.93,2.0,-5.0,1.4,2.57,3.73,2.83,7.0,3.0,0.01,4.55,3.34,1.1,-5.83,1.3,,1.3,3.0,-5.93,-2.05,-11.8,-0.22,,-1.0,1.4,,-0.46,2.8,,2.0,-1.5,0.54,-1.99,3.62,49,0.4623255739,0.5357226958
2021,13,Buffalo,Northern Ill.,-1.5,-6,27,33,-4.18,-7.51,0.56,3.69,-2.78,-1.21,-11.29,-7.0,0.23,-13.0,-0.01,-11.68,6.76,-6.3,-2.3,-6.16,-5.0,-4.25,1.92,-12.83,-1.12,-1.52,-4.53,-9.0,-0.7,-1.7,-0.52,-5.23,3.71,9.0,-1.0,-5.0,-11.02,3.89,2.0,-2.76,3.0,,1.8,-1.5,-2.06,-4.55,-1.42,-1.86,,-3.0,1.6,,0.33,-1.3,,-1.5,6.5,-3.47,-1.88,4.87,60,0.4807868081,0.4449168987
2021,13,Central Florida,Connecticut,30.0,32,49,17,32.41,25.79,22.88,29.66,23.86,41.05,30.87,31.0,30.61,32.5,32.06,23.19,36.19,18.35,30.74,24.76,20.0,31.15,32.45,37.83,35.09,26.61,27.1,33.0,28.4,31.23,31.53,33.56,33.44,38.0,29.0,31.0,27.46,28.66,37.6,31.81,36.4,,32.4,30.0,34.02,31.3,32.7,22.39,,31.0,34.0,,27.77,25.5,,30.0,21.0,34.82,30.77,4.96,66,0.517744546,0.9677198396
2021,13,Charlotte,Marshall,-14.5,-21,28,49,-13.27,-8.92,-10.74,-10.66,-12.5,-18.18,-13.67,-10.0,-19.25,-10.0,-14.13,-3.35,-19.36,-7.32,-13.65,-10.34,-12.0,-16.15,-16.64,-18.33,-10.66,-4.57,-15.53,-11.0,-15.8,-13.9,-12.8,-12.29,-14.29,-12.0,-15.0,-12.0,-10.13,-11.84,-15.6,-21.15,-17.2,,-15.2,-14.5,-23.27,-19.3,-39.21,-0.41,,-17.0,-15.9,,-15.34,-8.2,,-15.0,-6.5,-14.23,-17.39,4.43,77,0.5205664998,0.203767109
2021,13,Cincinnati,SMU,10.0,34,48,14,10.36,12.97,7.78,12.28,7.78,9.68,12.97,20.0,8.81,19.5,8.26,15.2,17.13,11.7,12.33,12.5,6.0,10.15,9.13,17.33,10.48,15.59,10.28,12.0,10.0,11.84,11.04,11.78,9.66,11.0,15.0,17.0,13.81,6.77,15.7,10.91,11.9,,14.7,10.0,15.36,12.1,26.05,22.98,,8.0,15.5,,8.8,14.5,,11.5,11.0,19.73,8.69,3.47,62,0.5570120933,0.7760259792
2021,13,Clemson,Wake Forest,3.5,21,48,27,2.29,-3.92,4.48,5.13,-1.79,-0.52,-0.62,-1.0,-1.94,-5.0,2.46,-4.98,1.17,-2.05,1.0,1.02,-6.0,1.85,2.31,-2.92,1.23,0.56,-4.21,-2.0,-4.6,1.13,2.09,3.49,6.61,8.0,4.0,4.0,-1.91,5.09,5.0,-5.14,4.1,,4.7,3.5,5.4,-1.1,-3.95,-0.49,,-3.0,4.5,,2.18,3.5,,4.0,13.0,1.09,-1.74,4.0,75,0.4393109386,0.5243548737
2021,13,Coastal Carolina,Texas St.,24.5,14,35,21,25.41,23.67,19.87,26.23,22.74,33.53,23.76,28.0,29.98,25.5,26.07,20.27,26.21,13.66,25.67,18.07,23.0,31.45,28.23,40.0,23.56,22.28,23.41,23.0,23.1,26.12,26.43,25.51,28.63,32.0,22.0,24.0,28.05,26.16,29.9,28.07,28.7,,28.8,24.5,25.4,16.75,41.25,2.7,,29.0,28.7,,27.16,24.0,,24.5,17.0,20.4,29.02,4.22,56,0.528390366,0.9409351884
2021,13,Colorado,Washington,-6.5,3,20,17,-6.69,-1.27,-6.8,-10.68,-5.94,-6.55,-6.98,-2.0,-4.56,-2.5,-7.44,0.51,-7.16,-3.63,-6.11,-5.02,-6.0,-10.05,-8.25,-9.67,-9.46,-0.27,-7.42,-3.0,-7.3,-6.62,-4.13,-5.93,-6.46,-8.0,-7.0,-5.0,-5.05,-4.36,-7.0,-9.57,-6.1,,-6.8,-6.5,-8.57,-8.9,-2.89,-0.54,,-6.0,-5.4,,-8.79,-3.8,,-6.5,-3.0,-10.11,-6.92,2.68,37,0.5096632994,0.3521509488
2021,13,Duke,Louisville,-20.0,-40,22,62,-14.77,-14.66,-12.67,-15.12,-14.79,-22.99,-18.21,-15.0,-22.88,-18.0,-15.31,-10.23,-20.71,-9.24,-18.18,-14.61,-13.0,-23.95,-15.91,-30.96,-26.42,-3.71,-20.04,-16.0,-17.6,-18.61,-15.98,-12.75,-15.98,-19.0,-19.0,-20.0,-19.12,-16.02,-22.0,-25.87,-19.3,,-19.2,-20.0,-28.65,-22.35,-9.95,-2.24,,-23.0,-19.5,,-22.94,-7.9,,-20.0,-12.0,-21.28,-23.07,5.46,84,0.5431657312,0.1394190806
2021,13,Eastern Mich.,Western Mich.,-5.5,1,22,21,-0.2,0.59,1.1,-3.67,1.52,3.68,2.29,2.0,3.25,-0.5,-0.51,-0.84,-0.87,2.0,1.06,6.74,1.0,3.65,-3.5,-2.29,6.28,-1.18,3.93,1.0,5.0,1.31,-0.01,-1.17,1.96,5.0,-7.0,4.0,0.57,0.43,3.6,4.56,1.8,,3.4,-4.0,-5.52,-10.25,-2.88,-0.26,,5.0,4.5,,0.6,-4.1,,-5.5,-6.5,1.67,0.71,3.49,43,0.6567474601,0.5259990886
2021,13,Florida Intl.,North Texas,-10.0,-42,7,49,-11.18,-11.16,-5.64,-12.48,-8.14,-10.34,-16.68,-12.0,-10.92,-15.0,-10.27,-11.29,-5.93,-8.74,-10.2,-11.13,-11.0,-16.25,-5.93,-6.54,-16.82,-5.69,-11.12,-11.0,-8.4,-10.66,-8.37,-9.8,-6.98,-9.0,-7.0,-14.0,-3.56,-12.72,-10.2,-13.23,-8.9,,-10.4,-10.0,-5.48,-13.25,-18.09,-11.24,,-13.0,-10.2,,-11.07,-3.7,,-10.0,-2.0,-17.5,-11.7,3.61,56,0.4950989388,0.2654745587
2021,13,Georgia Southern,BYU,-20.0,-17,17,34,-21.96,-22.08,-17.45,-24.28,-21.35,-19.0,-25.06,-22.0,-22.5,-25.0,-20.96,-21.84,-16.52,-12.01,-21.33,-18.51,-17.0,-23.05,-18.22,-42.29,-23.06,-14.76,-22.78,-22.0,-17.2,-21.84,-22.3,-21.76,-17.82,-18.0,-20.0,-26.0,-29.46,-11.34,-20.6,-26.15,-19.5,,-19.6,-20.0,-29.62,-24.15,-12.3,-4.56,,-25.0,-20.1,,-22.13,-18.5,,-20.0,-7.5,-21.84,-26.8,4.46,51,0.4678546058,0.097892206
2021,13,Georgia St.,Arkansas St.,16.5,8,28,20,13.12,18.2,8.36,17.75,12.12,16.02,19.06,20.0,18.05,20.5,11.37,18.28,10.49,13.74,15.88,15.38,,19.35,14.69,21.33,20.27,13.32,15.26,17.0,12.7,16.16,14.41,12.35,13.38,18.0,16.0,20.0,18.29,16.1,18.2,16.21,14.5,,16.6,16.5,14.4,17.45,3.77,3.05,,18.0,17.4,,16.08,13.0,,17.0,2.0,23.92,15.77,3.82,48,0.4848552455,0.8346133887
2021,13,Hawaii,Colorado St.,-2.5,5,50,45,-3.38,-3.19,-1.91,-4.83,-4.54,-6.21,-1.86,1.0,-7.7,1.0,-5.23,-0.76,-4.24,-0.97,-2.98,-1.17,-3.0,-1.85,-5.94,-3.0,-1.48,6.0,-5.83,-1.0,-6.6,-2.68,-2.22,-2.36,-0.17,-3.0,-2.0,0.01,0.16,0.17,-0.01,-8.34,-3.9,,0.4,-2.5,-5.51,-10.95,-4.86,0.0,,-10.0,0.8,,-4.49,-3.6,,-2.0,-0.5,0.44,-6.44,3.54,95,0.4882283923,0.4273142076
2021,13,Houston,Memphis,9.0,18,31,13,9.84,16.0,6.17,20.81,9.03,15.05,15.06,20.0,15.78,21.0,7.83,16.12,13.85,11.54,12.83,11.14,11.0,13.35,7.76,28.92,15.38,13.69,13.51,13.0,10.2,13.17,10.89,9.65,11.79,12.0,9.0,9.0,21.32,7.76,14.0,13.67,11.7,,13.5,9.5,3.87,14.8,17.07,2.03,,14.0,14.6,,7.25,7.7,,8.5,6.5,10.3,11.79,4.01,44,0.5924814952,0.7833757611
2021,13,Indiana,Minnesota,-7.5,-21,14,35,-7.9,-9.7,-7.08,-21.07,-8.85,-7.64,-11.71,-9.0,-12.14,-10.5,-7.29,-8.39,-9.91,-8.68,-9.16,-6.31,-12.0,-10.65,-6.56,-17.75,-8.28,-0.71,-10.08,-6.0,-11.1,-8.54,-6.92,-6.66,-6.55,-4.0,-5.0,-8.0,-13.56,-7.01,-8.3,-13.54,-8.0,,-7.7,-7.5,-10.49,-13.8,-33.13,-0.95,,-13.0,-6.6,,-11.34,-2.8,,-7.0,-1.5,-10.7,-10.57,3.75,49,0.4594714285,0.2872116473
2021,13,Iowa,Illinois,12.0,10,33,23,14.75,16.22,14.43,16.07,11.52,16.57,11.75,11.0,11.8,13.5,14.19,18.59,15.92,11.92,14.72,7.31,10.0,13.85,14.86,28.71,9.39,16.24,12.45,15.0,10.0,14.78,14.81,16.68,12.49,19.0,10.0,9.0,21.92,14.8,17.9,12.46,14.8,,17.2,12.5,14.03,12.0,6.84,1.94,,12.0,18.0,,18.98,15.5,,12.0,18.0,17.61,12.22,3.04,56,0.5668199218,0.818776266
2021,13,Kansas St.,Baylor,1.0,-10,10,20,-1.88,-3.2,0.12,-4.11,1.31,-5.85,-4.12,-3.0,-5.12,-4.0,-1.39,-2.16,0.49,0.9,-1.29,-0.38,-5.0,-1.05,-2.67,-4.29,-0.12,-1.78,-0.24,-2.0,1.4,-1.22,-1.91,-1.58,-1.93,-5.0,2.0,1.0,-0.97,0.77,-1.0,-0.51,-2.5,,-0.6,0.5,-0.94,1.5,8.69,-0.38,,-3.0,-0.7,,2.14,-1.4,,0.0,6.0,-3.22,-0.74,2.23,30,0.4432049093,0.467932025
2021,13,Kentucky,New Mexico St.,36.0,40,56,16,35.86,31.97,28.86,25.36,29.38,36.66,36.48,31.0,33.91,33.0,33.53,30.92,36.97,19.14,33.75,30.19,22.0,34.85,29.59,47.29,33.0,25.17,30.72,30.0,31.7,34.2,35.64,38.07,38.15,36.0,36.0,35.0,35.25,33.01,43.0,35.08,37.0,,41.7,36.0,37.67,38.8,31.44,14.83,,33.0,41.3,,34.48,28.5,,36.0,24.0,32.43,36.5,5.07,72,0.446298996,0.9785798364
2021,13,LSU,Louisiana-Monroe,29.0,13,27,14,28.72,16.45,27.73,16.38,23.66,30.89,24.59,18.0,29.97,16.0,31.8,9.18,33.58,14.26,27.5,22.84,11.0,37.45,29.06,36.71,35.13,14.07,25.32,18.0,23.3,28.89,27.95,27.78,30.04,40.0,28.0,37.0,22.55,34.47,35.2,31.87,33.7,,34.1,29.0,34.85,29.75,40.49,3.34,,32.0,33.2,,28.71,24.0,,29.0,18.0,35.5,31.15,7.83,41,0.4662302983,0.9398767256
2021,13,Liberty,Louisiana-Lafayette,4.5,-28,14,42,2.87,-0.93,2.28,7.28,10.02,0.68,-2.52,0.25,8.96,-2.5,6.38,-6.26,-0.01,4.36,2.42,7.0,1.0,4.55,2.76,-4.79,-3.31,-3.49,3.64,-1.0,2.6,2.44,2.03,1.25,5.23,1.0,4.0,0.01,-2.05,-0.39,-1.3,5.12,4.9,,-0.6,4.5,9.7,9.85,18.01,-1.67,,8.0,-2.4,,5.12,2.8,,4.5,8.0,-0.71,7.85,4.12,56,0.4495356675,0.5586578061
2021,13,Louisiana Tech,Southern Miss.,15.5,-16,19,35,16.15,14.78,12.08,13.47,16.16,17.54,17.63,17.0,16.65,16.5,16.65,13.77,14.98,16.26,15.24,18.58,10.0,14.25,13.89,14.83,11.66,9.99,18.68,16.0,16.7,15.21,15.54,15.19,13.92,10.0,16.0,15.0,11.64,11.53,11.4,21.08,13.0,,12.0,15.5,24.47,17.15,9.31,11.94,,20.0,12.2,,8.97,17.5,,16.0,9.5,15.22,19.56,3.48,54,0.4936174864,0.8258272874
2021,13,Maryland,Michigan,-15.5,-41,18,59,-16.11,-16.57,-17.59,-23.85,-18.13,-19.25,-18.87,-19.0,-20.92,-24.0,-15.5,-14.24,-20.85,-10.36,-18.08,-16.43,-16.0,-19.85,-18.91,-28.63,-17.14,-7.5,-19.8,-18.0,-21.9,-18.09,-16.46,-15.63,-18.04,-16.0,-15.0,-13.0,-18.21,-12.96,-14.0,-25.67,-18.2,,-13.2,-15.5,-19.28,-26.25,-25.22,-2.29,,-22.0,-11.0,,-23.68,-15.0,,-15.5,-8.0,-15.59,-22.89,4.63,77,0.4380039327,0.1371018766
2021,13,Miami (Fla.),Virginia Tech,7.0,12,38,26,5.18,7.33,2.61,1.97,3.73,6.87,6.31,7.0,8.15,7.0,4.62,6.89,5.68,4.02,6.36,5.35,1.0,7.25,5.04,12.96,7.87,4.93,4.5,9.0,2.6,6.88,6.24,5.18,8.16,8.0,6.0,8.0,9.81,10.02,9.6,3.24,7.7,,9.0,7.0,8.65,2.65,8.45,1.51,,7.0,9.1,,0.42,7.0,,8.0,3.5,9.78,6.11,2.49,64,0.4841152108,0.6538695247
2021,13,Miami (Ohio),Bowling Green,17.0,27,34,7,17.03,13.32,14.88,18.29,13.94,21.05,17.07,14.0,18.35,14.0,16.2,10.62,21.67,12.88,17.51,16.91,9.0,19.25,18.27,21.25,26.8,10.72,15.46,14.0,14.4,17.08,15.4,17.85,17.17,29.0,14.0,19.0,15.76,26.46,25.8,17.1,19.7,,24.6,17.0,10.92,17.7,9.16,2.23,,19.0,26.3,,14.67,15.5,,17.0,0.01,22.27,14.51,5.33,41,0.5121490614,0.8521550372
2021,13,Middle Tenn.,Old Dominion,4.0,-7,17,24,6.72,5.02,7.97,6.33,6.33,8.33,3.38,6.0,5.35,5.5,7.73,4.84,7.99,5.64,7.05,4.69,5.0,8.75,8.94,10.33,6.99,6.14,4.8,6.0,4.5,6.68,5.26,7.19,10.59,9.0,3.0,10.0,7.35,16.34,11.3,4.9,7.1,,10.6,4.5,6.63,3.8,23.49,0.79,,7.0,11.3,,8.67,3.9,,4.0,2.0,5.52,7.06,2.52,41,0.5752484636,0.6695272931
2021,13,Mississippi,Vanderbilt,35.5,14,31,17,35.08,35.25,25.57,35.09,31.02,48.64,39.63,36.0,41.36,36.5,34.53,31.96,32.73,18.69,35.76,28.86,27.0,41.45,34.67,58.08,39.29,29.41,31.05,38.0,31.0,36.15,35.58,33.8,35.23,39.0,34.0,38.0,40.85,32.34,40.0,36.98,38.1,,39.4,35.5,42.98,38.1,23.12,4.36,,42.0,39.1,,36.29,26.0,,36.0,14.0,39.48,39.03,6.35,48,0.5060662207,0.9817564629
2021,13,Missouri,Florida,-8.5,1,24,23,-5.92,-1.51,-7.6,-10.02,-8.49,-9.07,-0.97,-2.0,-9.33,-2.5,-8.94,2.69,-8.41,-3.11,-7.27,-2.95,-6.0,-6.35,-13.09,-11.79,-7.0,2.29,-10.02,-3.0,-12.9,-7.92,-7.83,-5.97,-10.29,-7.0,-10.0,0.01,-4.48,-2.22,-8.3,-14.76,-10.7,,-8.0,-8.5,-14.54,-16.05,-8.58,0.28,,-10.0,-7.0,,-10.71,-5.5,,-8.5,-11.0,-1.63,-10.41,4.63,47,0.5296449998,0.3301085534
2021,13,NC St.,Syracuse,11.5,24,41,17,13.98,11.7,11.17,17.87,11.44,13.45,15.64,11.0,14.31,13.0,12.6,10.29,14.95,10.72,13.77,12.29,8.0,16.15,9.33,24.54,13.91,9.64,13.3,13.0,11.2,13.68,12.04,14.53,15.87,16.0,10.0,10.0,18.34,16.97,16.4,15.02,14.6,,15.8,11.5,14.18,12.95,20.75,1.73,,16.0,16.2,,11.61,12.2,,11.0,11.5,9.53,14.59,2.52,58,0.5561556668,0.8041971796
2021,13,Navy,East Carolina,-4.0,-3,35,38,-3.95,-5.32,0.01,-9.06,-3.28,-10.49,-7.3,-7.0,-6.28,-8.5,-2.81,-4.8,-5.86,-6.32,-5.58,-3.61,-11.0,-5.95,-3.76,-12.83,-7.95,-0.42,-6.44,-3.0,-5.6,-5.73,-5.45,-3.63,-5.46,-3.0,-4.0,-4.0,-7.16,-5.6,-7.9,-8.82,-6.1,,-7.2,-4.0,-5.95,-9.35,-6.2,-0.28,,-5.0,-7.2,,-6.52,-3.3,,-4.0,2.5,-4.19,-5.25,2.81,73,0.4609619725,0.3646193546
2021,13,Nevada,Air Force,-1.0,-2,39,41,1.81,1.11,1.26,-0.44,1.79,0.94,3.35,1.0,3.02,0.01,0.95,0.01,-0.86,1.05,1.95,3.9,-1.0,6.25,1.0,1.96,4.93,4.35,0.01,1.0,-3.8,1.72,1.6,2.04,5.5,1.0,-2.0,8.0,1.65,8.77,3.1,-0.85,2.6,,4.5,0.0,3.92,-1.2,-9.6,0.84,,2.0,3.8,,0.53,3.4,,1.5,-2.5,3.28,2.18,2.55,80,0.5727916774,0.5482683019
2021,13,Northwestern,Purdue,-11.0,-18,14,32,-9.93,-14.87,-8.19,-21.28,-10.34,-12.69,-15.6,-12.0,-16.45,-15.0,-8.96,-14.02,-9.13,-7.94,-12.39,-9.57,-12.0,-10.95,-11.0,-30.13,-11.73,-9.16,-14.14,-14.0,-15.5,-12.0,-10.91,-8.51,-13.19,-3.0,-12.0,-12.0,-18.94,-11.09,-13.0,-16.8,-12.1,,-11.0,-11.0,-13.95,-16.9,-4.89,-2.82,,-16.0,-11.3,,-9.03,-9.9,,-11.0,2.5,-5.75,-15.77,4.11,46,0.4662258331,0.2249659653
2021,13,Notre Dame,Georgia Tech,17.5,55,55,0,22.55,26.64,16.43,29.16,19.47,22.22,26.65,26.0,21.62,32.0,19.26,29.34,24.2,16.57,23.03,20.25,16.0,24.75,14.72,40.38,27.38,23.78,22.0,29.0,20.1,22.11,21.82,24.22,17.83,26.0,18.0,22.0,32.96,17.59,22.0,23.07,20.2,,21.1,18.5,22.0,23.4,8.36,14.23,,23.0,20.2,,17.02,18.0,,17.0,6.0,32.05,21.81,5.09,55,0.6299552302,0.916441719
2021,13,Ohio,Toledo,-7.0,-12,23,35,-8.78,-8.35,-9.51,-13.11,-11.88,-12.51,-6.8,-10.0,-13.23,-11.5,-11.61,-5.73,-8.43,-7.47,-9.09,-3.81,-13.0,-8.95,-11.07,-15.33,-5.51,-3.03,-10.59,-10.0,-10.2,-9.69,-9.86,-6.99,-13.9,-5.0,-7.0,-1.0,-8.37,-1.89,-6.2,-14.21,-11.7,,-6.7,-7.0,-12.65,-12.65,-22.91,0.04,,-12.0,-7.9,,-14.22,-6.6,,-7.0,-3.5,-0.98,-14.91,3.76,58,0.4490275799,0.288687292
2021,13,Ohio St.,Michigan St.,19.0,49,56,7,17.08,7.45,12.5,17.22,12.63,16.11,12.38,12.0,16.81,9.0,19.06,2.41,18.86,6.59,15.3,10.73,8.0,23.95,13.81,6.33,20.9,8.12,11.61,11.0,15.6,15.75,15.83,16.85,15.66,26.0,18.0,15.0,5.94,17.89,23.7,15.34,19.5,,22.5,18.5,19.3,22.8,15.82,0.01,,19.0,22.6,,11.75,14.5,,19.0,21.5,18.65,15.94,5.4,63,0.4126851809,0.8192179886
2021,13,Oklahoma,Iowa St.,3.0,7,28,21,4.94,9.8,2.91,4.16,0.88,11.22,6.68,10.0,4.26,11.0,2.04,12.8,-0.36,4.91,4.85,3.1,5.0,3.65,3.15,10.88,4.61,16.4,-1.52,6.0,-0.8,4.52,4.54,7.08,5.48,5.0,8.5,11.0,9.08,3.4,4.4,-4.84,4.8,,4.5,3.0,0.46,-10.45,-2.19,1.66,,1.0,4.7,,1.55,3.5,,3.5,10.5,14.35,1.55,5.14,49,0.5441392471,0.614341389
2021,13,Oregon St.,Arizona St.,-3.0,14,24,10,-2.61,-1.4,0.8,0.67,1.51,-0.01,-3.67,-2.0,2.22,-3.0,-1.65,-3.35,-3.24,-0.39,-1.55,-0.76,-4.0,-1.95,-2.6,-8.08,-1.21,-0.73,-1.63,-1.0,-1.1,-1.52,-0.71,-3.07,-0.32,-1.0,-3.0,-3.0,-3.64,0.22,0.3,-2.07,-1.7,,0.7,-3.0,-2.93,-2.4,-5.69,-0.4,,1.0,1.0,,-4.76,-3.5,,-3.0,-2.5,-4.9,0.88,1.75,34,0.5361705119,0.4613425397
2021,13,Penn St.,Rutgers,14.0,28,28,0,14.42,10.29,14.67,13.98,13.08,19.52,11.22,9.0,13.48,10.5,14.93,8.57,16.29,11.37,15.29,11.59,7.0,20.75,12.0,23.33,16.83,10.44,12.9,12.0,15.2,15.26,13.02,15.39,16.04,20.0,18.0,14.0,16.92,14.63,21.4,15.33,16.3,,18.6,14.0,24.0,14.8,3.55,1.48,,16.0,20.0,,16.23,17.0,,17.5,18.5,16.78,15.46,3.56,28,0.5315986002,0.8263371292
2021,13,Pittsburgh,Virginia,14.5,10,48,38,9.51,8.11,5.48,19.32,9.94,14.54,12.48,12.0,11.97,12.5,8.73,6.03,7.56,9.39,10.52,11.0,9.0,14.95,6.88,13.67,11.73,6.19,7.71,8.0,7.4,10.43,7.92,8.98,12.15,12.0,11.0,13.0,11.45,11.08,9.4,8.62,10.6,,8.7,13.5,10.46,13.0,-0.93,0.11,,13.0,8.9,,11.79,7.3,,14.5,14.5,14.84,10.39,2.92,86,0.4026125827,0.7427323016
2021,13,South Carolina,Auburn,-7.0,4,21,17,-9.66,-7.33,-7.66,-11.27,-7.87,-11.26,-7.24,-6.0,-11.47,-5.5,-11.14,-5.11,-9.17,-4.94,-9.46,-7.38,-9.0,-11.45,-9.71,-20.29,-15.1,-3.51,-7.94,-6.0,-9.8,-9.68,-9.49,-9.3,-9.89,-8.0,-10.0,-11.0,-10.96,-11.47,-12.1,-10.34,-11.4,,-10.7,-7.0,-8.29,-12.05,-10.03,-1.53,,-11.0,-10.9,,-8.88,-4.9,,-7.5,-4.5,-16.99,-10.54,2.85,38,0.4393843024,0.2787496121
2021,13,Stanford,California,-2.0,-30,11,41,0.8,3.24,-0.24,-12.42,-0.5,-1.72,-0.01,2.0,-2.64,4.0,-0.65,6.4,0.01,1.77,0.24,2.06,-2.0,1.05,0.56,2.29,-4.19,4.92,0.71,4.0,0.3,0.41,0.51,2.63,-0.28,1.0,-4.0,-2.0,4.42,1.43,-2.2,-1.46,-0.1,,-2.0,-1.5,-2.53,-1.95,-1.36,1.43,,-2.0,0.6,,0.79,2.8,,-1.0,6.5,-2.63,-1.44,3.2,52,0.5550108938,0.5059126115
2021,13,TCU,Kansas,21.5,3,31,28,19.0,15.1,15.89,28.42,16.37,27.93,17.15,20.0,21.78,18.5,19.89,11.49,22.63,13.42,20.51,17.61,14.0,25.15,23.85,25.38,17.9,14.64,17.01,16.0,18.9,20.33,19.05,19.04,22.82,21.0,23.0,21.0,17.8,25.64,28.2,20.67,25.7,,25.6,21.5,22.92,22.05,12.31,2.03,,22.0,24.8,,20.82,16.5,,21.5,16.5,22.34,19.63,4.17,59,0.4759517761,0.8942748665
2021,13,Tennessee,South Alabama,28.0,46,60,14,22.23,17.36,20.87,9.57,19.28,25.03,23.7,17.0,25.66,18.5,22.37,12.89,25.48,14.33,21.76,20.51,8.0,30.15,18.6,35.67,26.72,15.58,20.37,19.0,18.8,21.48,22.25,21.46,23.15,26.0,27.0,27.0,23.97,15.91,22.6,24.14,23.0,,21.5,27.0,30.0,18.4,41.77,3.72,,26.0,21.4,,19.95,17.5,,28.0,18.0,30.41,26.73,4.92,74,0.3536589992,0.904783328
2021,13,Texas Tech,Oklahoma St.,-10.0,-23,0,23,-14.02,-12.78,-10.04,-24.47,-12.95,-15.15,-17.05,-16.0,-16.6,-19.0,-13.23,-10.72,-16.08,-7.38,-14.11,-11.29,-12.0,-18.15,-8.33,-20.42,-19.29,-7.75,-15.21,-13.0,-13.7,-13.98,-13.47,-13.65,-10.75,-17.0,-10.0,-11.0,-13.75,-14.43,-14.8,-18.84,-14.0,,-14.1,-10.5,-10.55,-11.7,-18.44,-1.45,,-20.0,-14.4,,-17.5,-4.7,,-10.5,-8.5,-13.95,-17.6,3.84,23,0.4006564197,0.1938127239
2021,13,Texas-San Antonio,UAB,4.5,3,34,31,7.66,14.26,6.26,13.98,7.5,8.53,12.65,15.0,9.62,16.5,5.71,16.74,4.08,11.46,9.25,11.1,11.0,8.05,4.82,21.08,10.45,9.21,9.45,12.0,8.0,8.05,8.04,7.78,7.26,4.0,3.0,8.0,16.48,3.98,6.1,9.24,5.8,,6.4,5.5,5.85,12.5,-2.57,13.59,,10.0,6.0,,7.74,6.6,,4.5,2.0,7.96,9.88,3.5,65,0.6149362725,0.7153344809
2021,13,Troy St.,Appalachian St.,-10.0,-38,7,45,-13.5,-12.95,-9.9,-7.74,-12.69,-10.42,-13.36,-11.0,-13.48,-14.5,-13.36,-12.67,-15.97,-9.09,-12.59,-10.49,-10.0,-13.85,-10.5,-28.33,-14.45,-9.55,-14.28,-13.0,-13.7,-12.67,-12.31,-13.73,-11.66,-8.0,-10.0,-16.0,-18.7,-10.0,-12.1,-16.81,-12.1,,-10.8,-10.5,-12.37,-10.2,-18.76,-2.5,,,-11.0,,-11.87,-9.0,,-10.0,-1.5,-13.82,-14.67,2.89,52,0.4362393446,0.2176236997
2021,13,Tulane,South Florida,5.5,31,45,14,2.72,0.85,4.48,4.02,1.37,4.33,-1.33,3.0,4.85,2.0,3.87,-1.32,8.79,-1.49,3.5,1.69,-2.0,3.55,4.86,1.96,3.69,5.75,1.35,3.0,2.5,3.18,4.4,3.37,6.67,9.0,5.0,3.0,1.98,7.03,6.8,1.2,6.7,,5.8,5.5,9.53,2.75,3.85,-10.11,,1.0,6.5,,1.59,2.7,,5.5,-1.0,5.12,2.18,2.75,59,0.4506004183,0.5859943841
2021,13,Tulsa,Temple,22.0,34,44,10,18.14,10.57,20.31,16.31,20.54,22.08,15.01,12.0,19.63,14.5,22.26,5.68,23.46,13.16,19.36,14.38,9.0,24.55,21.76,19.71,24.56,8.85,20.38,16.0,20.6,20.57,18.49,15.59,22.56,25.0,22.0,22.0,15.15,23.06,24.0,25.22,21.6,,22.9,22.0,23.23,21.05,11.54,1.23,,26.0,23.7,,25.2,13.6,,22.0,11.5,18.76,25.1,5.36,54,0.4374012638,0.8760467549
2021,13,UNLV,San Diego St.,-11.0,-8,20,28,-12.26,-20.19,-10.34,-17.67,-8.02,-11.96,-13.89,-18.0,-12.64,-20.5,-9.52,-24.26,-18.34,-9.95,-13.61,-6.6,-16.0,-8.85,-14.22,-33.75,-7.93,-23.32,-11.73,-17.0,-9.2,-12.33,-13.56,-14.5,-11.27,-12.0,-11.0,-10.0,-23.82,-10.55,-12.0,-12.61,-14.2,,-12.6,-11.0,-12.4,-6.25,-21.68,-2.84,,-8.0,-12.4,,-11.85,-9.6,,-11.0,-17.0,-15.15,-9.77,4.66,48,0.4373235366,0.205356016
2021,13,USC,UCLA,-3.5,-29,33,62,-1.09,-1.0,-1.18,-0.01,-2.43,-7.81,-4.69,-2.0,1.7,-6.0,-0.71,-2.45,-1.48,-3.79,-1.84,-3.04,-5.0,-2.25,1.05,-10.58,-6.62,-0.01,-2.64,-3.0,-4.5,-1.33,-0.93,0.5,1.9,1.0,-3.0,-6.0,-5.34,5.32,-0.4,-3.25,-0.9,,-0.8,-3.5,1.38,-0.55,-21.22,-0.37,,-3.0,-0.3,,-0.16,0.4,,-3.5,7.5,-5.93,-2.65,2.95,95,0.5409430193,0.454635622
2021,13,UTEP,Rice,9.5,10,38,28,8.92,9.1,6.88,15.44,12.54,10.53,12.51,11.0,10.04,12.0,9.04,8.6,9.29,12.93,10.76,12.79,11.0,12.55,9.39,10.42,12.2,11.32,13.13,12.0,12.0,10.53,8.38,7.28,10.31,9.0,6.0,9.0,11.72,,5.9,16.02,7.5,,7.5,9.5,16.51,13.45,27.18,1.02,,15.0,6.4,,10.16,4.4,,9.5,11.0,9.76,13.74,2.81,66,0.5311487986,0.7477557686
2021,13,Utah,Oregon,3.0,31,38,7,0.33,-1.62,3.26,3.29,3.22,0.66,-0.14,-1.0,2.48,-4.5,1.68,-3.82,5.02,1.08,2.61,2.87,-2.0,8.25,3.94,-3.38,5.05,-1.76,3.08,1.0,2.0,2.83,0.61,-1.02,4.1,7.0,2.5,1.0,-0.35,6.28,4.8,4.32,2.3,,5.8,3.0,3.68,7.55,15.48,-1.12,,7.0,6.9,,5.72,1.8,,3.5,7.0,2.79,2.73,3.08,45,0.490379831,0.564108929
2021,13,Utah St.,Wyoming,6.0,-27,17,44,7.22,12.95,6.53,10.28,10.44,13.07,13.84,12.0,9.5,14.5,5.38,14.81,4.16,11.86,9.99,11.84,8.0,14.65,5.38,21.21,13.91,12.19,10.58,13.0,8.3,10.15,9.02,6.19,6.15,8.0,7.0,10.0,18.75,5.16,6.8,10.49,5.1,,7.9,6.5,7.81,9.85,9.21,2.43,,17.0,7.5,,11.14,4.5,,5.5,-8.0,16.74,11.88,4.45,61,0.5956135459,0.7277204497
2021,13,Washington St.,Arizona,14.5,26,44,18,15.34,19.1,12.72,21.3,14.24,12.98,21.07,17.0,14.37,18.5,12.45,21.64,15.7,15.94,16.03,15.05,11.0,16.75,15.88,25.83,15.63,17.7,13.34,17.0,12.6,15.51,16.03,15.7,14.92,17.0,14.0,14.0,22.04,14.59,13.5,13.93,14.2,,14.2,14.5,15.94,11.75,16.16,2.6,,17.0,13.4,,18.32,15.0,,15.0,13.5,17.67,15.39,2.6,62,0.5378893947,0.8405113363
2021,13,West Va.,Texas,2.0,8,31,23,-1.11,0.99,-3.7,3.64,-1.12,1.8,3.8,2.0,0.32,0.5,-3.22,1.35,-4.47,1.45,0.36,4.63,-2.0,3.15,-2.01,-0.96,7.0,6.43,-1.73,1.0,-3.0,-0.53,-1.53,-1.75,-2.09,-2.0,1.0,8.0,0.34,-0.11,2.8,-3.76,-1.8,,3.7,2.0,-1.44,-5.45,2.4,0.45,,-1.0,3.6,,-3.84,-1.5,,3.0,4.5,7.01,-1.91,3.46,54,0.459797132,0.5088392866
2021,13,Western Kentucky,Florida Atlantic,11.5,35,52,17,9.82,9.47,9.63,5.62,11.56,10.46,14.7,10.0,12.1,11.0,9.39,8.06,7.56,12.08,11.31,15.11,9.0,17.75,7.86,17.13,15.92,3.07,9.61,11.0,9.6,10.58,9.32,8.15,10.17,11.0,10.0,16.0,13.52,5.05,9.7,9.91,8.8,,8.4,11.5,14.75,20.05,20.13,1.64,,15.0,7.8,,13.12,10.7,,10.5,16.0,14.43,13.58,3.58,69,0.4953422932,0.7564704169
2021,13,Wisconsin,Nebraska,9.5,7,35,28,13.41,13.05,9.01,21.66,9.39,7.77,18.87,13.0,7.45,16.0,9.29,16.06,11.55,13.01,11.9,12.34,7.0,8.35,5.09,21.42,14.9,11.94,10.4,17.0,9.4,11.48,10.2,14.46,7.33,12.0,9.5,13.0,21.55,12.08,12.6,8.88,9.0,,11.4,9.5,4.65,8.9,11.5,3.52,,11.0,11.8,,6.91,8.1,,9.5,8.5,22.13,8.49,4.07,63,0.5582146039,0.7661170309
2021,14,Air Force,UNLV,18.0,34,48,14,17.24,23.7,16.0,25.34,15.84,22.95,16.86,22.0,22.05,22.0,15.92,24.58,21.52,15.96,19.38,12.99,16.0,15.85,20.51,37.08,13.32,25.43,18.57,,18.9,18.57,18.58,18.71,16.55,22.0,20.0,12.0,27.87,14.82,18.5,20.01,21.2,,18.4,18.0,16.78,21.15,10.92,2.56,,18.0,17.8,,16.05,16.5,,18.0,20.5,13.73,17.05,3.72,62,0.5337250478,0.8827012993
2021,14,Appalachian St.,Georgia Southern,24.5,24,27,3,24.43,26.81,21.96,29.63,26.46,30.28,24.88,27.0,28.95,28.5,25.13,25.67,23.88,17.78,26.66,19.31,21.0,27.45,25.54,48.21,29.46,19.86,24.95,,23.1,26.07,25.66,23.58,27.94,25.0,24.0,29.0,34.42,23.05,27.2,27.9,27.1,,25.3,24.5,27.97,30.75,30.26,4.06,,31.0,25.5,,25.91,23.5,,24.5,21.0,26.07,30.06,3.51,30,0.5528484779,0.9494821693
2021,14,Arizona St.,Arizona,20.0,23,38,15,18.8,21.71,17.4,30.26,17.0,21.99,19.05,21.0,17.83,21.0,17.31,23.81,23.58,17.14,20.47,16.53,16.0,21.45,23.37,35.08,14.08,17.62,19.26,,16.9,20.15,20.9,20.31,20.58,21.0,21.0,11.0,27.6,20.78,20.1,19.82,21.2,,19.8,20.0,23.71,18.1,36.73,2.62,,19.0,19.4,,21.62,24.5,,20.5,15.5,19.88,20.15,3.36,53,0.5115534387,0.8964328211
2021,14,Arkansas,Missouri,14.5,17,34,17,9.91,11.38,8.3,23.01,11.02,18.97,13.25,15.0,16.17,13.0,9.37,8.79,13.73,11.05,14.81,15.64,7.0,20.65,15.73,25.46,20.68,8.82,13.95,,15.4,15.0,11.28,8.99,13.37,17.0,16.0,17.0,17.19,14.11,17.8,16.19,15.0,,17.1,14.5,16.09,22.25,12.72,1.86,,16.0,17.3,,15.72,9.6,,14.5,8.5,14.21,14.15,4.05,51,0.5075488842,0.8170152961
2021,14,Arkansas St.,Texas St.,2.5,-2,22,24,5.56,0.01,3.4,1.97,2.88,3.75,2.29,1.0,1.91,0.01,6.21,-0.92,4.29,1.53,2.55,3.68,-3.0,5.45,2.49,2.67,4.59,5.84,0.4,,1.9,2.49,2.42,6.31,4.01,8.0,2.0,4.0,2.33,7.07,2.1,0.42,3.4,,3.2,2.5,-2.04,-14.65,8.55,0.1,,4.0,1.4,,2.22,3.2,,2.0,6.5,1.22,2.05,3.51,46,0.5012268777,0.5623152718
2021,14,Auburn,Alabama,-20.0,-2,22,24,-13.16,-11.07,-10.65,-13.86,-9.27,-14.64,-15.82,-12.0,-10.8,-15.5,-11.1,-11.22,-15.14,-6.91,-13.07,-6.06,-11.0,-16.15,-12.0,-10.83,-17.24,-12.1,-11.83,,-11.9,-13.0,-12.68,-14.04,-12.7,-14.0,-18.5,-17.0,-7.71,-10.52,-15.0,-14.95,-12.6,,-14.4,-18.5,-12.49,-14.2,-12.14,-1.25,,-13.0,-14.4,,-16.47,-13.5,,-19.5,-12.0,-22.44,-13.11,2.87,46,0.6662564577,0.2089052404
2021,14,Ball St.,Buffalo,6.5,17,20,3,8.15,7.48,5.0,3.68,6.55,4.71,13.43,8.0,4.05,9.0,4.47,9.33,5.7,9.25,7.12,14.22,1.0,10.35,5.42,11.17,8.04,4.02,8.37,,7.6,7.2,4.38,9.51,3.28,5.0,6.0,9.0,10.69,8.84,5.6,7.38,4.1,,7.2,6.5,8.57,8.1,1.18,1.85,,8.0,7.0,,6.84,7.0,,6.5,2.0,4.3,5.61,2.71,23,0.5153553295,0.6708004684
2021,14,Baylor,Texas Tech,14.5,3,27,24,15.33,16.15,11.73,24.9,15.16,19.97,20.25,20.0,19.76,20.0,14.59,14.21,14.57,12.74,16.19,12.3,13.0,17.85,13.15,26.88,16.09,12.69,15.35,,15.5,15.35,15.08,14.25,14.26,19.0,13.0,14.0,20.45,14.87,15.5,16.73,16.4,,14.5,14.5,18.18,15.45,18.81,2.05,,20.0,14.9,,17.19,13.1,,14.5,5.0,15.03,18.06,3.27,51,0.5415214502,0.841071149
2021,14,Boston College,Wake Forest,-4.5,-31,10,41,-7.59,-10.89,-3.45,-1.9,-6.88,-3.77,-7.76,-10.0,-9.12,-14.5,-7.46,-11.83,-9.78,-6.01,-7.04,-5.15,-9.0,-2.75,-4.68,-20.42,-1.85,-6.79,-10.39,,-10.3,-6.88,-7.69,-7.66,-3.25,-3.0,-5.0,0.01,-14.42,-1.73,-4.6,-12.69,-6.9,,-3.9,-4.5,-6.79,-5.5,-10.12,-1.61,,-9.0,-4.4,,-9.34,-4.5,,-5.0,-1.0,-3.3,-8.62,3.57,51,0.4379774392,0.332633539
2021,14,Bowling Green,Ohio,-6.0,11,21,10,-6.58,1.04,-3.53,0.35,-0.29,-3.42,-4.37,2.0,-1.89,2.5,-6.5,2.62,-10.54,1.44,-4.41,-3.46,-1.0,-7.05,-4.68,0.54,-12.81,2.82,-1.85,,0.6,-3.46,-2.23,-7.64,-2.53,-13.0,-6.0,-13.0,1.25,-12.91,-14.3,-2.8,-5.0,,-12.5,-6.0,0.36,-3.6,-15.34,-0.6,,-4.0,-12.0,,-0.74,-3.1,,-6.0,-6.5,-14.39,-0.61,5.19,31,0.5379250081,0.3958644592
2021,14,Central Florida,South Florida,18.5,4,17,13,17.72,18.4,12.27,24.97,12.56,17.1,18.45,21.0,17.07,19.5,16.35,19.11,17.75,14.75,16.91,10.48,14.0,15.25,15.01,28.63,12.76,15.06,14.12,,13.7,16.35,16.14,18.85,17.31,20.0,14.0,13.0,22.25,16.15,15.7,14.96,17.6,,14.3,18.5,22.73,22.55,16.83,3.3,,15.0,14.9,,13.01,17.5,,18.5,10.0,19.88,15.91,3.28,30,0.4609289668,0.8515831623
2021,14,Central Mich.,Eastern Mich.,8.5,21,31,10,5.86,4.05,4.17,10.17,3.91,9.36,12.62,5.0,4.94,5.0,3.28,3.56,1.95,4.41,6.38,5.85,1.0,9.15,8.92,11.63,10.68,7.46,2.04,,-0.4,5.85,4.36,5.66,4.17,9.0,9.0,12.0,6.63,9.2,9.4,0.95,4.9,,8.4,8.5,8.1,7.35,2.14,0.99,,7.0,8.4,,2.92,7.0,,8.5,5.0,11.25,4.32,3.06,41,0.4478331119,0.6534497047
2021,14,Colorado St.,Nevada,-4.0,-42,10,52,-7.74,-12.61,-3.03,-2.9,-3.79,-10.73,-13.59,-11.0,-11.54,-12.5,-4.34,-13.19,-1.35,-6.87,-6.99,-7.04,-11.0,-10.15,-3.78,-20.63,-9.01,-10.79,-2.99,,-3.2,-6.87,-7.54,-8.31,-4.33,-3.0,-5.0,-12.0,-13.25,-6.98,-6.6,-5.04,-7.0,,-7.2,-4.0,-2.09,0.45,-4.29,-1.54,,-1.0,-6.1,,-6.06,-3.4,,-4.0,2.0,-13.38,-6.09,4.19,62,0.4277503484,0.3351549883
2021,14,Connecticut,Houston,-32.5,-28,17,45,-32.68,-31.0,-23.34,-34.66,-23.92,-43.58,-37.38,-34.0,-33.95,-36.0,-30.63,-29.41,-33.05,-13.12,-32.2,-25.47,-30.0,-35.05,-34.9,-49.63,-40.58,-27.23,-29.24,,-27.2,-33.05,-32.05,-32.88,-30.33,-34.0,-31.0,-35.0,-32.06,-27.71,-37.9,-34.8,-34.8,,-34.0,-32.5,-32.02,-38.5,-42.17,-22.14,,-34.0,-35.0,,-29.57,-25.5,,-32.5,-13.5,-37.82,-32.61,5.94,62,0.5070604963,0.0287369873
2021,14,Duke,Miami (Fla.),-21.5,-37,10,47,-16.81,-17.81,-11.66,-15.36,-14.29,-24.11,-17.64,-20.0,-23.9,-20.0,-17.81,-14.53,-20.34,-9.09,-19.37,-10.87,-15.0,-24.25,-20.28,-33.29,-25.34,-4.94,-17.78,,-16.4,-20.0,-18.78,-15.48,-19.01,-19.0,-21.0,-21.0,-20.71,-24.1,-26.1,-21.93,-21.7,,-24.1,-21.5,-25.11,-17.3,-18.39,-2.61,,-23.0,-25.2,,-20.64,-13.0,,-21.5,-14.5,-23.85,-22.23,5.21,57,0.5507246741,0.12314595
2021,14,East Carolina,Cincinnati,-14.0,-22,13,35,-15.12,-16.5,-12.77,-14.26,-10.15,-17.57,-17.15,-19.0,-14.99,-21.0,-12.96,-17.31,-13.59,-9.71,-15.02,-10.14,-14.0,-15.15,-12.66,-26.08,-14.14,-17.01,-11.79,,-9.8,-15.0,-15.28,-16.92,-14.92,-15.0,-14.0,-15.0,-16.28,-13.11,-15.8,-13.77,-15.2,,-15.6,-14.0,-19.79,-14.5,-8.83,-22.76,,-12.0,-15.9,,-14.79,-18.5,,-14.0,-8.0,-21.88,-14.85,2.99,48,0.4748260011,0.1762312895
2021,14,Florida,Florida St.,3.0,3,24,21,5.59,2.43,9.85,6.84,5.71,3.01,-2.59,3.0,3.96,3.0,7.96,1.62,12.18,5.85,5.01,5.03,4.0,1.15,5.7,4.38,0.69,4.7,4.02,,4.4,5.5,8.21,7.79,8.37,11.0,10.0,-6.0,4.64,-0.64,5.6,4.77,8.1,,6.8,3.0,9.06,6.15,16.81,-0.82,,4.0,6.2,,5.61,5.5,,2.5,12.0,-2.11,5.31,3.67,45,0.5490929174,0.6207701718
2021,14,Florida Atlantic,Middle Tenn.,3.5,-10,17,27,1.99,2.56,0.95,6.18,1.74,5.53,0.64,3.0,0.87,3.0,1.16,3.47,8.82,1.66,2.19,0.14,-2.0,-0.95,5.07,5.21,0.25,10.06,2.93,,2.5,2.5,2.52,3.39,3.07,4.0,5.0,-1.0,4.48,2.94,0.8,2.53,3.4,,2.1,3.5,2.58,-7.85,14.75,1.02,,-1.0,1.4,,-0.73,5.3,,3.5,-3.5,0.88,0.36,3.18,44,0.4677532245,0.5538034211
2021,14,Georgia St.,Troy St.,6.5,27,37,10,6.08,7.26,4.72,4.81,5.56,4.23,10.98,6.0,4.81,7.0,3.59,8.58,2.16,8.49,6.67,10.57,-1.0,10.35,3.46,7.42,11.87,7.37,6.75,,7.0,6.75,5.55,6.48,3.47,10.0,6.0,11.0,9.74,9.47,9.7,6.12,3.9,,9.4,6.5,0.31,1.6,-7.23,2.04,,9.0,10.1,,6.23,6.5,,6.5,-6.0,11.69,5.26,3.57,47,0.5041683158,0.6590802351
2021,14,Georgia Tech,Georgia,-35.0,-45,0,45,-30.75,-32.69,-27.61,-43.53,-25.1,-35.73,-35.23,-32.0,-36.9,-38.5,-29.64,-30.42,-39.25,-12.7,-32.69,-30.36,-30.0,-36.15,-24.64,-40.21,-41.07,-24.27,-32.37,,-36.3,-34.1,-33.43,-29.92,-29.47,-35.0,-34.0,-31.0,-28.18,-20.95,-40.2,-40.78,-34.1,,-39.2,-35.0,-41.01,-35.55,-46.58,-13.79,,-39.0,-38.8,,-31.98,-24.5,,-35.0,-6.5,-36.29,-34.71,7.36,45,0.5525146423,0.0308641108
2021,14,Illinois,Northwestern,6.5,33,47,14,5.18,7.59,4.88,16.23,8.48,9.8,8.63,8.0,10.11,8.5,5.42,6.23,4.05,8.43,8.06,9.37,4.0,9.25,8.29,15.25,8.46,3.75,9.35,,11.3,8.43,6.93,3.38,7.55,6.0,4.0,9.0,11.53,11.69,5.6,10.3,8.0,,4.8,6.5,9.93,12.2,16.58,2.14,,12.0,4.5,,4.47,4.6,,6.5,-3.5,8.11,11.45,3.37,61,0.5382927992,0.690296404
2021,14,Iowa St.,TCU,15.0,34,48,14,12.77,9.92,14.11,21.34,16.42,16.06,10.49,13.0,16.98,13.0,15.36,6.11,21.57,11.36,15.54,12.41,8.0,16.85,14.41,23.46,17.97,3.37,16.92,,17.6,16.42,13.95,11.52,17.11,21.0,16.0,11.0,16.46,15.4,18.0,20.78,15.3,,17.4,15.0,19.09,21.55,26.99,1.33,,22.0,17.5,,18.74,13.5,,15.0,8.0,11.3,19.13,4.61,62,0.5130310058,0.8264325891
2021,14,Kansas,West Va.,-15.5,-6,28,34,-17.48,-14.88,-13.17,-30.47,-12.29,-24.39,-18.63,-16.0,-22.41,-15.0,-17.56,-10.81,-17.77,-9.03,-17.93,-14.54,-15.0,-18.35,-21.42,-28.92,-16.53,-9.8,-15.41,,-17.0,-17.52,-17.52,-16.9,-17.99,-15.0,-17.0,-17.0,-15.78,-20.13,-24.6,-19.83,-22.4,,-22.9,-15.5,-19.17,-17.2,-18.56,-1.99,,-19.0,-22.6,,-17.2,-13.6,,-15.5,-16.5,-17.52,-18.2,4.17,62,0.4411519837,0.1373296078
2021,14,Kent,Miami (Ohio),0.0,1,48,47,-0.92,-0.16,-0.8,1.04,-1.85,-2.26,-2.95,-0.25,-5.88,-0.5,-0.62,2.93,-2.86,-1.82,-2.05,-5.2,-2.0,-1.35,-2.2,-2.04,-5.06,6.51,-5.09,,-6.6,-1.82,-0.59,-0.34,-1.72,0.01,2.0,0.01,1.02,-0.8,-3.1,-8.54,-2.9,,-2.4,0.0,-2.51,-6.2,7.88,0.65,,-4.0,-5.0,,-2.71,1.2,,0.0,0.01,0.27,-1.81,3.17,95,0.4496131555,0.4496131555
2021,14,LSU,Texas A&M,-6.5,3,27,24,-5.37,-8.02,-3.01,-12.8,-3.44,-6.91,-7.93,-7.0,-8.04,-9.0,-4.34,-8.0,-5.83,-4.54,-6.06,-3.13,-9.0,-5.75,-4.29,-13.21,-7.93,-4.52,-3.43,,-5.2,-5.83,-6.12,-5.13,-4.04,-3.0,-7.0,-4.0,-9.0,-5.88,-6.9,-5.73,-5.2,,-6.9,-6.5,-6.14,-4.75,-0.88,-0.97,,-6.0,-7.0,,-6.44,-3.7,,-6.5,-5.0,-7.27,-6.23,2.02,51,0.510967698,0.3524602551
2021,14,Liberty,Army,3.5,-15,16,31,3.32,-1.75,1.96,1.48,5.52,6.55,0.35,1.0,0.3,1.5,5.02,-2.85,0.45,0.88,2.74,2.37,-1.0,7.05,4.09,-0.25,1.77,1.59,1.12,,-0.2,2.79,2.79,3.04,3.97,4.0,3.0,4.0,-0.83,5.89,3.3,1.15,3.5,,2.9,3.5,12.45,3.8,1.27,-1.39,,5.0,2.6,,3.59,3.0,,3.5,8.0,-1.02,3.77,2.75,47,0.4811871293,0.5675248161
2021,14,Louisiana-Lafayette,Louisiana-Monroe,21.5,5,21,16,25.55,24.11,20.44,24.06,18.42,30.91,32.02,25.0,26.2,26.0,22.9,22.99,30.94,15.57,27.07,16.95,19.0,29.05,29.97,45.75,29.83,23.09,24.85,,21.2,26.17,25.81,26.17,25.86,34.0,20.0,30.0,31.41,32.27,33.3,27.14,28.7,,31.3,22.5,27.94,30.85,44.75,3.81,,27.0,32.2,,26.17,24.5,,21.5,20.0,32.03,26.15,4.6,37,0.6319524299,0.9492837484
2021,14,Louisville,Kentucky,3.0,-31,21,52,0.56,0.49,1.76,5.47,4.28,6.37,2.68,2.0,6.34,-2.0,1.57,-2.66,4.66,1.53,3.17,2.44,-4.0,6.45,5.44,1.71,5.53,-0.11,1.69,,1.3,2.17,1.9,-1.4,3.63,8.0,2.0,7.0,0.74,9.03,1.4,2.17,4.9,,-0.6,3.0,8.38,-0.85,5.09,0.15,,6.0,0.3,,4.26,1.5,,3.0,10.5,5.02,5.54,3.25,73,0.5041852874,0.577549771
2021,14,Marshall,Western Kentucky,1.0,-32,21,53,1.62,1.01,0.01,2.93,0.29,1.26,-1.67,5.0,1.75,3.0,1.99,0.61,4.3,1.43,1.27,-0.77,-3.0,-5.45,2.36,1.83,-4.45,6.63,2.98,,3.6,1.62,1.51,2.65,2.31,2.0,1.0,-3.0,1.4,4.53,0.6,3.42,4.8,,0.8,1.0,2.82,3.3,1.33,-0.04,,-1.0,2.1,,0.01,-0.3,,1.0,-4.5,-2.39,0.22,2.73,74,0.5066868985,0.5314221028
2021,14,Memphis,Tulane,6.0,5,33,28,7.03,8.6,5.31,9.71,8.13,2.91,6.5,9.0,3.28,8.5,6.44,11.46,5.77,10.32,6.68,10.37,6.0,1.05,9.38,12.0,1.77,7.44,5.53,,4.3,6.49,5.31,7.85,6.49,5.0,4.0,6.0,10.39,6.16,1.0,4.73,4.2,,2.2,6.0,9.81,14.55,15.55,2.52,,8.0,1.0,,6.71,6.8,,6.0,11.0,4.28,5.87,2.98,61,0.5167908727,0.6604089661
2021,14,Michigan,Ohio St.,-7.5,15,42,27,-5.32,-1.12,-3.13,-0.17,-1.41,-1.51,-3.84,2.0,-6.73,1.0,-5.97,1.9,-6.3,1.05,-4.26,0.47,-5.0,-13.35,-4.28,2.38,-11.0,-1.54,-3.76,,-4.6,-4.08,-5.53,-5.25,-4.08,-10.0,-6.0,-7.0,2.82,-4.06,-11.1,-5.55,-6.3,,-10.1,-7.0,-8.19,-2.35,-7.29,0.77,,-8.0,-10.9,,-0.12,-3.4,,-8.5,-3.0,-11.27,-4.79,4.0,69,0.5784492967,0.3973398463
2021,14,Michigan St.,Penn St.,-4.0,3,30,27,-4.01,5.29,-1.66,-6.1,0.01,-4.34,0.63,3.0,-1.78,4.0,-6.14,9.1,-6.87,3.01,-1.57,2.82,-1.0,-6.45,-2.09,2.71,-3.97,7.78,-0.01,,-1.9,-2.0,-1.6,-3.79,-0.7,-6.0,1.0,-2.0,4.6,-5.97,-5.8,-3.18,-3.7,,-4.7,-4.0,-0.31,-5.1,-1.59,1.24,,-2.0,-4.0,,-2.73,-0.9,,-1.0,-8.0,-2.37,-2.95,4.1,57,0.5589124896,0.4618560971
2021,14,Minnesota,Wisconsin,-7.0,10,23,13,-6.8,-7.31,-3.7,-9.4,-2.74,-4.72,-10.59,-5.0,-7.56,-7.0,-5.33,-7.16,-9.31,-3.26,-6.16,-6.27,-5.0,-8.65,-5.0,-10.5,-10.52,-1.62,-5.71,,-5.5,-5.8,-5.66,-6.58,-4.22,-5.0,-7.0,-5.0,-5.92,-2.42,-6.1,-7.39,-5.8,,-5.4,-7.0,-8.92,-3.7,-29.87,-1.33,,-5.0,-6.3,,-6.05,-4.6,,-7.0,-5.5,-9.51,-6.76,2.14,36,0.5209111986,0.3502800127
2021,14,Mississippi St.,Mississippi,2.0,-10,21,31,-3.36,-4.26,-0.52,7.13,-1.51,-6.76,-2.59,-4.0,-1.59,-5.5,-3.57,-5.68,-3.51,-1.19,-1.69,1.35,-4.0,-0.55,-2.18,-6.71,3.94,-0.78,-2.59,,-3.0,-2.13,-2.88,-3.44,0.9,1.0,-2.0,0.01,-3.27,-0.41,-0.6,-3.27,-2.4,,-0.5,1.0,-4.39,1.4,-7.01,-0.57,,3.0,-1.1,,-2.49,-1.9,,2.0,2.5,-2.13,-3.19,2.62,52,0.4092993265,0.4581720262
2021,14,NC St.,North Carolina,6.0,4,34,30,9.58,9.54,8.4,15.47,10.56,14.17,12.67,14.0,11.78,13.0,8.0,8.34,8.9,10.62,9.76,11.61,6.0,12.55,5.86,17.42,10.06,8.0,10.45,,9.7,10.0,7.73,9.61,8.97,8.0,5.0,10.0,13.53,8.41,3.9,10.7,7.8,,4.4,7.0,12.53,12.65,24.52,1.44,,14.0,4.6,,10.92,3.5,,6.0,-3.0,8.29,12.11,3.41,64,0.5915696091,0.7261246701
2021,14,Nebraska,Iowa,1.0,-7,21,28,-5.02,-6.72,-0.12,-0.3,1.38,3.15,-8.64,-8.0,6.1,-10.5,0.2,-13.63,-3.23,-5.18,-0.99,1.42,-6.0,6.35,4.53,-13.21,4.98,-9.3,-0.63,,3.2,0.3,-3.15,-7.89,2.65,1.0,0.0,1.0,-13.0,-0.21,0.3,2.6,2.1,,0.7,1.0,10.74,4.5,4.69,-2.59,,6.0,-0.01,,2.1,0.2,,1.0,1.0,-6.82,3.52,5.56,49,0.4529137504,0.4765340766
2021,14,New Mexico,Utah St.,-15.5,-25,10,35,-13.57,-14.75,-12.55,-14.23,-15.07,-19.03,-12.37,-15.0,-13.44,-15.5,-14.71,-15.45,-14.23,-10.42,-13.84,-14.61,-15.0,-15.75,-14.24,-25.5,-13.17,-12.7,-12.8,,-13.3,-14.23,-13.86,-13.02,-12.25,-9.0,-16.0,-14.0,-17.6,-9.3,-11.5,-15.55,-11.1,,-10.9,-15.5,-15.26,-14.5,-21.91,-2.69,,-19.0,-9.9,,-20.03,-7.3,,-15.5,6.5,-20.85,-18.21,4.16,45,0.5402888837,0.1994970629
2021,14,New Mexico St.,Massachusetts,7.0,17,44,27,6.39,4.87,9.25,12.72,6.78,12.58,6.99,10.0,7.29,8.5,7.29,3.56,10.9,3.9,8.21,8.27,4.0,15.95,9.62,4.29,14.39,6.4,4.95,,7.6,7.6,8.7,5.22,8.39,14.0,6.0,10.0,4.17,4.26,9.3,7.43,6.6,,9.1,7.0,7.0,8.3,4.28,-1.07,,13.0,8.0,,6.61,5.5,,7.0,4.0,14.96,8.85,3.12,71,0.5298085149,0.694080244
2021,14,North Texas,Texas-San Antonio,-10.0,22,45,23,-15.7,-20.43,-9.21,-10.4,-12.32,-14.33,-19.16,-22.0,-15.18,-24.0,-13.9,-23.25,-13.91,-11.17,-14.56,-15.05,-18.0,-10.65,-12.88,-33.08,-8.63,-15.65,-14.88,,-14.2,-13.9,-15.49,-16.42,-10.26,-8.0,-13.0,-11.0,-24.09,-7.25,-13.1,-16.37,-13.4,,-13.2,-11.0,-13.37,-12.15,-30.42,-13.77,,-15.0,-13.1,,-15.71,-13.0,,-10.5,-3.0,-12.37,-15.91,4.3,68,0.390793069,0.1880074677
2021,14,Northern Ill.,Western Mich.,-4.0,-21,21,42,2.46,5.94,1.61,-3.44,1.58,0.01,9.77,8.0,1.16,8.5,-0.64,8.52,-0.64,5.33,2.21,7.69,2.0,2.25,-1.81,7.17,5.13,9.06,2.88,,0.6,1.61,0.64,2.17,-0.38,1.0,-5.0,6.0,9.1,-4.28,1.9,0.66,-0.4,,1.1,-3.0,-4.59,-3.45,3.09,1.29,,3.0,2.3,,0.12,-1.8,,-4.0,-10.0,6.07,0.63,4.25,63,0.6472348391,0.5534861015
2021,14,Oklahoma St.,Oklahoma,4.0,4,37,33,2.72,3.59,2.27,15.66,7.46,5.65,6.2,8.0,5.48,9.0,2.61,2.57,7.91,6.72,6.25,9.52,1.0,10.35,2.0,4.25,12.93,0.98,10.07,,9.0,5.48,3.63,1.21,1.5,8.0,-1.0,7.0,5.27,5.66,4.6,11.84,2.9,,5.3,4.0,4.33,17.55,17.79,0.39,,12.0,4.1,,3.93,1.6,,4.0,2.5,3.94,7.44,4.01,70,0.5546508347,0.6486669348
2021,14,Old Dominion,Charlotte,9.5,22,56,34,7.24,6.61,6.03,9.78,9.09,10.95,13.97,8.0,11.41,7.0,6.31,4.03,5.95,7.53,8.86,9.17,4.0,14.15,6.75,8.75,12.35,0.23,8.89,,10.0,8.75,8.2,5.28,7.04,10.0,6.0,13.0,7.93,1.4,8.6,10.2,7.4,,8.3,9.5,12.28,9.85,10.74,0.56,,13.0,8.1,,9.96,3.9,,9.5,15.5,15.65,10.68,3.59,90,0.48431582,0.7069165771
2021,14,Oregon,Oregon St.,7.0,9,38,29,8.03,8.74,5.57,7.51,5.89,5.01,6.41,10.0,4.36,12.0,7.24,11.1,6.82,6.89,7.17,11.71,4.0,0.25,5.94,16.75,5.7,8.47,7.68,,5.7,7.24,7.6,9.63,8.68,7.0,13.0,8.0,12.84,4.84,3.0,4.94,7.9,,2.4,7.0,9.09,4.75,14.88,1.91,,9.0,1.9,,3.87,7.6,,7.0,7.5,7.59,5.27,2.62,67,0.5042150803,0.6720676122
2021,14,Purdue,Indiana,15.5,37,44,7,15.36,20.67,14.36,30.11,16.28,18.38,24.95,20.0,20.95,19.5,12.54,20.53,14.7,16.39,18.34,15.71,14.0,21.65,13.76,35.29,22.75,10.64,19.5,,19.5,17.94,15.78,13.79,14.91,14.0,15.0,21.0,27.39,11.29,15.6,22.22,15.5,,14.2,15.5,17.94,24.95,15.76,3.33,,23.0,13.9,,17.71,12.8,,15.5,3.5,20.83,19.75,5.01,51,0.5677291522,0.8646960364
2021,14,Rice,Louisiana Tech,-3.5,4,35,31,-4.62,0.17,-3.57,-1.64,-6.64,-4.79,1.15,-2.0,-4.98,-1.0,-8.69,2.93,-7.13,-2.01,-3.04,-5.29,-6.0,-0.45,-5.76,-2.04,4.75,1.55,-4.97,,-6.8,-3.57,-3.92,-3.09,-7.3,3.0,-3.0,3.0,0.83,-1.19,3.3,-8.93,-4.3,,2.2,-3.5,-12.81,-6.15,-8.95,0.63,,-6.0,2.5,,-5.38,-3.3,,-3.5,-8.0,0.32,-8.8,4.07,66,0.5111967251,0.4264167958
2021,14,Rutgers,Maryland,-1.5,-24,16,40,4.8,1.87,5.15,11.63,7.5,4.45,5.26,3.0,6.28,2.0,6.22,-0.5,4.22,4.95,5.13,8.82,2.0,8.15,7.02,5.08,7.22,0.2,7.33,,5.7,5.26,4.63,3.15,5.59,8.0,-1.0,6.0,3.85,5.73,2.2,9.33,4.6,,3.1,0.0,-0.48,7.9,1.22,0.04,,10.0,0.3,,8.99,0.01,,-1.5,-3.5,5.78,8.26,3.34,56,0.6586184756,0.6240862384
2021,14,SMU,Tulsa,6.5,-3,31,34,9.67,13.11,5.67,13.36,10.07,14.75,12.48,15.0,12.25,13.5,8.03,13.57,4.19,10.75,10.04,11.95,10.0,9.65,8.84,24.58,9.38,11.85,8.34,,7.2,10.0,10.96,10.0,11.49,10.0,5.0,6.0,16.82,10.2,8.1,8.85,10.2,,8.0,7.5,2.26,10.95,6.64,1.75,,12.0,8.0,,9.03,8.0,,6.5,-5.5,7.45,11.62,3.68,65,0.5859834452,0.7310804836
2021,14,San Diego St.,Boise St.,-2.5,11,27,16,-4.6,1.88,-3.36,-0.74,-5.22,-7.95,-4.03,2.0,-9.07,3.0,-6.91,7.77,-7.07,1.5,-3.08,-3.1,-1.0,-4.55,-3.66,-1.0,-5.28,7.52,-4.08,,-5.7,-3.8,-3.23,-2.49,-3.97,-3.0,-2.5,-3.0,2.75,-3.69,-4.7,-7.59,-7.5,,-3.8,-2.5,-3.99,-4.65,-9.72,1.23,,-7.0,-3.1,,-5.49,-1.2,,-2.5,1.0,0.19,-10.41,4.16,43,0.4859040589,0.4255672891
2021,14,San Jose St.,Fresno St.,-7.0,-31,9,40,-9.47,-9.26,-6.71,-12.89,-10.87,-14.32,-12.72,-12.0,-14.18,-12.5,-8.95,-6.61,-10.77,-8.7,-10.36,-9.03,-13.0,-10.45,-9.32,-23.25,-11.24,-3.96,-12.36,,-11.0,-10.41,-9.3,-8.56,-10.37,-8.0,-10.0,-10.0,-15.92,-4.18,-10.0,-15.27,-10.9,,-7.9,-8.0,-10.41,-14.1,-20.91,-1.59,,-12.0,-7.2,,-11.3,-6.8,,-7.0,2.5,-9.84,-14.57,3.43,49,0.4180533642,0.2617799495
2021,14,South Alabama,Coastal Carolina,-15.0,-6,21,27,-14.95,-13.05,-10.89,-7.11,-10.96,-17.98,-14.3,-14.0,-15.13,-13.5,-15.39,-11.93,-17.57,-7.98,-14.14,-6.59,-17.0,-16.15,-17.36,-26.29,-11.8,-12.23,-11.75,,-11.9,-14.4,-14.37,-14.84,-15.41,-13.0,-19.0,-15.0,-16.32,-13.46,-16.0,-14.49,-15.7,,-14.4,-15.0,-16.58,-17.5,-3.4,-1.62,,-13.0,-15.8,,-15.33,-11.6,,-15.0,-11.5,-15.76,-16.48,2.68,48,0.5213015041,0.1898823477
2021,14,South Carolina,Clemson,-11.5,-30,0,30,-11.01,-6.86,-6.53,-13.52,-7.19,-8.49,-9.66,-6.0,-9.28,-6.0,-10.9,-5.55,-13.77,-5.03,-9.32,-6.3,-5.0,-9.05,-10.9,-17.83,-10.01,-1.47,-6.94,,-5.3,-9.05,-9.73,-11.82,-12.33,-9.0,-14.0,-8.0,-9.79,-15.28,-12.8,-8.9,-12.1,,-11.0,-11.5,-8.07,-7.85,-0.89,-1.1,,-9.0,-10.8,,-10.95,-7.8,,-11.5,-10.5,-13.11,-8.61,3.03,30,0.5536515299,0.2820724195
2021,14,Southern Miss.,Florida Intl.,13.0,20,37,17,10.72,8.69,7.59,13.16,9.3,10.96,13.94,8.0,10.58,10.0,10.27,7.67,5.87,9.22,10.76,3.14,6.0,21.25,9.43,5.33,18.81,10.42,10.21,,10.1,10.42,9.33,9.9,11.7,19.0,11.0,15.0,5.54,15.13,12.8,11.56,11.2,,13.6,13.0,3.17,9.6,2.83,10.74,,14.0,13.1,,11.03,6.7,,11.0,8.0,13.26,12.28,3.7,54,0.445351139,0.7454006115
2021,14,Stanford,Notre Dame,-20.5,-31,14,45,-19.48,-27.85,-14.67,-32.85,-17.73,-28.08,-26.57,-25.0,-29.84,-29.5,-16.76,-26.78,-22.32,-11.76,-21.95,-12.72,-21.0,-30.15,-17.98,-41.92,-27.46,-15.31,-19.3,,-18.4,-22.0,-21.06,-18.92,-16.98,-26.0,-16.0,-22.0,-28.0,-15.06,-24.0,-22.45,-21.4,,-22.2,-20.5,-18.53,-18.95,-33.76,-13.2,,-26.0,-21.9,,-17.8,-13.4,,-19.5,5.0,-31.92,-23.94,6.77,59,0.4665207477,0.1017095512
2021,14,Syracuse,Pittsburgh,-13.0,-17,14,31,-11.11,-10.92,-8.16,-12.93,-7.19,-11.12,-14.47,-12.0,-11.66,-13.0,-9.75,-10.52,-10.61,-6.5,-10.45,-4.23,-15.0,-16.55,-8.79,-22.96,-9.83,-6.12,-7.55,,-6.2,-10.52,-10.63,-11.0,-12.2,-12.0,-11.0,-9.0,-15.39,-11.03,-8.6,-9.3,-11.1,,-8.9,-12.5,-6.63,-8.8,-18.1,-1.03,,-9.0,-8.2,,-10.34,-8.3,,-13.0,-9.0,-13.34,-11.68,2.68,45,0.5629261963,0.2581374399
2021,14,Temple,Navy,-13.0,-24,14,38,-12.18,-7.6,-13.83,-7.2,-13.08,-16.05,-9.48,-5.0,-16.62,-6.0,-16.81,-2.73,-16.91,-7.84,-11.64,-7.08,-6.0,-18.95,-11.61,-10.33,-17.97,-1.96,-13.3,,-14.3,-12.18,-11.62,-8.96,-9.2,-12.0,-13.0,-16.0,-4.99,-10.12,-14.9,-19.15,-13.5,,-13.1,-13.0,-8.24,-9.85,-15.19,-0.5,,-21.0,-14.0,,-16.07,-2.9,,-12.5,5.5,-14.32,-19.14,5.74,52,0.5321094182,0.2452184396
2021,14,Tennessee,Vanderbilt,32.0,24,45,21,26.62,27.13,21.78,28.95,24.67,37.11,29.4,31.0,35.35,29.0,27.52,22.71,28.43,17.49,28.95,22.9,23.0,33.45,32.55,45.25,30.27,21.39,23.73,,26.5,29.36,28.89,24.57,30.55,32.0,31.0,28.0,31.27,22.89,32.6,30.38,30.8,,31.8,32.0,36.28,34.6,18.82,2.88,,34.0,31.6,,29.36,24.5,,32.0,18.0,28.08,32.18,4.79,66,0.4270289154,0.9595906046
2021,14,Texas,Kansas St.,3.0,5,22,17,-0.15,-3.31,3.27,-2.07,-0.86,0.67,-6.91,-3.0,2.13,-4.5,2.75,-6.24,4.71,-3.94,-0.6,-3.37,-3.0,-3.15,2.37,-5.79,-5.98,-3.05,-0.81,,-1.7,-0.29,1.91,0.76,6.8,7.0,4.0,-6.0,-6.0,3.98,-0.01,-0.29,5.3,,-0.8,2.5,-1.0,4.1,7.94,-0.59,,1.0,0.5,,1.07,3.0,,3.0,3.0,-10.05,-0.17,3.82,39,0.4127464906,0.4853431271
2021,14,Toledo,Akron,28.5,35,49,14,26.01,20.48,23.33,30.27,23.43,31.36,26.46,25.0,26.97,24.5,27.01,16.98,28.34,17.18,26.85,19.28,20.0,31.05,28.19,28.04,29.14,12.17,27.61,,28.9,27.5,26.12,24.9,31.2,30.0,26.0,27.0,21.21,23.42,27.8,31.69,29.7,,27.3,28.5,36.88,34.9,8.15,2.77,,30.0,26.7,,29.1,24.0,,28.5,27.5,31.16,29.88,5.26,63,0.4607026635,0.9458110345
2021,14,UAB,UTEP,13.5,17,42,25,13.92,8.97,13.43,7.69,12.91,18.18,10.21,8.0,15.56,7.5,15.99,5.43,15.75,8.84,13.33,9.86,4.0,14.25,17.21,20.63,11.45,8.09,10.05,,11.3,13.92,12.83,13.45,17.68,18.0,14.0,15.0,13.16,15.62,16.8,11.84,18.1,,15.2,13.5,16.49,8.05,2.75,1.05,,16.0,16.1,,16.33,12.8,,13.5,10.0,15.0,15.26,3.68,67,0.4958380445,0.7933338632
2021,14,UCLA,California,6.5,28,42,14,7.44,10.66,5.45,4.44,7.8,13.68,8.06,12.0,6.45,14.5,6.9,12.93,8.14,10.12,9.34,9.78,7.0,10.75,7.72,20.92,7.88,9.26,8.92,,8.4,8.55,8.54,7.66,9.28,11.0,7.0,10.0,17.5,8.42,10.9,8.04,9.7,,10.0,7.0,4.04,8.55,6.35,1.67,,9.0,12.5,,6.53,5.1,,6.5,5.5,11.48,8.51,2.7,56,0.5700016945,0.7190634667
2021,14,USC,BYU,-7.0,-4,31,35,-4.34,-12.45,-0.45,-9.2,-4.99,-8.36,-13.31,-14.0,-7.27,-17.5,-1.19,-15.24,-2.71,-9.95,-6.4,-6.18,-12.0,-7.65,-2.86,-23.42,-9.28,-7.98,-6.21,,-5.9,-5.9,-4.94,-3.11,-0.85,-6.0,-6.0,-9.0,-15.56,9.14,-1.4,-5.37,-1.5,,-1.5,-7.0,-5.41,-0.8,-14.98,-1.95,,-8.0,-1.6,,-8.06,-3.4,,-6.5,5.5,-12.49,-5.18,5.31,66,0.514296279,0.3511095167
2021,14,Utah,Colorado,23.5,15,28,13,20.62,19.75,19.15,30.43,21.51,23.46,26.76,20.0,21.53,22.0,19.33,18.79,24.57,16.15,23.19,21.46,17.0,29.35,24.89,39.92,27.0,13.71,21.66,,20.6,23.0,20.06,19.44,22.73,27.0,24.0,19.0,29.4,19.75,25.4,24.3,20.7,,25.0,23.5,30.21,27.25,44.45,2.56,,28.0,24.5,,25.05,23.0,,23.5,9.0,26.67,23.31,4.54,41,0.4925105468,0.9199067516
2021,14,Virginia,Virginia Tech,7.0,-5,24,29,5.42,8.01,5.79,4.64,5.63,8.16,6.94,9.0,6.75,9.0,5.55,8.68,5.62,5.84,6.13,3.96,4.0,6.35,3.58,15.79,5.08,7.57,5.8,,3.7,5.84,6.48,4.55,4.95,7.0,8.0,4.0,12.54,3.72,3.4,5.14,5.4,,4.0,7.0,9.28,7.35,15.56,1.79,,8.0,2.6,,6.39,6.9,,7.0,-7.5,9.01,7.47,2.84,53,0.4784870264,0.6480788218
2021,14,Washington,Washington St.,-1.0,-27,13,40,-0.2,-5.58,3.28,5.55,0.19,-1.74,-7.29,-2.0,-0.3,-5.5,2.33,-8.42,4.08,-2.25,-0.07,-1.13,-2.0,-2.65,3.08,-5.75,-5.66,-1.99,0.8,,1.3,0.37,0.25,0.71,4.8,4.0,3.0,-5.0,-4.48,5.43,1.5,1.85,4.2,,1.4,-1.0,0.37,5.35,-8.19,-0.5,,-2.0,1.5,,1.44,2.4,,-1.0,8.5,-7.26,1.4,3.83,53,0.5227077067,0.498289899
2021,14,Wyoming,Hawaii,10.5,-24,14,38,11.09,12.69,6.22,11.73,9.1,12.77,14.37,10.0,12.61,8.5,10.33,12.74,9.36,7.69,10.4,6.57,7.0,11.05,9.67,13.17,11.0,7.06,10.55,,9.0,10.33,7.94,10.43,13.69,13.0,8.0,14.0,11.41,8.44,11.0,9.85,10.2,,10.2,10.5,13.02,14.15,19.32,1.24,,7.0,9.2,,7.91,5.4,,10.5,10.5,7.34,10.29,2.49,52,0.4975171839,0.7412642301
2021,15,Alabama,Georgia,-6.5,17,41,24,-3.77,-6.91,-3.35,-7.61,-6.28,-8.34,-5.67,-16.0,-10.21,-19.0,-4.44,-5.15,-6.1,-4.5,-6.59,-12.03,-6.0,-8.3,-6.37,-1.42,-8.17,-8.3,-7.45,,-11.5,-6.28,-5.62,-2.14,-5.83,-4.0,-4.5,-6.0,-0.86,-3.13,-8.3,-10.56,-7.4,,-8.2,-6.5,-10.26,-4.55,-11.26,-10.04,,-12.0,-7.0,,-5.27,-0.6,,-6.5,4.0,-0.66,-9.07,4.0,65,0.4978067058,0.3436355292
2021,15,California,USC,4.5,10,24,14,1.59,-1.17,2.74,6.54,4.58,3.84,5.61,1.0,1.05,-1.5,1.47,-2.37,0.01,3.19,2.13,9.02,1.0,4.55,3.42,1.63,9.76,1.04,2.43,,3.5,2.43,1.32,-0.49,0.28,6.0,2.0,7.0,1.17,-12.79,1.8,2.56,0.9,,2.8,4.5,-1.52,0.95,-4.03,-0.05,,5.0,-0.4,,3.25,2.9,,4.0,-3.0,5.28,3.3,3.56,38,0.4420911061,0.5520800145
2021,15,Cincinnati,Houston,10.5,15,35,20,12.14,11.96,11.36,9.27,11.71,15.38,12.81,16.0,11.68,16.0,11.28,12.11,18.12,11.34,13.7,11.73,,17.05,13.56,17.5,15.27,15.3,11.55,,12.1,13.46,13.58,13.04,13.28,17.0,10.0,16.0,11.36,12.97,17.1,13.46,13.7,,16.5,11.0,16.69,16.45,11.0,21.63,,13.0,16.4,,15.92,15.0,,10.5,2.5,17.53,11.31,2.84,55,0.5786438836,0.802200887
2021,15,Louisiana-Lafayette,Appalachian St.,-3.0,8,24,16,-0.62,0.82,-1.57,-2.13,-4.7,1.21,6.46,1.0,-4.58,1.5,-4.5,3.73,-1.34,-0.14,-0.66,2.27,-2.0,-4.45,-0.66,-0.01,-2.07,5.44,-0.88,,-1.9,-0.88,-0.82,0.96,-3.18,1.0,-3.0,-3.0,2.29,1.43,1.9,-2.85,-2.4,,2.5,-3.0,-1.64,-1.4,5.69,0.77,,-4.0,3.4,,-3.06,1.7,,-3.0,-3.0,-3.41,-6.39,2.93,40,0.5576276591,0.4836936452
2021,15,Michigan,Iowa,11.0,39,42,3,7.36,8.28,7.22,12.35,9.1,15.18,12.06,8.0,12.14,10.5,7.09,6.19,4.36,9.57,9.48,10.74,,14.3,9.81,5.5,15.64,6.3,8.87,,10.5,9.77,6.57,5.92,10.06,9.0,10.5,11.0,3.89,5.56,10.6,11.54,9.7,,11.1,11.0,11.75,13.45,6.7,1.27,,12.0,9.9,,,9.1,,11.0,4.5,9.72,12.04,2.84,45,0.4624541207,0.7216803652
2021,15,Northern Ill.,Kent,-3.5,18,41,23,-0.3,1.83,-0.27,-4.71,1.53,-6.68,-3.22,2.0,-1.06,4.5,0.01,3.39,0.57,5.44,-1.21,2.73,,-5.1,-0.01,1.79,-8.36,-2.67,2.19,,1.7,-0.3,-1.09,0.68,-0.01,-7.0,-2.0,-7.0,2.9,-9.48,-5.0,2.15,-0.8,,-5.7,-3.0,-2.16,-1.25,7.26,0.15,,-1.0,-3.4,,0.4,-1.2,,-3.5,-3.0,-10.5,-0.01,3.83,64,0.5557612413,0.4704670665
2021,15,Oklahoma St.,Baylor,5.5,-5,16,21,4.39,4.17,4.63,8.28,4.93,5.12,3.09,5.0,4.31,6.5,4.3,4.09,9.24,6.24,5.95,4.29,2.0,8.8,3.57,3.08,10.32,5.9,5.98,,4.5,5.0,4.95,4.96,4.8,8.0,6.5,5.0,2.53,7.71,8.7,7.54,4.9,,8.6,5.5,3.62,8.0,15.84,0.59,,7.0,8.2,,4.62,3.9,,5.5,10.0,11.13,6.3,2.17,37,0.5112036046,0.6448197932
2021,15,Pittsburgh,Wake Forest,3.0,24,45,21,0.77,-0.29,2.3,6.65,1.31,2.17,2.76,0.25,1.57,-1.5,0.73,-1.29,-0.73,3.68,1.21,0.92,,4.0,4.02,0.38,1.11,0.49,-2.08,,-2.7,1.11,1.31,0.01,3.99,0.01,3.5,2.0,-0.36,2.06,-1.8,-2.27,1.1,,-0.8,3.0,4.12,2.25,-7.32,-0.35,,1.0,-1.9,,2.09,2.6,,3.0,5.5,2.32,2.91,2.1,66,0.4554966568,0.5301172677
2021,15,San Diego St.,Utah St.,6.0,-33,13,46,8.91,11.04,6.61,10.36,5.53,8.69,16.48,12.0,9.16,12.0,5.45,12.05,9.77,9.18,9.94,8.89,,10.75,7.48,18.17,11.64,11.08,7.93,,6.3,9.8,8.19,9.69,9.11,12.0,4.5,13.0,13.57,10.21,10.3,7.92,9.8,,9.8,7.0,8.55,5.35,5.68,1.83,,6.0,10.9,,4.4,10.9,,6.0,18.5,14.48,5.01,2.95,59,0.5963882343,0.7309198483
2021,15,Texas-San Antonio,Western Kentucky,-3.5,8,49,41,0.01,6.77,-1.55,4.15,0.39,-2.98,-3.86,13.0,-2.4,,-0.28,11.72,-0.79,3.75,-0.02,5.69,,-12.75,-0.01,5.71,-8.31,10.35,1.35,,0.7,-0.54,1.39,1.8,0.24,-7.0,-1.0,-5.0,8.42,2.31,-3.5,-1.57,0.5,,-2.5,-3.0,-3.4,-0.01,0.08,1.92,,-3.0,-1.5,,-1.14,-3.2,,-3.0,-5.0,-1.32,-5.54,5.29,90,0.5823829608,0.4995231186
2021,15,Utah,Oregon,2.5,28,38,10,1.71,0.36,3.2,5.61,2.78,2.56,6.18,1.0,4.23,,1.45,-1.73,5.23,4.61,4.06,4.78,,9.8,1.28,0.54,6.62,-0.3,3.76,,3.5,4.03,1.44,0.24,3.83,8.0,3.0,5.0,0.35,6.37,6.6,5.67,3.2,,7.3,2.5,2.56,9.05,17.59,-0.45,,7.0,8.1,,5.77,3.7,,2.5,6.0,3.0,4.56,2.71,48,0.5385850363,0.5995217558
2021,16,Army,Navy,7.5,-4,13,17,9.78,12.88,4.04,15.4,8.43,9.74,13.32,15.0,12.72,14.0,7.54,12.98,12.13,11.54,10.64,8.96,15.0,2.4,8.29,22.83,5.71,9.27,10.98,8.0,15.4,10.96,10.89,10.51,13.12,6.0,8.0,4.0,17.31,8.69,10.4,12.5,11.1,,11.4,8.0,8.26,15.05,7.15,1.75,,8.0,11.2,,11.33,12.4,,7.5,2.0,9.1,10.93,3.56,30,0.5765224369,0.7434453482
2021,19,Air Force,Louisville,0.0,3,31,28,1.31,4.45,-1.77,6.72,-0.4,-1.09,4.69,5.0,-0.17,8.0,-0.33,6.93,1.37,3.16,0.77,3.49,7.0,0.01,-2.45,4.71,1.3,5.01,,1.0,4.9,0.75,-1.29,1.35,-3.78,-3.0,1.0,-3.0,5.27,-6.98,-1.4,1.19,-4.0,,-1.3,0.0,-6.12,3.65,-5.22,0.32,,1.0,-1.4,,-0.81,0.5,,-1.5,1.0,-2.44,-1.78,3.59,59,0.5188668444,0.5188668444
2021,19,Alabama,Cincinnati,13.5,21,27,6,9.25,1.67,12.12,11.68,6.57,7.99,7.18,-1.0,7.84,0.5,9.49,-1.65,12.67,1.36,7.35,1.77,2.0,9.6,11.96,1.17,11.17,-1.1,,1.0,9.5,8.25,9.6,9.78,7.85,11.0,13.0,11.0,0.97,7.29,12.7,9.79,9.3,,13.5,12.5,7.68,3.8,19.01,-18.5,,7.0,13.7,,9.69,7.0,,13.5,8.5,7.76,9.91,4.52,33,0.3547163097,0.6719572589
2021,19,Army,Missouri,6.5,2,24,22,1.22,7.24,-0.62,12.96,4.22,4.81,3.29,8.0,9.48,8.0,1.07,6.04,5.44,-4.74,3.82,7.84,8.0,0.01,3.19,10.42,-0.66,1.65,,5.0,8.4,3.75,1.15,0.41,0.3,1.0,2.5,-3.0,8.83,2.19,1.2,5.86,4.4,,0.4,6.0,-0.01,11.45,-1.43,-0.25,,5.0,0.8,,5.81,2.3,,4.0,5.5,0.21,4.51,3.86,46,0.4348441328,0.5924449487
2021,19,Auburn,Houston,-1.0,-4,13,17,3.55,-2.66,7.66,-2.81,3.29,3.27,-2.95,-3.0,4.04,-7.0,6.04,-6.28,5.89,-1.28,2.33,0.19,-4.0,6.0,-0.52,2.46,4.9,-7.99,,-3.0,6.3,3.42,5.9,4.07,3.25,5.0,3.0,4.0,-2.52,4.07,9.8,4.59,5.4,,10.3,-0.5,5.71,-0.75,7.62,0.06,,3.0,10.4,,3.9,2.7,,3.0,-4.5,1.4,5.98,4.91,30,0.5794222663,0.5557611884
2021,19,BYU,UAB,7.0,-3,28,31,9.19,9.38,9.18,10.88,6.09,1.44,11.14,8.0,5.58,10.0,6.88,11.43,11.39,6.47,8.48,4.21,4.0,9.1,7.11,18.33,8.9,8.93,,10.0,5.7,8.92,9.3,10.84,4.01,9.0,8.0,9.0,13.3,4.29,11.7,9.7,6.0,,11.2,7.0,8.89,7.7,5.14,3.33,,6.0,11.8,,6.64,8.8,,7.0,3.5,6.27,8.9,2.63,59,0.5366433525,0.7009119278
2021,19,Clemson,Iowa St.,2.0,7,20,13,2.2,3.73,-3.04,2.2,-2.35,-0.01,6.97,3.0,0.88,4.0,-1.28,5.26,1.56,1.7,0.53,4.08,-1.0,-1.5,-1.04,2.88,-0.01,6.43,,-1.0,-3.7,0.75,0.22,3.4,0.62,1.0,1.0,3.0,3.68,-1.9,-2.1,-3.38,1.2,,-2.6,2.0,-5.79,-10.2,3.68,0.34,,1.0,-4.1,,-2.29,0.5,,-1.0,9.0,3.06,-2.85,3.69,33,0.4640671318,0.5129706689
2021,19,Florida,Central Florida,7.0,-12,17,29,4.88,0.01,9.4,2.97,6.89,2.56,1.24,0.25,5.82,-2.0,7.02,-3.03,6.26,2.66,5.24,3.88,-1.0,4.5,8.64,5.46,6.38,-2.05,,3.0,8.3,5.64,7.52,4.94,5.96,5.0,6.0,6.0,2.2,2.39,9.7,11.11,6.7,,12.4,7.0,11.23,7.5,26.57,0.2,,8.0,10.3,,8.7,3.4,,6.0,4.0,1.8,8.31,3.94,46,0.4571532773,0.6256593742
2021,19,Fresno St.,UTEP,11.5,7,31,24,17.96,12.67,17.48,15.36,13.91,20.51,17.14,13.0,16.18,12.0,19.26,10.78,17.81,10.37,15.94,13.83,10.0,17.0,13.72,30.08,20.52,9.24,,10.0,12.4,16.59,15.04,17.04,11.89,16.0,13.0,20.0,18.76,13.09,20.8,17.41,17.2,,19.0,12.5,15.51,14.55,17.72,3.25,,18.0,19.0,,17.21,16.0,,11.5,1.5,21.02,19.29,3.99,55,0.6069091972,0.8349449202
2021,19,Georgia St.,Ball St.,6.0,31,51,20,0.01,3.17,1.32,2.77,2.43,4.27,3.8,2.0,1.61,3.5,-0.16,4.02,4.15,2.65,3.28,3.44,1.0,4.0,2.05,5.46,7.56,4.72,,5.0,2.3,3.3,1.74,-1.45,2.04,4.0,3.0,7.0,4.27,4.93,6.4,1.51,1.3,,4.2,5.0,3.45,2.95,1.15,0.42,,5.0,3.9,,1.0,1.2,,5.0,1.0,11.02,2.14,2.23,71,0.4326294371,0.5810649425
2021,19,Iowa,Kentucky,-3.0,-3,17,20,0.76,2.35,0.66,-0.71,0.77,-3.97,-1.72,3.0,-0.58,3.5,0.97,3.92,3.54,2.02,-0.43,-3.13,-3.0,-5.0,-0.27,2.71,-7.59,2.85,,-1.0,-4.5,-0.58,2.56,1.63,-0.94,-2.0,1.5,-5.0,2.22,7.11,-3.2,-4.68,1.5,,-4.7,-2.5,-1.26,-5.8,1.86,0.62,,-3.0,-3.5,,-0.58,1.0,,-3.0,4.0,-1.41,-0.6,3.19,37,0.5630543736,0.4894069785
2021,19,Kansas St.,LSU,7.0,22,42,20,-2.0,0.16,-0.93,4.92,1.16,-3.62,-2.42,1.0,-1.42,1.0,-2.0,1.0,0.86,1.84,-0.83,-2.67,1.0,-1.0,2.09,-3.58,-3.59,-0.38,,-2.0,0.9,-0.83,0.01,-1.79,-1.63,-4.0,-2.5,-7.0,0.78,-0.73,-3.2,0.41,-2.5,,-2.5,5.5,2.63,2.3,2.46,0.19,,-3.0,-1.0,,0.54,1.5,,1.0,3.0,-9.3,1.43,2.6,62,0.3132064609,0.4794236614
2021,19,Kent,Wyoming,-3.5,-14,38,52,-3.87,1.06,-5.69,-1.03,-5.41,-0.4,-3.62,1.0,-1.19,1.0,-4.59,2.27,-8.42,-2.79,-3.11,-3.58,-1.0,0.9,-4.01,-3.67,-5.32,2.87,,-4.0,-8.4,-3.39,-1.49,-3.27,-3.39,-3.0,-3.5,-7.0,-0.93,2.63,-4.1,-10.09,-2.7,,-2.3,-3.5,-7.26,-6.6,0.16,0.16,,-3.0,-2.6,,-5.44,-3.4,,-3.0,-6.0,1.85,-5.85,3.25,90,0.5096014547,0.4238947411
2021,19,Liberty,Eastern Mich.,9.0,36,56,20,6.61,4.44,5.15,9.23,9.2,7.48,5.11,6.0,8.77,5.0,8.05,2.13,7.66,5.55,7.53,5.21,5.0,4.5,12.74,11.92,5.42,6.25,,7.0,7.0,7.07,7.14,6.0,5.07,4.0,7.0,9.0,6.51,7.96,7.8,9.09,9.7,,6.5,9.0,17.04,12.95,10.92,-0.04,,9.0,5.1,,10.1,10.6,,9.0,8.0,4.22,10.13,2.75,76,0.4636502261,0.6798865319
2021,19,Louisiana-Lafayette,Marshall,5.0,15,36,21,6.78,10.84,4.57,3.33,1.34,7.33,17.69,10.0,0.17,13.5,1.36,16.59,5.79,5.37,8.11,5.18,4.0,9.3,1.4,20.46,16.08,12.93,,6.0,1.8,6.18,6.35,8.36,2.82,9.0,5.0,14.0,15.67,11.94,16.8,2.81,3.1,,16.4,5.0,1.06,3.45,0.46,2.92,,4.0,17.5,,0.69,4.2,,5.0,4.0,18.07,2.61,5.65,57,0.5732205497,0.6848593636
2021,19,Michigan,Georgia,-7.5,-23,11,34,-5.19,-1.75,-1.92,-7.6,-2.32,-1.05,1.41,-4.0,-5.46,-3.5,-7.4,0.24,-9.75,-1.78,-4.31,-6.7,-4.0,2.6,-11.56,-0.63,0.11,-5.66,,1.0,-10.8,-4.9,-6.14,-5.48,-6.25,-3.0,-7.5,-3.0,-0.13,0.26,-6.0,-10.11,-8.3,,-6.0,-7.0,-10.64,-4.8,-8.16,-0.13,,-8.0,-6.8,,-5.54,-5.0,,-7.5,0.01,-0.16,-4.18,3.57,45,0.5777154858,0.3955486191
2021,19,Michigan St.,Pittsburgh,3.5,10,31,21,-5.17,0.01,-1.72,-12.07,-1.54,-5.14,-4.73,-2.0,-5.69,0.01,-6.18,3.13,-3.4,-0.01,-3.94,-2.0,-6.0,-6.6,-8.11,-1.04,-1.73,2.63,,-5.0,-3.1,-4.13,-2.78,-4.27,-4.26,-9.0,-3.5,-4.0,-0.51,-8.71,-5.6,-3.68,-5.4,,-6.2,2.0,-1.05,-8.55,-5.44,1.05,,-5.0,-5.4,,-2.92,-3.2,,1.5,-10.0,-1.22,-4.32,3.31,52,0.3231756628,0.4040080499
2021,19,Middle Tenn.,Toledo,-10.5,7,31,24,-8.59,-5.52,-6.04,-7.95,-4.98,-6.8,-7.69,-6.0,-7.13,-7.0,-8.76,-4.66,-10.54,-6.1,-7.75,-5.92,-5.0,-8.1,-7.95,-10.13,-10.49,-2.47,,-9.0,-7.0,-7.78,-6.79,-8.87,-5.64,-6.0,-9.0,-10.0,-7.87,-7.98,-8.2,-8.58,-9.3,,-9.3,-9.5,-13.69,-11.4,-2.4,-1.41,,-6.0,-10.0,,-5.33,-7.1,,-10.5,-7.0,-11.42,-6.27,2.25,55,0.5680909553,0.31441896
2021,19,Minnesota,West Va.,5.0,12,18,6,5.55,5.57,7.33,5.98,10.52,5.91,5.83,5.0,8.26,6.5,6.75,4.13,8.98,7.29,6.09,6.64,3.0,8.7,5.06,10.08,5.84,1.01,,3.0,8.8,6.53,4.26,4.23,3.89,7.0,6.5,7.0,8.43,7.83,3.7,7.79,5.6,,1.9,5.0,6.56,7.0,11.98,0.2,,13.0,-0.4,,8.89,0.5,,4.0,-2.5,9.25,8.99,3.04,24,0.5268834938,0.6468339246
2021,19,Mississippi,Baylor,1.5,-14,7,21,0.65,-0.9,0.43,-5.55,1.68,2.73,-1.15,-3.0,0.89,-4.5,1.07,-1.87,0.85,0.01,0.12,2.12,-1.0,-1.0,1.25,0.58,-0.01,-3.42,,1.0,2.5,0.46,-0.24,0.69,0.41,0.01,2.0,1.0,-0.45,-0.41,0.5,1.8,2.0,,0.2,1.5,2.11,-0.8,9.8,-0.37,,2.0,-0.4,,2.19,-1.4,,0.0,0.01,0.6,0.94,1.84,28,0.4655916553,0.5029957211
2021,19,Mississippi St.,Texas Tech,10.0,-27,7,34,7.9,6.86,5.46,16.84,7.98,5.97,11.46,8.0,11.87,7.0,6.89,4.18,5.55,6.09,7.92,7.54,7.0,6.3,10.58,12.96,7.05,4.67,,4.0,9.0,7.72,6.19,7.41,6.54,7.0,8.5,9.0,9.23,4.84,9.4,9.62,9.4,,8.6,10.0,5.66,10.1,6.73,0.46,,14.0,8.3,,9.16,4.7,,8.5,1.5,8.83,9.13,2.75,41,0.4486350274,0.6885038151
2021,19,Nevada,Western Mich.,-7.0,-28,24,52,7.17,6.05,5.61,2.44,8.06,8.72,8.82,7.0,13.0,5.0,7.41,2.31,9.42,7.73,8.01,11.35,6.0,13.8,3.82,13.46,14.6,5.42,,2.0,9.9,8.26,7.35,6.17,2.99,9.0,6.5,12.0,8.46,6.56,10.1,14.99,8.0,,9.6,-5.5,8.71,5.95,8.05,1.1,,13.0,8.6,,10.73,3.4,,-6.0,-5.5,11.51,11.7,3.88,76,0.8208123129,0.6879803384
2021,19,North Carolina,South Carolina,9.5,-17,21,38,4.63,1.91,2.4,9.62,8.04,8.14,-0.24,3.0,6.37,3.0,8.08,-0.49,5.97,3.39,6.5,4.18,3.0,6.5,11.93,6.5,9.09,-1.64,,1.0,5.6,7.01,5.17,3.54,7.03,8.0,5.5,7.0,4.24,15.41,11.0,7.73,8.6,,8.9,9.0,9.1,11.0,18.27,-0.29,,8.0,8.6,,7.43,5.0,,8.5,13.5,9.41,7.26,3.86,59,0.427150706,0.6546375058
2021,19,North Texas,Miami (Ohio),-2.5,-13,14,27,-5.05,-2.01,-4.08,-0.84,-3.69,-2.26,2.56,-1.0,-4.66,-1.0,-6.19,-0.58,-6.86,-3.27,-3.12,-1.54,-1.0,-1.0,-8.21,-5.29,0.2,-0.53,,1.0,-2.8,-3.35,-3.15,-6.95,-1.43,-5.0,-4.5,3.0,-3.44,-6.39,-4.1,-4.72,-5.3,,-5.3,-2.5,-7.14,-3.55,0.01,-1.01,,-3.0,-7.2,,-3.16,-4.4,,-3.0,-3.5,3.2,-2.54,2.74,41,0.4846491234,0.4232117497
2021,19,Northern Ill.,Coastal Carolina,-10.5,-6,41,47,-6.78,-4.2,-6.6,-12.98,-8.63,-14.1,-6.1,-8.0,-10.47,-4.0,-8.08,-0.82,-18.32,-5.0,-9.77,-5.66,-10.0,-7.4,-12.97,-13.25,-9.01,-6.63,,1.0,-12.4,-10.1,-9.86,-5.75,-10.81,-12.0,-9.5,-6.0,-6.77,-13.89,-13.7,-13.49,-13.7,,-12.2,-10.5,-16.71,-20.9,-13.52,0.44,,-10.0,-13.0,,-10.37,-10.2,,-10.5,-13.0,-6.21,-11.34,4.35,88,0.5176863912,0.2764130157
2021,19,Notre Dame,Oklahoma St.,2.0,-2,35,37,2.33,2.9,2.47,-2.78,2.21,2.07,0.68,2.0,4.46,1.5,2.57,2.06,0.18,1.6,1.35,1.26,1.0,4.6,0.61,0.96,2.1,0.8,,-1.0,1.5,1.66,1.3,2.8,0.72,3.0,1.5,4.0,0.45,2.56,1.4,1.72,3.6,,0.5,2.0,-0.62,-1.2,1.87,9.28,,3.0,-0.7,,3.14,-0.4,,2.5,-8.5,2.04,2.88,2.16,72,0.4838179674,0.5335783133
2021,19,Ohio St.,Utah,4.0,3,48,45,6.95,9.45,7.74,4.47,7.53,11.34,-0.23,12.0,15.97,10.0,9.35,5.93,9.84,4.75,9.8,3.29,8.0,11.6,10.7,4.75,9.47,6.02,,6.0,8.9,9.1,11.45,7.44,6.19,12.0,7.0,1.0,2.7,3.2,31.7,8.77,13.5,,30.1,5.0,10.39,9.2,23.98,1.17,,13.0,30.9,,8.15,10.0,,6.5,9.0,5.0,11.96,6.68,93,0.6318384461,0.7153055138
2021,19,Oklahoma,Oregon,7.0,15,47,32,3.96,5.74,6.68,2.62,1.79,9.9,4.16,8.0,7.5,5.0,3.16,4.79,5.88,1.69,5.53,2.25,6.0,10.7,3.05,8.5,8.91,8.46,,-1.0,1.3,5.13,5.79,4.83,7.39,10.0,4.0,5.0,3.44,5.69,10.6,0.88,7.0,,10.6,7.0,2.59,-0.1,0.88,1.0,,5.0,13.0,,3.13,3.3,,4.5,9.5,6.27,5.26,3.2,79,0.4638353855,0.6336325455
2021,19,Old Dominion,Tulsa,-9.5,-13,17,30,-9.1,-3.73,-11.29,-2.02,-5.3,-1.51,-4.12,-4.0,-3.96,-6.5,-10.13,-3.6,-15.87,-4.08,-8.29,-5.72,-1.0,-6.5,-11.38,-11.46,-8.66,-7.28,,-10.0,-6.4,-7.81,-5.61,-10.2,-6.26,-11.0,-7.0,-9.0,-8.34,-18.71,-12.8,-9.14,-10.1,,-12.6,-9.5,-14.51,-9.8,-19.51,-2.54,,-7.0,-13.7,,-4.91,-12.6,,-9.5,-6.5,-6.54,-6.19,3.91,47,0.5294978763,0.3060617681
2021,19,Penn St.,Arkansas,-1.5,-14,10,24,4.34,-1.06,6.14,-0.87,7.04,4.25,-0.01,1.0,2.77,0.5,6.23,-3.11,4.57,2.39,2.29,1.48,-1.0,4.8,2.75,1.79,-0.6,-2.15,,3.0,0.3,2.76,3.99,4.43,3.06,3.0,4.0,-3.0,0.01,5.58,1.1,2.98,3.6,,-0.01,-0.5,2.18,1.6,3.83,-0.34,,3.0,-0.7,,5.33,3.2,,2.5,7.5,-3.43,7.17,2.96,34,0.5927796552,0.5563855566
2021,19,Tennessee,Purdue,7.5,-3,45,48,-2.01,-3.26,0.01,-4.89,-3.24,1.48,-4.17,-5.0,-0.61,-5.0,-0.81,-4.69,2.18,-3.67,-1.27,-1.12,1.0,-0.2,0.01,-3.29,-0.7,-2.0,,1.0,1.4,-1.06,-2.17,-2.31,0.55,1.0,-2.5,-3.0,-4.22,-7.21,0.9,0.43,-1.2,,2.4,6.0,3.87,-7.5,-0.1,-0.77,,-1.0,2.5,,-1.24,-0.3,,4.5,6.0,-0.64,-1.72,2.78,93,0.2931574118,0.4685941402
2021,19,Texas-San Antonio,San Diego St.,-3.0,-14,24,38,0.11,2.3,0.57,1.76,2.14,7.9,2.61,3.0,6.34,2.5,0.69,0.12,-2.95,-0.14,1.4,-0.49,4.0,2.0,1.54,2.92,0.67,-0.95,,5.0,2.1,1.47,1.33,-1.61,3.72,-1.0,2.5,3.0,0.56,2.93,1.4,-0.12,4.4,,1.1,-1.5,-0.21,2.2,-1.07,-0.72,,3.0,0.01,,2.13,-0.4,,2.5,-6.0,0.4,2.3,2.37,62,0.6080133495,0.5347548225
2021,19,Utah St.,Oregon St.,-7.0,11,24,13,-4.16,3.28,-3.63,-0.56,-3.41,-2.98,2.02,3.0,-5.18,6.5,-5.84,7.83,-7.17,-0.59,-3.18,-1.11,4.0,-5.3,-7.79,2.46,-2.16,3.81,,6.0,-2.8,-3.9,-5.07,-4.94,-5.76,-6.0,-6.5,-3.0,2.38,-15.31,-11.0,-5.1,-9.5,,-10.6,-6.5,-10.36,-1.05,-12.95,0.77,,2.0,-10.8,,-4.48,-4.7,,-7.0,-5.5,-1.52,-5.5,5.16,37,0.5905076209,0.4244549745
2021,19,Virginia Tech,Maryland,-3.5,-44,10,54,2.13,-2.38,3.39,5.52,3.03,2.23,-3.04,-1.0,1.99,-2.0,4.86,-4.73,3.11,0.01,2.02,-0.15,1.0,4.6,1.4,-1.21,0.46,-1.61,,2.0,6.6,2.27,1.5,1.6,4.5,5.0,3.0,3.0,-1.95,4.91,2.9,6.95,3.2,,2.8,-2.0,0.85,3.7,9.03,-1.01,,4.0,2.3,,4.8,-0.4,,0.0,6.0,0.26,3.6,2.73,64,0.6340918386,0.5499013637
2021,19,Wake Forest,Rutgers,16.5,28,38,10,13.04,13.89,5.5,13.02,8.99,15.2,13.69,16.0,14.09,18.0,12.53,13.78,11.31,,13.91,11.45,11.0,14.3,13.13,26.71,12.89,9.23,,,15.1,13.35,10.54,13.29,10.09,16.0,14.0,13.0,20.04,11.08,19.1,16.41,13.2,,17.4,16.0,,15.95,10.64,1.46,,15.0,19.1,,,11.9,,14.0,9.5,13.41,11.56,3.3,48,0.436540417,0.8045380632
2021,19,Washington St.,Central Mich.,7.0,-3,21,24,6.43,0.5,11.2,3.26,9.95,2.01,4.72,0.25,3.66,-0.5,7.87,-1.2,12.77,,6.42,6.2,3.0,11.6,,6.33,13.79,1.89,,,,6.43,6.9,5.61,5.07,9.0,7.0,13.0,4.84,9.26,9.4,13.33,6.5,,9.3,7.0,,1.65,7.14,0.66,,7.0,7.2,,,4.2,,7.0,4.0,7.59,,4.14,45,0.4858988776,0.6522226603
2021,19,Western Kentucky,Appalachian St.,-3.0,21,59,38,-3.87,-4.94,-1.6,-5.18,-1.31,-0.19,-1.4,-8.0,1.02,-8.5,-3.66,-8.15,-7.99,-5.59,-3.99,1.68,-1.0,0.7,-1.24,-9.71,-3.89,-8.61,,-3.0,-2.6,-3.74,-3.83,-5.13,-3.46,-2.0,-2.5,-5.0,-7.58,-9.95,-7.9,-2.27,-4.9,,-7.0,-3.0,0.88,-3.05,1.66,-1.57,,-1.0,-8.6,,0.4,-2.2,,-3.0,-1.0,-7.52,-0.49,3.23,97,0.4756353947,0.4027265737
2021,19,Wisconsin,Arizona St.,7.0,7,20,13,6.56,10.36,8.16,12.84,8.18,5.66,8.24,9.0,14.34,9.5,6.61,8.22,8.64,6.43,7.94,6.05,3.0,6.9,5.97,15.33,9.14,0.97,,14.0,7.5,7.77,8.48,5.65,3.94,9.0,7.0,6.0,9.58,6.47,6.5,5.67,9.3,,5.5,7.0,5.22,7.2,-1.81,1.38,,12.0,6.3,,8.57,4.1,,7.0,8.0,7.53,9.82,2.81,33,0.5232491465,0.6888288253
2021,20,Alabama,Georgia,-3.0,-15,18,33,-1.05,-1.61,-0.8,-4.42,-4.15,-1.54,1.96,-7.0,-5.38,-7.5,-3.42,0.42,-2.95,-3.29,-2.45,-2.9,-3.0,-1.9,0.3,-0.17,-8.03,0.8,-4.03,,-11.5,-2.36,-3.17,0.71,-2.88,1.0,1.0,4.0,-0.01,-0.01,-2.1,-7.46,-5.0,,-2.3,-3.0,,-3.2,-3.46,-0.01,,-6.0,-1.5,,-6.47,3.0,,-3.0,5.5,-6.89,-5.84,3.43,51,0.5135070986,0.4400479693
