season,week,home,road,line,actual,hscore,vscore,linesag,linepayne,linemass,linepfz,linelaz,linemoore,linesagr,lineargh,linepaynep,linehow,linesagpred,linepaynewl,linekam,linerwp,lineavg,lineelo,lineloud,lineborn,linedokter,linedunk,linebill,linebihl,lineround,linefei,linemedian,lineharville,linesaggm,lineespn,linefox,lineopen,linepig,linecons,linecong,linepibias,linel2,lineteamrank,lineash,linepimean,lineca,linekeep,linekerns,linel2hf,linelog,linedwig,linepiratings,linetalis,linedonchess,linefeng,linemidweek,lineclean,linecurry,linepugh,linestd,total,phcover,phwin
2023,1,Jacksonville St.,UTEP,-1.0,3,17,14,-8.41,1.07,-0.92,3.12,2.37,,-8.41,-1.0,-1.38,-11.5,-8.41,8.43,2.98,7.11,-0.3,-17.1,1.0,5.05,3.06,,-0.13,,,-2.0,-0.52,1.98,-8.41,2.3,-2.0,2.0,8.0,,7.5,-2.5,,-1.3,,-1.4,-1.0,,-2.0,,,-2.0,1.3,2.12,-2.2,,-1.0,8.5,10.89,-6.68,5.84,31,0.5165056643,0.4929244955
2023,1,Louisiana Tech,Florida Intl.,11.5,5,22,17,12.64,11.41,13.51,12.03,13.81,12.07,12.64,8.0,13.89,12.0,12.64,3.97,15.21,7.3,11.5,7.49,2.0,15.05,18.77,,3.42,,,10.9,12.07,9.4,12.64,9.41,17.0,10.0,14.0,,3.09,7.5,,12.6,,7.1,11.5,,12.35,,,20.0,7.6,13.76,16.5,,11.5,7.5,9.86,16.42,4.34,39,0.5,0.7576424119
2023,1,New Mexico St.,Massachusetts,7.0,-11,30,41,17.72,13.37,13.17,14.52,8.07,13.92,17.72,9.0,12.89,16.5,17.72,14.79,10.94,15.57,14.41,16.34,2.0,17.85,15.98,,10.08,,,7.3,14.41,9.12,17.72,5.1,21.0,10.0,14.0,,8.73,16.8,,10.4,,17.0,8.5,,10.7,,,14.0,15.6,14.06,23.0,,6.5,21.0,23.57,14.41,4.6,71,0.6730388314,0.8083505243
2023,1,Notre Dame,Navy,20.5,39,42,3,20.7,17.38,17.88,8.7,14.66,15.11,20.7,13.0,18.81,20.0,20.7,13.13,17.56,7.99,17.36,9.66,9.0,16.3,18.02,,15.0,,,13.5,17.56,17.81,20.7,28.46,16.0,20.5,28.0,,26.16,18.8,,20.5,,21.7,20.0,,17.4,,,11.0,18.7,13.31,15.5,,20.5,13.0,19.62,20.18,4.7,45,0.4247872679,0.8528127462
2023,1,San Diego St.,Ohio,2.5,7,20,13,3.58,2.56,5.71,5.93,6.33,10.52,3.58,5.0,2.56,9.0,3.58,2.56,4.3,-0.32,3.07,-1.73,4.0,3.45,5.04,,1.33,,,2.0,3.52,2.26,3.58,4.02,5.0,4.5,8.0,,3.52,1.0,,3.4,,1.5,2.5,,4.7,,,-11.0,1.7,-0.63,3.3,,2.5,3.5,-6.51,7.61,3.73,33,0.5139419142,0.5746646394
2023,1,USC,San Jose St.,31.0,28,56,28,23.94,24.53,21.41,19.86,19.86,17.66,23.94,21.0,27.1,13.0,23.94,16.81,23.67,15.43,23.19,19.5,4.0,27.35,28.26,,14.67,,,17.9,23.94,20.67,23.94,30.26,21.0,30.0,31.0,,29.29,31.6,,26.3,,29.4,30.0,,26.7,,,27.0,33.2,24.63,24.0,,30.5,6.5,27.07,27.42,6.42,84,0.3241773092,0.9121530577
2023,1,Vanderbilt,Hawaii,17.5,7,35,28,8.18,16.82,13.69,13.8,9.12,10.01,8.18,13.0,17.88,3.5,8.18,13.63,13.43,15.15,14.6,18.82,-3.0,15.05,20.7,,13.21,,,11.3,14.4,15.77,8.18,14.4,11.0,17.5,26.0,,23.81,20.1,,18.1,,16.5,17.5,,21.3,,,19.0,21.8,21.45,17.5,,17.5,0.5,19.56,13.7,6.09,63,0.4322874869,0.8047326125
2023,2,Alabama,Middle Tenn.,38.5,49,56,7,40.03,33.47,38.58,29.85,33.7,27.26,40.16,24.0,37.36,33.5,40.16,21.82,44.24,14.59,34.83,29.3,12.0,32.75,38.41,,16.54,,,37.1,37.2,30.29,40.03,41.5,37.0,37.0,37.0,,30.54,43.4,,35.5,,39.1,38.5,40.8,47.1,,,46.0,41.7,39.29,25.5,,38.5,17.5,37.29,43.04,9.03,63,0.4203707955,0.9717436557
2023,2,Auburn,Massachusetts,35.0,45,59,14,40.44,30.54,38.86,18.25,28.6,30.88,41.45,20.0,35.67,27.5,39.48,15.17,38.49,18.14,31.82,27.34,11.0,32.65,39.38,,13.56,,,32.9,32.78,26.83,39.82,25.68,35.0,39.5,40.0,,30.66,45.5,,31.0,,42.0,35.0,38.8,29.7,,,30.0,44.1,35.57,25.0,,35.0,10.5,33.79,38.18,9.56,73,0.4318738781,0.957022595
2023,2,BYU,Sam Houston St.,19.0,14,14,0,30.0,19.66,25.18,18.88,21.15,,30.08,17.0,22.62,32.0,30.09,10.77,23.0,16.61,24.07,27.59,8.0,28.05,26.48,,23.0,,,25.6,25.18,16.48,29.99,18.39,21.0,24.0,29.0,,27.66,32.7,,20.1,,30.3,20.0,24.6,22.3,,,31.0,33.7,26.66,24.5,,19.0,-6.5,26.81,32.27,7.63,14,0.6132753972,0.9141331781
2023,2,Baylor,Texas St.,27.5,-11,31,42,37.11,21.33,29.73,21.08,24.13,28.49,37.23,19.0,25.43,20.5,37.22,9.05,28.14,16.22,27.46,21.06,8.0,28.25,31.77,,18.83,,,25.3,28.04,24.36,37.1,25.21,31.0,24.5,38.0,,28.36,38.5,,26.4,,33.3,27.5,35.4,35.4,,,31.0,35.6,26.88,21.5,,27.5,10.0,27.94,32.22,7.92,73,0.4991006039,0.9391506074
2023,2,Boston College,Northern Ill.,8.5,-3,24,27,7.04,9.35,12.13,-0.99,7.77,4.72,7.06,7.0,9.55,6.5,7.06,8.76,7.0,7.4,8.38,11.03,3.0,10.45,13.07,,6.33,,,8.2,7.98,5.37,7.04,8.76,10.0,10.0,15.0,,13.37,8.7,,8.9,,11.4,8.5,12.1,1.1,,,7.0,13.5,6.71,7.4,,8.5,2.0,14.37,9.57,3.49,51,0.4970546385,0.6969257768
2023,2,Central Florida,Kent,36.0,50,56,6,28.6,22.13,18.24,20.19,13.81,15.69,28.69,19.0,25.8,15.5,28.68,11.12,23.6,,21.54,12.48,6.0,11.45,33.7,,15.08,,,20.4,21.1,10.2,28.6,21.31,14.0,31.0,36.0,,47.37,21.6,,30.2,,19.1,34.5,34.5,26.2,,,25.0,21.1,15.64,24.5,,36.0,7.0,12.69,23.07,8.57,62,0.2113809295,0.8837889078
2023,2,Colorado St.,Washington St.,-10.5,-26,24,50,-12.33,-17.84,-19.5,-28.84,-12.59,-13.1,-12.39,-9.0,-20.38,-12.5,-12.38,-10.2,-18.14,-11.3,-14.37,-10.65,-7.0,-17.95,-12.01,,-10.96,,,-16.9,-12.85,-11.06,-12.33,-8.2,-15.0,-16.5,-16.0,,-9.6,-16.7,,-10.4,,-16.0,-11.0,-17.8,-16.5,,,-32.0,-18.5,-24.21,-7.7,,-11.0,7.5,-13.92,-16.92,6.32,74,0.4103985919,0.2001436338
2023,2,Connecticut,NC St.,-14.0,-10,14,24,-16.52,-13.39,-23.73,-21.75,-14.83,-21.86,-16.6,-10.0,-16.4,-16.5,-16.59,-4.37,-17.56,,-14.39,-4.95,-8.0,-13.75,-16.74,,-8.67,,,-20.2,-16.3,-11.54,-16.52,-16.81,-17.0,-16.5,-18.0,,-7.04,-15.0,,-14.3,,-16.0,-14.0,-5.7,-16.3,,,-17.0,-16.3,-18.06,-12.6,,-14.0,7.0,-10.88,-20.81,5.96,38,0.4908255468,0.1980511
2023,2,Duke,Clemson,-13.5,22,29,7,-12.65,-10.08,-15.8,-8.03,-11.53,-12.1,-12.71,-8.0,-9.28,-19.0,-12.7,-12.5,-15.01,-5.27,-9.32,-3.33,-10.0,-6.75,-15.02,,-3.25,,,-14.1,-8.74,-11.46,-12.64,-18.4,-8.0,-11.5,-6.0,,-3.61,-6.5,,-14.1,,-5.7,-13.0,2.2,-3.3,,,-7.0,-8.2,-6.89,-7.3,,-13.5,-1.0,-3.51,-9.31,4.96,36,0.5992218247,0.2876069595
2023,2,Florida St.,LSU,-2.5,21,45,24,-6.85,-3.91,-4.18,4.12,-3.2,-0.84,-6.87,-1.0,-3.12,-5.5,-6.88,-6.25,-1.2,2.05,-2.14,-0.4,-5.0,-4.2,0.27,,-1.46,,,-8.8,-2.43,-2.46,-6.85,-6.14,-1.0,-2.0,4.0,,2.8,-2.4,,-3.3,,-2.1,-2.5,1.0,-1.4,,,-3.0,-1.6,-2.55,-1.8,,-2.5,16.0,-1.4,-2.78,4.23,69,0.508740943,0.4481823595
2023,2,Georgia Tech,Louisville,-7.0,-5,34,39,-7.6,-8.99,-12.37,-19.56,-8.89,-12.77,-7.64,-5.0,-10.25,-8.0,-7.64,-5.22,-11.97,-7.75,-10.69,-11.8,-2.0,-14.35,-8.78,,-11.25,,,-8.9,-10.08,-7.14,-7.6,-7.65,-11.0,-8.0,-7.0,,-13.34,-16.7,,-9.9,,-13.6,-7.5,-14.6,-16.2,,,-19.0,-13.8,-18.15,-4.0,,-7.0,-1.0,-12.22,-16.66,4.36,73,0.4113233536,0.2580580201
2023,2,Hawaii,Stanford,-3.0,-13,24,37,-6.12,-10.99,-13.56,-0.77,-7.73,-0.01,-5.73,-2.0,-12.63,-2.0,-5.99,-6.07,-8.75,-5.31,-5.93,-4.19,1.0,-7.35,-7.9,,-1.2,,,-6.7,-6.1,-7.23,-7.1,-1.98,-4.0,-10.5,-9.0,,9.85,-10.3,,-1.4,,-9.4,-3.5,-2.5,-14.9,,,-15.0,-12.8,-15.72,-5.2,,-3.5,8.5,-1.11,-10.19,5.74,61,0.4310981008,0.3626796644
2023,2,Houston,Texas-San Antonio,-2.5,3,17,14,2.06,1.91,6.46,-1.21,4.61,0.98,2.04,-1.0,1.93,1.0,2.05,1.83,-0.35,-0.56,2.0,4.07,1.0,1.45,3.18,,-4.71,,,7.5,1.98,1.11,2.06,1.51,3.0,2.5,-5.0,,-4.88,6.4,,-3.3,,6.3,-1.5,-4.2,10.6,,,5.0,6.7,2.11,-0.4,,-2.5,6.0,-0.84,2.32,3.82,31,0.6085774528,0.5487464178
2023,2,Illinois,Toledo,9.0,2,30,28,11.3,12.64,19.04,29.37,11.59,9.32,11.33,9.0,14.67,3.0,11.32,6.57,16.77,13.04,13.89,12.39,-2.0,28.45,12.12,,5.29,,,12.9,12.25,16.79,11.3,11.23,20.0,9.0,12.0,,7.87,17.3,,7.2,,16.6,10.0,11.7,27.0,,,21.0,17.9,20.87,11.1,,9.0,2.5,16.16,19.14,6.7,58,0.6117219034,0.7899243956
2023,2,Indiana,Ohio St.,-30.0,-20,3,23,-28.48,-25.43,-24.14,-48.57,-19.78,-26.69,-28.59,-22.0,-28.48,-28.5,-28.58,-16.29,-27.8,-11.95,-26.9,-20.19,-10.0,-25.75,-31.11,,-12.63,,,-23.9,-27.25,-25.42,-28.48,-32.75,-26.0,-27.5,-26.0,,-36.67,-30.8,,-29.6,,-24.3,-29.5,-41.1,-35.2,,,-32.0,-26.0,-29.34,-25.5,,-30.5,-12.5,-29.44,-28.15,7.65,26,0.5698154583,0.0634556539
2023,2,Iowa,Utah St.,24.0,10,24,14,24.05,19.93,27.35,15.13,21.55,17.9,24.12,15.0,23.89,13.0,24.11,8.09,23.39,16.03,22.85,21.17,2.0,31.65,26.48,,11.54,,,21.4,23.95,21.53,24.05,22.39,24.0,19.0,35.0,,32.29,29.2,,24.6,,25.9,24.0,33.2,22.7,,,29.0,27.0,25.64,23.0,,24.5,9.5,29.57,27.88,7.23,38,0.4737170161,0.9049001451
2023,2,Kentucky,Ball St.,26.5,30,44,14,18.85,20.53,25.82,23.39,16.89,18.8,18.9,14.0,23.9,13.0,18.9,10.4,25.19,16.09,20.8,18.14,5.0,23.35,26.75,,13.83,,,18.6,21.24,14.37,18.85,22.96,19.0,27.0,32.0,,29.52,27.7,,23.7,,25.7,26.0,24.5,25.2,,,23.0,27.9,21.28,23.0,,25.5,1.5,21.2,25.52,6.28,58,0.3692237739,0.8884788551
2023,2,Liberty,Bowling Green,7.5,10,34,24,11.11,11.94,18.87,12.01,12.41,17.05,11.13,7.0,12.92,16.5,11.12,8.98,12.93,11.46,11.38,7.68,7.0,8.25,14.7,,6.33,,,15.8,11.3,9.07,11.1,8.58,16.0,11.5,15.0,,-7.88,11.7,,14.0,,10.5,8.5,7.4,10.1,,,9.0,9.8,12.7,7.7,,9.5,11.0,11.99,19.17,4.71,58,0.5926246276,0.7540230819
2023,2,Louisiana-Monroe,Army,-8.5,4,17,13,-9.23,-6.57,-11.47,-6.36,-7.78,-7.77,-9.28,-7.0,-7.69,-10.5,-9.27,-3.22,-10.64,-4.11,-8.79,-5.8,-6.0,-10.55,-13.87,,-2.83,,,-8.6,-7.92,-5.51,-9.23,-5.08,-5.0,-7.5,-19.0,,-18.0,-7.4,,-9.9,,-5.7,-8.5,-20.9,-3.5,,,-14.0,-5.0,-8.9,-5.2,,-8.0,-2.5,-14.43,-14.25,4.41,30,0.4929786737,0.2968488717
2023,2,Miami (Fla.),Miami (Ohio),16.5,35,38,3,16.02,14.04,14.22,5.28,11.92,6.05,16.07,10.0,17.05,7.5,16.06,4.99,11.83,7.75,11.71,5.29,1.0,5.15,17.18,,8.42,,,7.9,12.01,13.87,16.01,20.75,7.0,17.0,19.0,,15.96,17.4,,14.3,,18.0,16.0,7.3,12.1,,,6.0,19.6,8.73,12.6,,16.5,3.0,7.82,14.61,5.08,41,0.3869043281,0.7588448861
2023,2,Michigan,East Carolina,36.0,27,30,3,30.96,26.61,27.31,34.49,19.66,23.02,31.06,21.0,29.05,21.0,31.06,19.28,33.96,17.26,28.39,22.88,8.0,33.45,32.36,,13.0,,,25.2,27.8,25.02,30.96,27.59,28.0,36.0,36.0,,40.94,41.3,,35.3,,37.5,35.0,44.0,30.8,,,23.0,37.0,24.84,25.5,,36.5,14.5,26.76,32.85,8.05,33,0.3344770659,0.944660854
2023,2,Michigan St.,Central Mich.,14.0,24,31,7,15.84,14.44,21.94,8.29,15.78,14.14,15.89,13.0,16.31,11.0,15.88,8.86,17.37,13.73,16.26,13.61,5.0,25.75,20.79,,9.88,,,16.1,16.0,18.28,15.84,19.36,18.0,14.0,23.0,,16.47,20.7,,12.8,,19.9,14.5,15.7,17.9,,,21.0,22.2,18.86,7.9,,14.0,1.5,24.33,20.3,5.26,38,0.5537545598,0.8345702783
2023,2,Minnesota,Nebraska,6.5,3,13,10,8.06,12.14,11.43,33.17,8.2,8.32,8.08,8.0,12.15,13.0,8.08,12.1,13.6,,11.64,10.16,5.0,9.85,6.67,,16.13,,,13.7,10.57,10.32,8.06,7.15,13.0,7.5,7.0,,26.71,12.5,,8.6,,11.4,7.5,15.4,22.6,,,13.0,11.1,15.44,4.5,,6.5,4.0,10.57,7.68,5.65,23,0.6198426801,0.7551712126
2023,2,North Texas,California,-6.0,-37,21,58,-5.43,-3.71,-9.28,4.82,-6.09,-0.1,-5.46,-2.0,-5.15,5.5,-5.46,0.6,-5.22,1.48,-2.87,2.93,-1.0,-1.55,-6.48,,-0.33,,,-3.0,-3.86,-0.36,-5.42,-11.04,2.0,-7.0,-7.0,,-4.65,-6.2,,-3.6,,-8.0,-6.0,-1.8,-8.5,,,-4.0,-8.8,-3.09,-4.2,,-6.5,13.0,4.27,-7.75,4.81,79,0.5748402862,0.4313118752
2023,2,Oklahoma,Arkansas St.,36.5,73,73,0,34.92,26.32,30.39,21.08,27.52,27.37,35.03,23.0,29.8,27.5,35.03,15.86,32.64,17.29,28.94,26.26,9.0,32.25,31.54,,14.25,,,26.7,29.5,24.31,34.92,28.07,35.0,33.0,40.0,,28.29,35.8,,29.2,,33.1,35.5,37.3,37.0,,,32.0,32.5,26.37,25.0,,36.5,10.5,35.49,31.36,7.46,73,0.3332410478,0.9505095062
2023,2,Penn St.,West Va.,20.5,23,38,15,15.95,17.81,16.44,33.77,13.93,12.14,15.98,15.0,18.18,15.5,15.99,16.72,21.16,15.46,19.15,15.23,4.0,26.35,20.06,,12.38,,,18.4,18.3,19.43,15.95,19.98,23.0,17.5,22.0,,23.91,20.4,,20.1,,20.9,20.5,25.7,23.6,,,21.0,18.2,20.78,17.0,,20.5,18.0,25.21,20.51,4.89,53,0.4676121951,0.8755203189
2023,2,Purdue,Fresno St.,3.5,-4,35,39,7.33,4.58,8.55,0.02,6.98,4.53,7.35,3.0,4.64,1.5,7.34,4.42,5.06,5.34,4.13,0.79,-1.0,-6.95,7.42,,-1.79,,,1.9,4.56,4.68,7.33,10.56,-2.0,6.0,1.0,,7.1,10.5,,3.1,,11.5,3.5,-3.6,7.8,,,2.0,12.1,3.07,3.1,,3.5,0.01,-4.49,6.66,4.46,74,0.5152380433,0.59888327
2023,2,Rutgers,Northwestern,6.0,17,24,7,1.73,6.07,-0.12,20.36,0.46,8.76,1.72,9.0,4.1,2.5,1.73,11.96,2.48,19.11,4.19,3.71,-3.0,-1.95,3.81,,10.29,,,-2.9,2.49,2.2,1.73,-0.52,2.0,4.0,5.0,,16.45,4.2,,7.1,,6.2,5.5,0.5,-0.4,,,-3.0,4.5,-0.71,5.4,,6.5,2.0,5.14,-0.28,5.58,31,0.4571696282,0.598322879
2023,2,SMU,Louisiana Tech,21.0,24,38,14,19.87,18.1,21.18,24.74,16.46,21.06,20.49,16.0,20.25,16.5,20.3,11.68,23.49,15.22,20.12,17.11,3.0,23.25,21.9,,15.04,,,18.8,20.11,12.89,18.35,19.31,25.0,14.5,23.0,,27.66,21.6,,16.0,,18.4,21.0,27.7,24.5,,,30.0,21.3,21.67,18.0,,20.0,11.0,27.73,19.97,5.07,52,0.4789432637,0.8863485843
2023,2,San Jose St.,Oregon St.,-16.5,-25,17,42,-10.91,-15.34,-19.65,-21.55,-14.08,-17.49,-10.85,-11.0,-17.81,-7.5,-11.29,-7.92,-15.24,-8.33,-15.52,-15.72,1.0,-28.25,-13.51,,-12.7,,,-11.5,-15.29,-11.52,-10.76,-14.78,-18.0,-16.5,-21.0,,-10.66,-20.3,,-12.3,,-18.3,-16.5,-23.5,-18.7,,,-28.0,-19.4,-21.61,-20.5,,-16.5,5.5,-26.88,-19.57,6.86,59,0.5225978923,0.1847142383
2023,2,South Carolina,North Carolina,-2.5,-14,17,31,2.33,-2.1,2.0,5.23,-1.0,1.34,2.33,-2.0,-0.56,-0.5,2.34,-6.69,0.58,6.79,0.74,9.19,1.0,8.2,-9.18,,6.25,,,2.6,1.34,-4.81,2.32,-3.1,4.0,0.0,0.01,,-10.98,-5.5,,-1.4,,-2.2,-2.0,-8.2,5.8,,,5.0,-3.5,3.14,1.9,,-2.5,4.5,13.26,-0.5,5.01,48,0.5771627106,0.5177290897
2023,2,TCU,Colorado,20.5,-3,42,45,21.37,26.76,26.0,41.08,21.44,29.81,21.43,23.0,28.53,26.0,21.43,21.46,28.54,19.1,28.74,36.86,6.0,40.45,25.06,,26.13,,,28.5,26.45,30.8,21.36,23.51,40.0,21.5,27.0,,33.93,31.0,,21.6,,26.2,21.5,41.8,32.5,,,46.0,26.7,39.46,22.5,,20.5,24.0,43.51,25.21,7.98,87,0.6786080211,0.9471369977
2023,2,Temple,Akron,10.0,3,24,21,9.76,9.68,11.23,2.83,7.1,6.67,9.79,8.0,10.22,8.5,9.79,8.08,7.68,9.43,8.59,6.58,5.0,6.55,14.73,,4.04,,,12.4,8.92,4.34,9.76,10.39,8.0,10.5,12.0,,9.94,7.0,,10.8,,5.2,10.0,13.2,3.0,,,8.0,7.7,7.08,12.5,,10.5,3.0,12.35,9.33,2.96,45,0.4652114369,0.702611709
2023,2,Tennessee,Virginia,27.5,36,49,13,26.65,27.78,23.54,43.51,20.56,22.66,26.72,16.0,30.13,21.0,26.73,20.72,31.68,17.83,27.04,27.45,3.0,39.65,22.53,,20.42,,,19.4,26.65,27.51,26.64,19.08,35.0,28.0,27.0,,35.37,24.7,,31.1,,23.7,27.5,37.7,39.5,,,40.0,24.0,33.54,17.5,,27.5,15.5,38.01,23.02,8.12,62,0.4897091495,0.9353016691
2023,2,Texas,Rice,36.0,27,37,10,35.07,32.55,34.24,33.99,29.09,28.29,35.17,22.0,37.19,24.0,35.18,18.65,37.19,14.72,32.93,28.89,9.0,43.15,33.58,,20.92,,,32.9,34.17,28.64,35.06,32.85,39.0,35.0,37.0,,32.89,39.8,,34.1,,38.3,36.0,41.9,43.8,,,42.0,39.0,38.65,25.5,,35.0,16.0,37.45,40.63,8.23,47,0.4318328407,0.9672496465
2023,2,Texas A&M,New Mexico,38.5,42,52,10,37.65,31.27,34.13,25.79,23.97,31.42,37.77,21.0,36.89,22.0,37.77,14.42,37.65,18.06,31.75,29.34,11.0,37.35,40.65,,21.96,,,30.9,33.51,25.47,37.65,33.08,35.0,38.0,46.0,,46.06,36.4,,38.9,,34.2,38.0,41.4,24.6,,,35.0,33.9,27.45,28.0,,38.5,13.5,35.53,33.11,8.38,62,0.3534482547,0.9615298254
2023,2,Tulane,South Alabama,6.5,20,37,17,8.93,8.59,15.2,1.39,10.43,7.94,8.95,5.0,8.72,9.5,8.95,8.17,14.02,9.76,10.81,13.94,4.0,18.25,11.1,,7.79,,,14.3,9.93,7.17,8.93,9.86,15.0,7.0,10.0,,0.7,13.1,,8.9,,12.2,7.5,12.9,11.5,,,16.0,14.3,13.69,7.0,,6.0,8.0,21.38,14.37,4.22,54,0.6034850475,0.7447553816
2023,2,UCLA,Coastal Carolina,15.5,14,27,13,12.96,14.53,15.44,19.26,15.16,9.98,13.0,10.0,17.75,0.5,12.99,4.87,14.1,11.61,15.93,15.23,-2.0,27.55,17.44,,7.58,,,13.4,15.26,15.29,12.96,17.72,22.0,14.5,18.0,,20.89,23.4,,13.4,,21.7,15.5,18.6,21.5,,,22.0,21.8,19.27,13.6,,14.0,15.0,20.05,20.1,5.96,40,0.5101158149,0.8262562326
2023,2,USC,Nevada,38.0,52,66,14,30.04,35.89,23.99,28.09,23.76,19.12,31.45,24.0,39.41,20.0,27.61,25.31,32.16,19.25,31.76,28.91,1.0,38.55,35.75,,26.24,,,27.7,31.16,26.84,30.28,32.18,31.0,35.5,42.0,,45.55,44.6,,38.1,,39.1,37.5,47.5,33.9,,,40.0,44.3,36.21,26.0,,38.0,19.0,41.96,31.31,9.24,80,0.3670438513,0.9580910208
2023,2,Utah,Florida,5.5,13,24,11,9.1,10.55,8.13,31.03,8.44,16.03,9.12,10.0,9.48,4.5,9.12,13.74,10.35,,12.97,10.98,1.0,18.95,6.04,,17.17,,,7.2,10.98,9.31,9.1,10.16,20.0,9.0,12.0,,20.85,19.6,,8.2,,16.7,7.0,24.7,15.7,,,13.0,16.3,12.93,14.5,,5.5,10.5,17.32,12.45,5.78,35,0.6708068963,0.7786619979
2023,2,Virginia Tech,Old Dominion,16.0,19,36,17,14.84,8.19,13.07,7.81,13.53,7.16,14.87,8.0,8.87,8.0,14.88,6.14,11.22,5.36,11.1,6.21,5.0,7.55,19.01,,2.58,,,11.1,11.05,3.58,14.83,17.37,9.0,14.5,25.0,,25.31,13.1,,15.1,,13.3,15.5,20.4,5.2,,,5.0,12.5,3.89,10.8,,16.0,2.5,14.11,11.0,5.66,53,0.3856168069,0.7449442728
2023,2,Washington,Boise St.,14.0,37,56,19,8.56,14.82,11.73,3.03,5.3,9.74,8.58,7.0,15.76,-1.5,8.58,12.0,9.41,10.12,12.35,16.45,-2.0,20.75,12.66,,8.83,,,8.1,12.13,12.26,8.56,10.9,14.0,15.5,14.0,,13.2,24.6,,13.1,,22.0,14.0,19.2,14.3,,,16.0,23.6,12.82,17.5,,14.0,2.0,23.43,11.97,6.17,75,0.4614128207,0.7658030924
2023,2,Western Kentucky,South Florida,12.0,17,41,24,17.61,16.38,14.16,34.02,12.8,21.19,17.66,11.0,16.16,21.0,17.66,17.02,15.07,15.34,17.2,14.4,5.0,21.65,15.56,,22.58,,,15.7,16.27,15.07,17.61,7.38,23.0,13.5,28.0,,15.64,9.4,,13.3,,9.9,13.0,22.8,27.6,,,19.0,7.6,17.38,16.0,,12.0,17.0,19.36,16.15,5.63,65,0.6212287535,0.8464002918
2023,2,Wisconsin,Buffalo,28.5,21,38,17,24.52,18.85,26.76,26.15,20.01,18.76,24.59,15.0,22.55,12.5,24.59,7.75,25.17,12.05,21.27,13.34,2.0,21.85,28.37,,11.33,,,16.8,22.3,19.47,24.52,22.57,24.0,23.0,23.0,,29.27,32.6,,22.1,,28.6,27.5,25.5,22.5,,,19.0,30.5,18.75,21.0,,28.5,8.5,19.41,27.89,6.76,55,0.3376096126,0.8911463093
2023,2,Wyoming,Texas Tech,-14.0,2,35,33,-12.36,-13.75,-17.05,-13.77,-10.12,-11.17,-12.42,-10.0,-17.0,-6.5,-12.42,-4.0,-13.99,-7.17,-13.27,-13.77,2.0,-20.25,-12.34,,-7.42,,,-9.9,-13.76,-8.85,-12.36,-14.7,-16.0,-14.5,-15.0,,-17.85,-15.6,,-13.5,,-14.7,-14.0,-17.3,-18.0,,,-27.0,-16.0,-19.63,-12.4,,-14.0,4.5,-17.85,-15.85,5.66,68,0.5172738858,0.2155406355
2023,3,Alabama,Texas,7.0,-10,24,34,11.82,11.4,17.76,19.65,12.82,17.82,14.22,6.0,12.15,22.0,10.72,10.9,13.68,6.77,12.07,9.58,6.0,14.05,13.91,17.15,6.48,,,13.1,11.94,11.85,10.22,13.83,14.0,7.0,11.0,,5.46,6.2,,10.5,,6.4,8.0,7.2,15.1,,,16.0,4.7,11.94,5.4,,7.5,8.5,19.03,12.13,4.57,58,0.6205454748,0.7675067133
2023,3,Arizona St.,Oklahoma St.,-3.0,-12,15,27,-7.35,-3.87,-3.88,-15.13,-5.09,-6.99,-7.97,-4.0,-3.88,-10.0,-8.4,-3.87,-3.94,-6.43,-4.97,-7.33,-4.0,-4.95,-6.59,,-6.58,,,-5.9,-5.12,-6.38,-6.97,-8.56,-5.0,-3.5,-6.0,,-15.5,0.3,,-4.8,,-1.9,-3.0,-0.6,-6.3,,,-10.0,-0.5,4.97,-1.4,,-3.0,7.0,1.12,-5.15,4.26,42,0.452298036,0.3811806342
2023,3,Arkansas,Kent,38.0,22,28,6,30.45,20.76,26.2,19.45,24.57,25.68,33.96,20.0,35.23,16.5,30.88,11.12,29.88,15.31,26.94,20.03,1.0,35.65,34.64,,13.36,,,20.1,27.5,23.63,28.37,27.0,26.0,38.5,47.0,,38.42,38.5,,37.3,,33.9,37.0,38.0,29.6,,,28.0,35.6,20.84,25.5,,37.5,3.0,28.66,30.37,9.68,34,0.2759703914,0.9263241163
2023,3,Arkansas St.,Memphis,-20.5,-34,3,37,-12.97,-17.04,-17.27,-15.33,-12.92,-12.45,-14.12,-8.0,-29.05,-16.0,-14.69,-9.04,-21.25,-10.07,-17.58,-13.8,-5.0,-27.85,-15.14,,-5.35,,,-19.3,-15.71,-15.42,-11.93,-15.02,-26.0,-21.5,-23.0,,-13.32,-22.5,,-24.2,,-20.3,-20.5,-36.6,-28.4,,,-25.0,-20.7,-27.64,-10.3,,-21.0,-4.0,-20.74,-16.83,7.37,40,0.566246987,0.1575950737
2023,3,Baylor,Utah,-7.0,-7,13,20,-5.11,-13.97,-10.38,-9.6,-13.2,-0.93,-3.78,-7.0,-13.68,-8.0,-5.63,-14.17,-12.84,-7.89,-10.67,-11.94,-2.0,-17.55,-5.86,-19.25,-11.02,,,-11.3,-11.02,-11.17,-8.03,-9.87,-9.0,-6.0,-14.0,,-19.56,-12.6,,-12.7,,-10.4,-7.5,-16.2,-5.4,,,-13.0,-12.1,-23.94,-6.9,,-8.5,3.0,-14.38,-9.97,5.11,33,0.4129099077,0.2611480055
2023,3,Boise St.,Central Florida,-3.0,-2,16,18,-3.31,-6.55,-6.51,6.66,-8.49,-5.94,-4.74,-1.0,-10.73,-3.5,-3.74,-3.76,-4.61,-1.43,-4.51,-2.68,1.0,-4.45,-1.4,-3.25,4.73,,,-7.8,-3.5,-12.81,-1.41,-11.98,-1.0,-2.5,0.01,,0.82,-1.0,,-9.3,,-3.2,-3.0,-19.2,-16.5,,,-22.0,-3.9,-3.28,-3.1,,-3.5,8.0,2.08,-4.93,6.17,34,0.4646725041,0.3955692758
2023,3,California,Auburn,-6.0,-4,10,14,-0.8,0.59,-2.11,2.7,-0.41,-3.6,-0.98,-2.0,0.25,-9.0,-0.95,0.81,-1.76,0.68,-2.15,0.22,-4.0,0.65,-2.95,-2.11,-2.48,,,-6.0,-2.0,-1.56,-0.95,1.95,-2.0,-7.0,-4.0,,-3.91,-9.3,,-3.4,,-8.2,-5.0,-4.1,-0.7,,,-3.0,-8.2,0.56,-3.0,,-6.0,6.0,-4.4,-1.66,3.07,24,0.5941053257,0.4471065169
2023,3,Coastal Carolina,Jacksonville St.,13.5,14,30,16,15.65,8.01,10.52,-2.68,3.28,5.53,17.07,7.0,12.62,17.5,14.17,4.95,9.63,5.56,8.98,13.37,7.0,-7.35,12.0,,18.94,,,16.6,9.57,2.68,16.78,7.36,9.0,13.0,9.0,,4.62,13.0,,9.4,,10.1,13.0,9.5,14.1,,,1.0,11.2,-6.16,16.5,,14.0,4.5,0.88,12.89,6.38,46,0.3958108814,0.7001748127
2023,3,Colorado,Nebraska,2.5,22,36,14,-3.0,6.72,-7.54,-22.34,-3.47,-16.11,-4.37,-3.0,0.85,1.5,-3.59,10.63,-4.06,-4.73,-4.7,-7.27,-1.0,-13.75,-3.55,-7.96,10.38,,,-6.5,-3.59,-3.39,-0.94,-3.46,-16.0,2.5,7.0,,-10.54,-7.0,,-3.7,,-2.5,1.5,-8.8,2.5,,,-11.0,-0.9,-5.89,-3.1,,3.0,-3.5,-15.66,-12.81,7.18,50,0.3397129924,0.3936731545
2023,3,East Carolina,Marshall,-3.0,-18,13,31,2.91,5.84,7.34,3.31,5.9,0.0,3.67,3.0,8.37,-5.5,4.13,4.15,-1.6,3.24,3.51,6.92,-4.0,9.55,1.17,,3.16,,,-0.8,3.28,4.96,0.2,2.07,8.0,0.0,2.0,,7.12,2.2,,4.9,,2.3,-2.0,-1.6,3.0,,,7.0,2.4,7.51,-2.2,,-3.0,4.0,4.42,7.3,3.44,44,0.6557113568,0.585542093
2023,3,Florida Atlantic,Ohio,3.5,-7,10,17,4.96,4.31,6.21,7.05,9.04,6.47,4.88,4.0,5.35,3.0,6.26,3.6,3.68,-0.42,4.41,1.61,1.0,5.75,8.66,,-6.87,,,2.0,4.22,5.23,4.12,7.54,3.0,4.0,4.0,,7.17,5.0,,7.1,,2.7,3.5,7.0,14.3,,,4.0,4.0,-3.08,3.1,,3.5,2.0,-1.77,9.72,3.98,27,0.5221705905,0.6062106643
2023,3,Florida Intl.,North Texas,-11.5,7,46,39,-8.85,-6.91,-11.3,-18.37,-5.07,-9.67,-10.16,-4.0,-10.81,-7.5,-8.17,-4.31,-13.55,-8.52,-9.54,-6.2,-2.0,-12.05,-13.86,-10.57,-1.92,,,-7.7,-9.13,-8.38,-9.13,0.63,-17.0,-14.0,-11.0,,-12.7,-12.5,,-4.7,,-7.2,-11.5,-11.5,-4.1,,,-15.0,-10.2,-17.92,-8.0,,-13.5,-4.0,-17.25,-13.79,4.58,85,0.5472170588,0.2818246999
2023,3,Florida St.,Southern Miss.,31.0,53,66,13,25.55,21.31,26.97,33.73,25.63,22.44,28.05,19.0,30.91,12.0,24.58,14.92,32.16,15.6,27.93,21.17,3.0,35.15,31.69,,19.32,,,28.8,28.8,26.82,25.9,30.85,30.0,28.0,31.0,,33.69,38.1,,33.8,,36.6,31.0,43.6,28.8,,,34.0,37.9,34.4,24.5,,31.0,18.0,29.15,32.51,7.94,79,0.4313470191,0.9421883161
2023,3,Georgia,Ball St.,41.5,42,45,3,36.31,35.33,42.17,64.59,34.24,42.28,39.29,29.0,45.07,34.5,35.85,28.83,48.9,19.23,40.92,36.95,12.0,50.75,47.9,,24.24,,,38.8,41.45,40.49,37.19,39.48,44.0,43.0,51.0,,40.9,50.5,,42.0,,47.1,41.5,46.2,51.8,,,50.0,49.6,47.0,35.0,,42.0,15.0,50.84,44.15,10.61,48,0.4878835435,0.9839469782
2023,3,Georgia Southern,UAB,7.0,14,49,35,2.57,4.1,-2.9,-4.98,-0.04,-4.46,2.52,1.0,3.32,-3.5,2.61,4.62,2.65,-0.5,1.16,-0.94,-3.0,1.25,4.48,,-1.63,,,0.2,1.13,-1.53,2.55,-0.43,-1.0,4.0,4.0,,7.08,1.7,,2.8,,1.6,5.5,1.9,17.8,,,-2.0,3.0,-3.71,6.7,,7.0,-2.5,-3.56,-0.05,4.05,84,0.3607451159,0.5282236257
2023,3,Georgia St.,Connecticut,3.0,21,35,14,5.78,5.31,12.08,12.05,5.22,17.16,4.79,6.0,1.87,13.5,5.08,7.6,7.23,4.48,6.37,6.86,5.0,9.75,8.14,,0.88,,,13.1,5.54,6.12,8.82,4.44,13.0,5.0,4.0,,-5.18,0.1,,1.1,,1.0,3.5,1.2,2.9,,,3.0,-0.1,4.75,4.7,,3.0,9.0,9.24,9.84,4.87,49,0.5804097364,0.6493633247
2023,3,Iowa St.,Iowa,-3.5,-7,13,20,2.63,-5.82,1.93,-0.61,4.8,2.27,3.23,-0.25,-3.72,-2.0,2.5,-7.23,0.18,-1.71,-0.54,2.76,-2.0,-1.55,-1.22,,-4.58,,,1.0,-0.91,0.96,1.48,2.91,-2.0,-3.5,-3.0,,-8.99,-3.3,,-5.2,,-3.8,-3.0,-3.5,12.0,,,3.0,-1.6,-5.54,-3.4,,-4.0,5.0,-4.0,3.42,3.99,33,0.571756389,0.4868402993
2023,3,Kansas,Illinois,4.0,11,34,23,2.08,0.28,-1.49,-21.72,0.74,-4.63,2.94,-2.0,1.73,-4.0,2.01,-0.68,-4.59,-2.33,-0.33,7.2,-2.0,-1.75,1.66,,1.16,,,-3.1,0.08,-1.64,0.36,-3.36,-5.0,4.0,3.0,,6.28,-1.2,,1.5,,-0.2,3.0,7.8,11.1,,,-2.0,1.3,-10.24,3.1,,3.0,5.0,0.93,-2.82,5.16,57,0.3976524519,0.4921127623
2023,3,Kansas St.,Troy St.,15.5,29,42,13,20.36,10.61,22.65,20.4,18.78,15.54,23.25,10.0,18.74,7.0,19.95,5.19,18.89,10.93,17.04,15.64,1.0,23.85,18.35,,4.67,,,16.1,18.43,20.22,18.51,20.06,19.0,17.5,16.0,,19.51,15.9,,15.1,,18.7,15.5,21.0,35.9,,,26.0,17.3,15.72,8.6,,17.0,3.5,13.81,24.87,6.95,55,0.5354022074,0.8372446433
2023,3,Liberty,New Mexico St.,9.5,16,33,17,12.93,13.34,16.8,10.89,16.1,17.93,12.73,9.0,10.88,19.5,13.83,14.97,17.53,12.93,12.93,10.29,8.0,7.85,13.31,18.59,10.71,,,19.5,13.6,13.73,14.12,8.71,12.0,13.5,14.0,,0.92,16.0,,14.1,,13.6,10.0,3.1,17.0,,,17.0,13.9,8.43,11.2,,10.5,3.0,9.94,15.04,4.35,50,0.5825319544,0.7839219125
2023,3,Maryland,Charlotte,24.5,18,38,20,25.43,19.69,29.26,32.29,23.59,25.72,27.4,18.0,24.93,16.0,26.12,16.22,31.93,17.36,27.64,20.44,5.0,34.25,27.47,,19.83,,,24.7,26.22,26.32,25.06,21.29,31.0,24.5,38.0,,34.8,48.4,,22.9,,42.8,24.5,39.9,33.4,,,34.0,44.5,26.52,24.0,,24.5,10.5,33.57,31.6,8.86,58,0.5685675068,0.9358009466
2023,3,Massachusetts,Miami (Ohio),-7.0,-13,28,41,-15.7,-1.79,-13.08,-8.63,-0.48,-13.07,-17.74,-5.0,-1.15,-10.0,-14.1,-2.21,-10.61,-7.43,-7.79,-1.3,-8.0,-4.45,-13.57,-4.45,3.84,,,-9.0,-7.8,-4.21,-16.83,-4.34,-10.0,-6.0,-15.0,,-9.13,-13.3,,-7.8,,-11.4,-7.0,-3.5,-2.5,,,-3.0,-10.0,-7.36,-6.7,,-7.0,2.5,-7.09,-12.69,5.56,69,0.481271272,0.3216488595
2023,3,Miami (Fla.),Texas A&M,-3.0,15,48,33,-4.55,-2.23,-7.41,-2.64,-0.46,-3.56,-5.1,-1.0,-4.87,-2.5,-4.41,-0.46,-5.5,-2.68,-4.58,-5.29,-4.0,-7.75,-1.28,-9.05,-6.52,,,-6.5,-4.41,-3.14,-4.96,1.13,-6.0,-4.5,-1.0,,-4.07,-3.3,,-4.2,,-3.2,-3.0,-7.6,-22.6,,,-9.0,-2.8,-5.35,-3.5,,-4.0,3.5,-8.29,-4.67,3.91,81,0.461505725,0.3896863006
2023,3,Michigan,UNLV,38.0,28,35,7,33.55,27.67,37.6,46.7,30.39,39.75,36.25,28.0,33.17,27.0,33.03,24.0,38.73,18.87,36.25,36.91,10.0,41.45,37.65,,23.67,,,38.8,37.63,32.97,34.45,38.1,40.0,35.0,45.0,,49.97,44.1,,34.1,,40.9,38.0,48.9,45.0,,,41.0,41.7,43.13,31.0,,37.0,18.5,42.14,41.3,8.69,42,0.4614806922,0.9774197449
2023,3,Minnesota,Eastern Mich.,20.0,19,25,6,18.15,15.59,28.77,32.2,22.78,12.43,19.45,14.0,23.2,11.0,19.13,10.5,23.75,14.22,20.52,14.26,4.0,27.25,24.79,,7.18,,,18.9,20.25,23.38,17.44,25.77,22.0,21.0,23.0,,28.25,30.8,,19.2,,29.1,20.0,22.6,28.1,,,21.0,29.7,15.36,19.5,,20.5,5.0,15.74,28.99,7.42,31,0.5118358176,0.879183835
2023,3,Mississippi St.,Arizona,8.5,7,31,24,8.48,10.3,16.05,36.45,13.18,21.06,9.59,12.0,11.52,18.0,8.26,9.48,14.62,11.19,13.97,13.11,6.0,16.35,13.5,,13.58,,,17.6,13.4,14.25,7.67,10.54,18.0,9.0,19.0,,20.25,13.4,,10.7,,13.3,9.5,18.4,13.4,,,16.0,13.0,8.0,5.2,,9.5,5.0,22.4,14.09,5.55,55,0.6275210063,0.7969511088
2023,3,Missouri,Middle Tenn.,21.0,4,23,19,13.27,11.27,20.08,2.08,15.73,7.77,14.41,11.0,17.68,12.0,13.41,7.0,21.37,12.24,16.61,13.39,3.0,17.45,20.9,,3.14,,,19.2,15.7,15.66,12.84,20.49,14.0,20.5,23.0,,19.66,28.2,,18.5,,23.9,20.5,29.6,32.3,,,22.0,28.1,22.12,13.3,,21.0,8.0,12.97,18.94,7.28,42,0.4007678769,0.8292093978
2023,3,NC St.,Notre Dame,-7.0,-21,24,45,-7.24,-6.39,-9.84,6.14,-8.49,-8.29,-9.79,-3.0,-10.68,-7.5,-7.05,-3.54,-10.52,-2.7,-8.61,-6.19,-6.0,-15.85,-9.26,-15.25,-2.43,,,-13.8,-8.49,-6.01,-4.56,-12.3,-9.0,-8.0,-9.0,,-10.53,-6.5,,-14.1,,-5.8,-7.0,-15.0,-13.0,,,-17.0,-4.6,-9.19,-5.2,,-7.5,-8.0,-15.22,-8.06,4.52,69,0.4611443381,0.3009441899
2023,3,North Carolina,Appalachian St.,19.5,6,40,34,10.69,15.4,10.81,-0.82,10.45,7.18,12.23,13.0,17.99,4.5,9.8,13.67,12.45,9.68,14.32,10.52,-4.0,15.15,12.74,,15.56,,,5.1,13.0,15.46,10.09,22.37,9.0,15.0,19.0,,31.22,26.8,,19.7,,23.2,19.0,30.1,21.7,,,13.0,25.6,18.45,15.5,,18.5,4.0,13.77,12.15,7.46,74,0.3838671549,0.7928816332
2023,3,Northwestern,UTEP,1.0,31,38,7,10.28,1.48,14.27,-20.94,4.61,-3.2,11.3,1.0,1.75,2.5,10.03,1.29,3.96,-3.99,3.96,-0.43,4.0,-5.35,11.12,,2.35,,,12.1,3.48,5.72,9.92,13.4,4.0,0.0,3.0,,-4.22,11.6,,2.2,,8.6,1.0,8.3,1.2,,,1.0,13.1,-0.74,-3.3,,-1.0,4.0,-4.64,11.51,7.06,45,0.5676383593,0.590145949
2023,3,Oklahoma,SMU,16.5,17,28,11,17.06,10.59,17.36,-0.54,19.86,12.1,19.66,10.0,17.93,12.0,16.77,5.7,17.24,5.87,15.24,10.56,5.0,23.45,17.03,18.75,3.02,,,18.4,17.06,18.85,15.31,20.75,18.0,17.0,15.0,,10.48,20.4,,21.6,,19.4,16.5,25.6,16.3,,,24.0,18.2,3.02,13.1,,15.5,6.0,15.37,20.32,6.46,39,0.470696763,0.8130585705
2023,3,Old Dominion,Louisiana-Lafayette,-6.0,7,38,31,-4.04,-7.72,-10.27,-6.39,-7.53,-10.35,-4.15,-7.0,-8.14,-16.5,-3.83,-7.44,-10.09,-7.85,-7.71,-7.89,-10.0,-7.65,-5.74,,-2.54,,,-11.7,-7.79,-3.76,-5.27,-5.13,-8.0,-7.0,-13.0,,-11.23,-10.8,,-10.8,,-8.8,-6.0,-11.8,1.8,,,-6.0,-9.2,-10.09,-6.9,,-6.0,0.5,-11.51,-4.05,3.7,69,0.4582226474,0.3180972348
2023,3,Pittsburgh,Cincinnati,6.5,-6,21,27,4.39,5.69,1.42,12.0,-0.86,5.77,3.58,5.0,2.13,-1.5,4.41,8.07,5.3,-1.09,4.52,4.19,-4.0,-0.75,6.22,,4.08,,,0.7,4.71,0.34,6.01,3.84,5.0,8.0,9.0,,10.33,9.3,,6.0,,9.5,6.5,3.9,3.4,,,-7.0,9.5,5.97,7.5,,7.5,7.0,8.49,1.49,3.99,48,0.4518579018,0.608783892
2023,3,Rice,Houston,-8.0,2,43,41,-10.19,-10.53,-16.01,-20.53,-9.45,-16.17,-10.64,-10.0,-10.01,-17.5,-9.76,-10.88,-15.25,-7.48,-13.19,-11.67,-6.0,-15.45,-9.09,-19.17,-9.97,,,-13.6,-14.0,-15.41,-12.06,-7.56,-14.0,-8.5,-16.0,,-12.75,-14.7,,-7.3,,-16.1,-9.0,-15.9,-15.3,,,-24.0,-14.3,-23.58,-4.3,,-9.5,-1.0,-17.84,-14.81,4.74,84,0.3770407407,0.2129774864
2023,3,Rutgers,Temple,8.0,29,36,7,13.25,9.64,15.85,4.73,15.13,16.09,14.86,8.0,10.5,5.5,13.24,9.06,13.07,7.25,10.42,6.98,-1.0,8.95,13.75,9.47,7.39,,,7.8,10.0,15.98,12.1,12.79,9.0,10.0,18.0,,11.03,13.3,,7.9,,14.6,8.0,5.6,9.5,,,10.0,13.7,-0.36,4.4,,9.0,3.5,10.58,14.54,4.4,43,0.558394592,0.7364766164
2023,3,Sam Houston St.,Air Force,-13.5,-10,3,13,-15.24,-10.81,-16.3,-11.7,-8.98,-17.19,-15.7,-12.0,-12.02,-23.0,-14.67,-10.0,-17.4,-11.51,-15.75,-23.07,-8.0,-19.85,-12.25,,-18.32,,,-23.9,-16.26,-12.54,-18.19,-8.38,-17.0,-15.0,-16.0,,-18.32,-16.8,,-15.3,,-15.5,-14.0,-21.0,-10.1,,,-18.0,-16.6,-17.58,-18.0,,-13.5,7.0,-27.44,-28.73,5.97,16,0.4472245538,0.1765128109
2023,3,San Diego St.,UCLA,-13.5,-25,10,35,-7.61,-9.17,-16.0,-11.18,-10.91,-8.61,-8.11,-4.0,-16.65,1.5,-9.08,-4.18,-13.62,-7.87,-10.8,-9.27,3.0,-6.55,-11.15,-8.43,-5.95,,,-5.2,-10.9,-15.07,-7.0,-14.44,-9.0,-13.0,-11.0,,-15.07,-16.4,,-12.9,,-14.5,-13.5,-16.3,-24.3,,,-15.0,-16.6,-21.03,-10.9,,-14.5,2.0,-9.23,-14.55,5.72,45,0.5635702114,0.2610508175
2023,3,Syracuse,Western Mich.,24.5,41,48,7,13.84,18.27,19.13,19.75,14.08,6.14,16.08,11.0,28.85,6.0,14.23,11.22,19.64,14.67,18.47,12.8,-1.0,21.55,21.99,,9.25,,,14.5,18.14,21.17,11.31,24.76,18.0,21.0,29.0,,29.97,25.6,,24.3,,23.3,24.0,31.5,33.0,,,21.0,27.9,14.87,17.0,,23.5,10.5,12.09,23.95,7.68,55,0.3661881617,0.852553667
2023,3,Texas Tech,Oregon,-6.0,-8,30,38,-2.84,-11.48,-7.28,-2.49,-8.98,1.67,-4.57,-1.0,-14.8,-7.0,-2.07,-9.27,-7.17,-5.98,-6.47,-0.23,-5.0,-7.05,-7.04,,-2.74,,,-6.8,-6.39,-10.36,-1.67,-7.1,-2.0,-6.5,-7.0,,-1.33,-7.3,,-12.7,,-5.2,-6.0,-17.7,-17.1,,,-11.0,-5.9,-17.06,-4.9,,-6.0,-0.5,0.38,-5.82,4.79,68,0.4886925917,0.3481842565
2023,3,Texas-San Antonio,Texas St.,13.5,7,20,13,21.12,8.75,14.28,19.68,8.83,14.83,24.86,16.0,7.59,14.5,20.9,9.52,12.58,,15.63,10.55,5.0,13.05,20.33,10.04,10.48,,,10.1,14.67,7.54,17.71,9.18,19.0,11.5,29.0,,36.34,17.9,,13.4,,15.2,13.5,25.6,14.5,,,15.0,16.2,19.92,8.7,,13.5,14.5,17.4,18.23,6.3,33,0.5496214438,0.8199274607
2023,3,Tulane,Mississippi,-7.5,-17,20,37,-6.42,2.38,-5.4,-3.11,-7.85,-2.18,-8.24,1.0,-3.17,-0.5,-6.58,6.08,-4.48,,-2.38,8.91,-1.0,-1.95,-6.96,,8.15,,,0.1,-3.3,-10.91,-4.74,-11.75,1.0,-5.5,0.01,,-6.55,-8.8,,-5.7,,-10.3,-7.0,-6.8,-5.6,,,2.0,-9.2,6.91,-3.3,,-7.5,11.5,12.52,-5.69,6.27,57,0.6179101552,0.4445466575
2023,3,USC,Stanford,29.0,46,56,10,23.83,21.39,15.76,31.59,19.94,23.85,27.58,23.0,26.9,19.5,23.42,17.72,23.15,16.95,24.74,17.71,3.0,29.25,28.65,25.45,21.52,,,19.8,24.0,18.62,21.34,26.19,24.0,30.5,34.0,,51.02,29.2,,34.1,,26.0,28.5,35.2,27.9,,,25.0,26.6,21.73,24.5,,29.0,16.5,24.28,26.16,7.32,66,0.4037405895,0.921488561
2023,3,Virginia,James Madison,-6.5,-1,35,36,-1.54,-8.98,4.36,-17.56,1.53,-9.66,-1.75,-0.25,-8.51,1.5,-1.1,-9.28,-4.58,-6.35,-3.88,-5.34,-3.0,-7.55,-5.26,,-11.02,,,-5.6,-4.54,1.65,-2.4,0.18,-8.0,-6.0,-3.0,,-6.17,3.5,,-9.7,,3.8,-6.5,-16.4,-6.0,,,-5.0,5.1,-1.19,-4.0,,-6.5,-4.5,-8.32,0.25,5.8,71,0.5616032113,0.4092035984
2023,3,Virginia Tech,Purdue,2.5,-7,17,24,2.29,2.22,-5.06,-12.75,-1.47,-0.05,2.1,-2.0,-0.61,-3.0,1.48,4.11,-5.19,-7.87,-2.43,-4.69,-2.0,-4.55,0.22,-4.87,-7.47,,,-4.2,-2.31,-2.31,3.33,2.31,-4.0,-1.5,-1.0,,-3.91,-9.7,,1.2,,-7.4,2.0,6.4,1.5,,,-8.0,-10.3,-1.35,2.2,,3.0,5.0,-8.92,-3.73,4.5,41,0.3825586903,0.4414623254
2023,3,Wake Forest,Vanderbilt,10.0,16,36,20,14.41,9.22,15.18,23.04,12.74,21.25,14.77,9.0,10.1,15.5,14.59,8.64,14.68,9.39,13.26,9.02,6.0,16.65,13.03,,7.95,,,13.6,13.65,11.49,15.57,10.88,15.0,13.0,11.0,,6.49,13.9,,7.0,,15.1,10.5,12.2,9.0,,,15.0,12.6,17.9,13.7,,10.0,17.5,11.68,16.33,3.91,56,0.5790243532,0.7913312308
2023,3,Washington,Tulsa,32.5,33,43,10,27.73,22.53,20.84,22.22,23.44,18.34,31.06,19.0,29.09,10.5,27.1,18.14,25.88,15.89,26.52,20.46,4.0,30.85,29.85,,20.84,,,21.7,27.19,23.53,26.6,27.29,23.0,35.0,39.0,,45.94,40.7,,29.0,,35.0,31.5,33.1,28.5,,,29.0,37.0,29.91,28.0,,34.0,15.0,38.0,27.68,8.24,53,0.3690672443,0.9309173172
2023,3,Washington St.,Wisconsin,-5.5,9,31,22,-3.3,-0.12,-0.53,1.19,-0.82,-5.3,-3.23,-1.0,-0.64,-5.0,-3.53,0.24,-1.01,6.28,-1.49,2.16,-1.0,1.55,-7.88,1.38,1.69,,,-1.6,-1.0,0.11,-4.29,-5.36,-1.0,-5.5,0.01,,-11.11,-7.9,,-6.0,,-5.2,-5.0,-3.2,4.5,,,-4.0,-4.7,10.16,-3.5,,-5.5,3.0,3.71,-4.32,4.0,53,0.5967588591,0.4637373534
2023,4,Air Force,Utah St.,9.0,18,39,21,4.9,9.99,9.48,8.62,1.16,13.84,2.79,10.0,4.3,12.0,4.5,13.04,12.03,12.62,9.77,10.76,2.0,2.85,10.42,7.17,14.18,,,12.3,10.42,6.48,9.66,1.94,13.0,9.5,16.0,,17.16,17.5,,5.7,,13.5,9.0,17.2,5.0,,,-1.0,13.8,10.85,11.0,,9.0,8.5,17.04,10.69,4.81,60,0.5185139202,0.7220843033
2023,4,Appalachian St.,East Carolina,7.5,15,43,28,10.55,7.21,6.65,23.3,9.71,8.78,11.37,5.0,12.9,13.5,11.27,4.15,10.02,2.67,7.73,8.94,22.0,7.55,10.0,1.58,-6.02,,,11.0,8.78,7.03,10.14,5.11,6.0,9.0,11.0,,1.91,3.6,,9.2,,4.5,7.5,9.7,14.4,,,9.0,3.1,1.62,4.9,,8.5,10.5,-1.1,6.76,5.77,71,0.5054320092,0.6763912426
2023,4,Arizona,UTEP,19.0,21,31,10,16.48,16.58,22.85,11.15,16.37,10.14,19.71,12.0,28.4,8.5,16.16,10.22,23.36,12.85,18.09,16.23,20.0,23.55,19.15,39.78,16.34,,,19.4,17.39,16.71,14.11,20.43,17.0,17.0,11.0,,11.73,23.5,,19.0,,21.8,19.0,18.5,21.7,,,21.0,25.1,22.88,13.2,,17.5,11.0,17.39,18.92,5.8,41,0.4785288498,0.8577837571
2023,4,Arizona St.,Fresno St.,-3.0,-29,0,29,1.0,-7.94,4.11,-3.67,-4.9,-9.41,1.05,-6.0,-4.49,-10.5,0.09,-9.81,-4.03,-5.75,-4.01,-13.12,-15.0,-4.95,2.14,-11.56,-11.71,,,-3.7,-3.8,-0.37,1.61,-3.79,-7.0,-3.0,-4.0,,-8.27,3.6,,-3.8,,3.8,-3.0,-10.8,-2.7,,,-7.0,4.8,-2.51,0.1,,-3.0,-0.5,-18.32,1.55,5.75,29,0.4761487605,0.4061303781
2023,4,Arkansas,BYU,8.0,-7,31,38,8.24,5.44,9.16,11.08,7.94,13.85,9.67,6.0,13.77,2.0,8.3,0.95,8.32,7.06,9.22,12.45,6.0,14.15,9.78,,1.52,,,7.8,8.93,8.86,6.75,12.47,13.0,10.0,15.0,,0.29,7.7,,8.6,,9.0,8.0,15.2,17.8,,,11.0,9.3,12.81,7.1,,8.0,8.5,12.34,12.82,4.14,69,0.5296398504,0.7129423651
2023,4,Boston College,Florida St.,-24.5,-2,29,31,-19.11,-28.49,-19.99,-20.3,-24.81,-22.41,-24.65,-19.0,-48.87,-17.5,-18.86,-17.51,-29.36,-11.79,-27.1,-23.58,-41.0,-40.85,-25.36,-38.96,-20.44,,,-25.8,-25.8,-24.07,-14.59,-30.87,-28.0,-28.0,-28.0,,-32.45,-33.7,,-37.6,,-31.0,-24.5,-39.5,-33.5,,,-50.0,-32.1,-33.74,-23.0,,-27.0,-10.0,-32.81,-27.58,9.27,60,0.4437674206,0.0702306635
2023,4,Buffalo,Liberty,-3.0,-28,27,55,-1.04,-15.45,-4.07,-17.61,-6.4,-2.19,-1.14,-6.0,-11.82,-12.0,-2.16,-17.39,0.29,-5.58,-4.48,-2.43,-28.0,-4.05,1.76,-0.02,-3.61,,,3.1,-3.9,-6.18,-0.45,-4.41,-4.0,-3.5,-5.0,,3.74,-4.1,,-7.7,,-3.4,-3.0,-3.3,-2.6,,,-8.0,-3.5,-2.02,-3.9,,-3.5,1.0,-8.98,-4.93,6.05,82,0.4652898667,0.3960052146
2023,4,Charlotte,Georgia St.,-6.5,-16,25,41,-6.32,-4.25,-9.46,-3.69,-9.42,-9.89,-6.99,-6.0,-2.17,-10.0,-6.81,-5.36,-17.2,-7.46,-9.65,-6.8,-7.0,-14.95,-7.26,-12.14,-1.74,,,-9.5,-9.46,-7.48,-6.48,-2.4,-11.0,-7.5,-11.0,,-13.53,-20.2,,-3.8,,-17.2,-6.5,-17.4,-14.4,,,-18.0,-16.8,-15.57,-5.4,,-8.0,0.5,-17.12,-11.79,5.24,66,0.4252730861,0.2818927014
2023,4,Cincinnati,Miami (Ohio),14.0,-7,24,31,19.67,19.47,27.86,31.61,27.45,20.61,23.96,11.0,31.02,22.5,19.88,13.26,28.86,16.13,21.55,20.6,29.0,33.85,19.83,25.43,22.08,,,21.7,21.18,25.91,15.66,21.18,26.0,17.0,19.0,,11.57,12.9,,18.2,,14.4,15.0,18.7,25.0,,,39.0,15.1,28.35,15.0,,14.0,11.0,23.11,21.43,6.43,55,0.6703338398,0.8958543661
2023,4,Clemson,Florida Atlantic,26.0,34,48,14,18.76,21.17,27.17,15.13,10.71,18.12,21.61,15.0,29.95,18.5,17.18,16.44,20.0,16.17,21.21,17.69,6.0,23.75,23.06,21.38,22.79,,,20.4,21.61,22.74,18.87,24.93,23.0,23.5,24.0,,23.6,23.8,,20.3,,23.7,25.0,25.3,14.0,,,23.0,25.4,27.19,24.0,,25.5,13.0,26.63,21.15,4.95,62,0.3866502629,0.8989381024
2023,4,Colorado,Colorado St.,23.5,8,43,35,13.18,17.17,16.77,27.96,17.39,7.43,15.81,14.0,26.21,18.0,12.94,12.29,9.56,9.85,15.07,16.41,29.0,15.7,25.25,17.9,18.1,,,13.0,15.81,18.14,11.68,18.97,4.0,21.0,27.0,,3.93,12.7,,16.6,,16.1,22.5,9.2,10.0,,,22.0,17.6,13.08,16.0,,23.0,-1.5,12.9,23.06,6.4,78,0.3111913963,0.8106736376
2023,4,Connecticut,Florida Intl.,7.0,-7,17,24,7.61,2.53,9.24,0.37,7.68,6.62,7.62,0.25,7.68,-1.5,7.94,-0.23,12.93,9.92,8.88,8.89,-11.0,5.85,14.14,9.75,5.15,,,2.3,8.0,6.86,8.4,7.31,16.0,10.0,10.0,,19.95,17.6,,4.7,,13.7,7.0,17.0,10.6,,,14.0,15.9,17.19,7.5,,7.0,8.0,11.44,10.64,5.92,41,0.544174238,0.6998914507
2023,4,Duke,Northwestern,17.0,24,38,14,6.1,18.35,7.92,6.88,13.09,15.57,6.08,13.0,22.38,13.0,6.5,16.18,16.83,17.04,16.49,22.07,15.0,15.15,16.28,28.02,25.55,,,15.0,16.28,12.6,6.64,9.41,19.0,20.0,21.0,,32.73,19.2,,18.8,,18.4,17.0,14.3,18.8,,,29.0,16.6,24.85,23.5,,18.0,13.0,24.69,9.67,6.79,52,0.4882170953,0.8302403776
2023,4,Eastern Mich.,Massachusetts,7.0,2,19,17,20.08,9.94,18.32,3.46,6.64,18.2,22.16,10.0,9.59,20.0,18.32,10.13,17.67,16.33,15.01,10.43,11.0,20.75,18.02,23.01,16.84,,,16.2,13.5,12.19,22.0,4.81,23.0,10.0,23.0,,12.53,12.8,,13.2,,12.1,8.0,7.4,6.7,,,9.0,10.6,12.58,13.0,,7.0,13.5,30.42,19.73,5.87,36,0.6819976235,0.8124351873
2023,4,Florida,Tennessee,-5.0,13,29,16,-6.3,-6.08,-4.34,-0.78,-6.35,-15.21,-7.53,-5.0,-1.36,-5.5,-5.3,-8.62,-12.82,-5.94,-8.86,-8.38,-9.0,-10.25,-5.7,-18.76,-11.34,,,-6.8,-7.24,-8.18,-7.0,-1.58,-9.0,-7.0,-6.0,,-13.69,-9.7,,-5.7,,-11.5,-5.0,-12.3,-31.9,,,-14.0,-8.9,-12.84,-5.2,,-6.0,-6.0,-18.52,-7.24,5.51,45,0.4091642398,0.2990175389
2023,4,Georgia,South Carolina,26.5,10,24,14,18.19,22.33,27.4,16.07,19.81,26.52,20.22,20.0,26.59,31.5,17.51,20.04,34.33,16.44,23.91,25.4,15.0,24.85,24.71,32.19,10.49,,,24.4,24.85,22.36,18.75,22.29,28.0,27.0,20.0,,20.03,28.5,,25.3,,25.2,26.5,32.3,32.8,,,30.0,26.2,26.33,25.0,,27.5,14.5,25.67,23.08,5.78,38,0.4390714268,0.9215293793
2023,4,Houston,TCU,-7.0,-23,13,36,-5.39,-0.41,-9.55,3.44,-0.95,-2.11,-5.97,2.0,-6.55,0.01,-5.56,2.9,-7.97,-8.4,-4.44,-5.44,-11.0,-3.05,-5.67,-8.56,3.95,,,-7.3,-5.44,-4.69,-5.88,-5.01,-8.0,-6.5,-6.0,,3.83,-11.4,,-5.9,,-10.1,-7.0,-6.3,3.3,,,-1.0,-11.6,-11.44,-3.5,,-7.5,0.5,-10.25,-4.8,4.73,49,0.5614131613,0.3943292751
2023,4,Illinois,Penn St.,-14.0,-17,13,30,-11.87,-6.85,-17.0,-21.29,-13.78,-12.16,-16.87,-6.0,-9.68,-13.0,-9.89,-5.31,-12.82,-5.13,-13.1,-14.27,-26.0,-18.85,-14.72,-19.42,-7.53,,,-14.4,-13.0,-12.98,-8.32,-17.28,-12.0,-14.5,-14.0,,-14.91,-10.1,,-15.2,,-9.8,-14.0,-19.8,-14.9,,,-24.0,-9.3,-15.74,-10.4,,-15.0,-3.5,-22.21,-12.38,5.17,43,0.5214958292,0.21632556
2023,4,Indiana,Louisville,-10.0,-7,14,21,-9.9,-12.79,-8.32,3.09,-8.08,-14.4,-10.19,-9.0,-18.53,-12.0,-10.44,-9.7,-9.22,-6.51,-11.34,-10.53,-20.0,-12.1,-5.65,-9.37,-9.37,,,-4.5,-10.52,-11.58,-10.9,-10.12,-14.0,-6.0,-11.0,,-17.85,-23.4,,-11.5,,-17.5,-10.0,-28.0,-12.2,,,-7.0,-19.7,-18.41,-8.9,,-10.0,-0.5,-14.68,-10.52,5.66,35,0.4683142034,0.2505204057
2023,4,Iowa,Western Mich.,27.5,31,41,10,24.31,18.86,29.67,15.06,26.17,18.49,27.06,17.0,24.6,18.5,25.47,15.76,30.71,16.85,25.07,24.48,14.0,32.75,31.46,29.44,15.54,,,27.3,25.47,25.71,23.01,25.86,25.0,27.0,40.0,,33.69,25.1,,27.3,,24.1,27.5,29.2,31.7,,,26.0,25.3,28.55,24.5,,29.0,10.5,27.89,31.74,6.24,51,0.4433613651,0.9291734108
2023,4,Kentucky,Akron,25.5,32,35,3,25.18,19.48,35.26,12.35,24.98,31.78,27.96,19.0,23.85,27.5,25.34,17.12,33.96,18.16,26.3,23.48,16.0,26.45,32.14,28.65,16.91,,,28.8,26.45,27.25,25.0,27.16,25.0,25.5,34.0,,34.05,33.7,,24.2,,31.2,25.5,21.0,33.4,,,26.0,33.7,25.28,25.0,,25.5,5.0,32.69,30.76,6.88,38,0.5184388195,0.9357444831
2023,4,Louisiana Tech,North Texas,4.5,-3,37,40,3.06,9.79,0.44,15.46,7.5,-3.49,3.56,8.0,10.18,8.0,4.29,9.58,-1.03,-3.42,2.51,3.59,19.0,7.75,1.09,-0.29,1.68,,,1.8,1.8,3.31,1.11,7.13,-1.0,2.5,4.0,,-7.53,-5.9,,7.0,,-1.4,4.5,0.9,10.8,,,3.0,-3.5,-9.15,0.4,,4.5,1.0,-3.16,1.97,5.74,77,0.4530749101,0.5591061534
2023,4,Maryland,Virginia,14.5,28,42,14,12.88,16.35,10.9,26.36,10.21,14.83,13.21,13.0,15.37,18.5,13.58,16.87,11.7,14.35,14.34,13.2,35.0,13.95,13.27,16.73,13.82,,,8.2,13.98,11.65,13.98,17.02,16.0,14.0,17.0,,14.54,17.0,,17.4,,13.0,14.5,23.7,19.2,,,7.0,14.3,9.13,16.5,,14.5,9.5,17.75,12.49,5.1,56,0.4961717823,0.8051185478
2023,4,Memphis,Navy,13.5,4,28,24,13.97,13.59,12.92,21.59,18.4,10.05,16.75,9.0,18.82,14.5,14.93,10.76,13.32,10.57,15.56,10.53,22.0,20.25,13.11,9.52,6.33,,,13.2,13.97,13.19,10.51,20.71,16.0,15.5,19.0,,5.83,30.0,,16.1,,26.1,13.5,12.2,33.7,,,22.0,29.0,11.58,14.5,,13.5,15.0,12.22,17.19,6.29,52,0.5480166375,0.8189398039
2023,4,Michigan,Bowling Green,40.5,25,31,6,35.31,27.22,40.98,24.63,29.83,38.53,39.23,26.0,35.17,31.0,34.31,22.94,44.07,19.05,36.92,36.34,16.0,44.55,39.68,42.83,24.47,,,42.1,39.0,35.35,36.47,36.2,44.0,40.0,47.0,,42.15,46.3,,36.1,,43.1,40.5,45.3,42.0,,,39.0,43.8,44.5,32.5,,40.0,15.0,44.0,47.79,8.73,37,0.4216699933,0.9792278772
2023,4,Michigan St.,Washington,-16.0,-34,7,41,-6.07,-11.73,-8.01,-0.03,-10.88,-3.18,-7.72,-3.0,-19.49,-0.5,-6.22,-7.56,-8.11,-7.19,-10.04,-10.16,-5.0,-11.45,-8.19,-15.84,-12.71,,,-9.9,-10.0,-6.37,-4.91,-6.37,-10.0,-16.0,-10.0,,-19.09,-15.5,,-16.9,,-11.8,-15.0,-18.4,-10.3,,,-18.0,-12.6,-18.68,-12.1,,-16.5,-4.5,-13.25,-8.98,4.97,48,0.6399372092,0.2730667872
2023,4,Mississippi,Georgia Tech,18.0,25,48,23,22.37,14.99,20.67,16.82,25.54,19.9,26.69,19.0,18.74,23.5,21.48,12.96,21.31,14.7,21.15,17.82,30.0,23.75,21.76,21.04,19.29,,,18.1,21.04,20.67,20.24,20.69,21.0,19.0,23.0,,33.82,25.5,,24.4,,23.0,18.5,24.3,28.3,,,25.0,24.0,13.42,23.0,,17.5,12.5,18.14,26.39,4.47,71,0.5757390326,0.9001593224
2023,4,Mississippi St.,LSU,-9.0,-27,14,41,-4.56,-0.28,0.06,7.71,8.99,5.26,-4.92,2.0,-6.74,4.5,-4.07,3.2,1.69,2.99,-0.42,5.78,5.0,3.55,-3.93,1.95,3.32,,,-2.2,-0.23,0.27,-5.83,-6.95,0.01,-7.5,-3.0,,-8.57,-6.7,,-11.0,,-4.4,-7.5,-1.4,10.2,,,5.0,-5.3,-2.46,-7.4,,-9.5,2.0,6.57,-1.67,5.08,55,0.6966542015,0.4899476853
2023,4,Missouri,Kansas St.,-3.0,3,30,27,-14.21,-7.64,-11.06,-6.65,-11.85,-11.29,-18.02,-3.0,-18.01,-5.5,-13.5,-2.06,-14.77,-6.99,-11.12,-12.06,-20.0,-21.75,-7.26,-18.53,-8.28,,,-8.0,-11.06,-12.88,-11.71,-7.43,-12.0,-6.0,-10.0,,-7.84,-6.6,,-10.3,,-7.8,-4.0,-13.6,-20.2,,,-26.0,-6.7,-14.19,-4.1,,-3.5,0.5,-19.1,-14.19,5.64,57,0.3148961355,0.2545931671
2023,4,Nebraska,Northern Ill.,13.5,24,35,11,9.12,11.98,20.18,-9.99,8.44,11.08,9.81,8.0,21.19,4.5,8.88,7.02,13.11,12.31,11.99,10.21,-8.0,15.65,14.36,17.87,11.63,,,8.5,12.31,13.99,9.59,10.82,19.0,13.0,17.0,,8.92,14.9,,13.9,,16.5,13.5,7.6,0.4,,,13.0,17.2,17.13,13.5,,11.5,6.0,23.63,17.04,6.7,46,0.4650803276,0.7567598895
2023,4,Nevada,Kansas,-28.0,-7,24,31,-19.55,-25.47,-17.44,-37.36,-21.04,-9.07,-23.8,-18.0,-39.28,-13.0,-20.47,-18.03,-16.59,-12.26,-23.57,-26.46,-43.0,-35.45,-22.07,-28.4,-13.96,,,-12.5,-22.08,-24.72,-15.81,-19.84,-22.0,-28.0,-31.0,,-26.43,-32.7,,-28.7,,-28.1,-27.5,-34.9,-32.7,,,-45.0,-32.3,-24.75,-22.0,,-28.0,-6.5,-34.08,-22.08,9.52,55,0.5945654378,0.1014678642
2023,4,New Mexico,New Mexico St.,2.5,-10,17,27,4.84,5.67,3.43,5.22,4.9,-2.44,5.09,2.0,9.36,1.0,5.81,3.67,1.68,-4.15,1.39,-1.92,-1.0,4.05,0.83,-2.32,1.21,,,4.0,1.9,4.24,4.01,1.63,-3.0,1.0,-1.0,,-4.06,0.4,,2.0,,0.1,2.5,-8.5,12.6,,,-1.0,1.9,-11.69,4.6,,1.0,-4.0,-3.79,3.56,4.45,44,0.4731590604,0.5335972128
2023,4,North Carolina,Minnesota,7.0,18,31,13,4.16,5.84,-1.29,0.9,6.53,1.9,4.39,2.0,8.89,2.0,4.81,4.2,-1.01,1.18,3.29,6.82,2.0,-1.25,5.16,-4.82,0.8,,,-1.6,3.6,1.02,3.52,9.32,-2.0,6.5,7.0,,6.75,4.5,,6.0,,3.6,6.5,11.8,8.0,,,5.0,5.9,2.48,3.5,,7.5,7.5,-8.58,0.04,3.97,44,0.4103196074,0.57967267
2023,4,Notre Dame,Central Mich.,34.5,24,41,17,28.18,28.5,33.36,34.9,28.54,29.03,34.04,25.0,44.17,29.0,27.45,20.05,35.34,18.04,32.47,34.43,34.0,42.35,31.83,37.95,24.76,,,31.9,33.36,31.37,24.42,38.05,35.0,33.0,38.0,,35.71,39.3,,37.8,,37.2,34.5,36.9,30.3,,,41.0,38.4,34.69,24.5,,34.5,19.5,41.07,32.96,6.27,58,0.4526615554,0.9714438026
2023,4,Ohio,Iowa St.,-2.5,3,10,7,-8.92,4.25,-19.9,0.8,-15.69,-6.32,-9.4,-2.0,-3.09,-1.0,-10.46,8.2,-9.48,-0.6,-5.87,-9.36,-1.0,-11.35,-9.03,-4.41,4.93,,,-7.7,-6.32,-11.71,-8.88,-10.71,-3.0,-2.5,-9.0,,-0.68,-5.1,,-1.9,,-5.0,-3.0,0.9,-9.5,,,-14.0,-7.5,-5.52,-2.7,,-3.0,10.0,-5.52,-18.38,6.94,17,0.4228830203,0.3673694012
2023,4,Ohio St.,Western Kentucky,29.5,53,63,10,23.4,14.82,29.95,10.81,20.61,13.39,25.92,19.0,20.92,26.0,23.16,11.54,28.4,16.79,23.96,21.15,1.0,28.15,33.35,25.61,9.57,,,25.4,25.0,24.47,23.95,31.93,20.0,28.0,29.0,,33.45,32.0,,22.5,,30.4,29.0,31.4,24.5,,,23.0,32.0,27.9,25.0,,29.0,11.5,29.25,28.16,7.66,73,0.3766312853,0.9130048786
2023,4,Oklahoma St.,South Alabama,7.5,-26,7,33,14.38,7.5,22.19,9.29,11.41,12.67,15.8,7.0,8.18,17.5,14.06,7.14,16.87,4.71,10.76,6.69,18.0,8.85,11.68,13.35,0.49,,,17.4,11.0,14.98,14.82,16.03,13.0,7.5,7.0,,-4.62,9.6,,6.1,,12.8,7.5,0.4,25.5,,,10.0,11.0,8.95,3.6,,7.0,1.5,4.89,13.63,6.66,40,0.5750915439,0.7340072164
2023,4,Old Dominion,Wake Forest,-14.0,-3,24,27,-11.11,-8.86,-18.62,-7.6,-13.5,-12.06,-11.89,-11.0,-11.13,-18.5,-11.38,-7.63,-19.66,-10.34,-14.4,-12.82,-22.0,-14.85,-16.58,-17.18,-8.0,,,-16.7,-14.2,-16.63,-12.34,-14.03,-9.0,-14.0,-20.0,,-27.87,-19.4,,-13.9,,-18.6,-14.0,-22.8,-10.8,,,-19.0,-20.3,-17.97,-15.5,,-14.0,5.5,-19.94,-15.27,5.65,51,0.4905304238,0.196385835
2023,4,Oregon,Hawaii,38.0,45,55,10,30.75,32.52,34.77,24.65,28.68,32.46,34.83,28.0,48.88,31.0,31.31,23.71,35.17,18.8,34.18,27.67,34.0,37.15,39.46,31.51,27.46,,,29.6,34.77,36.14,29.2,35.96,37.0,35.0,39.0,,43.56,48.4,,41.5,,42.0,37.5,41.2,31.3,,,44.0,46.1,41.85,29.5,,38.5,19.0,36.92,36.37,7.18,65,0.4132353164,0.9750951675
2023,4,Oregon St.,San Diego St.,24.5,17,26,9,20.62,19.35,28.33,29.28,28.48,18.54,24.59,12.0,37.99,8.5,22.25,9.33,23.48,15.59,24.32,26.29,21.0,35.55,24.62,29.06,13.62,,,14.9,24.62,27.78,16.14,29.48,26.0,21.5,28.0,,24.44,25.7,,25.2,,23.8,24.5,36.9,43.2,,,34.0,24.3,36.15,16.0,,24.5,11.5,34.42,29.16,8.36,35,0.4959972596,0.9123937957
2023,4,Purdue,Syracuse,-2.5,-15,20,35,-1.8,-6.56,1.16,-10.96,-2.32,3.92,-3.72,2.0,-19.58,2.0,-2.64,0.45,-0.11,3.13,-2.62,4.01,-33.0,-6.15,-3.62,2.2,3.2,,,-0.4,-2.22,-4.44,1.18,-10.35,0.01,0.0,-2.0,,-5.04,-3.0,,-9.6,,-3.0,-2.5,-12.0,-7.2,,,-12.0,-3.9,-3.4,-0.9,,-2.5,1.5,3.92,-2.22,7.12,55,0.4972483896,0.4401489964
2023,4,Rutgers,Virginia Tech,7.0,19,35,16,6.01,10.67,4.0,22.92,8.86,0.49,7.76,6.0,9.66,5.5,5.83,11.21,3.65,6.26,6.33,6.39,17.0,7.35,5.3,4.63,7.51,,,2.7,6.01,6.61,3.96,7.39,1.0,4.5,8.0,,5.91,9.2,,6.9,,8.2,7.0,10.7,2.9,,,7.0,10.0,-3.83,3.4,,7.0,5.0,4.32,5.32,4.29,51,0.4837506414,0.6498532077
2023,4,South Florida,Alabama,-33.5,-14,3,17,-32.62,-22.07,-37.15,-8.49,-26.5,-26.78,-36.97,-22.0,-35.79,-33.0,-32.44,-14.68,-35.6,-12.87,-30.51,-25.99,-12.0,-34.25,-35.25,-34.8,-20.97,,,-32.8,-32.8,-31.98,-32.54,-38.47,-32.0,-31.5,-37.0,,-40.13,-30.1,,-35.7,,-29.8,-33.5,-36.5,-43.3,,,-36.0,-28.8,-35.05,-27.5,,-32.5,-8.0,-33.81,-37.95,8.69,20,0.5656132273,0.0459102466
2023,4,Southern Miss.,Tulane,-11.5,-18,3,21,-14.5,-7.3,-16.88,-6.75,-14.38,-13.54,-16.56,-6.0,-14.25,-9.5,-16.26,-3.56,-19.82,-9.26,-13.77,-7.73,-7.0,-25.45,-11.57,-14.38,-10.89,,,-15.8,-14.05,-13.56,-12.7,-12.78,-14.0,-10.5,-16.0,,-14.05,-18.2,,-16.6,,-15.1,-11.5,-25.7,-12.1,,,-21.0,-17.7,-21.45,-4.1,,-12.0,-4.0,-13.64,-19.67,5.3,24,0.4460581266,0.2053326469
2023,4,Texas,Wyoming,29.5,21,31,10,25.4,20.38,30.33,20.17,24.31,16.94,28.98,19.0,33.35,20.5,24.84,13.4,29.5,16.3,26.2,24.1,15.0,34.35,25.4,29.74,11.95,,,26.0,27.36,27.43,24.55,32.59,30.0,28.0,29.0,,27.36,28.9,,32.1,,28.1,29.5,37.9,36.1,,,34.0,29.6,29.05,24.5,,29.5,16.5,22.91,34.1,6.69,41,0.4240363302,0.9358718871
2023,4,Texas A&M,Louisiana-Monroe,36.0,44,47,3,31.61,9.85,30.98,8.52,22.48,17.65,35.22,14.0,27.57,13.5,32.06,0.29,23.77,12.92,23.58,13.29,1.0,22.45,32.11,14.8,9.97,,,20.6,23.77,21.49,31.05,33.86,22.0,31.5,37.0,,37.8,31.3,,30.7,,30.0,35.0,37.3,36.4,,,19.0,28.5,24.29,25.5,,36.0,7.5,16.23,32.34,10.26,50,0.2555796895,0.8938766592
2023,4,Texas-San Antonio,Army,9.5,-8,29,37,9.18,6.54,2.78,8.26,11.91,7.57,8.41,8.0,0.68,7.0,9.98,9.71,8.6,11.75,9.03,11.79,-12.0,9.95,8.17,8.69,14.27,,,3.1,8.41,6.41,11.33,12.9,6.0,10.5,14.0,,15.39,5.8,,6.3,,7.3,9.5,15.4,23.3,,,10.0,6.4,5.74,13.8,,9.5,7.5,6.98,9.18,5.35,66,0.4888076086,0.7050869479
2023,4,Toledo,San Jose St.,7.5,4,21,17,8.44,7.39,5.47,14.8,10.07,19.15,11.59,10.0,13.12,9.0,6.84,4.3,4.1,3.43,9.0,12.59,13.0,13.35,13.25,11.29,1.79,,,7.2,9.55,7.48,5.89,8.74,11.0,7.5,14.0,,6.87,13.4,,12.0,,11.3,7.5,11.7,-8.3,,,14.0,11.8,3.66,6.9,,7.5,11.5,7.12,9.55,4.75,38,0.5360646505,0.7064849922
2023,4,Troy St.,James Madison,2.5,-2,14,16,0.14,-2.18,-0.29,-4.54,3.8,-4.74,-0.34,-0.25,-5.05,10.0,0.74,-0.64,1.23,5.64,1.94,5.87,-9.0,3.55,-0.11,8.34,5.01,,,-2.6,0.7,-1.26,-0.08,1.73,0.01,0.0,8.0,,4.84,8.5,,0.0,,5.2,2.5,-2.9,4.7,,,-1.0,8.6,2.67,0.7,,2.5,0.5,10.2,-0.03,4.33,30,0.4864243952,0.5469300877
2023,4,Tulsa,Oklahoma,-28.5,-49,17,66,-26.47,-10.55,-21.89,-20.52,-22.31,-16.63,-31.34,-15.0,-17.21,-18.0,-26.12,-6.97,-24.9,-8.57,-21.04,-12.67,-33.0,-27.45,-24.8,-19.75,-2.9,,,-25.6,-22.31,-22.04,-24.42,-30.06,-15.0,-26.0,-28.0,,-20.97,-26.5,,-27.6,,-24.1,-27.5,-26.5,-30.8,,,-34.0,-25.1,-16.86,-24.0,,-28.5,-0.5,-19.21,-26.91,8.17,83,0.6619783012,0.1192896027
2023,4,UAB,Louisiana-Lafayette,2.5,-20,21,41,2.99,6.05,1.53,5.25,6.06,-0.76,3.91,0.25,7.84,1.5,2.65,5.08,3.32,2.6,3.12,4.13,10.0,6.45,4.26,1.77,6.76,,,1.0,2.99,3.65,1.82,4.29,2.0,1.0,4.0,,2.25,-4.3,,1.9,,-2.5,2.5,-0.7,9.7,,,12.0,-3.5,0.13,0.1,,2.5,10.5,3.8,4.47,3.62,62,0.5151885436,0.5759857815
2023,4,UNLV,Vanderbilt,-4.5,3,40,37,3.42,2.69,-3.1,-0.08,1.75,-0.78,4.37,-2.0,6.9,-3.0,3.53,0.41,-4.42,-2.53,-1.07,-5.53,-3.0,4.35,-2.35,-6.0,-0.48,,,-4.0,-0.78,-3.75,1.91,-1.58,1.0,-3.5,-7.0,,-10.51,-0.2,,1.1,,-0.4,-4.0,-4.3,-6.4,,,1.0,-3.7,-6.89,-3.1,,-4.5,10.0,-3.43,-0.04,3.98,77,0.5830078048,0.4739342828
2023,4,West Va.,Pittsburgh,2.5,11,17,6,-2.05,-1.22,-0.22,0.68,-1.15,-6.36,-2.93,1.0,-0.9,-3.0,-1.97,-1.4,-1.97,-2.26,-1.31,2.33,-7.0,-0.35,1.59,3.75,0.69,,,-1.9,-1.0,-0.19,-1.44,-5.48,0.01,-2.0,-1.0,,-1.0,3.3,,-0.4,,-0.5,1.5,-0.2,-18.6,,,-2.0,3.2,-8.67,-2.7,,2.5,-2.0,4.69,-1.15,3.81,23,0.4077346739,0.4680223193
2023,4,Wisconsin,Georgia Southern,20.0,21,35,14,16.02,1.37,21.77,2.68,11.53,15.19,16.0,10.0,4.34,9.0,16.96,-0.23,21.99,9.07,15.45,8.07,-21.0,11.25,19.37,14.22,8.76,,,13.8,15.17,14.93,18.05,15.17,17.0,16.5,14.0,,23.36,32.8,,13.5,,28.2,19.5,26.0,33.5,,,11.0,29.8,16.19,16.5,,19.5,11.0,14.17,19.56,9.51,49,0.402884818,0.7981229286
2023,5,Alabama,Mississippi,6.5,14,24,10,6.68,4.13,14.26,1.86,-0.82,4.67,6.63,2.0,2.75,10.0,5.08,4.87,11.23,8.17,5.33,-0.88,-15.0,5.75,6.93,7.65,2.25,,-7.0,10.5,4.98,2.64,9.26,6.19,12.0,6.5,4.0,,0.38,1.4,,2.7,,2.6,6.5,1.0,10.6,,,-6.0,1.2,13.13,12.4,,7.0,7.0,11.72,1.86,5.94,34,0.4724814025,0.6234243289
2023,5,Arizona St.,USC,-34.0,-14,28,42,-24.21,-25.03,-17.36,-28.32,-31.29,-20.92,-28.54,-19.0,-40.67,-18.0,-26.52,-16.61,-24.71,-11.48,-25.29,-27.31,-35.0,-32.85,-24.68,-23.6,-15.44,,-19.0,-20.7,-24.06,-23.91,-19.78,-35.45,-21.0,-32.5,-27.0,,-39.31,-22.9,,-35.7,,-22.9,-33.0,-41.2,-39.3,,,-43.0,-23.4,-22.08,-17.0,,-34.0,-6.5,-25.96,-34.48,8.57,70,0.6853787074,0.0804847145
2023,5,Arkansas St.,Southern Miss.,-6.5,7,44,37,-3.46,-4.0,-2.35,-6.59,-5.51,-4.01,-3.34,-3.0,-9.13,-2.0,-5.29,-1.24,-10.42,-5.36,-7.05,-6.97,-4.0,-13.65,-7.27,-15.21,-6.3,,3.0,-3.7,-6.55,-6.5,-3.01,-2.42,-7.0,-5.5,-14.0,,-16.84,-11.0,,-6.7,,-8.9,-6.5,-6.6,-20.6,,,-19.0,-9.2,-9.71,-3.2,,-7.0,1.0,-10.43,-7.43,5.01,81,0.4868223672,0.3359725946
2023,5,Ball St.,Georgia Southern,-6.5,-37,3,40,0.43,-2.84,-2.9,2.76,-2.64,-9.68,-1.61,-2.0,-5.31,-1.5,2.44,-1.51,-1.37,-1.4,-1.46,-3.86,-15.0,-2.55,-2.15,-2.02,-2.6,,2.0,-4.7,-1.63,-3.02,1.42,-1.18,-1.0,-6.5,-4.0,,0.98,2.8,,-4.1,,1.8,-5.5,1.7,-7.8,,,-7.0,1.7,-1.64,-3.6,,-6.5,8.0,3.58,-4.39,3.84,43,0.6211878021,0.4643833729
2023,5,Baylor,Texas,-17.0,-32,6,38,-12.04,-19.42,-8.82,-22.33,-20.03,-8.11,-13.85,-15.0,-19.19,-16.0,-12.82,-19.54,-14.19,-8.28,-15.57,-23.54,-22.0,-19.95,-15.17,-21.62,-14.25,,-33.0,-13.4,-14.63,-14.1,-10.64,-20.32,-8.0,-14.5,-18.0,,-19.18,-12.6,,-19.3,,-12.7,-17.0,-11.4,-22.5,,,-23.0,-13.9,-9.52,-11.5,,-14.5,-4.0,-15.92,-19.53,5.73,44,0.5337636474,0.1781090308
2023,5,Bowling Green,Ohio,-13.0,-31,7,38,-6.27,-1.63,-7.64,-9.39,5.24,-6.81,-8.97,-5.0,3.99,-7.0,-2.76,-4.66,-7.83,-7.74,-4.98,-3.67,-5.0,-4.35,-6.98,-7.33,-5.43,,4.0,-9.4,-6.05,-3.26,-6.69,-2.34,-6.0,-9.5,-11.0,,-0.92,-6.2,,-2.7,,-6.1,-11.5,-6.8,-2.9,,,-1.0,-5.5,-8.3,-7.5,,-13.0,-0.5,-12.73,-1.61,3.78,45,0.6884451957,0.3801208215
2023,5,Cincinnati,Oklahoma,-14.0,-14,6,20,-13.17,-9.3,-9.81,-15.13,-8.82,-8.27,-15.44,-9.0,-16.96,-5.5,-13.56,-5.17,-12.91,-0.15,-11.79,-8.05,-27.0,-19.35,-14.73,-21.96,4.19,,-17.0,-15.5,-12.14,-9.52,-11.94,-17.29,-10.0,-13.5,-11.0,,-7.96,-15.4,,-22.6,,-13.6,-14.0,-18.5,-12.8,,,-12.0,-14.4,-10.69,-10.5,,-14.5,2.0,-12.28,-16.1,6.43,26,0.551332301,0.2456179048
2023,5,Clemson,Florida St.,-1.0,-7,24,31,2.28,-2.7,4.62,0.24,-11.09,-2.67,3.25,-5.0,-5.43,3.5,-0.01,-1.23,-4.95,1.05,-3.71,-7.17,-10.0,-3.35,-1.84,-6.75,-0.73,,-7.0,0.01,-3.48,-4.4,2.79,-2.72,-1.0,0.0,-5.0,,-3.93,-8.1,,-5.1,,-8.0,-1.0,-3.6,-21.5,,,-22.0,-8.3,-7.31,-0.7,,-2.5,0.01,-6.76,-6.09,5.91,55,0.4364395589,0.4133078901
2023,5,Coastal Carolina,Georgia St.,5.5,-13,17,30,7.64,7.94,4.08,2.92,10.89,4.35,7.53,8.0,18.13,7.0,9.08,2.46,-0.84,-0.01,5.54,0.88,1.0,7.25,12.16,-12.87,11.42,,12.0,1.6,6.1,8.03,7.45,7.54,4.0,7.5,17.0,,12.96,1.2,,12.6,,1.9,5.5,5.2,-1.0,,,11.0,3.1,-4.15,4.4,,7.0,-3.0,0.86,9.95,5.91,47,0.5009421599,0.6281993755
2023,5,Connecticut,Duke,-22.0,-34,7,41,-19.87,-23.1,-23.24,-23.47,-26.09,-18.08,-21.26,-17.0,-33.34,-19.5,-22.87,-17.59,-26.16,-9.0,-23.88,-28.29,-29.0,-26.95,-20.3,-28.88,-15.96,,-28.0,-28.8,-23.35,-25.06,-18.84,-23.19,-21.0,-21.5,-30.0,,-19.56,-33.8,,-26.0,,-31.6,-22.0,-30.7,-31.4,,,-36.0,-31.5,-22.67,-16.5,,-21.0,-2.5,-26.08,-30.35,6.69,48,0.4565448579,0.082821864
2023,5,Florida,Charlotte,28.0,15,22,7,27.22,19.85,33.66,31.9,24.7,21.09,30.95,20.0,29.89,25.5,26.73,14.44,34.86,18.09,29.67,28.5,13.0,35.75,33.98,40.06,18.45,,15.0,32.6,31.11,28.82,26.09,27.39,33.0,29.0,40.0,,38.33,43.3,,28.6,,39.6,28.0,37.4,32.5,,,36.0,42.4,37.56,24.5,,28.0,10.0,33.08,33.63,8.35,29,0.5370887822,0.9509459649
2023,5,Florida Intl.,Liberty,-10.0,-32,6,38,-11.68,-10.75,-18.08,-12.6,-13.65,-10.53,-12.04,-5.0,-18.71,-14.0,-13.38,-6.46,-20.11,-7.64,-12.27,-9.74,-13.0,-8.75,-14.06,-11.1,-5.64,,-11.0,-13.7,-12.79,-15.23,-12.07,-11.36,-18.0,-11.0,-7.0,,-5.07,-15.7,,-15.0,,-13.0,-10.0,-17.6,-1.6,,,-19.0,-13.8,-16.86,-8.1,,-10.5,-8.0,-12.98,-18.25,4.45,44,0.4452440702,0.2283670701
2023,5,Fresno St.,Kent,27.5,43,53,10,19.93,17.82,21.86,32.19,20.17,26.58,21.86,18.0,15.77,19.5,20.58,18.93,28.57,15.18,22.97,16.32,22.0,25.95,27.76,32.12,17.85,,19.0,24.7,22.08,17.85,19.27,19.93,24.0,27.5,32.0,,28.74,25.5,,23.3,,21.1,27.0,25.9,34.9,,,18.0,22.3,26.51,24.5,,27.5,12.0,33.15,24.82,5.29,63,0.3932962718,0.9150950684
2023,5,Georgia,UAB,39.5,28,49,21,36.68,30.89,37.13,26.93,34.5,32.33,38.13,28.0,36.51,34.5,39.79,27.86,42.67,18.55,37.36,37.24,22.0,44.05,41.33,46.48,22.22,,33.0,35.3,37.42,37.13,37.86,38.22,36.0,40.5,45.0,,44.22,52.0,,38.5,,47.9,39.5,51.8,37.6,,,41.0,50.8,42.12,32.5,,42.5,11.5,47.72,41.35,8.83,70,0.4531102402,0.9801410227
2023,5,Hawaii,New Mexico St.,3.0,3,20,17,1.79,-6.33,4.76,-5.67,5.27,-0.94,0.47,-5.0,-9.91,0.01,2.59,-4.4,5.55,1.73,0.91,5.4,-14.0,1.45,4.0,6.86,0.61,,,4.5,0.61,-0.13,3.34,5.24,-1.0,2.5,3.0,,0.04,-0.6,,-4.1,,0.4,3.0,-0.7,8.7,,,3.0,0.1,-5.1,2.8,,3.0,-3.0,-0.29,1.5,4.72,37,0.4497863888,0.5219103667
2023,5,Houston,Sam Houston St.,10.5,31,38,7,15.42,6.75,15.83,21.42,8.03,9.24,16.54,13.0,3.36,26.0,12.77,8.57,12.53,14.03,15.36,14.54,2.0,16.75,17.95,55.19,17.69,,-4.0,16.5,15.46,16.31,18.72,12.23,15.0,13.0,17.0,,21.63,17.8,,11.8,,18.6,11.5,14.4,16.0,,,7.0,21.6,14.41,15.5,,11.0,15.0,16.0,18.36,8.37,45,0.6067371525,0.8039846481
2023,5,Illinois,Florida Atlantic,16.5,6,23,17,13.06,13.48,16.99,2.92,17.4,10.48,13.32,10.0,19.25,8.5,14.84,10.36,20.86,15.32,15.73,17.57,4.0,26.85,13.17,21.59,15.39,,17.0,12.1,15.36,18.18,13.0,16.06,20.0,12.0,19.0,,11.2,20.7,,11.7,,20.2,16.5,14.3,15.1,,,25.0,21.2,18.37,9.8,,15.0,9.5,22.35,20.33,5.08,40,0.4815773965,0.8273381917
2023,5,Indiana,Akron,16.5,2,29,27,17.62,15.69,29.63,26.77,18.62,20.3,20.41,10.0,27.46,15.0,18.28,9.34,22.73,12.88,18.68,18.27,6.0,19.95,22.72,18.97,13.18,,13.0,22.2,18.8,21.43,15.1,21.99,22.0,17.0,25.0,,11.21,17.8,,18.6,,19.6,16.5,16.9,14.2,,,25.0,20.3,16.95,12.2,,17.0,1.5,22.41,27.1,6.13,56,0.5509693947,0.8638448281
2023,5,Iowa St.,Oklahoma St.,3.5,7,34,27,3.56,1.25,4.77,10.33,12.21,1.59,2.49,3.0,9.77,-2.5,5.94,-3.35,8.08,-2.47,5.12,12.28,1.0,9.05,3.49,10.42,-2.19,,6.0,5.5,5.2,2.5,3.09,5.4,5.0,2.0,5.0,,0.99,2.3,,5.9,,2.0,3.5,12.1,13.2,,,7.0,3.1,6.38,3.8,,3.5,6.0,6.59,9.69,4.23,61,0.53927551,0.6223475389
2023,5,Jacksonville St.,Eastern Mich.,6.5,21,21,0,-2.82,3.94,3.13,21.34,12.76,6.12,-1.72,2.0,9.51,-6.5,-1.56,0.93,-1.37,3.26,1.84,4.92,4.0,10.85,7.54,-46.47,-13.29,,6.0,-7.2,3.6,5.18,-7.08,9.28,1.0,4.0,9.0,,8.38,-1.5,,4.4,,0.8,6.5,8.1,0.01,,,8.0,2.1,7.74,4.5,,6.0,4.5,-4.47,7.27,10.04,21,0.4020305804,0.5390180223
2023,5,Kansas,BYU,8.5,11,38,27,0.91,-1.2,-1.12,6.79,2.1,-1.3,1.73,2.0,-1.32,-7.5,-0.22,-1.13,-0.54,1.11,2.48,6.31,1.0,2.05,3.53,8.61,-0.55,,-6.0,0.7,2.03,1.91,0.17,2.44,2.0,8.5,6.0,,3.67,1.5,,2.1,,2.6,7.5,12.5,20.0,,,4.0,4.2,3.2,5.4,,8.5,9.5,4.61,4.45,4.73,65,0.3581451138,0.5595052901
2023,5,Kansas St.,Central Florida,5.0,13,44,31,5.91,1.2,9.77,7.46,7.05,8.44,6.39,2.0,2.25,0.5,5.35,0.62,9.13,9.71,7.05,11.37,-1.0,12.95,6.01,17.28,3.92,,1.0,4.9,6.35,5.86,6.3,2.98,13.0,7.0,9.0,,6.43,12.7,,5.2,,11.9,5.0,2.9,1.1,,,7.0,12.4,15.06,4.6,,4.0,2.0,15.93,9.01,4.53,75,0.5494128886,0.665329158
2023,5,LSU,Arkansas,18.0,3,34,31,11.9,14.07,10.92,9.45,3.5,2.99,14.41,12.0,18.86,11.5,10.71,11.49,10.43,8.54,13.5,12.75,7.0,20.45,15.34,22.43,10.44,,14.0,15.3,13.8,10.41,10.31,18.67,14.0,16.5,14.0,,22.87,16.3,,20.0,,14.8,17.0,17.5,10.9,,,16.0,15.8,12.62,12.8,,17.5,6.0,17.59,13.59,4.4,65,0.3923621953,0.7937501908
2023,5,Louisiana-Lafayette,Buffalo,10.5,7,45,38,8.78,18.07,14.36,24.67,10.77,18.37,10.35,17.0,22.47,21.0,8.82,15.71,14.62,12.47,14.04,13.88,19.0,20.15,9.42,13.53,7.26,,15.0,10.9,13.85,12.23,7.27,14.53,22.0,9.5,12.0,,8.26,10.1,,13.6,,10.2,11.0,15.7,18.5,,,14.0,10.3,14.3,15.0,,9.5,11.5,17.09,13.83,4.31,83,0.5851915031,0.8033024657
2023,5,Louisville,Boston College,14.0,28,56,28,11.82,23.77,17.16,20.75,12.52,19.78,13.57,17.0,27.35,21.0,10.99,21.85,20.4,15.79,17.74,14.01,18.0,16.05,15.79,18.81,21.15,,24.0,11.5,17.97,18.99,11.35,18.79,22.0,14.0,15.0,,12.04,25.5,,16.6,,22.6,14.5,25.5,6.2,,,26.0,23.8,22.23,13.4,,14.0,7.0,23.16,15.16,5.29,84,0.5884243329,0.8554506368
2023,5,Marshall,Virginia Tech,6.0,7,24,17,4.94,8.89,4.38,19.97,3.77,5.76,5.9,7.0,-0.22,14.5,3.87,13.81,10.66,15.15,7.78,9.95,7.0,10.75,8.65,14.25,18.76,,4.0,8.2,6.91,3.35,4.78,6.82,10.0,7.0,5.0,,4.39,8.0,,2.4,,6.2,6.0,4.6,1.6,,,2.0,8.1,8.21,4.8,,5.0,10.5,17.12,1.29,5.01,41,0.5425769421,0.6798786078
2023,5,Massachusetts,New Mexico,3.5,-3,31,34,-3.79,2.37,-4.76,0.47,3.63,7.7,-4.9,3.0,-2.63,1.0,-2.01,5.06,2.63,6.09,2.57,13.37,-4.0,-0.15,1.48,11.01,5.84,,9.0,5.2,2.5,0.24,-4.79,4.75,2.0,1.5,1.0,,7.74,-1.0,,-0.1,,-1.6,3.5,6.6,12.4,,,3.0,-2.3,5.8,3.6,,3.5,8.0,2.89,-5.29,4.85,65,0.477659113,0.5615240994
2023,5,Michigan,Rutgers,24.0,24,31,7,16.5,11.96,24.95,4.1,7.95,19.12,16.46,12.0,11.98,19.5,15.54,11.95,25.48,18.39,19.61,20.26,2.0,21.35,22.09,23.63,19.4,,-2.0,22.7,19.88,17.22,20.44,15.97,31.0,25.5,22.0,,33.68,30.8,,18.7,,27.5,23.5,28.3,20.6,,,13.0,28.1,31.9,24.5,,24.0,15.5,25.08,16.43,7.74,38,0.4018394913,0.8665948722
2023,5,Michigan St.,Maryland,-7.5,-22,9,31,0.33,-2.86,1.18,2.19,5.12,0.06,-1.64,-0.25,-1.59,-1.0,2.69,-3.55,-2.08,-1.04,-1.38,-1.25,-9.0,-4.25,1.73,-3.16,-3.52,,4.0,-1.9,-1.44,-2.13,1.07,-1.28,-2.0,-6.5,-2.0,,1.83,-6.8,,-3.9,,-4.3,-6.0,-7.8,-5.4,,,-1.0,-5.0,1.09,-4.9,,-7.5,-4.5,-1.13,0.51,3.1,40,0.6474309718,0.4660018673
2023,5,Middle Tenn.,Colorado St.,3.5,-8,23,31,2.27,6.63,6.0,8.94,3.41,15.68,2.35,8.0,2.22,16.0,1.5,9.01,7.05,4.38,5.48,12.58,5.0,4.85,8.07,6.58,14.23,,-1.0,5.5,4.72,4.35,2.92,7.3,13.0,2.5,5.0,,14.09,-0.1,,4.6,,1.3,3.5,2.4,-7.1,,,-2.0,0.7,5.42,3.4,,3.0,3.5,10.77,1.72,4.99,54,0.547356721,0.6290409701
2023,5,Missouri,Memphis,7.0,7,34,27,1.77,-0.6,3.35,-0.89,4.1,1.69,2.33,2.0,-7.04,1.0,1.57,2.86,2.62,8.34,3.57,2.1,-4.0,7.5,4.29,7.39,8.4,,2.0,2.4,2.8,4.87,1.26,2.74,-4.0,5.5,10.0,,15.7,9.5,,-0.7,,8.3,6.5,1.8,6.6,,,6.0,9.4,0.26,4.5,,6.5,-4.0,4.97,4.52,4.34,61,0.417444618,0.5858734909
2023,5,Nebraska,Louisiana Tech,21.0,14,28,14,18.23,7.01,22.28,11.93,16.34,19.72,20.7,8.0,11.28,5.5,17.84,4.72,21.55,12.57,17.19,19.84,1.0,24.95,20.53,23.82,10.75,,11.0,14.0,18.6,16.66,17.34,15.35,21.0,20.0,24.0,,17.17,25.1,,11.9,,22.2,21.0,19.6,21.9,,,25.0,22.6,19.38,13.3,,20.5,9.0,24.57,20.17,6.2,42,0.4115576357,0.8434095837
2023,5,Northern Ill.,Tulsa,4.0,-8,14,22,6.88,-7.26,-4.63,11.34,1.1,-1.7,9.16,-2.0,-9.55,-5.0,4.78,-6.03,-5.89,-2.36,-0.02,1.67,-12.0,-0.55,5.89,-4.16,-7.37,,-22.0,-0.6,-0.58,-0.18,5.78,4.21,-4.0,3.5,8.0,,5.23,7.5,,-2.1,,4.5,4.0,2.9,4.3,,,-5.0,3.9,-5.4,3.4,,4.0,10.5,-4.6,-0.7,6.61,36,0.4075842827,0.4995360292
2023,5,Northwestern,Minnesota,-11.0,3,37,34,-4.6,-5.72,-11.47,-1.05,0.5,-14.76,-6.77,-7.0,1.81,-10.5,-1.81,-9.77,-12.46,-10.35,-8.51,-2.92,-7.0,-7.55,-10.23,-13.43,-17.21,,-6.0,-11.0,-8.55,-9.12,-4.65,-2.59,-13.0,-12.5,-9.0,,-23.95,-13.2,,-8.1,,-12.6,-11.0,-2.0,-8.0,,,-5.0,-10.9,-12.38,-15.5,,-12.0,-1.5,-17.26,-3.95,5.45,71,0.5589638102,0.3060822396
2023,5,Notre Dame,Ohio St.,-3.0,-3,14,17,-3.72,-1.12,-7.55,9.62,-2.62,1.65,-4.37,2.0,-1.61,-4.0,-2.67,-0.87,-9.69,-3.53,-3.7,-0.14,-1.0,-8.75,-8.1,-8.92,-0.01,,-1.0,-6.8,-4.34,-5.87,-4.78,-6.09,-5.0,-3.0,-5.0,,-1.59,-4.7,,-4.2,,-2.8,-3.0,-6.2,-10.8,,,-5.0,-4.3,-7.21,-5.1,,-3.0,7.0,-0.76,-7.54,4.08,31,0.4829669429,0.4106998595
2023,5,Oregon,Colorado,21.0,36,42,6,17.77,12.6,23.0,12.1,11.71,25.68,20.98,15.0,23.17,21.0,16.45,6.92,24.34,16.56,20.33,9.01,15.0,26.35,18.63,16.88,10.77,,1.0,20.4,20.69,21.79,16.45,24.95,34.0,16.5,12.0,,41.22,29.9,,23.3,,23.0,21.0,37.9,19.1,,,22.0,24.6,30.68,16.0,,21.0,18.5,28.54,22.66,7.96,48,0.484952196,0.8738534651
2023,5,Penn St.,Iowa,14.5,31,31,0,9.64,10.54,14.18,16.83,14.98,7.98,11.34,6.0,15.92,6.5,9.84,7.65,13.36,11.91,13.97,13.96,8.0,19.45,14.37,17.35,9.93,,14.0,11.7,14.0,13.73,8.08,17.36,19.0,14.5,14.0,,15.28,19.6,,15.7,,17.2,14.5,22.7,15.7,,,20.0,18.7,19.87,10.8,,14.5,9.0,13.67,18.96,4.18,31,0.4871221184,0.8026157494
2023,5,Pittsburgh,North Carolina,-7.0,-17,24,41,-5.12,-11.32,0.34,-9.06,-7.1,-4.62,-6.57,-10.0,-5.51,-7.5,-5.6,-14.45,-5.47,-4.03,-6.14,-8.86,-18.0,-4.65,-4.33,-4.03,-1.37,,-29.0,-5.3,-5.48,-4.04,-3.43,-5.26,5.0,-6.5,-9.0,,-9.96,-8.3,,-7.4,,-5.5,-7.0,-9.3,-4.1,,,-7.0,-6.8,0.89,-4.1,,-7.5,4.0,-4.54,-9.13,5.55,65,0.5203910338,0.3575257542
2023,5,Purdue,Wisconsin,-6.0,-21,17,38,-6.39,-0.73,-4.23,-10.06,-0.03,-5.01,-10.06,-3.0,-1.87,-4.0,-2.49,-0.11,-4.08,2.75,-4.11,-3.56,-11.0,-5.75,-7.65,-4.14,-0.64,,4.0,-4.8,-4.19,-2.47,-5.65,-5.07,-3.0,-6.5,-3.0,,-6.67,-8.9,,-7.7,,-6.7,-6.0,-6.3,-4.3,,,-6.0,-6.6,-4.14,-6.9,,-5.5,-1.0,-1.3,-4.37,3.2,55,0.5464549286,0.3998261278
2023,5,San Diego St.,Boise St.,-6.5,-3,31,34,-7.97,2.26,-6.8,-2.75,-6.74,-2.37,-8.56,1.0,-2.96,0.01,-9.67,5.07,-6.31,-5.54,-5.01,-4.93,-1.0,-5.45,-8.9,-2.26,-1.6,,1.0,-5.2,-5.2,-3.81,-7.2,-7.01,-3.0,-6.5,-10.0,,-13.55,-5.2,,-5.4,,-3.6,-6.5,-12.4,-0.5,,,-13.0,-4.4,-6.45,-4.9,,-6.5,-4.5,-5.96,-8.92,3.98,65,0.5362686295,0.3797619009
2023,5,San Jose St.,Air Force,-6.5,-25,20,45,-2.7,-8.3,-7.91,-10.78,-0.34,-19.88,-2.05,-9.0,-1.24,-12.0,-3.14,-12.1,-5.33,-3.49,-5.36,-5.99,-15.0,0.55,-3.75,-5.5,-6.0,,-10.0,-11.3,-4.67,-4.16,-4.63,1.87,-6.0,-4.5,-3.0,,1.19,-5.7,,-1.3,,-4.7,-6.5,-8.8,2.7,,,-4.0,-4.0,-11.26,-3.1,,-5.0,0.5,-10.3,-1.43,4.73,65,0.5274353123,0.3731221308
2023,5,South Alabama,Central Mich.,16.5,-4,30,34,9.1,16.71,10.9,35.22,11.17,8.17,10.4,14.0,19.32,12.5,8.84,15.32,15.87,16.85,16.19,26.18,14.0,23.25,17.27,22.1,19.43,,17.0,12.2,15.93,13.4,8.37,12.77,16.0,15.5,23.0,,26.69,18.9,,16.6,,15.1,16.5,15.0,15.5,,,15.0,18.2,16.46,16.5,,15.0,12.5,20.46,15.98,5.42,64,0.49262768,0.832770262
2023,5,South Carolina,Mississippi St.,6.0,7,37,30,6.67,-1.76,-0.99,1.02,1.63,0.71,8.91,1.0,0.12,-0.5,4.74,-2.77,2.23,2.9,2.24,2.59,-3.0,5.65,2.16,3.0,0.49,,4.0,0.9,2.55,0.36,5.58,3.71,2.0,4.5,8.0,,3.56,2.9,,3.6,,2.7,5.0,3.6,-12.5,,,-1.0,2.5,4.55,6.3,,6.5,4.0,0.97,2.44,3.49,67,0.4085280085,0.5548068738
2023,5,South Florida,Rice,-2.5,13,42,29,-1.51,-7.72,3.68,-2.54,-3.2,8.92,-2.25,-6.0,-9.38,-5.5,-1.61,-6.82,5.02,-4.01,-0.91,-3.94,-14.0,-0.05,0.88,7.15,-4.78,,-11.0,5.7,-1.18,-2.4,-0.86,-2.99,4.0,0.0,-7.0,,-10.82,5.9,,-3.8,,5.2,-2.5,1.1,0.01,,,-7.0,5.5,7.09,1.4,,-2.5,0.5,2.24,-0.74,5.51,71,0.5376897038,0.4784075278
2023,5,Stanford,Arizona,-13.5,-1,20,21,-7.21,-11.04,-1.56,-17.27,-5.22,-8.61,-9.73,-8.0,-17.41,-2.5,-6.7,-7.61,-3.99,-4.91,-8.56,-3.99,-17.0,-16.35,-8.34,-6.69,-6.52,,-10.0,-2.2,-8.0,-6.78,-4.98,-9.24,-7.0,-9.5,-9.0,,-14.06,-9.5,,-13.3,,-8.0,-12.5,-13.4,-10.2,,,-23.0,-7.4,-13.27,-3.0,,-13.0,-6.0,-11.96,-8.78,5.0,41,0.6166892203,0.3035254037
2023,5,Syracuse,Army,13.0,13,29,16,14.09,14.26,13.01,18.67,21.43,10.93,15.44,9.0,18.59,7.5,15.75,11.92,16.55,7.1,15.05,12.76,18.0,16.55,14.54,9.91,7.36,,16.0,12.5,14.4,17.76,12.64,23.28,12.0,14.0,15.0,,11.95,20.7,,14.7,,20.7,13.0,19.2,35.5,,,24.0,22.3,5.58,13.7,,13.5,7.5,10.61,20.84,5.75,45,0.5483210612,0.8136440615
2023,5,TCU,SMU,7.0,17,34,17,6.37,3.13,10.31,5.96,6.24,6.22,6.21,5.0,-3.55,8.0,5.47,6.73,12.7,14.74,8.27,8.89,-7.0,5.65,5.68,12.13,6.35,,-7.0,9.1,8.18,9.72,8.28,2.42,12.0,6.0,9.0,,8.08,16.5,,0.4,,16.1,7.0,10.7,18.6,,,5.0,16.3,14.21,8.4,,6.5,10.0,17.3,4.52,5.65,51,0.5300410586,0.6882214238
2023,5,Temple,Miami (Fla.),-23.0,-34,7,41,-19.03,-13.38,-19.95,-20.24,-25.17,-23.81,-20.97,-12.0,-25.47,-16.0,-21.38,-6.87,-23.75,-9.26,-18.4,-18.29,-19.0,-18.35,-20.01,-16.42,-9.19,,-24.0,-18.4,-19.6,-19.25,-17.64,-26.77,-13.0,-25.5,-27.0,,-20.15,-23.2,,-23.3,,-22.7,-22.5,-15.5,-5.3,,,-33.0,-21.4,-12.91,-15.5,,-23.5,3.5,-12.45,-27.27,6.83,48,0.6049502881,0.1434999629
2023,5,Tennessee,Texas-San Antonio,24.0,31,45,14,15.95,9.8,24.26,11.03,13.1,22.16,18.82,10.0,11.2,12.0,14.22,9.05,25.0,11.17,17.71,15.85,10.0,17.15,19.78,27.57,10.59,,9.0,23.0,17.32,20.48,15.25,17.05,21.0,20.5,17.0,,13.69,27.4,,14.9,,26.6,23.0,21.2,21.9,,,20.0,27.5,23.1,17.5,,21.0,9.0,25.15,18.23,5.87,59,0.3550805706,0.8523075017
2023,5,Texas A&M,Auburn,9.5,17,27,10,6.82,3.97,3.09,2.76,1.33,2.44,7.99,2.0,9.96,0.01,5.91,0.74,4.19,1.55,2.94,-4.15,-25.0,6.75,3.52,-0.29,2.52,,1.0,1.7,3.05,0.61,6.42,6.75,6.0,7.5,3.0,,7.43,-0.5,,7.2,,0.8,8.0,3.4,5.1,,,-8.0,-1.7,2.01,5.2,,7.5,4.0,-1.43,3.77,5.42,37,0.3478725611,0.5695648259
2023,5,Texas St.,Nevada,17.0,11,35,24,4.66,24.69,7.11,35.6,18.79,9.04,5.47,18.0,35.9,14.0,7.38,18.66,6.24,19.63,15.26,22.85,23.0,23.55,11.08,16.85,14.38,,24.0,6.2,15.86,16.41,1.01,17.98,17.0,16.5,10.0,,7.35,8.4,,19.0,,8.6,17.0,16.2,18.5,,,33.0,8.7,15.76,15.5,,17.0,14.0,22.83,15.96,8.37,59,0.4613786508,0.8024374677
2023,5,Toledo,Western Mich.,22.0,18,49,31,16.14,16.78,12.77,28.44,24.61,15.87,18.59,14.0,30.75,12.0,17.42,9.26,17.49,10.34,18.13,14.94,15.0,28.55,22.78,16.28,9.57,,8.0,12.9,16.53,15.77,13.17,18.82,17.0,21.0,30.0,,26.26,18.4,,25.3,,15.5,21.5,27.4,25.2,,,27.0,17.0,13.87,15.0,,21.0,12.5,9.67,27.03,6.45,80,0.4106493145,0.8550108014
2023,5,Troy St.,Western Kentucky,3.5,3,27,24,3.86,0.62,2.31,5.82,5.5,-6.22,2.69,1.0,0.83,-0.5,7.08,0.5,-1.33,10.55,3.79,1.3,-4.0,12.45,5.28,6.2,3.92,,-6.0,1.5,3.43,2.59,3.0,2.44,1.0,2.5,7.0,,12.69,7.0,,2.1,,6.1,3.5,7.6,-3.0,,,3.0,8.3,7.28,4.0,,3.5,8.5,10.27,4.99,4.37,51,0.5070267587,0.591032503
2023,5,UTEP,UNLV,-2.5,-17,28,45,-3.02,-9.0,-2.63,-6.9,-3.86,-5.62,-5.18,-7.0,-8.21,-5.0,-2.29,-9.42,-7.17,1.55,-4.05,1.53,-18.0,-3.45,-1.87,-18.8,-8.24,,-16.0,-8.8,-4.2,-3.66,-0.88,-1.96,0.01,-3.0,2.0,,0.45,-5.6,,-8.1,,-3.3,-2.5,2.0,5.4,,,-5.0,-5.4,0.89,0.4,,-2.5,5.5,-4.54,-4.8,5.26,73,0.4630741208,0.404314433
2023,5,Utah,UCLA,3.5,7,14,7,4.62,2.84,10.89,7.28,2.62,4.59,4.23,5.0,-0.53,7.0,4.02,4.67,8.97,7.21,6.91,12.17,-10.0,7.95,6.18,11.61,5.16,,1.0,10.8,6.58,5.1,6.26,5.95,10.0,5.0,9.0,,7.56,14.7,,0.0,,12.3,4.0,6.9,1.2,,,6.0,13.9,14.28,11.0,,5.0,-0.5,10.03,5.18,4.72,21,0.581572712,0.6617601916
2023,5,Utah St.,James Madison,-5.5,-7,38,45,-1.08,-5.24,-2.6,-2.67,7.17,-1.84,-1.72,-6.0,6.93,-0.5,1.71,-11.8,-4.81,-3.87,-3.42,-2.77,-7.0,-3.45,-5.9,-5.91,-11.19,,5.0,-7.4,-3.66,-5.13,-3.32,3.19,-3.0,-5.5,-9.0,,-8.23,-8.2,,-1.9,,-6.0,-5.5,-15.3,13.6,,,-2.0,-7.0,-6.07,-10.7,,-6.5,-4.0,-10.46,0.63,5.64,83,0.549127889,0.4195699093
2023,5,Vanderbilt,Kentucky,-13.0,-17,28,45,-12.71,-6.73,-14.19,-4.31,-8.02,-12.06,-14.56,-8.0,-6.09,-14.5,-11.98,-7.08,-17.88,-5.33,-11.08,-10.31,-12.0,-6.65,-11.78,-13.9,-3.65,,-11.0,-13.4,-11.71,-9.14,-13.08,-12.06,-6.0,-13.5,-14.0,,-9.13,-16.7,,-10.7,,-15.8,-13.0,-13.7,-10.7,,,-22.0,-13.8,-7.72,-8.7,,-13.0,-7.5,-12.45,-11.63,4.01,73,0.546677267,0.2492822222
2023,5,Virginia,NC St.,-7.5,-3,21,24,-9.26,-9.87,-5.66,-22.02,-6.17,-7.96,-9.26,-9.0,-13.38,-14.0,-11.05,-7.98,-7.22,-7.25,-8.56,-3.07,-19.0,-6.55,-9.48,-7.22,-8.22,,-10.0,-5.1,-8.65,-6.55,-9.73,-11.5,-7.0,-10.0,-10.0,,-12.09,-12.3,,-12.6,,-10.7,-7.5,-9.2,-5.6,,,-9.0,-11.4,-4.36,-8.3,,-9.5,4.0,-6.66,-7.9,4.19,45,0.4742595943,0.3010424616
2023,5,Wake Forest,Georgia Tech,4.0,-14,16,30,7.56,10.78,12.85,12.87,8.34,9.16,8.29,14.0,0.02,20.0,5.82,16.59,12.64,11.4,9.79,8.55,15.0,11.65,7.87,12.45,11.72,,10.0,11.2,9.97,9.94,9.1,2.87,11.0,6.5,10.0,,13.23,5.9,,4.6,,7.4,5.0,5.4,17.4,,,1.0,6.4,10.73,8.0,,4.0,7.0,16.09,9.4,4.12,46,0.6379742249,0.7247302667
2023,5,Washington,California,20.5,27,59,32,14.56,20.7,15.41,18.03,18.06,19.1,17.81,16.0,26.36,19.0,12.94,17.66,20.26,15.63,19.65,18.12,13.0,21.95,17.83,25.08,21.51,,17.0,20.0,19.2,15.66,12.85,15.76,26.0,21.5,19.0,,26.8,23.8,,20.7,,21.3,20.5,25.0,19.3,,,24.0,20.8,23.23,22.0,,20.5,12.5,29.32,21.18,4.17,91,0.4793484852,0.884392607
2023,5,Washington St.,Oregon St.,-3.0,3,38,35,-2.29,0.01,-3.02,-5.11,-6.83,-2.61,-1.94,-1.0,-2.25,-1.5,-4.0,1.22,-1.53,-3.06,-3.72,-4.28,1.0,-10.75,-5.76,-3.77,-4.39,,2.0,1.3,-3.01,-3.54,-2.04,-6.06,-3.0,-3.0,-4.0,,-12.48,-1.5,,-3.0,,-1.3,-3.0,-6.9,-7.0,,,-8.0,0.1,-13.57,-2.7,,-3.0,-2.0,-9.04,-6.0,3.58,73,0.482354591,0.4095904116
2023,5,West Va.,Texas Tech,-6.0,7,20,13,-3.27,5.69,0.63,7.78,2.15,0.44,-3.24,5.0,2.37,6.0,-4.42,7.47,4.34,-0.25,0.29,6.67,1.0,-0.45,-1.25,2.78,4.86,,7.0,0.01,0.22,2.53,-3.28,-3.77,-1.0,-4.5,1.0,,-10.18,-5.1,,-2.2,,-5.5,-5.0,-5.9,1.0,,,6.0,-4.7,-7.39,-3.0,,-6.0,-1.5,2.74,-1.31,4.36,33,0.6487926781,0.5070269996
2023,5,Wyoming,Appalachian St.,3.0,3,22,19,-3.99,2.34,-6.45,-0.86,-2.26,0.26,-4.88,2.0,-0.32,-3.0,-3.39,3.77,-5.82,-0.48,-0.37,-3.17,-6.0,-1.05,-4.25,8.36,8.48,,2.0,-4.1,-0.88,-4.32,-4.19,3.63,-2.0,2.5,0.01,,7.05,7.6,,-0.1,,5.3,2.5,0.03,1.3,,,-10.0,6.5,-3.66,-0.9,,3.0,-1.0,4.81,-3.44,4.63,41,0.4192590496,0.4910746104
2023,6,Air Force,San Diego St.,10.5,39,49,10,10.35,17.43,13.59,23.64,14.52,20.83,10.5,13.0,21.52,13.5,11.13,15.22,12.3,12.83,13.53,17.21,17.0,12.25,10.91,11.18,12.4,,12.0,12.5,12.71,12.74,10.72,12.68,18.0,10.5,12.0,,11.78,13.0,,13.9,,11.8,11.0,18.7,14.7,,,14.0,10.9,9.63,7.1,,10.0,7.0,20.25,14.33,3.61,59,0.5738205707,0.797025501
2023,6,Akron,Buffalo,3.0,-3,10,13,-1.7,7.03,-7.93,10.14,2.65,-3.65,-2.07,4.0,4.24,-5.5,-1.58,8.53,-8.51,18.23,0.97,-0.4,4.0,8.75,-2.66,3.49,-0.24,,7.0,-6.7,0.05,-1.81,-1.91,0.56,0.01,1.5,1.0,,1.97,-2.0,,0.1,,-1.1,2.5,3.5,5.5,,,-1.0,-1.4,1.02,1.0,,3.0,5.5,1.22,-0.4,5.26,23,0.4516949648,0.5231254418
2023,6,Arizona,Washington,-18.5,-7,24,31,-16.18,-18.01,-16.43,-11.11,-23.59,-20.08,-18.75,-14.0,-27.83,-16.0,-16.91,-12.72,-17.79,-10.83,-19.25,-15.84,-22.0,-22.45,-16.08,-26.78,-8.88,,-25.0,-21.7,-18.01,-15.44,-14.4,-16.31,-18.0,-9.5,-21.0,,-29.12,-20.9,,-24.0,,-17.3,-18.5,-27.9,-28.0,,,-30.0,-17.3,-23.38,-15.5,,-19.0,-5.0,-22.06,-29.53,5.96,55,0.4823597692,0.1281277638
2023,6,Arkansas,Texas A&M,-5.5,-12,22,34,-8.3,-11.22,-2.52,-8.77,-6.45,-4.66,-8.48,-10.0,-15.38,-7.0,-9.35,-8.97,-1.93,-3.87,-7.3,-5.13,-13.0,-4.9,-6.52,-7.86,-0.73,,-24.0,-8.3,-6.76,-3.9,-8.39,-9.18,-1.0,-6.5,-6.0,,-10.75,-3.3,,-12.1,,-3.7,-5.5,-9.8,-18.1,,,-6.0,-2.2,-0.3,-3.8,,-6.5,-5.0,-3.68,-9.16,4.81,56,0.4567962349,0.3299462544
2023,6,Auburn,Georgia,-14.5,-7,20,27,-10.86,-8.1,-16.78,-1.98,-3.09,-11.44,-12.91,-9.0,-4.47,-20.0,-8.45,-10.06,-19.4,-11.06,-11.65,-10.22,-6.0,-14.65,-13.94,-19.13,-8.69,,1.0,-11.0,-11.03,-14.33,-12.02,-13.9,-15.0,-15.5,-14.0,,-10.42,-12.0,,-10.6,,-11.2,-14.0,-8.7,-8.2,,,-9.0,-11.3,-18.99,-23.5,,-14.5,-8.0,-20.23,-9.99,5.03,47,0.567944515,0.2420928217
2023,6,BYU,Cincinnati,-1.0,8,35,27,0.6,2.71,-1.03,1.69,-0.56,-3.26,-0.5,4.0,-7.06,3.0,-0.74,7.97,5.07,4.85,1.53,6.18,-1.0,-1.05,2.63,0.65,5.84,,1.0,-0.7,0.82,-1.08,3.57,-2.65,0.01,2.5,3.0,,10.0,12.5,,-0.6,,9.9,-1.0,-3.3,-11.0,,,-3.0,11.2,-1.4,3.0,,-2.5,-2.5,4.95,-4.09,4.74,62,0.5606908101,0.5367927617
2023,6,Boston College,Virginia,4.0,3,27,24,4.65,2.7,0.51,12.35,11.12,2.72,3.59,4.0,3.27,5.0,6.27,2.41,0.95,17.57,4.15,5.69,7.0,4.45,6.3,1.54,0.97,,4.0,0.8,3.44,1.74,5.32,4.43,3.0,2.5,5.0,,7.25,1.6,,5.1,,0.8,4.0,7.3,2.7,,,5.0,1.5,-0.05,3.3,,3.5,1.0,1.57,7.56,3.5,51,0.5036812239,0.6007530194
2023,6,California,Arizona St.,13.0,3,24,21,11.48,15.46,9.68,22.94,22.53,15.53,9.33,14.0,24.53,9.0,16.52,10.58,11.83,10.7,14.55,26.0,16.0,14.55,13.16,11.5,6.75,,16.0,8.1,12.83,12.49,12.07,18.49,10.0,10.5,12.0,,20.22,10.8,,16.8,,11.1,13.0,23.0,27.5,,,27.0,11.3,15.43,6.8,,13.0,5.0,14.06,19.52,5.85,45,0.5364971525,0.8050994306
2023,6,Central Florida,Baylor,8.5,-1,35,36,10.54,15.59,4.74,22.36,18.52,10.58,10.95,13.0,17.21,14.5,12.38,14.72,9.32,7.9,12.03,12.94,16.0,14.05,13.26,8.34,14.04,,13.0,9.7,11.82,12.02,9.41,17.11,6.0,11.5,11.0,,18.64,1.2,,11.5,,3.7,9.0,21.0,23.9,,,22.0,3.5,2.73,6.5,,12.0,8.5,11.62,17.29,5.51,71,0.5831878777,0.7629596648
2023,6,Central Mich.,Eastern Mich.,9.5,3,26,23,9.98,5.89,7.03,4.52,10.43,11.13,11.34,7.0,9.48,4.5,10.81,3.96,8.51,-0.5,7.82,3.9,2.0,13.15,9.77,23.5,-2.63,,9.0,8.6,7.53,6.39,8.03,10.03,7.0,6.5,10.0,,6.65,6.7,,6.9,,6.8,9.5,11.8,14.5,,,10.0,6.7,-3.43,5.3,,7.5,1.5,3.39,15.3,4.97,49,0.4597742398,0.6808734179
2023,6,Colorado,USC,-22.0,-7,41,48,-16.05,-3.36,-16.93,-9.77,-8.84,-21.13,-21.42,-7.0,-8.69,-12.5,-12.77,-0.48,-19.26,-10.6,-14.8,-4.17,-19.0,-20.55,-18.82,-16.93,-3.98,,9.0,-20.1,-15.95,-15.62,-12.53,-19.81,-24.0,-27.5,-12.0,,-36.35,-21.9,,-18.5,,-18.5,-21.0,-23.8,-18.0,,,-15.0,-19.4,-21.94,-10.7,,-21.5,-13.0,-21.33,-15.85,7.83,89,0.6579222973,0.2015216075
2023,6,Connecticut,Utah St.,-4.0,-1,33,34,-8.03,-6.81,-12.53,-7.6,-10.89,-16.5,-9.9,-10.0,-16.67,-11.0,-8.56,-1.48,-12.94,-3.9,-7.01,-10.66,-14.0,-9.35,-7.48,-6.85,-3.74,,-6.0,-10.6,-8.21,-8.39,-5.99,-6.18,-12.0,-5.5,-3.0,,4.68,6.7,,-9.5,,3.1,-4.5,-2.2,-10.8,,,-16.0,5.3,-3.38,-3.1,,-6.0,4.0,-10.43,-11.84,5.8,67,0.4293227277,0.339153408
2023,6,Duke,Notre Dame,-5.5,-7,14,21,-5.57,3.87,-10.65,-7.42,3.73,-12.8,-7.81,1.0,1.08,-8.0,-3.96,5.39,-6.89,-2.93,-2.85,2.57,-1.0,-2.95,-4.32,-2.28,1.16,,1.0,-5.0,-2.94,-2.73,-4.6,-7.55,-6.0,-4.5,0.01,,-1.51,-6.7,,-4.3,,-6.6,-5.5,2.6,7.4,,,1.0,-6.8,-2.11,-2.9,,-6.0,1.5,-4.84,0.48,4.66,35,0.5636327243,0.4316104654
2023,6,Fresno St.,Nevada,25.0,18,27,9,20.17,32.23,25.06,41.3,20.78,32.93,22.79,29.0,31.15,30.0,19.55,32.8,29.64,19.61,28.08,21.19,31.0,32.75,28.6,38.6,25.24,,28.0,28.1,28.05,24.57,19.17,25.09,36.0,24.0,30.0,,21.17,31.9,,26.2,,27.6,25.0,32.9,33.5,,,26.0,29.6,35.81,23.5,,25.0,19.5,44.64,25.77,6.06,36,0.5719208333,0.9507924521
2023,6,Georgia Southern,Coastal Carolina,6.5,10,38,28,2.67,4.09,1.78,8.31,-6.87,1.8,5.17,3.0,3.34,2.5,-0.73,4.5,6.05,-2.95,3.3,7.43,4.0,4.25,3.85,22.77,2.54,,-2.0,8.8,3.05,1.54,1.73,1.81,10.0,4.5,-1.0,,-1.14,3.4,,2.1,,4.4,5.5,2.6,11.0,,,-6.0,3.4,1.35,3.1,,6.5,5.0,4.86,-1.26,4.72,66,0.4233901566,0.5789728602
2023,6,Georgia St.,Troy St.,1.0,-21,7,28,4.23,10.41,2.44,11.91,6.23,5.64,5.5,8.0,11.86,6.0,3.29,9.61,-2.05,3.33,3.63,9.56,11.0,7.25,2.7,-2.13,-5.36,,9.0,0.8,3.19,2.67,3.1,6.43,2.0,3.0,2.0,,-4.34,-1.2,,2.6,,-0.2,1.0,6.4,0.9,,,1.0,-2.7,-1.99,1.1,,1.0,0.5,4.94,6.15,4.57,35,0.5632428371,0.5869581221
2023,6,Georgia Tech,Bowling Green,21.0,-11,27,38,14.83,14.53,21.58,20.51,10.24,15.09,16.7,13.0,20.94,13.5,13.79,11.08,15.42,13.74,16.73,20.17,10.0,20.45,19.61,23.29,9.57,,13.0,15.8,16.69,18.34,14.67,19.51,21.0,20.5,24.0,,8.47,19.7,,15.6,,19.3,20.5,17.5,16.3,,,16.0,20.9,16.67,22.0,,21.5,5.0,19.63,18.8,4.42,65,0.3977603668,0.8450309605
2023,6,Iowa,Michigan St.,10.5,10,26,16,9.72,10.48,10.32,1.28,8.68,8.21,11.21,9.0,11.35,10.0,8.37,10.01,9.9,11.97,10.29,14.45,2.0,14.15,10.57,12.99,12.34,,5.0,9.0,10.01,8.62,9.63,8.57,13.0,11.5,11.0,,12.69,10.0,,10.5,,10.1,10.5,12.1,14.5,,,9.0,8.6,8.57,13.8,,11.0,9.0,15.54,8.73,2.84,42,0.4948054022,0.7382772821
2023,6,James Madison,South Alabama,2.5,8,31,23,5.32,14.91,8.72,2.5,4.43,6.18,4.79,10.0,11.63,6.5,5.65,16.68,4.79,5.31,5.88,8.16,8.0,4.05,2.52,3.78,11.15,,13.0,7.0,5.57,7.04,6.5,3.17,9.0,4.5,0.01,,-7.62,-0.8,,4.1,,2.1,3.0,15.4,-5.8,,,7.0,-0.1,7.91,3.2,,3.5,5.5,9.26,5.08,4.88,54,0.5806299438,0.6383406576
2023,6,Kent,Miami (Ohio),-14.5,-20,3,23,-11.62,-14.81,-2.23,-19.78,-8.6,-5.89,-10.93,-13.0,-24.15,-7.5,-14.42,-9.77,-2.6,-5.69,-10.47,-13.44,-21.0,-7.45,-13.05,-9.06,-1.64,,-19.0,-8.3,-9.41,-6.83,-12.8,-11.75,-4.0,-15.5,-21.0,,-20.48,-11.9,,-17.9,,-8.8,-14.0,-17.9,-7.4,,,-12.0,-7.9,4.22,-7.0,,-14.5,1.5,-6.41,-19.79,6.6,26,0.5926688039,0.2712572237
2023,6,Kentucky,Florida,2.5,19,33,14,2.47,2.67,-0.73,-2.16,2.73,3.09,2.6,2.0,-2.77,3.0,2.49,5.6,0.47,0.54,1.53,-1.9,3.0,-3.05,3.26,1.68,4.87,,1.0,-0.1,2.09,1.66,2.18,0.73,0.01,3.0,-1.0,,8.64,4.0,,0.2,,4.9,2.5,2.3,8.7,,,-6.0,3.2,-6.67,3.1,,1.0,4.0,4.76,-0.34,3.17,47,0.4761084406,0.5376511104
2023,6,Louisiana-Monroe,Appalachian St.,-13.5,-1,40,41,-17.64,-0.76,-16.08,-11.31,-13.1,-11.58,-20.98,-5.0,-10.28,-9.0,-17.64,4.37,-16.65,-2.83,-11.71,-11.46,-7.0,-16.75,-13.75,-8.63,-2.37,,2.0,-13.9,-11.79,-10.94,-15.33,-12.78,-12.0,-13.5,-21.0,,-12.64,-8.8,,-11.3,,-8.8,-13.5,-21.7,-23.0,,,-22.0,-7.3,-13.27,-7.8,,-13.5,-3.5,-9.33,-17.82,6.5,81,0.5415558858,0.2474061143
2023,6,Marshall,Old Dominion,14.5,6,41,35,15.93,15.51,15.59,19.59,17.24,9.7,15.45,11.0,15.36,16.5,17.64,15.59,13.36,17.16,15.98,10.35,7.0,17.25,16.92,15.91,16.97,,16.0,13.4,16.0,12.74,17.62,19.45,13.0,13.5,16.0,,21.38,16.8,,13.7,,15.2,14.5,25.4,18.7,,,14.0,16.6,19.28,17.5,,14.5,4.0,22.4,18.38,3.74,76,0.536150786,0.8363969739
2023,6,Maryland,Indiana,14.5,27,44,17,16.62,15.06,12.2,11.27,13.14,17.33,17.8,13.0,15.84,14.0,16.17,14.64,17.24,14.03,16.51,20.34,17.0,19.85,14.03,18.29,11.76,,11.0,15.8,16.09,14.28,17.43,14.51,17.0,14.5,18.0,,20.2,21.8,,15.3,,17.0,14.5,26.5,26.1,,,15.0,18.3,16.0,22.5,,14.5,11.0,19.92,17.6,3.68,61,0.5490843181,0.8445113835
2023,6,Massachusetts,Arkansas St.,2.5,-24,28,52,-4.18,-1.05,-6.99,7.59,4.91,2.26,-5.24,-3.0,9.49,-9.5,-1.27,-6.72,-0.17,-4.52,0.16,1.46,-4.0,-0.25,-1.89,2.65,-2.89,,-5.0,-0.9,-0.21,0.41,-6.31,3.03,1.0,1.5,-6.0,,6.52,0.3,,1.5,,0.1,2.0,8.7,16.8,,,7.0,-0.9,9.67,-2.1,,2.5,6.5,-11.26,-0.05,5.72,80,0.4448499583,0.5037829781
2023,6,Memphis,Boise St.,3.0,3,35,32,-1.6,7.62,1.77,11.19,2.07,9.74,-3.6,8.0,8.91,5.0,0.94,6.93,1.13,-1.49,2.84,7.88,14.0,-2.25,1.77,5.9,-1.19,,7.0,3.0,2.69,2.78,-0.95,5.86,9.0,2.0,-2.0,,-13.81,2.6,,6.5,,3.6,3.0,4.0,-0.2,,,1.0,4.4,1.21,1.0,,3.5,4.0,4.3,2.12,4.79,67,0.4961505139,0.5679968219
2023,6,Minnesota,Louisiana-Lafayette,10.5,11,35,24,12.38,6.86,13.32,3.39,12.61,5.78,12.21,6.0,8.48,0.5,13.81,6.0,11.16,11.79,11.28,8.11,-3.0,11.95,12.91,8.51,9.54,,14.0,6.2,11.87,13.67,12.98,11.35,11.0,10.5,15.0,,25.78,17.6,,9.0,,16.7,10.5,8.4,25.3,,,14.0,17.2,13.0,9.0,,11.0,2.5,13.68,12.81,5.43,59,0.5185395315,0.7493019027
2023,6,Mississippi,LSU,-2.5,6,55,49,3.44,3.3,1.56,-0.75,10.79,9.01,2.87,6.0,6.34,2.0,5.53,1.67,2.97,-0.59,2.9,8.29,2.0,-2.85,2.92,0.37,2.78,,9.0,-1.1,2.69,3.78,2.59,2.48,1.0,-2.0,2.0,,2.92,0.5,,2.2,,0.3,-1.5,4.1,1.4,,,9.0,0.8,-6.05,-0.6,,-2.5,6.0,-1.78,8.79,3.47,104,0.6301830804,0.5708261873
2023,6,Mississippi St.,Alabama,-15.0,-23,17,40,-16.33,-13.34,-17.06,-17.57,-14.49,-15.66,-17.1,-11.0,-20.2,-17.0,-17.18,-9.64,-16.5,-5.77,-13.63,-12.75,-13.0,-10.05,-13.61,-12.03,-3.31,,-20.0,-13.4,-13.81,-12.52,-17.36,-18.03,-10.0,-14.5,-11.0,,-9.84,-9.6,,-17.5,,-7.4,-15.0,-15.1,-14.0,,,-14.0,-7.3,-13.55,-18.5,,-14.5,-7.0,-10.68,-20.53,4.39,57,0.5331452114,0.203966836
2023,6,NC St.,Louisville,-3.0,-3,10,13,-5.01,-8.1,-4.53,-4.45,-10.44,-10.81,-6.19,-5.0,-11.95,-3.0,-6.07,-6.02,-1.32,-4.26,-6.43,-7.46,-12.0,-11.95,-3.96,-7.6,-0.02,,-14.0,-4.5,-6.01,-6.91,-3.07,-6.87,-2.0,-3.5,-6.0,,0.63,-5.2,,-7.2,,-2.9,-3.5,-16.2,-11.0,,,-12.0,-3.7,-10.82,-0.1,,-3.5,-2.5,-10.16,-13.13,4.23,23,0.4173041133,0.3477453829
2023,6,Navy,South Florida,3.0,-14,30,44,2.06,0.01,9.37,-3.58,-5.89,0.12,0.92,1.0,0.42,4.5,1.4,-0.2,5.32,13.28,3.16,9.5,-3.0,-4.95,6.94,7.25,5.02,,1.0,4.4,3.85,2.25,4.68,1.94,10.0,4.5,1.0,,10.66,8.5,,3.6,,6.7,3.0,8.7,-8.8,,,-9.0,7.5,8.96,4.1,,3.0,0.5,6.25,-5.45,5.31,74,0.5038134192,0.5748711607
2023,6,Nebraska,Michigan,-17.5,-38,7,45,-15.43,-18.47,-19.62,-15.17,-15.99,-18.4,-15.82,-14.0,-20.85,-19.5,-16.26,-17.2,-23.14,-12.03,-18.77,-18.16,-18.0,-20.95,-15.08,-19.76,-15.12,,-22.0,-21.7,-18.71,-19.05,-17.17,-17.81,-18.0,-18.0,-17.0,,-32.16,-23.6,,-20.3,,-21.1,-17.5,-26.8,-13.3,,,-25.0,-22.2,-22.11,-20.0,,-17.0,-5.0,-18.94,-21.37,4.34,52,0.4692453538,0.1270407875
2023,6,Northwestern,Penn St.,-27.0,-28,13,41,-19.04,-17.03,-25.68,-27.45,-20.12,-25.84,-23.38,-19.0,-24.06,-21.5,-17.57,-13.25,-28.02,-12.98,-23.89,-22.84,-24.0,-31.15,-27.76,-32.65,-20.53,,-20.0,-23.9,-23.98,-23.72,-16.95,-23.9,-27.0,-26.0,-22.0,,-33.93,-28.0,,-27.0,,-26.5,-27.0,-29.8,-19.8,,,-31.0,-25.7,-33.29,-25.0,,-26.5,-9.0,-32.59,-27.97,5.66,54,0.5732077736,0.0781496108
2023,6,Oklahoma,Iowa St.,19.5,30,50,20,18.1,26.62,15.88,27.63,26.04,23.9,18.68,16.0,41.59,20.0,20.7,18.56,20.37,12.91,21.59,20.7,26.0,25.25,17.81,24.28,9.79,,29.0,18.3,20.05,20.56,17.23,25.37,21.0,20.5,17.0,,14.57,20.1,,29.9,,19.3,19.5,35.3,28.2,,,36.0,18.1,18.55,16.0,,19.5,8.5,19.1,29.42,6.94,70,0.5480127642,0.893663844
2023,6,Oregon St.,Utah,4.0,14,21,7,0.53,-0.2,-2.57,-3.66,5.73,-1.97,-0.72,-5.0,9.33,-7.5,3.65,-5.34,-1.24,1.06,-0.37,-0.22,2.0,1.55,1.17,-0.34,-2.13,,-8.0,-3.1,-0.28,-0.2,-0.8,3.15,1.0,1.5,-2.0,,-2.69,-7.5,,1.8,,-5.1,3.5,2.7,8.5,,,7.0,-7.5,4.29,-2.3,,3.5,3.5,0.42,4.47,4.17,28,0.3950258346,0.4910076621
2023,6,Purdue,Illinois,1.0,25,44,19,-0.83,-2.12,2.57,-0.12,-0.83,4.69,-0.9,-3.0,0.3,0.01,-0.55,-3.42,-2.97,0.69,-1.27,0.97,-3.0,-3.25,-1.09,-2.54,0.08,,-3.0,0.7,-1.21,-1.26,-1.66,-1.16,-2.0,1.5,-3.0,,-2.3,-5.1,,-2.5,,-3.7,0.5,-2.9,3.7,,,-8.0,-3.6,-5.52,1.3,,1.0,0.01,-0.96,-2.25,2.58,63,0.4438794755,0.468530602
2023,6,Rice,East Carolina,3.5,7,24,17,-2.19,7.67,-8.79,9.8,6.71,0.92,-2.67,7.0,9.37,1.5,-2.2,6.75,-4.44,-5.23,-0.02,1.23,6.0,-1.65,1.13,-0.67,-3.89,,7.0,-3.5,-0.99,-1.96,-2.16,2.2,-6.0,5.5,-2.0,,0.43,-1.3,,3.6,,-2.3,3.0,-4.1,4.7,,,4.0,-1.6,-14.83,2.5,,3.5,2.5,-7.58,1.18,5.26,41,0.4166432357,0.4995228823
2023,6,SMU,Charlotte,22.5,18,34,16,21.44,16.68,23.44,23.78,18.24,17.37,23.26,17.0,28.37,19.5,22.18,10.39,19.22,14.97,21.24,16.42,14.0,22.05,24.72,22.01,15.88,,14.0,19.5,21.95,19.78,20.86,21.71,27.0,22.5,27.0,,30.12,29.1,,23.9,,26.6,22.5,29.3,17.6,,,24.0,28.0,21.88,22.5,,23.5,10.0,22.67,22.44,5.0,50,0.4698266951,0.899053811
2023,6,Sam Houston St.,Jacksonville St.,-6.5,-7,28,35,-1.76,-6.27,-1.47,-31.88,-3.01,-6.6,-4.13,-7.0,-0.05,-11.5,0.71,-9.61,-5.66,-12.13,-6.17,-4.01,-21.0,-15.95,-4.83,-10.68,-2.74,,-13.0,0.9,-5.5,-5.85,-0.7,-5.5,0.01,-5.0,-10.0,,-7.48,-0.1,,-5.3,,-2.9,-6.5,-9.6,8.0,,,,-5.2,-13.75,-3.2,,-6.5,-8.5,-11.77,-6.08,6.68,63,0.5076440895,0.3600696896
2023,6,Southern Miss.,Texas St.,-6.5,-14,36,50,-3.31,-6.45,-1.9,-10.55,-12.49,-8.88,-3.37,-4.0,-12.71,-3.5,-6.34,-3.09,-7.93,1.71,-4.5,-8.58,-17.0,-10.65,-1.82,-9.39,-2.77,,-9.0,-5.2,-3.75,-8.04,-1.24,-5.49,-1.0,-7.5,5.0,,9.29,7.6,,-5.9,,4.1,-6.5,-11.5,-6.1,,,-20.0,6.8,0.78,-3.4,,-5.5,0.5,-1.84,-16.56,6.36,86,0.5465506792,0.3962211692
2023,6,Stanford,Oregon,-27.5,-36,6,42,-23.28,-30.82,-20.98,-30.29,-25.22,-30.18,-26.54,-27.0,-43.97,-26.0,-24.53,-23.74,-22.31,-12.75,-27.21,-13.86,-35.0,-29.45,-27.18,-25.07,-18.68,,-30.0,-22.3,-26.77,-25.73,-20.99,-30.12,-26.0,-23.0,-27.0,,-39.04,-30.2,,-36.1,,-26.2,-27.5,-40.9,-30.6,,,-41.0,-27.1,-32.45,-23.0,,-27.5,-13.0,-28.68,-37.05,7.19,48,0.5066385775,0.0592141171
2023,6,Syracuse,Clemson,-7.0,-17,14,31,-1.96,9.13,-6.22,3.78,7.19,1.02,-2.39,8.0,10.03,2.5,-1.05,8.65,-3.39,-1.22,1.2,9.26,16.0,3.85,-3.06,-0.23,1.73,,7.0,-1.8,1.01,2.74,-2.81,1.91,1.0,-6.5,-3.0,,-5.64,-0.7,,-1.9,,0.7,-6.0,2.8,10.0,,,5.0,0.8,-7.37,-7.0,,-6.5,1.5,2.68,4.91,5.45,45,0.6874220416,0.5284985086
2023,6,TCU,West Va.,13.0,-3,21,24,9.65,6.91,8.48,3.35,6.94,4.92,10.49,6.0,9.98,8.5,10.02,5.25,8.96,12.37,8.63,6.42,6.0,6.25,8.23,5.48,1.06,,6.0,9.8,8.73,6.25,9.03,11.38,11.0,9.5,7.0,,7.0,9.3,,9.5,,10.9,12.0,17.2,15.8,,,5.0,9.8,14.69,10.6,,13.0,13.5,7.87,9.09,3.39,45,0.393882461,0.702516363
2023,6,Tennessee,South Carolina,12.0,21,41,20,8.04,7.24,11.76,11.97,5.86,10.83,8.46,9.0,9.7,9.5,8.11,5.93,17.42,8.55,10.43,7.73,6.0,7.55,11.15,14.88,3.94,,2.0,12.1,9.68,9.54,8.19,8.02,16.0,12.0,4.0,,15.72,12.1,,10.3,,12.0,12.0,21.2,19.9,,,8.0,11.7,14.6,9.9,,12.5,14.0,9.66,9.06,4.09,61,0.4618528201,0.7376802091
2023,6,Texas,Kansas,15.5,26,40,14,16.93,16.07,19.04,15.34,16.25,18.88,19.03,17.0,27.24,21.5,16.24,10.05,21.21,14.37,18.43,18.59,4.0,21.35,17.95,25.12,9.69,,21.0,21.5,18.89,14.95,16.35,24.13,24.0,17.0,18.0,,17.28,19.9,,22.7,,18.9,16.0,17.3,20.0,,,20.0,18.9,20.28,14.0,,16.5,8.5,14.84,20.3,4.61,54,0.570342917,0.867554109
2023,6,Texas Tech,Houston,8.5,21,49,28,9.87,2.11,10.85,10.46,10.16,5.13,9.47,3.0,9.54,1.5,12.34,-1.89,7.52,8.84,9.66,10.07,3.0,12.45,12.32,18.82,3.98,,8.0,8.6,10.12,6.83,9.7,11.1,14.0,10.5,9.0,,12.91,17.8,,10.7,,15.4,8.5,12.6,12.9,,,9.0,17.2,11.66,10.6,,8.5,0.01,10.84,11.71,4.54,77,0.5280032582,0.7207346913
2023,6,Toledo,Northern Ill.,13.5,2,35,33,13.42,24.04,14.23,19.82,16.5,21.36,16.25,19.0,31.96,20.0,12.27,19.78,13.76,14.02,17.53,11.08,21.0,27.45,16.49,19.14,19.89,,24.0,11.6,16.98,17.09,11.43,15.7,20.0,14.5,22.0,,23.01,16.8,,21.3,,16.6,14.0,15.9,8.9,,,17.0,17.0,16.96,11.0,,13.5,11.0,23.21,17.57,4.76,68,0.5960554803,0.8548977776
2023,6,Tulane,UAB,21.5,12,35,23,15.86,17.15,14.64,20.14,23.93,17.84,14.82,17.0,17.56,13.5,18.56,16.92,15.16,15.99,18.72,25.07,13.0,21.95,17.19,18.37,19.11,,16.0,16.3,17.7,14.37,17.36,14.53,15.0,19.5,24.0,,29.65,26.6,,18.8,,21.5,21.0,25.8,18.0,,,25.0,26.0,20.02,12.9,,22.0,7.0,25.16,22.23,4.7,58,0.4333189184,0.8709332206
2023,6,Tulsa,Temple,3.5,22,48,26,5.46,5.63,13.52,2.92,9.61,13.84,6.11,5.0,7.55,11.5,5.57,4.6,12.82,7.26,7.81,14.35,2.0,11.55,8.58,12.0,11.06,,5.0,8.7,7.38,7.7,4.75,5.83,14.0,4.5,6.0,,1.15,6.4,,4.8,,7.5,4.5,-1.0,10.5,,,6.0,5.8,8.38,2.4,,3.5,3.0,12.71,12.1,3.95,74,0.6039027035,0.6834649247
2023,6,UNLV,Hawaii,10.5,24,44,20,11.02,16.15,8.71,17.57,10.25,17.63,13.87,15.0,16.28,10.0,8.91,16.08,11.05,9.35,12.45,10.82,16.0,15.55,12.86,11.57,13.2,,18.0,10.4,12.28,12.27,9.49,10.53,13.0,10.5,15.0,,10.79,15.9,,14.4,,13.0,10.5,4.8,10.3,,,16.0,14.2,12.22,11.5,,10.5,6.5,15.31,12.29,3.2,64,0.5479261731,0.7790111683
2023,6,UTEP,Louisiana Tech,1.0,-14,10,24,-0.29,-2.23,1.72,-3.53,2.65,-1.18,-2.21,-3.0,-4.29,-3.5,0.75,-1.11,3.96,3.95,1.13,5.48,-5.0,6.15,2.3,-7.46,1.34,,2.0,-4.7,1.7,2.84,1.68,0.04,4.0,1.0,5.0,,7.86,3.3,,-4.3,,2.8,1.0,-1.3,2.5,,,7.0,1.9,9.46,2.4,,-1.0,0.01,2.81,-0.05,3.66,34,0.5031832758,0.5276481364
2023,6,Vanderbilt,Missouri,-14.0,-17,21,38,-10.01,-13.78,-11.01,-6.87,-12.31,-12.2,-10.16,-14.0,-9.99,-17.0,-10.45,-15.81,-11.61,-7.62,-11.7,-12.71,-14.0,-14.85,-10.06,-11.92,-10.98,,-17.0,-11.6,-11.4,-9.95,-11.7,-12.82,-8.0,-11.5,-14.0,,-6.67,-12.2,,-10.6,,-11.2,-13.5,-17.7,-8.0,,,-19.0,-10.5,-7.78,-7.2,,-13.5,-6.5,-15.96,-15.18,3.09,59,0.5565435987,0.2347095139
2023,6,Virginia Tech,Pittsburgh,-2.5,17,38,21,-2.95,0.2,-7.78,-9.75,0.65,-3.09,-3.39,-2.0,-5.67,-5.5,-2.78,3.35,-4.05,-7.76,-4.27,0.37,-4.0,-6.85,-3.92,-4.44,-10.67,,5.0,-3.4,-3.96,-5.98,-3.31,-5.8,-7.0,-2.5,-4.0,,-8.86,-8.6,,-5.1,,-7.9,-2.5,-3.8,-0.2,,,-10.0,-9.4,-8.83,-0.2,,-2.5,-2.5,0.36,-2.63,3.75,59,0.4567922006,0.3967404283
2023,6,Western Kentucky,Middle Tenn.,7.0,21,31,10,9.02,8.69,10.6,7.3,5.74,14.87,9.44,9.0,7.56,12.0,7.8,9.3,13.88,3.05,9.93,9.27,9.0,9.85,10.45,11.82,15.17,,9.0,12.9,9.57,8.91,10.72,7.42,17.0,8.0,12.0,,2.73,13.6,,9.7,,10.7,7.5,5.5,12.9,,,13.0,11.8,7.8,9.1,,6.5,8.0,11.44,8.26,3.02,41,0.5719397064,0.7305541014
2023,6,Western Mich.,Ball St.,2.5,18,42,24,1.75,3.68,2.53,1.39,3.45,4.14,0.34,4.0,6.71,3.0,2.95,2.05,1.34,3.03,2.6,3.92,4.0,-0.25,-0.7,4.56,5.58,,1.0,2.7,2.95,3.1,2.95,-0.32,5.0,0.0,0.01,,-0.62,5.3,,1.1,,6.0,2.5,4.9,-2.7,,,2.0,4.9,1.19,1.7,,2.5,1.0,3.3,3.27,2.08,66,0.5024917497,0.5645022815
2023,6,Wyoming,New Mexico,14.0,9,35,26,18.35,14.53,17.46,12.09,17.62,27.96,20.01,14.0,11.59,16.5,17.98,16.12,24.99,16.79,19.58,22.34,6.0,21.95,20.04,28.63,20.74,,18.0,23.3,19.8,14.29,18.61,14.94,20.0,12.5,29.0,,23.73,22.5,,15.4,,19.8,15.0,18.7,24.7,,,23.0,19.8,17.97,20.0,,14.0,8.5,26.47,21.18,4.95,61,0.6313990915,0.8804961934
2023,7,Akron,Northern Ill.,-5.0,-41,14,55,-6.47,0.2,-6.39,0.76,-5.02,-3.6,-5.77,-0.25,-1.45,-3.0,-8.33,1.09,-7.02,-8.0,-2.75,-6.98,-1.0,1.25,-6.27,3.1,4.49,,1.0,-0.8,-3.0,-3.45,-7.44,-4.05,-1.0,-3.5,-3.0,,-1.23,-3.7,,-1.1,,-1.4,-5.0,-4.8,-3.7,,,-10.0,-1.5,4.78,-2.1,,-6.5,4.0,-0.95,-9.62,3.83,69,0.5547936629,0.4331341945
2023,7,Arizona St.,Colorado,-3.5,-3,24,27,-3.83,-19.17,4.67,-14.01,-13.2,0.3,0.16,-13.0,-23.61,-6.5,-7.47,-16.78,2.07,-12.26,-5.96,-19.18,-10.0,-0.15,-7.46,-0.52,-9.16,,-18.0,0.9,-5.58,-3.48,-8.54,-5.58,8.0,-4.5,-9.0,,3.24,3.3,,-8.2,,0.1,-3.5,-4.0,-9.3,,,-15.0,0.4,3.54,-4.0,,-4.0,7.5,1.38,-13.36,8.0,51,0.4449621894,0.3686955054
2023,7,Army,Boston College,2.5,-3,24,27,4.65,11.26,5.97,14.43,2.11,9.39,5.64,11.0,20.28,9.0,4.89,6.4,4.53,6.24,7.22,7.75,9.0,10.45,6.56,11.09,12.31,,8.0,5.3,6.24,3.46,3.01,6.21,14.0,3.5,6.0,,10.11,2.9,,9.2,,2.2,3.5,8.3,-2.4,,,4.0,1.7,11.62,3.1,,3.0,9.0,16.12,4.07,4.42,51,0.6127256361,0.6693579443
2023,7,Baylor,Texas Tech,-1.0,-25,14,39,-3.65,-3.0,-0.12,-7.75,-6.78,-1.29,-3.24,-1.0,-12.92,1.5,-6.41,2.34,-2.17,-3.88,-3.7,-3.54,-5.0,-8.85,-4.76,-2.44,-0.81,,2.0,-1.7,-3.24,-3.5,-2.71,-6.09,-2.0,1.0,-3.0,,-12.6,-3.2,,-5.6,,-3.1,-1.5,-4.9,-4.0,,,-13.0,-4.2,-1.14,0.3,,-1.0,1.5,-3.26,-9.4,3.71,53,0.4342268299,0.410225546
2023,7,Boise St.,San Jose St.,9.5,8,35,27,12.0,4.06,12.44,7.58,8.94,12.67,12.33,9.0,-1.41,11.0,11.53,7.02,10.93,12.72,10.26,10.78,5.0,11.95,11.69,14.41,8.48,,5.0,14.0,11.53,8.2,13.41,8.06,11.0,8.5,12.0,,13.78,13.5,,6.5,,12.0,9.5,12.3,5.8,,,7.0,13.0,16.43,12.9,,9.5,7.0,13.89,7.54,3.52,62,0.5186409058,0.7359889906
2023,7,Buffalo,Central Mich.,-3.0,24,37,13,-2.12,-8.68,1.48,3.35,-1.44,-4.63,-1.9,-8.0,0.99,-4.5,-0.74,-13.89,2.42,-9.2,-2.3,3.66,-9.0,-3.65,-3.33,-1.35,-4.55,,-6.0,4.1,-1.9,-2.25,-4.68,-1.64,-1.0,-1.5,-7.0,,-5.31,1.2,,0.2,,0.5,-3.0,1.5,-5.0,,,-7.0,1.0,-2.58,-2.9,,-3.0,1.0,-5.9,-0.92,4.04,50,0.5170432674,0.4441671707
2023,7,California,Oregon St.,-7.5,-12,40,52,-7.97,-11.35,-8.58,-10.0,-6.52,-8.02,-10.51,-10.0,-18.53,-9.5,-6.25,-7.49,-10.95,-9.43,-9.7,-13.77,-8.0,-16.05,-9.53,-12.01,-11.56,,-10.0,-7.7,-9.53,-9.75,-6.59,-6.63,-13.0,-8.5,-13.0,,-10.97,-8.5,,-9.1,,-8.1,-7.5,-9.9,-1.6,,,-11.0,-6.5,-18.26,-7.5,,-9.5,-3.0,-16.38,-10.84,3.48,92,0.4461617914,0.2753087779
2023,7,Clemson,Wake Forest,21.0,5,17,12,17.39,12.85,13.61,16.68,15.19,15.3,20.38,12.0,29.28,10.0,16.5,4.0,11.81,12.91,17.17,19.01,6.0,23.85,16.1,19.99,9.8,,16.0,16.7,17.0,12.11,15.31,19.26,18.0,20.0,21.0,,21.92,19.4,,23.0,,16.6,20.5,26.5,18.5,,,23.0,17.2,16.71,17.0,,21.5,9.5,17.9,22.87,5.11,29,0.4091829674,0.8483811198
2023,7,Eastern Mich.,Ball St.,2.5,14,24,10,4.29,4.0,3.49,5.3,5.42,2.66,3.39,4.0,1.91,4.0,5.0,5.12,3.01,9.47,5.43,4.89,7.0,-2.05,2.98,1.63,10.1,,3.0,4.3,4.87,4.87,5.53,1.65,6.0,2.5,10.0,,7.45,4.7,,4.9,,5.1,3.0,5.7,4.6,,,7.0,4.3,11.82,3.1,,2.5,3.0,13.22,6.79,3.63,34,0.5713980491,0.6306073811
2023,7,Florida,Vanderbilt,18.0,24,38,14,16.82,13.16,21.3,18.13,11.78,18.01,19.0,15.0,16.71,16.5,13.45,11.24,20.81,14.3,16.71,19.87,6.0,16.45,17.83,16.59,10.25,,13.0,18.0,17.5,15.74,18.59,18.14,19.0,18.5,19.0,,10.8,19.1,,16.6,,17.6,18.0,19.5,20.4,,,18.0,17.5,19.24,17.5,,18.5,11.5,17.17,14.24,3.45,52,0.4683521047,0.8481835679
2023,7,Florida Atlantic,Tulsa,3.0,3,20,17,3.88,-8.77,0.85,-5.62,-1.94,-2.62,6.44,-3.0,-4.84,-5.5,3.07,-10.88,0.59,-8.14,0.3,-7.06,-13.0,2.75,8.28,1.04,-5.87,,-12.0,3.1,0.85,0.34,0.11,3.53,4.0,3.0,6.0,,15.22,9.0,,3.7,,6.7,3.0,3.2,3.8,,,-2.0,7.7,2.02,5.2,,3.5,4.0,-4.84,-2.55,6.1,37,0.436931431,0.5070367014
2023,7,Florida St.,Virginia Tech,24.0,22,39,17,19.23,21.29,21.04,28.08,20.1,23.23,20.02,23.0,25.53,19.5,17.9,19.02,23.74,15.22,23.88,19.45,18.0,24.35,27.73,23.24,18.52,,24.0,22.0,23.74,22.93,21.97,25.96,25.0,26.0,26.0,,34.61,35.1,,27.1,,31.9,24.0,27.4,25.2,,,28.0,35.3,31.48,24.0,,24.0,14.5,27.5,24.43,5.09,56,0.4971283633,0.9239909447
2023,7,Georgia,Kentucky,14.5,38,51,13,14.03,5.1,21.25,15.75,10.74,10.1,14.08,11.0,9.51,16.5,14.69,2.73,19.51,3.88,13.66,8.24,3.0,16.65,20.7,11.38,11.09,,5.0,12.5,14.08,16.43,15.35,16.57,22.0,14.5,15.0,,12.84,19.6,,15.2,,18.2,14.5,16.0,7.3,,,10.0,19.2,23.1,23.0,,14.5,10.5,16.97,13.4,5.64,64,0.4801145782,0.7912931752
2023,7,Illinois,Nebraska,3.0,-13,7,20,1.91,3.36,3.36,-2.2,4.01,0.12,0.99,5.0,1.86,5.5,3.02,4.16,7.28,-0.53,4.15,-2.71,-2.0,5.15,5.5,2.95,8.42,,4.0,6.8,3.54,6.52,2.43,4.14,10.0,3.5,0.01,,13.2,10.9,,3.5,,9.4,3.0,3.8,-0.8,,,3.0,11.1,8.09,3.2,,3.5,4.0,2.99,3.54,3.64,27,0.528147855,0.6005718361
2023,7,Iowa,Purdue,2.5,6,20,14,9.37,9.48,9.95,6.34,7.07,10.09,10.27,10.0,3.99,11.5,6.97,12.44,2.72,9.03,7.58,10.4,6.0,5.65,8.67,6.91,9.95,,10.0,5.2,7.3,7.71,11.36,6.9,9.0,4.0,9.0,,10.91,5.2,,7.3,,5.9,3.5,1.5,-0.2,,,2.0,3.9,13.44,6.8,,2.5,5.5,12.59,3.3,3.13,34,0.623221463,0.6802710087
2023,7,Iowa St.,TCU,-6.5,13,27,14,-4.15,-7.48,-1.66,-6.67,-8.42,-3.65,-4.05,-5.0,-14.95,-4.5,-5.35,-3.45,-2.05,-8.83,-6.34,-5.84,-6.0,-8.85,-4.82,-8.76,-0.45,,1.0,-3.7,-5.84,-5.75,-4.17,-5.65,-6.0,-6.0,-7.0,,-6.15,-9.1,,-9.4,,-8.4,-6.5,-12.9,-8.8,,,-10.0,-8.8,-12.58,-3.9,,-6.5,-3.5,-8.72,-11.09,3.5,41,0.5039266104,0.3482618238
2023,7,Kansas,Central Florida,-2.5,29,51,22,0.46,8.29,-1.74,4.97,0.83,-2.1,-0.44,7.0,-1.05,1.0,-1.74,13.33,-2.65,7.54,2.5,9.5,4.0,2.95,-0.97,4.58,7.52,,12.0,-3.2,1.27,1.66,3.99,-3.94,1.0,3.0,5.0,,-1.69,7.2,,-1.5,,5.8,-2.0,-3.1,-4.9,,,2.0,6.8,-0.8,3.3,,1.0,0.01,9.34,1.27,4.6,73,0.6188821253,0.5601198483
2023,7,Liberty,Sam Houston St.,21.0,5,21,16,21.0,24.7,19.59,31.7,19.49,16.51,21.39,20.0,23.24,28.0,20.08,25.48,19.85,19.02,21.89,23.36,30.0,24.45,17.06,57.17,20.29,,32.0,22.3,21.22,18.04,24.42,21.32,20.0,17.5,16.0,,7.28,21.8,,22.3,,21.5,21.0,28.3,16.1,,,16.0,23.3,14.37,12.9,,21.0,17.5,24.84,23.47,7.2,37,0.5203613053,0.895415982
2023,7,Louisiana Tech,Western Kentucky,-6.0,-7,28,35,-6.7,-6.29,-10.42,0.34,-7.9,-9.58,-4.96,-6.0,-7.23,-7.5,-8.07,-5.78,-15.32,-10.56,-8.54,-10.87,-7.0,-8.55,-8.03,-14.4,-15.88,,-12.0,-12.6,-8.3,-7.63,-10.17,-6.27,-13.0,-6.5,-7.0,,-8.95,-11.4,,-7.2,,-8.2,-6.5,-8.3,-1.9,,,-9.0,-9.3,-14.44,-4.2,,-6.0,0.01,-10.11,-9.1,3.71,63,0.4380938193,0.3001933744
2023,7,Louisiana-Lafayette,Texas St.,1.0,4,34,30,4.79,-3.61,8.74,1.46,-7.41,2.52,6.14,0.25,-3.96,7.0,2.9,-3.42,9.77,-6.32,2.54,-3.39,-6.0,-2.35,4.15,2.87,-1.83,,-3.0,8.1,2.87,0.19,4.63,2.55,11.0,1.0,3.0,,3.52,11.7,,2.2,,8.8,1.0,1.1,7.8,,,-6.0,9.7,3.78,2.2,,2.5,6.5,0.33,-6.04,5.33,64,0.5366387586,0.5602840874
2023,7,Louisiana-Monroe,South Alabama,-10.0,-48,7,55,-8.59,4.15,-7.58,-10.11,-0.83,-8.02,-12.15,-2.0,2.5,-4.0,-6.24,5.04,-11.74,8.6,-6.77,2.58,-5.0,-11.75,-16.66,-8.16,-6.16,,3.0,-5.3,-7.58,-6.2,-6.31,-9.23,-9.0,-11.5,-17.0,,-25.8,-12.5,,-9.4,,-9.7,-10.0,-8.2,-16.1,,,-5.0,-10.5,-7.42,-14.5,,-10.0,-3.5,-8.11,-2.47,6.49,62,0.5747001014,0.346501297
2023,7,Louisville,Notre Dame,-6.5,13,33,20,-6.65,-0.78,-5.74,-8.05,-5.01,-8.91,-6.9,-1.0,-8.52,-3.0,-8.54,3.39,-6.57,-7.73,-5.68,-10.0,-3.0,-6.55,-5.94,-7.86,0.13,,-1.0,-9.7,-6.0,-2.76,-5.66,-8.0,-4.0,-6.5,-6.0,,-10.48,-2.1,,-8.6,,-3.2,-6.5,-7.7,-5.3,,,-11.0,-1.3,-5.38,-3.4,,-6.0,-0.5,-8.29,-10.1,3.48,53,0.5201221897,0.3633458858
2023,7,Massachusetts,Toledo,-20.0,-17,24,41,-23.18,-17.08,-20.13,-20.8,-16.97,-28.16,-26.25,-22.0,-22.35,-23.0,-22.07,-14.24,-22.12,-10.89,-19.87,-11.17,-23.0,-25.85,-22.11,-21.78,-14.24,,-18.0,-15.7,-21.7,-20.19,-22.82,-16.0,-21.0,-19.0,-28.0,,-21.08,-25.4,,-21.7,,-22.8,-20.0,-21.9,-12.6,,,-24.0,-22.2,-8.52,-13.4,,-18.0,-6.5,-29.16,-27.74,5.38,65,0.5030939861,0.1179284606
2023,7,Miami (Fla.),Georgia Tech,20.0,-3,20,23,18.27,23.86,13.8,25.36,21.29,9.11,18.59,20.0,28.98,15.0,18.03,21.1,13.06,18.32,18.87,23.87,22.0,17.55,14.79,16.0,11.04,,29.0,16.8,18.32,13.8,20.83,21.77,14.0,17.5,22.0,,19.99,16.4,,21.3,,15.9,20.0,19.3,34.9,,,21.0,14.3,7.11,11.5,,21.0,6.0,12.23,26.82,6.89,43,0.4739707201,0.8622139228
2023,7,Miami (Ohio),Bowling Green,8.0,27,27,0,7.13,10.16,10.49,7.79,2.28,4.77,8.77,11.0,9.66,11.0,2.61,10.43,8.52,9.04,7.71,15.61,9.0,5.95,10.17,6.08,4.56,,6.0,7.0,7.7,6.62,9.44,9.79,14.0,11.5,13.0,,6.26,6.6,,7.7,,6.1,8.0,4.1,1.2,,,1.0,4.9,3.42,11.1,,10.0,5.5,11.32,7.87,3.3,27,0.4928645969,0.6827992976
2023,7,Middle Tenn.,Jacksonville St.,3.5,-15,30,45,0.71,-5.34,2.47,-13.88,-1.63,-10.09,0.45,-6.0,-0.99,0.5,0.49,-7.68,4.7,0.43,-1.25,2.29,-16.0,-7.75,0.39,30.09,2.28,,-3.0,6.4,-0.99,-2.2,1.12,-2.13,4.0,4.0,-7.0,,-2.16,2.3,,-1.1,,1.5,2.5,-5.4,4.4,,,-9.0,1.0,-9.02,-0.1,,3.5,-4.0,-5.35,-4.03,7.22,75,0.3926559649,0.4714262647
2023,7,Minnesota,Michigan,-19.0,-42,10,52,-16.54,-17.74,-14.56,-23.48,-18.2,-17.24,-17.9,-14.0,-27.33,-14.0,-17.05,-12.58,-17.1,-11.65,-17.34,-19.78,-17.0,-20.55,-16.62,-20.38,-7.96,,-19.0,-17.1,-17.24,-14.42,-16.6,-17.34,-12.0,-19.5,-19.0,,-16.36,-19.2,,-20.1,,-17.3,-19.0,-27.0,-15.9,,,-28.0,-18.0,-12.52,-13.8,,-20.0,-5.5,-19.27,-25.4,4.73,62,0.5399103073,0.1476077871
2023,7,Mississippi,Arkansas,12.5,7,27,20,11.37,17.99,10.19,8.2,12.9,17.73,11.88,20.0,17.69,17.0,9.74,18.14,9.44,14.46,14.26,15.8,12.0,14.45,13.51,16.21,13.61,,25.0,11.7,13.99,13.99,13.21,13.83,10.0,11.0,14.0,,19.84,12.9,,15.5,,11.4,12.5,15.2,14.0,,,17.0,12.8,5.96,11.2,,11.5,10.0,18.16,14.99,3.7,47,0.5429905173,0.8091607376
2023,7,Mississippi St.,Western Mich.,21.5,13,41,28,16.65,6.94,25.65,7.87,18.26,15.95,16.9,11.0,15.66,11.0,20.48,2.25,23.61,12.14,18.38,13.47,3.0,27.75,23.76,22.28,14.92,,10.0,20.3,20.3,19.76,14.74,20.66,22.0,21.0,26.0,,26.89,24.1,,20.5,,23.8,21.5,22.4,21.4,,,24.0,26.6,24.75,22.5,,20.5,7.0,19.24,24.83,6.83,69,0.4283659847,0.8562316349
2023,7,Missouri,LSU,-5.5,-10,39,49,-6.13,6.29,-7.51,-0.82,1.07,-3.04,-9.32,7.0,-11.95,5.5,-5.53,16.12,-5.21,12.4,-2.94,0.59,3.0,-6.75,-9.95,-2.15,2.62,,10.0,-4.8,-4.8,-5.64,-1.71,-7.89,-8.0,-7.0,-4.0,,-9.07,-11.6,,-10.5,,-10.7,-5.5,-3.3,-1.7,,,-11.0,-10.7,-7.83,-7.1,,-5.0,3.5,-0.83,-5.11,6.84,88,0.5588699069,0.4324701018
2023,7,NC St.,Marshall,6.5,7,48,41,4.04,-3.58,9.56,3.87,-3.02,2.71,6.31,0.25,6.11,0.01,3.52,-8.8,0.97,-3.91,3.29,2.56,-4.0,7.05,8.35,1.51,0.0,,-6.0,3.4,3.09,5.75,0.12,5.35,9.0,5.5,9.0,,13.28,15.9,,7.0,,15.5,6.0,0.5,-0.8,,,-3.0,16.0,3.95,3.4,,6.5,1.5,-0.99,0.64,5.79,89,0.4246684129,0.5771856942
2023,7,Navy,North Texas,6.5,3,27,24,3.87,3.76,7.76,3.06,10.27,11.41,2.64,5.0,13.99,1.5,7.13,-1.74,7.37,8.07,6.55,8.17,-4.0,11.05,4.51,10.69,7.48,,7.0,8.6,7.13,3.37,3.11,4.79,10.0,4.5,2.0,,3.17,10.7,,7.6,,9.0,6.5,14.3,7.7,,,7.0,10.4,5.02,1.0,,5.5,-4.5,6.22,12.17,4.28,51,0.5012131963,0.6548234098
2023,7,New Mexico St.,Florida Intl.,6.5,17,34,17,5.64,0.0,8.76,8.62,7.16,-0.09,6.71,2.0,11.3,1.5,8.83,-6.07,5.83,-1.91,5.59,3.39,1.0,6.35,8.04,1.06,-0.2,,-2.0,-0.1,6.35,5.31,1.03,10.13,18.0,6.0,1.0,,10.56,7.6,,6.5,,7.2,6.5,17.3,-0.5,,,9.0,7.7,20.91,3.5,,6.5,10.0,7.61,7.38,5.52,51,0.478408518,0.6302913441
2023,7,North Carolina,Syracuse,10.0,33,40,7,8.74,4.74,7.43,6.61,7.37,7.29,10.29,6.0,-5.43,7.0,4.83,10.22,6.06,7.91,7.08,11.17,-1.0,8.55,9.64,9.93,8.18,,9.0,3.4,7.29,3.56,10.87,4.17,6.0,9.5,11.0,,12.26,9.1,,3.7,,7.8,9.5,6.0,13.3,,,5.0,7.2,6.52,8.5,,8.5,2.5,6.83,2.54,3.39,47,0.4286205828,0.668641391
2023,7,Ohio,Kent,24.5,25,42,17,24.01,21.02,15.91,37.37,19.16,22.86,26.84,16.0,25.39,15.0,22.95,18.68,21.49,18.07,22.96,16.69,18.0,28.15,27.28,23.32,14.68,,21.0,24.9,22.86,16.54,23.58,18.25,18.0,26.0,29.0,,30.46,23.7,,25.4,,21.0,24.5,35.1,35.2,,,27.0,20.6,18.5,22.5,,27.0,9.0,27.48,25.88,6.08,59,0.4639043534,0.9116196058
2023,7,Ohio St.,Maryland,17.5,20,37,17,14.17,8.03,22.43,8.29,12.58,11.38,15.19,10.0,11.71,16.0,13.31,6.04,21.77,11.41,15.13,12.59,3.0,15.25,23.18,17.2,12.01,,17.0,17.6,15.19,13.86,15.25,20.52,21.0,17.5,14.0,,21.52,17.2,,16.8,,16.9,17.5,21.3,10.9,,,14.0,17.1,14.71,17.0,,20.0,10.0,13.87,15.27,4.69,54,0.4430712313,0.8196681769
2023,7,Oklahoma St.,Kansas St.,-11.5,8,29,21,-10.31,-18.73,-6.72,-21.86,-25.14,-16.99,-8.92,-13.0,-28.48,-7.0,-12.6,-13.48,-13.66,-12.22,-15.59,-19.7,-21.0,-20.45,-8.96,-22.93,-6.72,,-27.0,-11.8,-13.0,-12.76,-12.25,-12.06,-9.0,-10.0,-12.0,,-14.61,-10.4,,-17.6,,-10.2,-11.5,-22.7,-20.8,,,-26.0,-10.9,-25.27,-8.5,,-11.5,-4.0,-18.15,-28.44,6.99,50,0.4067915585,0.18437143
2023,7,Rice,Connecticut,10.0,-7,31,38,12.06,19.92,10.37,16.97,16.19,13.96,13.17,22.0,21.07,19.0,10.41,19.31,12.03,17.87,12.74,12.5,16.0,14.65,12.82,8.11,10.24,,23.0,8.7,12.84,12.84,13.27,15.18,12.0,10.5,13.0,,6.86,1.9,,13.5,,1.7,10.5,12.8,5.9,,,21.0,2.6,-1.02,10.5,,9.5,9.0,13.48,17.47,5.44,69,0.5648497199,0.7761267104
2023,7,Southern Miss.,Old Dominion,3.0,-4,13,17,-3.39,-2.78,0.63,1.98,0.29,-9.63,-4.68,-0.25,-1.52,0.01,-2.67,-3.46,-8.98,-3.03,-1.57,-3.8,-9.0,0.45,2.57,-7.84,2.86,,-4.0,-5.8,-1.79,-1.79,-2.67,2.44,-2.0,2.5,2.0,,16.16,3.1,,0.4,,1.7,2.5,0.1,-11.4,,,-8.0,3.8,5.4,3.4,,2.5,-2.0,-0.65,-3.25,5.16,30,0.3921215331,0.4625305639
2023,7,Temple,Texas-San Antonio,-14.0,-15,34,49,-9.72,0.86,-12.83,-6.12,-3.47,-11.25,-12.43,-3.0,-4.81,-7.5,-9.5,3.9,-18.29,2.27,-9.21,-6.98,3.0,-16.55,-11.14,-14.24,-8.22,,6.0,-10.0,-9.75,-10.15,-6.99,-9.75,-13.0,-13.0,-13.0,,-21.87,-11.1,,-9.2,,-11.9,-13.0,-11.0,-17.4,,,-11.0,-10.8,-15.77,-7.6,,-14.5,-5.5,-14.82,-8.1,5.86,83,0.611429857,0.2931410698
2023,7,Texas,Oklahoma,4.5,-4,30,34,0.14,0.22,-1.31,0.11,-0.58,-1.61,-0.78,5.0,-8.38,2.0,-1.04,4.85,3.96,9.6,1.99,6.91,-6.0,0.4,-0.28,5.06,8.1,,8.0,-1.0,0.4,-0.93,3.04,-1.69,1.0,4.5,6.0,,10.64,7.1,,-2.0,,5.8,4.5,-2.7,-3.9,,,-2.0,7.6,6.68,3.5,,6.5,4.0,5.54,-0.84,4.43,64,0.4394782555,0.5480521421
2023,7,Texas A&M,Alabama,-2.5,-6,20,26,-4.45,0.23,-11.83,3.27,-0.34,-3.27,-5.45,-3.0,1.44,-9.5,-3.06,-0.42,-9.15,-1.42,-3.8,-2.36,2.0,-2.15,-7.07,-7.9,-5.16,,-1.0,-5.6,-3.37,-7.31,-5.13,-6.2,-8.0,-3.5,-4.0,,-3.37,-2.9,,-3.6,,-2.2,-2.5,3.4,1.9,,,-3.0,-3.7,-10.41,-5.3,,-2.5,-3.0,-10.41,-1.81,3.94,46,0.4683254044,0.4081423072
2023,7,Troy St.,Arkansas St.,15.5,34,37,3,16.27,9.76,17.21,18.32,18.79,21.29,15.75,13.0,16.02,13.5,19.3,6.39,24.47,14.35,19.44,14.96,10.0,23.25,19.29,25.66,16.97,,18.0,18.7,18.5,17.47,16.65,13.99,24.0,16.5,22.0,,24.59,23.6,,18.4,,21.0,16.0,24.6,44.5,,,24.0,22.2,24.88,16.0,,15.5,12.5,22.01,26.46,6.03,40,0.5917465221,0.8738721506
2023,7,UAB,South Florida,-3.0,21,56,35,-1.21,-10.23,5.62,-7.29,-10.39,-6.94,0.08,-7.0,-8.58,3.5,-1.61,-11.12,5.34,-11.64,-2.95,-11.45,-9.0,-3.45,1.94,-4.61,2.87,,-10.0,-2.1,-3.45,0.5,-3.71,1.05,5.0,-2.5,1.0,,3.84,-6.2,,-1.6,,-2.9,-3.0,-6.0,-3.9,,,-11.0,-5.5,4.14,4.3,,-3.5,8.0,-5.36,-10.1,5.73,91,0.5011818138,0.4306262682
2023,7,UCLA,Washington St.,3.5,8,25,17,2.39,-7.88,3.27,4.79,5.0,6.39,4.39,1.0,-3.73,2.0,3.03,-10.12,-0.79,-6.78,1.78,-1.16,-8.0,4.45,8.15,0.26,3.25,,-12.0,-0.4,2.39,2.23,-2.07,6.32,8.0,3.0,3.0,,17.12,6.4,,4.1,,5.9,3.5,5.6,-3.4,,,-1.0,5.6,0.8,7.3,,3.5,8.5,1.78,2.08,5.69,42,0.4593797737,0.5420320448
2023,7,USC,Arizona,21.0,2,43,41,18.35,18.86,16.12,12.24,19.19,18.21,18.4,19.0,20.96,20.5,18.47,17.72,20.45,14.89,18.57,14.09,14.0,10.95,21.95,17.01,13.55,,16.0,18.9,18.86,16.97,20.59,20.79,18.0,21.5,23.0,,27.86,19.5,,22.3,,18.7,20.5,24.0,26.0,,,19.0,19.6,12.63,22.0,,22.0,11.0,14.53,21.81,3.74,84,0.4407757883,0.8725804739
2023,7,Utah St.,Colorado St.,-3.0,20,44,24,4.03,1.65,8.3,7.23,6.64,20.47,4.38,7.0,5.36,10.5,5.66,-0.34,2.37,-4.46,4.62,-3.63,1.0,6.45,5.73,0.32,5.89,,2.0,5.7,5.66,5.75,2.05,8.41,13.0,1.0,0.01,,7.75,0.3,,6.0,,2.0,-1.5,2.6,6.8,,,-1.0,1.3,6.44,2.9,,-2.5,-0.5,4.36,7.08,4.36,68,0.6782843589,0.6105143798
2023,7,Wisconsin,Rutgers,13.0,11,24,13,11.88,3.23,17.12,5.22,2.93,9.89,14.34,3.0,5.2,7.5,9.54,2.17,14.14,2.41,10.37,7.45,-1.0,15.15,15.02,13.68,8.4,,6.0,13.1,11.05,8.83,11.05,11.46,16.0,13.0,8.0,,14.92,19.5,,9.6,,16.5,13.0,14.6,13.5,,,3.0,17.6,14.51,12.3,,13.0,9.0,12.83,6.33,5.16,37,0.4374033906,0.7327782815
2023,7,Wyoming,Fresno St.,-5.5,5,24,19,-3.15,1.36,-10.28,-11.07,-0.91,-5.43,-4.57,-2.0,1.21,-4.5,-2.69,1.44,-14.18,3.01,-5.12,-0.91,-9.0,-10.45,-7.33,-13.08,1.27,,6.0,-10.8,-4.5,-6.37,-1.7,-3.88,-11.0,-5.5,-4.0,,0.55,-3.8,,-4.7,,-3.8,-5.5,-9.3,-14.3,,,-5.0,-3.3,-14.93,-4.2,,-6.5,-5.5,-13.33,-3.68,5.12,43,0.5090886671,0.3794282257
2023,8,Air Force,Wyoming,11.0,7,34,27,9.72,7.66,15.62,18.52,8.68,10.33,11.6,8.0,17.77,6.5,9.34,2.21,16.83,7.11,10.99,11.1,10.0,20.65,14.35,8.55,4.05,11.51,3.0,13.8,10.02,9.26,7.66,9.17,19.0,10.0,8.0,,12.92,9.2,,13.4,,9.2,11.0,19.6,15.2,,,13.0,7.0,12.85,6.8,,10.5,9.5,11.79,11.93,4.43,61,0.4997579289,0.7475672022
2023,8,Alabama,Arkansas,19.5,3,24,21,17.79,22.02,23.15,18.16,14.74,15.83,19.1,20.0,17.75,25.0,14.77,24.33,20.51,18.67,19.31,19.55,11.0,19.85,17.65,21.36,16.22,19.4,27.0,18.8,19.05,17.93,20.75,20.15,19.0,20.0,17.0,,19.48,15.0,,18.8,,14.7,19.5,19.9,19.7,,,16.0,14.5,17.99,21.5,,19.5,14.0,25.64,15.85,3.67,45,0.4953478847,0.8820239471
2023,8,Appalachian St.,Coastal Carolina,5.5,-3,24,27,6.13,4.11,7.23,6.64,4.07,0.03,5.88,5.0,-2.15,7.0,4.54,7.48,5.21,11.06,5.65,9.48,1.0,1.65,3.84,15.31,5.21,4.88,2.0,9.1,5.26,4.07,8.79,1.64,10.0,5.0,5.0,,-0.15,6.8,,-0.6,,7.2,5.5,2.0,14.8,,,3.0,6.3,7.33,5.3,,5.5,8.5,10.46,0.42,3.78,51,0.5036669021,0.6354114269
2023,8,Army,Troy St.,-5.5,-19,0,19,-4.17,-7.2,-0.79,-4.19,-7.48,-2.54,-3.47,-4.0,1.76,-5.5,-3.44,-12.03,-7.21,-8.33,-5.73,-5.82,-6.0,-4.85,-1.43,-6.52,-9.61,-10.48,-13.0,-4.9,-5.1,-3.38,-7.21,-2.56,0.01,-3.5,-5.0,,1.6,-6.4,,-2.3,,-5.2,-5.5,-11.8,-17.7,,,-9.0,-6.5,-3.35,-3.5,,-5.5,0.01,-8.92,-6.62,4.19,19,0.4944116622,0.3635482313
2023,8,Ball St.,Toledo,-17.0,-7,6,13,-12.4,-18.06,-10.21,-18.92,-18.1,-19.21,-11.8,-18.0,-23.29,-15.5,-14.27,-15.25,-15.95,-13.21,-15.64,-14.5,-24.0,-8.75,-12.96,-15.87,-12.29,-18.3,-14.0,-13.3,-15.26,-14.41,-14.15,-14.57,-10.0,-15.5,-18.0,,-15.27,-17.7,,-17.7,,-15.9,-17.0,-23.9,-19.5,,,-27.0,-16.1,-11.39,-11.2,,-17.0,-5.0,-11.73,-23.64,4.67,19,0.5327494901,0.1723021293
2023,8,Buffalo,Bowling Green,4.5,-10,14,24,5.09,-5.23,9.73,5.88,-2.6,2.81,8.81,-1.0,-5.24,2.5,1.62,-5.22,10.82,-1.58,2.41,-1.64,-1.0,6.55,4.97,7.52,1.25,0.95,-4.0,9.9,2.65,1.43,2.27,1.0,7.0,6.0,6.0,,-1.51,5.1,,1.8,,5.2,4.5,-3.5,-2.2,,,-4.0,4.3,3.02,3.1,,4.0,4.0,6.29,-3.0,4.58,38,0.4496690934,0.5579861976
2023,8,Central Mich.,Akron,11.0,7,17,10,12.24,15.21,14.89,7.22,8.92,14.17,11.91,16.0,10.7,17.5,12.02,17.64,11.24,16.05,12.25,7.34,9.0,10.15,14.65,15.8,11.05,11.87,18.0,10.2,11.94,12.42,14.85,10.67,14.0,12.5,11.0,,13.97,9.4,,9.7,,9.5,11.0,14.1,11.1,,,7.0,9.4,6.57,9.5,,11.0,3.5,17.97,11.96,3.46,27,0.5306635451,0.774572951
2023,8,Charlotte,Navy,-3.0,-14,0,14,-0.32,0.95,-4.73,-1.55,2.23,-1.63,-0.7,-2.0,8.14,-4.0,1.8,-2.92,-7.01,-8.79,-2.04,0.64,-3.0,1.45,-0.7,-5.08,-4.06,7.64,1.0,-2.6,-1.52,-1.34,-2.15,7.34,-5.0,-4.5,-3.0,,-9.72,-19.8,,-0.3,,-15.0,-3.0,1.4,6.1,,,4.0,-17.6,-7.47,-2.1,,-3.0,3.5,-6.26,6.09,5.89,14,0.5226047059,0.4520552673
2023,8,Cincinnati,Iowa St.,4.5,-20,10,30,-0.58,0.72,0.59,6.16,5.91,6.13,-1.0,1.0,8.8,2.0,2.22,-3.63,1.07,-9.77,1.46,2.44,1.0,1.55,2.01,-4.35,3.85,-2.13,1.0,-0.8,1.14,3.28,-2.87,5.18,5.0,3.5,-1.0,,2.46,0.4,,3.6,,1.2,4.0,6.6,0.9,,,5.0,-0.5,0.73,2.9,,4.5,6.0,-1.51,6.73,3.57,40,0.4258942574,0.5357494616
2023,8,Colorado,Stanford,12.0,-3,43,46,11.56,23.33,3.51,26.04,14.6,16.39,11.99,21.0,21.57,18.0,10.88,24.28,7.89,15.77,14.12,8.27,13.0,11.35,13.73,13.48,18.19,14.35,22.0,9.0,13.6,9.39,13.1,12.7,8.0,11.5,20.0,,10.4,10.1,,16.5,,10.3,12.0,13.9,19.5,,,18.0,9.7,9.25,15.5,,11.0,5.0,11.34,16.27,5.39,89,0.5503105486,0.8001558317
2023,8,Colorado St.,Boise St.,-7.0,1,31,30,-11.43,-1.46,-13.54,-7.68,-7.61,-10.96,-13.51,-4.0,-2.76,-11.0,-10.48,-0.76,-10.46,-1.31,-8.88,-1.47,-4.0,-14.85,-10.2,-8.86,-7.08,-1.75,-2.0,-10.8,-9.84,-8.65,-10.87,-12.18,-11.0,-7.0,-13.0,,-22.8,-11.6,,-9.0,,-9.6,-7.5,-10.0,-15.4,,,-10.0,-10.5,-9.67,-7.4,,-7.5,-2.0,-10.81,-8.86,4.51,61,0.4546511491,0.2952596205
2023,8,Duke,NC St.,3.0,21,24,3,8.53,10.32,5.91,13.55,20.49,8.46,8.34,9.0,18.07,2.5,11.2,6.15,11.96,11.92,11.94,17.16,8.0,15.15,12.94,13.84,5.62,16.12,11.0,13.1,11.28,8.43,7.34,11.36,8.0,3.5,15.0,,14.56,6.1,,13.0,,5.3,4.5,20.8,19.6,,,27.0,4.0,13.91,6.5,,3.0,9.5,10.75,22.56,5.49,27,0.7027058117,0.7613924639
2023,8,East Carolina,SMU,-12.0,-21,10,31,-7.37,-11.71,-6.25,-9.82,-4.45,-9.61,-7.29,-9.0,-16.55,-7.5,-7.96,-9.1,-6.31,-8.72,-8.25,-8.65,-17.0,-5.95,-6.81,-11.34,-1.93,-11.59,-9.0,-9.6,-8.59,-7.1,-8.53,-11.12,-3.0,-10.0,-10.0,,-3.09,-5.2,,-12.9,,-4.9,-11.0,-10.0,-9.4,,,-13.0,-5.1,-9.05,-6.6,,-12.0,-1.0,-4.96,-9.94,3.7,41,0.5909727665,0.3063912556
2023,8,Eastern Mich.,Kent,8.5,14,28,14,12.42,9.69,6.49,17.39,7.0,11.09,13.81,8.0,7.09,8.5,11.93,11.1,5.4,16.32,10.46,3.77,10.0,13.45,12.59,4.08,9.57,8.65,9.0,10.0,9.63,8.2,12.14,7.32,9.0,10.0,16.0,,19.82,9.8,,12.5,,7.8,8.5,5.5,15.7,,,8.0,7.0,11.1,7.6,,9.5,4.5,15.16,9.82,4.53,42,0.5472519371,0.7368239309
2023,8,Florida Intl.,UTEP,3.0,-13,14,27,-1.37,9.74,-4.37,6.67,2.51,3.6,-1.21,7.0,4.63,8.5,-3.68,12.5,-4.43,13.47,2.26,7.62,6.0,-0.35,-2.37,9.03,7.78,5.62,10.0,4.7,1.67,-2.35,0.0,0.55,-4.0,-2.0,-3.0,,-3.1,0.1,,1.8,,0.2,3.0,1.7,2.2,,,1.0,0.5,-13.61,-2.5,,3.0,4.0,1.63,0.02,5.52,41,0.4824395487,0.5534866442
2023,8,Florida St.,Syracuse,18.5,38,41,3,14.56,15.01,13.65,10.23,14.22,11.65,15.93,16.0,13.8,13.0,12.0,15.66,15.48,11.49,16.71,14.82,7.0,18.65,17.82,22.46,11.73,17.75,17.0,15.3,16.0,12.41,16.72,13.67,17.0,17.0,21.0,,20.7,21.0,,17.1,,20.1,18.5,23.1,23.2,,,16.0,20.0,26.46,23.0,,17.5,9.5,20.1,17.19,4.14,44,0.4565578146,0.8457937268
2023,8,Georgia St.,Marshall,1.0,17,41,24,-0.75,2.93,0.31,2.1,2.07,1.08,-1.58,2.0,4.11,-2.0,1.22,2.31,-9.82,0.24,0.04,3.76,2.0,2.55,-0.47,-5.24,-2.81,2.39,2.0,-1.9,0.12,-1.87,-1.78,-0.63,0.01,0.0,1.0,,-0.1,0.01,,0.3,,-0.6,1.0,0.9,-1.9,,,-4.0,-1.5,-0.17,-2.2,,-1.0,3.5,2.89,2.73,2.6,65,0.4762047095,0.500992058
2023,8,Hawaii,San Diego St.,-6.0,-7,34,41,-7.93,-4.94,-7.39,-0.54,-0.1,-8.01,-9.98,-5.0,-5.84,-5.0,-5.73,-4.45,-12.31,-2.69,-6.16,-3.14,-3.0,-8.35,-6.19,-7.04,-7.84,-8.53,-8.0,-10.0,-6.1,-5.81,-8.12,1.42,-5.0,-5.5,-13.0,,-10.11,-8.1,,-7.2,,-6.0,-6.0,-0.2,-9.5,,,-6.0,-6.6,-7.62,-5.3,,-6.0,-2.0,-5.32,-2.19,3.08,75,0.496052835,0.3516282923
2023,8,Houston,West Va.,-3.0,2,41,39,-7.08,-11.5,-7.73,-12.26,-6.77,-8.27,-7.37,-9.0,-9.62,-6.5,-6.07,-12.5,-8.85,-9.97,-8.22,-13.42,-12.0,-12.15,-5.17,-18.9,-3.72,-12.04,-16.0,-5.8,-8.16,-7.41,-9.15,-2.16,-6.0,-1.5,-9.0,,1.89,-9.3,,-6.6,,-6.3,-4.0,-4.0,-3.4,,,-17.0,-8.1,-8.22,-1.0,,-3.0,9.5,-17.19,-9.21,5.07,80,0.3770546228,0.3109213803
2023,8,Jacksonville St.,Liberty,-7.0,-18,13,31,-5.75,-9.36,-5.91,0.73,-6.14,2.37,-4.29,-3.0,-10.79,-7.0,-7.12,-8.59,-1.45,-6.18,-5.36,-5.16,-6.0,-0.05,1.74,-15.86,-4.13,-10.02,-8.0,-11.2,-6.16,-4.24,-8.61,-3.92,-2.0,-5.5,3.0,,10.38,-11.2,,-6.7,,-8.6,-7.0,-8.8,-14.3,,,-10.0,-8.1,7.2,-4.1,,-7.0,-1.5,-0.45,-6.88,5.28,44,0.5390454925,0.3743369232
2023,8,James Madison,Georgia Southern,5.5,28,41,13,3.94,7.12,6.35,2.27,3.98,3.55,1.89,8.0,-0.86,5.5,3.94,11.42,10.89,5.18,6.25,4.49,1.0,5.05,4.75,5.71,13.64,5.78,10.0,5.0,6.1,6.22,8.54,1.02,8.0,3.5,6.0,,9.22,7.3,,2.8,,6.3,5.5,9.6,1.2,,,5.0,6.2,13.21,8.3,,6.0,10.5,10.47,1.64,3.46,54,0.5184082539,0.6497548265
2023,8,Kentucky,Missouri,2.5,-17,21,38,4.31,1.33,5.73,-1.76,-1.33,2.93,5.93,2.0,1.25,4.0,1.86,1.36,9.84,2.33,3.35,9.08,-1.0,1.15,2.83,5.71,1.15,3.9,1.0,3.7,3.05,3.1,4.33,2.15,3.0,0.0,6.0,,4.77,6.1,,2.6,,6.4,2.5,-3.1,-0.3,,,-1.0,5.4,4.04,6.6,,3.0,2.5,8.05,-1.81,3.01,59,0.520978723,0.5821300823
2023,8,LSU,Auburn,11.5,30,48,18,9.35,9.73,7.0,6.72,7.81,13.43,8.98,10.0,11.04,11.5,9.91,9.03,9.62,10.8,9.71,7.42,3.0,10.35,8.53,11.15,12.75,5.38,10.0,6.7,9.67,9.17,10.69,10.52,14.0,11.5,8.0,,14.37,9.0,,10.8,,8.7,11.5,12.3,10.2,,,11.0,9.1,7.28,16.5,,11.5,6.5,13.55,9.45,2.77,66,0.4557763907,0.7266003882
2023,8,Maryland,Illinois,13.5,-3,24,27,15.02,16.48,13.93,25.8,14.88,27.09,17.22,16.0,20.51,15.5,13.5,14.32,11.41,15.93,16.55,25.0,20.0,22.75,15.42,22.72,14.01,21.59,15.0,17.3,15.46,12.73,14.6,15.94,14.0,14.0,18.0,,8.7,13.0,,15.2,,12.5,13.5,23.4,18.2,,,19.0,12.0,13.35,13.7,,14.0,4.5,22.21,18.43,4.47,51,0.5733616983,0.8421957989
2023,8,Memphis,Tulane,-4.5,-10,21,31,-0.57,1.7,-1.13,3.82,2.2,3.59,-0.95,0.25,-1.08,1.0,-0.09,3.19,-1.36,-1.58,-0.9,1.78,3.0,-2.35,0.43,0.35,-2.73,-5.16,4.0,-2.3,-1.0,-1.8,-0.84,-1.2,4.0,-3.0,-1.0,,-11.29,-6.1,,-1.4,,-3.5,-3.5,-3.8,-4.0,,,2.0,-5.8,-1.42,2.2,,-4.5,-1.0,-3.71,-2.73,3.03,52,0.5881415176,0.4777937002
2023,8,Michigan,Indiana,33.0,45,52,7,33.0,29.44,29.23,38.04,32.39,29.36,36.09,25.0,37.68,27.5,32.2,25.0,35.49,19.13,33.22,37.5,24.0,38.05,28.55,36.72,20.63,26.65,31.0,36.9,34.13,29.39,33.45,29.8,36.0,33.5,35.0,,46.0,40.1,,34.8,,35.6,33.0,48.0,38.7,,,38.0,36.0,32.31,29.0,,33.0,18.5,37.11,40.3,6.63,59,0.5051010336,0.9732459978
2023,8,Middle Tenn.,Louisiana Tech,3.0,8,31,23,-2.01,-2.55,3.54,-5.55,2.99,1.7,-3.67,-1.0,-2.54,0.01,-0.64,-2.54,6.27,-8.87,0.35,0.13,-6.0,0.75,2.85,-8.25,8.5,0.15,3.0,0.4,0.28,1.05,-1.06,0.66,6.0,-1.5,-2.0,,10.94,1.9,,-1.1,,1.8,3.0,0.5,-1.6,,,-1.0,2.2,5.44,3.1,,3.0,3.0,-3.0,-0.46,4.2,54,0.4358917882,0.5085032526
2023,8,Nevada,UNLV,-8.0,-18,27,45,-8.63,-22.72,-4.15,-24.21,-10.02,-14.05,-8.66,-19.0,-19.94,-12.0,-8.87,-24.22,-4.42,-13.14,-11.57,-7.21,-24.0,-9.75,-7.81,-5.52,-12.31,-6.72,-18.0,-3.9,-11.04,-11.07,-10.14,-10.24,-8.0,-10.0,-11.0,,-5.86,-14.4,,-13.6,,-11.8,-8.5,-12.8,-7.9,,,-16.0,-12.8,-13.02,-10.0,,-8.5,-5.0,-20.0,-14.03,5.79,72,0.4163318668,0.2467484544
2023,8,New Mexico,San Jose St.,-7.5,-28,24,52,-8.34,3.23,-7.01,5.27,-3.88,-6.21,-9.55,2.0,-3.75,-2.5,-8.93,6.99,-14.98,9.47,-6.02,-3.63,3.0,-9.85,-9.63,-7.24,-6.58,-3.52,-1.0,-7.0,-7.01,-6.02,-7.4,-3.43,-10.0,-9.5,-14.0,,-17.61,-7.8,,-8.4,,-6.5,-7.5,-8.3,-18.2,,,-8.0,-5.1,-7.73,-8.5,,-7.5,-5.0,-10.02,-7.79,5.66,76,0.5349878222,0.3604747219
2023,8,New Mexico St.,Sam Houston St.,3.5,14,27,13,4.16,5.7,0.66,15.84,2.12,-4.23,4.92,10.0,0.52,14.0,2.08,8.5,-2.28,16.81,4.79,5.3,13.0,3.85,3.88,28.87,7.25,0.02,4.0,-0.2,3.94,1.54,5.22,4.5,6.0,6.0,3.0,,2.58,5.4,,3.3,,7.2,3.5,3.8,-7.8,,,-5.0,8.8,11.11,2.7,,3.5,12.0,9.27,-0.99,6.52,40,0.5299591084,0.6099193118
2023,8,North Carolina,Miami (Fla.),3.0,10,41,31,8.23,7.96,8.67,9.24,3.8,10.34,11.4,10.0,1.55,10.5,4.3,11.41,10.09,7.16,8.83,3.0,2.0,18.45,7.5,19.11,14.5,0.88,8.0,7.5,8.32,10.06,7.51,4.31,13.0,4.0,12.0,,14.61,12.9,,4.2,,11.6,4.0,11.4,8.4,,,-1.0,12.6,8.04,6.5,,4.0,6.0,20.05,4.48,4.71,72,0.6376099042,0.7030695097
2023,8,North Texas,Temple,6.5,31,45,14,6.99,2.52,7.87,8.84,-0.15,7.03,9.86,6.0,-0.06,9.5,4.73,3.92,11.18,2.95,5.98,10.08,1.0,7.85,7.43,7.7,3.34,1.23,4.0,6.6,6.79,6.47,4.83,4.64,11.0,7.5,8.0,,7.39,10.4,,3.4,,8.5,6.5,6.6,7.4,,,2.0,8.5,3.83,4.3,,6.0,11.0,14.24,-0.77,3.99,59,0.4873283984,0.6425696521
2023,8,Northern Ill.,Ohio,-5.5,10,23,13,-4.26,-12.52,-4.67,-9.29,-2.12,-8.72,-4.39,-10.0,-5.84,-11.5,-2.38,-16.11,-7.87,-7.89,-6.45,-3.68,-10.0,-5.25,-3.72,-0.73,-15.79,-5.07,-11.0,-6.6,-5.93,-6.01,-7.02,-0.92,-5.0,-7.0,-7.0,,-6.85,-5.2,,-5.3,,-6.4,-5.5,-6.1,-1.7,,,-7.0,-6.5,-12.16,-5.4,,-6.5,0.5,-15.79,-2.82,4.19,36,0.4769287511,0.347210899
2023,8,Notre Dame,USC,3.0,28,48,20,1.21,1.38,2.99,12.9,0.48,6.76,1.85,6.0,4.9,7.0,1.25,-0.51,5.3,3.9,3.46,6.68,-3.0,5.55,3.04,2.56,0.62,3.97,8.0,4.1,3.29,1.36,-0.33,4.44,8.0,2.5,-3.0,,1.89,3.8,,1.9,,3.3,3.0,5.7,-5.4,,,1.0,1.4,3.27,1.7,,3.0,5.5,5.98,-0.12,3.4,68,0.51130189,0.5843820112
2023,8,Oklahoma St.,Kansas,-3.0,7,39,32,0.78,-9.0,6.7,-7.11,-11.08,-5.66,1.92,-6.0,-8.86,-1.0,1.09,-9.07,1.67,-6.47,-3.66,-10.29,-11.0,-5.05,1.37,-4.72,-1.08,-5.9,-9.0,1.7,-4.71,-2.08,-1.84,-0.57,2.0,-3.5,-3.0,,-4.43,-4.8,,-5.2,,-3.7,-3.0,-2.4,-4.7,,,-8.0,-5.1,-3.11,-5.5,,-3.0,-2.0,-5.21,-8.97,4.61,71,0.4840751223,0.4123823676
2023,8,Oregon St.,UCLA,3.5,12,36,24,4.23,3.07,5.7,3.08,5.33,1.02,4.35,3.0,2.48,6.0,3.82,3.39,4.98,6.55,5.1,7.16,1.0,9.05,5.59,8.78,4.94,3.66,4.0,6.1,4.84,4.24,4.73,7.66,8.0,5.0,5.0,,4.02,5.8,,3.2,,5.8,3.5,0.4,10.7,,,4.0,5.1,14.36,7.0,,3.5,1.5,6.36,4.14,2.57,60,0.5396287681,0.6244356866
2023,8,Penn St.,Massachusetts,41.5,63,63,0,49.15,39.47,46.54,52.89,43.7,46.9,54.3,40.0,47.66,37.0,47.97,35.06,56.43,19.43,47.48,48.15,36.0,61.35,44.77,59.06,30.98,46.38,46.0,45.7,48.06,47.59,49.13,47.2,55.0,42.0,57.0,,49.25,56.6,,47.5,,53.8,42.5,56.7,49.6,,,53.0,54.2,49.04,32.0,,41.5,21.0,64.06,58.2,9.68,63,0.6261355235,0.994671057
2023,8,Pittsburgh,Louisville,-7.5,17,38,21,-9.67,-23.68,-4.26,-18.76,-10.8,-13.45,-10.56,-19.0,-14.21,-18.5,-6.52,-28.78,-7.56,-13.35,-13.27,-16.66,-19.0,-15.55,-7.4,-16.38,-12.45,-20.26,-26.0,-10.1,-13.29,-12.19,-13.22,-8.2,-6.0,-10.0,-15.0,,-3.05,-16.1,,-10.0,,-12.8,-8.0,-15.9,-12.2,,,-15.0,-14.2,-3.77,-6.7,,-7.5,4.0,-19.92,-15.28,6.87,59,0.3693486177,0.2214890395
2023,8,Purdue,Ohio St.,-18.5,-34,7,41,-19.4,-18.44,-22.31,-16.97,-14.15,-23.63,-21.27,-19.0,-18.55,-23.5,-17.25,-18.38,-22.73,-11.19,-20.08,-20.91,-21.0,-19.65,-24.35,-20.88,-14.61,-24.52,-20.0,-21.6,-20.0,-19.02,-21.93,-24.69,-20.0,-20.0,-18.0,,-19.13,-21.4,,-22.3,,-19.4,-18.5,-26.5,-16.4,,,-25.0,-19.3,-21.62,-18.5,,-19.0,-9.5,-21.95,-20.28,3.53,48,0.4613014142,0.108464205
2023,8,Rutgers,Michigan St.,4.5,3,27,24,5.2,13.05,-1.51,12.62,12.71,8.32,4.33,9.0,18.61,6.0,6.83,10.04,1.5,13.5,7.44,12.99,8.0,6.65,3.9,3.4,4.17,12.86,11.0,4.4,5.84,4.26,5.67,4.95,4.0,6.0,4.0,,2.52,3.1,,9.7,,3.3,4.5,14.2,9.7,,,16.0,2.4,-1.36,6.9,,4.5,4.0,2.57,15.44,5.08,51,0.5700074916,0.6723396542
2023,8,South Carolina,Florida,2.5,-2,39,41,3.68,-2.18,-0.11,-6.99,5.04,-3.55,4.24,-2.0,-0.39,-2.5,4.38,-3.15,-0.51,-2.83,1.48,-2.29,-8.0,8.25,6.09,2.82,6.1,-1.16,1.0,0.01,1.6,2.12,2.26,2.86,4.0,2.0,5.0,,5.23,3.4,,0.8,,5.4,2.5,2.6,-3.4,,,1.0,3.7,1.07,2.5,,2.5,1.0,7.7,4.04,3.7,80,0.4750522577,0.536172603
2023,8,South Florida,Florida Atlantic,2.5,-42,14,56,0.38,5.21,-0.15,10.72,7.44,9.72,0.82,5.0,5.34,4.5,0.2,5.13,3.93,6.09,2.89,5.06,1.0,6.85,1.1,2.97,2.41,5.0,6.0,1.5,2.32,1.63,-0.52,2.23,2.0,3.0,-2.0,,-9.7,0.4,,0.3,,0.1,2.5,3.4,6.0,,,6.0,1.2,-0.4,1.9,,3.0,1.5,5.74,2.62,3.39,70,0.5095836212,0.5706505171
2023,8,TCU,BYU,6.0,33,44,11,4.98,-0.99,7.77,6.62,5.03,-1.57,6.31,1.0,5.24,0.01,5.63,-4.35,8.64,2.63,4.94,0.14,-4.0,6.75,4.31,6.91,-2.95,2.8,1.0,7.3,5.08,5.13,2.24,8.65,11.0,5.0,2.0,,2.84,3.1,,7.0,,4.0,6.0,9.6,18.3,,,3.0,5.2,10.73,10.4,,6.0,10.5,4.4,3.79,4.48,55,0.4743810223,0.617714088
2023,8,Tennessee,Texas A&M,3.0,7,20,13,3.12,-1.55,6.17,0.59,0.13,2.28,3.45,2.0,-7.41,3.0,2.71,1.62,11.15,1.44,4.12,-1.06,-2.0,6.35,9.05,13.36,6.38,0.81,-4.0,4.5,3.29,7.66,3.13,2.48,11.0,3.5,5.0,,9.95,6.1,,0.9,,7.0,3.0,4.0,1.4,,,-1.0,7.6,11.3,5.0,,3.0,10.0,13.35,-1.65,4.57,33,0.5270262478,0.598472315
2023,8,Texas St.,Louisiana-Monroe,16.5,1,21,20,12.24,11.14,12.89,17.4,15.12,14.36,15.05,14.0,19.57,13.0,12.2,6.61,12.14,10.14,14.25,12.02,15.0,22.15,18.34,17.31,9.35,14.34,10.0,11.6,13.54,14.41,8.88,17.72,16.0,15.5,18.0,,13.07,8.1,,16.1,,9.8,16.5,27.7,21.9,,,18.0,7.6,12.3,21.5,,16.5,6.5,12.67,18.95,4.48,41,0.44575069,0.8061775593
2023,8,Texas Tech,Kansas St.,2.5,-17,21,38,0.26,2.89,-1.56,-5.58,-2.98,-3.09,0.73,1.0,7.05,-0.5,-0.38,0.65,-2.54,4.91,1.53,6.62,-5.0,3.35,0.43,3.84,1.0,5.15,1.0,-1.3,1.0,-1.05,-0.21,0.11,5.0,1.0,5.0,,2.98,5.5,,1.7,,3.5,2.5,2.4,-2.3,,,4.0,4.0,-0.04,-1.1,,2.5,0.5,3.5,3.18,2.98,59,0.4760559719,0.5377336489
2023,8,Texas-San Antonio,UAB,9.0,21,41,20,5.48,1.85,2.59,7.08,7.57,0.64,3.72,5.0,1.71,4.0,6.84,1.94,3.14,2.82,4.79,5.55,-3.0,0.95,5.74,0.59,8.63,-0.4,-2.0,2.2,4.62,4.6,7.81,5.49,6.0,9.5,7.0,,23.46,7.9,,6.0,,7.8,8.0,1.7,-1.0,,,5.0,8.5,9.7,11.5,,9.0,4.5,4.63,3.24,4.34,61,0.3990439575,0.6144997438
2023,8,Utah,California,10.5,20,34,14,11.77,13.88,18.47,18.02,6.63,11.73,13.83,14.0,10.71,15.5,8.4,15.6,18.05,12.09,13.94,15.16,4.0,15.25,14.48,12.18,17.29,11.49,18.0,13.7,14.0,13.25,13.06,9.97,22.0,13.5,14.0,,19.96,20.3,,11.0,,18.0,11.0,10.8,2.2,,,14.0,18.6,18.7,16.0,,11.5,7.0,15.88,6.3,4.34,48,0.5827890225,0.8015226398
2023,8,Utah St.,Fresno St.,-5.0,-5,32,37,-4.99,-0.79,-8.33,-6.07,-4.16,-2.03,-5.35,-4.0,3.71,-7.5,-4.12,-3.21,-13.85,-4.0,-6.32,-3.54,-7.0,-8.95,-5.31,-9.69,-6.92,-5.77,3.0,-13.2,-5.97,-6.0,-6.48,-4.59,-6.0,-7.0,-6.0,,-5.94,-12.5,,-4.0,,-9.7,-5.0,-3.9,-12.7,,,-7.0,-11.6,-14.87,-8.4,,-4.5,-4.5,-11.4,-3.63,3.87,69,0.4678073333,0.3494601431
2023,8,Vanderbilt,Georgia,-31.0,-17,20,37,-31.53,-24.69,-33.8,-29.72,-21.26,-27.13,-35.33,-29.0,-28.14,-33.5,-28.97,-22.82,-39.29,-12.64,-29.99,-25.28,-24.0,-35.55,-28.9,-34.49,-18.14,-26.17,-24.0,-28.7,-30.95,-30.63,-33.15,-32.8,-31.0,-31.5,-34.0,,-25.21,-37.7,,-30.9,,-35.7,-31.0,-38.5,-32.1,,,-36.0,-34.5,-32.81,-26.5,,-31.0,-16.0,-39.71,-31.42,6.15,57,0.523652202,0.0390808096
2023,8,Virginia Tech,Wake Forest,2.5,17,30,13,0.04,0.72,-5.15,-9.74,4.59,2.55,-0.16,-1.0,5.43,-4.5,0.54,-1.83,-2.3,3.18,0.12,4.07,-5.0,2.35,-0.33,3.14,-1.04,2.74,3.0,-1.1,0.17,-3.15,-0.44,0.17,-1.0,-1.0,2.0,,-3.56,-4.3,,1.0,,-3.8,2.5,3.5,5.8,,,3.0,-5.8,-2.68,3.0,,2.5,1.0,-1.21,4.43,3.41,43,0.4417335206,0.5029483021
2023,8,Washington,Oregon,3.0,3,36,33,0.24,1.74,-0.19,-1.55,2.01,6.51,-1.01,5.0,-2.45,1.5,0.36,4.0,1.45,1.82,1.76,2.98,-1.0,1.15,-1.37,6.12,5.54,0.72,6.0,3.2,1.67,-1.03,1.88,-1.78,5.0,3.5,3.0,,6.37,2.4,,0.0,,1.6,3.0,-3.2,3.7,,,-5.0,0.7,6.48,3.9,,3.0,2.5,5.5,-3.97,2.95,69,0.4693911637,0.5434015421
2023,8,Washington St.,Arizona,7.5,-38,6,44,7.68,17.34,9.79,9.08,7.82,9.68,6.1,16.0,15.97,12.5,7.16,18.08,13.25,12.18,9.92,12.52,10.0,7.25,6.72,7.86,9.83,16.9,18.0,10.7,9.04,8.73,11.85,4.71,9.0,8.5,7.0,,6.28,7.9,,9.6,,6.9,7.5,5.1,9.2,,,10.0,7.0,7.37,6.7,,7.5,3.0,8.27,8.15,3.68,50,0.5590320843,0.7286686589
2023,8,Western Mich.,Miami (Ohio),-8.5,-13,21,34,-5.95,-14.7,-2.47,-7.74,-8.98,-9.65,-4.09,-13.0,-18.21,-10.0,-7.78,-12.79,-8.19,-9.29,-9.31,-16.88,-15.0,-9.25,-6.59,-10.1,-4.33,-17.25,-14.0,-7.1,-9.1,-5.88,-8.92,-10.42,-4.0,-9.5,-10.0,,-9.22,-5.0,,-11.2,,-3.7,-8.5,-17.3,-9.6,,,-16.0,-3.9,-0.55,-4.4,,-8.5,-0.5,-5.44,-18.8,5.15,55,0.4806458856,0.2884817742
2023,8,Wisconsin,Iowa,10.0,-9,6,15,6.84,5.56,4.09,18.04,8.15,7.17,7.59,3.0,13.54,0.5,7.81,1.26,4.23,6.51,7.05,11.7,5.0,7.25,6.56,3.84,-0.84,11.06,9.0,8.5,7.0,3.14,5.03,6.24,7.0,9.5,2.0,,4.95,11.9,,8.7,,9.9,9.5,16.5,13.2,,,9.0,11.6,-0.56,4.0,,10.0,4.0,2.41,10.69,4.3,21,0.4288243194,0.6659144722
2023,9,Alabama,Tennessee,9.5,14,34,20,7.21,11.65,11.69,7.11,5.24,5.74,6.46,8.0,10.79,13.5,6.51,12.12,4.99,9.87,6.55,8.45,1.0,2.75,7.68,-0.49,9.02,4.29,10.0,4.0,6.5,5.81,9.84,10.71,7.0,9.5,7.0,,1.74,5.3,3.22,7.4,,3.8,9.0,6.5,2.7,35.6,39.87,5.0,4.4,3.15,7.2,,8.0,2.5,4.12,6.19,3.25,54,0.4277709702,0.6569734556
2023,9,Arkansas,Mississippi St.,6.5,-4,3,7,8.5,2.15,3.08,12.02,7.72,12.84,10.31,2.0,11.09,1.5,10.62,-2.66,5.59,-5.21,6.32,9.67,2.0,9.05,5.32,6.37,-1.22,6.48,1.0,4.1,6.48,4.02,4.74,6.58,8.0,7.0,8.0,,4.31,8.3,9.91,7.4,,6.4,6.5,13.5,10.5,1.83,-16.69,13.0,6.1,8.18,4.7,,6.5,1.5,2.64,11.92,4.32,10,0.4956349194,0.6495777043
2023,9,Arkansas St.,Coastal Carolina,-9.0,-10,17,27,-12.17,-4.5,-9.48,-11.47,-9.43,-20.34,-12.62,-8.0,-18.44,-8.0,-16.89,3.0,-19.99,-2.77,-11.2,-4.04,-11.0,-10.15,-11.1,-5.39,-2.13,-10.77,-10.0,-8.1,-10.0,-13.2,-9.0,-11.61,-9.0,-7.5,-13.0,,-15.58,-9.5,-17.99,-15.4,,-9.0,-9.0,-18.8,-27.5,-30.12,-0.89,-26.0,-8.5,-4.34,-6.7,,-10.0,-0.5,-7.52,-21.84,6.45,44,0.448919103,0.2566733091
2023,9,Auburn,Mississippi,-6.5,-7,21,28,-7.6,-11.52,-5.44,-6.6,-7.9,-14.95,-7.38,-12.0,-15.55,-10.5,-8.06,-9.35,-6.48,-9.45,-8.65,-5.77,-11.0,-5.15,-7.94,-8.26,-8.64,-12.09,-14.0,-4.4,-8.64,-10.26,-9.14,-11.08,-5.0,-5.5,-7.0,,-8.96,-4.8,-10.95,-9.6,,-4.2,-6.5,-12.7,-8.7,-5.46,-39.31,-15.0,-4.8,-1.38,-7.0,,-6.5,-3.5,-8.92,-15.37,3.37,49,0.4473025013,0.2970171043
2023,9,BYU,Texas Tech,-3.0,13,27,14,-3.37,2.94,-4.51,-3.0,-2.57,-1.67,-5.35,1.0,-6.88,4.5,-4.54,8.23,-3.9,1.75,-3.74,0.7,-1.0,-8.45,-3.46,-6.73,5.05,-4.43,1.0,-5.5,-3.9,-2.97,0.44,-6.38,-7.0,-4.0,-1.0,,-8.13,-3.9,-8.08,-6.7,,-3.4,-3.0,-9.2,-13.0,-4.23,0.09,-8.0,-4.5,-11.49,-3.4,,-3.0,-1.5,-5.47,-7.12,4.42,41,0.4820913661,0.4102296803
2023,9,Ball St.,Central Mich.,-5.5,7,24,17,-2.52,-5.95,-1.31,-3.37,-1.47,-0.02,-0.47,-7.0,-2.28,-8.0,-3.8,-7.93,-8.96,-12.03,-4.32,-4.0,-9.0,4.85,-6.43,-2.74,-1.75,-12.62,-7.0,-6.3,-3.3,-4.1,-5.82,-2.29,2.0,-3.5,-2.0,,-1.32,-1.8,-14.31,-3.3,,-2.4,-5.5,-7.4,-8.0,-8.87,-16.95,-12.0,-2.1,-1.88,-3.1,,-4.0,3.0,-0.92,-6.84,4.05,41,0.5287098129,0.3960085214
2023,9,Bowling Green,Akron,8.0,27,41,14,11.34,20.02,10.85,10.66,13.85,17.37,8.45,16.0,22.4,18.0,14.19,18.74,8.52,15.91,15.13,20.34,10.0,12.55,9.6,24.78,13.96,19.65,28.0,12.4,13.96,13.91,15.38,12.92,13.0,7.5,15.0,,15.19,10.7,20.43,13.6,,10.0,9.0,21.1,14.1,-31.95,23.9,12.0,10.6,6.88,6.6,,8.0,3.0,18.38,21.48,5.84,55,0.6633186196,0.8144755884
2023,9,Cincinnati,Baylor,3.0,-3,29,32,4.0,8.43,1.22,16.08,8.8,6.29,2.45,6.0,15.26,6.5,7.16,4.76,2.21,7.01,5.78,8.21,8.0,5.05,3.92,0.08,6.39,8.26,9.0,4.3,5.5,6.93,3.86,8.98,4.0,1.5,4.0,,1.84,-4.1,10.99,5.2,,-1.8,3.0,13.9,8.9,-33.06,1.77,11.0,-3.4,3.77,3.2,,3.5,5.5,-1.16,13.58,4.43,61,0.5669794455,0.6371037609
2023,9,Connecticut,South Florida,-2.5,-3,21,24,0.37,-1.81,-1.52,0.09,-0.32,-6.52,-0.16,-3.0,4.04,-6.0,1.96,-4.96,-1.8,-4.0,1.32,3.64,-4.0,3.85,0.63,6.96,-0.22,3.78,1.0,-1.4,0.63,-0.5,-0.51,1.75,0.01,-3.0,6.0,,12.76,3.5,5.38,0.3,,4.3,-2.0,4.6,7.6,2.34,-1.37,4.0,3.3,-2.32,-3.1,,-2.5,5.0,-0.02,5.43,3.83,45,0.5924721543,0.5322102977
2023,9,East Carolina,Charlotte,6.5,-3,7,10,10.88,4.21,13.89,8.18,10.85,8.55,11.88,6.0,8.25,7.5,10.89,2.03,9.01,14.26,9.08,4.57,1.0,12.45,8.8,5.84,12.1,1.4,4.0,7.4,8.55,10.48,10.46,6.99,17.0,8.0,12.0,,20.87,17.0,2.45,7.8,,16.0,6.5,10.4,5.3,-14.18,1.19,3.0,17.2,5.37,7.0,,7.0,6.0,12.69,11.05,4.68,17,0.5619403138,0.7083729495
2023,9,Florida Atlantic,Texas-San Antonio,-2.5,-26,10,36,0.3,4.27,0.27,1.18,1.45,0.91,-0.78,3.0,5.94,-0.5,1.01,3.37,-0.78,4.73,2.12,4.47,2.0,3.15,-0.94,1.29,-2.71,7.56,5.0,3.6,1.8,0.27,1.24,2.09,1.0,-3.0,0.01,,-5.56,3.6,8.44,2.1,,1.8,-1.5,11.1,4.9,-16.9,3.35,4.0,2.3,-1.9,-2.4,,-3.0,-2.5,-1.37,9.1,3.33,46,0.6121072349,0.5519915234
2023,9,Florida St.,Duke,14.5,18,38,20,10.86,10.83,12.32,10.23,9.2,13.86,11.71,10.0,11.44,11.0,9.61,10.5,10.79,5.59,11.27,5.2,4.0,11.95,14.41,11.4,9.27,3.96,11.0,8.9,11.0,10.82,11.8,12.58,16.0,14.5,10.0,,14.76,16.0,4.26,12.6,,15.7,13.5,11.5,13.6,8.17,35.02,9.0,17.7,12.95,22.0,,14.5,8.0,11.83,7.56,3.49,58,0.421235174,0.7559762614
2023,9,Georgia Southern,Louisiana-Monroe,16.5,10,38,28,16.56,17.44,15.19,22.91,12.81,18.34,18.71,17.0,21.07,16.5,15.3,15.48,19.83,11.27,16.45,11.04,17.0,22.95,19.09,15.13,12.27,16.54,18.0,13.5,16.54,14.84,16.01,17.73,18.0,17.0,22.0,,16.84,13.0,17.86,17.8,,13.3,16.5,27.0,28.0,35.41,5.84,17.0,12.6,8.93,16.0,,17.0,4.0,11.37,15.08,4.28,66,0.4987867314,0.8414803938
2023,9,Georgia Tech,Boston College,6.0,-15,23,38,4.59,9.79,4.2,8.49,5.08,13.8,4.5,8.0,12.7,6.5,5.71,8.23,4.2,5.0,6.31,7.96,4.0,3.65,6.47,6.41,4.84,7.21,8.0,4.5,6.47,5.45,4.01,9.7,8.0,5.0,7.0,,3.42,7.9,6.83,7.6,,7.6,6.0,3.3,-1.4,-15.08,2.55,9.0,8.1,7.23,4.7,,4.5,3.5,7.46,4.5,2.64,61,0.5076847488,0.6525136038
2023,9,Houston,Texas,-23.0,-7,24,31,-19.15,-22.49,-21.55,-23.29,-16.8,-22.64,-20.39,-20.0,-23.9,-20.0,-18.77,-21.74,-22.24,-12.1,-20.95,-25.24,-22.0,-22.85,-24.74,-26.97,-6.09,-20.86,-26.0,-22.0,-22.24,-17.4,-20.5,-23.86,-18.0,-22.0,-16.0,,-14.84,-25.8,-24.36,-23.6,,-23.7,-23.0,-25.0,-24.5,-25.41,-58.22,-29.0,-24.8,-20.43,-23.5,,-23.5,-2.0,-17.27,-24.32,5.51,55,0.5485481348,0.1062501497
2023,9,Illinois,Wisconsin,-3.0,-4,21,25,-7.8,-11.08,-8.17,-16.41,-6.06,-13.78,-9.32,-7.0,-10.15,-5.5,-6.77,-11.59,-6.63,-7.07,-7.09,-10.56,-12.0,-9.55,-7.47,-3.57,-1.67,-8.03,-7.0,-7.2,-7.07,-4.46,-7.59,-6.3,-3.0,-4.5,-4.0,,-5.74,-4.6,-10.2,-8.2,,-4.3,-4.0,-7.5,-9.4,-2.5,-4.04,-15.0,-4.1,-0.21,-5.4,,-2.5,2.5,-3.41,-8.25,3.65,46,0.4008767725,0.3316928911
2023,9,Indiana,Rutgers,-6.0,-17,14,31,-8.08,-9.05,-1.27,-16.01,-5.42,-6.36,-8.26,-10.0,-13.89,-8.0,-8.67,-6.45,-4.58,-10.44,-7.79,-12.91,-14.0,-5.45,-4.54,-4.46,-0.52,-10.24,-11.0,-7.8,-8.0,-6.49,-8.77,-6.75,-1.0,-5.0,-8.0,,-9.33,-3.3,-13.4,-9.3,,-1.5,-6.0,-12.9,-12.9,-9.31,-13.6,-14.0,-1.4,-4.34,-5.6,,-5.5,-1.5,-5.93,-14.75,4.53,45,0.4568293262,0.3185132508
2023,9,Iowa,Minnesota,4.0,-2,10,12,11.16,13.18,8.41,13.5,10.86,14.06,11.8,11.0,15.63,13.0,10.38,11.86,8.16,14.55,11.3,14.59,8.0,15.25,6.17,18.47,10.68,13.11,11.0,7.0,11.0,9.49,12.39,9.07,11.0,6.0,14.0,,6.47,7.1,14.59,10.3,,7.3,5.5,16.1,9.9,6.08,14.14,13.0,6.8,8.58,4.8,,3.5,6.0,18.05,15.87,3.31,22,0.6737152713,0.7570604316
2023,9,Jacksonville St.,Western Kentucky,-7.5,3,20,17,-7.14,-0.22,-7.68,6.85,-0.87,2.87,-8.1,2.0,-1.37,-1.5,-5.6,0.41,-6.16,-3.39,-2.83,-4.69,2.0,0.45,-7.39,-7.53,-6.52,-2.44,,-9.0,-2.61,-2.62,-8.4,-2.93,-7.0,-7.0,-1.0,,4.25,-9.3,-2.54,-2.6,,-6.5,-7.0,-1.6,4.3,5.41,-0.58,-2.0,-6.7,-1.91,-7.0,,-7.5,2.5,-3.4,2.35,4.25,37,0.6118550374,0.4316409205
2023,9,Kansas St.,TCU,5.5,38,41,3,6.73,4.9,5.63,11.62,6.85,13.17,6.95,7.0,3.47,7.0,7.11,5.67,7.91,5.95,6.68,6.34,4.0,7.35,8.25,10.18,5.25,4.63,10.0,6.7,6.34,5.4,6.68,5.83,7.0,7.5,6.0,,12.6,5.3,4.28,5.5,,5.8,5.5,2.7,4.2,7.34,2.57,6.0,5.6,7.57,7.1,,6.5,1.5,10.89,5.66,2.34,44,0.5293123639,0.6614118196
2023,9,Kent,Buffalo,-6.5,-18,6,24,-7.87,-3.21,-3.95,-9.6,-4.14,-6.69,-8.5,-5.0,-6.46,-4.0,-8.72,-1.47,-6.05,-11.33,-6.48,-5.57,-9.0,-6.95,-7.94,-7.78,0.94,-12.08,-6.0,-14.0,-6.9,-4.0,-7.54,-5.18,1.0,-7.5,-8.0,,-9.26,-7.1,-14.45,-9.3,,-5.0,-6.5,-6.9,-7.5,-13.79,-18.65,-11.0,-4.7,0.52,-4.5,,-6.5,2.5,0.03,-9.8,4.04,30,0.5004870942,0.346202834
2023,9,LSU,Army,32.5,62,62,0,27.0,21.46,24.69,23.51,23.3,25.31,28.14,23.0,26.69,24.5,27.24,18.64,28.65,17.74,26.79,22.91,18.0,26.95,30.18,28.78,19.54,26.4,28.0,24.2,27.0,25.94,28.34,30.21,25.0,30.0,28.0,,27.06,35.1,28.44,28.1,,33.3,31.5,34.9,38.3,29.05,33.94,32.0,34.6,23.19,25.5,,31.5,11.5,30.58,30.92,5.13,62,0.3660702124,0.9458517441
2023,9,Liberty,Middle Tenn.,14.5,7,42,35,15.75,27.07,14.33,23.32,16.11,17.95,14.68,22.0,24.39,22.0,17.27,28.51,15.19,17.06,18.8,21.29,22.0,19.65,16.22,14.72,16.62,23.18,,18.8,17.93,16.32,18.51,17.1,14.0,13.0,12.0,,5.52,20.0,25.41,16.1,,18.0,15.0,26.8,20.0,4.85,14.26,26.0,17.9,6.14,10.2,,14.5,12.5,21.95,23.64,5.84,77,0.6003368735,0.8668169077
2023,9,Louisiana-Lafayette,Georgia St.,3.5,-3,17,20,-0.79,-2.5,4.52,-1.45,-0.53,0.73,0.02,-3.0,-3.53,2.0,-2.06,-1.93,-1.55,-4.62,-1.42,-2.2,-5.0,-1.45,-1.06,0.01,-2.51,-6.79,-5.0,2.0,-1.45,-0.73,-1.51,1.49,6.0,2.5,-3.0,,-0.35,0.3,-7.72,0.7,,1.3,2.0,-6.8,-3.6,-7.04,-2.12,-10.0,0.9,1.52,3.0,,3.0,4.5,-4.35,-7.71,3.49,37,0.3810599299,0.4651910448
2023,9,Marshall,James Madison,-3.5,-11,9,20,-4.27,-9.14,-2.95,-4.03,-3.3,-8.34,-4.35,-11.0,-12.61,-4.5,-3.99,-7.29,-2.54,-8.49,-6.51,-8.05,-12.0,-10.15,-2.87,-8.07,-6.2,-9.99,-13.0,-5.6,-6.2,-5.29,-5.78,-1.81,-5.0,-3.5,-8.0,,-6.92,-1.5,-9.31,-8.5,,-1.6,-3.5,-13.3,-2.0,-5.16,-18.04,-11.0,-0.4,-9.45,-2.7,,-3.5,-3.0,-10.02,-9.05,3.5,29,0.4265490788,0.3444025467
2023,9,Miami (Fla.),Clemson,-3.0,8,28,20,-2.83,3.79,-9.93,-2.46,-0.14,2.78,-3.8,1.0,3.36,-1.5,-2.27,4.02,-6.99,4.84,-1.84,6.27,2.0,-6.75,-3.15,-6.95,-3.99,1.93,2.0,-2.5,-2.36,-5.44,-2.36,-0.82,-6.0,-2.0,-4.0,,-6.36,-4.6,3.42,-1.3,,-3.5,-3.0,0.5,7.9,9.44,-3.57,-1.0,-5.0,-8.62,-3.2,,-3.0,-1.5,-12.85,1.29,4.53,48,0.5280077734,0.4556291964
2023,9,Miami (Ohio),Toledo,-2.5,-4,17,21,1.09,5.16,-0.82,-1.75,-0.83,-0.11,2.02,4.0,3.64,3.5,-1.06,5.97,3.81,5.76,2.33,14.36,1.0,2.45,-3.41,11.33,0.8,6.28,3.0,2.6,2.02,-1.17,1.37,1.49,4.0,1.0,6.0,,-0.86,-1.3,7.22,-0.3,,-0.8,-1.5,3.6,0.3,35.9,0.63,1.0,-2.0,-4.21,-2.0,,-2.5,-2.5,10.86,3.48,3.87,38,0.6162286846,0.5566943734
2023,9,Michigan St.,Michigan,-24.5,-49,0,49,-21.32,-22.02,-22.2,-27.46,-18.24,-24.3,-23.91,-21.0,-28.78,-24.5,-19.79,-18.39,-27.56,-12.51,-24.23,-23.03,-22.0,-29.45,-23.57,-28.29,-15.49,-22.2,-22.0,-26.2,-24.3,-22.56,-21.9,-23.19,-25.0,-24.0,-23.0,,-27.11,-30.6,-27.02,-27.0,,-28.7,-24.5,-29.1,-26.0,-47.67,-16.23,-33.0,-28.1,-23.66,-25.0,,-24.0,-10.5,-24.36,-28.27,4.93,49,0.5064800226,0.0724583635
2023,9,Missouri,South Carolina,7.5,22,34,12,2.65,11.41,3.09,13.89,6.23,6.72,1.09,14.0,7.28,17.0,2.54,13.63,4.16,15.04,7.41,9.27,13.0,4.45,6.16,9.57,10.3,8.58,12.0,5.7,6.16,4.41,5.74,5.5,5.0,6.5,6.0,,5.59,4.6,6.43,5.0,,3.0,7.5,13.9,12.5,-4.54,16.9,6.0,3.8,-0.29,5.2,,7.0,6.0,6.92,8.65,4.13,46,0.4978110949,0.6742741696
2023,9,Navy,Air Force,-11.0,-11,6,17,-13.3,-17.72,-12.81,-15.87,-13.23,-13.88,-12.25,-14.0,-21.65,-15.0,-15.18,-15.61,-15.12,-11.64,-15.47,-16.15,-18.0,-21.85,-11.08,-14.04,-14.32,-20.75,-17.0,-17.0,-14.5,-13.34,-16.02,-12.97,-12.0,-10.0,-16.0,,-14.54,-7.3,-23.86,-14.4,,-8.8,-12.0,-24.1,-22.9,-18.98,-40.34,-28.0,-5.1,-13.43,-14.5,,-10.5,-2.5,-13.71,-24.34,5.02,23,0.3941593329,0.1763876954
2023,9,Nebraska,Northwestern,11.0,8,17,9,5.74,2.04,10.15,-0.4,4.75,1.7,7.78,4.0,4.82,5.5,4.34,0.54,5.44,7.58,6.36,7.32,1.0,2.4,12.96,3.47,10.16,1.88,4.0,4.0,6.18,7.05,4.14,7.38,8.0,13.5,7.0,,10.46,10.1,-0.98,6.8,,10.5,10.0,14.9,6.8,20.51,-1.09,2.0,9.0,12.33,14.0,,12.0,8.5,11.72,6.18,3.89,26,0.388240679,0.6514170042
2023,9,New Mexico,Hawaii,-2.5,21,42,21,0.46,6.03,-1.03,10.41,0.7,6.69,0.72,6.0,6.03,2.0,0.98,6.02,-2.78,-0.87,0.69,-0.69,3.0,1.15,1.26,-2.37,2.91,-2.82,2.0,-1.2,0.46,0.65,-0.84,3.79,0.01,2.5,-2.0,,-0.25,2.4,-3.64,2.2,,1.3,-2.0,-2.3,-0.9,-18.97,-1.32,-2.0,3.1,-4.1,-0.7,,-1.0,1.0,-3.32,-1.98,3.16,63,0.5781199674,0.5170017338
2023,9,North Carolina,Virginia,23.5,-4,27,31,23.66,32.13,17.46,37.51,21.88,33.19,25.25,32.0,32.68,30.0,21.89,31.84,23.58,18.49,26.45,24.57,26.0,29.65,19.24,28.1,25.69,23.85,34.0,21.6,25.69,22.3,25.84,24.93,25.0,23.0,27.0,,31.82,27.6,26.49,27.9,,25.0,23.5,29.1,31.9,34.03,26.74,30.0,25.5,21.74,24.0,,23.0,8.0,23.89,30.96,5.85,58,0.5692070622,0.9410079799
2023,9,Northern Ill.,Eastern Mich.,12.0,7,20,13,9.18,2.98,6.41,10.09,9.99,8.97,9.35,4.0,15.5,2.0,11.53,-3.76,7.87,9.48,9.82,14.47,1.0,11.95,13.04,21.35,-7.89,16.75,9.0,12.1,9.48,5.32,7.58,11.31,8.0,11.5,10.0,,4.77,11.0,21.1,9.4,,9.3,12.0,24.6,19.8,1.98,3.71,12.0,9.5,1.17,7.4,,12.5,6.0,1.14,18.37,6.86,33,0.4498365695,0.7149528122
2023,9,Ohio,Western Mich.,16.5,3,20,17,13.28,17.38,11.21,22.97,13.08,17.47,12.74,14.0,17.42,15.5,14.13,17.36,16.88,15.69,16.41,16.5,12.0,18.25,21.01,14.53,11.02,22.07,16.0,18.4,16.0,11.74,15.11,12.86,13.0,15.0,12.0,,16.0,13.0,26.2,16.3,,12.1,16.5,23.5,22.8,22.93,10.1,17.0,12.7,16.52,22.5,,17.0,9.0,13.72,20.24,4.31,37,0.4978171934,0.8407727816
2023,9,Ohio St.,Penn St.,4.0,8,20,12,4.54,1.03,6.36,-4.37,3.44,4.31,4.32,4.0,-1.8,8.0,3.71,2.55,6.29,0.92,3.59,0.87,-3.0,2.15,7.27,4.86,7.27,2.82,1.0,6.5,4.0,2.31,6.1,5.03,7.0,5.5,3.0,,3.09,5.9,3.07,3.1,,5.3,4.0,5.1,3.6,20.71,-9.59,-1.0,6.1,-4.2,4.3,,4.5,5.5,5.52,-1.13,3.09,32,0.4898871081,0.5878369779
2023,9,Oklahoma,Central Florida,17.5,2,31,29,20.65,31.56,21.57,36.12,21.84,24.35,21.89,33.0,39.92,28.5,19.6,27.06,21.72,18.2,26.12,33.76,25.0,30.25,17.6,29.77,13.17,30.65,37.0,27.9,24.78,21.3,22.07,24.78,24.0,19.0,23.0,,7.18,23.2,38.25,26.9,,21.6,18.5,36.5,31.5,34.59,67.64,37.0,20.5,23.09,17.5,,18.0,3.5,29.52,32.83,8.39,60,0.684420396,0.9271333236
2023,9,Old Dominion,Appalachian St.,-5.5,7,28,21,-7.71,-5.78,-8.93,-5.1,-6.95,-3.41,-7.31,-3.0,-9.51,-5.5,-9.9,-3.78,-7.64,-4.89,-5.18,-1.66,-3.0,-3.05,-7.22,4.66,-2.61,-2.78,-4.0,-5.2,-5.2,-4.89,-7.83,-7.06,-3.0,-6.5,-3.0,,-11.27,-5.3,-5.25,-7.0,,-5.2,-5.5,-10.6,-2.8,2.41,0.18,-12.0,-5.8,-4.74,-3.9,,-6.5,2.0,-0.94,-11.49,3.54,49,0.5078485126,0.3750596168
2023,9,Oregon,Washington St.,20.0,14,38,24,15.65,12.09,16.34,25.14,17.06,16.62,17.6,14.0,26.07,13.5,15.63,4.56,16.53,10.33,19.35,16.39,13.0,22.75,19.1,29.11,10.28,19.42,13.0,19.4,18.63,17.08,14.25,25.85,20.0,19.5,17.0,,26.59,22.3,26.3,22.7,,21.2,20.0,37.9,25.1,23.76,8.43,22.0,22.2,21.49,17.5,,20.0,12.5,21.19,31.55,6.19,62,0.4847834777,0.8719669617
2023,9,Sam Houston St.,Florida Intl.,5.0,-6,27,33,6.11,1.55,12.0,-0.08,8.76,12.13,7.45,-2.0,11.89,-5.5,8.53,-4.02,10.73,-10.25,6.03,6.8,-5.0,9.75,4.91,-6.63,1.68,6.72,4.0,6.0,6.95,7.2,1.74,8.97,16.0,4.5,7.0,,11.88,,8.66,6.9,,,5.0,13.1,9.0,2.82,-8.59,12.0,,9.11,3.2,,5.0,1.0,10.54,11.05,5.96,60,0.524216691,0.6389268752
2023,9,San Diego St.,Nevada,11.5,-6,0,6,12.62,18.5,11.75,18.74,11.19,10.44,11.96,19.0,16.06,18.0,12.11,19.82,10.79,18.74,13.71,11.27,9.0,9.75,15.11,9.24,17.53,9.3,17.0,10.6,13.01,12.52,15.97,11.11,15.0,13.5,17.0,,15.91,16.1,9.72,13.3,,14.1,11.5,11.8,12.7,5.91,11.07,7.0,14.7,16.23,20.0,,13.5,11.5,16.67,13.01,3.58,6,0.5540097592,0.8002299911
2023,9,San Jose St.,Utah St.,4.0,21,42,21,3.58,-6.02,0.75,-0.77,0.6,-5.55,5.45,-2.0,0.36,-1.5,2.14,-9.45,0.17,-4.84,0.46,0.38,-7.0,5.35,3.46,-1.58,3.95,-4.5,-5.0,-2.2,0.6,1.28,1.75,1.6,3.0,4.5,6.0,,12.98,6.4,-5.49,2.3,,4.7,3.5,-1.3,5.1,-25.0,-10.9,-5.0,5.3,-1.42,3.4,,4.0,5.5,1.3,-2.67,4.44,63,0.4149764558,0.511131806
2023,9,South Alabama,Southern Miss.,18.0,52,55,3,19.31,18.28,15.1,26.86,13.63,23.13,19.53,18.0,23.79,18.0,20.05,15.32,22.36,18.57,21.5,19.17,15.0,22.85,23.33,35.3,14.11,26.38,,21.5,20.65,18.07,20.81,17.25,29.0,17.0,19.0,,24.66,20.8,31.81,26.7,,18.4,18.0,31.9,23.0,5.25,13.04,23.0,18.9,15.1,20.5,,18.0,11.5,24.09,23.78,5.4,58,0.5826774422,0.900132684
2023,9,Stanford,UCLA,-17.5,-35,7,42,-13.6,-21.38,-13.08,-29.38,-12.1,-24.34,-15.57,-16.0,-19.61,-14.5,-13.86,-22.33,-17.79,-8.22,-15.83,-8.94,-18.0,-18.05,-15.09,-13.54,-14.96,-9.43,-15.0,-11.5,-15.27,-16.19,-12.14,-15.27,-19.0,-16.5,-17.0,,-29.73,-17.8,-11.06,-20.1,,-15.2,-17.5,-15.6,-13.8,-6.63,-1.59,-19.0,-14.5,-17.8,-17.5,,-17.0,-9.5,-16.9,-15.78,4.68,49,0.5401908819,0.1693911773
2023,9,Temple,SMU,-23.0,-55,0,55,-21.98,-17.19,-23.3,-21.36,-18.57,-30.09,-24.94,-19.0,-33.79,-18.0,-23.21,-8.26,-25.22,-11.07,-21.91,-19.45,-19.0,-30.55,-21.74,-24.24,-11.87,-24.84,-20.0,-23.1,-21.98,-21.3,-19.09,-25.14,-23.0,-18.0,-23.0,,-17.37,-19.7,-31.55,-24.3,,-19.3,-23.0,-30.6,-23.7,-22.44,-10.87,-31.0,-19.4,-21.66,-15.5,,-20.5,-5.5,-25.67,-29.74,5.99,55,0.5256100636,0.0983060522
2023,9,Tulane,North Texas,20.5,7,35,28,17.07,20.48,18.99,17.47,19.24,26.61,15.96,24.0,23.38,21.5,18.37,18.91,22.74,17.22,21.27,18.67,11.0,26.15,23.12,21.16,25.28,23.64,25.0,22.3,21.5,18.55,20.08,20.98,21.0,20.5,22.0,,22.09,21.4,24.47,21.0,,20.1,20.5,21.1,21.9,43.39,26.06,22.0,22.3,26.18,23.0,,20.5,5.5,22.8,25.35,3.94,63,0.5187739043,0.9032704702
2023,9,Tulsa,Rice,3.5,-32,10,42,3.95,4.98,10.92,3.78,4.55,-0.81,2.27,5.0,5.08,8.0,3.44,4.93,6.12,10.2,5.94,15.37,3.0,0.75,4.43,9.91,2.57,9.75,10.0,9.8,4.98,4.47,7.8,2.85,10.0,1.5,4.0,,-3.11,3.6,10.17,4.7,,4.8,3.5,10.6,6.3,-6.16,5.57,1.0,2.8,11.87,3.5,,3.5,2.0,6.72,5.81,3.85,52,0.5593751457,0.6419467266
2023,9,UAB,Memphis,-7.0,-24,21,45,-5.34,-9.91,-4.25,-11.88,-6.07,-8.34,-3.72,-10.0,-9.09,-8.0,-6.6,-10.36,-2.79,-9.76,-7.06,-5.12,-13.0,-5.05,-9.54,-5.6,-7.58,-9.12,-11.0,-8.5,-8.0,-5.34,-8.22,-6.44,-5.0,-4.5,-8.0,,-4.89,-9.4,-9.35,-8.8,,-8.1,-7.0,-2.5,1.3,-9.34,-13.08,-7.0,-9.9,-12.24,-5.5,,-6.5,3.5,-5.21,-11.09,3.31,66,0.4985239632,0.3316530997
2023,9,UNLV,Colorado St.,7.0,2,25,23,9.27,13.46,9.0,19.28,10.57,15.02,9.92,13.0,12.12,13.0,9.15,14.18,6.89,12.47,10.7,9.52,12.0,14.25,6.58,8.27,7.22,13.13,13.0,8.1,10.57,9.84,9.23,12.5,11.0,6.5,7.0,,9.44,8.6,14.3,10.8,,8.0,7.5,12.2,14.5,14.62,6.02,11.0,8.1,7.49,4.7,,7.5,0.5,11.48,13.56,3.44,48,0.5900952704,0.744969981
2023,9,USC,Utah,7.0,-2,32,34,1.11,4.59,-1.71,-10.49,0.59,-1.77,-0.27,-0.25,6.6,1.5,3.92,3.5,-3.62,2.39,1.4,-4.52,3.0,-8.0,12.99,-8.15,4.18,7.09,1.0,2.4,1.5,2.26,1.02,7.49,-6.0,5.0,-1.0,,1.66,-3.1,7.47,4.3,,-0.3,6.0,8.5,9.2,29.64,-1.2,6.0,-0.8,-4.28,2.6,,7.0,7.0,-2.71,8.9,5.0,66,0.3682666035,0.5335162885
2023,9,UTEP,New Mexico St.,-3.0,-21,7,28,1.09,-6.47,2.0,-3.67,0.32,-2.69,-0.74,-4.0,-5.91,-4.5,1.73,-6.78,3.36,-2.7,-1.18,-2.66,-10.0,-1.45,4.33,-1.84,-0.68,-0.87,-1.0,-0.5,-1.55,2.04,3.65,-1.66,-2.0,-1.5,3.0,,0.46,,0.12,-2.0,,,-3.0,-3.3,5.2,-2.79,-0.06,-3.0,,-2.73,1.5,,-3.0,-4.5,-5.17,-1.64,3.25,35,0.5447166329,0.470972581
2023,9,Wake Forest,Pittsburgh,-1.0,4,21,17,-1.05,7.76,0.53,4.98,0.55,-2.56,-1.66,1.0,-5.21,2.5,-0.49,14.74,0.69,2.52,-0.03,-1.0,-1.0,-1.55,2.22,-4.56,2.79,0.22,1.0,-0.2,-0.71,0.41,-1.04,-2.16,-1.0,1.0,-2.0,,-0.33,-1.0,-1.75,-2.2,,-1.0,-1.0,-3.1,-2.0,7.35,0.54,-6.0,-0.4,-2.58,0.5,,2.5,-1.5,3.95,-3.42,3.39,38,0.5238240791,0.4992627347
2023,9,Washington,Arizona St.,27.5,8,15,7,25.46,35.41,23.67,32.37,27.35,36.97,24.91,33.0,43.65,31.0,26.31,30.98,27.9,19.46,31.82,33.58,31.0,31.55,30.49,30.21,28.14,33.76,39.0,28.1,31.0,29.9,29.0,32.01,31.0,27.5,27.0,,41.02,31.3,36.97,34.4,,29.4,28.0,41.3,35.8,39.95,35.35,37.0,29.0,36.92,29.0,,26.5,14.0,38.65,41.37,6.28,22,0.5998828025,0.9688289483
2023,9,West Va.,Oklahoma St.,3.0,-14,34,48,0.95,12.82,1.67,14.05,3.78,9.13,-0.53,6.0,13.66,3.0,1.96,12.37,5.53,4.13,5.5,6.8,-1.0,8.95,2.98,3.6,-1.11,6.07,5.0,1.7,5.03,5.55,2.46,4.15,8.0,3.0,1.0,,4.68,5.9,7.34,6.9,,3.9,3.0,6.6,5.0,4.73,-0.83,8.0,5.9,10.12,4.4,,3.0,2.0,5.03,8.47,3.75,82,0.5609051265,0.6320100546
2023,10,Appalachian St.,Southern Miss.,17.0,10,48,38,17.81,13.6,17.7,19.16,14.42,18.86,18.67,17.0,18.82,16.5,18.71,10.8,19.24,18.11,16.37,13.48,13.0,15.95,16.39,13.94,8.03,17.2,12.0,19.1,16.5,15.96,17.33,14.78,20.0,17.0,12.0,,8.23,14.0,22.72,15.0,,14.8,17.0,22.0,27.0,29.48,11.41,22.0,13.5,11.0,13.0,,17.0,11.0,12.23,21.17,4.14,86,0.4846840966,0.8408140032
2023,10,Arizona,Oregon St.,-3.0,3,27,24,-6.22,-7.83,-8.69,-2.66,-6.8,-6.76,-6.01,-8.0,-4.07,-10.0,-6.72,-9.87,-6.81,-5.89,-5.28,-2.13,-7.0,-3.95,-3.25,2.98,-5.23,-4.65,-7.0,-4.9,-5.2,-7.85,-7.12,-4.32,-5.0,-4.5,-4.0,,-10.87,-5.2,0.48,-5.6,,-3.6,-3.0,2.0,-4.0,23.47,-0.46,-5.0,-2.8,-10.54,-8.2,,-3.0,0.01,-9.07,-4.39,3.04,51,0.4439086817,0.3719547953
2023,10,Arizona St.,Washington St.,-4.5,11,38,27,-6.96,-15.47,-5.86,-6.88,-5.28,-9.51,-5.18,-14.0,-13.17,-13.0,-8.82,-16.73,-10.42,-9.45,-7.54,-9.14,-12.0,-3.15,-7.85,6.39,-10.47,-8.4,-13.0,-4.4,-7.85,-9.34,-9.41,-6.16,-3.0,-6.5,-4.0,,-6.92,-5.8,-9.03,-8.7,,-5.8,-5.0,-2.9,-2.0,-22.09,-17.88,-12.0,-5.2,-6.98,-8.2,,-5.5,2.0,-12.33,-7.34,4.4,65,0.4267946949,0.3235806816
2023,10,Army,Massachusetts,9.5,-7,14,21,19.58,10.31,24.01,15.39,13.82,21.3,20.97,14.0,16.89,12.0,19.38,6.76,17.11,10.66,16.09,15.4,10.0,21.65,14.21,19.76,11.67,12.44,12.0,13.3,16.89,17.04,19.37,11.01,25.0,10.0,24.0,,21.71,19.2,19.32,17.9,,18.2,10.5,15.3,8.7,6.61,2.42,12.0,18.6,11.72,15.0,,9.5,5.0,26.11,17.82,5.16,35,0.6535115115,0.8324719662
2023,10,Auburn,Mississippi St.,6.5,14,27,13,3.78,1.1,3.41,7.54,4.49,5.35,3.62,2.0,4.87,0.5,5.31,-0.92,4.62,0.64,3.96,3.42,2.0,3.35,8.03,1.02,-2.32,5.69,4.0,5.8,4.49,1.74,2.79,4.72,2.0,6.5,4.0,,5.15,7.5,9.32,5.7,,5.6,6.5,4.8,6.8,33.06,-6.79,5.0,6.4,3.64,3.4,,6.5,2.0,-2.15,5.4,2.65,40,0.4372979875,0.5971803063
2023,10,Baylor,Iowa St.,-3.0,-12,18,30,-5.67,-7.16,-4.89,-12.74,-7.16,-5.3,-5.0,-5.0,-9.41,-5.0,-6.79,-5.94,-5.06,-7.77,-5.82,-9.24,-9.0,-5.65,-1.02,-6.47,-0.78,-9.37,-8.0,-6.2,-5.65,-4.88,-6.6,-7.59,0.01,-2.5,-5.0,,0.27,3.1,-17.66,-3.3,,1.8,-3.5,-11.2,-9.1,-14.05,-3.53,-13.0,1.9,-3.48,-3.3,,-3.0,2.5,-4.42,-11.21,4.42,48,0.432055704,0.3619655789
2023,10,Boise St.,Wyoming,4.5,25,32,7,4.3,-8.42,8.76,-0.1,4.32,-6.91,5.03,-5.0,-1.44,-4.5,4.41,-12.19,6.0,-4.2,0.57,-0.6,-6.0,2.95,5.55,-3.93,-5.94,-4.2,-9.0,1.3,2.7,3.44,3.03,4.41,7.0,5.0,-1.0,,12.3,2.7,-5.75,3.5,,2.8,4.5,3.9,5.6,1.66,-27.55,-4.0,2.4,4.15,5.4,,5.5,10.0,-6.67,-0.1,5.76,39,0.4079859133,0.5134635772
2023,10,Boston College,Connecticut,14.0,7,21,14,14.29,14.3,20.48,11.0,12.86,13.75,14.62,17.0,12.07,18.5,13.35,15.5,17.39,12.48,14.92,18.11,12.0,14.05,14.23,19.64,11.43,15.23,16.0,15.8,14.62,16.1,16.12,13.28,17.0,14.0,18.0,,10.36,11.0,12.14,13.0,,11.4,14.0,21.0,17.3,12.74,3.79,19.0,11.5,14.1,15.0,,14.0,8.5,18.04,14.72,2.99,35,0.5227080929,0.8221540154
2023,10,California,USC,-10.5,-1,49,50,-10.07,-11.18,-6.2,-7.06,-6.61,-8.38,-10.87,-12.0,-12.96,-13.0,-10.18,-10.23,-7.43,-6.48,-9.15,-5.29,-9.0,-4.35,-10.42,-2.66,-11.36,-9.91,-10.0,-10.0,-9.76,-9.76,-10.04,-9.13,-8.0,-10.5,-9.0,,-12.32,-8.0,-13.55,-11.9,,-8.3,-10.5,-9.1,-9.8,-12.52,-8.94,-12.0,-8.4,-7.34,-8.5,,-10.5,-5.0,-7.44,-10.18,2.57,99,0.5334510504,0.2846849121
2023,10,Central Florida,West Va.,7.0,-13,28,41,4.52,-1.77,1.26,-1.08,4.42,4.04,5.69,0.25,1.52,1.5,5.45,-3.55,2.46,0.34,2.48,2.08,3.0,1.05,6.17,5.54,2.9,0.74,1.0,4.1,2.01,1.86,1.93,7.96,3.0,7.0,2.0,,9.36,1.1,-9.83,4.5,,3.2,6.0,5.1,6.5,4.36,-1.35,1.0,2.0,-3.15,6.6,,7.0,10.0,-2.29,4.1,3.46,69,0.3904330927,0.5606571178
2023,10,Charlotte,Florida Atlantic,-3.5,-22,16,38,-6.08,-2.37,-6.82,-1.86,-2.56,-0.48,-6.4,-3.0,-0.25,-3.5,-5.09,-3.5,-7.77,-6.07,-4.77,-4.76,-5.0,-5.45,-0.38,-9.6,-0.34,0.03,-1.0,-5.5,-4.76,-5.25,-7.5,-1.98,-6.0,-3.5,-6.0,,-16.81,-14.2,-9.46,-5.6,,-12.3,-3.5,1.5,-0.5,-18.1,-15.23,-1.0,-12.6,-2.95,-7.5,,-3.5,0.01,-4.56,-4.89,3.99,54,0.4690794592,0.3853733124
2023,10,Coastal Carolina,Marshall,-3.5,28,34,6,2.55,4.53,2.82,3.67,3.72,6.43,3.57,7.0,7.61,5.0,2.71,2.87,-4.01,3.29,2.45,6.11,4.0,4.25,0.43,-3.3,0.16,0.71,7.0,-1.9,2.82,3.39,0.42,3.51,2.0,-3.5,5.0,,7.53,0.4,-0.02,6.0,,0.9,-2.0,4.5,0.8,9.0,-0.24,2.0,0.7,-4.94,-3.2,,-4.0,0.5,4.84,4.49,3.04,40,0.6436089535,0.5602407944
2023,10,Colorado St.,Air Force,-14.5,-17,13,30,-13.17,-19.24,-16.74,-20.5,-12.38,-18.7,-12.95,-20.0,-18.06,-20.0,-12.7,-19.88,-15.68,-10.95,-15.86,-10.87,-18.0,-18.95,-12.69,-13.73,-10.73,-16.38,-17.0,-18.6,-16.0,-14.86,-16.2,-14.8,-18.0,-13.5,-11.0,,-17.56,-16.0,-22.86,-15.7,,-14.4,-14.5,-17.9,-19.7,-7.77,-34.61,-20.0,-13.8,-13.39,-15.5,,-13.5,-3.0,-15.7,-16.31,3.65,43,0.4667305921,0.1651147657
2023,10,Eastern Mich.,Western Mich.,-2.5,-24,21,45,2.35,2.94,1.14,4.97,2.61,3.43,1.96,3.0,-1.77,4.0,2.15,5.48,-0.58,5.17,2.28,0.55,4.0,5.55,1.98,-0.12,4.58,2.19,3.0,0.4,2.61,2.13,3.31,1.07,3.0,-3.0,3.0,,5.92,-0.2,2.73,2.8,,-0.6,-1.0,-4.5,4.5,10.07,5.68,-3.0,-0.4,4.65,1.5,,-3.0,5.0,3.2,0.78,2.38,66,0.6170709322,0.5564779319
2023,10,Florida,Georgia,-14.5,-23,20,43,-14.99,-9.9,-17.55,-12.6,-12.85,-7.28,-15.88,-13.0,-11.16,-13.5,-14.33,-9.22,-17.35,-7.38,-14.22,-10.7,-11.0,-17.2,-10.56,-16.65,-11.82,-8.55,-12.0,-13.6,-14.33,-15.75,-16.12,-15.77,-18.0,-14.5,-15.0,,-16.92,-20.6,-10.27,-14.9,,-20.2,-14.5,-17.6,-11.5,-10.36,-15.69,-10.0,-19.7,-20.33,-23.0,,-14.5,-10.5,-16.82,-14.74,3.71,63,0.5068518055,0.1915267467
2023,10,Florida Intl.,Jacksonville St.,-8.5,-25,16,41,-7.48,-10.51,-10.78,-12.56,-9.37,-16.53,-8.66,-9.0,-9.93,-9.5,-7.54,-10.81,-12.94,-7.6,-10.01,-7.67,-10.0,-11.75,-5.95,-8.16,-19.13,-7.75,-13.0,-5.6,-9.37,-11.03,-6.4,-10.02,-11.0,-4.5,-12.0,,-14.15,-6.9,-9.17,-9.0,,-6.5,-8.5,-13.7,-8.1,-8.1,-4.07,-15.0,-7.6,-15.64,-4.8,,-8.5,-4.0,-16.65,-11.3,3.56,57,0.4630225613,0.2691688343
2023,10,Fresno St.,UNLV,9.5,7,31,24,7.85,2.38,15.49,8.66,9.17,12.49,7.81,7.0,5.79,7.5,8.17,0.55,15.61,4.91,9.93,8.98,2.0,10.35,13.65,15.24,6.37,9.78,3.0,17.6,9.78,9.15,8.4,11.04,18.0,8.5,8.0,,10.85,12.4,10.21,8.0,,11.8,9.5,10.3,15.8,11.66,11.31,5.0,12.7,15.47,12.2,,7.5,11.5,12.99,8.05,4.23,55,0.5104414919,0.7272381543
2023,10,Georgia Southern,Georgia St.,2.5,17,44,27,0.19,-1.4,0.14,2.01,0.26,4.78,0.86,0.25,1.04,-1.5,-0.71,-2.71,0.08,-0.43,-0.81,-0.65,-1.0,0.15,1.05,-1.88,0.2,-3.53,-2.0,-1.7,-0.5,0.42,-0.47,0.49,3.0,3.0,-1.0,,3.03,-3.8,-4.17,2.2,,-2.1,1.5,-0.4,-0.8,8.62,1.43,-6.0,-1.9,-6.16,2.8,,2.5,-0.5,-5.81,-2.16,2.36,71,0.4183017505,0.4798740913
2023,10,Georgia Tech,North Carolina,-12.0,4,46,42,-14.3,-11.27,-11.48,-17.07,-10.76,-11.99,-16.37,-14.0,-12.1,-12.5,-12.05,-10.82,-14.6,-9.83,-12.77,-9.42,-12.0,-17.05,-9.71,-10.66,-8.86,-10.11,-11.0,-12.5,-12.35,-10.48,-14.72,-12.35,-10.0,-11.5,-12.0,,-19.93,-15.1,-13.59,-12.7,,-13.9,-12.0,-15.7,-24.1,-29.47,-14.53,-17.0,-13.8,-7.35,-13.4,,-12.0,-3.0,-10.08,-14.34,3.46,88,0.4810998684,0.2159364238
2023,10,Hawaii,San Jose St.,-10.5,-35,0,35,-14.17,-12.33,-9.75,-12.02,-9.74,-18.54,-17.21,-14.0,-21.06,-12.5,-13.17,-7.62,-14.35,-7.75,-13.42,-12.8,-11.0,-19.75,-9.59,-21.97,-8.1,-13.27,,-12.9,-13.04,-11.73,-11.59,-8.9,-15.0,-7.5,-20.0,,-18.4,-14.4,-6.89,-16.2,,-12.1,-11.0,-18.6,-16.2,-16.53,-0.97,-17.0,-11.9,-8.99,-8.6,,-10.5,-6.0,-18.87,-15.96,4.14,35,0.4293604729,0.2066556479
2023,10,James Madison,Old Dominion,20.0,3,30,27,16.0,23.47,17.86,20.17,16.62,14.57,14.94,21.0,22.87,21.0,16.89,23.79,19.54,17.04,19.47,17.74,12.0,20.35,19.28,16.02,20.64,21.37,28.0,17.1,19.28,16.99,19.29,17.84,17.0,18.0,17.0,,24.98,15.6,22.08,19.6,,14.7,20.0,30.5,16.2,36.89,20.25,23.0,15.0,20.47,24.0,,21.0,9.5,18.56,23.33,4.09,57,0.4871040833,0.8825247996
2023,10,Kansas,Oklahoma,-8.5,5,38,33,-12.35,-15.29,-13.51,-20.18,-11.73,-17.89,-13.32,-20.0,-21.24,-19.5,-12.69,-12.07,-11.32,-7.47,-13.0,-11.73,-15.0,-12.65,-10.74,-11.77,-4.48,-10.33,-16.0,-14.7,-12.69,-12.0,-12.0,-17.33,-8.0,-9.5,-11.0,,-1.28,-7.9,-25.79,-16.7,,-7.7,-9.5,-14.4,-16.6,-0.18,-64.64,-21.0,-6.2,-14.53,-9.5,,-9.0,1.5,-13.35,-14.61,5.25,71,0.3939106664,0.218426647
2023,10,Kansas St.,Houston,17.5,41,41,0,18.47,16.25,21.28,32.95,19.33,20.14,19.1,19.0,21.26,18.5,18.93,13.56,22.74,16.06,20.08,19.01,17.0,23.05,21.49,24.89,7.7,22.15,21.0,21.4,20.6,17.96,18.91,19.65,23.0,17.0,14.0,,18.43,21.5,19.71,20.6,,21.2,18.0,26.5,24.1,44.83,4.27,19.0,21.8,20.7,24.5,,17.5,4.0,21.47,24.74,4.83,41,0.5617798935,0.8868834081
2023,10,Kentucky,Tennessee,-3.5,-6,27,33,-9.81,-3.71,-7.66,-13.97,-8.43,-6.56,-11.08,-5.0,-12.04,-3.0,-11.55,0.77,-11.1,-0.06,-8.38,-4.88,-3.0,-14.85,-6.51,-11.1,0.28,-9.59,-3.0,-8.3,-8.3,-8.86,-7.21,-8.05,-11.0,-3.5,-6.0,,-9.2,-7.5,-14.73,-10.2,,-8.2,-4.5,-14.3,-14.7,10.91,7.88,-17.0,-7.3,-13.45,-3.6,,-3.5,-4.5,-10.94,-13.63,4.48,60,0.3836759841,0.3057193026
2023,10,Louisiana Tech,New Mexico St.,2.5,-3,24,27,1.16,-3.01,3.89,0.85,1.46,1.06,0.9,-3.0,-1.53,-3.5,1.05,-3.81,3.97,-2.51,-0.49,-2.55,-9.0,-4.05,6.48,-2.62,-1.8,-1.02,-3.0,3.0,-1.0,0.32,1.66,2.08,-1.0,2.5,0.01,,-2.82,-2.9,1.88,2.1,,-2.0,2.0,-1.1,3.1,5.76,0.11,-2.0,-1.6,-7.16,3.2,,2.5,-1.0,-8.11,-0.72,3.19,51,0.4267487891,0.4879292031
2023,10,Louisiana-Monroe,Arkansas St.,1.5,-10,24,34,1.88,-1.55,2.03,2.57,3.5,7.45,0.87,-1.0,4.03,-0.5,4.79,-4.56,8.1,2.66,3.22,4.97,-2.0,2.05,4.64,6.55,1.35,3.94,1.0,5.3,3.5,3.91,0.93,0.52,7.0,2.0,0.01,,3.75,3.8,8.04,3.0,,3.5,1.5,2.2,10.1,19.63,-2.01,6.0,3.0,1.05,1.2,,2.5,5.5,5.32,7.92,3.07,58,0.5423609643,0.5789311424
2023,10,Louisville,Duke,4.5,23,23,0,1.06,0.44,6.11,3.86,0.37,-0.1,2.13,2.0,-4.65,5.0,-1.4,3.17,1.85,-3.12,-0.22,-3.47,-1.0,-2.25,2.76,-5.12,2.45,-5.24,2.0,-4.7,0.53,2.62,1.18,1.27,4.0,4.5,-4.0,,-5.04,5.2,-10.46,-2.0,,4.4,3.5,0.8,-1.7,10.97,-0.67,-4.0,6.1,-4.63,3.9,,4.5,1.0,0.15,-7.79,3.91,23,0.3864007386,0.4946316222
2023,10,Miami (Fla.),Virginia,18.5,3,29,26,14.84,16.01,10.8,27.78,13.55,24.17,15.55,18.0,21.17,16.0,14.85,13.22,12.96,14.25,15.74,12.37,16.0,14.15,15.78,9.22,16.69,13.69,18.0,14.1,14.85,11.06,15.11,21.26,14.0,18.5,17.0,,19.19,14.1,23.37,20.8,,13.0,18.0,13.5,22.0,35.15,11.72,16.0,12.5,10.03,23.5,,18.5,5.5,8.83,18.72,4.56,55,0.4336430504,0.8297030673
2023,10,Minnesota,Michigan St.,7.0,15,27,12,6.4,11.3,7.93,6.45,6.79,6.62,6.57,9.0,6.93,10.0,5.04,13.66,10.78,10.7,9.02,7.62,5.0,9.45,9.2,10.95,13.1,8.5,13.0,9.0,9.0,8.22,8.07,6.22,12.0,7.5,9.0,,12.09,11.2,0.89,8.0,,10.7,7.0,9.0,11.9,5.16,3.67,6.0,9.5,8.5,10.8,,7.0,6.5,9.7,6.64,2.65,39,0.5499410295,0.7124158394
2023,10,Mississippi,Vanderbilt,24.5,26,33,7,27.88,29.11,24.81,30.48,25.25,27.44,27.79,32.0,33.35,29.0,28.4,26.82,24.42,18.47,27.61,26.92,19.0,26.25,26.72,21.96,22.8,28.72,28.0,24.2,27.89,27.11,30.84,27.89,25.0,25.0,28.0,,26.07,31.3,31.5,28.5,,29.3,25.0,33.1,31.7,41.74,40.7,31.0,28.9,24.38,27.5,,24.0,15.5,29.35,33.52,3.86,40,0.5754894421,0.9544905853
2023,10,NC St.,Clemson,-8.5,7,24,17,-8.27,-3.14,-9.49,-7.23,-5.54,-7.84,-9.71,-3.0,-9.97,-2.5,-8.77,0.52,-9.55,-2.63,-6.8,-4.46,-6.0,-8.75,-6.02,-3.28,2.48,-4.32,-6.0,-8.1,-6.88,-7.05,-6.29,-10.16,-5.0,-9.5,-6.0,,-11.9,-6.8,-9.56,-11.2,,-5.9,-8.5,-8.5,-7.8,-17.75,-2.88,-10.0,-6.3,-10.91,-9.5,,-9.0,-5.0,-6.58,-9.34,3.29,41,0.5417566549,0.3374469128
2023,10,Nebraska,Purdue,2.5,17,31,14,3.86,6.14,0.23,7.93,3.13,-0.06,3.85,5.0,2.73,5.5,2.97,7.98,-2.29,8.95,3.0,5.7,3.0,-2.05,1.44,-0.97,2.49,4.16,7.0,0.3,2.97,1.11,5.02,0.69,3.0,2.5,4.0,,-3.64,1.6,1.47,2.9,,2.0,2.5,4.7,2.5,-1.37,0.4,1.0,0.5,4.09,1.9,,2.5,5.0,3.42,2.32,2.73,45,0.5123812123,0.5738719107
2023,10,Nevada,New Mexico,-1.0,10,34,24,4.27,-6.05,6.42,-12.71,1.76,0.45,5.45,-7.0,-7.67,-2.5,2.79,-5.17,11.31,-2.23,2.28,5.33,-7.0,7.15,4.34,8.64,1.85,6.33,1.0,5.6,2.5,1.99,3.84,-0.37,6.0,0.0,8.0,,6.01,1.8,9.46,-0.7,,2.5,-0.5,0.7,4.8,-1.65,-6.11,-2.0,0.9,2.81,1.9,,2.5,0.01,6.77,-0.68,5.07,58,0.578019025,0.554413317
2023,10,North Texas,Memphis,-7.0,-3,42,45,-7.83,-13.49,-9.2,-11.57,-8.94,-18.44,-6.64,-15.0,-14.49,-13.0,-9.02,-12.94,-9.61,-9.17,-10.27,-6.34,-13.0,-12.65,-9.63,-10.42,-13.52,-12.03,-14.0,-12.8,-10.0,-9.47,-10.05,-12.31,-9.0,-7.5,-10.0,,-2.34,-7.1,-12.42,-12.0,,-8.6,-8.0,-5.9,-7.7,-27.47,-14.82,-9.0,-8.6,-16.7,-12.1,,-7.5,4.0,-5.76,-12.87,3.8,87,0.4206125513,0.2646219822
2023,10,Northwestern,Maryland,-14.0,6,33,27,-10.22,-7.28,-13.16,-12.07,-9.36,-16.02,-11.28,-8.0,-12.96,-8.5,-10.67,-4.21,-11.94,-8.23,-10.98,-7.22,-14.0,-12.65,-14.81,-8.14,-11.55,-8.93,-5.0,-12.0,-11.55,-11.7,-9.3,-13.47,-12.0,-13.5,-8.0,,-14.82,-14.8,-8.0,-13.3,,-13.8,-14.0,-16.1,-11.0,-14.96,3.29,-13.0,-13.8,-19.01,-18.0,,-14.0,-4.5,-9.42,-13.31,3.5,60,0.573688837,0.2497018019
2023,10,Notre Dame,Pittsburgh,20.5,51,58,7,18.32,22.96,18.34,26.3,18.55,25.57,18.18,21.0,23.32,22.5,19.92,22.77,19.93,17.77,21.67,22.7,17.0,24.05,23.3,22.21,16.92,25.28,27.0,20.5,21.7,17.81,18.91,20.55,17.0,20.5,23.0,,19.48,23.0,24.4,20.8,,21.0,20.5,25.3,21.4,19.16,6.62,25.0,20.9,17.34,23.0,,20.5,12.0,25.36,27.1,3.47,65,0.5287001537,0.908830872
2023,10,Ohio,Miami (Ohio),7.5,-14,16,30,2.95,-0.79,4.48,9.27,3.64,2.23,3.15,1.0,-2.93,1.5,2.75,0.37,5.28,0.73,3.0,-0.33,-1.0,4.05,5.5,3.87,2.53,3.1,1.0,6.1,3.0,2.62,2.95,-1.18,3.0,6.5,0.01,,2.33,3.3,7.71,1.5,,3.8,6.5,3.8,7.1,10.44,0.14,1.0,4.4,8.53,6.8,,7.5,4.5,1.6,-0.45,2.6,46,0.3898336364,0.5739743562
2023,10,Oklahoma St.,Cincinnati,7.5,32,45,13,11.14,14.07,9.05,5.39,8.71,7.53,11.46,12.0,7.12,13.5,9.13,17.82,11.64,15.09,11.59,15.72,6.0,11.25,7.6,17.93,12.57,17.36,15.0,11.1,11.46,7.52,13.5,6.05,10.0,8.0,14.0,,10.9,12.3,7.97,6.6,,11.5,8.0,18.0,10.9,1.22,1.58,17.0,12.3,8.42,3.8,,6.5,0.01,21.12,10.59,4.32,58,0.5981661678,0.7594322059
2023,10,Penn St.,Indiana,32.0,9,33,24,31.95,28.39,32.06,45.71,29.19,32.63,35.72,26.0,36.97,24.0,30.6,23.76,38.79,19.04,34.29,40.13,27.0,41.95,33.45,40.29,21.67,32.1,29.0,35.9,34.9,32.67,30.43,35.14,38.0,32.0,37.0,,41.01,36.9,41.19,34.9,,33.3,32.0,44.8,37.9,72.25,35.4,40.0,33.6,39.84,30.0,,32.0,18.0,41.4,41.2,6.91,57,0.5526134681,0.9761785768
2023,10,Rice,Tulane,-10.0,-2,28,30,-9.31,-9.18,-15.29,-2.01,-5.92,-4.13,-8.53,-9.0,-2.71,-11.5,-8.24,-12.67,-14.53,-9.69,-9.87,-9.2,-7.0,-4.95,-8.99,-4.23,-13.19,-8.63,-11.0,-12.3,-9.31,-9.85,-13.45,-6.27,-10.0,-11.5,-11.0,,-10.6,-15.3,-15.2,-9.2,,-13.2,-10.0,-4.9,-7.6,-17.55,-25.24,-4.0,-14.9,-18.78,-16.5,,-10.5,-3.5,-17.08,-4.6,4.22,58,0.5031572761,0.2739631433
2023,10,SMU,Tulsa,20.5,59,69,10,21.32,15.98,18.21,23.07,16.88,27.02,23.57,17.0,28.97,14.0,22.55,8.99,19.59,13.39,21.21,15.49,15.0,27.35,21.83,32.66,13.59,19.84,14.0,19.7,21.7,19.68,18.56,25.94,25.0,20.5,25.0,,24.87,21.7,13.9,24.3,,20.9,20.5,33.7,26.3,22.77,-3.59,29.0,22.3,17.0,23.5,,20.5,11.0,24.02,24.74,5.63,79,0.516811665,0.8960297779
2023,10,Sam Houston St.,UTEP,3.5,-3,34,37,-0.83,0.55,3.22,4.04,4.9,8.42,-0.33,-1.0,6.71,-2.0,0.93,-2.78,-1.46,-11.1,2.03,3.3,-3.0,3.55,4.16,-9.45,1.35,5.03,3.0,7.1,3.22,1.29,-3.96,3.95,5.0,3.0,-2.0,,4.43,3.1,4.74,4.2,,1.1,3.5,7.1,5.8,-7.52,-8.75,4.0,0.6,-1.11,2.5,,3.5,4.5,-0.74,6.65,3.99,71,0.4642214948,0.5493483057
2023,10,South Alabama,Louisiana-Lafayette,10.5,-13,20,33,10.4,7.22,4.76,19.14,7.6,12.63,10.5,10.0,15.24,5.5,12.53,2.91,11.8,9.35,12.41,10.51,6.0,17.85,13.73,17.57,7.2,14.48,9.0,10.7,11.8,9.19,9.21,11.71,13.0,10.0,15.0,,27.32,15.1,16.03,13.3,,12.8,10.5,24.3,20.9,-26.15,1.2,18.0,14.6,7.77,10.9,,10.0,6.5,11.94,16.15,5.08,53,0.5456152931,0.7717252869
2023,10,Stanford,Washington,-27.5,-9,33,42,-23.52,-28.84,-21.35,-31.47,-21.18,-35.62,-24.56,-29.0,-32.65,-27.0,-24.26,-26.78,-24.24,-12.25,-26.61,-16.19,-29.0,-27.15,-26.61,-26.69,-22.08,-22.76,-27.0,-26.2,-27.0,-24.08,-24.25,-27.84,-27.0,-27.0,-25.0,,-38.19,-31.1,-29.65,-31.1,,-27.2,-27.5,-27.4,-30.0,-32.16,-18.51,-31.0,-27.0,-33.35,-27.0,,-26.5,-12.5,-30.1,-31.11,5.3,75,0.5212056028,0.0559161796
2023,10,Texas,BYU,20.0,29,35,6,17.47,20.74,19.72,25.6,17.56,20.47,18.58,20.0,24.82,19.5,16.86,18.53,21.51,14.84,21.23,19.87,14.0,22.15,23.31,23.66,12.08,21.29,28.0,22.0,20.47,18.36,18.04,26.0,23.0,19.5,16.0,,18.94,19.6,27.5,23.5,,19.4,20.0,28.6,35.7,16.89,56.83,22.0,20.3,21.95,24.5,,19.0,14.0,17.51,22.99,4.58,41,0.5296739199,0.9006078206
2023,10,Texas A&M,South Carolina,16.0,13,30,17,11.99,12.53,13.24,27.71,12.21,13.81,13.46,13.0,19.38,11.0,12.75,8.85,12.84,13.06,13.72,13.24,12.0,16.85,15.04,11.17,4.91,14.06,13.0,13.8,13.24,8.38,10.13,15.38,11.0,14.5,10.0,,11.87,14.0,15.28,15.1,,12.9,15.5,20.9,23.9,5.91,-5.72,17.0,11.4,8.3,13.4,,16.0,7.5,15.56,18.35,4.2,47,0.4447840156,0.7982933924
2023,10,Texas St.,Troy St.,-7.0,-18,13,31,-11.08,-7.36,-8.37,-6.2,-5.1,-4.65,-12.57,-7.0,-8.25,-6.5,-9.63,-6.88,-13.12,-6.14,-9.77,-9.59,-4.0,-11.75,-5.14,-13.55,-5.04,-10.22,-8.0,-10.3,-9.63,-5.57,-11.39,-6.49,-10.0,-6.5,-15.0,,-13.16,-17.2,-11.99,-8.4,,-13.3,-7.0,-15.7,-14.0,-27.82,-4.04,-12.0,-15.9,-12.27,-5.0,,-7.0,-4.0,-16.14,-9.1,3.66,44,0.4324917195,0.274345554
2023,10,Texas-San Antonio,East Carolina,18.5,14,41,27,11.76,14.34,8.97,14.46,9.27,10.31,13.07,14.0,7.59,15.5,8.94,17.99,12.52,16.27,13.91,20.54,11.0,15.45,11.24,26.19,14.05,12.42,13.0,11.1,13.35,10.24,13.35,12.06,14.0,18.5,20.0,,20.89,15.6,7.97,12.1,,15.4,17.5,12.2,15.5,19.91,11.25,8.0,14.1,16.19,17.5,,18.5,11.0,23.8,9.29,4.08,68,0.3897299708,0.8019507407
2023,10,UCLA,Colorado,15.0,12,28,16,14.52,10.89,17.14,21.36,14.05,21.46,17.2,16.0,15.31,14.5,14.09,8.51,20.64,9.92,16.38,16.22,13.0,22.75,11.44,21.74,12.25,12.7,12.0,13.8,15.33,17.61,11.47,14.79,27.0,8.5,17.0,,31.0,21.2,8.39,16.2,,18.1,15.0,24.3,11.4,14.87,3.46,18.0,17.8,17.99,8.4,,17.5,14.0,27.54,14.41,5.05,44,0.5330138776,0.8372878273
2023,10,Utah,Oregon,-5.5,-29,6,35,-3.01,-1.5,-0.35,-1.93,-3.28,-8.52,-3.4,2.0,-13.32,3.5,-5.44,4.85,1.44,-2.35,-3.43,-4.29,-9.0,-3.75,-6.27,-2.05,3.7,-3.74,4.0,-5.7,-3.0,-2.89,-0.44,-7.08,1.0,-6.5,-3.0,,0.89,-0.8,-16.43,-7.6,,-1.9,-5.0,-10.4,-8.1,-7.1,-6.67,-11.0,-1.9,-2.05,-4.7,,-6.0,-3.0,-3.39,-13.64,4.82,41,0.5496524807,0.4180960406
2023,10,Virginia Tech,Syracuse,2.5,28,38,10,0.71,-1.34,-0.78,-8.02,1.28,-3.25,1.71,-2.0,-2.27,-1.0,0.15,-0.83,1.93,-0.5,0.49,1.22,-6.0,3.95,0.86,7.53,-2.44,2.79,1.0,0.7,0.5,-3.15,-0.8,-4.22,1.0,3.0,3.0,,-5.65,-4.2,3.3,-1.9,,-2.9,2.5,10.4,9.1,19.16,-2.97,4.0,-5.9,1.97,-0.4,,2.5,0.5,4.76,-0.53,3.86,48,0.4510424604,0.5119632442
2023,10,Wake Forest,Florida St.,-20.5,-25,16,41,-17.84,-24.75,-12.11,-22.77,-17.46,-24.43,-17.66,-23.0,-30.69,-19.5,-18.64,-21.55,-16.35,-12.21,-21.82,-21.46,-19.0,-24.25,-21.33,-22.58,-14.25,-24.29,-27.0,-22.5,-22.58,-16.93,-19.92,-22.12,-17.0,-20.5,-21.0,,-23.01,-24.6,-25.86,-24.7,,-22.6,-20.5,-27.4,-27.4,-5.27,-39.81,-33.0,-23.5,-19.7,-25.0,,-20.5,-8.5,-24.27,-30.86,5.46,57,0.4686607063,0.0968189451
2023,10,Western Kentucky,Liberty,-5.5,-13,29,42,0.38,-10.26,1.62,-7.17,-1.29,-4.66,1.2,-10.0,-5.78,-9.5,-0.22,-12.66,0.01,-4.77,-3.38,-1.69,-12.0,-1.65,0.16,3.3,-2.05,-4.32,-8.0,-2.2,-2.1,-2.04,-0.99,-2.4,7.0,-3.5,1.0,,4.38,-1.7,-6.99,-2.4,,-2.1,-5.5,-7.3,-14.8,-11.87,-10.64,-6.0,-1.1,1.76,-0.4,,-5.5,-2.5,-4.65,-6.11,5.06,71,0.5506212102,0.4196263702
2023,10,Wisconsin,Ohio St.,-14.5,-14,10,24,-13.38,-12.27,-17.51,-10.03,-10.92,-19.11,-15.3,-12.0,-15.77,-15.5,-11.92,-10.39,-18.74,-9.32,-15.25,-16.52,-11.0,-19.15,-14.15,-22.19,-13.54,-16.08,-11.0,-14.5,-14.74,-14.35,-13.5,-18.04,-16.0,-14.0,-16.0,,-13.04,-14.5,-18.62,-15.3,,-13.9,-14.5,-21.9,-13.3,-6.48,-10.69,-22.0,-13.6,-17.74,-12.6,,-14.5,-6.0,-22.9,-18.48,3.66,34,0.4816408767,0.1746210686
2023,11,Air Force,Army,17.5,-20,3,23,20.97,28.95,17.98,29.17,18.68,22.89,21.13,20.0,24.11,23.5,20.38,31.55,26.14,18.62,23.18,23.54,20.0,27.95,18.36,30.5,19.77,27.0,28.0,20.3,23.09,19.16,23.81,17.96,24.0,19.0,25.0,,13.04,21.3,31.13,19.7,,20.4,18.5,31.9,26.9,23.78,14.92,25.0,18.2,15.9,23.0,,18.5,10.0,26.72,24.35,5.21,26,0.6330634418,0.9173469927
2023,11,Akron,Kent,4.0,4,31,27,4.01,1.15,-3.59,9.8,1.99,0.39,4.33,1.0,2.13,-0.5,4.68,0.62,-1.48,6.99,2.97,6.72,2.0,3.55,8.29,-2.27,-2.62,4.55,1.0,5.4,3.13,0.33,2.95,2.47,-1.0,4.5,5.0,,8.74,3.3,5.8,4.9,,1.9,4.0,4.2,9.3,13.1,-3.05,1.0,1.4,6.56,4.2,,4.0,4.5,-1.78,3.99,3.42,58,0.4747134284,0.5725578784
2023,11,Alabama,LSU,3.0,14,42,28,5.87,4.38,9.14,3.32,5.69,0.7,5.76,11.0,-2.89,12.0,4.4,8.3,8.19,7.29,3.81,2.99,-3.0,0.85,4.11,1.07,8.17,1.53,6.0,1.1,4.3,4.42,8.06,4.61,3.0,4.0,5.0,,-0.5,0.2,-0.5,0.1,,1.1,3.0,-3.0,-1.1,8.38,-0.25,-2.0,-0.2,5.89,4.3,,3.0,7.5,9.24,0.01,3.92,70,0.519753502,0.5921183903
2023,11,Appalachian St.,Marshall,3.5,22,31,9,3.96,-0.79,5.57,2.91,4.45,5.66,4.87,1.0,3.32,1.5,3.95,-2.99,2.71,3.37,2.57,2.68,2.0,4.75,1.95,5.98,-2.01,-0.3,-1.0,1.5,2.71,1.36,2.4,0.77,7.0,4.0,3.0,,4.7,3.4,0.37,2.9,,4.1,3.5,2.2,1.8,-3.16,-2.03,1.0,3.6,0.13,2.5,,3.5,6.0,0.17,2.5,2.29,40,0.4768814639,0.5636500359
2023,11,Arizona,UCLA,-2.5,17,27,10,-1.32,-1.46,-4.5,-3.29,-1.63,-1.33,-1.06,-3.0,-0.36,-2.0,-2.05,-2.06,-3.42,-3.08,-0.65,3.39,-3.0,4.25,-0.74,9.24,-0.1,-0.08,1.0,0.4,-1.1,-3.17,-1.49,-0.87,0.01,-2.0,3.0,,-6.22,-2.0,0.61,-2.5,,-1.1,-2.5,-0.5,1.2,-1.27,-0.06,-2.0,-1.2,0.95,-3.0,,-3.0,-1.5,3.61,0.22,2.63,37,0.5457662816,0.4838889034
2023,11,Arkansas St.,Louisiana-Lafayette,-8.0,20,37,17,-8.94,-5.42,-11.76,-9.84,-6.94,-12.44,-9.4,-7.0,-12.24,-7.0,-10.26,-1.75,-18.02,-3.8,-10.45,-4.88,-10.0,-11.55,-9.78,-18.38,-3.65,-11.12,-7.0,-13.3,-11.0,-10.5,-8.18,-9.52,-13.0,-9.0,-12.0,,-8.85,-12.9,-17.25,-11.9,,-12.1,-8.5,-11.4,-15.9,-28.75,-0.64,-13.0,-11.0,-13.92,-7.7,,-9.5,-3.5,-9.64,-12.91,3.94,54,0.4404678514,0.2614534303
2023,11,Baylor,Houston,3.0,-1,24,25,2.71,-0.9,8.62,1.51,0.39,0.24,4.4,1.0,-3.64,0.5,0.44,0.57,1.78,-0.61,0.81,0.08,1.0,1.85,3.96,3.67,-0.36,-1.79,-1.0,2.4,0.5,1.81,2.11,-1.56,7.0,4.5,1.0,,-1.78,7.3,-2.97,1.2,,6.0,3.0,-4.0,-2.3,-4.66,0.47,-7.0,6.4,-1.17,3.3,,4.0,0.01,-0.2,-3.96,3.44,49,0.44637682,0.5198850914
2023,11,Bowling Green,Ball St.,5.0,3,24,21,6.66,14.24,3.07,10.4,10.31,8.95,4.02,12.0,15.83,12.0,10.55,13.38,7.02,14.77,11.37,17.62,10.0,6.15,11.68,17.73,9.37,18.04,17.0,15.2,10.4,9.3,8.32,9.2,9.0,5.5,10.0,,10.0,9.5,20.77,11.0,,9.2,6.5,13.8,15.4,7.08,2.82,13.0,9.5,11.81,9.2,,5.0,3.5,8.55,16.75,4.19,45,0.6509916488,0.7557043078
2023,11,Central Mich.,Northern Ill.,-6.0,6,37,31,-4.78,-2.55,-0.9,-6.69,-4.44,-7.31,-6.06,-3.0,-7.8,-1.0,-5.09,0.28,-5.19,-5.32,-5.53,-10.18,-7.0,-8.55,-1.32,-17.01,1.59,-7.31,-4.0,-6.0,-5.09,-1.69,-2.99,-4.58,-2.0,-3.0,-10.0,,0.31,-6.4,-8.54,-4.5,,-4.4,-6.0,-10.7,-10.0,-26.48,-1.91,-14.0,-4.1,-5.1,-2.4,,-6.0,-0.5,-8.52,-9.25,4.04,68,0.5114445147,0.3678406017
2023,11,Cincinnati,Central Florida,-3.5,-2,26,28,-4.59,-3.06,0.25,-1.84,-2.42,-5.62,-4.47,-2.0,-5.34,-3.0,-6.35,-1.81,-5.28,-6.7,-3.96,-0.98,-4.0,-4.25,-5.59,-3.01,0.05,-6.33,-3.0,-4.2,-4.2,-1.43,-4.05,-3.26,0.01,-3.5,-1.0,,-9.73,-4.3,-8.77,-5.3,,-4.0,-3.5,-7.1,-7.2,-27.14,-0.28,-7.0,-5.3,-4.85,-2.7,,-3.5,-0.5,-1.12,-6.04,2.49,54,0.4885807576,0.4026680342
2023,11,Clemson,Notre Dame,-3.0,8,31,23,-7.72,-10.98,-5.11,-10.97,-7.06,-15.19,-8.74,-9.0,-12.46,-10.0,-7.83,-10.19,-10.79,-8.49,-9.54,-10.36,-12.0,-13.65,-4.85,-17.61,-5.54,-12.4,-9.0,-9.4,-9.0,-6.99,-7.04,-5.75,-7.0,-3.0,-12.0,,-4.04,-7.5,-15.25,-7.8,,-7.5,-4.5,-13.6,-9.5,-2.03,-2.8,-20.0,-6.1,-8.54,-3.2,,-3.0,2.0,-14.06,-15.2,4.15,54,0.3450896952,0.2804648969
2023,11,Colorado,Oregon St.,-13.0,-7,19,26,-11.07,-6.97,-14.36,-13.22,-9.5,-11.82,-13.17,-10.0,-10.42,-10.5,-10.01,-5.12,-14.47,-6.52,-11.59,-10.45,-14.0,-18.65,-8.82,-17.8,-7.03,-7.97,-7.0,-10.4,-10.5,-13.49,-9.68,-12.55,-18.0,-12.0,-12.0,,-24.16,-15.6,-9.44,-11.8,,-12.8,-13.0,-12.3,-10.0,-5.94,-1.28,-8.0,-12.1,-17.32,-11.1,,-13.0,-7.5,-21.14,-9.56,4.06,45,0.5342896558,0.2396649793
2023,11,Duke,Wake Forest,7.5,3,24,21,10.77,14.8,6.45,16.41,13.64,18.81,9.43,12.0,20.21,10.5,14.1,11.89,12.04,14.28,14.32,15.58,8.0,13.65,14.13,9.1,11.38,18.47,17.0,16.5,14.1,10.84,11.56,13.74,12.0,12.0,12.0,,14.54,14.3,22.12,15.4,,13.0,9.0,20.0,19.3,14.17,2.89,23.0,12.2,14.84,16.0,,9.0,8.5,12.2,22.33,4.06,45,0.6613666282,0.8089106737
2023,11,East Carolina,Tulane,-17.0,-3,10,13,-10.43,-22.57,-11.08,-12.92,-8.52,-9.91,-9.32,-17.0,-10.02,-20.0,-8.88,-29.32,-12.0,-12.45,-14.43,-17.45,-18.0,-11.15,-13.62,-15.29,-18.1,-16.04,-19.0,-14.3,-13.23,-11.67,-15.85,-9.91,-7.0,-17.0,-15.0,,-12.68,-18.2,-14.43,-12.5,,-15.1,-16.5,-12.2,-15.0,-13.94,-27.88,-12.0,-16.8,-13.23,-24.5,,-17.0,-6.5,-21.57,-11.34,4.87,23,0.5615023098,0.1924093039
2023,11,Florida,Arkansas,3.0,-3,36,39,0.55,10.38,2.8,3.83,-0.47,5.45,-0.43,7.0,-2.08,8.0,-2.44,17.09,2.83,6.8,3.42,2.75,4.0,-0.85,1.0,6.19,7.21,3.84,11.0,2.3,2.83,2.61,4.66,0.59,1.0,5.5,5.0,,3.23,1.6,0.88,0.9,,1.1,3.0,2.9,4.9,-16.24,13.25,-4.0,2.5,-2.05,4.9,,5.5,6.0,10.85,-3.6,4.1,75,0.5102180396,0.5826136552
2023,11,Fresno St.,Boise St.,2.5,7,37,30,0.91,10.72,4.69,11.61,3.87,12.43,-0.29,12.0,5.04,11.5,1.36,13.79,7.69,7.1,6.07,6.37,9.0,3.95,6.0,5.4,11.72,9.61,9.0,8.7,5.4,5.67,2.73,3.22,8.0,4.0,1.0,,-6.54,4.2,9.93,4.0,,4.9,3.0,0.6,6.1,17.45,2.24,3.0,5.2,10.47,3.3,,2.5,4.0,10.73,4.96,4.09,67,0.58620084,0.6444174666
2023,11,Georgia,Missouri,15.0,9,30,21,16.13,6.93,21.23,11.96,11.0,12.6,18.39,13.0,9.6,11.0,14.07,5.48,19.99,7.45,13.35,10.04,8.0,14.15,14.96,12.68,9.96,6.53,6.0,12.4,13.0,16.59,16.09,14.41,19.0,16.5,15.0,,15.44,21.5,8.62,14.6,,20.8,15.0,11.5,11.2,5.68,10.1,6.0,21.0,18.0,17.0,,15.0,11.5,19.54,8.87,4.68,51,0.4602921299,0.7900646838
2023,11,Georgia St.,James Madison,-6.0,-28,14,42,-5.16,-8.76,-4.81,-1.42,-2.37,-6.25,-5.06,-9.0,-6.43,-8.0,-4.68,-10.0,-6.82,-5.75,-5.57,-3.54,-7.0,-5.85,-1.99,-7.14,-6.81,-5.32,-7.0,-4.9,-5.75,-6.31,-7.16,-2.41,-4.0,-5.5,-6.0,,-6.61,-2.6,-5.35,-6.0,,-3.0,-6.0,-7.7,-3.2,-3.57,-11.81,-7.0,-2.9,-9.56,-9.8,,-5.5,-3.0,-6.15,-4.98,2.13,56,0.5107091703,0.3640087006
2023,11,Indiana,Wisconsin,-9.5,6,20,14,-14.21,-12.68,-12.02,-19.9,-9.32,-5.7,-15.22,-11.0,-10.24,-9.5,-13.14,-13.99,-13.86,-9.73,-12.09,-13.87,-13.0,-10.75,-11.92,-9.19,-5.73,-10.79,-12.0,-13.3,-12.0,-11.43,-15.35,-11.13,-9.0,-9.5,-12.0,,-17.13,-16.0,-11.98,-12.6,,-12.5,-10.0,-10.2,-14.4,-20.16,-12.24,-11.0,-13.5,-11.39,-16.5,,-9.5,-4.0,-14.11,-11.16,3.09,34,0.4363813489,0.2273585557
2023,11,Iowa St.,Kansas,3.0,-7,21,28,2.73,-3.0,8.71,3.83,2.8,-1.8,4.35,0.25,-1.49,0.01,1.46,-3.81,6.95,0.31,0.3,0.55,-5.0,0.95,-1.29,0.56,-4.55,-1.46,-2.0,1.8,0.31,0.95,1.22,1.64,5.0,1.5,2.0,,-3.68,-2.3,-1.8,-1.1,,-1.9,2.5,2.4,2.1,21.33,-1.79,-2.0,-2.7,-5.02,-2.9,,2.5,1.0,2.58,-2.38,3.42,49,0.4339732407,0.5073697047
2023,11,Liberty,Louisiana Tech,17.0,26,56,30,15.42,27.02,16.51,19.0,16.7,20.64,14.13,27.0,18.27,26.5,15.8,31.72,15.46,17.56,19.93,21.79,19.0,19.05,17.03,18.27,26.06,20.88,28.0,19.3,19.05,18.46,19.51,16.93,19.0,17.0,17.0,,14.56,21.4,20.11,16.0,,19.3,17.0,20.6,21.9,5.33,16.14,19.0,19.3,14.65,24.0,,17.0,11.0,26.23,20.05,4.4,86,0.5705838129,0.8868254375
2023,11,Louisville,Virginia Tech,9.5,31,34,3,10.74,14.24,13.41,20.32,12.37,11.02,9.94,15.0,12.7,16.5,11.03,15.07,16.32,12.04,12.86,11.53,9.0,9.95,12.86,10.55,11.73,12.2,15.0,11.5,12.37,13.5,12.93,11.5,13.0,11.0,12.0,,11.7,19.7,12.82,11.7,,17.3,10.5,13.6,9.5,38.75,3.48,13.0,19.6,8.31,17.5,,9.5,6.0,9.38,13.29,2.97,37,0.5824043576,0.7870653322
2023,11,Maryland,Penn St.,-8.5,-36,15,51,-12.09,-13.39,-15.02,-17.15,-10.3,-15.6,-13.63,-14.0,-14.94,-12.5,-11.21,-12.55,-14.29,-8.63,-13.17,-15.35,-12.0,-14.75,-9.93,-18.47,-10.61,-10.88,-14.0,-9.5,-13.6,-14.3,-11.79,-14.22,-12.0,-10.5,-17.0,,-16.04,-11.7,-13.51,-13.6,,-11.8,-9.5,-13.7,-8.4,-14.83,-12.22,-16.0,-11.1,-11.76,-13.6,,-8.5,-2.0,-20.5,-16.64,3.07,66,0.3863516579,0.2076598827
2023,11,Memphis,South Florida,13.5,9,59,50,14.44,16.19,16.79,16.86,13.2,14.07,14.47,19.0,18.77,18.0,14.63,14.79,18.68,12.78,16.57,13.9,15.0,17.75,15.77,19.86,15.9,15.59,19.0,16.7,16.7,15.2,15.78,15.23,22.0,13.0,19.0,,17.84,13.5,17.92,17.9,,14.5,14.0,19.3,16.1,5.33,4.06,18.0,14.3,17.98,22.5,,13.5,9.0,14.57,17.44,2.48,109,0.5757658348,0.848799165
2023,11,Michigan,Purdue,33.0,28,41,13,28.59,28.91,29.91,45.32,23.34,33.62,32.14,30.0,35.79,29.5,26.98,25.19,29.43,18.79,31.37,30.62,27.0,33.6,30.47,34.44,20.85,29.83,31.0,35.6,31.0,28.49,27.53,32.78,32.0,33.0,28.0,,36.11,37.2,33.54,31.8,,35.7,33.0,43.8,29.2,19.26,13.24,37.0,34.6,33.09,25.5,,32.0,15.5,36.42,36.83,6.06,54,0.4617876375,0.9675707904
2023,11,Michigan St.,Nebraska,-3.0,3,20,17,-3.9,-9.21,-0.43,-4.22,-3.02,-0.8,-3.99,-6.0,-7.34,-5.5,-3.69,-10.21,-4.68,-7.98,-4.79,-5.3,-7.0,-4.85,-3.08,-6.09,-1.32,-7.39,-6.0,-3.8,-4.7,-2.73,-4.68,-1.12,-2.0,-3.5,-5.0,,5.31,-3.4,-8.19,-4.7,,-3.1,-3.0,-9.3,-7.4,-3.47,-2.97,-10.0,-2.0,-4.91,-2.9,,-3.0,-2.5,-5.8,-6.86,3.05,37,0.4559127302,0.3834898551
2023,11,Minnesota,Illinois,2.5,-1,26,27,6.13,8.35,8.01,10.23,5.62,10.64,6.49,7.0,5.15,8.5,4.17,10.07,5.36,11.08,6.68,10.48,6.0,6.75,3.47,6.39,10.74,5.95,11.0,6.8,6.49,6.13,7.97,3.37,6.0,3.0,6.0,,9.45,3.4,5.29,4.9,,4.3,3.5,6.5,6.8,7.32,1.46,1.0,2.7,3.45,7.4,,2.5,0.5,12.07,4.53,2.75,53,0.602357087,0.6607928995
2023,11,Mississippi,Texas A&M,3.0,3,38,35,3.33,12.41,4.26,2.01,6.56,6.55,1.42,11.0,8.01,12.5,3.32,14.78,5.14,7.74,6.16,6.76,5.0,-0.05,4.79,3.62,12.3,6.68,12.0,3.3,6.5,9.15,6.89,5.0,7.0,4.0,5.0,,7.52,6.4,4.89,5.1,,4.9,3.5,7.0,1.4,22.04,3.71,7.0,7.7,-0.6,6.5,,3.0,4.0,2.87,7.65,3.42,73,0.5771427179,0.6477770167
2023,11,Mississippi St.,Kentucky,-4.5,-21,3,24,0.37,0.03,3.41,-0.59,2.52,-2.09,-0.07,2.0,5.11,1.0,1.19,-2.7,2.12,-0.68,1.14,3.02,-5.0,2.75,-0.47,-0.49,0.48,0.27,-1.0,0.01,1.0,2.44,0.16,1.53,8.0,-3.0,1.0,,-0.4,1.9,0.22,1.8,,2.9,-3.0,4.2,-1.0,9.08,-0.59,2.0,2.8,4.96,-3.2,,-4.0,1.0,1.5,3.78,2.41,27,0.6372994507,0.5283000321
2023,11,NC St.,Miami (Fla.),-6.0,14,20,6,-2.02,-2.58,0.91,-5.74,-1.35,-7.49,-2.71,-3.0,-5.14,-2.5,-1.76,-1.19,-0.66,-3.73,-2.03,-1.04,-8.0,-0.25,-2.75,1.66,2.76,-2.96,-4.0,-4.1,-2.02,1.16,-1.42,-5.97,3.0,-3.5,-2.0,,-2.01,2.6,-4.8,-5.3,,2.6,-5.5,-2.1,-10.4,-2.09,0.54,-5.0,3.4,-0.31,-6.8,,-4.5,-0.5,4.48,-4.59,3.35,26,0.5966577213,0.4502117292
2023,11,Nevada,Hawaii,3.5,-13,14,27,8.97,5.88,7.93,6.1,6.5,13.58,11.69,6.0,5.69,7.5,6.41,5.99,12.71,7.26,8.84,11.79,4.0,15.65,5.19,19.19,3.91,11.67,9.0,11.5,7.78,6.58,7.38,6.67,10.0,4.5,16.0,,7.78,8.7,11.99,5.9,,8.2,5.0,9.2,10.7,12.62,2.75,7.0,7.6,7.33,3.1,,3.5,0.5,13.5,7.19,3.69,41,0.6284202196,0.7062417838
2023,11,New Mexico,UNLV,-10.0,-42,14,56,-11.25,-12.84,-9.09,-6.75,-7.86,-10.97,-11.81,-12.0,-10.39,-12.0,-11.03,-14.16,-14.74,-8.52,-11.65,-9.0,-13.0,-12.65,-8.78,-12.0,-14.7,-13.93,-13.0,-11.7,-11.81,-10.93,-12.07,-8.44,-9.0,-11.0,-12.0,,-8.68,-12.1,-16.14,-11.1,,-10.6,-10.0,-13.4,-12.0,-13.19,-3.79,-16.0,-9.8,-12.35,-10.8,,-10.0,-1.0,-18.77,-12.55,3.5,70,0.4595758204,0.2367893133
2023,11,New Mexico St.,Middle Tenn.,3.5,6,13,7,3.82,8.13,-0.4,11.95,3.03,0.43,4.56,9.0,6.79,9.0,3.06,8.85,0.39,9.11,5.35,6.91,11.0,7.35,2.6,8.23,3.73,4.67,5.0,1.8,4.9,2.81,3.41,4.44,6.0,3.0,3.0,,1.51,6.0,4.23,3.6,,5.8,3.5,4.9,5.9,-0.6,0.69,8.0,5.4,9.04,3.0,,3.0,6.0,8.94,4.22,3.24,20,0.5454525859,0.6293745297
2023,11,North Texas,Texas-San Antonio,-7.5,-8,29,37,-7.07,-6.57,-5.41,-5.39,-5.35,-10.13,-6.93,-8.0,-6.75,-6.5,-6.61,-6.48,-7.55,-4.5,-6.8,-3.8,-6.0,-9.85,-5.58,-9.32,-11.31,-4.75,-5.0,-5.3,-6.61,-7.67,-8.88,-9.26,-7.0,-7.0,-6.0,,-14.08,-5.2,-4.75,-7.5,,-7.4,-7.5,-5.1,-8.2,-11.09,-2.89,-6.0,-6.5,-7.5,-12.5,,-7.5,0.5,-5.09,-6.71,2.55,66,0.5173640845,0.3361655646
2023,11,Northwestern,Iowa,-4.5,-3,7,10,-8.6,-6.81,-15.04,-3.58,-7.73,-9.64,-9.63,-6.0,-7.17,-7.5,-7.22,-6.62,-10.38,-6.89,-8.3,-5.52,-7.0,-7.95,-7.61,-6.85,-13.13,-3.73,-6.0,-7.3,-7.61,-13.42,-9.5,-11.38,-11.0,-6.0,-4.0,,-17.74,-9.0,-3.21,-9.9,,-9.7,-5.5,-7.3,-3.8,-1.43,-1.0,-7.0,-8.4,-13.82,-12.0,,-5.0,-5.5,-10.36,-10.4,3.41,17,0.4074718712,0.3045980592
2023,11,Oklahoma St.,Oklahoma,-5.5,3,27,24,-5.32,-8.24,-6.6,-19.55,-4.61,-13.33,-4.46,-10.0,-13.44,-9.0,-6.6,-5.43,-5.82,-2.76,-6.93,-1.55,-12.0,-5.15,-11.41,-0.39,0.43,-5.09,-10.0,-7.8,-6.6,-7.38,-6.55,-12.91,-3.0,-6.0,1.0,,-2.97,-8.2,-9.36,-13.7,,-7.7,-5.5,-1.3,-11.5,-6.4,-2.38,-2.0,-7.9,-10.46,-17.5,,-6.0,-2.5,-0.09,-8.27,4.8,51,0.4656426475,0.3380198378
2023,11,Old Dominion,Coastal Carolina,-1.0,-4,24,28,-5.56,-6.94,-6.77,-6.43,-6.09,-4.86,-4.71,-6.0,-9.41,-5.5,-7.94,-5.6,-5.6,-3.97,-4.81,-1.33,-7.0,-4.45,-3.94,0.76,-3.05,-3.22,-9.0,-1.0,-4.86,-6.21,-5.7,-9.73,1.0,-2.0,-3.0,,-12.86,-3.9,-2.89,-8.3,,-3.5,-2.0,-10.6,-1.3,14.3,-1.75,-9.0,-4.9,0.2,-3.2,,-1.0,5.5,-2.83,-10.04,3.44,52,0.4072710717,0.3835625371
2023,11,Oregon,California,24.5,44,63,19,20.83,24.05,20.39,32.02,19.17,27.23,23.25,28.0,29.12,26.0,19.67,21.31,23.23,16.55,23.98,23.91,20.0,26.45,22.25,23.82,21.89,21.77,23.0,24.0,23.9,22.75,19.87,23.0,28.0,23.0,22.0,,23.93,26.7,23.92,23.9,,25.5,24.5,31.4,21.2,19.86,14.21,30.0,26.2,21.58,25.0,,24.5,13.0,28.17,27.43,3.84,82,0.4873011583,0.9289695486
2023,11,Pittsburgh,Florida St.,-21.0,-17,7,24,-18.57,-27.78,-13.98,-28.04,-18.43,-25.63,-19.69,-29.0,-27.43,-26.0,-18.93,-27.97,-19.31,-12.58,-23.16,-19.8,-23.0,-27.05,-19.85,-26.0,-17.3,-24.43,-28.0,-23.9,-24.0,-19.83,-18.68,-21.12,-17.0,-21.5,-25.0,,-23.2,-24.4,-28.12,-24.0,,-22.8,-21.0,-26.6,-27.7,-28.42,-15.91,-35.0,-23.7,-21.25,-25.0,,-21.0,-5.5,-27.53,-28.89,5.74,31,0.4490882749,0.0850206973
2023,11,Rice,SMU,-12.5,-5,31,36,-13.62,-9.8,-16.64,-7.73,-6.9,-12.7,-15.53,-10.0,-17.94,-7.5,-13.39,-5.42,-17.67,-5.88,-12.72,-6.3,-14.0,-13.35,-14.54,-11.64,-6.68,-11.35,-8.0,-13.9,-13.4,-14.0,-12.75,-16.39,-18.0,-11.0,-14.0,,-10.08,-13.4,-17.0,-16.5,,-14.1,-12.5,-20.3,-16.8,-18.02,-1.0,-18.0,-13.8,-14.65,-11.9,,-12.5,-3.5,-13.06,-13.49,4.05,67,0.4946430602,0.2187571301
2023,11,Rutgers,Ohio St.,-18.5,-19,16,35,-19.39,-13.36,-25.92,-10.87,-15.68,-15.29,-21.67,-13.0,-14.81,-17.5,-17.52,-12.59,-26.1,-9.4,-19.14,-17.57,-10.0,-24.45,-19.02,-25.06,-16.99,-17.37,-14.0,-19.5,-19.5,-20.12,-19.86,-20.87,-24.0,-18.0,-20.0,,-22.4,-25.6,-21.05,-19.3,,-23.0,-18.5,-23.0,-17.7,-18.35,-20.08,-21.0,-23.9,-20.49,-24.0,,-18.5,-10.0,-22.6,-18.76,4.56,51,0.484544881,0.1232555676
2023,11,San Diego St.,Utah St.,-2.5,-8,24,32,0.84,-3.48,0.63,-5.49,-0.95,-10.54,1.43,-4.0,-9.99,-2.0,-1.85,0.03,-1.75,-0.63,-1.96,-2.76,-6.0,0.45,0.87,-2.22,3.04,-3.39,-4.0,-1.6,-1.85,-1.61,2.22,-4.13,-3.0,-1.5,2.0,,5.34,3.1,-4.94,-3.9,,2.0,-2.5,-10.2,-3.0,0.31,-0.41,-11.0,2.8,-3.83,3.1,,-2.5,2.0,-3.56,-7.56,3.9,56,0.5131768522,0.4522785877
2023,11,South Carolina,Jacksonville St.,15.5,10,38,28,15.16,-5.17,18.43,-7.04,9.1,6.06,17.15,-4.0,5.02,-5.5,14.51,-10.65,13.22,-2.59,8.73,3.8,-11.0,13.55,14.02,25.82,1.07,3.63,-4.0,12.6,11.39,12.0,13.76,12.46,15.0,14.5,13.0,,15.01,21.9,7.0,11.5,,20.5,15.0,7.3,12.2,-9.31,0.22,7.0,22.3,11.39,17.5,,15.5,1.5,6.77,7.7,9.07,66,0.3555981218,0.6834762906
2023,11,Southern Miss.,Louisiana-Monroe,3.0,17,24,7,3.22,-0.74,4.32,0.48,3.31,-0.99,3.1,2.0,0.9,1.5,3.4,-1.62,0.16,-9.97,2.0,0.19,-3.0,2.25,5.81,3.14,2.35,0.09,2.0,1.0,2.25,2.69,3.43,3.83,4.0,2.5,7.0,,10.97,3.8,-0.23,3.0,,3.1,3.0,1.5,1.8,-2.27,-9.28,-3.0,3.7,5.78,3.4,,2.5,0.01,1.3,-0.86,3.09,31,0.4753473679,0.5492112151
2023,11,Syracuse,Boston College,3.0,-7,10,17,3.68,0.82,6.63,6.74,3.72,10.68,3.9,4.0,5.96,-0.5,4.92,-1.96,5.49,-0.55,3.16,-1.82,1.0,2.45,7.33,-1.98,6.6,-1.53,1.0,2.6,3.72,6.99,2.22,9.84,7.0,3.0,3.0,,9.97,7.0,-1.81,6.8,,7.0,3.0,-8.6,-5.6,3.42,-0.8,-1.0,7.9,4.72,4.6,,2.5,5.0,2.72,2.33,4.18,27,0.5038885314,0.5763279781
2023,11,Temple,Navy,-6.5,14,32,18,-10.79,-10.33,-13.64,-14.66,-8.85,-20.74,-12.72,-8.0,-14.96,-7.0,-11.15,-7.83,-17.72,-7.89,-12.95,-12.14,-9.0,-19.75,-9.82,-20.16,-3.53,-15.12,-12.0,-13.4,-12.72,-9.59,-8.41,-8.34,-14.0,-7.0,-11.0,,-7.28,-18.7,-20.1,-11.1,,-16.1,-7.5,-17.5,-15.4,-20.53,-9.81,-21.0,-17.0,-12.01,-4.1,,-6.5,2.0,-19.58,-13.65,5.54,50,0.3506405529,0.2206034004
2023,11,Tennessee,Connecticut,35.0,56,59,3,31.68,25.95,37.82,31.05,28.6,28.36,33.47,25.0,26.41,26.0,30.84,25.7,41.57,18.28,31.07,23.24,20.0,34.25,33.0,34.32,24.46,26.34,29.0,34.1,31.9,34.55,32.86,32.97,36.0,34.5,33.0,,34.18,32.9,29.94,31.9,,33.6,34.5,35.1,39.1,30.44,7.11,31.0,33.7,37.05,31.5,,36.0,17.5,36.33,29.82,5.3,62,0.4071655668,0.9683179925
2023,11,Texas,Kansas St.,3.5,3,33,30,3.83,7.9,3.98,-3.01,2.97,5.13,2.9,9.0,1.93,11.5,2.39,11.1,2.04,5.94,4.23,6.36,3.0,1.35,8.4,1.63,9.88,1.94,9.0,2.4,3.83,2.94,6.91,6.27,3.0,4.5,7.0,,3.06,7.5,-0.2,4.9,,6.3,3.5,-4.1,2.9,6.72,2.48,-2.0,6.7,0.16,7.7,,4.0,6.0,2.32,0.1,3.58,63,0.5178907446,0.6025469086
2023,11,Texas St.,Georgia Southern,1.0,21,45,24,-6.69,-6.75,-2.65,-2.44,-0.16,-2.14,-8.38,-6.0,-4.01,-4.5,-4.11,-8.23,-2.45,-2.78,-3.55,-3.55,-6.0,-2.55,-1.27,-5.47,-2.37,-4.63,-7.0,-2.7,-3.55,-1.97,-7.17,-2.33,-4.0,-2.0,-8.0,,-3.78,-5.2,-4.65,-3.7,,-3.9,0.0,-1.9,0.3,-5.66,-2.65,-0.25,-4.5,-0.05,-2.3,,-2.5,3.5,-3.43,-1.26,2.42,69,0.388454286,0.4125169187
2023,11,Texas Tech,TCU,3.0,7,35,28,0.28,-1.6,-0.98,-0.31,0.67,4.84,0.38,-1.0,-0.15,-0.5,1.61,-2.37,-0.3,-1.69,0.64,0.02,-2.0,3.25,2.34,-1.42,0.83,-0.38,-1.0,0.3,0.02,-0.74,-1.27,-0.2,4.0,3.0,0.01,,9.51,5.0,-0.45,0.7,,4.0,2.5,-0.4,-4.2,-2.16,-0.05,3.0,4.3,1.43,2.0,,3.0,-1.5,1.11,0.15,2.44,63,0.4415881504,0.5158933216
2023,11,Toledo,Buffalo,15.0,18,31,13,12.46,22.39,10.82,20.43,13.8,15.13,10.83,23.0,20.67,19.0,13.72,23.32,10.24,15.28,15.63,13.54,14.0,13.15,15.85,8.69,17.91,11.53,21.0,8.1,15.65,14.61,15.65,15.68,15.0,15.5,16.0,,18.64,15.3,11.14,15.7,,13.9,15.0,19.7,18.3,20.83,3.24,16.0,14.2,16.2,22.5,,15.0,11.0,15.93,18.3,3.87,44,0.5153785472,0.8306159049
2023,11,Troy St.,South Alabama,3.5,18,28,10,5.86,11.05,6.59,3.0,9.64,5.19,6.03,9.0,4.62,10.0,4.4,14.52,1.41,12.12,6.65,14.06,3.0,7.85,1.58,9.86,11.71,6.19,11.0,4.5,6.03,4.69,7.46,4.11,7.0,6.0,10.0,,-2.79,4.5,3.11,3.0,,5.0,3.5,4.1,1.4,-8.48,3.92,6.0,4.8,9.77,3.6,,3.5,3.5,16.13,6.96,3.86,38,0.5764419916,0.6580037575
2023,11,Tulsa,Charlotte,4.5,-7,26,33,3.36,5.74,9.15,2.71,6.36,0.27,3.12,7.0,-0.13,8.5,1.04,8.91,-0.92,11.02,3.32,8.59,3.0,-0.55,4.13,-6.44,5.02,1.17,8.0,2.3,4.0,4.22,6.28,1.05,7.0,3.5,4.0,,6.81,7.1,-2.78,2.0,,6.5,4.5,-6.0,-3.6,-29.99,11.94,-8.0,6.2,1.95,7.0,,4.5,3.0,5.56,1.09,4.31,59,0.4714067994,0.57997435
2023,11,UAB,Florida Atlantic,1.0,3,45,42,-3.01,-1.83,3.19,-5.31,1.0,-3.23,-3.59,-1.0,-2.65,0.5,-2.45,-1.38,2.29,-3.24,-1.71,-1.96,-6.0,-2.65,1.43,-5.08,1.31,-2.0,3.0,-1.6,-2.33,-0.33,-3.13,-1.14,0.01,-2.5,-3.0,,-8.8,-5.2,-2.98,-3.2,,-3.5,0.5,1.3,2.8,-14.9,-0.29,-5.0,-4.3,-2.33,-0.5,,-1.0,6.5,-5.28,-4.44,3.07,87,0.4334454826,0.4578861488
2023,11,USC,Washington,-3.0,-10,42,52,-0.93,-5.36,-1.24,-0.61,-0.8,-7.51,-1.23,-9.0,-2.01,-7.5,0.1,-7.15,0.45,-4.04,-2.96,-6.26,-7.0,-4.65,1.7,-7.62,-3.84,-1.22,-4.0,-3.8,-2.13,-1.22,-1.85,1.49,-2.0,-3.0,-4.0,,-0.68,-4.9,-0.93,-0.6,,-3.0,-3.0,-1.4,0.1,7.76,-20.39,-5.0,-2.5,-6.1,-3.9,,-3.0,1.5,-9.57,-2.13,2.86,94,0.500989315,0.4271994412
2023,11,UTEP,Western Kentucky,-9.0,-8,13,21,-9.6,-10.21,-12.41,-8.04,-9.09,-12.86,-10.12,-10.0,-11.49,-9.5,-9.51,-9.51,-16.01,-8.59,-10.03,-10.11,-9.0,-8.55,-10.05,-11.8,-11.98,-10.57,-12.0,-12.5,-10.12,-9.11,-10.41,-8.95,-14.0,-11.0,-8.0,,-6.59,-10.8,-11.21,-12.0,,-8.5,-9.0,-10.4,-2.3,-19.42,-3.69,-11.0,-10.5,-11.66,-12.3,,-8.0,-3.5,-9.14,-9.97,2.43,34,0.474429955,0.266125856
2023,11,Utah,Arizona St.,11.0,52,55,3,13.74,19.19,19.61,20.15,13.14,14.4,12.93,13.0,14.48,16.5,12.88,21.72,18.79,15.24,16.14,12.94,9.0,13.75,17.19,9.77,22.58,13.18,21.0,12.9,16.5,19.03,17.47,17.89,18.0,11.5,11.0,,28.32,20.5,12.08,16.8,,19.0,12.0,11.8,11.1,3.96,4.09,11.0,20.1,18.56,23.0,,11.0,6.5,18.17,12.93,4.41,58,0.6224659997,0.8363559138
2023,11,Vanderbilt,Auburn,-12.5,-16,15,31,-15.01,-11.3,-17.55,-18.52,-10.96,-10.77,-15.31,-10.0,-14.69,-9.0,-15.51,-9.47,-15.53,-9.59,-13.56,-13.68,-9.0,-14.75,-12.19,-11.29,-6.8,-13.02,-10.0,-13.7,-14.69,-12.35,-16.05,-14.83,-9.0,-12.5,-16.0,,-9.16,-17.1,-16.38,-14.1,,-16.2,-12.5,-13.7,-15.6,-18.67,-3.38,-20.0,-15.4,-17.79,-16.0,,-12.5,-3.5,-15.67,-15.48,3.55,46,0.4740204445,0.2022396489
2023,11,Virginia,Georgia Tech,2.5,-28,17,45,1.33,-5.36,3.59,-2.39,1.23,-6.94,2.83,-5.0,-2.69,-3.5,-0.25,-6.81,-0.15,-1.1,0.39,4.91,-7.0,4.55,-0.23,7.19,-3.42,-0.03,-4.0,1.9,0.46,0.46,0.08,-1.67,4.0,2.5,3.0,,2.44,2.1,0.75,-2.1,,2.9,2.5,5.8,6.7,-8.5,-0.6,-5.0,2.0,0.46,-0.4,,2.5,3.5,3.47,-0.81,3.71,62,0.4485063321,0.5095434603
2023,11,Washington St.,Stanford,13.0,-3,7,10,13.43,14.85,12.74,18.57,11.83,18.38,13.86,18.0,17.14,15.0,14.79,13.62,13.58,10.56,13.39,5.32,10.0,12.05,17.18,5.06,13.45,11.14,12.0,12.3,13.43,13.27,12.77,13.78,17.0,13.0,10.0,,17.66,17.3,13.76,16.7,,15.1,13.0,11.3,12.1,6.91,0.3,11.0,14.7,12.23,17.5,,13.0,9.0,12.62,13.02,3.06,17,0.5096230498,0.7962351637
2023,11,West Va.,BYU,13.0,30,37,7,4.79,5.5,7.06,11.09,5.67,12.32,5.81,6.0,8.87,5.5,4.53,3.68,8.6,4.18,6.75,4.35,2.0,9.25,4.41,9.17,2.69,7.12,6.0,6.3,6.0,6.0,3.33,8.11,9.0,7.5,4.0,,3.99,3.2,8.7,6.0,,2.8,11.5,13.2,12.7,6.6,0.57,8.0,3.9,6.61,4.9,,11.0,4.5,9.74,7.26,2.95,44,0.3493437601,0.6620484505
2023,11,Wyoming,Colorado St.,6.0,9,24,15,8.77,11.04,9.62,11.79,9.22,13.28,8.31,11.0,6.42,12.0,8.47,13.53,8.45,10.3,9.38,6.05,5.0,8.85,11.76,6.78,10.12,8.43,13.0,9.6,9.22,9.2,10.86,10.61,11.0,7.0,9.0,,13.81,10.3,8.38,8.0,,9.0,7.0,3.3,10.4,6.87,1.75,4.0,10.6,6.82,8.3,,6.5,0.5,10.84,9.15,2.71,39,0.5831195648,0.71986809
2023,12,Arkansas,Auburn,2.5,-38,10,48,2.21,-3.18,0.82,-0.22,2.03,4.42,3.44,-2.0,2.34,-1.0,2.78,-6.14,1.49,-1.48,0.61,0.59,-3.0,3.55,0.86,-0.56,0.85,-1.8,-4.0,-0.6,0.86,0.73,-0.24,1.58,6.0,3.0,1.0,,-0.01,0.9,-0.87,0.9,,1.3,2.0,3.4,2.7,-16.9,-1.7,1.0,0.7,1.0,1.0,,2.5,1.0,0.52,1.88,2.23,58,0.4530718116,0.5151775719
2023,12,BYU,Iowa St.,-8.5,-32,13,45,-4.38,-1.8,-7.45,-9.23,-3.12,-3.0,-6.86,-2.0,-3.73,-0.5,-3.31,-0.77,-2.68,-0.88,-3.42,-1.79,-5.0,-5.85,-2.7,-5.12,3.59,-4.02,-3.0,-5.5,-3.12,-2.57,-1.47,-4.34,-4.0,-7.0,-3.0,,2.75,1.4,-5.51,-2.7,,0.7,-7.0,-8.7,-10.4,4.62,-0.48,-5.0,0.8,-2.4,-4.2,,-8.0,-2.5,-5.16,-4.64,3.1,58,0.6232708402,0.4162683468
2023,12,Boise St.,New Mexico,26.5,28,42,14,23.61,14.04,24.88,11.81,18.12,17.14,25.89,16.0,18.97,15.5,22.3,11.39,27.96,14.19,21.7,18.13,9.0,28.85,23.81,25.75,16.2,19.13,16.0,23.2,22.3,19.89,23.23,20.99,29.0,26.0,26.0,,33.33,27.9,23.32,21.2,,25.6,26.0,25.2,27.8,31.36,1.84,21.0,25.5,17.98,25.0,,26.0,15.0,28.15,21.68,5.4,56,0.3873338892,0.9022018171
2023,12,Boston College,Virginia Tech,-1.0,-26,22,48,0.28,5.0,0.7,6.31,2.04,-0.73,-0.46,4.0,-1.11,8.0,-1.42,8.29,0.06,5.77,1.79,5.48,2.0,-0.75,1.31,-3.68,2.2,2.43,5.0,1.0,1.31,0.82,3.14,-0.34,2.0,2.5,1.0,,2.1,1.0,1.12,-0.9,,0.3,-0.5,1.3,2.3,4.66,1.68,-1.0,1.6,0.26,3.0,,-1.0,2.5,1.76,0.03,2.44,70,0.5689535723,0.5443697591
2023,12,Buffalo,Ohio,-7.0,-10,10,20,-4.08,-8.4,-2.37,-11.51,-2.94,-3.51,-3.67,-7.0,-6.45,-6.0,-3.7,-9.45,-1.42,-6.27,-5.09,-1.7,-8.0,-4.55,-6.94,0.7,-6.07,-4.9,-7.0,-4.5,-5.19,-5.27,-6.04,-5.19,-2.0,-7.0,-4.0,,-6.17,-5.0,-6.2,-5.7,,-4.7,-7.0,-6.6,-10.4,9.47,-0.83,-6.0,-4.8,-5.73,-7.5,,-7.0,-2.0,-2.74,-6.27,2.43,30,0.5473342953,0.3756456626
2023,12,California,Washington St.,1.0,3,42,39,0.32,-0.1,0.04,-1.15,2.58,2.26,-0.44,0.25,-0.52,0.5,0.13,0.12,0.41,2.87,2.13,3.85,-1.0,2.85,1.65,9.51,-6.06,1.19,2.0,2.6,2.0,0.63,1.69,4.93,2.0,0.0,5.0,,7.77,3.0,1.92,1.6,,2.9,1.0,1.6,5.8,-6.53,-0.92,-2.0,3.6,4.82,3.0,,1.0,3.5,5.61,3.03,2.86,81,0.5279246051,0.5525270067
2023,12,Central Florida,Oklahoma St.,-2.5,42,45,3,-5.1,-10.15,-5.67,0.49,-5.12,-1.93,-6.6,-9.0,-4.38,-9.5,-2.9,-13.25,-2.97,-6.77,-5.87,-9.62,-7.0,-8.05,-0.5,-11.62,-5.05,-8.23,-10.0,-7.6,-5.45,-3.99,-5.45,0.62,-4.0,-1.5,-11.0,,3.17,-6.0,-7.67,-1.5,,-5.3,-3.0,-8.6,-3.7,-6.74,-2.96,-11.0,-4.3,-4.45,1.8,,-2.5,8.5,-17.07,-5.25,4.69,48,0.4193310497,0.3614268518
2023,12,Charlotte,Memphis,2.0,-6,38,44,-12.83,-16.04,-16.33,-15.33,-12.83,-11.49,-12.31,-16.0,-12.78,-16.0,-12.52,-17.79,-17.01,-10.86,-14.75,-12.31,-18.0,-14.05,-13.75,-16.7,-12.31,-13.33,-17.0,-15.5,-14.39,-14.39,-16.08,-12.66,-16.0,-12.0,-15.0,,-15.12,-21.3,-13.54,-14.8,,-20.1,0.5,-12.5,-8.3,-33.85,-5.36,-14.0,-21.2,-17.29,-24.0,,-9.0,-4.0,-13.45,-14.09,3.35,82,0.1509484241,0.1816471806
2023,12,Clemson,Georgia Tech,14.5,21,42,21,13.37,5.09,18.45,15.92,7.57,6.9,15.26,8.0,9.51,5.5,11.57,2.71,11.46,5.36,11.05,5.41,3.0,14.25,13.22,10.42,9.09,6.26,6.0,9.4,10.8,11.94,12.92,12.71,16.0,15.0,11.0,,21.14,15.9,8.29,14.0,,15.3,14.0,10.8,10.7,6.34,0.52,3.0,15.6,11.18,23.0,,14.5,9.5,9.88,9.64,4.67,63,0.4174191182,0.7478712079
2023,12,Coastal Carolina,Texas St.,-2.5,8,31,23,10.98,6.73,8.87,6.42,5.35,1.24,12.11,9.0,7.79,8.0,11.15,6.16,7.52,4.03,6.91,5.78,2.0,4.55,5.53,8.79,3.12,5.82,8.0,3.7,7.08,6.59,9.72,9.85,8.0,2.0,7.0,,11.71,9.3,6.19,7.8,,7.8,-1.0,7.4,7.0,5.73,1.01,7.0,9.0,1.88,-1.8,,-2.5,2.5,7.38,7.08,2.87,54,0.7201495219,0.6657914348
2023,12,Colorado,Arizona,-10.5,-3,31,34,-6.7,-6.01,-6.49,-13.24,-4.16,-10.74,-8.72,-7.0,-7.9,-7.5,-5.34,-4.99,-7.58,-4.73,-8.5,-8.79,-12.0,-15.05,-4.57,-19.29,-6.03,-6.55,-7.0,-6.7,-7.47,-8.41,-5.44,-7.8,-12.0,-9.5,-13.0,,-13.11,-10.6,-7.43,-6.9,,-9.1,-10.0,-14.0,-7.2,-9.0,-1.45,-8.0,-8.8,-8.42,-3.9,,-10.0,-5.0,-21.3,-7.47,3.74,65,0.5488030733,0.3011098928
2023,12,Colorado St.,San Diego St.,3.5,3,22,19,2.26,5.29,-1.46,3.17,4.76,6.54,2.24,5.0,8.11,5.0,3.8,3.76,1.05,4.66,4.39,8.04,3.0,4.95,4.19,8.49,5.21,4.74,6.0,3.5,4.66,1.03,0.77,3.18,4.0,4.0,6.0,,-1.38,5.3,5.92,3.6,,5.0,3.5,7.7,2.1,3.1,0.69,4.0,4.7,5.81,3.3,,3.5,4.5,12.03,5.73,2.57,41,0.5220678029,0.6075691777
2023,12,Florida Atlantic,East Carolina,7.5,-15,7,22,5.33,11.27,4.08,8.12,3.98,4.85,5.13,10.0,4.05,10.5,3.53,15.16,5.71,12.39,7.2,11.04,8.0,5.95,6.27,15.21,6.71,7.71,8.0,8.0,6.9,4.49,7.81,5.58,7.0,9.5,7.0,,6.99,8.5,6.57,6.2,,7.8,7.5,5.8,8.6,-12.44,12.76,3.0,6.9,3.06,10.4,,7.5,5.5,7.47,4.15,2.81,29,0.4925762867,0.6724287156
2023,12,Florida St.,Miami (Fla.),14.5,7,27,20,15.75,18.71,18.32,16.23,16.57,13.99,17.07,21.0,18.64,21.0,15.08,18.75,19.17,14.14,18.46,17.6,10.0,22.45,14.5,22.48,17.75,15.71,17.0,17.0,18.0,18.43,15.54,15.47,22.0,15.0,20.0,,22.06,22.5,17.76,17.2,,22.2,15.5,21.4,16.3,29.15,12.91,17.0,23.1,19.71,22.0,,14.5,11.5,27.93,19.52,3.3,47,0.5964727155,0.8725431247
2023,12,Georgia,Mississippi,10.5,35,52,17,8.27,3.53,13.34,10.65,2.72,5.5,9.7,9.0,1.59,7.0,6.05,4.58,10.91,7.28,8.15,8.36,4.0,10.75,7.75,14.8,8.94,3.31,3.0,8.6,8.36,7.93,8.71,7.4,13.0,10.5,11.0,,7.13,12.0,4.58,6.4,,12.3,10.0,9.1,7.0,1.54,8.82,1.0,11.9,10.62,8.4,,10.5,8.5,17.16,2.63,3.62,69,0.4426157535,0.6916685798
2023,12,Georgia St.,Appalachian St.,2.5,-28,14,42,-1.79,8.16,-3.02,2.68,0.79,-1.41,-2.99,8.0,1.01,8.0,-1.89,12.01,-4.74,4.17,1.92,4.23,1.0,0.85,1.24,7.5,7.92,4.74,11.0,1.2,0.85,-0.11,0.11,0.65,-2.0,2.0,0.01,,-1.07,1.4,3.19,0.2,,0.3,2.5,-2.1,1.1,1.85,2.31,-2.0,-0.1,0.15,1.8,,2.5,1.5,5.12,-0.13,3.97,56,0.4858627547,0.5467017746
2023,12,Hawaii,Air Force,-19.5,14,27,13,-18.77,-20.23,-19.7,-24.67,-15.15,-25.34,-21.16,-19.0,-21.57,-18.5,-17.64,-19.51,-21.95,-10.87,-19.54,-11.87,-20.0,-20.75,-20.36,-32.87,-18.26,-18.38,-21.0,-20.6,-19.9,-18.29,-18.04,-12.39,-22.0,-19.0,-19.0,,-20.92,-23.0,-20.98,-21.3,,-19.9,-19.5,-15.8,-21.1,-23.1,-2.78,-22.0,-19.9,-18.83,-23.5,,-19.0,-8.0,-22.9,-17.53,4.01,40,0.4990253564,0.1163484511
2023,12,Houston,Cincinnati,2.5,-10,14,24,4.15,10.53,-0.33,-1.34,5.98,2.15,3.5,9.0,5.66,10.5,4.05,13.16,4.42,8.58,5.89,7.31,-1.0,6.95,3.89,7.62,8.07,7.61,9.0,4.1,5.66,2.96,5.57,2.36,6.0,3.0,7.0,,9.77,5.8,7.18,3.7,,5.2,3.5,4.8,7.6,13.59,1.56,4.0,5.8,4.83,-0.2,,2.5,4.5,11.93,4.09,3.33,38,0.5827738974,0.6417427379
2023,12,Illinois,Indiana,6.5,3,48,45,7.71,5.53,5.47,8.36,3.82,-3.24,8.75,5.0,2.5,5.0,6.65,7.17,8.44,5.1,6.3,5.86,2.0,3.55,8.84,7.64,7.68,3.02,6.0,6.8,6.65,7.86,7.47,5.08,9.0,6.0,7.0,,13.7,13.0,2.85,5.7,,10.1,6.5,3.6,8.8,2.23,0.56,-1.0,11.2,2.5,6.9,,6.5,10.0,11.39,3.1,3.32,93,0.4950802863,0.6511638358
2023,12,Iowa,Rutgers,1.0,22,22,0,6.9,4.07,12.1,-0.63,3.26,1.19,6.34,4.0,-0.67,5.0,6.2,6.62,8.21,4.41,4.86,4.27,-1.0,6.75,2.2,9.16,6.27,1.92,5.0,2.7,5.0,7.48,9.37,4.41,11.0,2.0,6.0,,10.58,7.5,0.98,3.3,,7.5,1.5,-1.6,2.3,0.3,0.62,-2.0,7.6,3.13,2.1,,1.0,6.0,5.58,1.16,3.53,22,0.5938049532,0.6174658136
2023,12,James Madison,Connecticut,25.0,38,44,6,22.81,34.83,27.27,31.23,20.64,24.34,23.01,31.0,27.56,32.0,21.34,38.74,29.22,18.72,26.17,22.82,26.0,27.65,25.51,19.41,29.28,27.32,35.0,26.3,26.26,25.5,26.72,22.75,28.0,26.5,23.0,,17.66,17.0,28.62,23.6,,17.6,25.0,35.7,28.6,26.78,17.75,28.0,16.5,25.12,25.0,,25.0,20.5,29.32,25.04,5.36,50,0.5278343442,0.9408392995
2023,12,Kansas,Texas Tech,3.5,-3,13,16,3.57,12.8,-0.61,9.01,3.52,7.58,4.44,13.0,4.04,14.0,-0.05,17.52,3.02,9.58,6.25,10.48,10.0,5.85,3.43,13.81,13.31,6.74,14.0,5.1,4.5,4.02,5.54,1.75,3.0,4.0,8.0,,0.08,3.7,4.85,2.1,,4.4,3.5,4.5,8.0,16.01,2.96,4.0,4.0,-0.05,3.4,,3.5,5.0,11.82,3.53,4.61,29,0.5660599333,0.647311515
2023,12,Kansas St.,Baylor,21.5,34,59,25,22.02,24.32,19.37,41.49,28.32,25.86,22.63,22.0,33.1,23.5,24.37,19.59,26.4,17.54,25.9,24.62,19.0,30.55,24.32,30.18,12.94,28.59,27.0,26.6,25.0,22.23,21.11,26.83,25.0,20.5,20.0,,26.91,21.7,34.02,25.6,,22.2,22.0,35.3,31.7,34.17,3.69,35.0,22.2,30.55,25.0,,20.5,8.5,29.51,33.66,6.52,84,0.6011858978,0.9343977091
2023,12,Kent,Bowling Green,-10.5,-30,19,49,-11.13,-19.33,-3.27,-12.91,-14.47,-12.08,-9.62,-15.0,-16.84,-15.5,-13.73,-20.68,-8.93,-12.06,-13.54,-15.47,-14.0,-12.95,-12.52,-15.25,-6.32,-17.36,-20.0,-17.8,-14.3,-10.07,-13.22,-11.53,-4.0,-7.5,-15.0,,-15.92,-10.5,-19.22,-14.3,,-8.4,-11.0,-17.1,-17.4,-28.14,-23.48,-22.0,-8.4,-16.5,-11.1,,-10.5,1.0,-15.32,-18.74,5.21,68,0.4278121802,0.2088602927
2023,12,Kentucky,Alabama,-11.0,-28,21,49,-14.46,-13.46,-17.46,-15.46,-11.06,-12.39,-15.33,-13.0,-15.89,-15.0,-14.25,-12.16,-10.86,-6.99,-12.98,-8.71,-8.0,-16.45,-9.71,-14.35,-8.93,-11.12,-14.0,-10.3,-13.0,-13.71,-15.16,-16.07,-13.0,-11.0,-11.0,,-9.2,-12.2,-12.64,-14.6,,-11.4,-11.0,-14.6,-12.8,-10.44,-2.91,-16.0,-10.9,-18.6,-13.0,,-11.0,-3.5,-16.75,-15.36,3.08,70,0.4512753791,0.2110854677
2023,12,LSU,Florida,15.0,17,52,35,15.17,15.71,11.79,14.27,17.16,15.98,16.1,18.0,22.38,16.5,16.33,12.11,15.78,11.29,17.33,15.42,12.0,22.85,16.5,20.14,11.67,16.46,18.0,17.4,17.35,15.01,13.86,17.35,20.0,14.0,14.0,,21.03,19.2,19.96,18.9,,18.6,15.0,26.7,19.0,42.86,3.39,22.0,18.3,20.47,22.5,,14.0,7.5,19.04,21.14,3.76,87,0.5567830688,0.8559383828
2023,12,Liberty,Old Dominion,13.0,28,38,10,11.81,21.81,13.44,17.6,15.68,11.92,9.83,22.0,16.56,23.0,13.48,24.62,8.0,16.06,15.13,14.07,14.0,12.35,15.59,3.48,17.54,12.42,23.0,13.6,14.07,13.83,15.16,14.81,11.0,13.0,11.0,,13.69,14.9,12.95,15.7,,14.0,13.0,16.5,13.3,4.09,12.06,13.0,14.0,16.47,24.0,,13.5,12.0,16.17,16.47,4.16,48,0.5516329205,0.8217151906
2023,12,Louisiana Tech,Sam Houston St.,7.5,-15,27,42,9.56,9.98,6.49,5.36,6.56,6.5,9.95,10.0,8.14,10.0,8.59,10.96,6.66,18.3,8.33,10.59,4.0,8.75,6.69,20.0,5.14,5.79,8.0,5.8,7.9,5.69,10.71,6.98,9.0,7.5,9.0,,2.38,5.1,5.95,8.4,,6.6,7.5,11.7,6.8,0.72,11.44,8.0,7.9,6.49,5.4,,7.5,6.0,14.7,7.39,3.28,69,0.5204189851,0.6963399266
2023,12,Louisiana-Lafayette,Southern Miss.,10.0,-3,31,34,11.95,15.14,14.96,14.27,9.27,16.72,12.51,17.0,14.94,17.0,11.27,15.24,15.0,12.07,14.0,11.73,12.0,14.45,13.24,29.73,9.57,14.89,15.0,15.7,13.9,12.26,12.75,13.14,17.0,12.5,11.0,,5.51,13.4,16.99,13.4,,13.6,11.0,13.9,14.9,23.91,2.63,13.0,12.5,9.2,14.5,,10.0,10.5,15.21,13.23,3.48,65,0.5972042765,0.8054939969
2023,12,Louisiana-Monroe,Troy St.,-21.5,-31,14,45,-22.65,-24.71,-20.8,-25.09,-19.79,-22.99,-24.09,-19.0,-26.14,-20.0,-22.22,-23.95,-25.37,-12.29,-24.18,-21.57,-21.0,-30.95,-23.67,-26.91,-16.13,-25.39,-27.0,-23.5,-24.09,-20.69,-23.51,-22.57,-22.0,-21.0,-29.0,,-24.43,-26.4,-28.79,-23.6,,-24.2,-22.0,-35.4,-32.7,-29.8,-4.98,-30.0,-24.8,-25.92,-25.0,,-21.5,-5.5,-33.06,-23.9,5.31,59,0.4363968776,0.0742876362
2023,12,Louisville,Virginia,20.5,7,31,24,20.11,25.27,19.4,35.04,23.68,23.56,20.38,26.0,25.91,24.5,20.67,24.92,23.95,16.69,22.75,16.93,18.0,26.85,19.67,15.56,23.12,20.64,26.0,20.1,23.26,20.17,21.17,21.76,24.0,19.5,21.0,,20.71,26.2,22.92,22.8,,24.2,20.5,26.6,22.2,30.6,3.18,26.0,24.8,23.26,24.5,,20.5,8.5,24.46,26.17,4.13,55,0.5545484403,0.9172570781
2023,12,Marshall,Georgia Southern,-2.5,5,38,33,0.11,-5.39,1.94,-4.05,0.47,-7.76,-1.82,-5.0,-4.23,-4.5,2.33,-6.0,3.24,-3.05,-1.6,-3.36,-10.0,-5.05,1.94,-10.54,-1.25,-2.05,-6.0,2.1,-0.96,0.76,1.3,0.63,0.01,-1.5,-2.0,,0.41,0.5,-0.96,-2.5,,-0.2,-2.5,-3.8,0.7,13.15,-1.26,-4.0,0.7,0.95,1.4,,-2.5,3.0,-4.28,-0.65,3.34,71,0.5221232943,0.4607132344
2023,12,Miami (Ohio),Akron,17.0,19,19,0,21.63,28.89,22.75,20.87,21.07,25.25,21.93,24.0,30.63,23.0,21.26,27.94,22.88,18.21,24.24,26.33,19.0,25.75,21.2,32.11,20.33,24.22,30.0,22.1,23.93,20.53,23.93,23.89,27.0,16.5,27.0,,23.99,22.5,26.42,23.2,,20.8,18.5,29.8,21.6,35.6,14.66,25.0,20.5,18.84,24.5,,17.0,6.0,30.66,29.32,4.91,19,0.6684723337,0.927682789
2023,12,Middle Tenn.,Florida Intl.,10.5,34,40,6,11.61,4.36,14.52,3.76,10.26,12.03,13.61,5.0,11.56,5.5,12.23,0.49,16.92,6.29,10.41,9.52,-1.0,12.15,9.35,15.28,8.24,7.81,8.0,9.6,10.7,10.11,8.4,10.69,19.0,11.0,11.0,,15.49,11.8,9.73,10.7,,10.9,10.5,17.6,10.0,3.15,0.68,13.0,11.3,11.63,9.5,,10.5,6.0,16.32,11.68,4.28,46,0.497816188,0.7366864157
2023,12,Missouri,Tennessee,-2.5,29,36,7,-6.06,2.76,-6.82,-4.42,-0.73,-2.88,-7.77,0.25,-1.97,3.0,-6.32,5.3,-7.81,3.3,-2.35,3.57,-3.0,-6.15,-1.31,3.25,3.58,-1.53,2.0,-2.7,-3.0,-5.52,-3.82,-3.88,-5.0,-2.0,1.0,,-6.99,-4.2,-4.07,-4.5,,-5.6,-2.5,0.5,-6.1,3.87,1.33,-3.0,-4.4,-4.69,1.1,,-2.5,-4.0,-1.57,-2.18,3.6,43,0.5036760494,0.4426071632
2023,12,Navy,UAB,-2.5,25,31,6,0.46,-0.08,-0.95,7.53,2.39,2.15,-0.09,-0.25,0.56,-1.0,0.97,-0.44,-1.51,1.51,0.22,-0.23,-1.0,-3.35,1.91,6.25,-1.25,-0.3,-2.0,-0.2,-0.09,-1.87,0.72,-2.63,1.0,-5.5,-5.0,,3.54,6.6,0.66,1.0,,4.0,-2.0,-5.2,-6.4,-8.14,-1.84,1.0,6.7,-2.04,-1.6,,-2.5,-5.5,1.35,-0.54,3.01,37,0.5668423263,0.5054317435
2023,12,Nebraska,Maryland,-2.5,-3,10,13,0.28,1.47,-0.96,-2.71,-0.51,-3.42,1.41,1.0,-1.17,1.0,-1.71,2.9,-2.96,1.7,-0.13,4.59,-3.0,0.05,-1.8,5.32,0.88,-1.64,2.0,-4.0,-0.51,-2.51,-0.22,-2.5,3.0,-2.0,3.0,,-2.46,-1.5,-3.04,-2.3,,-0.4,-2.5,2.2,-1.5,-6.16,0.27,-1.0,-1.6,-3.41,-3.2,,-2.5,1.5,4.65,-1.59,2.43,23,0.5586616567,0.4967706233
2023,12,North Carolina,Duke,14.0,2,47,45,6.61,1.57,6.64,7.69,2.01,3.01,9.75,1.0,2.13,2.5,3.18,1.26,3.05,3.86,3.47,2.94,4.0,7.15,3.87,-0.83,0.01,-0.63,2.0,0.7,3.05,2.99,4.04,4.65,7.0,11.0,4.0,,7.57,5.0,-1.2,3.0,,4.6,12.5,6.8,4.9,-0.92,-0.84,1.0,5.6,-2.08,12.3,,14.5,4.0,0.31,1.02,3.05,92,0.2573936786,0.5849835475
2023,12,Northern Ill.,Ball St.,8.5,-3,17,20,9.34,8.72,7.64,11.45,11.98,8.47,8.89,10.0,10.84,10.0,10.56,7.58,9.73,12.94,11.15,10.52,9.0,8.65,13.75,22.38,6.68,14.41,10.0,14.2,10.0,8.4,9.82,9.87,11.0,8.5,8.0,,7.57,12.9,17.1,10.0,,11.8,8.5,11.4,19.0,13.14,1.4,9.0,11.7,13.21,15.5,,8.5,6.0,4.16,13.58,3.7,37,0.5645755866,0.7530328337
2023,12,Ohio St.,Michigan St.,31.0,35,38,3,28.75,32.14,31.52,33.47,28.3,30.12,30.41,27.0,35.72,29.5,27.53,30.2,35.97,18.58,32.18,29.18,22.0,36.45,31.34,38.95,29.37,33.34,30.0,31.7,31.52,29.73,30.27,33.56,37.0,30.5,29.0,,30.62,35.6,39.05,33.4,,33.6,31.0,39.5,34.2,48.94,22.1,36.0,33.7,34.95,31.5,,31.0,17.5,31.46,35.2,5.04,41,0.5282424313,0.9733345671
2023,12,Oklahoma,West Va.,11.0,39,59,20,12.33,12.71,13.86,19.02,11.76,11.05,12.33,15.0,15.64,14.0,13.72,11.14,12.54,9.15,12.75,8.93,12.0,8.45,14.8,13.19,7.47,11.22,17.0,13.8,12.33,11.65,12.24,18.53,11.0,12.5,8.0,,7.62,10.6,15.68,16.3,,11.7,11.0,12.6,18.0,18.49,2.32,13.0,10.5,12.25,18.5,,12.5,9.0,6.57,13.56,3.29,79,0.5429812599,0.7842048825
2023,12,Oregon,USC,15.5,9,36,27,13.46,13.03,11.67,28.48,14.6,20.73,16.66,21.0,19.66,17.0,11.7,9.46,14.47,12.2,16.19,19.03,12.0,24.95,11.17,19.71,8.89,13.53,12.0,16.7,15.66,13.24,10.21,14.3,21.0,14.0,15.0,,12.78,19.1,16.64,13.9,,17.4,15.5,26.3,13.9,29.15,11.01,20.0,17.5,19.17,13.2,,15.0,7.0,21.82,19.9,4.7,63,0.5166226682,0.8359490814
2023,12,Oregon St.,Stanford,21.0,45,62,17,19.99,20.79,20.55,35.46,19.59,22.81,20.67,22.0,24.52,21.0,20.25,18.78,22.78,15.89,22.02,15.01,19.0,25.05,23.03,26.88,21.08,17.47,20.0,18.8,21.26,22.01,20.62,24.93,27.0,21.0,20.0,,31.76,24.4,21.12,24.3,,22.7,21.0,23.0,25.4,21.36,1.11,21.0,22.0,25.42,26.0,,21.0,14.0,21.26,23.34,3.92,79,0.5248706024,0.9109636242
2023,12,Penn St.,Michigan,-4.5,-9,15,24,-1.6,-1.24,-0.59,-2.83,1.02,2.11,-2.55,-5.0,-1.98,-3.0,-0.36,-0.85,-3.34,-0.63,-1.79,-5.05,-4.0,-2.05,-0.01,-7.87,2.03,0.27,1.0,-8.0,-1.6,0.29,-1.72,0.31,-1.0,-4.5,-1.0,,-4.62,-5.1,-0.15,-2.5,,-4.9,-3.5,-2.1,-2.9,-13.57,-0.21,-5.0,-4.8,3.62,-3.0,,-4.5,1.0,1.68,-0.71,2.57,39,0.5669100626,0.455687046
2023,12,Purdue,Minnesota,1.0,19,49,30,-2.12,-4.09,-2.21,-6.48,0.07,-0.12,-2.05,-3.0,1.0,-4.0,-0.85,-6.83,-2.92,-5.48,-1.49,-1.51,-6.0,1.75,0.69,-2.63,-0.72,-0.32,-4.0,-0.4,-0.92,-2.48,-4.09,-0.56,1.0,1.0,-1.0,,-4.14,-0.8,1.17,-1.2,,-0.9,0.5,1.2,0.1,-9.7,-1.02,-3.0,0.2,-1.65,0.4,,1.0,2.0,-0.92,0.87,2.2,79,0.4382636261,0.4629620221
2023,12,SMU,North Texas,19.5,24,45,21,19.2,22.6,18.46,24.02,18.99,27.5,19.32,28.0,31.25,21.5,20.5,17.93,22.32,14.81,21.78,14.1,19.0,25.65,23.17,23.25,20.45,21.32,21.0,20.2,21.5,22.21,19.84,27.18,25.0,15.5,19.0,,18.89,16.0,26.83,24.5,,17.4,19.5,28.8,26.9,33.38,3.15,26.0,17.6,22.26,23.5,,17.0,5.5,16.87,27.37,4.81,66,0.5546629417,0.905412104
2023,12,San Jose St.,Fresno St.,1.0,24,42,18,-1.15,-6.62,-4.78,-7.26,-0.86,-4.6,1.03,-6.0,3.65,-7.5,-0.92,-12.15,-6.06,-4.49,-3.19,-1.25,-9.0,-0.35,-4.55,-2.26,-7.74,-5.86,-4.0,-7.9,-3.39,-4.24,-5.78,-0.23,-2.0,-1.5,0.01,,5.44,-3.6,-5.64,-0.6,,-3.1,0.0,5.2,-3.3,-20.68,-2.03,-1.0,-4.6,-7.21,-3.3,,1.0,0.5,-2.54,-0.57,3.6,60,0.3984316857,0.422315039
2023,12,South Alabama,Arkansas St.,13.0,7,21,14,13.57,6.49,13.52,20.99,10.09,16.91,13.18,9.0,18.29,8.0,17.85,0.13,23.13,5.4,15.44,3.4,7.0,15.45,21.62,20.57,5.15,14.9,11.0,18.1,15.45,15.11,11.48,16.06,19.0,11.0,11.0,,28.31,19.7,23.3,18.8,,17.4,13.0,20.7,34.9,13.22,-0.46,14.0,18.4,15.03,22.0,,11.0,12.0,8.57,21.18,6.74,35,0.5562584029,0.8146939731
2023,12,South Carolina,Vanderbilt,14.0,41,47,6,16.0,11.16,15.39,12.88,11.42,13.84,16.03,13.0,11.5,11.0,16.23,10.98,12.12,12.08,13.64,12.63,4.0,17.15,14.29,13.9,12.68,11.04,11.0,11.0,13.0,12.58,17.35,15.06,16.0,14.5,17.0,,12.63,14.3,12.53,12.3,,15.4,14.0,14.0,15.1,7.89,1.88,9.0,14.0,13.8,17.5,,14.0,10.5,18.07,12.62,2.61,53,0.4910734705,0.8017401495
2023,12,South Florida,Temple,7.0,4,27,23,10.95,10.03,9.66,14.75,14.8,16.76,11.98,14.0,12.97,12.5,13.0,8.44,16.13,10.76,12.46,10.61,4.0,16.85,12.05,19.07,5.88,13.39,11.0,13.1,13.0,10.06,8.04,12.69,13.0,7.5,10.0,,5.25,15.3,16.73,10.0,,14.0,8.0,13.5,16.1,26.34,1.86,17.0,13.9,15.42,8.1,,7.0,4.0,15.71,13.41,3.58,50,0.6313839001,0.7780653984
2023,12,Syracuse,Pittsburgh,-3.0,15,28,13,0.27,7.1,-0.33,8.66,5.77,6.61,-0.94,5.0,4.05,3.0,1.62,8.74,0.42,8.07,1.85,2.03,6.0,1.55,0.01,0.94,3.01,2.89,7.0,1.4,1.55,1.2,0.94,2.01,0.01,-2.0,3.0,,0.44,1.4,1.55,2.8,,0.9,-1.5,-7.1,-0.8,14.51,1.74,-4.0,2.4,-0.8,-0.7,,-3.0,0.01,-4.19,1.66,3.27,41,0.617618639,0.5454366713
2023,12,TCU,Texas,-11.5,-3,26,29,-10.35,-17.06,-7.37,-15.16,-8.84,-17.06,-11.65,-17.0,-12.12,-20.0,-8.16,-19.71,-9.15,-8.94,-12.39,-10.64,-15.0,-15.85,-8.73,-16.26,-11.3,-11.85,-19.0,-13.5,-12.0,-9.58,-11.65,-10.93,-8.0,-10.0,-15.0,,-12.46,-13.8,-11.55,-12.2,,-13.1,-11.5,-8.2,-10.9,-9.58,-4.21,-12.0,-12.9,-10.51,-14.5,,-10.5,0.01,-16.71,-12.01,3.87,55,0.4782792202,0.2241250815
2023,12,Texas A&M,Mississippi St.,17.5,41,51,10,15.44,11.91,11.45,23.27,15.8,19.11,17.4,12.0,18.12,11.0,15.89,8.57,13.52,12.32,15.33,14.87,10.0,19.95,15.77,15.4,5.25,15.0,14.0,16.5,15.44,9.47,13.17,16.48,13.0,18.0,15.0,,15.08,15.6,18.7,15.9,,14.6,17.5,21.4,23.0,23.98,0.79,18.0,13.0,16.78,19.5,,19.0,7.5,17.08,18.3,4.08,61,0.4473363656,0.8251828626
2023,12,Texas-San Antonio,Rice,13.5,20,34,14,9.68,8.26,12.02,7.2,3.86,0.03,9.62,9.0,3.66,10.5,7.44,10.72,9.88,9.47,9.0,10.19,3.0,5.15,9.81,9.71,12.26,6.67,9.0,8.5,9.47,8.98,12.8,7.12,14.0,12.0,8.0,,15.4,10.3,5.85,7.7,,11.3,12.5,9.1,10.7,12.52,2.17,3.0,10.2,8.5,15.0,,15.0,9.0,13.59,3.68,3.26,48,0.3906319417,0.710670549
2023,12,Toledo,Eastern Mich.,20.0,26,49,23,16.11,23.63,16.51,22.35,19.75,20.45,14.97,21.0,25.41,18.5,17.67,22.67,15.89,16.5,19.76,18.64,15.0,18.75,21.59,16.74,19.7,19.28,24.0,17.9,19.5,17.37,18.42,17.81,18.0,17.5,18.0,,18.41,21.0,20.49,19.5,,19.6,20.0,27.1,21.3,20.1,3.64,21.0,20.2,18.84,24.0,,20.0,10.5,19.78,24.42,3.29,72,0.4940945027,0.8885428852
2023,12,Tulane,Tulsa,23.5,2,24,22,21.48,24.9,19.77,21.41,20.68,20.26,20.8,22.0,22.45,23.0,23.18,26.23,20.84,16.89,24.0,19.6,16.0,27.25,23.43,33.28,23.44,21.63,22.0,24.1,23.44,21.37,23.81,22.26,25.0,23.0,24.0,,30.11,29.4,24.47,22.1,,26.5,23.5,29.3,27.0,29.75,6.98,25.0,29.5,27.15,27.0,,23.5,13.5,32.72,24.79,4.05,46,0.5121744513,0.9285443122
2023,12,UCLA,Arizona St.,18.0,-10,7,17,14.33,19.76,16.1,28.48,16.66,17.66,13.83,16.0,23.51,17.0,15.87,17.76,18.13,15.15,18.15,14.17,15.0,20.75,18.89,14.14,18.88,17.18,19.0,13.4,18.1,18.5,15.12,20.16,19.0,17.0,16.0,,24.89,18.1,18.78,19.8,,18.4,18.0,24.6,17.0,23.88,2.87,18.0,18.1,19.2,22.0,,18.0,10.5,19.24,21.1,3.31,24,0.5036901618,0.8684831447
2023,12,UNLV,Wyoming,3.0,20,34,14,3.43,5.58,3.95,9.42,6.08,5.34,4.47,6.0,9.87,5.0,3.3,3.28,1.6,4.61,5.34,6.43,6.0,8.75,5.01,4.29,3.41,6.43,4.0,4.2,5.01,4.26,1.63,5.76,7.0,4.0,3.0,,0.59,2.5,8.04,6.3,,3.2,3.0,12.9,7.0,6.77,0.38,7.0,2.1,8.34,4.2,,5.5,4.0,5.55,7.78,2.44,48,0.5579211728,0.6302428131
2023,12,Utah St.,Nevada,15.5,17,41,24,11.42,16.14,11.72,17.93,13.62,16.01,11.51,20.0,20.23,16.0,12.57,13.93,9.38,12.14,13.72,12.5,11.0,12.45,14.13,5.57,13.29,10.66,17.0,12.6,13.29,12.09,11.21,14.26,19.0,17.0,14.0,,12.43,13.5,13.03,15.6,,13.0,15.0,18.1,13.3,25.57,1.29,12.0,12.8,13.67,13.9,,15.5,11.5,18.16,16.49,2.88,65,0.4560755106,0.8024420052
2023,12,Wake Forest,NC St.,-2.5,-20,6,26,-2.54,-6.11,0.92,-5.91,-1.19,-3.24,-2.77,-4.0,-3.27,-4.5,-0.98,-7.63,1.41,-4.37,-2.92,-3.91,-6.0,-3.15,-0.76,-1.57,-4.73,-3.3,-6.0,-2.0,-3.0,-0.62,-4.32,-1.54,-1.0,-2.5,-6.0,,-0.47,-6.7,-2.6,-2.5,,-6.0,-2.5,-0.3,-1.4,2.92,-1.83,-3.0,-6.1,0.69,-3.4,,-2.5,3.0,-5.92,-2.5,2.5,32,0.4895745497,0.4279069764
2023,12,Washington,Utah,8.0,7,35,28,5.83,12.27,2.98,-2.43,10.36,8.43,3.85,10.0,9.86,13.5,7.59,13.57,3.43,10.39,7.92,11.15,8.0,1.25,10.4,11.53,11.44,8.22,10.0,9.2,8.43,5.87,8.71,7.3,4.0,9.0,6.0,,5.08,5.0,8.57,8.0,,5.8,8.0,3.9,10.4,12.07,19.74,10.0,4.7,8.84,17.5,,9.5,8.0,10.46,9.22,3.68,63,0.4980414159,0.6865294374
2023,12,Western Kentucky,New Mexico St.,4.5,-9,29,38,8.93,5.91,13.52,3.88,7.86,7.4,6.66,5.0,6.62,4.0,10.99,5.52,14.7,6.55,7.77,6.63,-2.0,5.15,11.33,5.36,10.95,8.16,9.0,9.2,7.4,9.86,12.07,9.31,13.0,5.5,7.0,,6.99,8.5,9.08,8.9,,6.9,5.0,6.8,4.0,18.24,1.16,7.0,8.2,9.21,7.3,,4.5,3.0,1.88,7.7,3.29,67,0.5799218629,0.6841208778
2023,12,Western Mich.,Central Mich.,3.0,10,38,28,3.83,2.17,4.31,3.95,4.8,3.35,5.26,4.0,7.57,1.5,3.1,-0.74,1.77,2.62,4.29,9.58,-1.0,6.05,1.16,15.8,2.5,2.36,2.0,3.2,3.35,2.57,2.15,2.86,9.0,3.5,7.0,,2.65,6.1,2.98,3.3,,6.1,3.0,7.3,3.4,2.31,-0.04,4.0,5.4,3.22,1.4,,3.0,2.5,9.29,4.24,2.91,66,0.5318523349,0.6048047968
2023,12,Wisconsin,Northwestern,10.5,-14,10,24,11.86,8.78,16.53,13.04,10.26,12.32,12.48,9.0,11.84,9.0,12.19,7.13,12.48,9.41,11.53,6.81,6.0,11.55,15.18,13.26,13.13,8.35,10.0,9.3,11.55,12.61,11.5,13.08,16.0,11.0,6.0,,20.69,15.3,9.01,14.2,,14.7,10.5,16.0,11.0,14.62,0.71,7.0,15.0,11.22,15.5,,10.0,9.0,4.94,11.55,3.36,34,0.5253058923,0.7613187281
2023,13,Air Force,UNLV,3.0,-4,27,31,3.5,-0.81,8.24,2.68,2.03,2.77,3.04,4.0,0.26,3.0,3.97,-1.38,6.86,1.47,2.41,-3.26,-1.0,-4.05,9.39,14.77,0.15,-0.41,,4.1,3.02,3.27,4.03,2.98,7.0,4.0,-3.0,,8.18,4.3,-0.3,3.4,,4.0,3.0,-3.7,3.3,-4.56,-0.92,-5.0,3.6,-0.69,5.4,,3.0,9.0,-3.55,-1.71,4.19,58,0.4856676799,0.5583469022
2023,13,Arizona,Utah,1.0,24,42,18,-2.0,0.17,-9.27,-0.27,2.48,2.65,-2.28,0.25,1.31,2.0,-1.53,-0.45,-4.62,2.02,-0.61,4.58,1.0,1.85,-1.72,13.61,0.74,-0.11,,-1.1,-0.36,-4.28,-2.51,-2.55,-4.0,0.0,4.0,,-10.41,-6.7,-0.59,-3.3,,-4.2,1.0,0.9,2.0,10.36,-0.65,1.0,-6.0,1.36,-0.7,,1.0,2.0,5.03,0.04,4.14,60,0.4609114094,0.4851696781
2023,13,Arizona St.,Oregon,-24.0,-36,13,49,-19.95,-25.13,-22.44,-37.14,-21.03,-26.04,-20.43,-23.0,-32.08,-24.0,-21.22,-21.39,-24.81,-11.99,-24.26,-16.62,-27.0,-25.35,-24.91,-18.4,-18.62,-24.27,,-25.7,-25.02,-25.41,-20.6,-28.87,-22.0,-22.5,-15.0,,-29.66,-26.7,-28.88,-29.1,,-26.0,-24.0,-29.7,-26.3,-32.27,-12.92,-28.0,-27.0,-29.42,-26.0,,-23.5,-9.0,-23.53,-32.24,5.46,62,0.493821607,0.0742137895
2023,13,Arkansas,Florida Intl.,29.5,24,44,20,30.87,13.56,35.29,17.19,24.21,31.46,36.08,13.0,26.51,11.5,31.05,6.58,31.82,14.94,26.75,19.24,9.0,33.45,29.97,42.03,17.28,18.97,,22.1,29.67,28.69,25.08,31.31,37.0,30.5,33.0,,32.59,39.1,23.94,27.8,,35.8,29.5,31.8,31.9,5.35,3.72,31.0,38.3,29.37,25.5,,29.5,8.5,33.53,30.74,9.08,64,0.4402337799,0.9282325775
2023,13,Arkansas St.,Texas St.,-3.5,46,77,31,-0.41,-1.25,-2.29,-6.51,-4.88,-9.6,0.38,-2.0,-5.97,-1.5,-2.8,1.29,-5.74,-0.87,-3.26,1.16,-7.0,-2.25,-5.87,-4.3,-2.2,-3.09,,-5.2,-2.35,-5.57,0.16,-3.76,-1.0,-3.5,-1.0,,-1.88,-0.2,-6.63,-5.2,,-1.5,-3.5,-2.4,-14.7,-7.73,0.04,-6.0,-0.2,-6.48,-4.8,,-3.5,0.01,0.25,-8.0,3.22,108,0.5059105367,0.4202509661
2023,13,Army,Coastal Carolina,-3.5,7,28,21,-6.21,-10.3,-1.93,-8.62,-6.52,-6.94,-7.34,-8.0,-9.05,-8.0,-6.56,-10.99,-8.89,-4.79,-6.18,-2.25,-10.0,-5.25,-1.54,-13.22,-6.51,-7.7,,-4.5,-6.52,-6.16,-4.84,-7.71,-2.0,-5.5,-5.0,,-0.26,-1.8,-8.27,-5.9,,-2.7,-4.0,-14.1,-9.8,-10.72,-1.93,-10.0,-2.5,-4.13,-1.7,,-3.5,2.0,-7.95,-8.22,3.48,49,0.4345108129,0.3518771022
2023,13,Auburn,New Mexico St.,25.5,-21,10,31,21.33,10.57,29.4,17.66,16.9,21.26,22.5,9.0,18.86,5.5,21.87,6.1,26.55,10.35,20.16,14.3,3.0,26.35,22.39,28.08,7.98,16.82,,18.9,21.44,22.3,20.96,23.95,21.0,21.0,24.0,,27.45,31.4,21.54,22.1,,28.8,25.0,25.7,27.7,29.72,3.38,19.0,31.6,21.6,23.0,,25.5,4.5,19.0,24.12,7.58,41,0.3807277754,0.8741152133
2023,13,BYU,Oklahoma,-24.5,-7,24,31,-18.2,-18.85,-19.73,-34.52,-19.86,-25.79,-20.88,-20.0,-28.56,-19.5,-18.77,-13.62,-18.24,-9.12,-20.41,-13.39,-22.0,-25.35,-16.32,-13.36,-5.51,-21.27,,-23.8,-19.8,-18.12,-15.01,-24.51,-22.0,-24.0,-14.0,,-12.45,-16.1,-28.58,-24.5,,-16.2,-24.0,-30.5,-30.1,-9.29,-2.09,-26.0,-15.6,-22.85,-24.0,,-24.0,-8.0,-21.37,-25.86,6.95,55,0.5932980576,0.1194228129
2023,13,Ball St.,Kent,13.0,31,34,3,15.37,15.39,10.42,15.49,12.42,16.05,17.19,13.0,14.77,13.5,14.93,15.72,8.78,14.84,14.02,16.24,7.0,20.25,12.44,6.53,7.3,12.69,,12.8,14.11,9.57,14.11,12.77,12.0,10.5,20.0,,18.15,12.6,13.7,13.4,,10.6,13.0,17.4,16.2,16.13,21.91,16.0,9.8,14.6,12.1,,13.0,5.0,24.85,15.64,3.97,37,0.5248531282,0.8042335106
2023,13,Bowling Green,Toledo,-10.0,-1,31,32,-7.39,-7.23,-9.73,-9.66,-3.25,-7.13,-8.15,-9.0,-6.72,-7.0,-5.83,-7.5,-8.82,-5.42,-6.48,-3.38,-9.0,-4.75,-6.83,1.89,-8.58,-3.78,,-4.9,-6.92,-7.25,-8.79,-6.74,-4.0,-10.0,-6.0,,-6.45,-8.5,-3.04,-7.8,,-7.5,-9.0,-8.4,-5.6,-20.03,-1.13,-9.0,-7.1,-7.61,-9.1,,-10.0,-4.0,-6.3,-6.44,2.32,63,0.5868368955,0.3431341445
2023,13,Charlotte,Rice,-2.5,-21,7,28,-4.79,-3.44,-2.99,-7.5,-6.77,-7.78,-5.38,-5.0,-6.81,-3.5,-5.45,-1.63,-6.75,-4.8,-5.23,-3.53,-7.0,-8.55,-2.02,-12.36,0.32,-3.76,,-2.6,-5.0,-5.25,-4.05,-5.06,-4.0,-1.0,-5.0,,-13.43,-9.7,-4.24,-5.7,,-8.4,-3.0,-5.0,-1.3,-14.24,-0.36,-9.0,-9.4,-5.38,-1.1,,-2.5,0.01,-1.59,-7.72,3.1,35,0.432979418,0.3732087065
2023,13,Clemson,North Carolina,7.5,11,31,20,4.2,0.59,7.49,4.6,0.73,2.89,4.96,1.0,3.27,0.5,4.03,-0.85,4.81,-1.02,3.83,6.22,-4.0,6.65,4.43,4.94,0.6,1.61,,2.6,3.95,3.46,3.2,3.86,8.0,7.0,7.0,,4.14,5.8,2.31,4.4,,5.7,6.5,7.3,1.7,14.89,0.26,2.0,5.6,-1.37,3.4,,7.0,5.0,12.09,1.57,3.02,51,0.4101687165,0.5936763736
2023,13,Colorado St.,Nevada,12.5,10,30,20,8.51,11.9,5.8,9.52,9.09,12.37,9.08,13.0,12.3,11.5,8.71,11.7,6.07,10.4,10.01,9.03,7.0,11.05,11.38,5.84,14.18,6.84,,9.3,9.86,8.09,7.99,7.86,12.0,11.0,15.0,,8.91,13.7,8.66,10.2,,12.1,12.5,10.6,7.4,1.43,0.73,8.0,12.6,9.15,12.1,,12.5,12.5,14.48,10.31,2.66,50,0.4385311159,0.7329909203
2023,13,Eastern Mich.,Akron,3.5,3,30,27,9.45,10.76,12.37,7.23,7.76,8.91,9.09,9.0,8.01,9.5,9.27,12.25,6.83,11.02,8.59,8.67,6.0,8.55,6.14,13.89,7.49,6.99,,4.6,8.61,9.53,11.3,7.64,11.0,4.0,10.0,,10.5,7.6,6.98,8.2,,7.0,5.0,4.4,4.6,3.06,11.89,5.0,6.9,12.85,6.5,,3.5,4.0,8.87,8.45,2.4,57,0.6243953885,0.703693357
2023,13,Florida Atlantic,Tulane,-9.5,-16,8,24,-6.32,-15.47,-8.69,-7.08,-6.67,-4.77,-4.26,-12.0,-5.99,-14.0,-7.01,-20.57,-8.9,-8.82,-8.79,-6.29,-11.0,-4.15,-10.91,-3.08,-17.4,-7.98,,-7.0,-7.09,-9.27,-11.1,-5.94,-4.0,-10.0,-9.0,,-6.57,-10.7,-6.46,-6.6,,-9.1,-9.5,-6.2,-7.1,-20.12,-5.99,-7.0,-11.3,-8.17,-18.5,,-9.5,-3.0,-17.19,-6.12,4.34,32,0.5172064322,0.2966262107
2023,13,Fresno St.,New Mexico,23.5,-8,17,25,22.41,21.53,26.3,20.14,19.24,25.37,23.45,23.0,20.24,22.5,22.07,22.23,29.9,16.3,23.77,18.98,17.0,27.55,23.61,28.14,22.68,23.1,,27.7,23.05,22.25,23.43,20.14,30.0,24.0,26.0,,24.05,26.8,26.83,21.7,,25.3,23.5,22.4,28.5,21.32,3.1,22.0,25.2,21.99,22.5,,23.5,14.5,30.19,22.66,3.71,42,0.5066074259,0.9276028544
2023,13,Georgia Southern,Old Dominion,6.0,-3,17,20,6.17,7.83,7.41,9.99,5.6,8.04,6.0,9.0,6.58,8.0,5.72,8.49,8.94,7.86,6.28,2.65,6.0,6.25,10.01,7.93,8.68,4.21,,2.1,6.59,6.59,7.38,8.1,7.0,7.0,2.0,,12.13,5.8,3.98,7.6,,6.3,6.0,6.8,2.5,8.07,0.84,3.0,7.0,4.77,8.9,,6.0,2.5,1.51,6.35,2.48,37,0.5069517596,0.652045329
2023,13,Georgia Tech,Syracuse,6.5,9,31,22,2.24,5.39,0.55,-0.49,4.3,1.8,2.46,4.0,5.12,7.0,2.43,5.53,-0.24,0.99,3.98,7.31,-1.0,5.35,4.05,5.46,0.85,6.39,,4.5,4.3,0.61,1.58,1.58,6.0,4.5,4.0,,-1.6,5.3,7.77,2.0,,4.9,6.5,11.3,6.6,4.16,1.02,6.0,4.3,4.42,3.4,,6.5,1.0,5.58,3.37,2.75,53,0.4378557426,0.5975556494
2023,13,Houston,Oklahoma St.,-6.5,-13,30,43,-9.24,-8.97,-9.96,-5.19,-9.3,-8.43,-10.14,-8.0,-6.59,-9.5,-8.96,-10.25,-7.01,-7.69,-7.71,-8.51,-11.0,-3.45,-6.87,-13.0,-4.8,-9.56,,-9.7,-7.85,-6.71,-9.28,-5.74,-4.0,-7.0,-7.0,,0.09,-7.2,-10.12,-5.4,,-6.8,-6.5,-10.9,-6.1,-3.54,-2.44,-17.0,-6.6,-6.77,-4.8,,-7.0,7.5,-12.8,-7.84,3.75,73,0.470434714,0.3182316526
2023,13,Indiana,Michigan St.,3.5,-3,21,24,0.21,3.22,0.72,2.08,3.85,6.51,0.49,4.0,6.48,4.5,0.8,1.46,1.98,2.18,3.14,2.13,-1.0,7.35,2.67,5.27,3.49,4.03,,3.9,3.26,1.13,-1.11,2.26,6.0,5.0,3.0,,-2.25,2.6,5.46,3.3,,3.9,3.5,6.2,3.7,-3.01,0.18,7.0,3.2,3.89,3.5,,3.5,2.5,-0.42,4.87,2.22,45,0.4910404,0.5776571547
2023,13,Iowa,Illinois,3.0,2,15,13,11.49,13.09,14.54,15.66,12.41,14.74,11.5,12.0,12.98,12.5,10.46,13.15,9.13,13.65,11.04,13.34,9.0,13.05,5.75,10.14,7.83,12.35,,10.1,11.5,10.24,13.8,9.86,10.0,4.0,9.0,,11.01,6.1,13.48,10.6,,7.2,4.5,10.7,9.0,5.41,1.62,9.0,5.9,14.25,7.3,,3.0,3.0,11.93,13.11,2.87,28,0.6909043507,0.7531359358
2023,13,Iowa St.,Texas,-7.5,-10,16,26,-7.75,-12.45,-6.31,-7.48,-7.74,-9.3,-6.45,-10.0,-11.14,-14.0,-8.66,-13.16,-7.87,-6.37,-9.53,-4.51,-8.0,-8.25,-9.55,-12.32,-10.4,-8.96,,-8.3,-9.64,-9.73,-10.62,-11.58,-6.0,-9.0,-6.0,,-12.84,-12.1,-9.78,-13.2,,-11.5,-7.5,-6.6,-10.7,-15.19,-2.9,-9.0,-12.2,-10.51,-16.5,,-7.5,-3.0,-7.36,-10.69,2.92,42,0.4499600329,0.2774607684
2023,13,Jacksonville St.,Louisiana Tech,8.0,39,56,17,9.57,17.28,10.48,17.41,11.93,16.5,11.14,18.0,12.12,17.0,7.33,20.07,12.17,13.57,13.42,15.73,12.0,18.85,8.32,6.62,20.72,13.13,,10.2,12.45,11.92,9.72,11.14,15.0,7.5,22.0,,19.26,12.5,12.73,9.5,,12.0,9.0,13.8,10.3,10.7,4.15,12.0,12.4,13.66,6.8,,8.0,7.0,22.64,13.76,4.16,73,0.6294061293,0.7932586826
2023,13,James Madison,Appalachian St.,9.5,-3,23,26,8.3,19.31,6.14,13.13,8.66,11.13,8.57,22.0,12.21,22.5,7.02,23.15,10.21,13.04,12.41,11.21,9.0,14.35,10.73,17.64,17.67,12.81,,11.2,11.21,10.33,9.98,9.1,10.0,12.0,14.0,,11.56,11.3,12.9,10.8,,10.5,9.5,12.8,11.4,18.47,12.92,13.0,9.9,9.66,7.4,,8.5,7.5,18.7,10.86,4.37,49,0.5701475503,0.7745057798
2023,13,Kansas,Kansas St.,-9.5,-4,27,31,-8.93,-3.27,-12.29,-18.15,-8.51,-9.51,-11.18,-5.0,-12.81,-3.5,-10.01,1.86,-13.05,-3.33,-8.69,-5.16,-6.0,-13.15,-5.56,-11.25,3.76,-8.96,,-10.3,-9.47,-8.7,-5.45,-11.93,-11.0,-7.5,-6.0,,-10.09,-8.8,-12.88,-11.6,,-8.9,-9.5,-13.1,-13.0,3.31,-0.2,-13.0,-8.5,-10.55,-4.6,,-9.5,0.5,-9.43,-12.0,4.71,58,0.5195070738,0.2998627278
2023,13,LSU,Georgia St.,32.0,42,56,14,29.22,19.8,28.61,22.94,24.78,33.43,32.69,24.0,34.24,20.0,29.47,12.04,27.47,14.92,29.27,22.91,15.0,39.45,28.49,35.93,12.57,23.26,,28.8,29.35,28.75,25.75,31.9,36.0,30.5,34.0,,39.75,40.2,29.77,33.7,,38.3,32.0,42.8,37.8,41.15,3.91,33.0,40.4,33.34,27.5,,32.0,11.0,33.0,34.67,8.28,70,0.4394067215,0.9489505571
2023,13,Liberty,Massachusetts,27.5,24,49,25,29.57,30.44,28.04,28.71,24.6,29.9,31.25,34.0,29.25,31.5,30.13,31.07,26.62,18.07,28.09,22.62,25.0,32.25,22.56,20.77,25.59,24.95,,30.2,28.56,25.76,29.37,24.46,31.0,27.5,30.0,,18.83,28.4,30.12,27.7,,27.8,27.5,31.9,28.1,19.48,12.7,28.0,26.6,21.22,25.0,,27.5,20.5,38.49,31.9,4.72,74,0.5142100371,0.9550758768
2023,13,Maryland,Michigan,-18.5,-7,24,31,-19.93,-20.59,-21.78,-26.65,-16.49,-21.86,-23.04,-24.0,-25.08,-25.0,-17.88,-18.18,-23.73,-10.81,-21.97,-24.45,-18.0,-26.65,-17.3,-29.34,-14.86,-18.43,,-24.1,-23.37,-20.19,-18.94,-20.31,-24.0,-21.0,-24.0,,-27.31,-25.1,-22.71,-22.6,,-24.6,-19.0,-26.2,-19.4,-35.07,-21.14,-28.0,-23.7,-20.68,-24.0,,-18.5,-5.0,-26.49,-24.47,4.63,55,0.4168968224,0.0919941691
2023,13,Memphis,SMU,-8.5,-4,34,38,-6.8,0.59,-4.06,-5.35,-3.84,-9.41,-9.53,-1.0,-12.93,3.5,-7.32,7.88,-5.47,-0.65,-5.55,-2.28,-5.0,-11.15,-3.65,-7.3,4.31,-4.48,,-6.7,-5.73,-6.18,-2.45,-9.49,-6.0,-7.5,-7.0,,-9.87,-4.5,-9.47,-8.5,,-4.4,-8.0,-15.6,-11.3,-20.99,2.5,-12.0,-4.1,-4.35,-3.4,,-8.0,-0.5,-6.5,-10.72,4.76,72,0.5706405733,0.3688535685
2023,13,Miami (Fla.),Louisville,-1.0,-7,31,38,-1.8,-4.43,-3.72,-3.29,-3.66,0.21,-1.68,-6.0,-1.2,-6.5,-2.04,-6.18,-1.19,-2.72,-2.77,-2.09,-5.0,-5.25,5.32,-4.63,-4.84,-2.05,,-0.7,-2.53,-5.68,-2.35,1.39,-1.0,-1.0,-4.0,,2.38,-7.1,-1.01,0.0,,-6.1,-1.0,-3.3,0.9,21.38,-1.37,-7.0,-6.9,-2.16,1.6,,-1.0,0.5,-10.72,-2.73,2.99,69,0.4563723045,0.4319210589
2023,13,Miami (Ohio),Buffalo,8.5,13,23,10,12.4,22.34,9.23,14.67,12.97,14.02,11.96,19.0,19.25,18.0,11.81,24.01,13.82,16.7,14.9,18.15,14.0,15.05,12.49,13.18,17.12,14.4,,11.5,14.85,12.56,15.11,14.7,15.0,9.0,17.0,,15.47,12.6,15.24,13.8,,11.8,10.0,15.7,16.0,24.91,2.88,15.0,11.2,8.57,15.0,,8.5,6.5,20.92,18.27,3.54,33,0.6530205369,0.8201900887
2023,13,Middle Tenn.,UTEP,7.5,4,34,30,7.76,7.28,8.02,8.36,8.8,14.91,9.47,7.0,10.51,8.0,7.33,5.54,11.44,8.0,9.17,9.1,4.0,11.45,7.58,10.21,9.0,7.97,,10.8,8.9,5.7,5.65,9.14,13.0,7.5,10.0,,11.15,7.9,9.45,9.3,,7.6,7.5,12.9,7.8,-4.49,0.9,11.0,8.2,8.73,9.0,,7.5,7.5,13.72,10.04,2.21,64,0.54149233,0.716383558
2023,13,Mississippi,Louisiana-Monroe,37.5,32,35,3,37.34,35.88,36.32,33.01,32.15,35.2,38.81,33.0,38.8,32.0,37.43,34.3,36.8,18.6,36.2,27.12,25.0,36.95,37.15,41.38,26.63,31.74,,31.7,37.08,38.35,39.21,38.99,34.0,36.5,44.0,,43.18,44.4,36.69,38.4,,41.6,37.5,40.0,42.3,39.89,7.2,40.0,43.5,37.01,35.5,,37.5,12.0,37.52,41.01,6.73,38,0.4699488433,0.9821160876
2023,13,Mississippi St.,Southern Miss.,14.5,21,41,20,16.93,12.24,24.61,4.81,14.04,11.7,16.36,11.0,16.52,10.0,18.51,9.92,19.67,11.49,16.19,8.37,4.0,14.95,19.29,28.22,12.04,13.71,,14.3,16.4,20.45,18.27,17.77,16.0,13.5,17.0,,17.26,21.7,17.31,18.1,,22.0,14.5,15.9,22.2,23.03,2.32,16.0,22.6,16.44,22.5,,14.5,9.0,12.05,20.62,5.17,61,0.5403121112,0.833896026
2023,13,Missouri,Florida,11.0,2,33,31,8.79,16.3,5.22,15.95,15.18,9.08,8.88,15.0,13.21,17.5,8.44,17.96,9.44,13.74,12.97,15.85,9.0,17.65,7.84,12.51,13.99,13.78,,15.0,13.37,8.91,9.78,11.12,12.0,11.0,16.0,,12.19,10.3,14.81,9.9,,10.3,11.0,21.6,13.9,14.93,2.66,14.0,9.7,13.53,12.8,,11.0,7.5,18.32,16.34,3.71,64,0.5480930938,0.7868717827
2023,13,Navy,East Carolina,3.0,10,10,0,-0.47,5.65,0.39,4.98,-0.38,2.7,-0.67,4.0,-2.37,5.0,-1.88,9.98,1.25,5.72,1.41,1.72,3.0,-1.25,4.04,10.37,3.43,1.06,,0.4,1.0,-1.66,0.86,-4.11,0.01,3.0,1.0,,-2.35,5.8,-0.34,-0.1,,4.0,3.0,-3.4,0.3,-6.73,0.67,-4.0,4.9,-6.2,3.1,,3.0,1.0,6.01,-4.61,3.58,10,0.4610823329,0.5345236114
2023,13,Northern Ill.,Western Mich.,5.0,24,24,0,2.84,-0.16,1.01,5.33,5.16,3.92,1.74,1.0,2.81,1.5,5.14,-1.76,2.5,3.46,3.19,-0.64,1.0,3.65,8.88,10.21,0.42,4.71,,6.1,2.82,1.66,2.57,5.19,1.0,5.0,-1.0,,3.6,2.7,6.37,4.4,,1.6,5.0,1.5,10.3,3.71,-0.56,-2.0,2.3,5.8,3.8,,5.0,7.0,-6.21,5.83,3.2,24,0.4555041946,0.5780788341
2023,13,Northwestern,Purdue,-3.0,8,23,15,1.97,4.88,-2.24,9.36,3.06,0.72,1.39,5.0,2.64,4.5,1.3,6.07,-1.98,5.9,1.97,5.15,3.0,1.95,-0.9,2.53,1.08,4.66,,2.3,1.94,-0.75,3.59,1.06,1.0,1.5,4.0,,-5.72,-1.0,5.17,0.1,,-1.4,-1.5,-0.8,1.2,11.06,0.9,1.0,-1.5,4.97,-1.6,,-3.0,1.0,4.61,1.93,2.85,38,0.6210182099,0.54860845
2023,13,Notre Dame,Wake Forest,24.5,38,45,7,21.96,21.33,22.64,31.73,22.22,26.19,23.64,19.0,28.3,19.5,22.11,17.58,23.65,16.15,23.86,20.5,17.0,27.35,25.69,27.82,14.36,22.92,,23.1,23.66,20.31,21.17,24.39,26.0,24.5,19.0,,24.54,27.3,27.68,25.3,,26.1,24.5,31.6,29.8,15.78,2.94,27.0,25.5,22.81,25.0,,24.5,17.5,23.67,28.13,4.28,52,0.4844742886,0.9266445663
2023,13,Ohio,Central Mich.,11.0,14,34,20,9.87,12.29,10.33,18.49,11.55,13.57,9.88,12.0,14.61,11.0,9.61,11.05,12.94,12.29,12.5,11.5,8.0,11.75,14.83,16.07,14.03,12.15,,15.9,12.05,9.79,11.09,10.13,12.0,10.0,10.0,,10.56,12.6,14.39,12.5,,12.0,11.0,13.6,15.5,5.65,1.25,10.0,12.1,11.96,15.0,,11.0,7.5,12.81,13.44,2.51,54,0.5371800896,0.7816466778
2023,13,Ohio St.,Minnesota,28.0,34,37,3,26.41,26.7,28.39,34.31,25.45,32.31,28.74,26.0,30.87,28.0,25.34,24.45,28.6,17.51,28.44,28.43,19.0,33.65,25.73,28.65,27.52,28.02,,28.3,28.4,25.09,26.37,30.83,32.0,28.5,31.0,,24.01,29.1,33.52,28.4,,27.4,28.0,36.0,28.8,39.99,21.1,30.0,28.1,29.98,26.0,,27.5,15.5,34.76,31.74,4.21,40,0.5106865005,0.9583299872
2023,13,Oregon St.,Washington,2.5,-2,20,22,-0.38,-8.15,-0.87,8.85,-0.03,0.09,0.96,-7.0,-0.24,-10.5,-0.45,-12.4,2.07,-2.4,-1.33,-0.12,-4.0,5.85,-2.35,3.59,-9.19,-2.0,,-2.2,-0.96,-1.33,-3.85,-0.87,3.0,-1.0,0.01,,-2.67,-3.0,-1.27,-2.7,,-1.5,1.5,2.6,2.1,-10.28,-20.25,1.0,-2.4,-1.28,-3.3,,2.5,1.0,-0.5,-1.05,4.0,42,0.4075075186,0.4676235404
2023,13,Penn St.,Rutgers,20.5,21,27,6,21.55,16.73,28.19,26.68,20.99,22.93,23.45,15.0,23.04,16.0,21.81,13.33,28.28,14.93,22.76,20.53,12.0,28.95,21.59,23.36,15.6,19.02,,22.1,23.2,23.02,20.15,24.45,28.0,19.0,25.0,,26.71,27.9,24.29,23.0,,26.5,21.0,29.9,21.8,29.87,10.71,24.0,27.1,24.73,23.0,,20.5,13.0,24.33,26.15,4.69,33,0.5542981579,0.9154262683
2023,13,Pittsburgh,Boston College,2.5,8,24,16,4.06,-4.49,8.14,-3.07,-0.87,2.35,4.91,-4.0,3.84,-7.5,4.43,-8.97,4.35,-6.06,1.52,-0.98,-5.0,3.05,5.15,0.08,-0.14,-1.74,,2.5,2.2,3.4,2.21,6.52,9.0,1.0,1.0,,7.83,5.7,0.44,4.8,,6.1,2.5,-0.9,-1.7,-6.94,-1.61,-1.0,6.0,2.2,2.2,,2.5,7.0,-2.08,1.55,4.39,40,0.4762759317,0.5367660297
2023,13,San Jose St.,San Diego St.,14.5,11,24,13,13.55,16.86,10.16,17.41,15.62,19.6,15.88,16.0,22.41,16.0,13.47,13.87,12.5,13.71,16.18,17.18,11.0,22.25,11.39,18.44,9.12,14.83,,13.7,15.94,12.32,10.87,15.72,19.0,14.5,20.0,,16.38,16.1,16.96,16.0,,15.4,14.5,26.1,19.4,6.98,1.8,19.0,14.7,15.41,15.5,,14.5,8.5,23.97,20.1,3.97,37,0.5408877686,0.8386231669
2023,13,South Alabama,Marshall,11.0,28,28,0,6.98,5.2,5.07,15.98,5.46,12.22,7.63,7.0,11.8,6.5,8.67,1.64,8.63,5.79,9.66,6.99,6.0,16.35,8.31,18.33,2.94,8.27,,9.8,8.41,6.2,4.62,8.05,14.0,10.0,9.0,,19.74,14.6,11.19,11.0,,13.0,11.0,16.6,17.7,9.24,-0.44,7.0,14.0,7.15,7.8,,11.0,8.5,10.23,10.64,4.35,28,0.4675560553,0.7213697251
2023,13,South Carolina,Kentucky,2.0,3,17,14,2.21,-0.98,0.61,0.13,2.77,6.67,2.74,1.0,4.37,-1.0,3.05,-3.86,0.8,-2.87,2.01,-0.38,-4.0,6.35,-0.49,2.13,0.62,1.05,,0.7,2.25,1.67,0.42,2.93,7.0,-2.0,4.0,,2.33,1.5,2.29,2.5,,2.6,2.0,6.5,2.9,-4.79,-1.19,3.0,2.4,5.99,-1.9,,1.0,2.5,2.45,4.08,2.52,31,0.500248208,0.5497600838
2023,13,Stanford,California,-6.5,-12,15,27,-5.4,-4.51,-5.5,-12.21,-5.23,-9.04,-5.45,-5.0,-7.05,-2.5,-6.25,-3.13,-6.5,-2.72,-6.01,2.68,-8.0,-5.65,-7.49,-5.56,-1.56,-3.92,,-7.2,-5.61,-6.24,-5.57,-10.5,-5.0,-5.0,-2.0,,-13.69,-10.2,-6.84,-10.1,,-8.5,-6.5,-4.2,-9.0,-2.81,0.51,-6.0,-9.1,-9.14,-8.6,,-6.5,-3.0,-0.78,-8.55,3.19,42,0.5120711538,0.3552521079
2023,13,TCU,Baylor,13.0,25,42,17,12.41,10.91,11.61,19.1,15.81,13.54,12.37,12.0,17.1,11.5,14.23,7.58,12.57,12.72,13.26,13.04,9.0,14.95,12.6,9.54,6.55,13.73,,13.2,12.8,11.94,12.0,15.56,13.0,13.0,11.0,,12.88,11.0,17.13,13.9,,11.1,13.0,16.5,17.6,13.75,0.88,18.0,11.4,18.1,14.0,,13.0,9.0,12.28,17.69,3.0,59,0.5064204164,0.7941224345
2023,13,Tennessee,Georgia,-10.0,-28,10,38,-6.22,-10.86,-10.07,-7.68,-2.3,-8.61,-6.48,-12.0,-7.18,-13.0,-3.76,-12.85,-5.92,-6.86,-8.08,-9.59,-11.0,-8.65,-4.39,-6.93,-11.46,-5.02,,-7.2,-7.65,-7.62,-9.61,-7.3,-7.0,-10.0,-12.0,,-3.7,-12.2,-4.74,-7.5,,-10.4,-10.0,-10.9,-1.7,6.8,-12.55,-8.0,-11.4,-9.33,-15.0,,-10.0,0.5,-13.11,-7.48,3.32,48,0.5471167393,0.3091776131
2023,13,Texas Tech,Central Florida,2.5,1,24,23,3.75,3.52,5.12,-3.07,5.07,1.25,3.97,4.0,1.97,4.0,4.1,4.35,1.81,3.87,3.59,4.5,-2.0,2.35,4.48,4.41,3.76,2.85,,2.1,3.64,2.93,3.25,1.64,7.0,3.0,3.0,,5.29,8.5,2.19,2.7,,7.0,2.5,-1.0,-2.1,1.14,0.4,5.0,7.6,5.47,3.3,,2.5,-1.0,13.75,2.01,2.87,47,0.5269360167,0.588055933
2023,13,Texas-San Antonio,South Florida,15.5,28,49,21,17.03,12.65,15.86,13.87,12.73,14.48,18.57,15.0,18.07,13.0,16.16,9.73,15.66,12.88,16.68,16.09,9.0,21.85,15.3,22.23,13.19,13.58,,15.5,16.13,15.09,16.99,16.3,20.0,16.0,18.0,,28.71,14.2,16.57,16.5,,15.3,15.5,21.8,20.4,18.07,1.77,17.0,14.1,15.74,22.5,,15.5,12.5,19.22,18.15,3.62,70,0.5288855337,0.8471739121
2023,13,Troy St.,Louisiana-Lafayette,16.0,7,31,24,16.33,19.36,11.03,20.31,18.33,17.76,16.94,18.0,19.93,18.5,17.06,19.06,14.96,15.79,18.2,19.61,10.0,23.15,17.33,6.05,17.27,18.92,,17.5,18.0,14.41,16.17,14.5,18.0,15.5,23.0,,20.2,18.0,21.36,16.1,,16.5,16.0,25.0,23.8,18.55,2.93,24.0,17.5,19.79,17.0,,16.0,7.0,25.38,20.25,4.4,55,0.553121409,0.8653846105
2023,13,Tulsa,North Texas,-2.5,-7,28,35,-3.25,1.76,1.36,0.48,0.1,-0.04,-4.47,2.0,-1.4,3.0,-4.11,3.45,-4.2,1.51,-2.45,-1.18,-2.0,-4.65,-1.68,-16.19,6.16,-0.46,,-2.1,-1.84,-0.31,-0.94,-0.94,-2.0,-2.5,-5.0,,-6.64,-7.0,-2.68,-1.9,,-5.4,-2.5,-6.8,-1.3,-13.98,0.48,-11.0,-6.1,-3.6,-0.6,,-2.5,-4.0,-7.42,-1.79,4.07,63,0.501217239,0.4405766527
2023,13,UAB,Temple,7.5,10,34,24,9.1,8.0,14.32,7.76,8.08,13.73,10.47,11.0,9.57,11.0,9.6,7.16,16.71,5.26,10.53,4.6,4.0,13.55,10.98,22.91,5.05,9.24,,11.0,10.16,11.56,6.89,11.05,13.0,8.0,7.0,,7.31,10.1,11.75,9.2,,11.0,8.0,12.0,20.7,31.22,1.54,8.0,9.6,11.37,8.8,,7.5,10.0,10.21,9.25,3.73,58,0.5737012389,0.7407693493
2023,13,USC,UCLA,6.5,-18,20,38,7.62,8.76,5.69,-2.93,7.82,5.71,6.8,6.0,8.73,9.0,8.36,8.77,6.76,7.41,7.41,6.4,1.0,6.05,7.35,-3.46,7.55,8.6,,9.6,7.71,6.38,9.42,9.95,8.0,6.0,8.0,,10.44,6.8,10.31,9.4,,6.9,6.5,5.8,12.0,11.59,1.38,7.0,7.8,8.05,10.7,,6.5,4.0,9.0,9.98,2.96,58,0.5224702649,0.6768419677
2023,13,Utah St.,Boise St.,-3.5,-35,10,45,-6.08,0.37,-4.86,0.09,-1.68,-0.8,-6.43,2.0,-1.06,1.5,-5.67,1.15,-6.83,-1.62,-4.16,-2.23,-1.0,-6.15,-5.8,-10.08,0.15,-1.91,,-4.4,-4.08,-3.61,-6.9,-4.95,-3.0,-3.5,-6.0,,-12.61,-9.4,-2.96,-4.0,,-7.4,-3.5,-5.6,-7.6,21.6,-0.15,-5.0,-8.9,-4.16,-8.4,,-3.5,-3.0,-2.96,-2.69,3.29,55,0.4837629285,0.3987414298
2023,13,Virginia,Duke,-3.5,3,30,27,-8.88,-12.82,-6.89,-17.76,-11.83,-13.08,-6.73,-12.0,-13.36,-9.5,-11.35,-12.53,-11.83,-8.85,-10.08,-4.14,-12.0,-8.45,-6.51,-2.12,-11.87,-11.5,,-11.7,-10.95,-10.54,-12.0,-11.96,-7.0,-3.5,-6.0,,-14.83,-9.5,-13.41,-14.2,,-8.6,-4.5,-4.0,-8.6,-13.8,-1.79,-14.0,-8.3,-16.68,-7.4,,-3.5,-2.0,-5.82,-15.02,3.87,57,0.3435881325,0.2686546761
2023,13,Virginia Tech,NC St.,3.0,-7,28,35,-1.34,-2.46,-1.73,-6.3,1.93,1.38,-1.49,-2.0,0.31,-2.5,0.2,-3.93,0.25,-1.5,-0.75,0.65,-3.0,0.75,0.39,4.42,-1.9,-0.57,,-0.2,-1.0,-2.55,-3.17,-0.6,1.0,3.0,-4.0,,-2.85,-5.3,0.0,-1.0,,-4.4,2.0,4.7,4.6,16.97,-1.14,-1.0,-5.7,1.03,1.4,,3.0,4.5,-1.68,1.21,2.57,63,0.4078095101,0.4814014012
2023,13,Washington St.,Colorado,4.0,42,56,14,3.85,0.85,8.93,1.33,0.76,1.91,3.8,2.0,1.29,3.0,4.37,0.6,8.14,0.53,3.0,-0.12,2.0,0.05,7.47,1.98,1.0,0.83,,1.9,2.5,5.99,3.63,3.39,9.0,4.5,-3.0,,9.31,8.1,0.95,3.4,,6.1,4.0,3.5,-0.1,-9.92,-0.06,-2.0,6.3,-1.42,4.4,,4.0,8.5,4.02,-0.45,3.27,70,0.475402253,0.5734206128
2023,13,West Va.,Cincinnati,6.5,21,42,21,8.54,14.26,8.02,9.22,11.05,11.81,7.39,14.0,11.68,14.5,8.58,15.65,12.69,12.87,10.84,11.43,5.0,11.75,9.76,16.83,7.6,13.38,,11.6,11.21,8.16,11.37,5.91,10.0,6.5,8.0,,10.37,12.8,14.04,9.2,,10.9,7.5,9.4,9.0,12.86,1.98,15.0,12.9,11.82,7.3,,6.5,0.01,15.42,10.29,3.18,63,0.6056777066,0.7484308678
2023,13,Western Kentucky,Sam Houston St.,12.0,5,28,23,15.46,16.51,16.51,8.48,12.82,12.64,14.23,16.0,12.21,16.0,16.5,18.83,15.6,15.71,13.97,12.01,9.0,12.75,13.13,27.1,16.9,13.02,,11.6,13.53,13.74,18.54,13.31,18.0,13.0,10.0,,10.73,12.5,12.46,14.1,,12.2,12.0,14.1,9.7,20.31,3.01,11.0,14.4,15.56,7.0,,12.0,8.5,12.77,13.03,3.42,51,0.5482772378,0.8051754619
2023,13,Wisconsin,Nebraska,5.5,7,24,17,5.95,4.63,8.44,7.71,4.7,7.82,6.16,4.0,4.91,4.0,6.35,4.48,5.17,1.88,5.48,1.13,3.0,6.95,5.57,8.37,2.74,4.83,,5.3,5.23,6.2,5.6,7.86,5.0,4.5,3.0,,11.85,8.3,5.71,6.5,,7.3,5.5,4.4,5.6,11.95,0.48,3.0,8.3,5.59,3.8,,5.5,4.0,4.46,4.67,2.1,41,0.4995017264,0.6339082558
2023,13,Wyoming,Hawaii,13.5,33,42,9,13.26,14.88,11.94,12.47,11.64,17.35,13.94,13.0,12.29,13.0,12.99,16.26,15.24,10.95,13.62,8.04,9.0,11.65,14.98,25.81,17.68,12.57,,14.3,13.18,11.97,13.73,14.93,14.0,14.0,13.0,,15.31,17.0,13.98,13.1,,14.7,13.5,8.8,13.0,20.19,2.09,11.0,16.4,12.19,13.6,,13.5,6.5,13.34,12.48,3.18,51,0.5029571098,0.7999134942
2023,14,Akron,Ohio,-14.0,-11,14,25,-14.61,-19.02,-17.55,-18.12,-12.3,-17.01,-14.35,-14.0,-16.23,-16.5,-14.01,-20.51,-19.2,-11.58,-15.88,-11.94,-15.0,-15.35,-14.67,-15.73,-14.04,-16.03,-20.0,-17.6,-15.9,-14.47,-17.88,-13.34,-13.0,-14.0,-14.0,,-14.16,-16.2,-17.43,-15.3,,-15.7,-14.0,-18.0,-15.8,-27.42,-13.29,-20.0,-15.9,-17.29,-18.5,,-14.0,-1.5,-16.37,-17.26,3.32,39,0.4538549533,0.1637360403
2023,14,Appalachian St.,Georgia Southern,9.5,28,55,27,11.01,8.22,11.14,7.87,10.76,7.29,11.64,9.0,9.53,10.0,11.28,7.5,12.36,8.52,10.51,11.35,3.0,12.05,7.48,13.34,10.55,8.43,7.0,10.1,10.55,8.26,10.48,8.18,12.0,9.5,14.0,,10.11,11.8,10.17,6.8,,10.9,9.5,14.5,14.5,6.69,0.97,16.0,10.9,11.41,7.7,,8.5,8.0,18.65,11.2,2.75,82,0.524993016,0.7429092239
2023,14,Arizona St.,Arizona,-12.5,-36,23,59,-10.04,-14.56,-6.46,-24.19,-11.03,-18.14,-10.96,-13.0,-17.42,-15.0,-9.55,-13.01,-11.49,-9.46,-13.68,-9.87,-17.0,-18.95,-10.89,-18.06,-12.88,-13.74,-15.0,-13.8,-13.8,-12.49,-10.2,-14.95,-12.0,-12.5,-13.0,,-13.18,-13.9,-15.62,-13.8,,-14.6,-12.5,-16.6,-14.6,-21.26,-2.11,-16.0,-13.8,-17.15,-15.5,,-10.5,-2.5,-20.28,-16.41,3.87,82,0.4712153814,0.2012386552
2023,14,Arkansas,Missouri,-8.5,-34,14,48,-4.48,-16.63,-3.65,-11.31,-7.77,-7.72,-3.77,-14.0,-10.16,-15.5,-2.65,-20.11,-7.61,-9.01,-10.24,-9.08,-11.0,-13.05,-6.57,-17.81,-8.55,-12.94,-16.0,-12.7,-9.08,-7.17,-8.24,-8.1,-5.0,-7.0,-11.0,,-8.75,-5.9,-12.99,-7.9,,-5.3,-8.5,-17.4,-12.0,-31.4,-3.78,-14.0,-5.9,-7.59,-12.2,,-8.0,-1.5,-14.95,-11.74,4.7,62,0.458150337,0.2681267601
2023,14,Auburn,Alabama,-13.0,-3,24,27,-15.35,-14.86,-16.97,-14.71,-9.41,-13.97,-18.18,-13.0,-12.22,-15.0,-12.09,-16.29,-14.19,-8.55,-13.81,-11.2,-12.0,-19.85,-9.3,-19.43,-14.43,-10.07,-14.0,-8.9,-14.0,-14.96,-16.25,-15.84,-14.0,-14.5,-16.0,,-13.61,-13.3,-10.61,-12.7,,-13.3,-13.0,-14.7,-12.6,-14.95,-3.36,-14.0,-12.5,-12.84,-17.0,,-14.5,-5.5,-23.24,-13.16,3.15,51,0.4800420279,0.1967494571
2023,14,Ball St.,Miami (Ohio),-4.0,-2,15,17,-6.44,-13.78,-5.68,-6.01,-6.24,-7.31,-4.46,-12.0,-11.9,-12.0,-6.75,-14.79,-9.88,-10.53,-9.15,-10.64,-14.0,-3.35,-9.03,-6.81,-12.05,-12.34,-13.0,-13.8,-9.2,-8.05,-10.84,-9.68,-6.0,-6.5,-6.0,,-7.28,-9.6,-13.48,-10.3,,-9.0,-5.0,-8.0,-9.2,-13.97,-2.42,-13.0,-8.8,-5.15,-13.8,,-6.5,0.5,-2.76,-12.13,3.56,32,0.3757970998,0.2869242364
2023,14,Baylor,West Va.,-11.5,-3,31,34,-7.26,-11.96,-4.13,-15.32,-9.7,-15.23,-7.63,-13.0,-12.39,-13.0,-6.97,-11.72,-7.67,-9.27,-9.36,-9.97,-13.0,-10.45,-7.05,-11.12,-4.76,-11.19,-12.0,-11.1,-9.7,-8.4,-7.95,-8.47,-4.0,-6.0,-10.0,,-6.38,-5.7,-12.31,-8.2,,-5.2,-11.5,-10.7,-8.2,-20.05,-1.83,-12.0,-5.4,-14.38,-6.6,,-9.5,2.5,-16.1,-12.72,3.78,65,0.552165567,0.283132629
2023,14,Boise St.,Air Force,7.0,8,27,19,6.98,1.8,4.92,2.39,4.48,4.79,8.38,-0.25,5.79,0.01,5.51,-0.36,6.64,3.2,6.02,10.07,-2.0,13.25,3.77,14.44,1.35,4.0,2.0,3.7,5.51,3.35,6.16,7.0,9.0,6.0,13.0,,11.74,7.5,5.52,4.1,,7.4,7.0,13.3,10.9,12.58,0.06,5.0,8.1,4.45,4.3,,6.5,5.0,8.14,7.59,3.85,46,0.4760796748,0.6437657226
2023,14,Boston College,Miami (Fla.),-10.0,-25,20,45,-8.32,-6.53,-6.69,-11.81,-7.14,-11.83,-9.06,-7.0,-12.67,-4.0,-9.37,-3.22,-10.24,-3.92,-8.61,-4.4,-8.0,-8.65,-8.2,-8.83,-2.29,-8.49,-8.0,-12.6,-8.6,-6.09,-7.06,-11.72,-8.0,-9.0,-10.0,,-9.63,-9.2,-11.35,-12.2,,-8.6,-10.0,-11.4,-10.1,-10.96,-0.96,-14.0,-8.4,-10.49,-7.3,,-8.0,-1.5,-5.41,-11.21,3.2,65,0.5341994809,0.2974821135
2023,14,Buffalo,Eastern Mich.,5.5,-13,11,24,4.77,1.73,6.22,5.34,6.14,6.61,5.58,3.0,8.15,2.0,5.29,-1.73,8.17,1.96,5.54,7.17,-1.0,7.65,8.23,-0.31,2.2,7.09,4.0,11.9,5.96,3.17,2.97,5.31,2.0,7.0,6.0,,4.02,7.9,9.26,3.3,,7.9,5.5,11.8,7.6,8.34,0.16,4.0,8.1,3.49,7.7,,5.5,2.0,5.96,7.38,3.08,35,0.5009868469,0.6340510573
2023,14,Central Florida,Houston,14.0,14,27,13,12.5,8.59,12.16,21.87,10.96,15.39,12.72,10.0,14.84,10.5,13.58,5.22,12.8,10.46,12.69,13.69,10.0,17.25,12.26,14.05,6.75,11.59,10.0,12.3,12.8,10.79,12.2,14.92,13.0,12.5,15.0,,14.01,12.9,15.11,12.8,,12.8,14.0,19.7,15.6,21.6,1.23,12.0,13.2,13.83,16.0,,13.5,4.5,11.32,15.47,3.27,40,0.4677912425,0.7831679669
2023,14,Central Mich.,Toledo,-10.5,-15,17,32,-10.71,-17.46,-9.96,-15.94,-12.37,-13.5,-9.88,-21.0,-16.47,-17.0,-11.73,-18.0,-10.78,-10.4,-13.19,-11.5,-17.0,-11.25,-10.7,-12.88,-14.44,-12.07,-18.0,-14.3,-12.7,-12.35,-12.82,-12.34,-9.0,-11.0,-13.0,,-11.07,-12.7,-12.07,-14.2,,-11.3,-10.5,-14.8,-13.7,-3.63,-2.91,-16.0,-11.5,-15.19,-11.7,,-10.5,-6.0,-13.5,-15.69,2.94,49,0.4338337762,0.2069628329
2023,14,Cincinnati,Kansas,-7.0,-33,16,49,-8.29,-13.43,-2.56,-7.95,-9.6,-10.68,-8.64,-12.0,-10.2,-13.0,-7.41,-15.18,-6.61,-9.11,-10.09,-9.22,-12.0,-12.95,-7.53,-11.54,-4.34,-12.83,-14.0,-13.1,-10.3,-6.28,-9.68,-4.75,-6.0,-6.0,-7.0,,-10.95,-12.7,-13.48,-8.8,,-11.6,-7.5,-10.3,-13.0,-3.68,-2.34,-15.0,-12.8,-11.02,-7.2,,-6.0,0.01,-14.86,-11.52,4.03,65,0.4251813326,0.2689369936
2023,14,Coastal Carolina,James Madison,-8.0,-42,14,56,-4.59,-7.3,-4.32,-5.53,-2.23,-2.73,-5.53,-7.0,-3.48,-8.0,-2.38,-9.36,-6.22,-5.01,-5.5,-2.21,-7.0,-7.85,-7.41,-6.95,-7.68,-6.39,-6.0,-6.3,-5.84,-4.64,-5.84,-2.17,-6.0,-9.0,-6.0,,-3.4,-8.0,-6.98,-3.9,,-7.5,-7.5,-4.7,-5.6,-8.5,-1.59,-4.0,-6.8,-6.72,-2.4,,-8.0,-5.0,-7.44,-4.14,1.87,70,0.5621431163,0.3653888953
2023,14,Duke,Pittsburgh,5.5,11,30,19,9.97,15.24,7.35,16.75,17.97,13.9,8.72,14.0,16.72,14.5,12.46,14.45,13.27,14.72,12.99,11.32,9.0,13.05,10.49,7.98,7.46,16.24,16.0,17.4,13.2,11.16,10.86,11.34,10.0,6.5,9.0,,13.1,13.2,19.1,13.4,,12.2,7.0,13.8,16.1,31.39,2.07,19.0,11.9,17.63,6.8,,6.0,4.5,6.71,17.84,3.92,49,0.6765402436,0.7865171198
2023,14,East Carolina,Tulsa,3.0,-2,27,29,9.84,4.06,7.38,5.59,8.41,10.84,10.45,3.0,10.96,1.5,11.52,0.35,5.7,1.71,8.67,6.97,-1.0,23.25,6.28,13.85,5.24,6.42,6.0,7.3,8.41,8.8,7.9,10.89,13.0,3.5,8.0,,14.56,10.9,9.88,8.8,,10.7,4.0,11.1,10.4,-1.44,0.12,8.0,11.6,13.4,5.2,,3.0,4.5,12.15,11.5,4.23,56,0.6350049746,0.7011642166
2023,14,Florida,Florida St.,-6.5,-9,15,24,-9.48,-18.79,-6.46,-19.1,-12.0,-10.49,-8.29,-23.0,-14.36,-22.0,-10.06,-21.18,-7.2,-10.39,-12.97,-11.66,-17.0,-9.45,-9.73,-8.74,-16.82,-14.34,-18.0,-15.3,-12.62,-12.3,-12.62,-13.11,-9.0,-7.0,-11.0,,-13.92,-13.8,-15.38,-13.6,,-14.8,-8.0,-8.6,-10.2,-4.94,-13.04,-16.0,-14.1,-17.17,-10.2,,-6.5,-4.5,-11.86,-15.18,4.4,39,0.3472482314,0.2155408667
2023,14,Florida Intl.,Western Kentucky,-10.5,-13,28,41,-13.08,-11.14,-18.5,-10.99,-10.83,-12.19,-13.03,-11.0,-13.27,-10.5,-14.19,-9.99,-20.07,-9.51,-12.6,-8.08,-11.0,-13.05,-11.0,-10.93,-10.47,-11.59,-14.0,-11.1,-13.0,-14.4,-14.17,-13.96,-19.0,-9.5,-9.0,,-11.72,-15.3,-12.79,-13.9,,-13.5,-10.5,-15.0,-9.6,-11.66,-2.02,-13.0,-14.5,-16.21,-11.4,,-10.0,-3.5,-9.6,-13.39,3.03,69,0.4483052977,0.2177940313
2023,14,Georgia Tech,Georgia,-24.5,-8,23,31,-23.33,-18.74,-28.18,-26.37,-16.08,-17.09,-26.11,-24.0,-18.28,-23.0,-19.92,-18.98,-30.01,-10.76,-22.54,-15.82,-18.0,-26.25,-19.68,-28.65,-21.46,-16.66,-16.0,-19.8,-23.3,-23.3,-24.96,-22.05,-24.0,-23.0,-24.0,,-25.87,-29.9,-20.08,-23.2,,-28.5,-24.5,-29.0,-23.8,-31.43,-13.21,-26.0,-29.1,-23.56,-26.0,,-24.0,-5.5,-30.02,-21.65,5.17,54,0.5467269973,0.0884987534
2023,14,Hawaii,Colorado St.,-5.5,3,27,24,-4.99,-2.56,-2.26,-2.78,-2.84,-8.31,-7.22,-3.0,-4.53,-2.0,-4.5,-1.5,-4.95,-0.82,-3.83,0.97,-7.0,-5.45,-4.28,-6.57,-5.96,-3.58,-3.0,-6.0,-3.9,-2.86,-2.17,2.48,-2.0,-5.5,-6.0,,-2.74,-5.8,-4.87,-5.0,,-4.8,-5.5,-3.9,-3.7,-2.47,-0.22,-8.0,-4.8,-3.46,-3.3,,-5.5,-4.0,-4.78,-3.72,2.15,51,0.5415150157,0.4055174418
2023,14,Illinois,Northwestern,5.5,-2,43,45,2.84,1.33,4.96,-1.78,1.86,0.88,3.06,1.0,1.07,2.0,3.67,1.46,4.35,-0.26,2.43,-0.32,-3.0,0.95,5.56,0.89,6.04,-1.05,2.0,-0.9,1.86,5.07,1.65,3.26,8.0,5.0,1.0,,10.94,5.8,-1.57,3.9,,5.6,5.0,2.6,4.7,-1.51,-0.16,-5.0,6.0,-0.14,3.3,,5.5,9.0,0.61,1.38,3.17,88,0.4247950665,0.5596599198
2023,14,Kansas St.,Iowa St.,10.0,-7,35,42,12.48,13.62,11.87,20.72,14.75,15.18,12.83,12.0,18.17,14.0,13.68,11.18,18.11,11.07,14.8,11.88,8.0,16.55,14.26,14.94,9.57,14.72,15.0,15.1,15.0,13.59,11.75,15.04,15.0,12.0,11.0,,18.76,16.0,18.01,16.6,,16.0,11.0,16.9,18.7,25.2,1.51,18.0,16.2,15.12,15.0,,10.0,7.5,16.09,17.68,3.0,77,0.6168093564,0.8201912516
2023,14,Kent,Northern Ill.,-19.5,-10,27,37,-17.39,-14.76,-11.4,-17.66,-15.91,-19.03,-19.75,-15.0,-18.22,-15.0,-16.86,-12.9,-17.36,-12.27,-17.2,-15.94,-16.0,-22.55,-16.84,-22.59,-2.68,-18.91,-16.0,-22.0,-17.39,-12.34,-15.86,-16.35,-12.0,-17.0,-21.0,,-17.72,-17.5,-22.21,-17.4,,-15.0,-19.0,-25.6,-26.4,-26.73,-21.76,-27.0,-14.1,-21.26,-18.0,,-19.5,-2.5,-17.71,-22.09,5.33,64,0.5546255349,0.1521658508
2023,14,LSU,Texas A&M,12.0,12,42,30,6.62,10.71,7.24,1.91,5.88,10.01,6.81,10.0,10.84,12.0,6.03,10.65,9.74,5.49,8.42,6.71,6.0,9.95,8.76,7.86,9.94,6.8,12.0,6.7,8.28,9.67,7.21,7.2,13.0,10.0,7.0,,10.14,9.0,7.52,8.9,,7.9,11.0,14.3,7.1,29.84,2.59,9.0,9.8,8.28,7.5,,11.0,5.0,8.28,8.39,2.26,72,0.4116600374,0.7002560487
2023,14,Louisiana-Lafayette,Louisiana-Monroe,12.5,31,52,21,15.09,13.12,18.27,17.72,9.94,15.84,16.84,15.0,15.49,15.5,13.51,11.85,15.97,12.07,14.64,11.85,11.0,18.35,13.52,21.4,7.99,12.55,12.0,13.3,15.0,13.36,14.77,14.89,19.0,12.5,16.0,,14.49,16.2,15.33,14.9,,15.9,12.5,16.7,12.1,1.99,1.28,13.0,15.2,12.59,17.0,,12.5,9.5,15.93,12.23,2.83,73,0.5527910208,0.8180414833
2023,14,Louisville,Kentucky,7.5,-7,31,38,8.81,16.48,6.59,20.17,12.66,13.39,7.99,18.0,15.58,19.5,10.21,16.97,9.99,11.29,11.57,12.12,9.0,10.85,7.08,10.06,13.07,12.12,16.0,11.4,11.0,10.53,9.63,9.44,11.0,7.0,11.0,,4.06,10.2,12.72,9.6,,9.6,8.5,13.8,10.2,19.58,2.25,15.0,9.5,13.49,7.2,,7.0,8.5,9.49,13.59,3.45,69,0.5989127325,0.7618312489
2023,14,Marshall,Arkansas St.,2.5,14,35,21,3.5,0.33,6.0,3.47,2.14,1.06,1.14,0.25,-0.89,1.0,6.06,0.98,7.89,-0.34,1.17,-4.18,-3.0,-11.05,6.12,-9.17,2.56,0.58,1.0,1.7,1.4,6.04,5.6,4.02,1.0,2.5,-3.0,,3.34,1.3,2.95,2.6,,1.2,2.5,-6.3,7.9,14.66,0.24,-7.0,1.4,1.49,5.0,,2.5,4.5,-6.64,2.29,4.22,56,0.467735027,0.5283904802
2023,14,Massachusetts,Connecticut,-2.5,-13,18,31,-3.14,2.67,-2.44,0.56,3.06,-1.71,-4.8,9.0,-0.61,11.0,-2.73,4.42,0.11,7.35,1.44,4.69,1.0,-0.45,1.33,-1.41,1.56,4.84,9.0,4.4,1.33,0.38,-1.14,2.4,-2.0,-2.5,-4.0,,-4.28,-6.9,3.64,-0.3,,-6.0,-2.0,6.9,5.4,-2.14,2.71,3.0,-6.6,8.7,4.8,,-2.5,4.0,-2.5,0.53,4.36,49,0.5945755154,0.5348515155
2023,14,Michigan,Ohio St.,3.5,6,30,24,2.63,4.23,1.25,10.42,4.91,2.24,1.76,3.0,7.39,3.5,3.74,2.53,2.9,3.24,4.06,6.28,2.0,2.75,5.96,2.25,-1.59,2.67,4.0,7.3,3.74,3.31,2.85,1.83,4.0,4.0,2.0,,6.37,6.4,4.15,4.9,,6.9,3.5,6.7,3.9,3.13,0.74,5.0,6.7,2.73,6.7,,3.5,1.5,4.28,5.49,2.32,54,0.5139224859,0.5998911937
2023,14,Michigan St.,Penn St.,-22.5,-42,0,42,-20.44,-21.43,-23.7,-35.69,-22.13,-25.15,-21.34,-21.0,-29.1,-20.5,-21.91,-17.3,-28.04,-12.02,-24.01,-18.61,-21.0,-25.95,-22.66,-22.43,-14.21,-23.83,-22.0,-27.8,-23.83,-25.2,-19.88,-25.87,-22.0,-20.0,-22.0,,-25.34,-24.9,-30.15,-27.1,,-24.0,-22.5,-28.8,-25.3,-38.13,-11.59,-33.0,-23.9,-31.56,-25.5,,-21.0,-10.0,-20.56,-33.19,5.51,42,0.4641999732,0.0765302983
2023,14,Minnesota,Wisconsin,-2.5,-14,14,28,-2.54,0.09,-1.51,-10.49,-2.47,-4.3,-2.85,-2.0,-3.46,-0.5,-3.45,1.99,-0.27,0.24,-1.53,1.39,-5.0,-2.85,-2.52,0.28,3.5,-2.64,1.0,-3.0,-1.51,-0.35,-1.6,-2.91,2.0,-10.0,0.01,,2.67,-0.9,-4.18,-3.4,,-0.2,-2.5,-4.4,-2.8,1.95,-0.03,-5.0,-1.1,-3.75,0.3,,-2.5,-0.5,2.91,-4.29,2.64,42,0.5240311849,0.4621292466
2023,14,Mississippi St.,Mississippi,-10.0,-10,7,17,-10.87,-15.69,-7.89,-16.28,-11.45,-14.75,-10.43,-15.0,-14.8,-15.0,-11.73,-16.17,-11.75,-8.7,-12.32,-9.57,-15.0,-9.95,-10.38,-10.92,-9.61,-12.65,-16.0,-13.7,-12.39,-11.43,-12.82,-13.66,-9.0,-8.5,-9.0,,-11.46,-13.6,-13.88,-13.4,,-11.7,-10.0,-13.5,-12.0,-10.26,-3.9,-16.0,-12.8,-12.39,-17.5,,-10.0,-2.0,-6.58,-15.21,3.26,24,0.4430818031,0.223558438
2023,14,NC St.,North Carolina,-2.5,19,39,20,-0.38,2.3,-1.14,0.23,-2.39,-0.79,0.28,2.0,-1.29,3.5,-2.62,4.24,1.61,0.88,0.58,6.51,-3.0,2.45,-3.21,10.97,5.14,-0.38,1.0,-1.9,-0.38,-0.53,0.45,-4.45,3.0,-1.5,7.0,,-4.73,-1.2,-1.47,-3.2,,-0.8,-2.5,0.3,-2.1,-7.8,0.56,2.0,-1.6,-5.09,-3.6,,-2.5,-2.0,13.43,-3.41,3.86,59,0.5747668813,0.5141599523
2023,14,Nebraska,Iowa,2.5,-3,10,13,-4.52,-9.29,-6.33,-5.8,-2.5,-6.95,-4.27,-6.0,-2.78,-7.5,-3.18,-12.79,-5.61,-7.76,-4.95,-2.87,-7.0,-6.65,0.15,-8.06,-8.06,-4.51,-10.0,-2.4,-4.52,-6.67,-7.44,-3.84,-2.0,1.5,-6.0,,-9.13,-2.4,-3.16,-3.9,,-2.8,1.0,-1.6,0.1,0.73,-1.9,-5.0,-2.6,-5.36,-0.8,,2.5,2.5,-12.67,-3.94,3.16,23,0.3226628169,0.3798731283
2023,14,Nevada,Wyoming,-11.0,-36,6,42,-10.84,-17.76,-8.2,-12.66,-10.73,-16.72,-10.78,-15.0,-13.87,-15.0,-10.97,-19.87,-7.05,-10.25,-12.98,-8.92,-14.0,-13.25,-10.39,-12.75,-14.87,-11.25,-19.0,-12.5,-12.66,-11.83,-12.35,-11.84,-12.0,-10.5,-15.0,,-12.5,-16.1,-12.13,-12.9,,-14.0,-11.0,-10.7,-10.7,-3.03,-2.04,-16.0,-15.5,-13.21,-13.0,,-11.0,-4.5,-15.52,-14.07,3.49,48,0.4515219082,0.2122672211
2023,14,New Mexico,Utah St.,-6.0,-3,41,44,-6.27,-1.84,-8.53,0.74,-3.74,-6.84,-7.7,-3.0,-4.24,-1.0,-6.16,-0.54,-9.75,-1.72,-4.34,0.73,-6.0,-4.05,-8.2,-2.84,-4.77,-3.58,-3.0,-6.4,-4.24,-4.74,-4.67,-4.28,-6.0,-9.5,-5.0,,-6.3,-3.7,-4.93,-6.3,,-3.9,-6.0,-2.3,-5.6,-4.27,0.06,-7.0,-2.4,-2.92,-3.2,,-6.5,-2.0,-5.52,-5.31,2.35,85,0.5411958564,0.3934041275
2023,14,New Mexico St.,Jacksonville St.,-3.0,3,20,17,2.85,2.05,-0.01,-2.03,0.65,-4.48,2.64,2.0,1.72,4.0,1.75,2.23,-1.4,4.95,2.0,8.32,-1.0,3.65,-0.16,8.93,2.83,1.72,1.0,2.0,1.72,-0.2,4.38,0.82,6.0,1.5,4.0,,-1.35,4.3,1.25,0.3,,4.3,-1.5,0.4,0.3,-8.76,0.4,-2.0,3.5,-0.03,7.2,,-2.5,0.01,5.45,-0.43,2.73,37,0.6218779265,0.5494083376
2023,14,North Texas,UAB,2.5,3,45,42,6.0,2.59,1.76,5.68,6.55,2.03,6.28,4.0,6.93,3.5,7.05,0.26,4.65,6.83,5.13,8.04,1.0,7.05,5.07,7.19,0.26,5.0,2.0,5.2,5.55,1.9,4.85,3.44,7.0,3.0,7.0,,9.37,7.7,7.16,4.7,,5.9,3.0,10.3,-1.8,6.94,-0.45,10.0,6.9,5.55,3.1,,3.0,3.0,5.64,6.72,2.73,87,0.5648488059,0.6249388876
2023,14,Oklahoma,TCU,10.0,24,69,45,11.39,18.67,11.2,24.61,11.91,18.29,10.55,21.0,17.7,22.5,11.98,19.2,14.01,11.92,14.37,11.2,15.0,11.55,12.27,12.3,12.75,14.49,20.0,15.5,13.68,12.86,13.44,14.97,13.0,13.0,11.0,,9.08,11.1,17.87,15.3,,11.4,11.0,14.8,16.6,32.55,2.41,15.0,10.7,15.38,18.0,,10.0,2.5,13.68,15.24,3.88,114,0.6054261953,0.8103962282
2023,14,Oklahoma St.,BYU,16.5,6,40,34,12.57,13.69,12.23,14.52,14.12,9.53,14.46,13.0,12.88,15.0,12.04,14.14,12.3,10.89,12.35,11.31,9.0,10.25,12.0,14.66,9.97,12.97,15.0,13.4,12.6,10.68,10.57,13.33,14.0,17.0,9.0,,8.27,8.1,14.61,9.8,,8.7,15.0,17.5,16.1,23.03,1.63,17.0,8.0,8.82,12.6,,17.0,5.5,17.15,12.51,2.69,74,0.3983009626,0.7784685097
2023,14,Old Dominion,Georgia St.,2.5,1,25,24,3.37,1.42,0.39,2.93,2.21,6.83,5.59,2.0,5.34,2.0,2.51,-0.71,-1.65,0.63,3.1,7.61,1.0,6.75,0.9,9.47,0.73,3.53,1.0,5.6,2.21,0.84,0.03,1.65,8.0,2.5,7.0,,-0.75,1.1,5.01,2.1,,2.1,2.5,6.1,6.3,7.02,-0.16,1.0,1.1,2.26,-1.6,,3.0,4.5,8.28,2.67,2.83,49,0.5148419069,0.5762309616
2023,14,Oregon,Oregon St.,14.0,24,31,7,11.57,13.17,11.8,16.09,10.66,15.25,13.08,15.0,15.13,14.5,10.91,12.1,12.37,9.49,12.79,11.3,9.0,12.05,13.05,12.09,10.95,11.61,11.0,15.5,12.68,11.54,10.39,12.81,15.0,14.0,11.0,,13.21,15.4,14.33,14.0,,14.4,14.0,17.5,11.0,10.87,10.55,16.0,16.0,11.44,10.3,,14.0,7.5,14.49,15.31,2.32,38,0.469940094,0.7873362925
2023,14,Purdue,Indiana,5.0,4,35,31,6.45,5.35,6.26,3.79,4.32,1.47,7.3,5.0,4.47,4.5,5.03,5.83,6.78,5.07,6.13,6.41,2.0,7.45,6.86,8.19,5.98,4.36,5.0,8.1,6.26,5.9,6.75,4.04,8.0,2.5,8.0,,11.22,7.9,5.39,5.1,,6.2,5.0,7.4,9.3,0.13,0.63,3.0,7.0,2.35,6.9,,3.5,6.5,8.88,4.78,1.93,66,0.5281679189,0.6492674391
2023,14,Rice,Florida Atlantic,4.0,3,24,21,5.45,7.86,0.95,9.1,9.35,12.37,7.11,8.0,10.54,8.5,5.75,6.43,2.38,7.89,6.85,10.19,4.0,11.75,3.52,13.98,6.43,6.39,8.0,4.6,6.43,4.21,2.5,6.77,7.0,5.0,12.0,,4.9,3.4,7.61,4.7,,2.9,4.0,10.5,6.0,-8.38,0.59,12.0,3.0,5.15,-0.3,,4.0,4.5,11.62,8.57,3.33,45,0.5697408992,0.6636084543
2023,14,Rutgers,Maryland,-1.0,-18,24,42,-1.33,3.84,-4.07,-0.18,0.05,1.25,-1.66,4.0,1.97,1.5,-1.44,4.84,-5.85,0.58,-0.31,0.74,-1.0,-2.05,-1.84,1.06,3.53,0.84,5.0,-3.3,-0.32,-1.33,-1.03,-1.53,0.01,-1.0,1.0,,0.04,-3.9,0.09,-0.7,,-2.5,-1.0,-2.6,-1.2,-4.91,0.5,-3.0,-3.8,-0.54,1.4,,-1.0,-2.0,0.32,-0.32,2.47,66,0.5171286303,0.4923026402
2023,14,SMU,Navy,19.5,45,59,14,19.36,20.44,19.73,19.71,18.77,19.48,19.37,16.0,28.05,17.5,20.91,16.34,18.87,14.64,20.82,16.88,16.0,22.05,23.19,21.63,17.87,20.21,19.0,22.0,19.73,21.59,19.66,28.11,24.0,20.5,19.0,,20.67,16.1,25.48,23.0,,17.5,19.5,30.5,24.2,35.39,3.64,25.0,16.6,22.78,24.5,,18.5,13.0,16.03,26.38,4.06,73,0.5321041904,0.8980744802
2023,14,Sam Houston St.,Middle Tenn.,-3.0,3,23,20,-4.35,-5.93,-2.78,2.09,-2.05,-5.83,-4.48,-5.0,-1.5,-5.5,-3.98,-8.32,-6.6,-5.5,-3.69,-0.61,-4.0,-4.25,-1.9,-7.7,-4.77,-2.88,-7.0,-1.5,-3.86,-3.04,-5.3,-1.93,-2.0,-4.0,-4.0,,-3.31,-1.4,-1.61,-3.4,,-2.7,-3.0,-5.6,-3.8,-3.5,-1.77,-4.0,-3.6,-3.33,0.4,,-3.5,-0.5,-7.41,-3.86,2.13,43,0.4828188481,0.4088963895
2023,14,San Diego St.,Fresno St.,-5.0,15,33,18,-5.15,-11.62,-8.92,-14.16,-5.8,-11.11,-4.16,-10.0,-7.79,-12.0,-5.41,-13.68,-10.08,-8.45,-7.76,-4.7,-14.0,-3.45,-9.16,-5.39,-5.16,-9.35,-11.0,-9.8,-7.9,-8.23,-7.73,-8.23,-6.0,-6.0,-1.0,,1.74,-7.5,-9.52,-8.1,,-6.9,-5.5,-6.1,-9.9,-10.28,-2.09,-12.0,-7.9,-11.56,-7.6,,-5.0,-3.0,-6.53,-8.66,3.27,51,0.432390062,0.316042823
2023,14,South Carolina,Clemson,-7.5,-9,7,16,-4.53,-5.0,-6.61,-12.4,-1.81,-5.18,-5.15,-5.0,-6.13,-5.0,-4.1,-4.39,-4.87,-3.93,-4.5,-5.94,-8.0,-3.15,-4.72,-1.09,-0.86,-4.03,-6.0,-4.4,-4.63,-5.07,-4.63,-5.71,-2.0,-6.5,-2.0,,-5.6,-7.7,-4.05,-5.9,,-6.2,-6.5,-4.3,-2.4,3.44,-1.11,-8.0,-6.2,-1.95,-5.4,,-7.0,1.0,-2.66,-3.65,2.28,23,0.5741914426,0.38951503
2023,14,South Florida,Charlotte,7.0,34,48,14,4.95,7.37,5.05,6.77,5.37,4.32,4.98,10.0,1.83,11.0,3.45,10.35,3.97,9.59,5.62,6.8,3.0,4.35,5.56,4.49,5.9,3.91,9.0,3.4,4.98,5.22,6.64,4.2,7.0,4.0,5.0,,7.58,13.3,2.22,3.4,,11.7,7.0,1.9,0.3,-6.73,1.18,-1.0,12.6,3.55,3.4,,6.0,4.0,8.68,2.14,3.14,62,0.4660207952,0.63581153
2023,14,Southern Miss.,Troy St.,-17.0,-18,17,35,-17.19,-20.56,-16.16,-20.09,-16.33,-22.49,-17.61,-19.0,-21.11,-20.0,-17.5,-20.26,-22.58,-11.78,-19.43,-15.15,-19.0,-22.55,-18.76,-20.3,-14.95,-21.02,-21.0,-23.0,-19.23,-17.51,-18.3,-17.09,-18.0,-16.0,-17.0,,-14.5,-19.8,-24.21,-19.2,,-19.0,-17.0,-24.0,-22.6,-24.93,-2.75,-24.0,-19.2,-19.23,-23.5,,-16.5,-8.0,-22.32,-21.08,3.74,52,0.4407815564,0.1167697279
2023,14,Stanford,Notre Dame,-25.0,-33,23,56,-23.35,-22.05,-23.28,-42.26,-18.26,-31.7,-27.49,-23.0,-30.46,-20.5,-21.69,-17.51,-25.39,-10.67,-24.74,-12.48,-23.0,-28.55,-25.46,-27.42,-15.12,-20.28,-21.0,-22.9,-25.39,-23.85,-20.36,-27.39,-30.0,-25.0,-20.0,,-36.11,-30.1,-25.83,-30.9,,-28.5,-25.0,-27.1,-23.8,-17.96,-1.7,-33.0,-27.4,-27.27,-25.0,,-25.0,-11.0,-25.63,-26.9,6.23,79,0.5060826099,0.0734105551
2023,14,Syracuse,Wake Forest,2.5,4,35,31,4.32,5.75,2.17,10.42,5.29,9.3,4.27,6.0,7.14,5.5,4.84,5.01,2.07,3.7,4.73,5.0,5.0,5.15,3.28,4.13,4.68,3.28,6.0,4.3,4.9,4.68,4.1,7.32,6.0,3.0,5.0,,6.22,5.2,3.48,5.5,,4.9,3.0,3.3,3.8,-0.98,0.15,1.0,5.9,2.77,3.0,,3.0,6.0,4.96,7.0,1.93,66,0.5554528425,0.6163027648
2023,14,Temple,Memphis,-13.0,-24,21,45,-16.58,-20.26,-18.84,-20.64,-17.4,-21.3,-16.27,-24.0,-21.34,-22.0,-18.26,-19.67,-20.14,-11.22,-18.92,-12.43,-20.0,-21.25,-17.21,-20.66,-13.11,-20.18,-23.0,-22.4,-19.0,-17.95,-17.73,-18.97,-19.0,-10.0,-17.0,,-12.45,-18.5,-24.08,-19.6,,-18.6,-14.0,-19.8,-21.5,-30.04,-4.46,-20.0,-18.7,-23.67,-18.5,,-11.0,-4.0,-16.93,-21.97,4.02,66,0.3588553406,0.1239635968
2023,14,Tennessee,Vanderbilt,27.0,24,48,24,27.13,23.85,27.17,30.98,23.0,22.98,28.97,23.0,24.41,21.5,26.07,23.54,28.19,17.7,25.34,20.46,16.0,30.65,22.76,26.08,17.99,23.13,24.0,24.1,25.78,25.78,27.45,25.84,27.0,25.5,25.0,,26.35,26.9,27.4,25.1,,27.0,27.0,27.6,34.3,39.96,3.18,23.0,25.6,26.39,25.0,,27.0,19.0,28.43,26.88,3.6,72,0.4593855706,0.9402360162
2023,14,Texas,Texas Tech,14.5,50,57,7,13.98,19.87,15.18,21.77,13.23,15.74,14.82,19.0,16.31,23.5,11.15,21.79,16.29,14.02,16.15,14.37,12.0,15.85,12.9,18.31,16.65,14.88,22.0,16.2,15.6,13.84,16.55,16.33,16.0,14.5,14.0,,11.44,15.3,15.75,15.6,,15.4,14.5,16.8,21.8,12.35,3.35,14.0,15.3,12.34,22.5,,12.5,9.5,14.17,14.86,3.2,64,0.5405764481,0.8406780579
2023,14,Texas St.,South Alabama,-6.0,8,52,44,-8.65,-3.66,-6.71,-10.77,-0.58,-5.16,-9.54,-5.0,-8.63,-3.0,-8.84,-0.98,-13.42,-1.65,-8.12,-1.54,-6.0,-12.75,-8.11,-9.79,-0.23,-8.37,-5.0,-10.2,-8.65,-6.84,-8.05,-8.03,-10.0,-5.5,-9.0,,-18.55,-14.7,-11.73,-9.9,,-11.7,-6.0,-12.8,-12.6,-13.08,-0.4,-9.0,-13.8,-6.19,-5.1,,-6.0,-2.5,-6.76,-10.47,4.17,96,0.4486125342,0.3103932052
2023,14,Tulane,Texas-San Antonio,3.5,13,29,16,1.29,10.18,6.06,2.71,3.69,0.98,-2.03,9.0,2.7,11.0,2.48,14.21,4.37,6.2,4.0,0.73,2.0,-3.05,5.42,-5.72,10.95,4.5,8.0,4.2,3.69,4.75,6.35,3.33,2.0,3.0,-2.0,,-0.33,4.7,3.79,3.6,,3.2,3.5,-0.3,4.3,2.15,3.71,1.0,5.6,4.29,14.5,,3.5,2.5,-0.25,3.17,4.22,45,0.51214258,0.59620377
2023,14,UCLA,California,9.0,-26,7,33,9.89,9.65,9.65,21.72,10.38,13.76,11.16,12.0,13.38,10.5,9.92,7.64,8.82,7.96,10.7,8.4,8.0,13.45,10.13,13.95,10.75,8.76,10.0,7.9,10.27,10.27,8.22,8.94,14.0,10.5,14.0,,12.96,11.0,10.68,11.0,,11.0,9.0,14.2,7.9,-1.68,0.89,13.0,10.4,8.73,8.3,,9.0,8.5,9.71,10.95,2.58,40,0.5420898248,0.7470669991
2023,14,UNLV,San Jose St.,2.5,-6,31,37,2.24,9.39,1.37,7.46,4.47,3.78,1.12,10.0,2.85,11.5,1.93,12.93,-1.89,6.82,3.89,3.62,6.0,1.65,2.78,0.89,10.15,6.0,8.0,3.1,2.85,3.87,4.46,2.79,2.0,3.0,-1.0,,-3.72,2.6,5.9,2.0,,2.0,2.5,1.9,1.8,-8.35,1.41,-1.0,2.3,7.7,3.9,,2.5,-2.0,5.01,3.7,3.75,68,0.5339544934,0.5942446026
2023,14,UTEP,Liberty,-17.0,-14,28,42,-15.34,-26.39,-16.18,-20.42,-15.86,-22.64,-15.63,-26.0,-19.48,-26.0,-14.76,-30.12,-18.61,-12.46,-19.13,-18.49,-25.0,-19.05,-16.07,-23.18,-21.33,-18.51,-25.0,-22.1,-18.6,-15.99,-17.64,-16.06,-16.0,-16.5,-17.0,,-10.19,-18.2,-19.41,-18.6,,-16.7,-17.0,-20.4,-18.5,-36.32,-14.59,-21.0,-17.5,-19.51,-25.0,,-17.0,-10.0,-23.76,-19.59,4.21,70,0.4484019928,0.1220374256
2023,14,Utah,Colorado,20.5,6,23,17,15.22,14.92,22.65,21.23,9.4,14.74,16.63,14.0,14.7,16.0,13.34,15.03,23.73,11.48,17.43,12.15,10.0,21.25,17.65,17.42,14.54,13.24,16.0,13.6,16.0,18.52,15.72,16.94,26.0,21.5,19.0,,30.69,26.3,15.24,16.3,,22.5,20.0,23.8,14.5,34.91,2.07,15.0,23.9,13.73,17.5,,22.0,12.0,22.38,14.56,4.62,40,0.4263417327,0.8541252384
2023,14,Virginia,Virginia Tech,-2.5,-38,17,55,-1.8,-2.37,-0.16,-5.47,-1.21,-2.53,-1.59,-3.0,-2.99,0.01,-1.74,-2.05,-0.82,-1.24,-1.88,0.08,-6.0,-3.05,-3.05,-2.9,-5.2,-1.56,-2.0,-0.6,-1.8,-1.24,-2.7,-3.72,-3.0,-3.0,1.0,,-2.16,-0.3,-1.4,-4.0,,-0.7,-2.5,-1.5,-2.8,-0.91,0.09,-4.0,-0.1,-2.92,-4.9,,-2.5,1.5,-0.53,-2.75,1.79,72,0.5154789962,0.4531600446
2023,14,Washington,Washington St.,15.5,3,24,21,15.68,25.88,13.9,18.14,16.48,17.08,15.29,28.0,16.94,31.5,14.4,30.69,13.83,16.06,19.26,18.08,16.0,15.45,17.03,20.84,28.77,17.15,24.0,17.0,17.88,17.88,19.77,18.33,17.0,17.0,17.0,,24.14,20.0,17.54,17.4,,18.2,16.0,16.0,19.9,22.97,21.62,14.0,18.5,20.57,23.5,,16.0,11.0,24.57,17.95,4.97,45,0.5894075116,0.8765184397
2023,14,Western Mich.,Bowling Green,-2.5,-24,10,34,-0.15,-5.56,3.32,-3.54,-4.73,-2.89,1.19,-4.0,-5.45,-5.0,-2.77,-5.62,-2.91,-4.29,-3.35,-2.09,-6.0,-3.45,-0.64,-10.43,-1.86,-5.03,-6.0,-7.0,-3.54,-1.7,-0.31,-3.6,-5.0,0.0,-5.0,,-3.07,-0.3,-5.9,-6.6,,0.2,-2.5,-3.3,-5.1,-6.8,-1.06,-9.0,-0.6,-5.51,0.8,,-2.5,0.5,-3.12,-6.02,2.98,44,0.4790160557,0.4178497495
2023,15,Alabama,Georgia,-5.0,3,27,24,-0.27,-3.29,-1.16,-2.54,-1.17,-2.83,0.89,-5.0,-2.63,-4.0,-0.65,-3.65,-3.71,-3.47,-3.09,-4.45,,-0.2,-5.55,-3.56,-6.63,-2.63,,-6.0,-3.0,-2.85,-2.09,-0.72,-3.0,-4.0,-2.0,,-2.05,-3.9,-3.59,-2.9,,-3.9,-5.0,-6.6,-3.0,-1.25,-9.9,-3.0,-5.1,-3.52,-6.8,,-6.5,-3.0,-1.26,-2.24,1.82,51,0.5475753277,0.4233274482
2023,15,Florida St.,Louisville,2.5,10,16,6,7.34,10.23,7.94,7.58,4.44,8.5,7.64,12.0,8.39,11.5,6.5,11.21,9.77,10.1,8.69,7.9,,7.9,6.73,10.8,12.98,7.83,,8.1,8.45,7.09,8.6,9.11,11.0,6.5,11.0,,14.43,8.6,9.11,10.4,,9.1,4.0,5.6,8.3,22.61,11.66,8.0,9.3,9.28,4.4,,2.5,6.5,10.82,7.81,2.23,22,0.6503027619,0.7061218591
2023,15,Iowa,Michigan,-22.5,-26,0,26,-18.35,-16.89,-20.16,-25.79,-17.25,-21.35,-20.25,-13.0,-24.63,-17.0,-18.67,-12.73,-22.24,-14.86,-20.79,-21.06,,-22.0,-21.34,-23.28,-17.32,-18.08,,-26.5,-21.46,-18.25,-16.13,-21.56,-21.0,-23.0,-22.0,,-22.11,-25.7,-23.84,-22.7,,-24.2,-22.5,-24.8,-22.1,-32.16,-27.76,-25.0,-24.7,-20.2,-26.0,,-22.0,-8.0,-23.17,-23.77,4.12,26,0.5415183003,0.1024746505
2023,15,Liberty,New Mexico St.,10.5,14,49,35,10.68,15.5,14.08,10.94,12.26,12.22,8.9,16.0,10.91,14.0,13.15,17.96,11.68,12.4,11.49,9.28,,7.55,9.48,6.88,9.91,11.13,,15.0,11.64,12.24,12.73,13.65,9.0,6.5,5.0,,5.97,10.0,12.72,12.1,,9.2,10.5,11.6,15.7,7.0,11.09,11.0,9.4,11.79,18.0,,11.5,10.0,6.98,12.71,2.89,84,0.5244633562,0.7618098767
2023,15,Texas,Oklahoma St.,15.0,28,49,21,12.81,14.61,13.57,21.84,10.91,18.37,13.71,17.0,19.04,19.0,11.75,12.22,17.52,12.1,16.27,11.27,,23.8,14.44,19.16,11.14,13.79,,15.9,16.86,13.8,13.65,17.03,19.0,11.5,15.0,,19.32,20.8,16.72,18.9,,19.8,15.0,17.7,19.4,23.88,2.44,15.0,20.8,17.99,22.5,,15.0,8.5,16.01,18.39,3.58,70,0.5311015606,0.8412871277
2023,15,Toledo,Miami (Ohio),8.0,-9,14,23,4.06,4.26,5.52,6.69,5.25,4.02,3.69,4.0,3.71,3.5,5.17,4.55,2.89,4.38,4.2,0.73,,2.6,7.6,1.09,2.23,2.59,,3.8,4.04,5.6,4.05,3.53,2.0,6.5,3.0,,4.54,3.8,2.43,4.4,,3.4,6.5,6.6,5.6,12.17,0.69,5.0,3.7,9.43,5.1,,8.0,5.5,3.94,5.73,1.68,37,0.4059191692,0.6037684739
2023,15,Troy St.,Appalachian St.,5.5,26,49,23,3.95,9.25,3.25,9.67,6.57,5.7,3.12,12.0,7.4,11.0,4.4,10.24,7.58,9.74,7.31,7.42,,7.45,8.34,6.98,8.41,8.02,,9.8,7.4,5.96,5.24,6.62,7.0,6.0,5.0,,9.76,8.5,8.31,8.2,,7.4,5.5,6.4,6.7,9.49,1.0,6.0,8.7,6.78,7.6,,6.0,5.5,8.24,6.84,2.04,72,0.545019846,0.6760667247
2023,15,Tulane,SMU,3.0,-12,14,26,-4.75,2.04,-2.9,-5.06,-3.14,-9.96,-7.03,2.0,-12.36,5.0,-6.14,9.8,-3.59,2.73,-3.4,-0.96,,-5.75,-0.93,-7.86,8.53,-4.5,,-4.0,-3.94,-3.87,0.23,-8.26,-9.0,4.0,-5.0,,-0.7,-1.5,-9.6,-7.6,,-2.8,2.0,-11.7,-5.6,-7.39,2.21,-10.0,-1.6,-6.5,3.6,,3.5,1.5,1.2,-9.28,5.3,40,0.3510829435,0.419509231
2023,15,UNLV,Boise St.,-2.5,-24,20,44,-5.15,2.6,-5.29,1.3,-1.41,-1.78,-5.45,6.0,-0.97,5.5,-4.82,4.52,-4.26,0.18,-1.81,-2.22,3.0,-4.1,-1.48,-5.32,6.02,,,0.01,-2.1,-0.09,-5.49,-2.02,-7.0,-1.0,-4.0,,-8.77,-2.4,-0.74,-3.0,,-2.1,-2.5,-3.0,-8.5,4.75,0.47,-3.0,-2.5,0.98,-1.8,,-2.5,-3.5,0.32,1.07,3.81,64,0.5168555613,0.4558619585
2023,15,Washington,Oregon,-9.5,3,34,31,-7.81,0.17,-7.05,-18.43,-6.72,-11.74,-11.44,-2.0,-11.37,2.0,-6.41,6.38,-7.61,-2.84,-7.59,-7.76,,-13.8,-8.74,-13.28,7.67,-6.39,,-11.3,-8.01,-3.89,-2.06,-9.72,-13.0,-7.5,-7.0,,-7.31,-9.7,-9.74,-8.6,,-10.0,-9.5,-16.8,-8.2,-8.48,9.43,-13.0,-10.4,-7.59,-3.6,,-10.0,-2.5,-10.84,-11.44,5.71,65,0.5450736184,0.3263793573
2023,16,Navy,Army,-3.0,-6,11,17,-2.56,-1.53,-3.72,0.62,-2.67,-0.71,-0.28,-2.0,-1.96,-2.0,-2.74,-1.31,0.38,-3.01,-2.56,-8.69,-2.0,-2.2,-1.52,-2.61,-3.59,-3.77,,-3.5,-2.56,-3.58,-4.63,-4.06,-2.0,-1.5,-5.0,,-6.74,-0.1,-2.78,-2.1,,-1.1,-3.0,-2.0,-3.2,-2.59,-1.69,-4.0,0.3,-4.62,-6.8,,-3.0,0.01,-2.02,-4.41,1.93,28,0.5109750998,0.4364085318
2023,19,Air Force,James Madison,-1.0,10,31,21,-5.96,-12.66,-4.14,-6.88,-4.33,-9.49,-7.84,-10.0,-9.64,-12.0,-3.7,-14.29,-4.98,-6.86,-8.42,-10.86,-9.0,-15.7,-5.63,-12.3,-11.23,-9.11,,-6.9,-7.84,-8.31,-6.87,-5.03,-10.0,-3.5,-12.0,,-5.69,-7.3,-9.05,-7.0,,-7.7,-2.5,-13.7,-9.2,-9.78,-2.05,-8.0,-8.2,-7.57,-3.9,,-3.0,-5.5,-11.13,-7.15,2.97,52,0.3229526669,0.3010512078
2023,19,Appalachian St.,Miami (Ohio),6.5,4,13,9,2.62,-4.53,6.73,-0.98,3.36,-0.56,1.99,-7.0,0.49,-7.0,4.68,-7.25,3.9,6.5,1.06,-2.06,1.0,0.6,4.62,-2.58,-6.02,1.37,,1.6,1.17,1.17,1.14,0.84,3.0,4.0,0.01,,-1.26,-0.8,2.78,0.3,,0.01,5.5,4.9,6.8,6.87,-1.18,8.0,1.1,7.06,3.0,,6.5,2.0,-2.74,3.2,3.96,22,0.3697522041,0.5258295953
2023,19,Boise St.,UCLA,-5.5,-13,22,35,-1.01,1.18,-6.86,-5.82,-2.25,-2.47,0.7,-3.0,-0.56,0.01,-3.62,2.12,-3.99,-4.5,-1.26,2.22,-1.0,4.9,-6.22,4.21,2.33,-3.71,,-1.0,-1.01,-7.75,-0.25,-2.83,5.0,-3.0,-1.0,,1.93,-5.1,-2.24,-2.5,,-5.0,-4.5,2.1,1.0,-8.17,-0.7,-5.0,-6.6,-1.79,-0.7,,-4.5,1.0,4.37,-3.09,3.5,57,0.6028922088,0.4691073691
2023,19,Boston College,SMU,-10.0,9,23,14,-16.63,-16.72,-14.76,-20.73,-13.36,-20.85,-20.2,-16.0,-23.5,-12.0,-17.44,-13.07,-16.54,-9.2,-16.25,-10.37,-10.0,-21.6,-8.58,-22.86,-13.94,-12.77,,-14.9,-15.9,-12.11,-13.53,-13.76,-25.0,-9.5,-19.0,,-15.59,-14.2,-17.5,-19.6,,-13.4,-11.5,-19.5,-15.9,-16.18,-1.48,-18.0,-13.4,-16.67,-14.0,,-11.0,-10.0,-26.16,-18.11,4.15,37,0.3516254816,0.1609813067
2023,19,Eastern Mich.,South Alabama,-17.0,-49,10,59,-11.83,-12.28,-16.79,-16.53,-13.12,-16.09,-10.0,-14.0,-20.14,-11.5,-15.08,-8.05,-18.14,-9.9,-15.52,-8.82,-9.0,-15.7,-21.96,-10.76,-6.5,-19.37,,-21.0,-15.7,-15.2,-11.07,-13.74,-15.0,-17.0,-10.0,,-19.07,-17.9,-21.89,-17.0,,-16.7,-17.0,-25.3,-24.7,-27.39,-1.16,-20.0,-19.0,-21.3,-18.5,,-15.5,-6.5,-10.33,-22.15,5.01,69,0.5354211512,0.1755914551
2023,19,Florida St.,Georgia,-19.0,-60,3,63,-5.67,1.25,-10.84,-2.67,-1.78,-3.52,-7.66,4.0,-1.5,4.0,-4.5,2.72,-6.94,1.29,-4.29,-3.26,2.0,-6.9,-7.47,-8.29,2.07,-0.33,,-5.1,-4.59,-4.59,-5.35,-3.78,-7.0,-13.0,-5.0,,-2.55,-7.6,-1.72,-3.1,,-6.7,-17.5,-9.0,-5.6,2.93,8.92,-4.0,-7.0,-4.97,-14.5,,-14.0,-1.5,-10.7,-2.32,4.26,66,0.8145929718,0.3970456356
2023,19,Fresno St.,New Mexico St.,-3.5,27,37,10,3.54,-2.73,11.01,1.57,1.63,4.96,1.54,-3.0,-3.78,-4.5,5.0,-2.17,8.16,-3.5,0.21,-7.12,0.0,-4.3,3.56,-1.33,-3.53,0.58,,1.0,0.56,3.97,4.26,1.42,-2.0,-1.5,-9.0,,2.92,-0.4,1.69,1.5,,-1.5,-3.0,-4.7,7.2,0.68,0.22,-2.0,0.1,0.56,-0.3,,-3.5,4.0,-7.92,2.24,4.45,47,0.5890304526,0.5050818975
2023,19,Georgia Tech,Central Florida,-6.0,13,30,17,-7.46,0.86,-7.95,-10.79,-5.35,-2.59,-6.69,1.0,-4.18,0.5,-8.07,3.57,-7.58,-2.99,-4.82,-1.08,-2.0,-4.9,-6.97,0.31,-3.0,-2.58,,-3.4,-4.9,-5.74,-8.02,-5.9,-3.0,-6.0,-4.0,,-10.85,-3.2,-5.61,-5.5,,-3.6,-6.0,-9.3,-12.9,-7.98,0.56,-4.0,-3.6,-7.07,-7.6,,-4.5,-5.5,-0.61,-7.77,3.44,47,0.5289558932,0.3833331098
2023,19,Iowa St.,Memphis,11.0,-10,26,36,9.94,1.16,10.52,5.23,8.45,6.77,12.95,-2.0,6.88,-3.0,9.39,-1.91,10.51,6.01,7.7,11.73,-1.0,13.7,5.3,15.32,-1.32,5.52,,9.2,8.4,6.95,8.35,4.45,10.0,6.0,15.0,,7.83,8.9,10.3,4.3,,8.4,10.5,12.3,17.5,1.21,0.85,9.0,8.2,6.52,8.9,,9.0,-1.0,12.11,7.85,5.02,62,0.4214351935,0.6781461082
2023,19,Kansas St.,NC St.,3.0,9,28,19,10.14,3.59,14.11,14.64,12.8,7.54,9.42,3.0,11.97,3.0,13.56,-0.92,16.63,5.27,8.81,2.21,5.0,8.6,12.63,4.57,-4.07,9.68,,12.3,9.04,10.26,7.94,9.04,9.0,5.5,0.01,,11.08,6.1,14.49,12.0,,6.3,4.0,13.2,22.1,26.69,0.04,12.0,7.1,14.99,6.9,,3.0,4.5,-0.61,16.02,5.69,47,0.6347872846,0.6993296324
2023,19,Kentucky,Clemson,-4.5,-3,35,38,-5.86,-5.51,-7.31,-15.39,-3.95,-7.22,-6.69,-7.0,-8.24,-5.5,-6.19,-4.04,-5.52,-3.11,-5.89,-4.03,-5.0,-7.5,-6.75,-2.21,-2.48,-4.66,,-4.3,-5.85,-6.16,-5.14,-5.7,-8.0,-7.0,-2.0,,-7.87,-6.4,-5.13,-7.5,,-6.0,-4.5,-9.9,-3.5,-2.69,-0.19,-8.0,-6.0,-5.65,-4.9,,-4.5,-4.0,-4.12,-6.21,2.31,73,0.4654742358,0.3567430334
2023,19,LSU,Wisconsin,10.0,4,35,31,12.35,14.76,12.61,11.14,12.37,19.52,14.4,14.0,19.19,14.0,12.13,12.38,11.64,8.74,15.34,12.08,11.0,19.9,14.98,21.02,11.4,13.91,,15.6,14.98,14.09,11.53,12.85,17.0,10.5,17.0,,17.85,17.2,17.06,17.4,,16.6,11.5,19.8,19.3,27.93,3.14,21.0,17.1,16.63,23.0,,8.5,4.0,18.96,18.05,3.75,66,0.6283120323,0.8265113417
2023,19,Louisiana-Lafayette,Jacksonville St.,-2.5,-3,31,34,0.41,-5.79,4.33,-8.56,-4.24,-0.54,0.99,-7.0,-5.74,-7.0,-0.51,-5.81,1.25,-2.5,-2.43,-3.24,-4.0,-3.3,-1.71,7.98,-5.78,-3.65,,-2.1,-2.5,-1.56,0.82,-1.09,1.0,1.0,-7.0,,-5.24,2.0,-4.25,-2.0,,0.8,-2.5,-5.2,-2.5,-2.79,-0.54,-6.0,1.5,-6.43,2.5,,-2.5,0.01,-5.89,-6.4,3.68,65,0.5017137377,0.4407283953
2023,19,Marshall,Texas-San Antonio,-11.5,-18,17,35,-8.56,-5.22,-6.57,-8.87,-7.57,-6.53,-12.26,-6.0,-9.9,-5.5,-7.94,-2.7,-8.77,-5.69,-8.51,-4.01,-8.0,-13.2,-11.46,-14.76,-3.11,-4.02,,-5.3,-7.57,-6.51,-6.22,-6.31,-13.0,-9.5,-10.0,,-18.19,-13.7,-5.82,-9.9,,-13.2,-11.0,-11.0,-7.4,6.52,0.63,-10.0,-12.9,-7.37,-7.0,,-11.0,-5.5,-12.13,-8.23,3.48,52,0.572985611,0.3002656199
2023,19,Maryland,Auburn,-6.5,18,31,13,-0.08,1.48,-3.31,1.36,0.13,0.85,-1.62,1.0,0.24,2.5,-0.55,2.14,1.66,3.11,0.01,3.03,1.0,-1.0,0.16,-3.15,1.66,0.54,,0.8,0.24,0.41,1.62,-1.06,-1.0,-2.0,-3.0,,-5.24,-2.2,0.44,-1.4,,-2.4,-5.0,2.0,-0.3,2.07,0.15,1.0,-3.2,-1.37,2.9,,-2.5,4.5,1.17,-0.68,2.1,44,0.6578249239,0.50024913
2023,19,Miami (Fla.),Rutgers,-2.5,-7,24,31,5.9,4.79,6.82,7.7,5.09,9.39,7.63,5.0,6.89,6.0,4.99,3.66,6.48,4.94,6.78,6.63,5.0,8.0,7.05,8.99,3.0,5.73,,8.3,6.82,3.8,5.48,5.88,9.0,6.0,10.0,,10.5,7.4,7.2,7.4,,7.0,-1.0,11.8,9.1,12.08,0.4,8.0,7.4,6.6,3.3,,1.0,4.5,6.73,6.15,1.99,55,0.7190590742,0.6641388729
2023,19,Michigan,Alabama,2.5,7,27,20,3.02,4.82,0.71,8.8,5.23,7.22,2.36,11.0,8.13,12.0,3.89,3.04,9.2,3.67,5.29,10.22,1.0,3.8,4.25,3.45,4.32,6.07,,10.5,4.9,4.63,2.71,2.01,5.0,2.5,2.0,,5.83,4.9,8.96,6.0,,5.0,2.5,5.3,2.2,8.24,24.93,9.0,5.0,7.15,3.6,,2.5,2.5,-0.63,7.32,3.0,47,0.5685580967,0.6283390188
2023,19,Minnesota,Bowling Green,3.0,6,30,24,5.83,-1.36,16.7,-7.7,0.78,-0.23,4.8,-2.0,-0.6,-4.0,5.2,-1.77,11.24,0.98,2.81,-3.76,-4.0,0.3,8.28,-2.74,-0.33,1.15,,0.6,1.62,8.8,7.8,3.53,3.0,6.0,1.0,,9.47,9.6,1.62,4.8,,9.1,3.0,-3.2,4.0,1.99,-0.01,3.0,10.3,1.52,7.9,,3.5,-2.5,-4.48,3.35,5.53,54,0.4954909832,0.5663781317
2023,19,Northern Ill.,Arkansas St.,-3.0,2,21,19,2.97,-4.56,0.98,6.99,2.6,2.55,4.42,-3.0,-1.59,-1.5,3.7,-6.16,6.42,-1.02,1.03,-2.13,3.0,-2.1,4.22,2.19,-5.45,-1.09,,0.01,1.1,2.25,1.07,1.0,1.0,-1.0,-3.0,,2.87,4.9,1.1,1.4,,4.0,-2.0,1.8,11.0,4.58,-0.48,2.0,2.5,0.31,-2.1,,-1.0,4.5,-4.64,2.37,3.54,40,0.597845423,0.5252468993
2023,19,Northwestern,Utah,-6.5,7,14,7,-9.76,-7.02,-18.11,-12.43,-9.53,-12.05,-7.4,-6.0,-9.65,-6.5,-11.76,-5.61,-13.31,-7.37,-10.06,-4.85,-5.0,-7.3,-12.68,-3.08,-8.33,-9.01,,-8.3,-10.48,-11.89,-10.61,-10.48,-9.0,-9.0,-6.0,,-19.0,-14.1,-10.94,-11.8,,-13.0,-7.0,-14.4,-13.6,2.52,-1.32,-11.0,-14.9,-12.07,-13.2,,-7.0,-5.5,-0.85,-13.1,3.96,21,0.4138753298,0.2693210944
2023,19,Ohio,Georgia Southern,-2.5,20,41,21,4.29,4.26,2.25,11.26,2.26,1.3,5.98,5.0,2.48,6.5,2.75,5.21,4.93,-3.5,4.68,3.62,4.0,6.1,4.29,7.09,8.73,2.89,,6.1,4.29,3.51,4.54,1.82,3.0,2.0,6.0,,6.6,8.3,3.41,3.1,,7.3,-1.0,7.5,9.6,4.31,0.71,1.0,6.6,2.36,0.2,,-3.0,4.0,12.26,2.83,2.97,62,0.671688424,0.6140085235
2023,19,Ohio St.,Missouri,3.5,-11,3,14,12.84,6.99,17.5,11.73,6.93,8.41,14.25,12.0,9.53,12.5,12.57,5.63,16.5,8.01,10.02,12.07,7.0,8.8,11.07,5.27,9.44,9.26,,9.7,9.65,12.8,12.65,9.61,12.0,7.0,8.0,,10.27,11.8,11.53,11.5,,11.1,5.0,8.2,6.9,20.17,17.5,8.0,10.1,9.22,0.7,,-2.5,8.0,8.65,9.65,3.15,17,0.6564733958,0.7320797142
2023,19,Oklahoma,Arizona,-2.5,-14,24,38,8.16,7.79,13.55,9.22,5.86,6.13,6.62,9.0,9.79,9.0,9.14,6.72,9.31,4.31,5.94,-0.9,5.0,-1.7,10.4,-6.65,1.58,5.35,,5.4,6.72,10.16,9.13,9.49,5.0,-1.0,-3.0,,6.95,3.0,8.85,12.2,,2.9,-1.0,5.0,10.3,19.34,0.32,6.0,3.1,7.33,2.2,,-3.0,2.0,-2.05,8.37,4.42,62,0.6957346788,0.64074927
2023,19,Oklahoma St.,Texas A&M,3.0,8,31,23,-4.93,-0.01,-5.63,-17.04,-3.03,-11.44,-7.55,-3.0,-8.35,1.0,-5.38,4.47,-7.7,0.09,-7.05,-3.74,-7.0,-13.6,-8.31,-12.67,3.19,-5.45,,-10.5,-7.66,-3.95,-2.49,-8.03,-8.0,-5.0,-10.0,,-12.28,-13.4,-8.17,-11.6,,-12.9,1.5,-6.9,-8.7,-0.42,0.21,-7.0,-12.2,-8.39,-7.6,,-3.0,-4.5,-7.66,-8.56,4.77,54,0.2721417152,0.3352911857
2023,19,Old Dominion,Western Kentucky,6.5,-3,35,38,-3.54,-2.17,-6.69,-5.28,-4.26,2.69,0.56,-3.0,-3.79,-3.5,-5.81,-1.29,-4.76,-4.45,-2.21,0.89,-1.0,1.3,-4.49,10.27,-1.65,-1.11,,-1.9,-3.0,-3.07,-5.55,-3.52,-3.0,-2.5,2.0,,-7.13,-3.2,-1.62,-5.2,,-3.0,5.0,-2.6,5.3,3.58,0.89,-3.0,-3.5,-4.9,-2.4,,2.5,-1.0,4.87,-4.19,3.39,73,0.2957895465,0.4458555678
2023,19,Oregon,Liberty,16.5,39,45,6,19.98,6.26,23.26,20.53,18.28,19.93,23.7,8.0,20.76,5.5,20.56,-1.56,20.69,7.59,18.83,12.9,1.0,25.4,19.95,27.06,4.72,17.27,,20.0,20.53,21.08,16.97,18.59,22.0,15.0,19.0,,29.6,29.8,22.88,20.7,,27.4,17.0,24.4,25.7,18.05,1.61,25.0,30.5,22.63,17.0,,17.5,2.0,16.29,26.47,8.24,51,0.5518233252,0.8537784892
2023,19,Oregon St.,Notre Dame,-6.5,-32,8,40,-4.91,-4.56,-5.86,-8.56,-1.38,-8.89,-8.56,-5.0,-7.53,-4.0,-3.76,-2.96,-6.17,-1.39,-5.52,-1.89,-5.0,-5.2,-6.09,-6.55,-1.8,-4.08,,-4.3,-5.5,-4.23,-3.05,-5.5,-7.0,-10.5,-3.0,,-8.68,-7.7,-5.61,-8.3,,-7.8,-6.5,-6.0,-2.9,3.92,-0.18,-7.0,-7.4,-3.8,-10.1,,-6.5,-5.5,-7.3,-3.88,2.27,48,0.5243642644,0.365343288
2023,19,Penn St.,Mississippi,5.5,-13,25,38,8.76,4.3,11.29,19.9,9.07,13.37,12.62,8.0,12.85,7.0,8.76,-0.3,12.84,7.2,10.19,10.76,7.0,17.2,7.74,16.1,0.69,10.4,,11.9,10.59,9.02,5.46,8.09,14.0,4.0,11.0,,7.5,10.7,14.99,10.2,,10.8,6.5,16.1,8.2,20.1,7.68,15.0,9.0,12.1,3.2,,3.5,5.5,12.97,12.82,4.34,63,0.6121773252,0.7321137289
2023,19,Rice,Texas St.,-3.5,-24,21,45,3.77,-0.08,0.68,3.89,1.4,0.29,5.69,0.25,5.5,-1.0,4.0,-3.08,3.12,-1.78,1.88,-3.82,-1.0,6.0,-0.96,4.9,-5.72,0.36,,-0.1,2.65,1.05,2.02,3.73,4.0,-4.5,2.0,,8.76,4.7,2.65,4.5,,2.6,-2.5,3.0,3.5,6.39,-1.47,3.0,4.1,3.53,-3.2,,-4.5,-0.5,-3.45,5.12,3.23,66,0.6300920806,0.5461930857
2023,19,San Jose St.,Coastal Carolina,9.0,-10,14,24,5.89,3.13,4.14,3.99,6.23,6.11,9.46,3.0,7.84,2.0,5.36,0.59,5.04,4.19,6.84,6.96,2.0,14.1,5.3,14.96,2.34,5.32,,6.5,6.23,3.0,3.44,2.48,10.0,7.0,13.0,,9.39,9.9,7.73,4.7,,9.5,9.0,10.3,5.2,2.53,0.4,11.0,8.1,7.07,7.8,,10.0,4.5,15.97,8.09,3.63,38,0.4472373909,0.6627718611
2023,19,South Florida,Syracuse,-2.5,45,45,0,-10.14,-6.7,-14.55,-7.83,-7.39,-10.68,-8.65,-9.0,-11.38,-4.0,-11.22,-4.18,-10.88,-4.35,-9.2,-9.42,-6.0,-6.5,-9.23,-9.36,-6.48,-9.14,,-9.9,-9.36,-13.82,-11.06,-8.98,-9.0,-5.5,-11.0,,-17.65,-8.5,-10.72,-11.3,,-9.6,-4.0,-7.7,-11.4,3.51,-2.33,-10.0,-10.3,-11.3,-5.0,,-3.0,-3.0,-4.72,-13.74,3.1,45,0.3393449932,0.2847381839
2023,19,Tennessee,Iowa,6.0,35,35,0,4.67,-1.13,6.54,4.06,4.8,6.07,6.24,-1.0,5.77,-3.0,6.13,-4.85,7.72,-0.85,5.11,0.82,8.0,5.0,9.72,6.36,0.23,4.25,,7.6,6.0,5.14,1.7,7.23,4.0,7.5,5.0,,9.67,6.5,7.65,7.8,,6.7,6.0,7.1,13.7,9.77,-0.46,6.0,7.8,7.09,11.2,,8.5,6.0,2.75,6.81,3.7,35,0.4782289612,0.6230436038
2023,19,Texas Tech,California,3.5,20,34,14,2.88,0.81,2.92,0.9,1.86,-0.39,2.73,1.0,1.49,-0.5,4.06,0.45,1.32,3.0,0.95,-3.68,-1.0,-4.4,4.12,-5.73,1.54,-1.1,,-0.4,0.81,2.93,2.1,3.18,3.0,3.0,-2.0,,6.84,0.6,-0.75,2.7,,0.4,3.0,0.2,-3.9,2.07,-0.44,4.0,0.6,0.78,3.2,,3.5,0.01,0.8,0.81,2.43,48,0.4369163654,0.5235867948
2023,19,Troy St.,Duke,7.0,-7,10,17,-0.44,5.05,-2.2,4.16,-2.38,-0.58,1.86,4.0,-0.83,7.0,-2.59,8.21,-0.18,3.28,1.65,4.67,8.0,5.6,1.86,6.51,8.3,0.21,,-0.7,0.21,-2.94,-0.61,-2.48,5.0,4.5,2.0,,-4.7,-0.7,-1.62,-2.1,,-0.9,6.0,6.8,1.6,9.87,0.12,-1.0,-0.3,-3.13,7.2,,7.5,4.5,10.91,-4.82,4.12,27,0.3721245146,0.5400713709
2023,19,Tulane,Virginia Tech,-10.5,-21,20,41,0.07,6.16,-0.7,5.26,-1.14,-5.1,-2.94,5.0,-3.84,8.0,-0.93,11.55,2.03,2.96,-0.98,-8.09,0.0,-6.9,1.23,-7.66,8.25,-3.01,,-2.0,-1.76,0.36,3.95,-1.76,-3.0,-4.5,-6.0,,2.73,-1.5,-5.06,0.3,,-3.3,-9.0,-9.6,-4.7,-4.95,0.86,-8.0,-0.7,-3.07,-3.4,,-7.5,3.5,-3.34,-3.55,4.83,61,0.7169267718,0.4764517371
2023,19,UNLV,Kansas,-10.5,-13,36,49,-12.62,-6.18,-13.8,-4.22,-9.44,-12.25,-15.28,-6.0,-10.86,-3.5,-11.19,-3.67,-10.14,-6.72,-11.44,-11.02,-3.0,-14.8,-10.89,-14.94,-3.65,-8.55,,-11.6,-11.19,-12.75,-12.29,-8.11,-16.0,-10.5,-16.0,,-17.85,-17.8,-11.15,-11.1,,-17.0,-10.5,-14.3,-18.1,-9.52,-1.2,-10.0,-18.7,-10.69,-11.7,,-12.5,-6.0,-17.41,-12.22,4.47,85,0.4772739422,0.2439474015
2023,19,USC,Louisville,-6.5,14,42,28,1.14,-4.61,1.74,-13.28,-0.49,-3.19,-0.66,-9.0,-2.55,-8.0,3.52,-5.72,2.61,-3.89,-1.66,-4.25,7.0,-3.4,1.85,-5.21,-3.6,-0.24,,-1.1,-1.1,-0.98,1.08,1.42,-3.0,-6.5,-1.0,,4.22,-3.2,0.82,0.6,,-2.8,-5.5,-3.5,5.4,15.42,-0.39,-1.0,-2.0,0.6,-2.9,,-8.0,3.0,-4.33,1.12,3.82,70,0.6165523904,0.4595088872
2023,19,Utah St.,Georgia St.,2.5,-23,22,45,1.39,-0.47,2.26,1.47,2.75,1.59,1.5,1.0,2.79,0.01,2.77,-2.23,-1.7,-0.1,0.81,0.51,1.0,1.9,1.34,2.1,-1.1,-0.6,,1.0,1.1,-0.23,-0.02,2.63,0.01,-2.5,2.0,,1.7,-2.9,0.2,1.1,,-1.4,2.5,4.3,1.9,-0.65,-0.1,2.0,-2.5,3.42,-3.1,,1.0,-0.5,0.61,4.26,1.79,67,0.4578746349,0.5202192665
2023,19,Washington,Texas,-4.0,6,37,31,-4.91,1.2,-5.56,-11.35,-3.16,-4.79,-8.63,-2.0,-5.55,0.01,-3.52,4.84,-6.67,-0.33,-4.0,-0.71,-5.0,-7.6,-4.9,-6.32,8.18,-2.0,,-1.8,-4.7,-3.29,-2.42,-6.58,-10.0,-5.0,-1.0,,-4.82,-3.8,-3.86,-5.8,,-4.7,-4.0,-9.4,-6.6,4.34,18.36,-8.0,-4.8,-3.83,-2.5,,-4.0,-1.0,-2.73,-6.7,4.05,68,0.5,0.4035487307
2023,19,West Va.,North Carolina,6.0,20,30,10,-1.46,-1.55,0.62,-5.28,-1.32,-0.93,-0.79,-4.0,-2.75,-1.5,-3.13,-0.91,1.87,-3.32,-1.6,0.92,-4.0,0.1,-3.0,3.94,-0.22,-1.73,,-2.5,-1.55,-0.22,-0.51,-3.79,0.01,1.5,1.0,,-7.77,-4.8,-1.75,-4.4,,-5.5,4.5,0.4,1.7,-1.02,-0.09,-2.0,-5.2,-2.15,-3.2,,6.5,-4.0,6.81,-2.3,2.64,40,0.318360486,0.4603987774
2023,19,Wyoming,Toledo,3.0,1,16,15,-1.64,-4.79,-0.84,-7.5,0.28,0.28,-0.99,-6.0,-3.49,-7.5,-1.33,-5.49,0.37,-2.71,-1.78,-1.09,-3.0,3.8,-5.46,3.28,-4.24,0.21,,-1.4,-1.1,-4.08,-2.72,-1.2,-1.0,-1.0,2.0,,-2.62,-0.8,1.99,-4.6,,-0.5,2.0,-4.1,-1.1,5.78,-0.8,1.0,0.1,0.53,-4.4,,3.0,-8.0,2.58,0.48,2.87,31,0.3835015995,0.4560712248
2023,20,Michigan,Washington,5.5,21,34,13,6.18,3.62,9.1,19.09,4.49,2.3,11.36,12.0,10.86,9.0,4.61,-0.28,13.17,4.18,7.72,8.3,-1.0,8.1,8.82,12.09,-0.25,4.72,,8.2,8.3,8.09,2.37,9.04,11.0,4.0,7.0,,10.03,9.7,7.29,10.0,,10.4,6.0,,2.0,4.73,-13.25,12.0,9.8,6.6,8.7,,4.5,2.5,3.0,6.78,4.22,47,0.5537556104,0.6808228022
